age,job,marital,education,default,balance,housing,loan,contact,campaign,pdays,previous,poutcome,y
35,6,2,2,0,538,1,1,0,1,195,9,0,0
33,0,2,2,0,867,1,0,0,1,-1,0,0,0
34,5,1,0,0,4499,0,0,0,1,-1,0,0,1
53,1,1,0,0,53,1,0,0,1,-1,0,0,0
27,1,1,1,0,4333,0,0,0,1,-1,0,0,1
42,4,0,2,0,0,0,0,0,2,-1,0,0,0
51,7,0,1,0,12,1,0,0,1,-1,0,0,0
30,4,1,2,0,1185,1,0,0,2,120,4,0,0
35,4,2,2,0,681,0,0,0,1,561,2,2,1
49,7,1,1,0,1114,0,0,0,1,-1,0,0,0
28,7,2,1,0,113,1,1,0,1,-1,0,0,0
33,0,1,1,0,48,1,0,0,5,294,3,0,0
54,1,1,0,0,551,1,0,0,1,263,2,0,0
31,7,1,1,0,407,1,0,0,3,-1,0,0,0
32,4,1,2,0,1388,0,0,0,6,-1,0,0,0
45,3,0,0,0,413,1,0,0,1,-1,0,0,0
24,1,2,1,0,27,1,0,0,1,338,2,0,0
35,9,1,1,0,-288,1,1,0,3,-1,0,0,0
48,9,1,1,0,547,0,0,0,1,176,2,0,0
59,9,0,1,0,797,1,0,0,2,165,2,0,0
37,0,0,1,0,0,1,1,0,1,-1,0,0,0
50,1,1,1,0,51,0,0,1,3,-1,0,0,0
66,5,1,1,0,203,0,0,0,1,195,1,2,1
47,3,1,0,0,823,0,0,0,3,-1,0,0,0
35,0,1,1,0,2374,1,0,0,1,14,7,2,0
31,4,2,2,0,-446,0,0,0,4,-1,0,0,0
34,4,2,2,0,1228,0,0,0,2,84,8,2,1
43,4,1,2,0,68,1,0,0,2,-1,0,0,0
49,4,0,2,0,1115,0,0,0,9,-1,0,0,0
35,4,0,2,0,321,1,0,0,1,-1,0,0,0
39,1,1,0,0,118,0,0,0,1,-1,0,0,1
58,4,1,2,0,1227,0,0,0,2,95,1,2,1
33,4,1,2,0,2744,1,0,1,1,-1,0,0,0
58,9,1,1,0,1191,0,0,0,2,-1,0,0,0
32,0,2,1,0,8626,0,0,0,1,196,2,0,0
53,1,1,0,0,10,1,0,0,1,-1,0,0,0
27,0,2,1,0,691,1,0,0,2,-1,0,0,0
58,6,1,2,0,0,0,0,0,28,-1,0,0,0
32,1,1,1,0,736,1,0,0,3,-1,0,0,0
36,7,1,1,0,-260,1,0,0,2,-1,0,0,0
39,4,2,2,0,137,1,0,0,9,-1,0,0,0
82,5,0,0,0,928,0,0,1,2,188,3,1,0
39,9,1,1,0,-295,1,0,0,1,-1,0,0,0
60,5,1,1,0,926,1,0,0,2,-1,0,0,0
41,9,1,1,0,2123,0,0,0,1,102,2,0,0
23,7,1,1,0,2673,1,0,0,2,-1,0,0,0
50,4,2,1,0,1277,0,0,0,1,-1,0,0,0
39,3,1,0,0,562,0,0,0,2,-1,0,0,0
36,1,1,1,0,13,0,0,0,1,-1,0,0,0
41,1,1,1,0,732,1,0,0,1,-1,0,0,0
53,0,1,1,0,459,0,0,0,6,192,1,2,0
28,0,1,1,0,423,1,0,0,1,-1,0,0,0
30,2,1,1,0,392,1,0,0,3,-1,0,0,0
39,4,1,2,0,55,0,0,0,4,-1,0,0,0
29,9,2,1,0,778,1,0,0,2,-1,0,0,0
35,9,2,2,0,275,1,0,0,3,254,5,0,0
26,6,2,1,0,166,1,0,0,2,-1,0,0,0
36,4,2,1,0,601,0,0,0,2,-1,0,0,0
35,1,1,0,0,3279,0,0,0,2,-1,0,0,0
40,4,1,2,0,229,1,0,0,3,-1,0,0,0
38,1,1,1,0,171,1,1,0,1,-1,0,0,0
26,0,1,2,0,2855,0,0,0,3,-1,0,0,0
32,7,2,2,0,-233,1,0,0,2,-1,0,0,0
53,4,1,2,0,193,0,0,0,2,-1,0,0,0
45,1,1,0,0,512,0,0,0,2,-1,0,0,0
45,0,1,1,0,520,1,0,0,1,-1,0,0,0
56,0,1,1,0,45,0,0,0,1,-1,0,0,1
33,1,1,0,0,28,0,1,0,2,-1,0,0,0
42,1,2,0,0,92,0,0,0,2,-1,0,0,0
45,3,1,1,0,360,0,0,0,1,-1,0,0,1
37,0,2,1,0,569,1,1,0,2,-1,0,0,0
28,0,2,1,0,1391,1,0,0,2,247,1,0,0
41,4,1,2,0,9935,0,0,1,1,-1,0,0,0
32,9,1,1,0,-413,1,0,0,2,-1,0,0,0
67,5,0,0,0,1746,0,0,0,1,-1,0,0,0
22,8,2,1,0,948,0,0,1,1,197,2,0,1
39,1,1,0,0,2003,1,0,0,2,-1,0,0,0
39,1,1,0,0,4,1,0,0,5,-1,0,0,0
62,5,1,1,0,2801,1,1,0,1,183,1,2,1
40,9,1,1,0,500,1,0,0,3,-1,0,0,0
34,0,2,2,0,64,1,0,0,2,-1,0,0,0
38,4,1,2,0,246,1,0,0,8,-1,0,0,0
34,1,2,1,0,381,1,0,0,1,-1,0,0,0
30,1,1,0,0,236,1,0,0,1,364,1,0,0
67,5,1,1,0,1443,0,0,0,1,-1,0,0,1
51,9,1,1,0,425,1,0,0,3,-1,0,0,0
31,7,1,1,0,418,1,1,0,1,-1,0,0,0
31,9,2,1,0,200,0,0,0,2,-1,0,0,0
37,9,1,1,0,2707,1,0,1,1,-1,0,0,0
33,1,2,2,0,700,0,0,0,1,88,1,2,1
41,4,1,2,0,2676,0,0,0,4,-1,0,0,0
37,0,1,1,0,0,1,0,0,3,-1,0,0,0
27,4,2,1,0,326,0,0,0,1,-1,0,0,1
36,7,1,1,0,184,1,0,0,3,-1,0,0,0
32,2,2,0,0,1770,0,1,0,2,188,6,0,0
56,4,0,2,0,66721,0,0,0,2,-1,0,0,0
33,9,1,2,0,40,1,0,0,3,-1,0,0,0
60,7,1,1,0,1446,0,0,0,6,-1,0,0,0
31,1,2,1,1,-575,1,0,0,9,-1,0,0,0
44,9,0,1,0,12,0,0,0,3,-1,0,0,0
29,6,1,2,1,0,1,1,0,3,-1,0,0,0
45,4,1,2,0,1034,0,1,0,4,-1,0,0,0
46,6,1,2,0,0,1,1,0,1,-1,0,0,0
30,1,1,1,0,717,1,0,0,1,-1,0,0,0
29,0,0,1,0,0,0,0,0,1,-1,0,0,0
44,9,1,1,0,1139,1,0,0,1,-1,0,0,0
55,4,1,2,0,36,0,1,0,3,-1,0,0,0
34,0,0,1,0,1268,1,0,0,3,-1,0,0,0
31,4,0,2,0,71,0,0,0,1,-1,0,0,1
54,7,1,1,1,0,1,0,0,3,-1,0,0,0
35,1,1,2,0,5271,1,0,0,2,-1,0,0,0
49,1,1,1,0,825,1,0,0,1,-1,0,0,0
35,4,2,2,0,-146,1,0,0,1,266,1,0,0
41,0,1,0,0,-306,1,0,0,1,-1,0,0,1
44,9,1,0,0,7800,1,0,0,1,-1,0,0,0
37,9,2,1,0,123,0,1,0,1,-1,0,0,0
42,9,1,1,0,420,1,0,0,1,-1,0,0,0
31,1,1,0,1,0,1,0,0,2,-1,0,0,0
41,4,1,2,0,36,0,0,0,3,-1,0,0,0
46,1,1,1,0,243,1,0,0,4,-1,0,0,0
35,6,1,2,0,7990,1,0,0,1,-1,0,0,0
35,1,2,1,0,1239,1,0,0,1,195,1,0,0
51,4,1,2,0,0,1,0,0,2,-1,0,0,0
26,0,1,1,0,3160,1,0,0,1,-1,0,0,0
29,4,1,2,0,0,1,0,0,2,-1,0,0,1
38,9,2,1,0,1255,1,0,0,2,171,2,0,0
56,5,1,1,0,1333,0,0,0,14,-1,0,0,0
42,4,0,2,0,0,0,0,0,1,-1,0,0,0
27,1,1,1,0,30,0,1,0,1,334,4,1,0
41,1,1,0,0,-571,1,1,0,4,-1,0,0,0
43,1,1,0,0,-418,1,1,0,2,-1,0,0,0
36,4,1,2,0,203,0,0,0,1,88,1,2,1
42,4,1,2,0,-700,1,0,0,1,-1,0,0,0
38,7,1,1,0,702,1,0,0,1,-1,0,0,0
45,1,1,1,0,2926,1,1,0,2,-1,0,0,0
48,4,1,1,0,0,1,0,0,1,344,1,1,0
40,6,1,2,0,642,0,0,0,3,-1,0,0,0
38,4,0,2,0,554,0,0,0,4,-1,0,0,0
33,9,2,1,0,-409,1,0,0,1,-1,0,0,0
43,4,1,2,0,1050,1,1,0,11,-1,0,0,0
35,0,1,1,0,5270,0,0,0,8,-1,0,0,0
41,4,1,1,0,3018,1,0,0,2,-1,0,0,0
34,4,1,2,0,-304,1,0,0,2,-1,0,0,0
31,4,2,2,0,9629,0,0,0,1,174,4,0,0
32,6,2,1,0,356,1,0,0,6,-1,0,0,0
21,8,2,1,0,99,1,0,0,1,-1,0,0,0
35,4,1,2,0,-468,1,0,0,8,-1,0,0,1
37,6,1,1,0,2260,1,0,0,3,-1,0,0,0
36,4,1,2,0,612,0,0,0,2,-1,0,0,0
49,1,1,1,0,0,0,1,1,2,-1,0,0,0
46,4,0,2,0,675,0,1,0,2,-1,0,0,0
41,1,1,1,0,2689,1,0,0,1,-1,0,0,1
54,4,1,2,0,14107,0,0,0,1,-1,0,0,0
50,4,1,1,0,0,0,0,0,2,-1,0,0,0
37,9,1,1,0,490,1,0,0,1,-1,0,0,0
27,0,2,1,0,18188,1,0,0,17,-1,0,0,1
25,7,2,1,0,642,1,1,0,2,-1,0,0,0
34,4,2,2,0,151,1,0,0,4,-1,0,0,0
39,9,0,1,0,0,1,1,0,1,-1,0,0,0
33,7,1,1,0,346,1,0,0,1,-1,0,0,0
38,1,1,0,0,8637,1,0,0,1,-1,0,0,0
36,6,1,2,0,2517,0,0,0,2,-1,0,0,0
34,0,1,1,0,1158,1,0,0,7,-1,0,0,0
60,5,1,0,0,957,0,0,0,2,-1,0,0,0
46,4,1,1,0,1363,1,1,0,4,-1,0,0,0
45,1,1,0,0,103,0,0,0,3,-1,0,0,0
30,4,2,2,0,1108,1,1,0,1,-1,0,0,0
44,1,2,1,0,4330,0,0,0,9,-1,0,0,0
33,1,1,0,0,289,1,0,0,1,363,4,0,0
35,1,1,0,0,0,0,1,0,2,-1,0,0,0
41,0,0,1,0,8,0,0,0,1,-1,0,0,0
57,5,1,1,0,919,1,1,0,2,-1,0,0,0
30,7,1,1,0,675,1,0,0,1,-1,0,0,0
47,1,0,1,1,0,0,1,0,3,-1,0,0,0
30,1,2,1,0,3,1,0,0,1,-1,0,0,0
24,0,2,2,0,0,1,0,0,2,-1,0,0,1
50,2,2,2,0,0,1,0,0,1,-1,0,0,0
33,4,1,2,0,1412,0,0,0,2,-1,0,0,0
57,5,1,1,0,3382,0,1,1,2,-1,0,0,0
30,7,1,1,0,-111,1,0,0,1,-1,0,0,0
47,4,1,1,0,12245,0,0,0,3,-1,0,0,0
31,1,2,2,0,60,1,1,0,1,-1,0,0,0
32,3,1,2,0,10,1,0,0,2,-1,0,0,0
31,4,1,2,0,3739,0,0,0,3,-1,0,0,0
33,1,2,1,0,109,1,1,0,3,-1,0,0,0
49,1,1,0,0,1119,1,0,0,1,-1,0,0,0
39,1,1,0,0,1506,1,0,0,2,-1,0,0,0
56,4,1,1,0,4623,0,0,0,1,-1,0,0,1
30,2,1,2,0,-130,1,1,0,2,-1,0,0,0
43,9,1,1,0,373,0,0,1,1,-1,0,0,0
32,1,1,1,0,4,1,1,0,1,-1,0,0,0
39,4,1,1,0,4800,0,0,0,3,-1,0,0,0
33,4,1,1,0,3132,1,0,0,5,-1,0,0,0
37,7,1,1,0,0,1,1,0,2,-1,0,0,0
48,7,1,1,0,124,0,1,0,1,-1,0,0,0
51,9,1,1,0,856,0,0,0,2,-1,0,0,0
27,1,1,1,0,197,0,0,1,1,-1,0,0,0
32,9,1,1,0,473,0,1,0,1,95,3,2,1
53,3,1,0,0,1869,0,0,0,4,-1,0,0,0
59,0,0,1,0,1525,0,0,1,2,-1,0,0,0
49,2,2,1,0,5802,0,0,0,3,104,2,2,0
30,4,2,2,0,499,1,0,0,1,281,3,0,0
47,0,1,1,0,1808,0,1,0,1,-1,0,0,0
40,1,1,1,0,1313,0,0,0,1,-1,0,0,0
67,5,1,1,0,714,0,0,0,1,-1,0,0,0
41,9,1,1,0,130,0,0,0,3,-1,0,0,0
25,7,2,1,0,-107,1,0,0,1,-1,0,0,0
56,7,1,1,0,2658,1,0,0,1,-1,0,0,0
34,1,1,0,0,363,1,0,0,5,-1,0,0,0
32,1,1,1,0,333,1,0,0,2,-1,0,0,1
32,1,1,1,0,0,1,1,0,3,-1,0,0,0
58,9,1,1,0,592,0,0,0,1,-1,0,0,0
38,4,0,2,0,-199,1,0,0,3,-1,0,0,0
29,2,2,2,0,303,1,0,0,4,-1,0,0,0
34,0,1,1,0,1191,1,0,0,2,-1,0,0,0
33,9,0,1,0,1279,1,0,0,1,206,7,1,0
47,9,1,0,0,1375,1,1,0,2,-1,0,0,0
33,1,0,0,0,176,1,0,0,1,-1,0,0,0
52,10,1,0,0,255,0,1,0,3,-1,0,0,0
43,4,2,2,0,146,0,0,0,1,113,5,1,0
42,9,1,2,0,921,0,0,0,3,-1,0,0,1
57,3,0,0,0,7451,0,0,0,4,-1,0,0,0
32,10,1,1,0,365,1,0,0,3,-1,0,0,0
30,0,2,1,0,4448,0,0,0,8,-1,0,0,1
43,0,2,1,0,375,0,1,0,2,199,4,0,0
48,4,0,2,0,249,0,0,0,6,-1,0,0,0
55,4,0,2,0,2037,0,0,0,2,94,3,2,1
29,0,0,1,0,891,0,0,0,1,-1,0,0,0
33,4,1,2,0,437,1,0,0,1,-1,0,0,0
36,4,1,2,0,1113,0,0,0,1,-1,0,0,1
39,1,1,1,0,483,1,0,0,1,-1,0,0,0
34,7,1,1,0,0,1,0,1,4,-1,0,0,0
31,4,1,2,0,526,0,0,0,13,-1,0,0,0
43,7,2,2,0,553,0,0,0,1,-1,0,0,0
83,5,1,2,0,6236,0,0,0,2,-1,0,0,0
47,9,1,1,0,-401,1,0,0,1,-1,0,0,0
41,1,2,1,0,277,1,0,0,4,-1,0,0,0
37,2,1,1,0,3,0,0,0,1,-1,0,0,0
45,4,1,2,0,7154,1,0,0,3,-1,0,0,0
57,4,1,2,0,0,0,1,0,2,197,2,1,0
31,4,2,2,0,518,1,0,0,1,-1,0,0,0
32,4,2,2,0,2983,1,0,0,1,102,1,0,0
24,9,1,1,0,556,1,0,0,1,94,4,2,1
36,10,1,1,1,-318,1,0,0,2,-1,0,0,0
44,0,1,1,0,1362,1,0,0,1,-1,0,0,0
43,1,1,0,0,17,1,0,0,10,-1,0,0,0
55,9,2,1,0,3339,1,0,0,1,-1,0,0,0
34,4,0,2,0,13204,1,1,0,2,-1,0,0,0
48,1,1,1,0,893,0,0,0,2,-1,0,0,0
39,0,1,1,0,0,1,0,0,1,-1,0,0,0
31,9,0,1,0,646,1,0,0,3,-1,0,0,0
29,4,1,2,0,266,1,0,0,2,-1,0,0,0
44,1,1,0,0,3113,0,0,0,2,-1,0,0,0
30,9,2,1,0,3,0,0,0,6,-1,0,0,0
25,1,2,1,0,0,1,0,0,2,-1,0,0,0
34,9,0,1,0,592,1,0,0,3,-1,0,0,0
43,4,1,2,0,703,1,0,0,1,-1,0,0,0
60,0,1,1,0,12980,0,0,0,2,182,1,2,0
71,5,1,0,0,3230,0,0,0,2,133,3,0,1
31,10,1,1,0,6,0,0,0,4,-1,0,0,1
57,0,1,1,0,100,0,0,0,16,-1,0,0,0
46,0,1,1,0,38,1,1,0,1,-1,0,0,0
52,2,1,1,0,1306,0,0,0,1,-1,0,0,1
59,5,1,2,0,1425,0,0,0,2,102,1,2,0
30,4,1,2,0,1825,1,0,0,1,-1,0,0,0
52,4,1,2,0,2901,0,0,0,2,-1,0,0,0
29,1,1,1,0,-28,1,0,0,1,-1,0,0,0
35,1,1,0,0,2205,1,0,0,3,-1,0,0,0
61,0,1,1,0,1088,1,0,0,1,359,1,0,0
32,4,1,2,0,92,0,0,0,1,-1,0,0,0
40,2,1,0,0,324,1,0,0,6,-1,0,0,0
52,0,2,1,0,2332,0,0,0,2,-1,0,0,0
56,3,2,0,0,801,0,0,0,4,-1,0,0,0
39,1,1,0,0,3324,0,0,0,1,-1,0,0,0
27,8,2,1,0,298,1,0,0,1,-1,0,0,0
35,2,1,1,0,313,1,0,0,1,-1,0,0,0
50,6,0,2,0,1390,0,0,0,2,-1,0,0,0
49,9,1,2,0,1843,1,0,0,1,-1,0,0,0
53,6,1,2,0,3711,0,0,0,1,-1,0,0,0
43,4,1,2,0,676,0,0,0,4,-1,0,0,0
37,0,0,1,0,796,0,0,0,1,-1,0,0,0
47,7,2,1,0,591,0,0,0,1,-1,0,0,0
39,3,1,2,0,2990,0,0,1,4,-1,0,0,0
39,1,1,0,0,558,1,0,0,1,531,3,0,0
24,4,1,1,0,448,0,0,0,1,-1,0,0,1
52,5,1,0,0,9,0,0,0,1,-1,0,0,0
30,4,1,2,0,134,1,0,0,1,-1,0,0,0
28,6,2,2,0,3290,0,0,0,2,-1,0,0,1
28,7,1,1,0,4,1,0,0,5,-1,0,0,0
33,1,1,0,0,1309,1,0,0,1,-1,0,0,0
20,8,2,1,0,130,0,0,1,1,99,3,0,0
39,1,1,1,0,1044,1,0,0,1,-1,0,0,0
50,4,0,2,0,151,0,0,0,4,-1,0,0,0
27,7,2,2,0,128,0,0,0,1,-1,0,0,0
77,5,1,0,0,680,0,0,1,4,94,3,0,0
25,0,2,1,0,787,1,0,0,1,-1,0,0,0
26,1,1,1,0,1101,0,0,1,1,-1,0,0,0
59,7,1,1,0,2965,1,0,0,3,-1,0,0,1
54,1,1,0,0,950,1,0,0,2,-1,0,0,0
40,3,1,2,0,795,1,0,0,3,-1,0,0,0
37,1,2,0,0,914,0,0,0,1,-1,0,0,0
55,6,1,1,0,198,0,0,0,6,-1,0,0,0
55,1,1,1,0,34,1,1,0,3,-1,0,0,0
54,6,1,1,0,153,1,0,0,1,-1,0,0,0
49,1,1,0,0,2316,0,0,1,4,-1,0,0,0
28,1,1,1,0,339,1,0,0,2,-1,0,0,0
44,9,1,1,0,266,1,0,0,1,-1,0,0,0
37,1,1,0,0,61,1,0,0,3,-1,0,0,0
34,4,1,2,0,1433,0,0,0,3,104,3,0,0
58,0,1,1,0,528,0,0,0,3,-1,0,0,0
56,0,1,1,0,550,1,0,0,2,-1,0,0,0
46,1,1,0,0,2427,0,0,0,1,-1,0,0,0
45,9,1,1,0,1686,0,0,0,1,-1,0,0,0
31,1,2,1,0,2093,0,0,0,1,-1,0,0,0
53,3,1,1,0,559,1,0,1,1,-1,0,0,0
57,9,1,1,0,93,0,0,0,2,-1,0,0,0
54,5,1,1,0,24,1,0,0,1,-1,0,0,0
31,9,2,2,0,1881,0,0,0,1,-1,0,0,0
30,4,2,2,0,5359,0,0,0,1,191,3,2,1
40,1,1,1,0,6536,0,0,0,1,-1,0,0,0
43,9,1,2,0,2331,1,0,0,4,-1,0,0,0
38,7,0,1,0,710,1,0,0,2,-1,0,0,0
61,0,0,2,0,89,0,0,0,2,95,2,1,0
25,8,2,1,0,679,0,0,0,5,94,6,1,1
42,1,2,0,0,4930,0,0,0,1,-1,0,0,1
34,4,2,2,0,4348,1,0,0,8,-1,0,0,0
30,1,1,0,0,-68,1,0,0,2,-1,0,0,0
45,9,1,1,0,88,0,0,0,2,-1,0,0,0
51,1,1,1,0,700,0,0,0,4,-1,0,0,0
37,7,2,1,0,23,1,0,0,1,182,1,0,0
47,10,1,0,0,2290,1,0,0,1,-1,0,0,0
36,1,1,1,0,-406,1,1,0,3,-1,0,0,0
44,1,1,0,0,887,1,0,0,2,363,1,0,0
50,4,2,2,0,0,0,0,0,4,-1,0,0,0
48,1,1,1,0,1,0,0,0,3,-1,0,0,0
39,9,1,2,0,108,0,0,0,3,28,2,1,0
30,1,2,1,0,0,1,0,1,5,-1,0,0,0
46,0,2,1,0,2273,0,0,0,3,-1,0,0,0
34,4,0,2,0,582,0,0,0,3,-1,0,0,0
27,8,2,1,0,760,0,0,0,2,-1,0,0,0
44,9,0,1,0,0,1,0,0,2,-1,0,0,0
28,1,1,0,0,702,1,0,0,2,-1,0,0,0
41,1,1,0,0,143,1,1,0,2,-1,0,0,1
37,1,2,1,0,88,1,0,0,2,-1,0,0,0
44,1,0,1,0,-239,1,0,0,3,-1,0,0,0
29,9,2,1,0,309,1,0,0,1,-1,0,0,0
42,4,1,0,0,0,0,0,0,1,-1,0,0,0
24,0,2,2,0,454,1,0,0,1,-1,0,0,0
37,4,1,2,0,0,0,0,0,2,182,3,2,1
35,0,2,1,0,0,1,0,0,1,-1,0,0,1
57,4,1,0,0,6900,0,0,0,4,185,2,0,1
39,7,1,0,0,0,0,0,0,2,282,3,0,0
42,0,2,1,0,1451,1,0,0,4,-1,0,0,1
34,6,2,1,0,1261,1,0,0,2,-1,0,0,0
46,1,1,0,0,557,0,0,0,1,-1,0,0,0
35,1,1,0,0,2730,1,0,0,1,-1,0,0,0
44,1,1,0,0,0,0,0,0,5,-1,0,0,0
57,4,1,2,0,4929,1,0,1,4,-1,0,0,0
32,1,2,0,0,12198,1,0,0,1,-1,0,0,1
56,2,0,1,0,155,0,0,0,3,-1,0,0,0
37,4,1,2,0,1276,0,0,0,2,-1,0,0,1
30,4,2,2,0,536,0,0,0,1,105,1,2,1
43,1,1,0,0,3917,0,0,0,2,93,1,2,1
38,0,1,1,0,137,1,0,0,22,-1,0,0,0
49,6,1,2,0,1791,0,0,0,1,-1,0,0,0
41,3,2,1,0,2184,0,0,0,2,-1,0,0,0
52,4,0,0,0,92,0,1,0,7,-1,0,0,0
49,4,1,2,0,1304,1,0,0,1,-1,0,0,0
34,4,2,1,0,859,0,0,0,1,-1,0,0,1
59,4,1,0,0,0,1,0,1,3,-1,0,0,0
32,1,0,1,0,91,1,0,0,2,351,12,1,0
30,9,2,1,0,0,1,0,0,1,-1,0,0,0
45,0,1,1,0,2556,0,0,1,2,-1,0,0,0
29,0,2,1,0,3986,1,0,0,2,-1,0,0,0
27,9,0,1,0,162,1,0,0,1,-1,0,0,0
27,0,2,1,0,295,1,0,0,13,-1,0,0,0
32,0,1,1,0,3540,1,0,0,1,178,1,0,0
37,4,2,2,0,815,1,0,0,1,-1,0,0,0
37,4,2,1,0,715,1,0,0,2,-1,0,0,0
57,1,0,0,0,3111,0,0,0,6,-1,0,0,0
37,10,1,1,0,1038,0,0,0,3,-1,0,0,0
25,1,2,1,0,84,1,0,0,2,-1,0,0,0
31,4,0,2,0,883,1,0,0,2,106,1,0,1
26,10,2,1,0,461,0,0,0,1,-1,0,0,0
43,2,2,2,0,0,1,0,0,3,-1,0,0,0
31,9,1,1,0,367,1,0,0,3,-1,0,0,0
30,9,2,1,0,2371,0,0,0,1,384,2,1,1
34,4,1,2,0,5878,0,0,0,7,98,3,2,0
64,3,1,1,0,2645,0,0,1,2,-1,0,0,1
41,4,1,1,0,6,0,0,0,1,-1,0,0,0
48,9,1,1,0,164,0,0,0,4,-1,0,0,0
35,0,0,1,0,869,1,0,0,1,-1,0,0,0
40,1,1,0,0,533,1,0,0,4,-1,0,0,0
32,9,1,1,0,150,0,1,0,2,-1,0,0,0
30,3,2,2,0,3362,0,0,0,2,-1,0,0,0
35,1,1,0,0,623,1,0,0,2,-1,0,0,0
51,2,1,2,0,36935,1,0,0,1,-1,0,0,0
50,9,2,1,0,1811,0,0,0,4,-1,0,0,0
21,8,2,0,0,8278,0,0,0,1,-1,0,0,1
30,0,2,1,0,255,0,0,0,1,-1,0,0,1
54,9,2,2,0,1433,1,1,0,20,-1,0,0,0
51,9,1,2,0,87,0,0,0,7,-1,0,0,0
50,1,1,0,0,0,0,0,0,2,191,2,0,0
26,6,2,2,0,-101,0,1,0,1,-1,0,0,0
32,0,2,1,0,642,1,0,0,2,-1,0,0,0
32,9,2,2,0,5204,0,0,0,2,-1,0,0,0
37,1,1,1,0,121,1,0,0,2,-1,0,0,0
35,4,2,2,0,219,0,0,0,6,-1,0,0,0
37,9,2,2,0,178,1,0,0,1,-1,0,0,0
56,4,1,1,0,4623,0,0,0,1,192,1,2,1
46,7,1,1,0,2381,1,0,1,3,363,1,1,0
44,9,1,1,0,8938,1,0,0,18,-1,0,0,0
33,4,0,2,0,802,0,0,0,1,-1,0,0,0
26,7,1,1,0,864,1,1,0,1,-1,0,0,0
35,7,0,1,0,-269,1,0,0,2,-1,0,0,0
31,4,2,1,0,1090,1,0,0,1,303,1,0,0
57,4,1,2,0,-92,1,1,0,1,-1,0,0,1
42,7,2,1,0,838,1,0,0,2,-1,0,0,0
39,1,2,1,0,4619,0,0,0,1,-1,0,0,0
36,0,2,1,0,686,1,0,0,2,-1,0,0,0
35,9,0,1,0,84,1,1,0,1,-1,0,0,1
26,7,1,1,1,27,1,0,1,3,-1,0,0,0
52,4,1,2,0,1944,1,0,0,3,323,2,0,0
54,4,1,2,0,0,0,0,0,7,-1,0,0,0
34,2,1,2,0,105,1,0,0,2,-1,0,0,0
41,4,0,2,0,3426,0,0,0,2,297,3,0,1
40,2,1,2,0,3585,0,0,0,3,-1,0,0,1
55,7,0,1,0,935,0,0,0,2,-1,0,0,0
37,4,1,1,0,247,0,0,0,1,-1,0,0,0
55,7,1,1,0,557,0,0,0,1,-1,0,0,0
51,2,1,2,0,209,0,0,0,2,-1,0,0,0
33,4,2,2,0,5437,0,0,0,1,98,2,2,0
63,5,1,1,0,2747,0,0,0,1,-1,0,0,0
51,7,1,0,0,10150,1,0,0,5,-1,0,0,0
36,7,2,1,0,9231,0,0,0,3,-1,0,0,0
28,10,1,1,0,863,1,1,0,1,-1,0,0,0
28,8,2,1,0,293,0,0,0,3,-1,0,0,0
40,9,2,1,0,556,1,0,0,1,323,1,0,0
23,0,2,2,0,0,0,0,0,2,-1,0,0,0
34,0,1,1,0,3185,1,0,0,1,191,1,0,0
35,9,1,1,0,0,0,0,0,2,-1,0,0,0
45,9,1,1,0,1938,0,0,0,1,-1,0,0,0
52,1,1,0,0,17,1,0,0,2,-1,0,0,0
32,0,2,1,0,131,1,0,0,1,183,2,2,1
51,4,0,2,0,323,1,0,0,9,-1,0,0,0
59,1,1,0,0,-91,1,0,0,1,369,5,0,0
31,1,1,0,0,-537,1,1,0,7,-1,0,0,1
39,1,1,1,0,661,1,0,0,4,-1,0,0,0
47,1,1,1,0,3630,1,0,0,4,-1,0,0,0
36,9,1,1,0,287,0,0,0,6,-1,0,0,0
32,6,1,2,0,1464,0,0,1,2,-1,0,0,0
37,4,2,1,0,1572,0,0,0,3,-1,0,0,0
33,0,1,1,0,2,1,1,0,12,-1,0,0,0
50,9,1,1,0,-70,0,0,0,2,-1,0,0,0
34,7,1,1,0,-211,1,0,0,8,-1,0,0,0
31,9,0,2,0,75,0,0,0,9,-1,0,0,0
33,4,2,2,0,3406,1,0,0,1,-1,0,0,0
51,9,1,1,0,13089,0,0,0,1,-1,0,0,0
35,7,2,1,0,-639,1,1,0,1,-1,0,0,0
30,7,2,1,0,12,0,1,0,31,-1,0,0,0
32,6,1,2,0,210,1,0,0,1,-1,0,0,0
39,9,1,1,0,564,0,0,0,4,-1,0,0,0
28,0,2,1,0,2831,1,0,0,3,-1,0,0,0
57,9,1,1,0,3284,1,0,0,1,-1,0,0,0
37,0,1,1,0,176,1,0,0,2,347,1,0,0
42,4,1,2,0,2110,0,1,0,1,110,2,0,0
34,4,1,2,0,0,0,0,0,2,-1,0,0,0
35,1,1,1,0,-281,1,0,0,15,-1,0,0,0
34,9,2,1,0,559,0,0,0,2,-1,0,0,0
43,2,1,1,0,860,1,1,0,5,-1,0,0,0
37,10,0,1,0,57,1,0,0,1,-1,0,0,0
39,2,0,2,0,208,1,0,0,1,240,2,0,0
33,4,1,2,0,17946,1,0,0,1,-1,0,0,0
32,9,1,1,0,0,0,0,0,3,-1,0,0,0
59,3,1,0,0,153,0,0,0,3,-1,0,0,0
46,7,0,1,0,348,1,0,0,1,-1,0,0,0
36,4,1,2,0,0,0,0,0,11,-1,0,0,0
44,7,0,1,0,-389,1,1,0,1,-1,0,0,0
41,7,0,2,0,1583,1,0,0,1,-1,0,0,1
58,3,1,0,0,258,0,0,0,1,-1,0,0,0
28,0,2,1,0,3,0,0,0,2,-1,0,0,0
66,5,1,1,0,2048,0,0,0,1,-1,0,0,1
50,3,1,0,0,1098,0,0,0,3,-1,0,0,0
25,8,2,1,0,304,0,0,0,2,-1,0,0,1
39,4,2,1,0,835,1,0,0,4,-1,0,0,0
59,4,1,2,0,1889,0,0,0,1,-1,0,0,0
35,7,2,1,0,-437,1,0,0,5,-1,0,0,0
29,2,1,1,0,714,1,1,0,2,-1,0,0,1
31,10,2,0,0,0,1,0,0,18,-1,0,0,0
33,9,2,2,0,81,0,0,0,1,-1,0,0,0
31,4,2,2,0,1017,0,0,0,1,-1,0,0,0
49,7,1,1,0,2416,1,0,0,1,-1,0,0,1
76,4,1,1,0,1780,1,0,1,3,-1,0,0,1
45,4,1,2,0,474,1,1,0,4,264,4,0,0
39,1,1,0,0,2288,1,0,0,1,-1,0,0,0
53,0,1,1,0,673,0,1,1,2,-1,0,0,0
39,7,0,1,0,2140,1,0,0,1,-1,0,0,0
31,9,1,2,0,1570,1,0,0,4,286,1,0,1
33,9,2,1,0,234,0,0,0,1,370,2,0,0
35,0,1,0,0,1994,0,0,0,1,-1,0,0,0
34,4,1,2,0,468,0,0,0,2,-1,0,0,0
36,10,1,1,0,-872,1,1,0,1,183,1,0,0
33,9,2,1,0,374,1,1,0,1,-1,0,0,0
39,4,1,2,0,1572,0,0,0,4,-1,0,0,0
28,2,1,1,0,422,1,0,0,2,-1,0,0,0
21,1,2,1,1,-59,1,1,0,1,-1,0,0,0
49,9,2,1,0,-97,1,0,0,2,-1,0,0,0
34,2,2,2,0,2856,1,0,0,2,-1,0,0,0
43,4,1,2,0,182,0,0,0,1,-1,0,0,0
35,4,1,1,0,4135,1,0,0,4,-1,0,0,0
46,7,0,1,0,864,1,0,0,3,150,7,0,0
39,0,1,1,0,217,1,0,0,1,308,4,0,0
52,1,1,1,0,0,1,0,0,1,-1,0,0,1
33,2,0,2,0,37,0,1,0,1,-1,0,0,1
39,10,0,1,0,265,1,0,0,1,555,2,1,1
52,9,1,1,0,386,0,0,0,1,-1,0,0,1
56,4,1,2,0,-6,0,0,1,16,-1,0,0,0
46,9,1,1,0,3914,1,0,0,1,-1,0,0,0
29,6,1,2,0,1,0,0,0,3,-1,0,0,0
33,1,2,1,0,855,0,0,0,5,-1,0,0,0
33,9,2,1,0,920,1,0,0,4,-1,0,0,0
40,9,1,1,0,265,0,0,0,4,-1,0,0,0
38,0,1,1,0,271,0,0,0,3,-1,0,0,0
26,4,2,2,0,3178,0,0,0,1,-1,0,0,0
77,5,1,1,0,638,0,0,0,1,188,1,2,1
54,1,2,1,0,105,1,0,0,1,326,3,0,0
66,5,2,2,0,0,0,0,0,1,92,2,0,0
44,4,1,1,0,-665,0,0,0,3,-1,0,0,0
22,7,2,1,0,652,0,0,1,1,-1,0,0,0
31,10,1,1,0,375,1,0,0,1,-1,0,0,0
24,4,1,1,0,2278,1,0,0,4,-1,0,0,0
47,4,1,0,0,2793,1,0,1,4,-1,0,0,0
53,9,0,0,0,7290,1,0,0,1,-1,0,0,0
42,3,1,0,0,83,0,1,0,1,-1,0,0,0
49,4,1,2,0,1311,1,0,0,1,-1,0,0,1
45,1,1,0,0,193,1,1,0,2,-1,0,0,0
39,4,1,1,0,18,1,0,0,1,-1,0,0,0
29,0,1,1,0,301,1,0,0,5,-1,0,0,0
32,4,2,2,0,2667,1,0,0,2,-1,0,0,1
25,4,2,2,0,2506,0,0,0,1,-1,0,0,1
31,10,2,1,0,315,0,0,0,1,2,1,1,0
31,8,2,2,0,117,1,0,1,1,-1,0,0,0
30,1,1,1,0,0,1,1,0,1,-1,0,0,1
33,4,1,2,0,2750,0,0,0,1,-1,0,0,0
51,4,0,2,0,492,0,1,0,7,-1,0,0,0
34,4,2,2,0,1612,0,0,0,22,-1,0,0,0
39,2,1,2,0,83,1,0,0,2,-1,0,0,0
36,4,1,2,0,-196,1,1,0,1,-1,0,0,0
44,4,1,1,0,3286,1,0,0,1,-1,0,0,0
26,8,1,2,0,8750,0,0,0,2,-1,0,0,0
37,9,1,1,0,1142,1,0,0,2,-1,0,0,0
40,0,1,1,0,-666,1,0,0,2,-1,0,0,0
36,0,2,2,0,635,0,0,0,1,-1,0,0,0
33,0,2,1,0,289,0,0,0,3,6,13,1,0
49,0,1,1,0,2254,0,0,0,1,-1,0,0,0
44,1,2,1,0,-215,1,0,0,2,-1,0,0,0
29,1,1,1,0,1661,1,0,0,2,-1,0,0,0
32,8,2,1,0,14,0,0,0,3,136,1,1,0
76,5,1,0,0,163,0,0,1,1,-1,0,0,0
52,0,0,1,0,121,1,0,0,2,-1,0,0,0
48,4,1,0,0,606,0,0,0,6,-1,0,0,0
48,4,1,0,0,427,0,0,0,1,-1,0,0,0
39,1,2,2,0,48,0,0,0,1,-1,0,0,1
33,1,1,1,0,0,1,1,0,5,-1,0,0,0
54,1,0,0,0,190,1,0,0,2,-1,0,0,0
46,0,1,1,0,939,0,0,0,2,8,1,1,0
59,0,1,1,0,1675,0,1,0,2,-1,0,0,0
60,10,1,1,0,1047,0,0,0,3,279,4,2,1
37,1,1,1,0,298,1,0,0,6,-1,0,0,0
35,2,2,2,0,145,1,0,0,2,-1,0,0,1
63,5,1,1,0,1849,0,0,0,2,-1,0,0,0
33,0,1,1,0,1737,0,0,0,2,106,2,0,0
30,9,2,2,0,-522,1,0,0,1,-1,0,0,0
31,4,2,2,0,12607,0,0,0,1,-1,0,0,0
24,0,1,1,0,541,1,0,0,4,-1,0,0,0
30,4,1,2,0,7,1,0,0,1,164,4,1,1
23,7,2,1,0,496,1,0,0,2,-1,0,0,0
36,4,0,2,0,36,1,0,0,1,261,6,0,0
32,1,2,1,0,338,1,0,0,3,-1,0,0,0
32,1,1,1,0,356,1,0,0,3,-1,0,0,0
41,9,1,2,0,515,0,0,0,2,-1,0,0,1
45,0,1,1,0,-183,1,0,0,3,-1,0,0,0
37,7,1,1,0,381,1,0,0,2,-1,0,0,0
41,2,1,2,0,1065,1,1,0,1,-1,0,0,0
36,0,1,1,0,542,1,0,0,6,-1,0,0,0
44,2,1,1,0,168,0,0,0,2,-1,0,0,0
42,9,1,1,0,297,0,0,0,1,-1,0,0,0
56,5,0,1,0,-82,0,1,0,6,-1,0,0,0
43,4,1,2,0,-127,0,0,0,2,-1,0,0,0
32,4,1,1,0,0,0,0,0,4,-1,0,0,0
38,8,2,2,0,1523,1,0,0,16,-1,0,0,0
33,1,1,1,0,1134,1,0,0,2,-1,0,0,0
47,6,0,1,0,218,1,0,0,7,-1,0,0,0
34,9,1,1,0,256,1,0,0,2,267,1,0,0
46,0,0,1,0,2196,0,0,0,5,-1,0,0,1
42,10,1,2,0,576,0,0,0,1,-1,0,0,1
59,5,1,1,0,1250,0,1,1,2,-1,0,0,0
41,1,1,1,0,0,1,0,0,2,-1,0,0,0
42,0,2,1,0,1601,0,0,0,2,-1,0,0,0
34,1,1,1,0,199,1,0,0,3,-1,0,0,0
26,9,2,1,0,507,0,0,0,1,-1,0,0,1
33,4,1,2,0,3669,1,0,0,1,-1,0,0,0
30,1,1,1,0,5,0,0,0,3,-1,0,0,1
51,9,0,1,1,-113,0,1,0,4,-1,0,0,0
44,7,0,1,0,2586,1,0,0,1,-1,0,0,0
33,9,1,2,0,463,0,0,0,7,-1,0,0,0
48,7,1,1,0,1291,1,0,0,2,-1,0,0,0
79,5,1,0,0,3025,0,0,0,3,126,3,1,1
52,1,1,1,0,262,0,0,0,4,-1,0,0,0
31,0,2,1,1,-429,0,1,0,3,-1,0,0,0
31,0,0,1,0,2980,0,0,0,4,292,2,1,0
31,6,2,2,0,2589,0,0,0,1,-1,0,0,1
39,9,2,1,0,-529,1,0,0,8,175,5,0,0
30,0,2,2,0,739,1,0,0,1,-1,0,0,0
47,4,1,2,0,260,0,1,0,2,-1,0,0,0
43,4,1,2,0,422,0,0,0,1,-1,0,0,0
61,4,1,2,0,6016,0,0,0,1,275,3,2,0
48,1,1,0,0,-83,0,0,0,3,-1,0,0,0
35,7,0,1,0,532,1,0,0,1,-1,0,0,0
36,3,1,0,0,758,0,0,0,2,-1,0,0,0
30,0,0,0,0,1032,1,0,0,5,-1,0,0,0
51,4,1,2,0,94,1,0,0,3,-1,0,0,0
28,10,1,2,0,264,1,0,0,2,-1,0,0,0
36,7,1,1,0,11650,1,0,1,1,-1,0,0,1
29,9,2,1,0,156,1,0,0,5,-1,0,0,0
52,1,1,1,0,409,0,0,0,2,-1,0,0,0
59,5,2,1,0,1150,0,0,0,1,-1,0,0,0
29,1,1,1,0,125,1,0,0,1,-1,0,0,0
31,1,2,0,0,216,1,0,0,1,-1,0,0,1
31,0,1,1,0,4457,1,0,0,1,146,4,2,0
35,1,2,1,0,219,1,1,0,1,-1,0,0,0
35,4,1,2,0,0,0,0,0,5,-1,0,0,0
44,7,1,1,0,237,1,0,0,2,-1,0,0,0
32,4,1,2,0,1969,0,0,0,8,-1,0,0,0
46,9,1,2,0,157,0,0,0,1,-1,0,0,0
52,2,1,0,0,2138,0,0,0,1,-1,0,0,0
31,9,2,2,0,985,1,0,0,1,57,2,0,1
26,8,2,1,0,502,1,0,1,1,-1,0,0,0
56,5,1,2,0,811,0,0,0,19,-1,0,0,0
41,7,0,1,0,654,1,0,0,2,-1,0,0,0
59,6,1,2,0,0,1,0,0,1,-1,0,0,0
31,1,1,1,0,2,1,0,0,2,-1,0,0,1
57,0,2,1,0,5768,1,0,0,1,-1,0,0,1
51,1,1,0,0,1194,1,0,0,1,186,3,0,0
41,1,1,1,0,211,1,0,1,3,368,4,0,0
48,2,1,2,0,461,0,1,0,1,-1,0,0,0
37,4,1,2,0,7785,1,0,0,2,-1,0,0,0
57,9,1,1,0,9689,1,0,0,1,-1,0,0,0
34,10,2,2,0,906,1,0,0,3,-1,0,0,0
52,9,1,1,0,0,0,0,0,4,-1,0,0,0
42,2,0,2,1,2,1,0,0,1,-1,0,0,0
44,4,1,1,0,1138,1,0,0,2,-1,0,0,0
41,0,1,1,0,3279,1,0,0,1,-1,0,0,0
32,1,1,0,0,2198,0,0,0,1,175,4,0,0
30,1,2,1,0,-177,1,0,0,1,345,2,1,0
31,4,1,2,0,50,0,0,0,5,-1,0,0,0
33,9,2,1,0,555,0,0,0,2,-1,0,0,0
42,0,0,1,0,1811,1,0,0,1,-1,0,0,0
31,4,2,2,0,1852,1,0,0,3,-1,0,0,0
54,7,1,1,0,515,0,1,0,2,-1,0,0,0
39,4,2,2,0,3202,1,0,0,8,-1,0,0,0
27,7,2,2,0,536,1,0,0,3,-1,0,0,0
42,7,1,1,0,508,1,0,0,1,-1,0,0,0
51,7,1,1,0,53,0,1,0,1,-1,0,0,0
45,1,1,0,0,101,1,0,0,5,-1,0,0,1
30,1,1,1,0,938,1,0,0,1,-1,0,0,0
40,4,1,1,0,752,0,1,0,1,157,1,0,0
60,5,1,1,0,372,0,0,0,2,-1,0,0,0
56,4,1,2,0,1631,1,0,0,3,-1,0,0,0
40,1,1,0,0,69,1,0,0,1,-1,0,0,0
36,3,0,1,0,-289,0,0,0,2,-1,0,0,0
28,1,2,1,0,455,1,0,0,1,-1,0,0,0
50,4,1,2,0,85,0,1,0,1,-1,0,0,0
39,0,1,1,0,651,1,0,0,3,-1,0,0,0
34,0,1,1,0,1183,1,0,0,2,-1,0,0,0
35,9,1,1,0,1368,0,0,0,1,41,2,1,1
45,1,1,0,0,700,1,0,1,4,-1,0,0,0
32,1,1,1,0,889,1,0,0,2,85,3,1,1
36,9,1,1,0,2779,0,0,0,1,182,4,2,0
45,1,2,1,0,0,0,0,0,2,472,1,2,1
27,10,2,1,0,92,1,0,0,4,-1,0,0,0
40,9,1,1,0,8379,0,0,0,6,-1,0,0,0
54,9,1,2,1,337,1,0,0,2,-1,0,0,0
45,2,1,2,0,2185,1,0,0,4,-1,0,0,0
48,1,1,0,0,583,0,0,0,8,-1,0,0,0
25,7,1,1,0,50,1,0,0,1,-1,0,0,0
35,1,1,1,0,26,1,0,0,2,-1,0,0,0
32,4,1,2,0,607,1,0,0,5,-1,0,0,1
58,10,0,0,0,414,0,0,0,1,-1,0,0,0
46,10,0,1,1,22,0,0,0,10,-1,0,0,0
44,1,0,0,0,68,1,0,0,1,-1,0,0,0
59,1,1,1,0,57,1,0,0,1,-1,0,0,0
44,4,1,2,0,2876,0,0,0,1,-1,0,0,0
30,1,1,0,0,-336,0,0,0,6,-1,0,0,0
37,1,1,0,0,250,1,0,0,3,347,1,0,0
39,4,0,2,0,355,1,0,0,5,-1,0,0,0
71,5,1,1,0,5715,0,0,0,2,-1,0,0,1
35,0,1,1,0,216,1,1,0,3,-1,0,0,0
53,4,1,2,0,2124,1,0,0,2,344,2,0,0
30,0,0,1,0,55,1,0,0,4,-1,0,0,0
46,9,1,1,0,363,1,0,0,3,-1,0,0,0
52,7,0,1,0,36,1,1,0,1,-1,0,0,1
48,9,2,1,0,1245,0,0,0,1,134,1,1,0
30,8,2,2,0,300,0,0,0,1,-1,0,0,0
41,4,1,2,0,326,0,0,0,1,182,2,0,0
57,9,1,1,0,254,0,0,0,1,-1,0,0,1
54,1,0,0,0,2062,1,0,0,2,-1,0,0,0
39,4,2,1,0,2644,0,0,0,7,-1,0,0,0
42,9,1,2,0,446,0,0,0,3,-1,0,0,0
38,10,2,2,0,0,0,0,0,2,-1,0,0,0
33,2,1,1,0,73,1,0,0,1,263,2,0,0
57,5,0,1,0,70,1,0,0,1,-1,0,0,0
40,7,1,1,0,2843,1,0,0,1,305,1,2,0
35,4,0,2,0,153,0,0,0,2,-1,0,0,0
31,4,2,2,0,43,1,0,0,7,-1,0,0,0
36,3,1,1,0,0,0,1,1,3,-1,0,0,0
42,1,1,0,0,321,1,0,0,3,-1,0,0,0
40,0,1,1,0,5087,1,0,0,2,-1,0,0,0
67,5,1,0,0,942,0,0,0,2,84,2,1,1
30,9,1,0,0,95,1,0,0,2,298,1,0,0
40,4,1,2,0,2147,1,0,0,1,-1,0,0,0
54,1,1,1,0,0,0,0,1,1,-1,0,0,0
30,9,2,2,0,985,1,0,0,2,-1,0,0,0
34,1,1,1,0,243,1,0,0,1,-1,0,0,1
53,4,1,1,0,1347,0,0,0,2,-1,0,0,0
31,4,2,2,0,291,1,0,0,1,-1,0,0,0
27,8,2,2,0,3733,1,0,1,6,-1,0,0,1
40,4,1,2,0,4381,0,0,1,2,-1,0,0,0
47,0,1,1,0,328,0,0,0,2,-1,0,0,0
42,3,2,0,0,5774,1,0,0,2,-1,0,0,0
48,5,1,0,1,-285,0,1,0,1,-1,0,0,0
57,2,1,1,0,657,0,0,0,1,-1,0,0,0
32,4,1,2,0,2853,1,1,0,1,-1,0,0,0
46,1,1,1,0,209,1,0,0,4,-1,0,0,0
47,0,1,1,0,104,1,1,0,2,-1,0,0,0
32,0,2,1,0,103,1,0,0,1,337,1,1,0
33,4,2,1,0,0,1,0,0,2,-1,0,0,0
33,9,2,1,0,80,0,0,0,2,-1,0,0,0
31,1,0,1,0,387,1,0,0,3,-1,0,0,0
24,9,2,1,0,3843,0,0,0,2,-1,0,0,0
58,1,1,0,0,23,1,0,0,6,-1,0,0,0
34,7,1,1,0,457,1,0,0,2,-1,0,0,0
50,1,0,0,0,-677,0,0,0,1,-1,0,0,0
47,0,1,1,0,726,0,0,0,3,-1,0,0,0
45,9,0,1,0,12389,0,1,0,1,-1,0,0,0
31,4,2,2,0,2007,1,0,0,1,-1,0,0,0
44,4,1,2,0,6203,1,1,0,1,188,1,0,0
33,1,1,1,0,-349,1,0,0,1,-1,0,0,0
38,9,1,1,0,1448,1,0,0,1,-1,0,0,0
55,9,1,2,0,-466,1,0,0,1,-1,0,0,1
33,9,2,1,0,-325,1,0,0,6,-1,0,0,0
53,5,1,0,0,759,1,0,1,5,-1,0,0,0
36,4,1,2,0,4359,0,0,0,6,-1,0,0,0
38,3,0,2,0,4312,0,0,0,4,175,6,0,0
52,4,1,2,0,698,1,0,0,2,-1,0,0,0
54,9,1,1,0,230,0,1,0,1,100,2,0,0
43,4,1,2,0,400,1,0,0,1,-1,0,0,0
44,2,1,2,0,0,1,0,0,1,-1,0,0,0
49,1,0,0,0,380,1,0,0,2,-1,0,0,0
48,1,1,0,0,231,1,0,0,3,-1,0,0,0
30,1,2,0,0,1395,1,0,0,1,175,3,1,0
34,9,1,1,0,47,0,0,0,6,-1,0,0,0
44,4,1,2,0,0,1,1,0,1,-1,0,0,0
40,1,0,0,0,737,1,1,0,1,-1,0,0,0
58,1,1,1,0,25,0,0,0,3,-1,0,0,1
36,4,1,2,0,130,0,0,0,1,-1,0,0,0
31,0,2,1,0,-407,0,1,0,1,-1,0,0,0
45,5,0,1,0,1735,0,1,0,1,-1,0,0,0
29,7,2,1,0,703,1,0,0,5,-1,0,0,0
52,9,1,1,0,279,0,1,0,1,203,3,0,0
57,5,1,1,0,5313,0,0,0,1,-1,0,0,1
50,1,1,0,0,104,1,0,0,3,324,2,1,0
50,7,0,1,0,339,1,0,0,3,-1,0,0,0
59,5,1,2,0,2194,1,0,1,9,-1,0,0,0
46,10,1,1,0,931,0,0,0,5,-1,0,0,0
39,1,2,0,0,2,1,0,0,2,-1,0,0,0
51,10,1,0,0,1162,1,0,0,1,-1,0,0,1
45,9,1,0,0,-158,1,0,0,2,-1,0,0,0
35,9,2,1,0,920,1,0,0,2,286,6,0,0
19,8,2,0,0,103,0,0,0,2,95,4,0,0
39,7,1,1,0,0,0,0,0,1,-1,0,0,0
34,4,2,2,0,556,1,0,0,2,-1,0,0,0
35,4,1,2,0,249,1,0,0,2,-1,0,0,0
50,7,1,0,0,1260,0,0,0,1,-1,0,0,0
30,0,2,1,0,28,0,0,0,1,-1,0,0,0
46,4,1,1,0,0,0,0,0,1,-1,0,0,1
29,4,1,2,0,1022,1,0,0,1,-1,0,0,0
35,3,1,2,0,303,0,0,0,1,-1,0,0,0
38,0,1,1,0,1559,0,0,0,2,280,1,0,1
39,1,1,0,0,2303,1,0,0,3,-1,0,0,1
35,6,2,2,0,329,1,0,0,7,-1,0,0,0
42,6,1,2,0,83,1,0,0,4,-1,0,0,0
32,9,0,1,0,409,0,1,0,4,-1,0,0,0
44,0,1,1,0,447,1,1,0,5,-1,0,0,0
30,4,1,1,0,-397,1,0,0,3,-1,0,0,0
51,0,1,1,0,1216,0,0,0,1,-1,0,0,0
53,10,1,1,0,76,1,1,0,1,-1,0,0,0
31,1,1,0,0,224,1,0,0,1,-1,0,0,0
52,3,1,1,0,3923,1,0,0,3,-1,0,0,1
40,4,1,2,0,0,1,0,1,5,-1,0,0,0
31,9,1,2,0,165,0,0,0,4,-1,0,0,0
45,7,2,1,0,1757,1,0,0,3,326,1,1,0
38,9,1,1,0,13,0,0,0,2,-1,0,0,0
26,1,2,1,0,18,1,0,0,3,-1,0,0,0
37,9,1,1,0,195,1,0,0,1,194,2,0,0
36,7,1,1,0,812,1,1,0,2,-1,0,0,0
54,1,1,0,0,1173,0,0,1,8,-1,0,0,0
41,6,1,2,0,231,0,0,0,2,-1,0,0,1
47,3,1,2,0,333,0,0,1,5,137,1,0,0
34,4,1,2,0,731,1,0,0,4,-1,0,0,0
49,1,0,1,0,23,0,0,0,2,-1,0,0,0
34,9,2,2,0,19,0,0,0,3,-1,0,0,0
57,9,0,1,0,3105,1,0,0,11,-1,0,0,0
52,1,0,0,0,3990,0,0,0,1,153,1,1,0
45,4,0,2,0,6542,1,0,0,4,-1,0,0,0
45,1,1,0,0,180,1,1,0,1,-1,0,0,0
31,10,2,0,0,1,0,0,0,6,-1,0,0,0
51,7,1,1,0,753,1,0,0,2,-1,0,0,0
37,9,1,1,0,0,1,0,0,2,-1,0,0,0
35,1,1,0,0,0,1,0,0,1,290,2,0,0
66,4,1,2,0,1048,1,0,0,2,-1,0,0,0
33,4,2,1,0,2955,1,0,0,2,-1,0,0,0
53,9,0,1,0,173,0,1,0,1,-1,0,0,0
51,4,1,2,0,36,1,0,0,2,-1,0,0,0
42,1,1,0,0,250,1,0,0,16,-1,0,0,0
46,4,0,2,0,134,0,0,0,2,-1,0,0,0
31,0,1,1,0,774,1,1,0,1,-1,0,0,0
35,9,1,1,0,432,1,0,0,55,-1,0,0,0
45,7,0,1,0,1381,0,0,0,2,-1,0,0,0
42,1,2,0,0,19,1,0,0,1,-1,0,0,0
26,8,2,1,0,440,0,0,0,1,-1,0,0,0
31,1,1,0,0,746,1,1,0,1,-1,0,0,0
79,5,1,1,0,4738,0,0,1,5,-1,0,0,0
53,4,1,1,0,876,1,0,1,3,-1,0,0,0
31,0,2,1,0,40,0,0,0,1,104,2,0,0
31,0,0,1,0,47,1,0,0,9,-1,0,0,0
35,4,1,2,0,495,0,0,0,1,-1,0,0,0
41,4,2,2,0,0,1,0,0,5,-1,0,0,0
36,7,1,0,0,179,0,0,0,1,-1,0,0,0
59,3,1,0,0,182,0,0,0,1,86,1,0,0
43,2,2,2,0,42,0,0,0,1,-1,0,0,0
39,4,1,2,0,351,1,0,0,3,-1,0,0,0
25,4,2,2,0,430,0,1,0,2,-1,0,0,0
43,4,1,2,0,1188,0,0,0,2,139,2,0,0
43,2,1,1,0,556,1,0,0,1,-1,0,0,0
28,0,2,1,0,419,1,0,0,2,-1,0,0,0
49,3,1,1,0,114,0,0,0,2,-1,0,0,0
33,1,1,1,0,24,1,0,0,1,-1,0,0,0
47,4,1,2,0,414,0,0,0,1,-1,0,0,0
54,9,1,2,0,417,1,0,0,2,-1,0,0,0
36,4,1,2,0,1257,0,0,0,9,101,1,1,0
40,9,1,2,0,1293,0,0,0,3,105,2,2,1
30,4,2,2,0,334,0,0,0,2,-1,0,0,0
35,1,1,0,0,828,0,0,0,8,-1,0,0,0
31,0,2,1,0,92,1,0,0,2,-1,0,0,0
31,4,1,2,0,1400,1,0,0,2,2,1,1,0
25,1,1,1,0,-507,1,1,0,2,-1,0,0,0
57,5,1,1,0,1044,0,0,1,1,182,3,2,1
46,1,1,0,0,67,0,0,0,1,-1,0,0,0
29,4,2,2,0,2955,0,0,0,2,-1,0,0,1
36,2,2,1,0,866,1,0,0,1,173,1,0,1
33,1,1,1,0,6227,1,0,0,2,-1,0,0,0
31,0,1,1,1,-310,1,0,0,3,-1,0,0,0
75,5,1,0,0,962,0,0,0,1,-1,0,0,0
37,9,0,1,0,-18,0,0,0,4,-1,0,0,0
46,4,0,2,0,-49,1,0,0,23,-1,0,0,0
48,1,1,0,0,237,1,0,0,18,-1,0,0,0
58,5,1,0,0,928,0,0,0,1,-1,0,0,0
39,4,2,2,0,4023,1,0,0,2,238,8,1,0
40,1,1,1,0,580,1,0,0,1,-1,0,0,0
35,4,2,2,0,565,1,0,0,1,-1,0,0,1
30,4,2,2,0,63,1,0,0,1,320,1,1,0
53,9,1,1,0,5797,1,0,0,4,-1,0,0,0
37,1,1,0,0,2814,1,0,0,3,-1,0,0,0
49,4,1,1,0,1269,0,0,0,9,-1,0,0,0
46,0,2,1,0,19,1,1,0,1,-1,0,0,0
47,7,1,0,0,206,0,0,0,3,-1,0,0,0
64,5,1,2,0,14170,0,0,0,2,-1,0,0,0
50,1,1,0,0,1290,1,0,0,14,-1,0,0,0
37,4,2,1,0,0,1,1,0,2,-1,0,0,0
37,9,2,1,0,984,0,0,0,1,-1,0,0,0
62,9,1,1,0,135,1,0,1,13,96,1,1,0
43,9,1,1,0,1865,1,0,0,1,186,1,0,0
43,1,1,1,0,625,1,0,0,1,-1,0,0,0
53,0,1,1,0,465,0,1,0,3,-1,0,0,0
33,10,2,1,0,237,1,0,0,2,-1,0,0,0
28,1,1,0,0,519,1,0,0,9,-1,0,0,0
53,6,1,2,0,1128,0,0,0,1,-1,0,0,0
31,0,2,1,0,270,0,0,0,1,200,2,2,0
29,6,1,2,0,476,0,1,0,1,8,2,1,0
35,1,1,1,0,1615,1,0,0,2,-1,0,0,0
35,7,0,1,0,742,0,0,0,7,-1,0,0,0
29,7,0,1,0,590,1,0,0,2,-1,0,0,0
30,0,2,1,0,394,1,1,0,3,-1,0,0,0
47,1,1,1,0,762,1,0,0,3,-1,0,0,0
39,9,0,1,0,130,1,0,0,18,-1,0,0,0
27,9,1,1,0,7,1,0,0,2,-1,0,0,0
36,9,1,1,0,195,1,0,0,2,-1,0,0,0
41,4,2,2,0,236,0,0,0,4,-1,0,0,0
61,5,1,1,0,0,0,0,0,1,-1,0,0,0
31,4,2,2,0,0,1,0,0,3,-1,0,0,0
45,1,1,1,0,550,0,1,0,1,-1,0,0,0
34,9,1,1,0,0,1,0,0,1,470,2,0,1
50,7,0,1,0,761,1,0,0,1,-1,0,0,0
45,1,2,1,0,615,1,0,0,1,-1,0,0,0
45,0,1,1,0,231,1,0,0,3,-1,0,0,0
53,6,1,1,0,468,1,0,0,5,-1,0,0,0
43,6,1,1,0,5704,1,0,0,2,-1,0,0,0
64,5,1,1,0,34,0,0,0,2,-1,0,0,1
32,0,2,2,0,-59,0,1,0,1,-1,0,0,0
52,9,1,1,0,2001,1,0,0,4,-1,0,0,0
50,7,1,1,0,1463,1,0,0,1,-1,0,0,0
38,9,1,2,0,-1,0,0,0,4,-1,0,0,0
28,6,2,1,0,-395,1,0,0,4,-1,0,0,0
48,9,1,1,0,256,1,0,0,4,-1,0,0,0
38,0,2,1,0,221,1,0,0,2,-1,0,0,0
36,1,2,1,0,690,1,0,0,2,-1,0,0,0
41,4,1,1,0,501,0,0,0,4,-1,0,0,0
77,5,1,1,0,2123,0,0,1,4,-1,0,0,0
19,8,2,1,0,108,0,0,0,2,182,1,2,1
33,7,2,1,0,1038,0,1,0,1,-1,0,0,0
30,9,2,1,0,1282,0,0,0,2,-1,0,0,0
36,4,1,2,0,-825,0,0,0,1,-1,0,0,0
60,5,0,2,0,1349,0,1,0,2,-1,0,0,0
40,0,0,1,0,783,1,1,0,2,-1,0,0,0
46,9,1,1,0,190,1,0,0,2,-1,0,0,0
33,1,1,0,0,2665,1,0,0,2,-1,0,0,0
34,7,1,1,0,703,0,0,0,2,150,2,0,0
31,4,1,2,0,451,1,0,0,1,-1,0,0,0
45,0,1,1,0,204,1,0,0,2,-1,0,0,1
44,9,0,1,0,14,0,0,0,1,-1,0,0,1
34,6,2,2,0,6,0,0,0,2,-1,0,0,0
53,1,1,0,0,207,0,1,0,1,-1,0,0,0
30,7,0,1,0,0,1,1,0,3,-1,0,0,0
35,3,1,1,0,14000,0,0,0,2,-1,0,0,0
22,8,2,2,0,1258,0,0,0,1,156,1,0,0
24,9,2,1,0,-73,1,0,0,2,-1,0,0,0
37,7,1,1,0,4954,1,0,0,4,356,3,1,0
30,6,2,2,0,916,0,0,0,2,90,2,2,1
49,4,0,2,0,112,0,0,0,10,-1,0,0,0
40,1,1,1,0,273,1,0,0,1,-1,0,0,0
42,9,0,1,0,2861,0,0,0,5,-1,0,0,0
49,2,0,1,1,-701,1,0,0,2,-1,0,0,1
63,5,1,1,0,23047,0,0,0,1,139,2,1,0
40,9,1,1,0,312,0,0,0,7,-1,0,0,1
37,0,1,1,0,-356,0,1,0,1,-1,0,0,0
55,5,1,1,0,708,1,0,0,2,-1,0,0,0
61,5,0,1,0,4243,0,0,0,1,182,2,2,1
36,9,1,1,0,-158,1,0,0,7,-1,0,0,0
35,0,2,2,0,994,0,0,0,1,87,2,0,1
60,5,1,0,0,364,1,0,0,2,-1,0,0,0
39,0,1,1,0,9618,1,0,0,2,338,1,0,0
55,9,0,1,0,0,1,0,0,4,-1,0,0,0
41,9,1,1,0,459,1,0,0,1,-1,0,0,0
54,0,2,1,0,2423,0,0,0,4,-1,0,0,0
52,9,0,1,0,204,0,0,0,2,-1,0,0,0
35,0,2,1,0,368,1,0,0,3,-1,0,0,0
33,1,1,1,0,3514,1,0,0,2,184,2,0,0
39,4,1,2,0,2043,1,0,0,1,-1,0,0,0
50,3,2,1,0,799,0,0,1,1,-1,0,0,0
34,9,1,1,0,1569,0,0,0,2,-1,0,0,0
41,1,1,0,0,1461,1,0,0,1,165,2,2,0
39,4,1,2,0,63,1,0,0,1,330,1,0,0
43,3,2,0,0,24,0,0,0,2,-1,0,0,0
37,1,1,0,0,2120,1,0,0,3,175,4,0,1
37,4,2,2,1,-25,0,0,0,2,-1,0,0,0
21,8,2,1,0,1506,0,0,0,1,-1,0,0,1
52,9,0,1,0,280,0,0,0,5,-1,0,0,0
47,0,1,1,0,175,1,0,0,7,-1,0,0,0
56,5,1,0,0,122,0,1,0,1,-1,0,0,0
34,1,1,1,0,4,1,1,0,2,-1,0,0,0
47,7,1,1,0,1111,0,0,0,4,-1,0,0,0
36,0,1,1,0,1588,1,0,0,1,-1,0,0,0
34,1,1,0,0,60,1,0,0,10,-1,0,0,0
58,1,0,0,0,2246,1,0,0,2,-1,0,0,0
39,4,1,2,0,0,1,1,0,2,-1,0,0,0
27,4,1,2,0,893,0,0,0,2,-1,0,0,1
28,8,2,2,0,682,1,0,0,1,255,2,1,0
51,1,1,0,0,720,0,0,0,5,-1,0,0,0
56,4,1,0,0,-24,1,0,0,3,-1,0,0,0
33,1,2,1,0,123,1,0,0,3,212,4,0,0
47,9,0,1,0,699,1,0,0,1,-1,0,0,0
30,4,2,2,0,1268,0,0,0,4,-1,0,0,0
40,7,0,1,0,768,1,0,0,3,-1,0,0,0
36,1,2,1,0,767,1,0,0,1,355,2,1,0
36,4,1,2,0,11675,1,0,0,1,-1,0,0,0
31,4,1,2,0,4328,0,0,0,4,165,14,2,1
44,9,2,1,0,29,1,0,0,1,-1,0,0,0
29,4,2,2,0,2531,0,0,0,1,-1,0,0,1
37,0,0,2,0,4303,1,0,0,1,-1,0,0,0
48,9,1,1,0,127,0,1,0,5,-1,0,0,0
36,9,1,1,0,-179,1,0,0,1,-1,0,0,0
40,1,1,0,0,-616,1,0,0,1,157,2,0,0
41,10,1,2,0,1666,0,0,0,3,-1,0,0,0
35,9,2,2,0,8,0,0,0,2,-1,0,0,0
30,9,1,1,0,1168,1,1,0,1,-1,0,0,0
30,9,0,1,0,2403,0,0,0,2,-1,0,0,0
56,7,1,1,0,654,0,0,0,1,-1,0,0,1
57,4,0,1,0,396,0,0,0,2,-1,0,0,0
50,4,1,2,0,1158,1,0,0,1,-1,0,0,0
31,9,2,2,0,221,1,0,0,3,-1,0,0,0
60,4,1,0,0,0,1,0,0,8,-1,0,0,0
67,5,1,1,0,696,0,0,1,2,-1,0,0,0
48,1,0,0,0,19,0,1,0,1,-1,0,0,0
32,4,1,2,0,644,0,0,0,2,-1,0,0,0
28,1,1,1,0,2322,0,0,0,4,-1,0,0,0
32,6,2,2,0,658,1,0,0,1,-1,0,0,1
36,9,2,2,0,962,1,0,0,1,-1,0,0,1
23,8,2,2,0,113,0,0,0,1,-1,0,0,1
34,9,1,1,0,563,1,1,0,15,-1,0,0,0
41,1,1,0,0,875,1,0,0,1,-1,0,0,0
59,5,0,0,0,7179,0,0,0,1,-1,0,0,0
51,7,1,1,0,518,0,0,0,3,-1,0,0,0
63,5,1,0,0,8044,0,0,0,1,-1,0,0,0
31,9,1,2,0,95,0,0,0,6,-1,0,0,0
27,7,2,1,0,-124,0,0,0,1,-1,0,0,0
37,9,0,2,0,1174,1,0,0,1,140,2,0,0
52,0,0,1,0,-209,1,1,0,1,-1,0,0,0
43,1,1,0,0,487,1,0,0,2,-1,0,0,0
39,1,1,1,0,7653,0,0,0,2,-1,0,0,0
54,1,1,1,0,143,1,0,0,2,309,5,0,0
59,1,0,1,0,454,1,0,0,1,-1,0,0,0
35,9,1,2,0,0,1,1,0,3,363,2,0,0
48,4,2,1,0,1009,1,0,0,5,256,1,1,0
55,0,1,1,0,1102,1,0,0,2,-1,0,0,0
48,4,0,2,0,15,0,0,0,1,-1,0,0,0
55,7,0,2,0,1983,1,0,1,1,-1,0,0,0
47,4,1,2,1,-337,0,1,0,4,161,2,0,0
40,9,1,2,0,180,1,1,0,4,-1,0,0,0
34,0,2,1,0,3626,1,1,0,2,-1,0,0,0
56,2,0,2,0,151,1,0,0,5,171,1,1,0
36,9,1,1,0,145,1,1,0,2,-1,0,0,0
39,0,2,1,0,573,1,0,0,1,-1,0,0,0
41,9,1,1,0,2125,1,1,0,4,-1,0,0,0
42,0,1,1,0,445,1,0,0,2,-1,0,0,0
30,4,2,2,0,812,0,0,0,4,-1,0,0,0
54,0,1,1,0,-24,0,0,1,2,-1,0,0,0
37,3,2,0,0,1088,0,0,0,2,-1,0,0,0
40,4,1,1,0,1576,1,1,0,3,-1,0,0,0
58,4,1,2,0,287,1,0,0,8,-1,0,0,0
61,3,1,0,0,211,0,0,0,2,186,3,0,1
55,9,1,1,0,0,0,0,0,2,-1,0,0,0
34,1,1,1,0,622,1,0,0,1,-1,0,0,0
61,5,1,1,0,11,0,0,0,1,92,3,2,1
45,1,1,1,0,13156,0,0,0,4,-1,0,0,0
52,4,1,1,0,4096,1,0,0,4,-1,0,0,0
40,4,2,1,0,900,1,0,0,2,-1,0,0,0
55,1,1,1,0,831,1,0,0,1,-1,0,0,0
51,1,1,1,0,279,0,0,0,3,-1,0,0,0
54,2,0,2,0,5784,0,0,0,5,-1,0,0,0
42,1,0,1,0,1491,1,0,0,2,334,2,0,0
49,9,1,1,0,51,0,0,0,4,-1,0,0,0
52,1,1,0,0,9804,1,1,0,4,-1,0,0,0
40,4,1,2,0,-1212,1,0,0,2,333,18,0,0
34,6,1,2,0,263,0,0,0,1,78,8,1,0
36,4,1,2,0,3949,0,0,0,2,-1,0,0,1
58,5,1,1,0,7560,0,0,0,2,-1,0,0,0
58,1,1,1,0,371,0,0,0,2,-1,0,0,0
68,5,1,2,0,2820,0,0,0,2,-1,0,0,0
48,1,1,0,0,9004,0,0,0,3,-1,0,0,0
38,9,1,0,0,-1038,0,1,0,1,-1,0,0,0
34,2,1,1,0,-506,0,0,0,16,-1,0,0,0
23,3,2,0,0,93,1,0,0,3,-1,0,0,0
30,9,2,2,0,6683,0,0,0,1,-1,0,0,0
28,4,2,2,0,321,0,1,0,6,-1,0,0,0
55,1,1,1,0,1358,0,0,0,1,-1,0,0,0
28,4,1,2,0,103,1,0,0,2,-1,0,0,0
46,1,1,1,0,0,1,0,0,2,-1,0,0,0
34,9,2,1,0,202,1,0,0,2,-1,0,0,0
25,1,2,1,0,-143,1,1,0,1,-1,0,0,0
41,1,2,0,0,3237,0,0,0,3,363,4,1,0
30,0,2,1,0,213,0,0,0,1,-1,0,0,0
32,7,2,0,0,1806,0,1,0,4,-1,0,0,0
29,0,2,1,0,873,0,0,0,2,-1,0,0,0
45,0,1,1,0,171,1,0,0,1,-1,0,0,0
37,1,2,1,0,3876,0,0,0,12,-1,0,0,0
38,1,1,0,0,246,0,0,0,2,-1,0,0,0
41,3,0,0,0,9059,0,0,0,1,-1,0,0,0
55,3,2,1,0,1606,0,0,1,1,-1,0,0,0
45,4,1,2,0,226,1,0,0,4,185,6,2,1
42,9,1,1,0,6250,0,0,0,3,-1,0,0,0
39,9,1,1,0,1986,0,0,0,6,-1,0,0,0
31,4,2,1,0,0,1,0,0,1,-1,0,0,0
32,1,2,0,0,181,1,0,0,1,-1,0,0,0
53,9,1,1,0,0,0,0,0,9,-1,0,0,0
57,0,2,1,0,3551,1,0,0,1,-1,0,0,1
38,4,1,2,0,272,1,0,0,1,-1,0,0,0
40,4,1,2,0,87,1,1,0,1,-1,0,0,0
37,4,0,1,0,414,0,0,0,2,162,4,0,0
52,1,1,1,0,742,0,0,0,1,-1,0,0,0
31,10,1,2,0,232,1,0,0,3,-1,0,0,0
29,9,2,2,0,673,1,0,0,3,-1,0,0,1
37,1,2,1,0,415,0,0,0,1,-1,0,0,0
46,1,1,1,0,6879,0,0,0,1,281,2,0,0
37,4,1,1,0,0,0,0,0,2,-1,0,0,0
32,8,2,1,0,0,0,0,0,1,-1,0,0,0
37,1,1,0,0,-29,1,1,0,1,350,5,1,0
75,0,1,1,0,1093,0,0,0,1,-1,0,0,0
58,4,1,2,0,9339,1,0,1,3,172,3,1,0
53,1,1,1,0,1140,1,0,0,32,-1,0,0,0
24,6,2,2,0,2984,1,0,0,1,-1,0,0,1
29,0,2,1,0,25,1,0,0,1,343,2,0,0
44,4,1,2,0,7818,0,0,0,1,-1,0,0,1
36,1,0,0,0,0,0,0,0,2,-1,0,0,0
27,6,1,2,0,607,1,0,0,3,-1,0,0,0
52,9,1,1,0,0,1,1,0,2,-1,0,0,0
43,4,1,1,0,0,1,0,0,2,-1,0,0,0
30,0,0,1,0,1320,1,1,0,3,362,1,0,0
61,6,1,2,0,10861,0,0,0,2,259,3,2,1
35,7,2,1,0,1742,1,0,0,2,-1,0,0,0
57,9,2,1,0,806,1,0,0,1,-1,0,0,0
30,4,2,2,0,74,0,0,0,5,-1,0,0,0
40,9,1,1,0,77,0,0,0,1,-1,0,0,0
39,4,1,1,0,46,1,0,0,10,-1,0,0,0
37,7,1,1,0,895,1,1,0,2,245,1,0,0
33,4,2,2,0,474,1,0,0,1,179,3,0,0
43,1,1,1,0,1149,0,0,1,2,-1,0,0,0
47,9,2,1,0,600,0,1,0,2,-1,0,0,0
44,7,1,1,0,908,1,1,0,7,-1,0,0,0
43,7,2,2,0,126,1,0,0,2,-1,0,0,0
50,9,1,1,0,-584,0,0,0,2,-1,0,0,0
34,9,0,2,0,66,0,1,0,2,-1,0,0,0
42,9,1,1,0,-245,0,1,0,1,-1,0,0,0
51,1,1,0,0,603,1,0,0,2,-1,0,0,1
31,1,2,1,0,58,1,0,0,1,-1,0,0,0
40,0,1,2,0,0,1,0,0,3,-1,0,0,0
44,1,1,0,0,1766,1,0,0,1,-1,0,0,0
34,3,0,1,0,-28,1,0,0,2,-1,0,0,0
32,4,1,2,0,6138,0,0,0,2,90,9,0,1
39,9,2,1,0,300,0,0,0,6,394,1,0,0
35,9,2,2,0,0,0,0,0,3,-1,0,0,0
36,1,1,1,0,4438,1,0,0,1,-1,0,0,1
43,7,1,1,0,978,1,1,0,2,-1,0,0,0
43,2,1,1,0,100,1,0,0,1,-1,0,0,0
35,10,2,2,0,415,0,0,0,2,89,2,2,1
26,9,2,2,0,813,1,0,0,3,-1,0,0,0
59,5,1,0,0,46,0,0,0,2,-1,0,0,0
45,9,1,2,0,0,0,0,0,2,-1,0,0,0
34,0,1,2,0,262,1,0,0,3,-1,0,0,0
50,1,1,1,0,325,1,0,0,1,-1,0,0,0
32,9,1,1,0,765,1,1,0,2,-1,0,0,1
57,4,1,2,0,2266,0,0,0,1,-1,0,0,0
44,7,0,1,0,240,1,0,0,2,-1,0,0,0
25,1,2,0,0,116,1,0,0,4,-1,0,0,0
44,4,2,2,0,780,1,0,0,2,-1,0,0,0
60,0,1,1,0,1025,0,0,0,8,-1,0,0,0
21,8,2,1,0,794,0,0,0,1,-1,0,0,1
34,0,1,1,0,1365,1,0,0,2,-1,0,0,0
54,1,1,1,0,2957,1,0,0,2,-1,0,0,0
32,1,1,1,0,150,0,0,0,1,-1,0,0,0
59,10,1,1,0,309,0,0,0,1,-1,0,0,0
38,1,1,0,0,714,1,0,0,3,-1,0,0,0
54,9,1,1,0,-777,0,1,0,2,-1,0,0,0
37,4,0,2,0,88,0,0,0,1,-1,0,0,0
49,3,1,0,0,0,0,0,1,8,-1,0,0,0
33,7,2,1,0,3269,0,1,0,1,-1,0,0,0
38,9,1,1,0,414,1,0,0,1,-1,0,0,0
60,5,1,1,0,30,0,0,0,4,-1,0,0,0
56,10,0,2,0,0,1,0,0,6,-1,0,0,0
38,1,2,0,0,12130,1,0,0,2,328,13,0,0
30,4,2,2,0,1028,0,0,0,2,-1,0,0,1
31,9,1,1,0,0,0,0,0,3,-1,0,0,0
33,4,2,2,0,1781,0,0,0,2,183,1,2,1
31,8,1,0,0,46,1,0,0,1,-1,0,0,1
47,0,1,1,0,829,1,1,0,1,188,1,0,0
41,9,1,1,0,288,1,0,0,4,-1,0,0,0
35,1,1,1,0,594,1,0,0,2,-1,0,0,0
37,1,0,1,0,752,1,0,0,3,-1,0,0,0
35,9,1,1,0,-146,1,0,0,2,-1,0,0,0
28,4,1,2,0,13186,1,0,0,2,-1,0,0,0
34,4,2,2,0,1058,1,0,0,1,-1,0,0,0
30,6,1,2,0,2666,0,0,0,3,89,1,2,1
42,10,0,1,0,325,1,0,0,4,-1,0,0,0
37,10,2,2,0,1032,0,0,1,1,-1,0,0,0
59,4,0,2,0,3096,0,0,0,17,-1,0,0,0
35,7,1,1,0,109,1,0,0,3,-1,0,0,0
36,6,2,2,0,977,0,0,0,2,-1,0,0,0
77,5,1,2,0,1047,0,0,0,5,-1,0,0,0
27,10,2,1,0,1972,0,0,0,1,-1,0,0,0
33,9,2,1,0,291,0,0,0,6,-1,0,0,0
44,2,1,1,0,242,0,1,0,4,-1,0,0,0
37,4,1,2,0,0,0,0,0,2,-1,0,0,0
43,2,2,0,0,103,1,0,0,1,183,5,0,0
70,5,1,1,0,2815,0,0,0,2,182,1,0,0
48,7,0,1,0,3186,0,1,0,1,-1,0,0,0
31,4,2,2,0,307,0,0,0,2,-1,0,0,0
45,7,1,1,0,38,1,0,0,3,-1,0,0,0
34,1,2,1,0,3043,1,1,0,1,-1,0,0,1
39,4,0,1,0,4314,1,0,0,4,-1,0,0,0
38,4,2,1,0,53,0,0,0,1,-1,0,0,0
33,4,1,2,0,1399,0,0,0,4,-1,0,0,0
39,1,1,1,0,2612,1,0,0,4,-1,0,0,0
45,7,1,1,0,222,0,0,0,11,-1,0,0,0
45,0,1,1,0,111,1,0,0,1,-1,0,0,0
40,7,2,1,0,4126,0,0,0,2,-1,0,0,0
59,5,1,0,0,0,0,0,0,1,-1,0,0,0
45,1,1,0,0,121,0,0,0,11,-1,0,0,0
51,1,1,0,0,42,1,0,0,2,342,3,0,0
48,0,1,1,0,749,1,0,0,3,-1,0,0,0
33,4,2,2,0,4176,0,0,0,3,-1,0,0,1
32,9,1,1,0,0,0,0,0,1,-1,0,0,0
28,7,1,1,0,6,1,0,0,1,-1,0,0,0
42,4,1,2,0,603,1,0,0,5,-1,0,0,0
32,4,1,2,0,312,0,0,0,4,-1,0,0,0
33,7,1,1,0,184,1,0,0,4,-1,0,0,0
43,5,1,1,0,56,1,1,0,1,-1,0,0,0
64,5,0,1,0,4833,0,0,0,2,251,1,0,0
26,1,1,1,0,288,1,0,0,2,-1,0,0,0
74,5,0,0,0,2308,0,0,1,2,535,2,2,0
63,5,1,2,0,4692,1,0,0,1,181,2,0,0
34,9,1,2,0,197,0,0,0,3,-1,0,0,1
34,1,1,1,0,393,1,0,0,9,-1,0,0,0
32,1,1,1,0,5075,1,0,1,2,-1,0,0,0
44,1,1,1,0,96,1,0,0,2,-1,0,0,0
31,4,2,1,0,1310,1,0,0,2,-1,0,0,0
52,1,1,1,0,60,0,1,0,2,-1,0,0,0
41,6,0,2,0,4717,1,0,0,2,-1,0,0,0
49,2,1,1,0,273,0,0,0,1,-1,0,0,0
44,1,1,0,0,858,1,0,0,5,-1,0,0,0
49,1,1,0,0,937,1,0,0,1,-1,0,0,0
42,1,1,1,0,2717,1,1,0,2,270,2,0,0
53,1,1,1,0,175,1,0,0,4,-1,0,0,0
48,9,1,1,0,3142,0,0,0,1,-1,0,0,0
30,4,2,2,0,604,0,1,0,1,-1,0,0,0
46,1,1,0,0,-271,1,0,0,2,-1,0,0,0
30,1,2,1,1,447,0,0,0,6,-1,0,0,0
34,1,1,0,0,698,1,0,0,5,-1,0,0,0
46,1,1,1,0,1144,1,0,0,2,129,3,1,1
58,7,1,1,0,0,1,0,0,5,-1,0,0,0
43,0,1,1,0,132,0,0,0,2,71,1,2,1
54,6,1,1,0,3529,0,0,0,2,-1,0,0,0
39,8,2,1,0,64,0,0,0,2,98,1,0,0
43,1,1,1,0,1127,1,0,0,3,345,2,1,0
54,1,1,0,0,1691,1,0,0,1,-1,0,0,0
53,7,1,1,0,1788,1,0,0,2,-1,0,0,0
39,4,1,2,0,378,1,1,0,2,-1,0,0,0
33,1,1,0,0,2861,1,0,0,3,-1,0,0,0
48,7,1,0,0,1496,1,0,1,2,258,2,0,0
50,0,1,1,0,-195,0,0,0,4,-1,0,0,0
38,9,1,2,0,88,0,0,0,2,186,4,2,1
25,2,1,2,0,37,1,1,0,2,-1,0,0,0
48,10,2,2,0,3229,0,0,0,1,-1,0,0,1
37,0,1,1,1,0,0,0,0,1,-1,0,0,0
33,2,1,1,0,-627,1,1,0,1,-1,0,0,1
48,1,2,1,0,339,0,1,1,4,-1,0,0,0
45,1,1,0,0,271,1,1,0,1,343,1,0,0
29,1,2,1,0,234,1,0,0,1,345,1,1,0
36,1,1,1,0,740,1,0,0,2,-1,0,0,0
71,9,1,1,0,3020,0,0,1,1,270,3,0,1
27,8,2,1,0,3,0,0,0,1,-1,0,0,0
48,4,1,2,0,5057,0,1,0,1,-1,0,0,0
47,4,1,2,0,3663,0,0,0,2,213,3,2,1
41,4,1,2,0,2470,1,0,0,2,-1,0,0,0
45,4,1,2,0,3857,1,0,0,2,190,1,0,0
36,4,1,1,0,0,0,0,0,1,-1,0,0,0
43,3,1,1,0,5233,0,0,0,2,-1,0,0,0
47,9,1,2,0,1127,0,0,0,6,-1,0,0,0
30,10,1,1,0,142,1,0,0,4,-1,0,0,0
44,1,1,0,0,749,1,0,0,2,-1,0,0,0
44,0,1,1,0,429,1,0,0,1,246,4,0,0
30,4,2,2,0,1422,1,1,0,1,223,27,0,0
30,4,2,2,0,528,1,0,0,4,-1,0,0,0
77,5,1,0,0,1385,0,0,1,4,-1,0,0,0
56,5,1,1,0,102,1,0,1,1,369,1,0,0
24,1,1,1,0,94,1,0,0,2,-1,0,0,0
46,0,0,1,0,2087,0,0,0,3,-1,0,0,1
36,4,0,2,0,18,1,0,0,2,-1,0,0,0
50,0,1,1,0,3636,0,0,0,1,-1,0,0,0
59,4,1,2,0,1726,0,1,0,3,-1,0,0,0
56,4,1,2,0,0,1,0,1,2,-1,0,0,0
48,0,0,1,0,-407,1,0,0,2,352,1,0,0
26,0,2,1,0,96,1,0,0,2,348,3,1,0
61,5,1,1,0,209,0,0,0,1,94,4,2,0
34,1,1,0,0,7673,1,0,0,1,-1,0,0,0
48,10,1,1,0,293,1,0,0,1,-1,0,0,0
54,1,1,1,0,-102,1,0,0,7,-1,0,0,0
35,9,2,1,0,176,0,0,0,2,-1,0,0,0
41,0,2,1,0,3895,1,0,0,3,296,11,1,0
26,0,2,1,0,1327,0,0,0,1,31,4,0,0
33,9,1,1,0,946,1,0,0,2,-1,0,0,0
48,1,1,1,0,1230,1,1,0,3,-1,0,0,0
50,9,2,1,0,1022,0,0,1,2,-1,0,0,0
43,1,1,0,0,34,1,0,0,3,-1,0,0,0
76,5,0,0,0,2693,0,0,0,2,-1,0,0,1
64,5,1,1,0,2923,0,0,0,1,-1,0,0,0
29,4,2,2,0,2753,0,0,0,1,-1,0,0,1
36,9,1,1,0,2473,0,0,0,4,-1,0,0,1
55,7,0,1,0,0,0,0,0,6,193,4,2,1
32,7,1,1,0,0,1,1,0,2,-1,0,0,0
27,4,2,2,1,-308,1,0,0,16,-1,0,0,0
50,9,1,1,0,0,1,0,0,2,-1,0,0,0
35,4,0,2,0,649,0,0,0,1,-1,0,0,0
24,10,2,2,0,39,1,0,0,3,-1,0,0,0
39,1,1,0,0,882,1,0,0,4,-1,0,0,0
58,5,1,0,0,590,1,0,0,2,-1,0,0,0
38,4,2,2,0,619,1,0,0,4,-1,0,0,1
40,1,2,1,0,879,1,1,0,3,-1,0,0,0
35,7,2,1,0,1063,1,1,0,1,-1,0,0,0
35,6,1,2,0,980,0,0,0,2,336,6,0,0
44,1,0,0,1,-119,1,0,0,5,-1,0,0,0
32,1,2,1,0,70,1,0,0,6,-1,0,0,0
35,9,0,1,0,308,0,0,0,2,-1,0,0,0
44,0,1,1,0,734,1,0,0,5,-1,0,0,0
36,4,2,2,0,-679,1,1,0,1,-1,0,0,0
39,6,1,1,0,31,1,0,0,2,181,4,0,0
49,10,1,2,0,0,1,0,0,2,-1,0,0,0
36,1,1,1,0,1055,1,0,0,1,-1,0,0,0
41,1,1,1,0,2823,1,0,0,1,-1,0,0,1
59,7,1,0,0,4295,0,0,1,3,-1,0,0,0
70,5,2,0,0,0,0,0,1,1,-1,0,0,0
31,7,1,1,0,655,0,1,0,6,-1,0,0,0
25,0,2,1,0,96,1,0,0,2,-1,0,0,0
33,1,2,1,0,164,1,0,0,1,-1,0,0,0
28,0,2,1,0,305,1,0,1,1,-1,0,0,0
34,1,2,1,0,558,1,0,0,1,-1,0,0,0
56,4,1,0,1,-255,1,0,1,5,-1,0,0,0
31,0,2,1,0,1129,1,0,0,3,-1,0,0,0
36,10,2,1,0,1806,1,0,0,6,-1,0,0,0
52,0,1,1,0,876,0,0,0,3,-1,0,0,0
55,4,1,2,0,86,0,0,1,1,-1,0,0,0
32,4,2,2,0,3616,0,0,0,2,-1,0,0,0
53,9,1,1,0,472,1,1,0,1,-1,0,0,0
37,10,0,2,0,1085,0,0,0,4,-1,0,0,0
47,4,1,2,0,186,0,0,0,2,-1,0,0,0
36,9,2,1,0,656,0,0,0,1,-1,0,0,0
40,9,2,1,0,2141,0,0,0,3,-1,0,0,0
33,4,1,2,0,5,1,0,0,1,-1,0,0,0
42,4,1,2,0,1162,1,0,0,5,364,1,1,0
42,2,0,1,0,3780,1,0,0,3,-1,0,0,0
43,5,2,0,0,140,0,1,1,1,-1,0,0,0
43,4,1,1,0,373,1,0,0,1,-1,0,0,0
45,4,0,2,0,854,0,1,0,1,-1,0,0,1
38,0,1,1,0,3732,1,0,0,2,-1,0,0,0
58,5,1,1,0,25,1,0,0,2,-1,0,0,0
42,1,1,0,0,505,1,0,0,2,-1,0,0,0
49,4,1,2,0,403,0,0,0,2,-1,0,0,0
48,7,2,0,0,1499,1,0,0,7,-1,0,0,0
35,1,2,1,0,3623,0,0,1,1,-1,0,0,1
49,1,1,1,0,1157,0,0,0,4,-1,0,0,0
52,4,2,2,0,1727,0,0,0,1,-1,0,0,0
61,5,1,2,0,2557,1,0,0,3,190,1,2,1
39,9,2,1,0,391,0,1,0,4,-1,0,0,1
34,4,2,2,0,3282,1,0,0,4,-1,0,0,0
42,9,1,1,0,2037,0,1,0,1,8,1,1,0
47,7,1,1,0,367,1,0,0,4,-1,0,0,1
50,4,0,2,0,318,1,0,0,2,-1,0,0,0
55,9,1,1,0,574,1,0,0,2,-1,0,0,0
33,4,2,2,0,1859,1,0,0,4,-1,0,0,0
33,9,2,1,0,635,0,0,0,1,-1,0,0,0
36,4,1,2,0,1235,0,0,0,6,-1,0,0,0
26,9,2,1,0,223,0,1,0,3,-1,0,0,1
33,7,1,1,0,1076,0,0,0,1,96,5,0,1
44,0,2,1,0,89,1,1,0,1,-1,0,0,0
73,5,1,1,0,739,0,0,0,1,-1,0,0,1
41,1,1,0,0,1491,1,0,0,2,-1,0,0,0
30,10,2,1,0,1058,0,0,0,1,-1,0,0,0
57,5,1,2,0,906,1,0,0,1,-1,0,0,0
38,4,1,2,0,613,0,0,0,1,-1,0,0,1
51,6,1,2,0,50,1,0,0,3,-1,0,0,0
43,0,2,1,0,13,0,1,0,1,-1,0,0,0
33,0,2,1,0,690,0,0,0,3,555,16,0,0
43,4,0,2,0,1819,0,1,0,2,-1,0,0,0
26,8,2,1,0,963,0,0,0,1,304,1,1,0
29,7,2,1,0,1934,0,0,0,1,-1,0,0,1
32,4,2,2,0,29,1,0,0,24,-1,0,0,0
40,0,2,2,0,1248,0,0,0,2,-1,0,0,1
51,1,1,1,0,0,0,0,0,1,-1,0,0,0
35,3,1,0,0,1266,1,0,0,2,-1,0,0,0
35,8,2,1,0,-86,1,0,0,1,-1,0,0,0
21,8,2,1,0,215,0,0,0,1,89,7,2,1
32,0,2,1,0,5,1,1,0,1,127,1,0,0
35,4,2,2,0,3544,1,0,0,1,-1,0,0,1
50,2,1,2,0,6825,0,0,0,9,-1,0,0,0
35,4,1,2,0,122,0,0,0,4,-1,0,0,0
30,4,2,2,0,533,0,0,0,4,-1,0,0,1
31,1,1,1,0,1716,1,0,0,2,340,2,1,0
51,9,2,1,0,0,1,0,0,2,-1,0,0,0
41,1,1,1,0,14,1,0,0,3,-1,0,0,0
50,5,0,0,0,2790,0,0,0,2,-1,0,0,0
47,4,2,2,0,216,1,0,0,10,-1,0,0,0
50,4,1,2,0,0,0,0,0,5,-1,0,0,0
57,7,0,1,0,4664,0,0,0,1,-1,0,0,0
34,4,1,2,0,105,1,0,0,3,-1,0,0,0
60,5,0,1,0,-639,1,0,0,1,-1,0,0,1
54,3,1,2,0,2473,0,0,0,2,-1,0,0,1
34,1,0,1,0,3798,1,0,0,1,-1,0,0,0
34,0,1,1,0,3185,1,0,0,1,-1,0,0,0
58,4,2,2,0,331,0,1,0,3,-1,0,0,0
87,5,1,0,0,2190,0,0,1,2,-1,0,0,1
42,0,2,1,0,61,1,0,0,1,-1,0,0,0
32,1,1,1,0,-460,1,1,0,2,206,6,1,0
28,9,2,1,0,213,1,0,0,1,-1,0,0,0
60,5,1,1,0,-222,0,0,0,2,-1,0,0,0
35,4,1,2,0,1078,1,0,0,4,-1,0,0,0
49,4,1,1,0,27,1,0,0,2,-1,0,0,0
58,4,1,2,0,3342,0,0,0,5,-1,0,0,1
27,8,2,1,0,1423,0,0,0,1,-1,0,0,0
51,4,1,2,0,1392,0,0,0,3,-1,0,0,0
30,9,2,2,0,411,0,0,0,1,35,1,0,0
38,9,0,2,0,465,0,1,0,3,-1,0,0,0
29,9,1,1,0,8,0,0,0,1,-1,0,0,0
30,1,1,1,0,3,1,1,0,2,-1,0,0,0
37,1,1,1,0,949,1,0,0,1,-1,0,0,0
49,1,1,1,0,739,1,0,0,2,-1,0,0,0
27,4,1,2,0,1918,0,0,0,1,-1,0,0,0
81,5,1,0,0,0,0,0,1,1,-1,0,0,0
50,4,1,2,0,469,0,0,0,1,-1,0,0,1
35,9,2,1,1,-30,0,0,0,2,-1,0,0,0
34,0,1,1,0,635,1,0,0,1,-1,0,0,0
49,1,1,1,0,171,0,0,0,3,175,2,1,0
41,4,0,2,0,107,1,0,0,17,-1,0,0,0
44,9,0,1,0,275,0,0,0,1,-1,0,0,1
33,9,2,2,0,1190,1,0,0,2,252,4,0,0
42,4,1,2,0,2309,1,0,0,3,-1,0,0,0
44,1,0,1,0,-222,1,0,0,3,-1,0,0,0
59,5,1,2,0,135,1,0,0,1,-1,0,0,0
35,6,1,1,0,670,0,0,0,1,-1,0,0,0
33,0,2,1,0,549,1,0,0,2,-1,0,0,0
31,1,1,1,0,360,1,1,0,1,241,1,0,0
38,1,0,0,0,-258,1,0,0,2,370,4,1,0
52,4,1,1,0,1708,0,0,0,1,75,4,0,1
33,9,2,2,0,340,0,0,0,2,-1,0,0,0
50,0,1,1,0,715,0,0,0,13,-1,0,0,0
73,5,1,1,0,19,0,0,0,2,-1,0,0,0
52,5,0,0,0,-779,1,1,0,1,-1,0,0,1
36,4,1,2,0,1041,1,0,0,2,-1,0,0,0
40,0,1,1,0,1380,1,0,0,1,-1,0,0,0
24,9,2,2,0,1954,1,1,0,1,-1,0,0,0
31,6,2,2,0,1788,0,0,0,15,-1,0,0,0
39,1,1,1,0,276,0,0,0,2,-1,0,0,1
29,1,1,0,0,10191,1,0,0,2,-1,0,0,0
47,4,1,1,0,28,0,0,0,2,-1,0,0,0
35,1,1,0,0,994,1,0,0,8,-1,0,0,1
42,4,1,1,0,1519,0,0,0,1,-1,0,0,1
32,9,2,1,0,303,0,0,0,3,-1,0,0,0
30,8,2,2,0,7529,0,0,0,1,-1,0,0,1
38,9,2,2,0,178,1,0,0,1,351,1,0,0
50,4,1,2,0,619,1,0,1,2,-1,0,0,0
34,10,2,2,0,786,0,0,0,11,-1,0,0,0
57,4,1,2,0,561,0,0,0,8,-1,0,0,0
39,1,1,0,0,398,1,0,0,1,-1,0,0,0
31,4,1,1,0,4123,0,0,0,2,-1,0,0,0
32,1,0,0,0,4805,0,1,0,3,-1,0,0,0
35,10,2,1,0,947,1,0,0,2,-1,0,0,0
39,0,0,1,0,2610,0,0,0,5,-1,0,0,0
49,3,1,0,0,640,0,0,1,4,-1,0,0,0
41,7,1,1,0,446,1,0,0,1,186,1,2,0
26,1,2,1,0,-132,0,0,0,1,-1,0,0,0
40,2,0,1,0,201,1,0,0,2,-1,0,0,0
23,8,2,1,0,1809,0,0,0,2,-1,0,0,1
27,4,2,2,0,6791,0,0,0,2,69,26,1,1
35,4,1,2,0,-126,0,0,0,2,-1,0,0,0
28,8,2,1,0,197,1,0,0,1,-1,0,0,0
44,1,1,0,0,143,1,0,0,1,-1,0,0,0
36,3,1,2,0,147,1,1,0,1,-1,0,0,0
49,1,1,1,0,100,1,0,0,2,347,1,0,0
39,0,2,1,0,1965,1,0,0,1,-1,0,0,0
42,10,1,2,0,1270,1,0,0,1,-1,0,0,0
52,10,1,0,0,1724,0,0,0,1,-1,0,0,0
41,10,1,0,0,-117,1,0,1,6,-1,0,0,0
40,1,1,0,0,3658,1,0,0,1,-1,0,0,0
57,9,1,1,0,6164,0,0,0,2,-1,0,0,0
81,5,0,2,0,0,0,0,0,1,-1,0,0,0
46,9,1,2,0,0,0,0,0,1,167,1,0,1
58,5,1,1,0,0,1,0,0,1,-1,0,0,0
34,7,2,1,0,8132,1,0,0,1,-1,0,0,0
34,1,1,1,1,-331,1,1,0,1,-1,0,0,0
34,6,1,0,0,712,1,0,0,3,-1,0,0,0
36,4,2,2,0,1129,1,0,1,1,-1,0,0,0
32,1,1,1,0,1148,1,0,0,1,-1,0,0,0
38,9,1,2,0,3234,0,0,0,2,-1,0,0,1
38,9,1,2,0,-363,0,0,0,2,-1,0,0,0
36,9,2,1,0,318,0,0,0,4,-1,0,0,0
28,9,2,1,0,2034,1,0,0,1,-1,0,0,0
39,1,1,0,0,592,1,0,0,2,-1,0,0,0
25,8,2,1,0,520,1,0,0,1,-1,0,0,0
42,9,1,1,0,8899,1,0,0,2,-1,0,0,0
31,4,1,2,1,-253,0,0,0,4,-1,0,0,0
27,2,1,2,0,59,0,0,0,6,-1,0,0,0
42,4,0,2,0,0,0,0,0,2,-1,0,0,0
28,1,1,0,0,3267,1,1,1,1,-1,0,0,0
42,9,2,1,0,1882,1,0,0,1,-1,0,0,0
30,9,2,1,0,4888,1,0,0,2,-1,0,0,0
59,2,0,1,0,0,0,1,0,2,-1,0,0,0
54,7,1,1,0,131,0,0,0,2,-1,0,0,0
39,4,1,2,0,763,1,0,0,7,300,2,1,1
62,1,1,0,0,115,0,0,1,3,-1,0,0,0
35,0,1,1,0,-312,0,0,0,1,-1,0,0,0
60,3,0,1,0,2063,0,0,0,1,99,2,0,0
23,1,2,0,0,3198,1,0,0,1,352,2,0,0
35,9,2,2,0,1880,0,0,0,1,-1,0,0,1
52,4,1,2,0,4358,0,0,1,7,-1,0,0,0
44,3,1,0,0,882,0,0,1,4,-1,0,0,0
36,2,1,1,0,352,1,0,0,2,-1,0,0,0
34,2,1,2,0,-28,1,0,0,1,-1,0,0,0
35,7,1,1,0,17,1,0,0,4,-1,0,0,0
58,9,1,1,0,1,0,0,0,1,64,2,0,0
30,4,1,2,0,1476,1,1,0,4,-1,0,0,0
34,0,1,2,0,221,1,0,0,4,-1,0,0,0
43,9,1,1,0,78,1,0,0,1,-1,0,0,0
54,4,1,2,0,11246,0,0,0,2,-1,0,0,0
50,0,1,1,0,231,1,0,0,2,-1,0,0,0
30,10,2,0,0,1,0,0,0,2,-1,0,0,0
34,7,1,1,0,-85,1,0,0,4,-1,0,0,0
33,0,0,1,0,212,1,0,0,1,-1,0,0,0
31,2,2,2,0,247,1,1,0,1,-1,0,0,0
82,5,1,0,0,243,0,0,0,1,180,2,2,1
35,1,1,1,0,2926,1,0,0,1,292,25,0,0
62,5,1,1,0,2917,0,0,0,2,182,2,0,0
33,4,1,1,0,94,1,0,0,1,-1,0,0,0
26,1,1,1,0,2770,1,0,0,1,-1,0,0,0
52,1,1,1,0,2338,1,0,0,1,-1,0,0,0
49,1,2,0,0,87,1,0,1,2,-1,0,0,0
31,7,1,1,0,525,1,1,0,1,-1,0,0,0
55,4,0,2,0,277,0,0,0,3,-1,0,0,0
44,9,1,1,0,363,0,1,0,2,-1,0,0,0
49,1,1,0,0,418,0,0,0,7,-1,0,0,0
53,4,1,1,0,2693,0,0,0,1,-1,0,0,0
32,4,2,2,0,7290,1,0,0,1,-1,0,0,1
32,9,2,1,0,1279,1,0,0,3,-1,0,0,1
37,0,1,1,0,1193,0,0,0,2,-1,0,0,0
31,1,1,2,0,-35,0,0,0,2,-1,0,0,1
37,1,1,1,0,105,1,0,0,2,-1,0,0,0
35,1,1,1,0,53,1,0,0,2,-1,0,0,0
34,0,1,1,0,1406,1,0,0,1,-1,0,0,1
34,9,1,1,0,0,1,0,0,1,91,2,1,0
31,7,0,1,0,1222,1,0,0,1,-1,0,0,0
30,4,2,2,0,2123,0,0,0,2,-1,0,0,0
36,4,1,2,0,254,0,0,0,2,-1,0,0,1
57,5,2,1,0,1640,0,1,0,4,-1,0,0,0
31,2,1,2,0,425,1,0,0,2,-1,0,0,0
53,4,2,0,0,208,1,0,0,9,-1,0,0,0
35,9,1,1,0,0,0,0,0,14,-1,0,0,0
51,1,1,1,0,2918,0,0,0,2,-1,0,0,0
27,0,2,1,0,6492,0,0,0,6,-1,0,0,0
57,1,1,0,0,0,0,0,0,2,-1,0,0,0
36,9,0,1,0,1941,0,1,0,4,-1,0,0,0
32,9,2,1,0,2341,1,0,0,1,-1,0,0,0
47,4,2,2,0,-295,0,1,0,2,-1,0,0,0
29,0,1,1,0,445,1,0,0,2,-1,0,0,0
46,4,1,2,0,618,1,0,0,3,-1,0,0,0
34,4,1,2,0,786,1,1,0,1,-1,0,0,0
57,0,0,1,0,0,0,0,0,2,-1,0,0,0
25,1,2,0,0,52,1,0,0,2,-1,0,0,1
31,4,1,2,0,22867,1,0,0,2,-1,0,0,0
40,4,2,1,0,10378,1,0,0,3,-1,0,0,0
43,1,1,1,0,678,1,1,0,3,-1,0,0,0
44,9,0,1,0,976,1,0,0,2,-1,0,0,0
58,1,1,0,0,66,1,0,0,4,-1,0,0,0
53,1,1,1,0,6258,1,0,1,5,-1,0,0,0
41,7,1,1,1,-1,0,1,0,4,-1,0,0,1
31,4,2,2,0,2085,1,0,0,2,93,4,0,0
57,5,1,1,0,485,0,0,0,2,187,2,0,0
29,1,1,1,0,47,1,1,0,1,-1,0,0,0
55,5,1,1,0,1467,0,1,0,2,-1,0,0,0
27,0,2,1,0,416,0,0,0,1,-1,0,0,0
42,1,1,1,0,-355,1,1,0,6,-1,0,0,0
49,1,1,1,0,1838,1,0,0,1,-1,0,0,0
44,6,1,2,0,134,0,0,0,4,-1,0,0,0
32,9,1,2,0,432,1,0,0,2,195,1,1,0
49,1,1,1,0,141,0,0,0,1,-1,0,0,0
23,9,2,1,0,1587,1,1,0,2,-1,0,0,0
51,4,0,2,0,0,0,0,0,2,-1,0,0,0
38,9,2,2,0,0,1,0,0,1,-1,0,0,0
28,1,1,1,0,948,1,0,0,1,-1,0,0,0
37,1,1,1,0,342,1,0,0,2,175,1,0,0
25,9,1,2,0,914,1,0,0,2,-1,0,0,0
26,1,2,1,0,384,1,0,0,1,364,2,1,0
59,5,0,0,0,40,0,0,0,1,-1,0,0,0
40,0,1,1,0,947,0,0,0,1,-1,0,0,0
55,0,1,0,0,319,0,0,0,3,-1,0,0,0
31,8,2,1,0,252,1,0,0,3,-1,0,0,0
43,0,2,1,0,56831,0,0,0,1,-1,0,0,0
55,9,0,2,0,56,0,0,0,6,-1,0,0,0
34,9,1,1,0,6324,1,0,0,4,-1,0,0,0
33,1,1,0,0,331,1,0,0,3,-1,0,0,0
39,0,2,1,0,2749,1,0,0,1,170,1,0,0
34,1,1,0,0,3986,1,0,0,2,-1,0,0,0
45,1,1,1,0,42,1,0,0,5,-1,0,0,0
46,3,2,2,0,3232,0,0,1,2,-1,0,0,0
35,2,1,2,0,7962,1,0,0,2,140,2,0,0
38,0,1,2,0,4399,1,0,0,2,-1,0,0,0
36,4,2,2,0,243,1,0,0,2,360,3,0,0
40,7,1,1,0,1688,0,0,0,1,-1,0,0,0
33,9,2,1,0,10600,0,0,0,1,267,2,0,0
28,6,2,1,0,131,1,0,0,14,-1,0,0,0
53,10,0,2,0,0,1,1,0,2,-1,0,0,0
28,1,2,0,0,1518,1,0,0,3,359,3,0,0
49,1,1,1,0,51,1,0,0,1,-1,0,0,0
33,0,1,1,0,1077,1,0,0,3,374,3,1,0
52,1,1,0,0,2396,1,0,0,7,-1,0,0,0
30,8,2,1,0,988,0,0,0,9,-1,0,0,0
52,7,1,1,0,2072,0,0,0,1,-1,0,0,0
27,4,2,2,0,438,1,0,0,5,-1,0,0,0
41,1,1,1,0,475,1,0,1,1,-1,0,0,0
30,4,2,2,0,6,1,0,0,2,-1,0,0,0
34,0,1,1,0,-33,1,1,0,1,-1,0,0,1
42,6,1,2,0,1385,0,0,0,19,-1,0,0,0
60,5,1,2,0,486,0,0,0,4,-1,0,0,0
36,9,1,1,0,474,1,0,0,1,-1,0,0,0
28,0,2,1,0,26,1,0,0,2,-1,0,0,0
46,9,1,2,0,675,1,0,0,1,-1,0,0,0
42,6,1,2,0,21861,0,0,0,2,-1,0,0,0
38,4,0,2,0,4335,1,0,0,7,179,1,0,0
25,1,2,1,0,373,1,0,0,2,-1,0,0,0
55,4,1,2,0,3848,1,0,0,2,-1,0,0,1
50,7,1,1,0,1688,0,0,1,2,-1,0,0,0
52,4,1,2,0,1392,0,0,0,2,205,3,0,0
30,1,1,1,0,1131,1,1,0,1,144,5,0,0
52,6,1,1,0,9,0,1,0,1,-1,0,0,0
49,7,1,1,0,271,1,1,0,2,330,2,1,0
34,7,1,1,0,4963,1,0,0,1,332,2,0,0
38,4,2,2,0,16957,1,0,0,2,-1,0,0,0
47,6,1,0,0,10697,0,0,0,2,-1,0,0,0
57,1,1,1,0,649,1,0,0,1,-1,0,0,0
39,10,1,1,0,270,1,0,0,1,-1,0,0,0
54,9,1,2,0,4582,1,0,0,1,-1,0,0,0
27,6,2,2,0,5214,1,0,0,1,-1,0,0,0
33,4,1,2,0,7,1,0,1,1,-1,0,0,0
33,7,2,1,0,459,1,0,0,1,266,2,0,0
58,9,1,0,1,-247,0,0,0,1,-1,0,0,0
34,4,1,2,0,303,1,0,0,1,195,2,0,0
67,5,1,1,0,2540,0,0,1,5,116,4,1,1
35,4,2,2,0,560,1,0,0,1,-1,0,0,0
60,4,1,2,0,73,0,0,1,2,-1,0,0,1
58,1,0,1,0,314,0,0,0,2,-1,0,0,0
41,9,2,2,0,15302,0,0,0,4,-1,0,0,0
47,1,1,1,0,473,1,0,0,2,176,2,1,0
33,1,2,1,0,514,1,0,0,1,-1,0,0,0
60,4,1,2,0,759,0,0,0,2,-1,0,0,0
43,1,1,1,0,24,1,0,0,2,-1,0,0,0
33,1,1,0,0,494,1,0,0,1,346,2,0,0
42,1,1,1,0,665,1,0,0,1,332,3,0,0
54,1,1,0,0,1849,0,0,0,4,-1,0,0,0
29,4,2,2,0,0,1,0,0,1,-1,0,0,0
37,7,1,1,1,-954,1,0,0,3,-1,0,0,0
57,4,1,2,0,0,1,1,0,2,-1,0,0,0
25,4,2,2,0,10,0,0,0,2,-1,0,0,0
57,4,1,2,0,1227,0,0,0,1,-1,0,0,1
34,9,1,2,0,2656,1,0,0,1,-1,0,0,0
37,3,2,1,0,-178,1,0,0,5,-1,0,0,0
43,7,0,1,0,-287,1,0,0,4,-1,0,0,0
36,1,1,0,0,2079,1,1,0,2,-1,0,0,0
58,5,1,1,0,919,1,1,0,2,346,2,0,0
39,9,2,1,0,1,0,0,0,2,-1,0,0,0
54,9,0,1,0,320,0,0,0,4,-1,0,0,0
54,9,2,1,0,2237,0,0,0,5,-1,0,0,0
44,0,1,1,0,345,1,0,1,8,-1,0,0,0
63,0,0,1,0,4680,0,0,0,2,-1,0,0,1
38,6,1,2,0,0,0,1,0,3,-1,0,0,0
53,4,1,2,0,6408,0,0,0,1,-1,0,0,0
44,4,0,2,0,2237,1,0,0,2,-1,0,0,0
56,1,1,0,0,186,1,0,0,4,-1,0,0,0
43,9,1,1,0,-705,1,0,0,6,-1,0,0,0
37,9,1,1,0,807,1,0,0,4,-1,0,0,0
49,1,2,0,1,-2604,1,0,0,1,-1,0,0,0
24,9,2,1,0,409,1,0,0,1,-1,0,0,1
35,9,1,2,0,3160,1,0,0,2,95,1,0,1
60,9,1,1,0,0,1,0,0,1,-1,0,0,0
28,7,2,2,0,128,0,0,0,1,414,1,0,1
34,4,2,2,0,1049,1,0,0,2,129,1,0,0
38,4,1,2,0,3724,1,0,0,10,-1,0,0,0
30,4,1,1,0,678,1,0,0,4,-1,0,0,0
39,7,1,1,0,104,1,0,0,6,-1,0,0,0
34,4,1,2,0,498,1,0,0,1,251,2,0,0
34,10,1,2,0,181,1,0,0,1,-1,0,0,0
40,0,1,1,0,451,1,1,0,1,-1,0,0,0
51,7,1,0,0,8806,1,0,0,1,-1,0,0,0
48,7,1,1,0,440,1,0,0,1,312,1,0,0
48,0,1,1,0,306,0,1,0,2,-1,0,0,0
43,0,1,1,0,-465,1,1,0,1,-1,0,0,0
34,9,1,1,0,134,0,0,0,4,-1,0,0,0
45,7,1,1,0,-839,1,0,0,1,-1,0,0,0
26,1,2,1,0,5829,0,0,0,2,-1,0,0,0
54,10,0,1,0,3721,1,0,0,1,-1,0,0,0
35,1,1,1,0,407,1,0,0,6,-1,0,0,0
38,0,0,1,0,930,1,0,0,1,-1,0,0,0
36,3,1,0,0,531,0,0,0,3,-1,0,0,0
27,8,2,1,0,671,1,0,0,2,-1,0,0,0
43,2,0,2,0,1756,0,0,0,1,-1,0,0,0
43,1,1,0,0,-111,1,0,0,7,-1,0,0,0
31,3,2,2,0,596,0,0,1,1,-1,0,0,0
30,1,2,1,0,327,1,0,1,2,-1,0,0,0
67,5,1,0,0,1430,0,0,1,3,-1,0,0,0
36,4,0,2,0,102,1,0,0,1,-1,0,0,0
41,7,1,1,0,230,1,0,0,3,-1,0,0,0
51,0,1,0,0,173,0,0,0,2,-1,0,0,0
31,4,2,2,0,112,1,0,0,2,271,1,0,0
35,1,1,0,0,0,1,1,0,2,271,2,1,0
27,1,2,0,0,-79,1,0,0,5,-1,0,0,0
36,6,1,1,0,1245,1,0,0,7,248,9,2,0
54,1,1,0,0,714,0,0,0,1,-1,0,0,0
47,0,1,1,0,533,0,1,0,1,-1,0,0,0
47,1,1,1,0,0,1,1,0,1,-1,0,0,0
31,4,2,2,0,2384,1,0,0,2,-1,0,0,0
26,8,2,1,0,4613,0,0,0,3,196,2,1,1
37,1,1,1,0,-100,1,0,0,2,349,2,0,0
34,9,1,2,0,100,0,0,0,2,-1,0,0,0
32,4,2,1,0,1473,0,0,0,7,-1,0,0,0
49,2,1,1,0,1160,1,0,0,1,-1,0,0,0
59,5,0,0,0,47,1,0,1,3,374,1,0,0
34,9,1,1,0,883,0,0,1,2,173,3,0,0
51,3,2,0,0,723,0,0,0,1,-1,0,0,0
34,9,1,1,0,-259,1,0,0,2,-1,0,0,0
32,9,2,2,0,1038,0,0,0,4,-1,0,0,0
44,1,1,0,0,1139,0,1,0,2,-1,0,0,0
45,9,1,1,0,886,1,0,0,1,-1,0,0,0
45,4,1,2,0,1847,0,0,0,5,-1,0,0,0
36,4,1,2,0,93,0,0,0,3,96,4,1,0
59,0,1,1,0,3735,0,0,0,3,91,6,2,1
39,9,0,1,0,530,1,1,0,1,-1,0,0,0
36,0,1,1,0,1479,0,0,0,2,-1,0,0,0
32,10,2,0,0,1429,0,0,0,4,-1,0,0,0
51,9,1,1,0,2682,0,0,0,1,-1,0,0,0
31,0,1,1,0,1098,1,0,0,2,-1,0,0,0
56,1,2,0,0,39,1,0,1,2,347,5,0,0
36,7,1,1,0,-182,1,1,0,6,304,11,1,0
40,10,0,1,0,991,1,0,0,2,-1,0,0,0
26,4,2,2,0,948,1,0,0,1,-1,0,0,0
31,7,2,1,1,-248,0,0,0,1,-1,0,0,0
40,1,1,1,0,925,1,1,0,8,-1,0,0,0
31,8,2,1,0,735,0,0,0,3,322,1,1,0
35,4,1,2,0,365,0,0,0,2,-1,0,0,0
28,7,1,1,0,72,0,1,0,4,-1,0,0,0
31,0,2,2,0,676,1,0,0,2,343,2,1,1
40,1,1,1,0,877,1,0,0,6,-1,0,0,0
41,0,1,1,0,3204,0,1,0,2,-1,0,0,0
27,2,1,1,0,345,1,1,0,1,289,4,0,0
42,4,1,2,0,27696,0,0,0,2,89,5,2,1
31,1,1,1,0,113,1,0,0,3,-1,0,0,0
43,0,2,1,0,2539,1,0,0,4,-1,0,0,0
60,9,1,1,0,2389,1,1,0,1,-1,0,0,0
53,9,1,1,0,287,0,0,1,5,-1,0,0,0
27,1,2,1,1,-3,1,0,0,5,-1,0,0,0
65,4,1,1,0,5251,0,0,1,5,-1,0,0,0
41,4,2,2,0,275,1,0,0,2,-1,0,0,0
58,4,0,2,0,0,0,0,1,7,-1,0,0,0
21,8,2,0,0,1596,0,0,0,1,93,2,0,0
56,7,0,1,0,141,1,0,0,2,370,2,0,0
34,2,0,2,0,338,1,0,0,2,-1,0,0,0
56,0,1,1,0,1694,0,0,0,10,-1,0,0,1
60,6,1,2,0,10861,0,0,0,1,91,2,0,1
43,4,2,1,0,2968,0,0,0,4,-1,0,0,0
35,9,0,1,0,0,1,0,0,6,-1,0,0,0
36,1,0,1,0,625,1,0,0,2,-1,0,0,0
44,9,2,1,0,7138,0,0,0,2,-1,0,0,1
47,1,1,0,0,292,0,1,1,3,-1,0,0,0
30,4,2,2,0,17,0,0,0,6,-1,0,0,0
41,6,1,0,0,340,0,0,0,3,-1,0,0,0
27,1,2,1,0,179,1,0,0,2,-1,0,0,0
35,4,1,2,0,552,1,1,0,2,124,1,0,0
39,9,1,1,0,603,0,1,0,1,-1,0,0,1
42,10,1,1,0,135,1,0,0,6,-1,0,0,0
56,1,2,1,0,6483,1,0,0,2,-1,0,0,0
52,9,1,1,0,337,1,0,0,1,261,4,0,0
34,1,1,1,0,1897,1,1,0,1,-1,0,0,0
34,10,2,2,0,1974,0,0,0,1,342,3,2,1
28,4,2,2,0,5549,0,0,0,6,-1,0,0,0
33,4,1,2,0,0,0,0,0,2,-1,0,0,0
36,1,1,2,0,-534,1,0,0,1,-1,0,0,0
51,3,1,2,0,3122,1,0,0,2,-1,0,0,0
33,1,1,1,0,-271,1,1,0,2,-1,0,0,0
31,4,1,2,0,3897,1,0,0,3,-1,0,0,0
40,2,1,2,0,1024,0,0,0,1,-1,0,0,0
58,9,1,1,0,4299,1,0,0,3,-1,0,0,0
49,4,1,2,0,271,1,0,0,6,-1,0,0,0
39,9,1,2,0,602,1,0,0,7,-1,0,0,0
42,1,1,1,0,179,1,0,0,1,-1,0,0,0
39,1,1,1,0,462,1,0,0,1,-1,0,0,1
36,0,0,1,0,356,1,0,0,3,313,1,0,0
43,7,1,1,0,861,1,0,0,1,-1,0,0,0
44,4,1,2,0,724,1,0,0,2,172,1,0,0
37,7,1,1,0,4017,0,0,0,1,-1,0,0,1
30,9,2,1,0,1626,0,0,0,3,-1,0,0,0
33,1,1,1,0,249,1,0,0,4,-1,0,0,0
35,7,0,1,0,221,1,0,0,1,360,1,0,0
42,0,2,1,0,684,0,0,0,1,186,1,2,0
33,9,0,1,1,10,1,1,0,5,-1,0,0,0
50,2,1,2,0,433,1,0,0,4,-1,0,0,0
44,4,0,2,0,0,1,1,0,2,167,1,0,0
43,1,1,1,0,3549,1,0,0,5,-1,0,0,0
28,4,2,2,0,390,0,0,0,1,232,4,2,1
29,1,2,0,0,161,0,1,0,1,-1,0,0,0
52,1,1,0,0,1705,0,0,0,3,-1,0,0,0
38,3,1,0,0,196,0,0,0,1,-1,0,0,1
40,4,1,2,0,0,1,0,0,2,-1,0,0,1
39,7,2,1,0,322,1,0,0,1,350,1,0,0
43,9,2,2,0,275,1,0,1,2,360,1,1,0
32,0,1,1,0,305,1,0,0,3,-1,0,0,0
27,0,2,1,0,861,0,0,0,4,-1,0,0,1
32,2,2,2,0,-34,1,0,0,1,-1,0,0,1
59,10,0,1,0,7469,0,0,0,1,-1,0,0,0
25,8,2,1,0,277,0,0,0,2,-1,0,0,1
25,2,2,2,0,16874,1,1,0,2,-1,0,0,0
26,7,2,1,0,38,0,0,1,3,-1,0,0,0
42,4,2,2,1,0,1,0,0,1,-1,0,0,1
28,0,2,2,0,1104,1,0,0,7,-1,0,0,0
28,1,2,2,0,1372,0,0,0,4,298,1,0,0
55,4,0,2,0,2383,0,0,0,2,63,2,2,1
47,9,1,2,0,545,1,0,0,3,-1,0,0,0
33,1,1,1,0,1924,1,1,0,1,-1,0,0,0
30,7,2,1,0,-838,1,0,0,2,-1,0,0,0
43,4,1,2,0,839,0,0,0,1,-1,0,0,1
45,4,1,2,0,1300,0,0,0,3,-1,0,0,0
32,9,2,2,0,259,0,0,0,4,-1,0,0,0
38,9,2,1,0,1211,1,0,0,1,358,1,2,0
57,6,1,1,0,35,0,1,0,3,-1,0,0,0
32,9,1,2,0,2976,1,0,0,1,175,5,0,1
31,1,1,1,0,10287,1,0,0,1,-1,0,0,0
49,7,1,1,0,47,0,0,0,2,-1,0,0,0
52,7,0,0,0,-644,0,0,0,3,-1,0,0,0
29,9,2,1,0,28,0,0,0,2,-1,0,0,0
41,9,1,1,0,188,0,1,1,25,-1,0,0,0
28,10,2,2,0,1010,1,0,0,1,336,2,0,0
57,2,1,2,0,1114,0,0,0,2,-1,0,0,0
47,4,1,1,0,2892,0,0,0,1,-1,0,0,1
39,1,1,1,0,0,1,0,0,3,176,2,0,0
41,1,1,0,0,1905,1,0,0,4,-1,0,0,0
29,0,2,1,0,265,1,0,0,1,184,1,0,1
40,6,1,2,0,191,1,0,0,5,-1,0,0,0
32,4,0,1,0,-107,1,0,0,2,-1,0,0,0
60,4,1,0,0,252,1,1,0,2,147,3,0,0
45,1,0,0,0,0,1,0,0,2,-1,0,0,0
36,1,1,0,0,578,1,0,0,2,-1,0,0,0
56,6,1,1,0,123,0,0,0,1,-1,0,0,0
42,0,2,1,0,470,1,0,1,4,-1,0,0,0
34,1,1,1,0,298,1,0,0,1,-1,0,0,0
35,4,2,2,0,642,0,0,0,1,-1,0,0,0
31,7,1,1,0,490,1,0,0,5,179,2,1,0
60,5,1,0,0,97,0,0,0,4,-1,0,0,0
41,1,1,1,0,2717,1,1,0,2,-1,0,0,0
58,2,1,1,0,3,0,0,0,5,-1,0,0,0
79,5,0,0,0,1910,0,0,1,2,-1,0,0,0
37,0,2,1,0,781,0,0,0,1,-1,0,0,0
35,4,1,2,0,-718,1,1,0,3,-1,0,0,0
33,9,0,1,0,948,0,0,0,1,-1,0,0,0
31,3,0,0,0,168,1,0,0,3,-1,0,0,0
26,7,2,1,0,1163,0,1,0,4,-1,0,0,0
34,0,2,1,0,2434,1,0,0,4,-1,0,0,0
40,9,2,2,0,1175,0,0,0,1,-1,0,0,1
33,0,1,1,0,95,1,0,0,1,102,1,2,0
32,0,1,2,0,227,0,0,0,2,-1,0,0,0
51,5,2,0,0,604,0,0,0,2,-1,0,0,0
32,0,1,1,0,684,1,0,0,3,-1,0,0,1
54,4,1,2,0,2847,1,0,0,10,-1,0,0,0
32,1,1,0,0,225,1,0,0,1,-1,0,0,0
30,4,1,2,0,877,0,0,0,2,108,3,0,0
37,1,2,1,0,6,0,0,0,2,-1,0,0,0
52,4,1,2,0,1339,1,0,0,5,-1,0,0,0
53,9,1,1,0,529,1,0,0,1,-1,0,0,0
28,0,1,1,1,105,0,0,0,1,-1,0,0,0
48,9,0,1,0,0,0,1,0,1,-1,0,0,0
42,9,1,1,0,300,1,0,0,1,-1,0,0,0
50,2,0,2,0,1790,0,1,0,3,-1,0,0,0
32,9,1,1,0,4887,1,0,0,3,-1,0,0,0
37,9,1,2,0,16,1,1,0,3,-1,0,0,0
47,7,1,1,0,12839,1,0,0,1,171,4,0,0
42,1,0,1,0,1261,1,1,0,1,-1,0,0,0
45,7,1,1,0,1381,1,0,0,1,-1,0,0,0
38,9,2,1,0,565,1,0,0,1,-1,0,0,1
34,0,1,1,0,764,0,0,0,2,-1,0,0,0
42,6,1,0,0,3641,1,0,0,1,-1,0,0,0
31,3,2,2,0,399,1,0,0,1,-1,0,0,0
33,4,2,2,0,259,0,0,0,6,-1,0,0,0
29,1,2,1,0,908,1,0,0,1,-1,0,0,1
50,0,1,1,0,10250,1,0,0,3,385,2,1,1
46,4,1,1,0,766,1,0,0,1,-1,0,0,0
47,5,2,0,0,3033,0,0,0,1,-1,0,0,1
53,1,0,0,0,2656,1,0,0,2,-1,0,0,1
36,9,1,1,0,522,1,0,0,1,-1,0,0,0
33,4,1,2,0,1,1,1,0,8,-1,0,0,0
26,8,2,1,0,316,0,0,0,2,-1,0,0,0
36,1,1,1,0,688,1,0,0,2,-1,0,0,0
46,3,1,0,0,1188,0,0,0,5,-1,0,0,0
53,9,1,1,0,234,0,0,0,2,-1,0,0,0
54,4,1,2,0,3,0,1,0,1,-1,0,0,0
31,0,2,2,0,701,1,0,0,2,-1,0,0,0
41,4,1,2,0,27696,0,0,0,2,184,3,2,1
28,4,2,2,0,1466,1,0,0,1,-1,0,0,0
31,9,2,2,0,424,0,0,0,2,-1,0,0,0
43,1,1,0,0,714,1,0,0,6,362,28,0,0
49,2,1,2,0,763,0,0,0,4,-1,0,0,0
41,4,1,2,0,5883,0,0,0,2,-1,0,0,0
49,4,2,2,0,493,0,0,0,1,-1,0,0,0
38,7,1,1,0,434,1,0,0,1,-1,0,0,0
28,4,2,2,0,0,1,0,0,1,-1,0,0,0
56,4,0,2,0,-141,0,0,0,4,-1,0,0,0
53,5,1,1,0,1278,1,0,1,3,-1,0,0,0
32,9,2,1,0,34,0,0,0,2,-1,0,0,0
46,1,1,0,0,1,1,1,1,7,-1,0,0,0
36,1,1,0,0,655,1,0,0,4,-1,0,0,0
42,1,1,0,0,191,1,0,1,3,371,1,0,0
33,9,2,2,0,1636,1,0,0,1,66,1,2,1
55,1,1,0,0,332,1,0,0,2,-1,0,0,0
40,4,1,2,0,196,1,0,0,1,-1,0,0,0
35,2,1,1,0,0,1,0,0,1,-1,0,0,0
26,7,2,1,0,110,0,0,0,2,-1,0,0,1
45,6,1,1,0,830,0,0,0,1,111,2,0,0
60,9,1,1,0,-247,1,0,1,2,351,1,0,0
35,0,2,1,0,-133,1,0,0,3,-1,0,0,0
35,0,0,1,0,437,1,0,0,1,-1,0,0,1
49,1,1,0,0,130,0,0,0,2,-1,0,0,0
28,8,2,1,0,1925,0,0,0,1,88,4,0,1
30,4,1,2,0,49,1,1,0,1,-1,0,0,0
48,9,1,1,0,1981,1,0,0,3,92,5,0,0
38,1,2,1,0,5891,1,0,0,3,-1,0,0,0
21,8,2,1,0,57,0,0,0,1,-1,0,0,0
37,4,0,2,0,-42,1,0,0,2,-1,0,0,1
27,7,2,1,0,5850,1,0,0,3,-1,0,0,0
35,10,2,0,0,-17,0,0,0,1,-1,0,0,0
34,9,2,2,0,144,1,1,0,3,89,16,0,0
39,1,1,0,0,2862,1,0,0,2,-1,0,0,0
41,1,1,0,0,1820,1,0,1,3,-1,0,0,0
30,4,2,2,0,4,0,0,0,3,-1,0,0,0
44,9,1,1,0,1901,0,0,0,3,104,2,0,0
43,1,1,0,0,361,1,0,0,2,-1,0,0,0
30,1,1,1,0,167,1,0,0,1,-1,0,0,1
48,1,2,0,0,0,0,0,0,1,-1,0,0,0
58,9,1,1,0,201,0,0,0,5,-1,0,0,0
33,1,2,1,0,2764,1,0,0,1,-1,0,0,0
45,1,0,0,0,844,0,0,0,3,-1,0,0,1
31,1,2,0,0,-280,0,0,0,3,-1,0,0,0
52,9,1,2,0,1405,1,1,0,1,-1,0,0,0
74,5,1,0,0,279,0,0,1,1,-1,0,0,0
26,7,1,1,0,549,0,0,0,1,-1,0,0,0
27,3,1,1,0,4848,1,1,1,3,-1,0,0,0
56,1,1,1,0,2395,0,0,0,2,-1,0,0,0
32,4,2,1,0,916,1,0,0,2,-1,0,0,0
38,4,2,2,0,493,1,0,0,1,367,7,0,0
49,4,1,2,0,596,1,0,0,2,-1,0,0,0
60,5,1,0,0,172,0,0,0,4,-1,0,0,0
31,4,2,2,0,147,0,0,0,1,181,2,2,1
59,3,0,0,0,3180,0,0,0,1,-1,0,0,0
26,7,1,1,0,0,1,0,0,4,-1,0,0,0
32,1,2,0,0,882,0,1,0,8,-1,0,0,0
30,6,1,1,0,8563,1,0,0,1,351,4,1,0
41,0,1,1,0,8238,1,1,0,4,-1,0,0,0
43,0,1,1,0,1625,1,1,0,1,-1,0,0,0
30,4,2,2,0,78,1,0,0,2,-1,0,0,0
33,0,1,1,0,0,0,0,0,3,-1,0,0,0
39,7,1,1,0,1099,0,0,0,2,245,6,0,0
36,1,1,1,0,79,1,0,0,2,-1,0,0,0
46,1,2,1,0,0,1,0,0,2,-1,0,0,0
54,4,1,2,0,122,1,0,0,3,-1,0,0,0
27,1,2,1,1,81,0,1,0,2,205,2,2,0
43,1,1,0,0,238,1,1,0,1,-1,0,0,0
37,4,1,2,0,3794,0,0,0,1,379,1,0,0
40,1,1,1,0,72,1,0,0,3,-1,0,0,0
31,1,1,1,0,664,1,1,0,3,-1,0,0,0
37,2,1,2,0,264,1,1,0,1,-1,0,0,0
25,9,2,1,0,9154,1,0,1,5,-1,0,0,0
35,4,2,2,0,4,1,0,0,1,-1,0,0,0
23,8,2,1,0,486,0,0,0,1,-1,0,0,0
42,0,0,1,0,435,1,0,0,1,-1,0,0,0
52,4,1,2,0,488,1,0,0,3,-1,0,0,0
37,4,1,2,0,413,0,0,0,2,-1,0,0,0
18,8,2,0,0,608,0,0,0,1,-1,0,0,1
24,8,2,1,0,1234,0,0,1,2,97,3,2,0
36,3,1,0,0,-125,0,1,0,2,-1,0,0,0
56,1,1,0,0,828,1,0,0,1,349,1,0,0
43,1,1,1,0,117,1,0,0,1,370,1,0,0
66,2,1,0,0,0,0,0,1,1,-1,0,0,0
50,4,1,1,0,8345,0,0,0,1,261,1,0,1
23,0,1,1,0,349,1,0,0,1,-1,0,0,0
35,4,2,1,0,342,0,1,0,4,-1,0,0,0
61,5,1,1,0,569,0,0,0,1,-1,0,0,1
37,1,1,1,0,557,0,0,0,2,-1,0,0,0
30,7,1,1,0,-134,1,1,0,1,-1,0,0,0
42,4,2,2,0,515,1,0,0,2,-1,0,0,0
45,4,2,2,0,5694,1,0,0,2,193,2,0,0
33,2,2,1,1,-1,1,0,0,2,-1,0,0,0
49,2,0,2,0,1342,1,1,0,1,140,1,0,0
28,4,1,2,0,102,1,0,0,2,-1,0,0,0
56,4,1,2,0,23,1,0,0,2,-1,0,0,0
35,4,2,1,0,81,1,0,0,1,-1,0,0,0
42,9,1,1,0,5455,0,0,0,4,-1,0,0,0
34,4,1,2,0,297,1,0,0,4,-1,0,0,0
29,4,2,2,0,1388,1,0,0,3,-1,0,0,0
43,1,1,0,0,-77,1,0,0,1,-1,0,0,0
42,10,0,0,0,1699,0,1,0,2,-1,0,0,0
40,4,1,2,0,-65,0,1,0,2,-1,0,0,0
37,4,1,2,0,0,1,0,0,2,-1,0,0,0
40,0,0,1,0,4,1,0,0,1,-1,0,0,0
35,1,1,1,0,360,1,0,1,1,152,3,0,0
51,5,1,1,0,509,1,0,0,4,-1,0,0,0
32,2,1,2,0,0,0,0,0,2,-1,0,0,0
40,4,1,2,0,294,1,0,0,5,-1,0,0,0
55,9,0,2,0,264,1,0,0,2,-1,0,0,0
57,5,1,2,0,0,0,0,0,4,-1,0,0,0
58,9,1,2,0,4656,0,0,0,6,-1,0,0,0
49,9,0,1,0,790,1,0,0,3,-1,0,0,0
41,9,0,1,0,692,1,0,0,3,245,3,0,0
27,1,2,1,0,240,1,0,0,4,-1,0,0,0
54,1,1,1,0,898,0,0,1,2,-1,0,0,0
48,1,2,1,0,312,1,1,0,2,-1,0,0,0
29,9,2,1,0,1165,0,0,0,2,184,1,2,1
33,1,1,1,0,10,1,1,0,1,-1,0,0,0
26,0,2,1,0,1200,0,0,0,3,-1,0,0,0
37,9,2,1,0,1127,1,0,0,2,-1,0,0,0
30,9,2,1,0,8,0,0,0,17,-1,0,0,0
59,9,1,2,0,-91,0,0,0,1,-1,0,0,0
59,3,1,2,0,0,0,0,1,1,-1,0,0,1
48,9,1,1,0,6376,1,0,0,4,-1,0,0,0
58,9,1,1,0,0,1,0,0,1,-1,0,0,0
34,4,2,2,0,-292,1,0,0,6,-1,0,0,0
37,1,1,1,0,13849,1,0,0,5,-1,0,0,0
58,7,1,1,0,553,0,1,1,3,-1,0,0,0
44,2,0,2,0,20179,1,1,0,1,-1,0,0,0
31,4,2,2,0,18,0,0,0,2,-1,0,0,0
37,9,1,1,0,494,1,0,0,2,269,3,0,0
39,1,1,0,0,694,1,0,0,1,-1,0,0,0
36,1,1,0,0,287,1,0,0,3,-1,0,0,0
32,9,1,1,0,381,1,0,0,2,-1,0,0,0
51,7,1,2,0,218,1,0,0,3,363,2,0,0
28,1,1,1,0,2788,1,0,0,2,-1,0,0,1
27,0,0,1,0,451,1,0,0,1,-1,0,0,1
59,0,0,1,0,636,0,0,0,4,-1,0,0,0
49,9,1,2,0,196,0,0,0,7,163,24,1,0
29,0,1,1,0,7707,1,0,0,2,334,2,0,1
32,7,2,1,0,1364,1,1,0,5,-1,0,0,0
31,7,1,1,0,388,1,0,0,2,-1,0,0,0
61,5,1,1,0,286,0,0,0,1,-1,0,0,0
31,9,1,2,0,344,0,0,0,3,-1,0,0,0
22,8,2,1,0,0,0,0,0,6,-1,0,0,1
43,9,2,1,1,685,1,0,0,2,-1,0,0,0
40,1,1,0,0,-234,1,0,0,1,-1,0,0,0
54,0,1,1,0,111,0,0,0,13,-1,0,0,0
37,4,1,1,0,5447,1,1,0,1,-1,0,0,1
58,5,1,1,0,3648,0,0,0,4,-1,0,0,0
51,3,1,0,0,1337,0,0,1,6,-1,0,0,0
50,3,1,0,0,238,0,0,0,5,-1,0,0,0
38,7,0,1,0,61,0,0,0,1,-1,0,0,1
49,1,1,0,0,3767,1,0,0,13,-1,0,0,0
33,6,1,2,0,627,1,0,0,2,-1,0,0,0
38,1,1,0,0,83,1,0,0,2,-1,0,0,0
34,9,2,1,0,486,1,0,0,1,-1,0,0,0
35,7,2,1,0,313,1,0,0,2,301,3,0,0
26,9,2,2,0,468,1,0,0,2,364,1,0,0
54,5,1,1,0,529,1,0,0,1,-1,0,0,0
31,0,2,1,0,98,1,0,0,2,-1,0,0,0
25,8,2,1,0,6400,0,0,0,1,-1,0,0,0
52,0,0,1,0,361,0,1,0,1,-1,0,0,0
31,7,2,1,0,-32,1,0,0,1,-1,0,0,0
44,4,0,1,0,0,1,0,1,1,-1,0,0,0
33,7,1,1,0,-333,1,0,0,5,-1,0,0,0
27,8,2,1,0,538,0,0,0,2,-1,0,0,1
50,1,1,1,0,37,1,1,0,2,-1,0,0,0
71,5,0,1,0,392,0,0,1,2,-1,0,0,1
35,4,2,2,0,12,0,0,0,1,-1,0,0,0
40,3,1,0,0,34,0,0,0,4,-1,0,0,0
58,9,1,1,0,175,0,0,0,4,-1,0,0,0
35,1,2,0,0,90,1,0,0,1,-1,0,0,0
58,9,0,1,0,797,1,0,0,2,-1,0,0,0
57,5,0,1,0,316,0,0,0,2,-1,0,0,0
34,8,1,2,0,3037,1,0,1,1,-1,0,0,0
49,9,0,1,0,95,1,0,0,1,-1,0,0,0
45,0,1,1,0,309,0,0,0,4,-1,0,0,0
40,9,1,1,0,93,1,0,0,2,-1,0,0,0
30,4,1,2,0,1235,1,0,0,3,-1,0,0,0
46,0,1,1,0,2115,1,0,0,3,-1,0,0,0
36,4,1,2,0,1594,1,0,0,5,-1,0,0,0
37,0,2,2,0,1000,1,0,0,1,99,2,2,1
43,1,0,0,0,6,1,0,0,4,-1,0,0,0
39,0,2,1,0,2749,1,0,0,1,-1,0,0,0
31,1,1,1,0,1243,1,0,0,1,-1,0,0,0
30,9,2,1,0,175,0,0,0,4,-1,0,0,0
42,1,1,1,0,2906,0,0,0,1,-1,0,0,0
33,4,1,2,0,3301,1,0,0,2,171,2,0,0
54,7,1,1,0,0,0,0,0,1,-1,0,0,0
46,9,1,1,0,138,1,0,0,2,-1,0,0,0
29,4,2,1,0,1288,0,0,0,1,-1,0,0,0
39,2,1,1,0,0,0,0,0,7,-1,0,0,0
52,4,1,2,0,1701,1,1,0,1,117,2,1,0
33,9,1,1,0,804,0,1,1,2,-1,0,0,0
36,0,1,1,0,788,1,0,0,1,345,1,0,0
35,4,1,2,0,5367,0,0,0,1,92,1,0,0
26,7,2,1,0,127,1,1,0,3,-1,0,0,0
33,1,1,0,0,217,1,0,0,1,339,3,0,0
51,1,1,1,0,0,1,0,0,6,-1,0,0,0
32,9,1,1,0,0,1,1,0,1,-1,0,0,0
60,1,0,0,0,3427,0,0,0,1,-1,0,0,0
32,6,2,2,0,-98,0,1,0,2,-1,0,0,0
33,9,2,1,0,827,1,0,0,4,-1,0,0,0
29,8,2,1,0,1779,0,0,0,1,-1,0,0,1
41,1,1,1,0,2067,1,0,0,4,-1,0,0,0
48,4,0,0,0,432,1,0,0,2,-1,0,0,0
48,1,2,1,0,580,1,0,0,2,-1,0,0,0
47,3,1,1,0,0,0,0,0,3,-1,0,0,0
46,4,1,2,0,4,0,0,0,4,-1,0,0,1
35,1,1,1,0,73,0,0,0,3,-1,0,0,0
46,7,1,1,0,678,0,0,0,3,-1,0,0,0
59,3,1,0,0,57,0,0,0,11,-1,0,0,0
34,1,1,0,0,139,1,0,0,1,-1,0,0,0
31,0,1,1,0,355,1,0,0,1,-1,0,0,0
50,4,1,2,0,938,0,0,0,1,-1,0,0,1
42,6,0,2,0,5331,0,1,0,3,-1,0,0,0
41,4,2,2,0,6116,0,0,0,1,-1,0,0,0
30,9,1,2,0,0,1,1,0,1,-1,0,0,0
41,7,1,2,0,881,0,0,0,3,-1,0,0,1
33,9,2,1,0,6106,0,0,0,1,-1,0,0,0
29,10,2,0,0,1027,0,0,0,3,-1,0,0,0
32,9,1,1,0,484,1,0,0,2,463,1,2,1
53,3,1,0,0,2581,0,0,0,1,-1,0,0,0
32,0,2,1,0,-227,1,1,0,1,-1,0,0,0
31,9,2,2,0,-241,1,0,0,2,355,1,0,0
29,4,2,2,0,502,0,0,0,1,87,5,0,1
28,1,1,1,0,1687,1,0,0,2,-1,0,0,0
28,1,2,0,0,-457,1,0,0,9,-1,0,0,0
49,9,0,1,0,-403,0,1,0,2,-1,0,0,0
46,1,1,1,0,4007,0,0,0,5,217,5,1,0
45,0,1,1,0,840,1,0,0,3,-1,0,0,0
31,0,1,1,0,368,1,0,0,5,361,3,1,0
38,0,2,1,0,626,0,0,0,4,-1,0,0,0
39,9,2,2,0,4660,0,0,0,2,-1,0,0,0
56,3,1,0,0,306,0,1,0,1,-1,0,0,0
33,4,1,2,0,114,1,1,0,9,-1,0,0,0
60,4,2,2,0,1034,1,0,0,3,-1,0,0,1
41,3,1,2,0,38,1,0,0,7,-1,0,0,0
40,7,1,1,0,1938,0,0,0,1,-1,0,0,0
46,9,1,1,0,332,1,0,0,1,-1,0,0,1
46,3,1,0,0,0,0,0,1,1,-1,0,0,0
33,9,0,1,0,801,0,0,0,5,-1,0,0,1
49,5,1,1,0,8648,0,0,0,1,-1,0,0,0
32,10,2,2,0,5874,0,0,0,1,-1,0,0,0
54,4,1,1,0,-133,1,0,0,1,343,2,0,0
48,1,1,0,0,4,1,0,0,1,-1,0,0,0
56,5,0,0,0,48,1,0,0,2,-1,0,0,0
38,2,2,1,0,185,0,0,0,1,-1,0,0,0
54,9,1,1,0,273,1,0,0,3,-1,0,0,0
35,1,2,1,0,855,1,0,0,1,300,1,2,1
34,9,0,1,0,27,1,0,0,3,-1,0,0,0
33,4,1,2,0,8971,0,0,0,1,-1,0,0,0
35,4,1,2,0,618,1,0,0,1,-1,0,0,0
41,1,1,0,0,164,1,0,0,4,330,11,1,0
34,3,2,1,0,1363,0,0,1,1,93,1,0,0
60,5,0,0,0,-137,1,0,0,1,-1,0,0,0
57,4,0,2,0,461,1,0,0,10,-1,0,0,0
35,1,2,0,0,2040,0,0,0,1,157,4,0,0
34,9,1,1,0,354,0,0,0,3,-1,0,0,0
29,7,1,1,0,6567,1,0,0,2,298,1,0,1
42,1,2,1,0,625,0,0,0,3,-1,0,0,1
44,1,0,0,0,70,1,0,0,1,-1,0,0,0
48,4,1,2,0,734,1,0,0,3,-1,0,0,0
36,1,1,1,0,590,1,0,0,2,-1,0,0,0
30,6,2,2,0,663,0,0,0,1,-1,0,0,0
32,4,1,1,0,375,0,0,0,3,-1,0,0,0
37,1,1,0,0,4997,0,0,0,2,-1,0,0,0
60,1,1,0,0,228,1,0,0,11,-1,0,0,0
52,9,1,1,0,137,0,0,0,2,-1,0,0,1
38,9,1,2,0,940,0,0,0,7,-1,0,0,0
45,2,0,2,0,1273,1,1,0,2,162,3,0,0
45,1,1,0,0,572,0,0,1,6,-1,0,0,0
44,9,2,1,0,54,0,1,0,2,-1,0,0,0
55,4,1,0,0,1691,1,0,0,2,174,1,0,0
61,5,1,1,0,77,0,0,0,4,-1,0,0,1
56,1,1,0,0,115,0,0,1,1,-1,0,0,0
45,7,1,0,0,7811,0,0,0,2,-1,0,0,0
52,1,1,0,0,134,1,0,0,2,295,3,0,0
40,2,1,2,0,-164,0,0,0,1,-1,0,0,0
49,9,1,1,1,-74,1,0,0,1,-1,0,0,0
46,1,1,1,0,51,1,0,0,1,-1,0,0,0
43,2,1,2,0,903,1,0,0,1,-1,0,0,0
34,1,2,1,0,89,1,1,0,2,-1,0,0,0
39,1,1,1,0,0,1,0,0,3,-1,0,0,0
28,9,2,1,0,1417,1,0,0,1,-1,0,0,0
44,9,1,2,0,564,1,0,0,2,-1,0,0,0
26,0,2,1,0,1348,0,0,0,1,-1,0,0,0
61,6,1,2,0,4162,0,0,0,1,-1,0,0,0
33,4,1,2,0,571,0,0,0,2,-1,0,0,0
33,7,2,1,0,406,1,0,0,1,275,1,0,0
56,3,1,0,0,82,0,0,0,1,-1,0,0,0
51,7,1,1,0,193,1,0,0,3,-1,0,0,0
42,4,2,2,0,336,1,0,0,6,195,3,0,0
39,9,1,2,0,-276,0,1,0,4,-1,0,0,0
33,7,2,1,0,187,1,0,0,3,326,1,0,0
40,0,1,1,0,7711,1,0,0,5,135,1,0,0
52,0,0,1,0,1049,0,1,0,6,-1,0,0,0
31,1,2,2,0,761,0,0,1,2,-1,0,0,1
28,7,2,1,0,-260,1,0,0,2,-1,0,0,0
28,1,0,0,0,319,1,0,0,2,-1,0,0,0
59,5,2,1,0,351,1,0,0,5,-1,0,0,1
37,4,1,1,0,38,0,0,0,13,-1,0,0,0
36,1,1,0,0,4693,1,0,0,6,152,21,1,0
65,5,1,0,0,1343,0,0,1,2,-1,0,0,0
33,10,2,1,0,0,1,1,0,2,-1,0,0,0
41,4,1,1,0,0,0,0,0,1,-1,0,0,0
43,1,2,0,0,548,1,0,0,1,-1,0,0,0
41,4,1,2,0,725,0,0,0,10,-1,0,0,0
31,7,2,1,0,13,0,1,0,2,-1,0,0,1
46,0,1,1,0,556,1,1,0,3,-1,0,0,1
32,4,1,2,0,644,1,1,0,2,-1,0,0,0
60,5,1,1,0,89,0,0,0,2,-1,0,0,0
55,3,0,2,0,1241,0,0,0,7,154,5,0,0
41,0,1,1,0,683,0,1,0,1,-1,0,0,0
36,0,1,1,0,2030,1,0,0,1,-1,0,0,0
25,4,2,2,0,1098,1,1,0,1,-1,0,0,0
30,2,2,2,0,303,1,0,0,2,365,4,0,0
27,9,2,1,0,8,1,0,0,3,-1,0,0,0
30,1,1,0,0,5,0,0,0,1,203,1,2,1
52,0,1,1,0,1746,0,0,0,9,-1,0,0,0
48,10,1,1,0,0,0,0,0,3,-1,0,0,0
46,2,1,0,0,5130,1,1,0,1,-1,0,0,0
42,9,1,1,0,-887,0,0,0,4,-1,0,0,0
45,1,2,1,0,816,0,0,0,3,-1,0,0,0
36,1,1,1,0,-173,1,0,0,3,-1,0,0,0
44,1,1,0,0,2470,0,0,1,1,-1,0,0,0
35,1,1,0,0,162,1,0,0,4,-1,0,0,0
33,4,1,2,0,130,0,0,0,8,-1,0,0,0
29,0,1,1,0,792,1,0,0,2,-1,0,0,0
30,10,1,1,0,85,1,1,0,1,-1,0,0,0
34,9,2,2,0,242,1,0,0,1,-1,0,0,0
53,1,1,1,0,248,1,0,1,2,-1,0,0,0
49,0,1,1,0,428,1,0,0,1,-1,0,0,0
37,1,1,1,0,1508,0,1,0,2,-1,0,0,1
30,10,1,1,0,529,1,1,0,3,-1,0,0,0
33,8,2,1,0,1170,0,0,0,1,-1,0,0,1
37,2,1,1,0,0,1,1,0,2,-1,0,0,0
36,4,2,2,0,436,0,0,0,1,595,2,0,1
58,4,1,2,0,96,0,0,0,1,-1,0,0,1
33,9,2,1,0,486,1,0,0,2,-1,0,0,0
37,1,2,0,0,1210,0,0,0,1,-1,0,0,0
33,9,2,1,0,116,0,1,0,1,-1,0,0,0
45,7,1,0,0,116,1,0,0,3,-1,0,0,0
28,0,2,2,0,336,0,0,0,1,-1,0,0,0
53,2,1,2,0,49,0,1,0,5,-1,0,0,0
34,9,1,1,0,6107,0,0,0,3,-1,0,0,0
34,1,1,1,0,1257,1,0,0,7,-1,0,0,0
26,9,0,1,0,21,1,0,0,1,-1,0,0,0
43,10,1,1,0,1943,1,0,0,2,-1,0,0,0
31,9,2,1,0,1094,1,0,0,8,-1,0,0,0
30,10,2,1,0,2303,0,0,1,5,-1,0,0,0
38,1,1,1,0,4321,0,0,0,1,85,6,0,0
51,7,0,1,0,135,1,1,0,1,-1,0,0,0
33,9,1,2,0,44,1,0,0,2,-1,0,0,0
44,0,2,1,1,-612,1,0,0,1,-1,0,0,0
60,1,1,1,0,1130,0,0,0,2,-1,0,0,0
41,1,1,0,0,449,1,0,0,6,-1,0,0,0
53,9,1,1,0,530,0,0,0,1,-1,0,0,0
33,10,2,2,0,14889,1,0,0,3,-1,0,0,0
55,1,1,0,0,1101,0,0,0,3,-1,0,0,0
40,6,2,1,0,109,1,0,0,1,-1,0,0,0
52,9,1,1,0,98,1,0,0,1,245,2,0,0
39,9,1,1,0,5574,0,0,0,2,-1,0,0,0
56,2,1,2,0,1297,1,0,0,1,-1,0,0,0
39,9,1,1,0,0,1,0,0,1,-1,0,0,0
32,1,2,1,0,82,1,0,0,4,-1,0,0,0
41,9,2,1,0,631,0,0,1,3,-1,0,0,0
47,4,1,1,0,834,0,0,0,1,-1,0,0,0
34,1,1,1,0,187,1,0,0,2,-1,0,0,0
51,0,1,1,0,1535,0,0,0,2,-1,0,0,0
37,1,1,1,0,2848,1,0,0,2,147,3,0,0
31,6,2,2,0,96,0,0,0,1,-1,0,0,0
28,4,2,1,0,62,0,0,0,3,-1,0,0,0
74,5,1,1,0,935,0,0,0,1,99,2,0,1
60,5,1,1,0,3570,0,0,1,2,-1,0,0,0
50,4,1,2,0,5124,1,0,0,2,-1,0,0,0
46,0,1,1,0,3028,1,1,0,1,-1,0,0,0
39,4,1,2,0,20932,0,0,0,2,-1,0,0,0
37,9,1,1,0,712,1,0,0,2,-1,0,0,0
32,4,2,2,0,470,0,0,0,2,-1,0,0,0
38,1,1,0,0,3057,1,0,0,1,-1,0,0,0
32,0,1,1,0,-1,0,0,0,2,-1,0,0,0
41,4,1,2,0,527,0,0,0,1,-1,0,0,0
53,0,0,1,0,-163,1,0,0,2,343,2,1,0
56,9,1,1,0,589,1,0,0,1,26,3,2,0
46,1,1,0,0,44,0,1,0,9,-1,0,0,0
33,0,0,1,0,392,1,1,0,3,-1,0,0,0
45,0,1,1,0,251,1,0,0,2,-1,0,0,0
36,10,2,2,0,1316,1,0,0,2,-1,0,0,0
59,1,1,1,0,0,0,0,1,3,-1,0,0,0
37,4,1,0,0,22856,0,0,0,1,388,1,0,0
30,7,2,2,0,1785,0,0,0,2,-1,0,0,0
40,1,2,1,0,3571,1,0,0,1,-1,0,0,0
35,0,2,1,0,507,1,0,0,2,-1,0,0,1
53,4,1,2,0,4,0,0,0,6,-1,0,0,0
29,4,2,1,0,1502,0,0,0,1,-1,0,0,0
31,9,1,2,0,15,0,0,0,1,-1,0,0,0
38,4,0,2,0,637,1,0,0,2,343,1,1,0
52,1,1,1,0,6933,0,0,0,2,-1,0,0,0
43,1,1,0,0,1211,1,0,0,3,-1,0,0,0
29,9,2,1,0,115,0,0,0,1,-1,0,0,0
61,6,0,2,0,6610,0,0,0,2,-1,0,0,1
43,1,1,0,0,7727,1,0,0,8,-1,0,0,0
38,6,1,1,0,10855,0,0,0,2,-1,0,0,0
39,7,2,1,0,445,0,0,1,1,-1,0,0,0
32,0,1,1,0,0,1,1,0,1,-1,0,0,0
44,1,2,0,0,1593,1,0,0,3,-1,0,0,1
36,4,1,2,0,521,0,1,0,2,152,1,1,0
75,5,1,0,0,1413,0,0,0,2,188,2,2,1
58,7,1,0,0,65,0,0,0,1,-1,0,0,0
35,7,1,1,0,39,0,0,0,1,-1,0,0,0
34,9,0,2,0,1242,1,0,0,3,-1,0,0,0
37,4,1,1,0,31,0,0,0,4,-1,0,0,0
44,4,1,2,0,-692,0,1,0,2,-1,0,0,0
28,4,2,2,0,682,1,0,0,1,-1,0,0,0
48,0,1,1,0,-582,1,0,0,2,-1,0,0,0
48,9,0,1,0,168,1,1,0,2,361,1,1,0
29,7,1,1,0,690,1,0,0,2,316,1,1,0
31,2,2,1,0,937,1,0,0,3,-1,0,0,0
47,9,1,1,0,0,0,0,0,2,-1,0,0,0
38,7,1,1,0,433,0,0,0,1,-1,0,0,0
36,1,1,0,0,711,1,0,0,2,-1,0,0,0
58,1,1,0,0,1965,0,0,0,1,-1,0,0,0
59,4,1,2,0,2540,0,0,0,5,-1,0,0,0
43,1,2,0,0,181,1,0,0,1,343,2,0,0
31,9,2,2,0,948,1,0,0,2,-1,0,0,0
42,10,1,1,0,0,1,0,0,3,-1,0,0,0
31,4,2,2,0,498,0,0,0,2,-1,0,0,0
49,4,1,2,0,5887,0,0,0,3,293,2,0,1
36,4,1,2,0,324,0,0,0,4,-1,0,0,0
33,4,1,2,0,0,0,0,0,2,-1,0,0,0
57,9,1,2,0,-1,0,0,0,2,-1,0,0,1
30,1,1,0,0,0,1,0,0,2,-1,0,0,0
35,4,2,2,0,71,1,0,0,12,-1,0,0,0
93,5,1,1,0,775,0,0,0,2,13,9,2,1
32,9,2,2,0,932,1,0,0,1,318,1,0,1
34,4,1,2,0,1310,0,0,1,3,158,7,1,0
59,1,1,0,0,625,0,0,0,1,-1,0,0,0
46,1,0,0,0,2775,0,1,0,1,-1,0,0,0
33,1,1,1,0,0,1,1,0,1,-1,0,0,0
33,0,0,1,0,1,0,0,0,2,-1,0,0,0
37,1,0,1,0,-333,1,0,0,1,-1,0,0,0
30,7,2,1,0,370,0,0,0,1,-1,0,0,0
41,3,1,0,0,188,1,1,0,14,-1,0,0,0
33,0,2,0,0,-258,1,0,0,2,-1,0,0,0
32,1,1,0,0,-454,1,1,0,5,355,2,0,1
33,9,1,2,0,1126,1,0,0,1,490,5,1,0
53,4,1,2,0,-1,0,0,0,2,-1,0,0,0
35,10,1,1,0,1,1,0,0,8,-1,0,0,0
44,9,1,1,0,339,1,1,1,3,-1,0,0,0
30,4,1,2,0,302,1,1,0,1,-1,0,0,0
32,9,2,1,0,0,0,0,0,2,-1,0,0,0
25,1,2,1,0,330,1,0,0,1,-1,0,0,0
37,7,0,1,0,398,1,1,0,2,-1,0,0,0
30,7,2,1,0,211,0,1,0,3,-1,0,0,0
32,4,2,2,0,28,0,0,0,2,-1,0,0,0
39,2,1,1,0,0,1,0,0,10,-1,0,0,0
30,1,1,1,0,2,1,0,0,1,-1,0,0,0
46,7,0,1,0,124,1,1,0,4,-1,0,0,0
44,1,2,1,0,633,1,0,0,1,-1,0,0,0
53,9,1,1,0,284,0,0,0,1,-1,0,0,1
40,1,1,0,0,4436,1,0,0,2,-1,0,0,0
31,7,2,1,0,1629,1,0,0,2,-1,0,0,0
37,0,2,2,0,2505,0,0,0,3,-1,0,0,0
69,5,1,1,0,426,0,0,1,2,185,2,2,1
33,4,1,2,0,1323,0,0,0,2,106,1,2,0
39,1,1,1,0,498,1,0,0,4,-1,0,0,0
38,7,1,2,0,-121,1,0,0,1,-1,0,0,0
53,5,1,0,0,3975,0,0,0,2,-1,0,0,0
33,0,1,0,0,499,0,0,0,3,-1,0,0,0
40,6,1,2,0,1603,0,0,0,1,-1,0,0,0
37,7,2,1,0,1175,1,0,0,2,-1,0,0,0
34,1,1,0,0,0,1,1,0,29,-1,0,0,0
35,1,2,2,0,1830,0,0,0,2,-1,0,0,0
43,4,1,1,0,10273,0,0,0,2,-1,0,0,0
37,9,1,2,0,341,0,0,0,3,182,3,2,1
26,7,1,1,0,44,1,1,0,2,237,20,1,0
32,0,0,2,0,-2,1,0,0,3,168,1,0,0
37,7,1,1,0,1785,1,0,0,4,-1,0,0,0
30,9,2,2,0,1289,1,0,0,2,-1,0,0,1
53,4,1,0,0,1925,0,0,0,1,-1,0,0,0
33,9,1,1,0,1450,0,0,0,1,-1,0,0,0
46,7,1,1,0,244,0,0,0,2,-1,0,0,0
36,1,2,0,0,263,1,0,0,2,337,2,0,0
30,9,2,2,0,6619,1,0,0,8,-1,0,0,0
32,4,1,2,0,1388,1,0,0,1,105,1,2,0
37,4,1,2,0,1330,1,0,0,2,261,1,0,0
40,0,1,1,0,0,0,0,0,2,200,2,0,0
33,9,0,1,0,488,0,0,0,2,-1,0,0,0
50,1,0,1,0,571,1,0,0,4,-1,0,0,0
29,0,2,1,0,3432,1,0,0,2,-1,0,0,0
35,4,2,2,0,75,0,0,0,5,-1,0,0,0
32,7,2,1,0,-55,1,0,0,1,-1,0,0,0
33,1,1,1,0,370,1,0,0,1,-1,0,0,0
49,0,1,1,0,326,1,0,0,2,-1,0,0,0
25,0,2,1,0,425,0,0,0,1,-1,0,0,0
35,1,1,0,0,914,1,0,0,9,-1,0,0,0
38,9,1,2,0,-3,0,0,0,3,-1,0,0,0
36,4,2,2,0,72,1,1,0,7,-1,0,0,0
56,5,1,0,0,9367,0,0,0,2,-1,0,0,1
57,9,1,1,0,6362,1,1,0,1,-1,0,0,0
37,9,2,1,0,864,1,0,0,1,-1,0,0,0
35,4,1,2,0,16,0,0,0,1,-1,0,0,0
41,9,1,1,0,2185,1,0,0,4,309,4,1,0
37,0,1,0,0,214,1,0,0,1,-1,0,0,1
26,1,2,0,0,3342,1,0,0,4,-1,0,0,0
38,2,1,1,0,0,1,1,0,2,-1,0,0,0
48,0,1,1,0,2707,0,0,0,2,-1,0,0,0
47,7,2,1,0,3644,0,0,0,2,-1,0,0,0
71,5,1,2,0,4388,0,0,0,1,183,3,1,0
42,0,1,1,0,1450,0,0,0,2,174,1,1,0
24,8,2,1,0,7,1,0,0,3,-1,0,0,0
66,5,1,0,0,2173,0,0,0,1,181,5,0,0
51,4,2,2,0,1565,1,0,0,3,-1,0,0,0
57,4,0,1,0,3625,1,0,0,3,-1,0,0,0
34,7,2,1,0,49,0,1,0,1,-1,0,0,0
32,9,2,1,0,4110,1,0,0,3,-1,0,0,0
36,4,2,2,0,1339,1,0,0,1,-1,0,0,0
37,4,1,2,0,8564,1,0,0,2,347,1,0,0
55,2,1,2,0,82,0,0,0,1,-1,0,0,0
35,9,2,2,0,670,1,0,0,18,-1,0,0,0
51,4,1,0,0,192,0,0,0,3,-1,0,0,0
41,3,1,2,0,783,1,0,0,2,-1,0,0,0
37,9,1,1,0,275,1,0,0,1,-1,0,0,0
45,4,1,2,0,54,1,0,1,3,-1,0,0,0
59,1,1,1,0,-278,1,0,0,2,-1,0,0,0
27,10,2,1,0,0,1,0,0,6,-1,0,0,0
59,0,1,1,0,6264,0,0,0,16,-1,0,0,0
60,0,0,1,0,-41,1,1,0,1,262,1,0,1
69,5,1,0,0,324,0,0,0,1,189,4,2,0
37,0,0,1,0,241,1,1,0,25,-1,0,0,0
41,9,1,2,0,-762,1,1,0,1,-1,0,0,0
36,4,1,2,0,2660,0,0,0,2,-1,0,0,0
33,4,1,2,0,22867,1,0,0,2,92,3,0,1
38,4,2,2,0,1515,1,0,0,1,110,5,0,0
34,1,1,1,0,504,1,0,0,2,-1,0,0,0
36,10,1,1,0,352,1,0,0,2,-1,0,0,0
20,8,2,1,0,829,0,0,0,3,202,2,2,1
49,9,1,2,0,-129,1,0,0,1,-1,0,0,0
49,3,2,0,0,1158,1,0,0,3,-1,0,0,0
35,4,2,2,0,18111,0,0,0,4,-1,0,0,1
54,5,1,2,0,4104,0,0,0,8,-1,0,0,0
54,4,1,1,0,2508,0,0,0,8,-1,0,0,0
48,1,1,0,0,343,0,0,0,1,-1,0,0,0
32,9,2,1,0,-170,0,0,0,1,-1,0,0,0
32,4,2,2,0,586,1,0,0,4,-1,0,0,0
48,7,1,1,0,194,1,1,0,6,-1,0,0,0
38,2,1,1,0,65,0,0,0,1,-1,0,0,0
38,1,2,1,0,13156,1,0,0,4,331,1,0,0
31,0,2,2,0,-218,1,0,0,15,-1,0,0,0
37,2,1,0,0,-204,1,0,0,1,-1,0,0,0
38,1,1,1,0,5830,0,0,0,3,-1,0,0,0
62,4,1,2,0,0,0,0,0,1,-1,0,0,1
37,9,1,1,0,430,0,0,0,4,-1,0,0,0
45,1,1,0,0,85,1,0,0,1,-1,0,0,0
33,9,2,2,0,443,0,0,0,5,-1,0,0,0
31,9,2,0,0,449,1,0,0,4,252,1,0,0
39,9,1,2,0,1524,0,0,0,1,-1,0,0,1
53,4,0,2,0,6649,1,0,0,1,-1,0,0,0
32,4,1,2,0,141,0,0,0,2,-1,0,0,0
33,3,1,1,0,0,1,1,0,13,-1,0,0,0
31,1,0,1,0,-277,1,0,1,2,-1,0,0,1
44,1,0,1,0,532,0,0,0,2,-1,0,0,0
31,2,2,2,1,-405,1,1,0,2,-1,0,0,1
54,1,1,1,0,2255,0,0,0,6,-1,0,0,0
31,4,1,2,0,430,1,0,0,16,-1,0,0,0
40,9,2,2,0,-89,1,0,0,4,-1,0,0,0
59,5,1,0,0,824,1,0,1,3,-1,0,0,0
30,4,1,2,0,451,0,0,0,1,274,3,0,0
49,1,1,1,0,90,1,0,0,1,-1,0,0,0
40,4,1,2,0,342,1,0,0,4,-1,0,0,0
25,0,1,1,0,142,1,0,0,2,-1,0,0,0
32,9,2,2,0,127,1,0,0,17,-1,0,0,0
28,8,2,1,0,404,1,0,0,2,367,4,1,0
44,4,1,1,0,438,1,0,1,3,303,1,0,0
25,9,0,2,0,174,0,1,0,4,-1,0,0,0
32,6,0,2,0,3695,1,0,0,1,353,3,1,0
56,4,0,2,0,535,1,0,0,1,-1,0,0,0
40,0,1,1,0,5,0,0,0,1,-1,0,0,0
54,1,2,1,0,40,1,0,0,2,-1,0,0,0
59,4,1,2,0,101,0,1,0,1,686,2,0,0
57,4,1,2,0,1016,0,0,1,1,-1,0,0,0
42,4,0,1,0,283,1,0,0,1,-1,0,0,1
52,1,1,1,0,-194,1,0,0,1,-1,0,0,0
30,7,2,1,0,9720,0,1,0,2,-1,0,0,0
26,7,1,1,0,4,1,0,0,2,-1,0,0,0
33,6,2,0,0,4443,0,0,1,6,-1,0,0,0
34,6,1,0,0,252,1,1,0,1,-1,0,0,0
46,1,1,1,0,209,0,0,0,2,-1,0,0,0
34,10,1,1,0,0,1,0,0,1,-1,0,0,0
34,2,1,1,0,3119,1,0,0,4,-1,0,0,0
57,4,1,2,0,334,1,0,0,2,365,2,0,0
28,4,2,2,0,957,0,0,0,2,-1,0,0,1
31,0,1,1,0,-241,1,0,0,5,-1,0,0,0
54,1,1,1,0,853,0,0,0,5,-1,0,0,0
49,1,0,1,0,4177,1,0,0,4,-1,0,0,0
72,5,1,0,0,796,0,0,0,2,-1,0,0,0
32,1,2,1,0,226,1,0,0,5,-1,0,0,0
28,4,2,2,0,111,1,1,0,2,-1,0,0,0
51,4,1,2,0,9796,0,1,0,1,-1,0,0,0
26,2,1,2,0,37,1,1,0,1,363,2,0,0
34,1,1,0,0,3527,1,0,0,1,-1,0,0,1
56,5,1,1,0,654,0,1,0,4,-1,0,0,0
34,1,1,1,1,1,1,0,0,1,-1,0,0,0
42,1,1,1,0,3,1,0,0,1,-1,0,0,0
27,0,1,1,0,283,1,0,0,1,-1,0,0,0
58,2,2,2,0,229,1,0,0,7,-1,0,0,0
57,1,1,1,0,4597,1,0,0,4,-1,0,0,0
31,0,2,1,0,150,1,1,0,2,-1,0,0,0
44,4,1,2,0,1850,1,0,0,1,-1,0,0,0
30,7,2,2,0,0,0,0,0,1,-1,0,0,0
43,4,1,2,0,228,0,0,0,18,-1,0,0,0
45,1,1,0,0,305,1,0,0,1,-1,0,0,0
60,7,1,1,0,292,0,1,0,5,195,4,0,0
45,1,1,0,0,900,1,0,0,1,-1,0,0,0
39,1,1,1,0,142,0,1,0,4,-1,0,0,0
34,4,1,1,0,243,0,0,0,4,-1,0,0,0
37,1,1,1,0,-288,1,1,0,2,-1,0,0,0
38,9,1,1,0,557,1,0,0,4,-1,0,0,1
52,2,0,1,0,105,0,1,1,4,-1,0,0,0
33,4,1,1,0,180,1,0,0,2,-1,0,0,0
51,4,1,2,0,9864,0,0,0,4,-1,0,0,0
39,1,1,1,0,72,1,0,0,6,-1,0,0,0
59,7,1,1,0,307,1,1,0,7,-1,0,0,0
40,7,1,1,0,88,1,0,0,2,-1,0,0,0
59,5,2,1,0,2432,0,0,0,2,-1,0,0,0
34,1,1,0,0,275,1,0,0,1,-1,0,0,0
27,9,1,1,0,317,1,1,0,1,-1,0,0,0
35,4,1,2,0,299,0,0,0,5,-1,0,0,0
40,6,1,2,0,13669,0,0,0,7,-1,0,0,0
38,1,1,0,0,406,1,0,0,5,-1,0,0,0
48,1,1,0,0,492,0,1,0,2,-1,0,0,0
46,3,0,0,0,2291,0,0,0,1,-1,0,0,0
43,1,1,0,0,-67,1,0,1,7,371,1,0,0
31,4,2,1,0,1023,0,1,0,1,-1,0,0,0
51,1,0,0,0,-413,1,0,0,4,-1,0,0,0
40,4,2,2,0,-199,1,1,0,1,-1,0,0,0
29,7,2,1,0,0,0,0,0,1,514,3,0,0
35,9,1,1,0,482,0,0,0,2,-1,0,0,0
45,9,2,1,0,113,1,1,0,2,-1,0,0,0
35,9,0,1,0,103,1,0,0,1,-1,0,0,0
34,0,0,1,0,1927,0,1,0,2,-1,0,0,0
52,0,1,1,0,1933,1,0,0,4,-1,0,0,0
34,0,2,1,1,7,0,0,0,2,-1,0,0,0
42,10,1,1,0,356,1,0,0,3,356,2,0,1
50,4,1,2,0,230,0,1,0,2,-1,0,0,0
29,1,1,1,0,559,1,0,0,2,-1,0,0,0
52,9,1,2,0,214,0,0,0,3,-1,0,0,0
32,9,1,1,0,5,1,0,0,1,-1,0,0,0
46,2,1,1,0,0,0,0,0,12,-1,0,0,0
58,5,1,1,0,100,1,0,0,2,-1,0,0,0
36,6,2,1,0,652,0,0,0,1,-1,0,0,0
47,9,2,1,0,736,0,0,0,2,-1,0,0,0
42,1,1,1,0,139,1,0,0,1,-1,0,0,0
46,9,1,1,0,0,1,0,0,5,-1,0,0,0
28,9,2,1,0,34,1,0,0,6,268,4,0,0
32,4,1,2,0,794,1,1,0,1,-1,0,0,1
57,1,1,0,0,649,1,0,0,2,-1,0,0,0
33,4,1,2,0,685,0,0,0,1,-1,0,0,0
40,9,1,2,0,5152,1,1,0,2,-1,0,0,0
48,9,1,1,0,220,0,0,0,1,-1,0,0,0
52,7,0,1,0,12,1,0,0,1,170,1,0,0
39,3,0,0,0,239,0,0,0,2,-1,0,0,0
66,5,1,0,0,2883,0,0,0,1,-1,0,0,1
37,9,2,1,0,884,1,1,0,2,-1,0,0,0
30,2,1,1,0,2551,1,0,0,2,-1,0,0,0
38,1,1,1,0,5,0,1,0,8,-1,0,0,0
50,4,2,1,0,4527,1,0,0,1,-1,0,0,0
57,2,1,1,0,926,0,0,0,3,-1,0,0,0
57,7,1,1,0,204,0,0,1,3,-1,0,0,0
59,3,1,0,0,0,0,0,0,11,-1,0,0,0
60,0,1,1,0,0,0,0,0,1,-1,0,0,0
47,9,1,1,0,335,0,0,0,1,76,1,2,1
29,1,1,1,0,368,1,0,0,1,310,7,0,0
43,1,1,1,0,173,0,1,1,8,-1,0,0,0
38,1,1,1,0,730,1,0,0,5,328,8,1,0
27,6,1,2,0,10005,1,0,0,3,271,2,0,0
30,0,2,2,0,5,0,1,0,1,-1,0,0,0
32,9,2,2,0,92,1,0,0,1,-1,0,0,0
34,0,2,2,0,-199,0,1,0,1,-1,0,0,0
41,6,1,1,0,20,0,0,0,1,-1,0,0,0
35,9,2,2,0,122,0,0,0,5,328,5,0,0
34,0,2,1,0,88,1,0,0,2,-1,0,0,0
46,4,1,2,0,716,1,1,0,1,172,1,0,0
26,4,2,2,0,1370,0,0,0,1,295,1,1,0
49,1,0,0,0,73,0,1,0,11,-1,0,0,0
38,1,1,0,0,-459,1,1,0,2,-1,0,0,0
27,0,2,1,0,54,1,0,0,2,-1,0,0,0
47,4,2,2,0,334,1,0,0,1,326,8,0,1
46,9,0,1,0,119,1,0,0,1,-1,0,0,0
73,5,1,0,0,9160,0,0,0,2,90,3,1,0
29,4,1,2,0,361,1,1,0,3,-1,0,0,0
35,4,2,2,0,244,1,0,0,1,-1,0,0,0
37,1,1,1,0,311,1,0,0,1,-1,0,0,0
54,1,1,0,0,126,1,0,0,4,-1,0,0,0
55,2,1,2,0,22,0,1,0,1,-1,0,0,0
53,4,0,2,0,5187,0,1,0,2,-1,0,0,0
38,1,1,1,0,776,1,0,0,2,-1,0,0,0
35,9,0,2,0,20,1,1,0,2,-1,0,0,0
32,9,1,1,0,560,0,0,0,4,-1,0,0,1
61,9,1,2,0,1263,0,0,1,4,-1,0,0,0
38,4,1,2,0,1101,1,0,1,1,-1,0,0,0
36,9,2,1,0,279,1,0,0,1,-1,0,0,0
44,1,1,1,0,294,1,0,0,2,-1,0,0,0
29,1,1,0,0,787,1,0,0,2,-1,0,0,0
27,1,1,1,0,0,1,0,0,6,-1,0,0,0
28,1,2,1,0,-303,1,0,0,2,-1,0,0,0
33,4,1,2,0,1390,0,0,0,1,179,5,0,0
26,1,2,1,0,-93,1,0,0,2,-1,0,0,0
44,10,1,1,0,2756,0,0,0,4,-1,0,0,0
34,1,1,1,0,763,1,0,0,1,-1,0,0,0
29,1,1,1,0,508,1,1,0,5,-1,0,0,0
49,4,1,1,0,633,0,1,0,6,-1,0,0,0
39,9,1,2,0,101,0,0,0,1,-1,0,0,0
48,0,0,1,0,0,1,1,0,1,89,1,0,0
55,9,1,1,0,6043,0,0,0,3,-1,0,0,0
56,4,1,1,0,1032,0,0,1,4,-1,0,0,0
34,4,2,2,0,2159,0,0,0,1,-1,0,0,1
34,0,1,1,0,287,1,0,0,8,-1,0,0,0
34,4,2,2,0,2093,0,0,0,6,-1,0,0,0
32,1,1,0,0,634,0,0,0,1,-1,0,0,1
22,1,2,1,0,0,1,0,0,1,-1,0,0,0
43,1,1,1,0,408,1,0,0,1,838,3,1,0
45,0,1,1,0,323,0,0,1,4,7,6,1,0
41,1,1,0,0,509,1,0,0,3,-1,0,0,0
26,1,1,1,0,986,1,0,0,3,-1,0,0,0
25,7,2,1,0,-121,1,0,0,2,-1,0,0,0
44,6,1,0,0,0,0,0,0,3,-1,0,0,0
43,4,0,2,0,1413,1,0,0,9,-1,0,0,0
37,1,1,1,0,168,1,0,0,2,-1,0,0,0
38,9,0,1,0,902,1,0,0,1,102,4,2,0
37,1,1,0,0,0,0,0,1,2,306,1,0,0
39,0,2,1,0,548,1,0,0,2,-1,0,0,0
37,1,2,0,0,554,1,0,0,3,-1,0,0,0
74,5,1,2,0,1742,0,0,0,1,-1,0,0,0
32,4,2,2,0,697,0,0,0,1,99,3,0,0
31,4,1,2,0,1032,0,0,0,1,-1,0,0,1
39,0,1,1,0,-982,1,1,0,3,117,2,1,0
32,7,1,1,0,0,1,0,0,5,-1,0,0,0
26,1,1,0,0,-219,1,1,0,5,-1,0,0,0
35,10,0,1,0,45,0,0,0,6,-1,0,0,0
48,7,1,1,0,35,0,0,0,4,-1,0,0,0
44,4,2,1,0,2023,0,0,0,21,-1,0,0,0
41,9,2,1,0,568,1,0,0,2,-1,0,0,0
64,5,1,0,0,43,0,0,0,1,-1,0,0,1
41,1,1,0,0,246,0,0,0,3,-1,0,0,1
66,4,0,1,0,1993,1,0,0,4,-1,0,0,0
46,1,1,1,0,312,1,0,0,2,-1,0,0,0
38,4,2,2,0,0,0,0,0,1,-1,0,0,0
39,1,1,1,0,0,1,1,0,1,-1,0,0,0
40,1,1,1,0,4,1,1,0,1,-1,0,0,0
36,4,2,2,0,688,0,0,0,1,120,1,0,0
35,9,1,1,0,2201,0,0,1,1,-1,0,0,1
32,1,0,0,0,142,1,0,0,5,-1,0,0,0
26,6,2,2,0,1153,0,0,0,3,-1,0,0,0
33,4,1,2,0,335,0,0,0,2,-1,0,0,0
64,5,1,2,0,846,0,0,0,3,-1,0,0,0
34,9,1,1,0,1026,0,0,0,1,100,6,0,0
33,7,1,1,0,109,1,0,0,4,-1,0,0,0
35,4,1,2,0,5057,1,0,0,10,-1,0,0,0
48,1,1,1,0,1913,1,0,0,1,-1,0,0,0
33,9,1,1,0,480,1,0,0,1,270,1,1,0
61,0,1,1,0,4629,1,0,0,1,92,1,2,1
32,8,2,1,0,2321,0,0,0,2,-1,0,0,0
28,1,2,1,0,-545,1,1,0,1,-1,0,0,0
36,4,1,2,0,2547,0,0,0,1,-1,0,0,0
38,1,1,0,0,168,1,1,1,3,-1,0,0,0
56,4,1,1,0,0,0,0,0,29,-1,0,0,0
51,6,1,2,0,126,1,0,0,1,-1,0,0,0
37,9,1,1,0,77,1,1,0,1,-1,0,0,0
30,7,2,1,0,248,1,0,0,1,-1,0,0,0
33,2,1,2,0,2179,1,1,0,1,167,2,1,0
48,1,1,0,0,1678,0,0,0,2,-1,0,0,0
34,1,2,1,0,2764,1,0,0,1,357,1,0,0
46,9,1,1,0,0,0,0,0,2,-1,0,0,0
43,7,1,1,0,3305,1,0,0,1,-1,0,0,0
26,1,2,1,0,539,1,0,0,2,-1,0,0,0
52,9,1,1,0,475,1,0,0,3,-1,0,0,0
48,7,1,1,0,11516,0,0,0,8,-1,0,0,0
58,10,2,1,0,1013,1,0,0,5,-1,0,0,0
55,6,1,1,0,2387,1,0,0,4,-1,0,0,0
47,1,1,1,0,327,1,0,0,1,-1,0,0,0
41,9,0,1,0,88,0,0,0,2,-1,0,0,0
37,1,1,1,0,1736,0,1,0,1,-1,0,0,0
37,4,1,2,0,0,1,0,0,1,13,12,2,0
52,5,0,1,0,280,0,0,0,12,-1,0,0,0
48,3,1,2,0,197,0,0,0,8,-1,0,0,0
28,1,2,0,0,722,1,0,0,1,-1,0,0,0
41,4,1,2,0,2885,0,0,0,1,-1,0,0,0
39,1,1,0,0,-176,0,0,0,1,-1,0,0,0
33,4,1,1,0,350,1,0,0,1,350,2,0,0
82,5,1,1,0,211,0,0,1,3,-1,0,0,0
27,7,2,1,0,3791,1,0,0,1,-1,0,0,0
32,4,1,2,0,1331,0,0,0,1,104,4,2,0
48,1,1,0,0,551,1,1,0,5,-1,0,0,0
41,0,1,1,0,1245,0,0,0,3,-1,0,0,0
39,5,1,2,0,855,1,0,0,2,-1,0,0,0
43,4,1,2,0,143,0,0,0,2,-1,0,0,0
36,4,1,2,0,481,1,0,0,3,-1,0,0,0
37,0,2,1,0,465,1,1,0,1,-1,0,0,0
28,9,2,1,0,631,0,0,0,7,-1,0,0,0
29,0,2,2,0,200,1,0,0,1,357,1,1,0
50,4,1,2,0,-470,1,0,0,2,160,1,0,0
42,0,0,1,0,-172,1,1,0,1,-1,0,0,0
43,9,1,1,0,0,0,1,0,2,172,5,0,0
32,7,1,1,0,1076,0,0,0,3,-1,0,0,0
58,5,1,2,0,5087,0,0,0,1,-1,0,0,0
31,7,2,1,0,-779,1,0,0,2,-1,0,0,0
59,5,0,1,0,5583,1,0,0,1,-1,0,0,1
32,9,2,1,0,0,0,0,0,1,-1,0,0,0
56,5,1,0,0,16432,0,0,0,2,189,2,0,0
51,4,1,0,0,98,1,0,0,2,-1,0,0,0
27,8,2,2,0,4869,1,0,0,2,343,4,1,0
40,1,1,0,0,669,1,0,0,3,-1,0,0,0
45,7,1,0,0,-79,1,0,0,4,348,2,0,0
34,6,1,2,0,980,0,0,0,2,54,4,0,0
29,0,1,1,0,387,1,1,0,1,-1,0,0,0
49,9,1,1,0,2765,0,0,0,4,-1,0,0,0
38,1,1,1,0,168,0,1,0,1,-1,0,0,0
29,1,1,1,0,97,1,0,0,4,-1,0,0,0
28,9,1,1,0,139,1,1,0,1,-1,0,0,0
32,4,1,0,1,-1161,1,1,0,5,-1,0,0,0
35,9,1,1,0,746,0,1,0,1,-1,0,0,0
79,5,0,1,0,631,0,0,1,2,181,1,0,0
34,0,2,1,0,673,1,0,0,1,260,2,0,0
46,1,0,0,0,1712,0,0,0,1,-1,0,0,0
29,3,1,2,0,420,1,0,0,3,-1,0,0,0
34,7,1,1,0,40,1,0,0,2,-1,0,0,0
59,9,1,1,0,283,0,0,0,4,-1,0,0,0
29,0,2,1,0,-133,0,0,0,1,-1,0,0,0
37,4,0,2,0,241,1,0,0,1,-1,0,0,0
33,4,2,2,0,541,1,1,0,1,-1,0,0,0
43,0,1,0,0,392,1,1,0,1,208,2,0,0
52,2,1,1,0,330,0,1,0,1,-1,0,0,0
53,5,1,0,0,383,1,0,0,1,-1,0,0,0
31,1,1,0,0,-81,1,0,0,1,-1,0,0,0
55,9,1,2,0,0,0,0,0,1,-1,0,0,0
30,9,1,1,0,484,1,0,0,1,-1,0,0,1
25,0,2,2,0,760,1,0,0,3,89,2,0,1
35,4,1,2,0,0,1,0,1,12,-1,0,0,0
38,7,1,1,0,497,1,1,0,5,-1,0,0,0
30,9,1,2,0,71,1,0,0,2,-1,0,0,0
42,7,1,1,0,115,1,1,0,1,149,2,0,0
52,1,1,1,0,157,1,1,0,2,-1,0,0,0
36,4,1,2,0,0,1,0,0,1,175,2,0,0
30,9,1,1,0,26,0,0,0,2,-1,0,0,0
32,4,2,2,0,90,0,0,0,2,-1,0,0,0
56,4,1,1,0,0,0,0,0,2,-1,0,0,0
34,9,2,1,0,124,0,0,1,2,-1,0,0,0
33,9,0,1,0,7,1,1,0,1,-1,0,0,0
40,1,1,0,0,13,1,0,0,1,-1,0,0,0
25,9,2,1,0,945,1,0,0,4,-1,0,0,0
28,1,2,0,0,431,1,0,0,2,363,2,0,0
33,9,1,1,0,-89,0,1,0,4,-1,0,0,0
28,9,2,1,0,0,1,0,0,1,92,2,2,0
33,4,2,1,0,8004,0,0,0,3,-1,0,0,0
55,0,0,1,0,789,1,0,0,2,-1,0,0,0
62,5,1,0,0,1515,1,0,0,4,178,3,0,0
42,9,1,2,0,757,0,0,0,1,79,1,2,1
35,7,2,1,0,-291,1,0,0,3,-1,0,0,0
46,4,1,1,0,5127,0,0,0,1,-1,0,0,0
37,9,1,1,0,5380,0,0,0,6,-1,0,0,0
44,4,2,2,0,295,1,0,0,8,-1,0,0,0
47,10,1,1,0,817,0,0,0,4,-1,0,0,1
39,4,1,2,0,429,1,0,0,4,-1,0,0,0
33,3,2,1,0,1363,0,0,1,1,-1,0,0,0
32,7,1,1,0,2068,1,1,0,1,-1,0,0,0
44,9,1,2,0,1707,0,0,0,3,-1,0,0,0
53,1,1,1,1,-634,0,0,0,3,-1,0,0,0
41,9,1,1,0,525,1,0,0,1,-1,0,0,0
50,5,1,0,0,1098,0,0,0,1,-1,0,0,0
43,1,1,0,0,-124,1,0,0,5,-1,0,0,0
45,1,1,1,0,3,0,1,1,2,-1,0,0,0
36,6,2,2,0,577,1,0,0,1,298,1,0,0
40,1,0,1,0,-90,1,0,0,1,-1,0,0,0
55,5,0,0,0,53,1,0,0,2,-1,0,0,0
55,9,1,2,0,169,0,1,0,2,-1,0,0,1
34,4,1,2,0,813,1,0,0,3,-1,0,0,0
33,1,1,1,0,304,1,0,0,2,-1,0,0,0
37,4,2,2,0,1572,0,0,0,6,-1,0,0,0
41,7,1,1,0,2085,1,0,0,4,-1,0,0,0
32,1,0,1,0,880,1,1,0,1,-1,0,0,0
53,5,1,0,0,0,0,1,0,1,-1,0,0,0
41,4,1,2,0,65,1,0,0,2,-1,0,0,0
30,1,1,0,0,35,1,0,0,2,-1,0,0,0
29,4,2,1,0,698,0,0,0,1,-1,0,0,0
51,3,1,1,0,294,0,0,0,1,-1,0,0,0
35,1,2,0,0,293,1,0,0,2,-1,0,0,0
35,2,1,1,0,2971,0,0,0,2,95,6,2,0
46,4,1,0,0,589,0,0,0,2,-1,0,0,0
44,7,1,1,0,483,1,0,1,1,-1,0,0,0
41,0,1,1,0,2661,1,0,1,1,-1,0,0,0
26,0,2,1,0,766,0,0,0,2,-1,0,0,1
43,2,1,2,0,0,1,0,0,1,-1,0,0,0
19,8,2,1,0,88,0,0,0,1,-1,0,0,0
31,9,2,1,0,35,0,1,0,1,-1,0,0,0
55,4,1,1,1,-171,1,0,0,2,-1,0,0,0
41,3,0,0,0,22,1,0,0,3,126,4,1,0
56,2,0,2,0,2975,0,1,0,13,-1,0,0,0
26,4,2,2,0,800,1,0,0,2,-1,0,0,0
55,6,0,1,0,148,0,0,0,3,-1,0,0,0
49,9,1,1,0,652,0,0,0,2,-1,0,0,0
35,6,1,1,0,116,0,0,0,1,-1,0,0,0
27,2,1,2,0,-23,0,0,0,4,-1,0,0,0
47,9,2,1,0,80,1,0,0,5,-1,0,0,0
34,4,2,2,0,127,0,0,0,6,-1,0,0,0
60,3,1,0,0,182,0,0,0,2,76,3,0,0
36,1,2,1,0,90,1,0,0,5,-1,0,0,0
59,6,1,1,0,201,0,0,0,2,-1,0,0,0
45,4,1,2,0,210,1,0,0,1,-1,0,0,0
57,9,1,0,0,67,0,0,0,1,-1,0,0,0
39,1,1,1,0,125,1,0,0,1,-1,0,0,0
28,4,2,2,0,4985,1,0,0,2,-1,0,0,0
50,0,1,1,0,-779,1,1,0,2,-1,0,0,0
54,9,1,1,0,1162,0,0,1,2,-1,0,0,0
35,1,1,1,0,4723,1,0,0,8,-1,0,0,0
70,5,1,1,0,3175,0,0,0,2,-1,0,0,0
47,7,2,1,0,33,1,0,0,1,-1,0,0,0
29,0,2,1,0,1751,0,0,0,1,-1,0,0,0
44,0,1,1,0,1042,1,0,0,1,-1,0,0,0
29,1,1,0,0,18,1,0,0,3,-1,0,0,0
31,4,2,2,0,1130,1,0,0,1,264,3,0,0
27,8,2,1,0,111,0,0,0,2,-1,0,0,1
58,5,1,1,0,19,0,1,0,3,-1,0,0,0
42,9,0,1,0,0,1,0,0,6,-1,0,0,0
31,1,2,0,0,5058,1,0,0,1,-1,0,0,0
36,1,1,1,0,98,1,0,0,1,344,1,0,0
49,6,1,2,0,7254,0,0,0,4,-1,0,0,0
38,4,2,2,0,2357,1,0,0,1,-1,0,0,0
46,4,1,2,0,110,1,1,0,5,-1,0,0,0
49,7,1,2,0,411,0,0,1,6,-1,0,0,0
41,1,0,0,0,320,1,0,0,1,-1,0,0,0
28,8,2,1,0,0,0,0,0,20,-1,0,0,1
40,1,0,0,0,190,1,1,0,1,346,2,0,0
31,4,1,2,0,557,1,0,0,1,-1,0,0,0
51,1,0,1,0,216,1,0,0,2,-1,0,0,0
26,1,1,1,0,246,1,0,0,3,-1,0,0,1
43,4,1,2,0,2383,0,0,0,6,-1,0,0,1
37,4,2,2,0,1730,0,0,0,1,-1,0,0,1
36,1,1,1,1,-2,0,0,0,1,-1,0,0,0
57,0,0,0,0,1,0,0,0,10,-1,0,0,0
40,1,2,0,0,397,0,0,0,1,-1,0,0,0
23,8,2,2,0,250,1,0,0,2,-1,0,0,0
53,3,1,2,0,554,0,0,0,1,181,5,0,0
49,5,1,0,0,192,0,0,0,1,-1,0,0,0
58,4,0,2,0,26254,1,0,0,1,31,1,0,0
37,4,1,2,0,1893,0,1,0,2,-1,0,0,0
46,1,1,0,0,1085,1,1,0,2,353,58,1,1
41,4,1,0,0,733,1,0,0,1,335,7,0,0
55,7,1,2,0,64,1,1,0,6,-1,0,0,0
50,4,1,2,0,311,0,0,0,5,-1,0,0,0
53,0,0,1,0,236,1,0,0,1,-1,0,0,0
58,9,1,0,0,10,1,0,0,1,-1,0,0,0
46,2,1,1,0,-880,0,1,0,2,-1,0,0,0
54,9,1,1,0,89,1,0,0,3,-1,0,0,0
68,5,1,1,0,1316,0,0,1,5,-1,0,0,0
48,4,2,2,0,336,1,0,0,1,369,4,1,0
44,0,0,1,0,49,1,0,0,2,-1,0,0,0
46,1,1,1,0,130,1,0,0,1,349,1,0,0
33,7,2,1,0,2297,0,0,0,1,-1,0,0,1
34,9,1,2,0,8463,0,0,0,2,-1,0,0,0
58,9,2,1,0,8600,1,0,0,1,-1,0,0,0
28,2,2,2,0,135,1,0,0,1,-1,0,0,0
47,6,1,2,0,2303,1,0,0,2,364,1,0,0
42,1,1,1,0,0,1,0,0,2,-1,0,0,0
36,9,0,1,0,1,0,0,0,3,-1,0,0,1
37,1,1,1,0,190,1,0,0,2,-1,0,0,0
40,3,1,1,0,2064,0,0,0,1,-1,0,0,0
59,1,1,0,0,3540,0,0,0,1,-1,0,0,0
48,9,2,1,0,309,0,0,0,2,-1,0,0,0
37,1,1,1,0,897,1,0,0,2,280,2,0,0
44,4,1,2,0,349,0,0,0,1,-1,0,0,0
55,9,1,2,0,1354,0,0,0,4,-1,0,0,0
34,1,2,1,0,13408,0,0,0,2,-1,0,0,0
30,4,2,2,0,156,1,0,0,9,-1,0,0,0
38,9,2,1,0,455,1,0,0,5,-1,0,0,0
52,2,1,2,0,2309,0,1,0,2,-1,0,0,0
34,7,1,1,0,0,1,0,0,3,-1,0,0,0
43,1,1,0,0,232,0,1,0,1,-1,0,0,0
50,1,1,0,0,0,1,0,0,1,-1,0,0,0
39,7,2,1,0,2453,0,0,0,2,-1,0,0,0
51,9,1,1,0,19,0,1,0,4,-1,0,0,0
48,9,1,1,0,0,0,0,0,1,-1,0,0,0
43,7,0,1,0,313,1,0,0,2,-1,0,0,0
49,7,2,1,0,5028,1,0,0,1,-1,0,0,0
55,7,1,1,0,3546,1,1,0,1,110,2,0,0
32,4,1,2,0,1388,1,0,0,1,-1,0,0,1
35,1,1,1,0,5304,1,0,0,1,183,2,0,0
25,1,2,1,0,154,1,0,0,2,-1,0,0,0
43,7,1,0,0,29,0,0,1,8,-1,0,0,0
37,6,0,1,0,-38,1,0,0,1,175,2,0,0
29,7,2,1,0,536,1,0,1,5,-1,0,0,0
28,9,2,2,0,-803,1,1,0,9,-1,0,0,0
40,1,1,0,0,-158,1,1,0,1,-1,0,0,0
46,9,1,1,0,1571,1,0,0,2,-1,0,0,0
26,0,1,1,0,-401,1,1,0,1,-1,0,0,0
56,10,1,1,0,12,0,0,0,3,187,1,0,1
47,9,1,1,0,11,0,0,0,2,-1,0,0,0
56,9,0,1,0,99,1,0,0,2,-1,0,0,0
49,4,0,2,0,178,0,0,0,2,-1,0,0,0
33,1,1,0,0,2720,1,0,0,3,-1,0,0,0
44,4,1,1,0,2984,1,0,0,2,-1,0,0,0
39,7,1,1,0,0,1,1,0,3,-1,0,0,0
32,4,2,2,0,1882,0,0,0,5,-1,0,0,1
39,9,1,1,0,116,0,0,0,2,94,2,2,0
46,4,1,1,0,1114,0,0,0,8,-1,0,0,0
40,1,0,1,0,-333,1,0,0,2,-1,0,0,0
43,7,1,1,0,778,0,0,0,2,-1,0,0,0
25,1,1,1,0,51,1,0,0,2,-1,0,0,0
35,3,1,1,0,495,0,0,0,4,-1,0,0,0
29,4,1,2,0,1441,1,0,0,2,-1,0,0,1
31,0,2,1,0,8626,0,0,0,1,111,1,0,0
59,2,1,2,0,146,1,0,0,3,365,6,0,0
24,0,2,1,0,5,0,0,0,1,330,1,0,0
44,4,1,2,0,1590,1,1,0,8,-1,0,0,0
55,1,1,1,0,1268,1,0,0,2,-1,0,0,0
54,9,0,1,0,136,0,1,0,4,-1,0,0,0
35,1,1,0,0,113,1,0,0,3,-1,0,0,0
40,2,1,2,0,1089,1,1,0,5,-1,0,0,0
82,5,0,2,0,0,0,0,1,1,-1,0,0,1
44,1,1,0,0,8,0,0,0,1,-1,0,0,0
42,1,1,1,0,349,1,0,0,2,-1,0,0,0
37,9,1,1,0,47,0,0,0,3,-1,0,0,0
30,7,1,1,0,311,1,1,0,4,-1,0,0,0
30,9,2,1,0,309,0,0,0,1,-1,0,0,0
48,4,1,2,0,161,1,0,0,1,-1,0,0,0
49,1,2,0,0,-165,1,1,0,3,-1,0,0,0
46,0,2,1,0,9326,0,1,0,1,-1,0,0,0
50,9,1,1,0,-287,1,0,0,1,347,1,0,0
39,0,2,2,0,283,1,0,0,1,179,3,1,0
50,6,1,1,0,358,1,1,0,3,367,3,0,0
46,1,1,1,0,0,0,0,1,2,-1,0,0,0
43,1,1,0,0,533,1,0,0,2,370,1,1,0
34,1,1,1,0,1831,1,0,0,2,-1,0,0,0
37,1,1,0,0,1,1,0,0,2,-1,0,0,0
44,1,2,0,0,787,1,0,0,2,-1,0,0,0
29,0,1,1,0,2,1,0,0,1,362,1,0,0
34,2,1,1,0,183,1,0,0,4,-1,0,0,0
40,1,1,0,0,1206,0,1,1,5,-1,0,0,0
51,7,1,1,0,657,0,0,0,2,-1,0,0,0
37,9,0,1,0,141,1,0,0,1,364,3,0,1
49,1,1,1,0,-327,1,0,0,1,-1,0,0,0
39,9,0,1,0,394,1,0,0,1,-1,0,0,0
31,1,2,1,0,953,1,0,0,1,346,2,2,1
41,0,0,1,0,-365,1,0,0,10,-1,0,0,0
57,5,1,0,0,641,0,1,1,4,-1,0,0,0
32,4,1,2,0,628,0,0,0,1,-1,0,0,0
52,1,1,1,0,1374,1,0,0,2,322,1,0,0
35,0,2,1,0,128,0,0,0,1,-1,0,0,0
44,4,1,1,0,576,1,0,0,3,-1,0,0,0
29,7,2,1,0,153,0,0,0,2,-1,0,0,0
33,10,2,2,0,3805,1,0,0,1,-1,0,0,0
62,5,1,1,0,243,0,0,0,1,280,1,2,0
32,4,1,2,0,376,1,0,0,4,-1,0,0,1
57,5,1,1,0,2020,0,0,0,4,-1,0,0,0
46,1,1,1,0,55,0,0,0,1,-1,0,0,0
41,7,1,1,0,7509,0,0,0,1,-1,0,0,0
33,4,2,1,0,1,0,0,0,1,-1,0,0,0
31,1,2,1,0,19,1,0,0,5,-1,0,0,0
30,7,2,1,0,773,1,1,0,1,-1,0,0,0
45,1,1,0,0,246,1,0,0,1,-1,0,0,0
46,4,1,2,0,11385,0,0,0,3,-1,0,0,1
44,1,1,0,0,0,0,0,0,2,-1,0,0,0
29,9,2,1,0,382,0,0,0,4,-1,0,0,1
31,7,2,1,0,1510,1,0,0,4,176,1,0,0
36,0,0,1,0,543,1,0,0,3,-1,0,0,0
34,9,0,1,0,705,1,1,0,1,-1,0,0,0
36,0,1,1,0,194,1,1,0,3,-1,0,0,0
52,7,0,0,1,-1,0,1,0,6,-1,0,0,0
45,9,0,1,0,2657,0,0,0,3,-1,0,0,1
40,0,2,1,0,985,1,0,0,3,145,5,1,0
33,9,1,1,0,272,1,0,0,2,-1,0,0,0
50,4,0,2,0,-5,1,0,0,1,8,1,1,0
27,7,2,1,0,482,1,0,0,2,-1,0,0,0
32,4,2,2,0,715,0,0,0,1,-1,0,0,0
49,1,1,1,0,402,1,0,0,1,-1,0,0,0
35,1,1,1,0,1287,1,0,0,3,-1,0,0,0
40,4,2,2,0,1247,1,0,0,1,-1,0,0,0
32,7,1,1,0,11512,1,0,0,1,183,1,0,0
53,6,1,2,0,730,1,0,0,1,368,2,0,0
42,7,1,1,0,-43,1,1,0,3,-1,0,0,0
49,7,1,0,0,784,1,0,0,4,-1,0,0,0
51,4,2,2,0,297,1,0,0,4,375,1,0,1
32,4,2,2,0,3,1,0,0,1,-1,0,0,1
33,7,1,1,0,4402,1,0,0,2,-1,0,0,0
31,6,1,1,0,2153,1,0,0,3,172,1,0,0
50,0,2,1,0,26,0,1,1,4,-1,0,0,0
40,1,1,0,0,409,1,0,0,1,-1,0,0,0
19,8,2,1,0,0,0,0,0,3,-1,0,0,0
44,3,1,0,0,241,1,0,1,3,-1,0,0,0
33,7,0,1,0,-297,1,0,0,2,-1,0,0,0
44,2,1,2,0,121,0,0,0,1,91,1,2,1
44,9,1,1,0,267,0,0,0,2,-1,0,0,1
42,7,0,1,0,266,1,1,0,1,-1,0,0,0
41,9,1,1,0,2123,0,0,0,2,-1,0,0,0
41,1,2,1,0,961,1,0,0,1,-1,0,0,0
40,8,2,1,0,595,1,0,0,2,-1,0,0,1
43,9,1,1,0,1824,1,0,0,1,-1,0,0,0
47,4,2,2,0,86,0,0,0,1,-1,0,0,1
42,1,1,1,0,171,1,0,0,1,-1,0,0,0
55,1,2,1,0,923,0,0,0,4,-1,0,0,0
42,0,0,1,0,24,1,0,0,2,-1,0,0,0
59,3,1,1,0,0,0,0,1,1,99,4,0,0
57,4,1,1,0,123,0,0,0,2,-1,0,0,0
67,5,2,0,0,491,0,0,1,1,-1,0,0,0
58,7,1,1,0,1667,1,1,0,1,-1,0,0,0
35,1,1,0,0,396,1,0,0,1,-1,0,0,0
37,4,0,2,1,26,0,1,0,1,-1,0,0,0
30,0,1,1,0,-68,1,0,0,1,-1,0,0,0
24,1,2,1,0,525,1,0,0,1,332,1,0,0
27,2,1,1,0,-36,0,1,0,10,-1,0,0,0
39,9,1,1,0,328,0,0,0,7,-1,0,0,0
29,4,1,2,0,246,1,0,0,1,-1,0,0,0
40,0,2,1,0,1200,1,0,0,2,156,8,0,0
29,0,1,1,0,1489,1,0,0,1,-1,0,0,0
41,0,2,1,0,431,1,0,0,1,-1,0,0,0
42,10,1,1,0,1990,1,1,0,1,-1,0,0,0
43,2,2,0,0,2124,1,0,0,1,-1,0,0,0
36,4,2,2,0,490,0,0,0,1,-1,0,0,0
54,5,1,0,0,235,0,1,0,2,113,5,0,0
27,9,2,1,0,282,0,1,0,5,-1,0,0,0
49,4,1,2,0,5887,0,0,0,3,185,5,2,1
47,1,1,1,0,-656,1,0,0,2,-1,0,0,0
31,4,0,2,0,373,0,0,0,6,-1,0,0,1
32,9,1,1,0,199,0,1,0,1,-1,0,0,0
36,1,2,1,0,185,1,1,0,2,-1,0,0,0
65,3,1,0,0,2179,1,0,0,7,-1,0,0,0
32,1,2,1,1,130,0,0,0,2,-1,0,0,0
33,1,2,1,0,329,0,0,0,1,145,2,1,1
32,7,1,0,0,228,1,0,0,6,-1,0,0,1
38,1,2,1,0,397,1,0,0,1,-1,0,0,0
63,5,2,2,0,70,0,0,0,2,-1,0,0,0
32,1,2,1,0,395,1,1,0,1,-1,0,0,0
37,0,0,1,0,-165,1,0,0,2,-1,0,0,0
40,6,1,1,0,1270,1,0,0,2,-1,0,0,0
33,3,1,0,0,580,0,0,0,2,-1,0,0,0
45,4,1,1,0,4105,1,0,0,2,-1,0,0,0
55,9,1,1,0,445,0,0,0,2,-1,0,0,0
55,4,2,1,0,220,1,0,0,2,-1,0,0,0
32,9,1,1,0,163,1,1,0,3,-1,0,0,0
54,5,1,1,0,1826,1,0,0,4,-1,0,0,0
44,7,0,1,0,496,1,1,0,15,-1,0,0,0
33,9,2,1,0,14,1,0,0,1,-1,0,0,0
66,5,0,1,0,53,0,0,0,4,-1,0,0,1
61,1,1,0,0,5,0,0,0,2,94,3,2,1
52,2,1,0,0,-104,0,1,0,1,-1,0,0,0
24,0,1,1,0,61,1,1,0,1,343,2,1,0
48,1,1,1,0,3008,1,1,0,1,187,3,0,0
31,1,2,1,0,-27,0,0,0,2,-1,0,0,0
42,4,1,2,0,72,1,0,0,2,348,3,0,0
57,9,0,2,0,0,1,0,0,16,-1,0,0,0
32,9,2,1,0,5118,1,0,0,12,-1,0,0,0
30,4,2,2,0,8535,0,0,0,2,-1,0,0,1
31,4,1,2,0,2,1,0,0,1,-1,0,0,0
46,4,0,1,1,2,0,0,0,1,-1,0,0,0
29,0,2,1,0,2802,0,1,0,2,-1,0,0,0
40,4,1,1,0,752,0,1,0,1,-1,0,0,0
30,9,1,1,0,239,1,0,0,2,95,8,0,0
35,4,2,1,0,1189,0,1,0,2,-1,0,0,0
34,1,1,0,0,431,1,0,0,1,-1,0,0,0
48,1,1,0,0,750,1,0,0,6,-1,0,0,0
55,10,1,1,0,12,0,0,0,1,-1,0,0,0
36,1,2,1,0,151,1,0,0,1,-1,0,0,0
43,2,1,1,0,3862,1,0,0,1,-1,0,0,0
70,5,1,1,0,0,0,0,0,1,92,5,2,1
34,8,2,1,0,242,0,0,1,2,244,2,0,0
31,7,2,1,0,258,1,0,0,3,-1,0,0,0
27,9,2,1,0,487,1,0,0,1,-1,0,0,0
44,4,0,2,0,3321,0,0,0,3,-1,0,0,0
34,0,0,0,0,9569,1,0,0,2,-1,0,0,0
32,9,2,1,0,28,1,0,0,1,-1,0,0,0
60,1,1,0,0,0,0,0,0,1,-1,0,0,0
47,5,1,1,0,2383,0,0,0,1,-1,0,0,0
35,0,2,0,0,8,1,0,0,18,-1,0,0,0
37,4,1,2,0,789,1,1,0,1,190,2,1,0
33,9,2,1,0,6325,0,0,0,2,-1,0,0,0
35,7,1,1,0,44,1,0,1,2,-1,0,0,0
38,4,2,2,0,2346,1,0,0,1,-1,0,0,0
35,0,0,1,0,534,0,0,0,3,-1,0,0,0
49,6,1,1,0,0,0,0,0,6,-1,0,0,0
37,4,2,2,0,1148,1,0,0,1,-1,0,0,0
46,4,1,2,0,477,1,0,0,6,-1,0,0,0
49,1,1,1,0,1946,0,0,0,1,-1,0,0,1
35,6,1,2,0,333,0,0,0,5,-1,0,0,0
47,1,0,1,0,169,1,0,0,2,-1,0,0,0
26,0,2,1,0,712,1,0,0,1,-1,0,0,0
43,1,1,1,0,545,1,0,0,1,-1,0,0,0
47,10,1,1,0,432,0,0,0,2,-1,0,0,0
36,6,1,1,0,611,0,0,0,2,-1,0,0,0
32,9,2,2,0,418,0,1,0,3,-1,0,0,0
38,1,1,0,0,1597,0,0,1,1,-1,0,0,0
57,5,2,1,0,630,0,0,0,1,-1,0,0,0
44,0,1,1,1,-1249,1,1,0,4,-1,0,0,0
37,1,1,1,0,-141,1,1,0,3,-1,0,0,0
70,5,1,0,0,2795,0,0,0,1,181,2,2,1
54,4,1,1,0,4816,0,1,0,1,-1,0,0,0
48,4,1,1,0,161,1,0,0,3,-1,0,0,0
32,1,2,1,0,217,1,0,0,3,-1,0,0,1
47,7,1,1,0,137,0,0,0,1,-1,0,0,0
35,0,2,1,0,181,1,0,0,4,301,1,0,0
25,7,1,1,0,55,1,1,0,1,-1,0,0,0
30,10,1,2,0,330,0,0,0,1,80,1,2,1
38,10,0,1,0,0,1,0,0,4,-1,0,0,0
44,7,1,1,0,3843,1,0,0,1,150,2,1,0
46,0,2,1,0,1070,1,0,0,2,-1,0,0,0
51,1,1,0,0,48,0,1,0,1,-1,0,0,0
56,1,0,1,0,1346,0,1,0,3,-1,0,0,0
30,10,2,1,0,8304,0,0,0,1,-1,0,0,0
31,4,2,2,0,347,1,0,0,6,-1,0,0,0
42,9,2,1,0,0,1,0,0,4,-1,0,0,0
58,5,1,1,0,413,0,0,0,5,-1,0,0,0
33,0,1,1,0,139,1,1,0,1,-1,0,0,0
31,1,1,1,0,125,1,0,0,1,350,2,0,0
43,9,0,1,0,0,0,0,0,2,-1,0,0,0
47,4,1,1,0,641,0,0,0,3,-1,0,0,0
46,9,1,1,0,967,0,0,0,3,-1,0,0,0
40,9,2,2,0,47,1,0,0,1,365,1,0,0
35,9,1,1,0,561,1,0,0,1,-1,0,0,0
54,4,1,0,0,3859,0,1,0,3,-1,0,0,0
51,9,1,1,0,2937,0,0,1,3,-1,0,0,0
30,4,2,2,0,2317,1,0,0,5,-1,0,0,0
50,2,1,0,0,199,0,0,0,2,363,2,0,0
32,4,2,2,0,354,0,0,0,2,133,5,1,1
32,7,1,1,0,2578,0,0,0,3,-1,0,0,0
51,1,1,2,0,7816,1,0,0,2,-1,0,0,0
34,1,1,0,0,17946,1,0,0,9,-1,0,0,0
36,9,1,2,0,473,0,0,0,2,-1,0,0,0
31,0,2,1,0,1270,1,0,0,1,364,1,1,0
23,9,2,1,0,4545,0,0,0,1,114,1,0,0
34,10,1,1,0,200,1,0,0,6,-1,0,0,0
86,5,1,0,0,5236,0,0,1,2,-1,0,0,1
75,5,0,1,0,105,0,0,0,1,-1,0,0,0
33,4,2,2,0,48,1,0,0,5,-1,0,0,0
51,4,1,1,0,12,0,0,0,1,-1,0,0,0
41,1,1,0,0,4,0,0,0,5,-1,0,0,0
32,0,1,1,0,187,0,1,0,3,-1,0,0,0
49,2,1,0,0,563,0,0,0,1,-1,0,0,0
52,9,0,1,0,2816,0,0,0,3,-1,0,0,0
42,9,2,1,0,49,0,0,0,10,-1,0,0,0
39,9,1,1,0,133,1,0,0,4,352,4,1,0
31,7,1,1,0,283,1,0,0,2,-1,0,0,0
41,1,1,0,0,54,1,0,0,1,-1,0,0,0
29,1,1,0,0,1615,1,0,0,1,-1,0,0,0
42,10,2,0,0,8037,0,0,0,2,-1,0,0,0
35,9,0,2,0,4515,1,0,0,3,173,2,0,0
33,0,1,1,0,543,1,0,0,2,-1,0,0,0
28,8,2,1,0,970,0,0,0,1,96,1,0,0
33,4,1,2,0,52,0,0,0,1,-1,0,0,0
45,9,0,1,0,12,0,0,0,3,-1,0,0,0
35,9,1,1,0,-67,1,0,0,6,-1,0,0,0
27,7,2,1,0,0,0,0,0,1,-1,0,0,0
44,1,1,1,0,647,1,0,0,2,-1,0,0,0
32,4,2,2,1,-3,1,0,0,2,-1,0,0,0
41,6,1,2,0,6000,1,0,0,6,178,1,0,0
40,1,1,1,0,395,1,1,0,1,-1,0,0,0
55,1,0,1,0,496,0,1,0,4,-1,0,0,0
37,4,2,2,0,808,0,0,0,4,349,1,0,0
33,9,2,2,0,154,0,0,0,2,-1,0,0,0
53,4,1,2,0,3911,1,1,0,2,-1,0,0,0
35,1,1,1,0,3015,1,0,0,2,-1,0,0,0
34,4,2,2,0,1,0,0,0,6,-1,0,0,0
32,2,1,2,0,762,0,0,0,11,-1,0,0,1
39,1,1,1,0,0,1,0,0,2,-1,0,0,0
59,6,1,0,0,0,1,0,1,2,-1,0,0,0
21,8,2,1,0,137,1,0,0,3,-1,0,0,0
66,0,0,1,0,220,0,0,0,1,-1,0,0,0
25,8,2,1,0,722,0,0,1,2,-1,0,0,1
31,10,2,1,0,582,1,0,0,2,-1,0,0,1
42,4,2,2,0,1,0,0,0,13,-1,0,0,0
27,4,2,2,0,522,0,0,0,1,-1,0,0,0
27,1,2,1,1,-2,1,1,0,5,-1,0,0,0
41,0,1,2,0,1536,0,0,0,1,95,2,0,1
34,4,1,2,0,76,0,0,0,9,-1,0,0,0
32,7,1,0,0,164,1,0,0,1,-1,0,0,0
39,9,1,1,0,61,0,0,0,2,-1,0,0,0
31,7,2,1,0,6737,1,0,0,7,-1,0,0,0
35,9,1,2,0,1006,0,0,0,4,-1,0,0,0
60,3,1,1,0,874,0,0,0,3,-1,0,0,0
32,7,2,1,0,284,1,0,0,2,-1,0,0,0
52,9,0,1,0,106,0,0,0,4,-1,0,0,0
55,10,2,0,0,5,1,0,0,2,-1,0,0,0
50,4,1,2,0,11528,1,0,0,1,-1,0,0,0
47,2,1,1,0,583,1,0,0,1,258,2,0,0
59,4,1,1,0,771,0,0,1,2,370,3,0,0
52,4,1,1,0,5601,0,0,0,1,-1,0,0,0
23,1,2,1,0,4211,1,0,0,1,-1,0,0,0
57,7,1,1,0,2476,1,0,0,1,459,1,2,0
29,3,2,2,0,2196,0,0,0,1,-1,0,0,1
35,4,1,2,0,0,0,0,0,1,-1,0,0,0
18,8,2,1,0,3,0,0,0,2,-1,0,0,1
30,0,0,1,0,370,1,0,0,1,-1,0,0,0
36,9,2,1,0,0,0,0,0,6,-1,0,0,0
27,9,1,1,0,811,1,0,0,2,-1,0,0,0
45,9,0,1,0,72,1,0,0,5,-1,0,0,0
25,9,2,1,0,1105,1,0,0,1,-1,0,0,0
39,9,1,1,0,1048,0,1,0,1,-1,0,0,0
31,4,2,2,0,471,0,0,0,2,-1,0,0,0
51,3,1,2,0,6700,1,1,0,4,-1,0,0,0
34,1,1,1,0,932,0,1,0,2,132,1,1,0
37,7,1,1,0,523,1,0,1,1,-1,0,0,0
39,9,2,2,0,1674,0,0,0,10,178,1,0,0
40,1,1,0,0,668,1,0,0,2,-1,0,0,0
38,7,1,1,0,2289,0,0,0,5,-1,0,0,0
51,1,1,1,0,0,1,1,0,2,-1,0,0,0
30,9,2,2,0,880,1,1,0,6,-1,0,0,1
53,9,0,1,0,392,1,0,0,1,245,1,0,0
32,9,2,2,0,360,0,0,0,2,-1,0,0,0
42,7,1,1,0,292,1,0,0,3,-1,0,0,0
40,0,1,0,0,129,1,0,0,3,-1,0,0,0
36,1,2,1,0,2054,0,0,0,1,-1,0,0,0
22,8,2,1,0,47,0,0,0,2,-1,0,0,0
36,9,1,1,0,5521,0,0,0,1,-1,0,0,0
42,6,0,1,0,484,1,0,0,3,-1,0,0,0
40,1,1,0,0,236,1,0,0,2,-1,0,0,0
30,0,2,1,0,414,0,0,0,1,-1,0,0,0
59,5,1,1,0,25947,0,0,0,2,-1,0,0,0
52,0,2,1,0,-528,1,1,0,2,-1,0,0,1
43,10,0,0,0,-70,1,0,0,2,-1,0,0,0
45,9,1,1,0,268,0,0,0,14,-1,0,0,0
25,7,2,1,0,111,0,1,0,1,-1,0,0,0
42,4,1,1,0,703,1,0,0,1,-1,0,0,0
43,4,1,2,0,244,0,0,0,2,-1,0,0,0
36,0,0,1,0,11,0,0,0,2,-1,0,0,0
52,1,0,0,0,-191,1,0,0,1,-1,0,0,1
43,9,1,2,0,591,1,0,0,4,277,2,0,0
33,9,1,1,1,72,1,0,0,1,-1,0,0,0
51,0,1,1,1,-160,0,1,0,4,-1,0,0,0
45,9,1,1,0,3395,1,0,0,1,-1,0,0,0
56,1,0,1,0,75,1,0,0,2,-1,0,0,0
31,1,1,0,0,0,1,1,0,4,-1,0,0,0
43,6,1,1,0,5704,1,0,0,3,106,2,0,0
27,1,2,1,0,-116,1,1,0,2,343,1,0,0
56,4,1,1,0,361,0,0,0,7,-1,0,0,0
50,5,1,1,0,1047,0,0,0,5,-1,0,0,0
43,2,1,2,0,13342,1,0,0,1,-1,0,0,0
33,4,2,2,0,1097,0,1,0,4,-1,0,0,0
26,0,2,1,0,0,1,0,0,1,-1,0,0,0
34,4,2,2,0,2187,1,0,0,5,-1,0,0,0
38,9,2,1,0,372,0,0,0,3,-1,0,0,0
45,1,1,1,0,1778,1,0,0,5,-1,0,0,0
49,2,1,2,0,320,1,1,0,6,-1,0,0,0
32,9,0,2,0,2558,0,0,0,2,-1,0,0,0
44,4,1,2,0,1791,0,0,1,1,182,2,2,1
32,4,1,2,0,944,1,1,0,1,-1,0,0,0
28,1,2,0,0,8263,1,0,0,1,-1,0,0,0
35,1,1,0,0,2490,1,0,0,1,180,3,0,0
64,5,1,1,0,571,1,0,0,2,-1,0,0,1
26,8,2,1,0,-147,0,0,0,2,-1,0,0,0
31,9,2,1,0,-348,1,0,0,1,-1,0,0,0
30,1,2,1,0,155,1,1,0,3,-1,0,0,1
36,4,1,2,0,1582,0,0,1,2,197,1,0,0
40,1,1,0,0,68,1,0,0,19,-1,0,0,0
30,4,2,2,0,720,0,0,0,4,210,4,1,1
45,4,1,2,0,-459,0,0,0,6,-1,0,0,0
42,0,2,1,0,-247,1,1,0,2,28,2,2,0
46,4,1,1,0,2466,0,0,1,3,370,1,0,1
30,8,2,1,0,809,0,0,0,5,171,2,0,0
31,7,2,1,0,1599,0,0,0,1,78,2,2,0
37,4,1,2,0,5355,0,0,1,4,-1,0,0,1
56,9,0,1,0,1480,1,1,0,1,-1,0,0,0
40,7,1,1,0,10406,0,0,0,2,127,4,1,0
31,6,2,2,0,84,0,0,0,4,-1,0,0,0
39,7,2,1,0,3,0,1,0,1,-1,0,0,0
32,4,2,2,0,0,1,1,0,2,-1,0,0,0
34,4,0,1,0,291,0,0,0,2,-1,0,0,0
65,2,1,2,0,2331,0,0,1,1,92,1,2,1
31,1,1,1,0,0,1,0,0,1,-1,0,0,0
49,0,0,1,0,502,1,0,0,5,-1,0,0,0
25,1,2,0,0,17,1,0,0,2,-1,0,0,0
56,4,1,0,0,93,1,0,0,2,-1,0,0,0
30,7,1,1,0,227,0,1,0,1,-1,0,0,0
34,4,1,2,0,6203,0,0,1,2,-1,0,0,0
55,4,0,2,0,2383,0,0,0,2,-1,0,0,1
54,1,1,1,0,0,0,0,1,1,150,1,0,0
58,6,1,1,0,0,1,0,1,3,264,9,0,0
60,6,1,1,0,546,0,0,0,2,-1,0,0,0
26,7,2,1,0,531,1,1,0,1,-1,0,0,0
51,9,1,1,0,317,0,0,0,4,-1,0,0,0
40,1,1,1,0,100,1,0,0,2,-1,0,0,0
36,4,2,2,0,219,0,0,0,6,196,6,0,0
34,0,1,1,0,1551,1,1,0,2,82,4,1,0
58,5,1,0,0,747,1,1,1,1,-1,0,0,0
31,1,2,0,0,435,1,0,0,2,-1,0,0,0
34,4,1,2,0,573,0,0,0,1,-1,0,0,0
47,7,1,1,0,440,1,0,0,1,-1,0,0,0
23,9,2,2,0,1502,0,0,0,1,-1,0,0,0
42,1,1,1,0,4900,1,0,1,1,284,2,0,0
50,1,2,1,0,-111,1,0,0,11,-1,0,0,0
27,7,2,1,0,302,0,0,0,1,189,1,2,0
53,1,1,0,0,896,1,0,0,1,-1,0,0,0
66,5,1,0,0,747,0,0,1,1,-1,0,0,0
47,6,1,2,0,-80,1,0,0,3,270,2,0,0
48,7,1,1,0,202,1,0,0,1,-1,0,0,0
59,7,0,1,0,0,1,1,0,1,-1,0,0,0
53,0,1,1,0,459,0,0,0,1,-1,0,0,1
39,3,1,1,0,633,0,0,0,1,-1,0,0,0
36,1,2,1,0,3623,0,0,0,1,378,1,2,1
32,9,0,1,0,0,0,0,0,4,-1,0,0,0
42,9,1,2,0,1619,0,0,0,1,-1,0,0,0
37,0,2,1,0,-17,1,0,0,2,340,2,0,0
55,2,0,2,0,1730,0,0,0,2,118,3,0,0
33,9,1,1,0,575,0,1,0,2,-1,0,0,0
31,1,2,1,0,324,1,0,0,4,-1,0,0,0
52,4,1,2,0,1177,1,0,0,1,-1,0,0,0
59,4,1,2,0,3969,0,0,0,3,-1,0,0,0
50,1,1,0,0,1203,1,1,0,7,-1,0,0,0
38,7,2,1,0,570,1,0,0,2,-1,0,0,0
30,7,1,1,0,5,0,1,0,5,-1,0,0,1
26,1,2,2,0,567,0,0,0,1,-1,0,0,1
48,7,0,1,0,142,1,0,0,10,-1,0,0,0
32,9,1,1,0,-410,1,1,0,3,-1,0,0,0
55,9,1,1,0,0,1,1,0,1,-1,0,0,1
31,8,2,2,0,0,0,0,0,2,-1,0,0,0
36,1,1,1,0,722,1,0,0,7,-1,0,0,0
39,4,1,2,0,0,1,0,0,2,-1,0,0,0
32,1,1,1,0,298,1,0,0,7,-1,0,0,0
46,1,1,1,0,438,0,0,0,5,-1,0,0,0
50,9,1,1,0,2242,0,0,0,2,-1,0,0,0
40,1,1,0,0,87,1,0,0,1,-1,0,0,0
35,9,1,1,0,1092,0,0,0,1,360,1,0,0
29,9,2,1,0,0,0,1,0,6,-1,0,0,0
51,1,1,1,0,8486,1,1,0,10,-1,0,0,0
35,1,1,1,0,563,0,1,0,1,119,3,0,1
33,4,2,2,0,1431,0,0,0,1,85,2,0,0
27,0,2,1,0,464,0,0,0,1,-1,0,0,0
59,5,1,0,0,1393,1,1,0,1,-1,0,0,0
82,5,1,1,0,276,0,0,1,1,-1,0,0,1
34,2,1,2,0,368,0,1,0,4,-1,0,0,0
51,9,1,1,0,349,1,0,0,3,-1,0,0,0
30,4,1,2,0,314,0,0,0,2,175,2,2,0
42,7,1,1,0,98,1,0,1,2,-1,0,0,0
46,1,1,1,0,78,1,1,0,1,-1,0,0,0
37,4,1,2,0,1125,1,0,0,1,-1,0,0,0
48,1,2,1,0,-552,0,1,0,2,-1,0,0,0
58,5,1,0,0,3,0,0,0,2,-1,0,0,0
34,1,0,0,0,172,1,0,0,1,-1,0,0,0
46,0,1,0,0,96,0,0,1,2,-1,0,0,0
36,7,1,1,0,393,1,1,0,1,-1,0,0,0
49,4,0,2,0,20727,0,0,0,3,132,2,0,0
30,4,2,2,0,2544,0,0,0,2,-1,0,0,1
43,9,2,2,0,16,1,0,0,4,-1,0,0,0
33,9,1,2,0,1699,0,0,0,1,83,3,2,1
41,4,1,2,0,832,1,1,0,1,176,1,0,0
44,1,1,1,0,1127,0,0,0,1,-1,0,0,0
36,10,2,2,0,9019,1,0,0,3,-1,0,0,0
44,1,1,1,0,129,1,1,0,2,-1,0,0,0
37,1,1,1,0,10721,1,0,0,3,-1,0,0,0
31,1,1,1,0,8,1,0,0,2,170,1,0,0
30,9,1,2,0,423,1,0,0,2,-1,0,0,0
62,5,1,0,0,0,0,0,1,1,-1,0,0,0
58,1,1,0,0,5431,1,1,0,3,374,1,0,0
53,2,1,2,0,2289,1,1,0,1,-1,0,0,0
30,4,2,2,0,638,1,0,0,2,291,6,1,0
46,7,1,1,0,2703,0,0,0,6,-1,0,0,0
55,4,1,2,0,2537,0,0,0,5,-1,0,0,0
44,4,1,2,0,2383,0,0,0,2,-1,0,0,1
54,0,1,1,0,0,0,0,0,1,-1,0,0,1
58,9,0,1,0,469,0,0,0,1,-1,0,0,0
30,6,1,2,0,1596,1,0,0,2,-1,0,0,0
29,4,0,2,0,607,1,1,0,3,-1,0,0,0
43,6,1,2,0,10072,0,0,0,1,77,5,0,0
34,4,2,2,0,382,0,0,0,1,-1,0,0,0
26,7,2,1,0,92,1,0,0,4,-1,0,0,0
52,9,1,2,0,2506,0,0,0,1,228,3,0,0
59,5,1,1,0,1491,0,0,0,2,-1,0,0,0
51,9,1,2,0,1121,0,0,0,4,-1,0,0,0
37,10,1,2,0,1851,0,0,0,1,-1,0,0,0
33,6,2,2,0,94,1,0,0,2,-1,0,0,1
50,10,1,1,0,3478,1,0,0,3,-1,0,0,0
26,1,2,1,0,-5,0,0,0,1,-1,0,0,0
34,9,1,1,1,91,0,0,0,4,-1,0,0,0
37,4,1,1,0,5700,0,0,0,2,-1,0,0,0
36,6,2,2,0,583,0,0,0,1,235,1,1,0
52,1,1,0,0,1079,1,0,0,7,-1,0,0,0
39,9,1,1,0,211,0,0,1,2,-1,0,0,0
46,4,0,2,0,302,0,0,0,13,-1,0,0,0
47,10,2,0,0,7351,0,0,0,3,-1,0,0,0
29,9,2,1,0,113,0,0,0,2,185,6,2,0
33,7,2,1,0,-198,1,0,0,1,359,3,2,0
33,9,2,1,0,1769,1,0,0,1,182,1,0,0
50,9,1,2,0,5907,1,1,0,2,-1,0,0,0
50,9,1,1,0,103,1,0,0,6,-1,0,0,0
49,3,1,1,0,905,0,0,0,4,-1,0,0,0
58,4,1,1,0,1065,1,0,0,3,-1,0,0,0
42,7,1,2,0,412,1,0,1,4,169,5,0,0
32,0,1,1,0,516,1,0,0,8,-1,0,0,0
31,4,1,2,0,1251,0,0,0,1,197,5,0,0
26,7,2,1,0,187,1,0,0,1,-1,0,0,0
29,9,1,2,0,1413,1,0,0,4,-1,0,0,0
36,7,1,1,0,3988,1,1,0,1,-1,0,0,0
60,7,0,0,0,58,0,1,0,2,-1,0,0,0
46,7,1,1,1,130,0,0,0,2,-1,0,0,0
35,10,1,1,0,978,0,0,0,2,182,6,2,1
59,4,2,1,0,181,1,0,0,1,-1,0,0,0
35,1,1,0,0,0,1,0,0,1,-1,0,0,0
56,9,1,1,0,2313,1,0,0,3,364,2,0,0
46,7,0,1,0,281,1,1,0,1,-1,0,0,0
56,4,1,1,0,0,0,0,0,1,111,8,1,1
52,2,1,2,0,0,0,0,0,3,-1,0,0,0
46,0,1,1,0,0,1,0,0,1,-1,0,0,0
32,4,2,2,0,0,0,0,0,4,-1,0,0,1
54,4,1,2,0,2216,1,0,0,1,-1,0,0,0
36,0,1,1,0,403,0,0,0,2,-1,0,0,0
55,2,1,0,0,298,1,0,0,3,-1,0,0,0
31,9,2,1,0,1,1,0,0,3,-1,0,0,0
53,4,1,2,0,37,0,0,0,9,-1,0,0,0
36,2,1,1,0,229,1,0,0,2,-1,0,0,0
54,7,0,1,0,0,1,0,0,1,-1,0,0,0
24,8,2,1,0,125,0,0,0,1,-1,0,0,0
33,9,1,1,0,218,1,1,0,1,161,4,0,0
51,7,1,1,0,-238,1,0,0,1,-1,0,0,0
58,9,1,1,0,0,1,0,0,1,205,1,0,0
53,3,1,1,0,736,1,0,0,1,-1,0,0,0
55,4,1,2,0,1402,1,0,0,1,-1,0,0,0
32,7,1,1,0,983,1,0,0,1,-1,0,0,0
53,9,0,1,0,320,0,0,0,1,-1,0,0,0
36,9,0,2,0,466,0,0,0,1,-1,0,0,0
39,7,1,1,0,1442,0,0,0,3,-1,0,0,0
41,1,1,1,0,1459,0,0,0,1,-1,0,0,0
55,0,1,1,0,-480,0,0,0,2,-1,0,0,0
29,1,1,0,0,0,1,0,0,1,-1,0,0,0
60,0,1,1,0,1088,1,0,0,1,-1,0,0,0
53,1,1,1,0,427,0,1,0,4,-1,0,0,0
39,0,1,1,0,835,1,0,0,1,-1,0,0,0
35,1,1,1,0,5310,1,0,0,1,-1,0,0,0
39,4,1,2,0,297,1,0,0,2,-1,0,0,1
28,4,1,2,0,17,1,0,0,2,-1,0,0,0
32,0,0,1,0,0,0,0,0,1,-1,0,0,0
37,0,1,2,0,801,0,0,0,7,-1,0,0,0
37,4,1,2,0,425,1,0,0,1,-1,0,0,0
41,0,1,1,0,752,0,1,0,4,-1,0,0,0
44,4,1,2,0,3674,0,0,0,3,-1,0,0,0
30,0,2,1,0,3068,1,0,0,2,-1,0,0,0
28,1,2,1,0,5,1,0,0,2,360,3,0,0
30,7,1,1,0,-95,1,1,0,3,-1,0,0,0
31,0,1,1,0,0,1,1,0,2,-1,0,0,0
63,4,1,2,0,5112,0,0,1,3,-1,0,0,0
58,9,1,0,0,4015,0,0,0,3,-1,0,0,0
40,7,1,1,0,884,0,0,0,4,-1,0,0,0
49,4,1,2,0,1167,1,1,0,1,91,14,2,1
30,0,1,1,0,350,0,1,0,5,-1,0,0,0
39,1,1,0,0,5,1,0,0,1,-1,0,0,0
59,4,1,2,0,98417,0,0,1,5,-1,0,0,0
24,9,2,1,1,-1329,1,0,0,1,356,2,1,0
37,4,1,1,0,565,0,0,0,1,6,2,2,0
57,0,1,1,0,567,1,0,0,2,265,3,1,0
59,4,1,2,0,315,0,0,0,2,-1,0,0,0
44,9,2,1,0,365,1,0,0,2,-1,0,0,0
39,1,1,0,0,1802,1,0,0,1,-1,0,0,0
33,4,0,1,0,1897,1,1,0,1,-1,0,0,0
32,0,1,2,0,79,1,0,0,2,-1,0,0,0
43,7,1,1,0,-1,0,0,0,2,-1,0,0,0
46,9,1,1,0,1427,1,0,0,3,-1,0,0,0
50,4,1,2,0,557,1,0,0,4,-1,0,0,0
45,4,1,2,0,0,1,0,0,2,342,1,0,0
32,4,1,2,0,210,0,0,0,3,-1,0,0,0
39,9,1,1,0,-709,1,0,0,6,-1,0,0,0
52,1,1,1,0,51,0,0,0,2,-1,0,0,0
57,9,1,1,0,29207,1,0,1,2,-1,0,0,0
48,0,2,1,0,0,1,1,0,1,-1,0,0,0
30,4,1,2,0,623,1,0,0,5,-1,0,0,0
25,9,2,1,0,7103,1,0,0,1,-1,0,0,0
31,9,2,1,0,0,0,0,0,4,-1,0,0,0
44,8,2,1,0,5078,0,0,0,5,-1,0,0,0
40,4,1,2,0,-117,1,0,0,2,-1,0,0,0
47,4,0,2,0,2105,0,1,0,1,-1,0,0,0
47,1,1,0,0,537,1,0,1,3,-1,0,0,0
31,1,1,0,0,1127,1,0,1,1,349,1,0,0
28,9,2,1,0,0,0,1,0,2,-1,0,0,0
31,0,1,1,0,2,1,1,0,4,-1,0,0,1
27,4,0,2,0,148,0,0,0,9,-1,0,0,0
38,9,1,1,0,1,1,0,0,5,199,1,2,0
47,1,1,1,0,1096,1,1,0,2,-1,0,0,0
25,8,2,1,0,1765,1,0,0,2,-1,0,0,0
42,4,2,2,0,11008,0,0,0,6,405,1,2,1
56,9,1,1,0,778,0,0,0,2,208,1,0,0
41,7,1,1,0,1483,1,0,0,4,-1,0,0,0
47,1,1,0,0,-187,0,0,0,1,-1,0,0,0
45,10,1,2,0,3559,1,1,0,1,-1,0,0,0
70,5,1,1,0,4290,0,0,1,2,-1,0,0,0
31,4,1,1,0,-453,1,1,0,1,-1,0,0,0
37,4,0,2,0,199,1,0,0,1,-1,0,0,0
42,4,1,2,0,478,0,1,0,1,-1,0,0,0
49,0,0,1,0,560,1,0,0,3,-1,0,0,0
51,1,1,1,0,0,0,0,1,4,-1,0,0,0
43,7,0,1,0,5571,0,0,0,1,-1,0,0,0
37,9,1,1,0,3728,0,0,0,4,-1,0,0,0
31,4,1,2,0,-513,0,1,0,1,-1,0,0,0
29,1,1,1,0,457,1,0,0,3,341,1,1,0
47,0,1,1,0,6695,0,0,1,3,-1,0,0,0
35,1,0,1,0,0,1,0,0,1,-1,0,0,1
43,6,1,1,0,918,1,0,0,1,-1,0,0,0
42,10,1,1,0,8131,1,0,0,4,175,1,0,0
54,3,2,1,0,6020,0,0,0,1,-1,0,0,0
43,0,2,1,0,474,0,0,0,1,-1,0,0,0
30,4,1,2,0,388,0,0,0,1,-1,0,0,0
50,9,1,2,0,329,0,0,0,4,-1,0,0,0
35,9,1,1,0,712,1,0,0,4,-1,0,0,0
33,0,1,1,0,4012,0,1,0,4,-1,0,0,0
41,9,1,2,0,-378,1,1,0,2,-1,0,0,0
36,1,1,1,0,56,1,0,0,1,-1,0,0,0
31,8,2,2,0,744,0,0,0,3,-1,0,0,0
29,0,2,1,0,1992,0,0,0,1,87,2,0,0
41,1,1,1,0,475,1,0,0,3,-1,0,0,0
43,0,2,1,0,250,1,0,0,2,-1,0,0,0
36,1,2,1,0,3508,1,0,0,1,266,3,0,0
37,0,1,1,0,1314,1,0,0,1,91,10,0,0
55,9,2,1,0,1199,0,1,1,10,-1,0,0,0
35,3,1,2,0,11219,0,0,0,2,79,1,0,0
36,1,1,1,0,138,1,0,0,3,-1,0,0,0
39,4,1,1,0,2981,0,0,0,1,-1,0,0,1
36,7,0,2,0,162,1,0,0,1,367,6,1,0
33,4,0,2,0,2240,0,0,0,2,278,1,2,1
38,4,0,2,0,4692,1,0,0,2,-1,0,0,1
46,1,1,1,0,853,0,0,0,3,-1,0,0,0
56,0,1,1,0,602,0,0,0,1,130,8,2,1
58,1,0,0,0,1299,0,0,0,2,234,2,0,0
47,9,1,2,0,192,1,0,0,1,-1,0,0,0
33,0,1,2,0,899,1,0,0,3,-1,0,0,0
33,7,1,1,0,2533,1,0,0,6,180,2,1,0
36,4,1,2,0,900,1,0,0,2,-1,0,0,0
32,0,0,1,0,298,1,0,0,4,-1,0,0,0
53,1,0,0,0,235,0,0,0,2,-1,0,0,0
53,0,1,0,0,0,1,0,0,1,298,3,0,0
33,10,2,1,0,2066,0,1,0,1,749,2,0,1
31,1,2,1,0,573,1,0,1,1,269,2,0,0
34,0,2,1,0,79,1,0,0,3,-1,0,0,0
44,9,2,1,0,1431,0,0,0,2,-1,0,0,0
35,9,2,1,0,1855,1,0,0,1,-1,0,0,0
62,4,1,1,0,1128,0,0,0,1,290,3,1,1
25,9,2,1,0,1312,1,0,0,1,-1,0,0,0
31,7,2,0,1,-357,1,1,0,2,-1,0,0,0
59,0,1,1,0,1001,0,0,0,2,-1,0,0,0
28,9,2,2,0,102,0,0,0,2,-1,0,0,0
53,0,1,1,0,2851,0,1,1,1,119,1,0,0
30,4,2,2,0,849,1,0,0,6,-1,0,0,0
31,7,2,1,0,278,0,0,0,3,-1,0,0,0
49,1,1,0,0,1644,1,0,0,4,-1,0,0,0
49,4,1,2,0,96,0,0,0,2,-1,0,0,0
33,7,1,1,0,204,1,1,0,2,357,3,0,0
32,9,1,1,0,557,1,0,0,2,-1,0,0,0
41,8,2,1,0,1934,1,0,0,2,-1,0,0,0
54,0,1,1,0,2935,1,1,0,2,-1,0,0,0
38,1,2,1,0,573,1,0,0,7,-1,0,0,0
49,1,0,0,0,912,0,0,0,2,-1,0,0,0
44,4,1,2,0,38,1,0,1,2,330,8,1,0
35,2,1,1,0,2008,0,0,0,6,-1,0,0,0
47,9,1,1,0,80,0,1,0,1,-1,0,0,0
32,9,2,1,0,210,1,0,0,2,-1,0,0,0
61,5,1,1,0,280,1,0,0,3,-1,0,0,0
37,0,1,1,0,68,1,1,0,2,351,1,0,0
52,1,2,0,0,1400,0,0,0,4,-1,0,0,0
48,4,1,2,0,157,0,0,0,4,-1,0,0,1
53,5,1,0,0,3126,1,0,0,1,-1,0,0,0
35,9,1,2,0,1473,1,0,0,3,-1,0,0,0
30,4,2,2,0,147,0,0,0,1,-1,0,0,0
31,4,1,1,1,0,0,1,0,1,-1,0,0,0
60,5,0,2,0,2131,0,0,0,6,-1,0,0,0
32,4,1,2,0,905,0,0,0,4,-1,0,0,1
26,1,2,1,0,0,0,0,1,2,-1,0,0,0
45,9,1,1,0,1629,0,0,0,4,-1,0,0,0
47,4,2,2,0,585,1,0,0,1,-1,0,0,0
28,4,2,2,0,293,1,0,0,1,-1,0,0,0
43,0,1,1,0,315,0,0,0,2,-1,0,0,0
55,10,1,1,0,3982,0,0,0,1,-1,0,0,0
40,3,1,0,0,979,0,0,0,4,-1,0,0,0
58,1,1,0,0,76,1,0,0,2,-1,0,0,0
46,1,1,1,0,723,0,0,0,2,-1,0,0,0
27,0,2,2,0,689,0,0,0,1,307,1,0,0
46,9,0,1,0,111,1,0,0,3,183,2,1,0
60,5,1,1,0,878,0,0,0,2,-1,0,0,0
48,9,0,1,0,1290,0,0,0,1,-1,0,0,0
36,7,1,1,0,5024,0,0,0,1,-1,0,0,0
57,4,1,2,0,1602,0,0,0,3,-1,0,0,0
36,7,1,1,0,247,1,0,0,1,-1,0,0,0
33,4,2,2,0,2485,1,0,0,2,-1,0,0,0
41,7,1,1,0,1717,1,0,0,2,343,3,1,0
44,9,1,1,0,11016,0,0,0,3,-1,0,0,0
42,4,0,1,0,-272,0,0,0,1,-1,0,0,0
29,4,2,2,0,144,1,0,0,3,-1,0,0,0
29,0,2,1,0,468,1,1,0,1,-1,0,0,0
34,7,2,1,0,313,1,0,0,3,-1,0,0,0
41,4,0,2,0,1757,0,0,0,13,-1,0,0,0
24,8,2,1,0,228,0,0,0,1,-1,0,0,0
49,10,0,1,0,66,0,0,0,3,-1,0,0,0
34,9,0,1,0,-133,1,0,0,1,-1,0,0,0
27,0,2,1,0,-181,1,1,0,4,-1,0,0,0
38,7,2,1,0,167,1,0,0,2,-1,0,0,0
42,7,1,2,0,4216,0,0,0,2,-1,0,0,1
49,9,2,1,0,114,0,0,0,6,-1,0,0,0
31,10,2,2,0,140,1,0,1,2,-1,0,0,0
48,4,1,1,0,0,0,0,0,4,-1,0,0,0
35,0,1,2,0,957,1,0,0,4,667,4,0,0
87,5,1,0,0,230,0,0,0,1,-1,0,0,1
58,10,1,1,0,2690,0,0,0,2,-1,0,0,0
27,0,1,1,0,-401,1,1,0,3,214,1,0,0
55,4,1,2,0,926,1,0,0,1,-1,0,0,0
58,4,0,1,0,3111,1,0,0,1,188,2,0,0
27,0,2,1,0,592,1,1,0,3,-1,0,0,0
39,1,1,0,0,572,1,1,0,1,-1,0,0,0
49,4,1,2,0,629,0,0,0,4,-1,0,0,0
47,9,0,1,0,47,0,1,0,2,-1,0,0,0
29,4,2,2,0,176,0,0,0,2,-1,0,0,0
41,1,0,0,0,320,1,0,0,2,252,1,0,0
35,2,1,1,0,24,1,0,0,1,-1,0,0,0
28,8,2,1,0,153,0,0,0,2,-1,0,0,1
55,5,1,1,0,1279,1,0,0,3,357,8,1,0
47,7,0,1,0,28,1,0,0,1,-1,0,0,0
25,8,2,1,0,319,1,0,0,3,-1,0,0,0
46,10,1,1,0,2940,1,0,0,2,-1,0,0,0
28,2,1,2,0,1900,1,0,0,6,-1,0,0,0
28,0,1,1,0,511,0,0,0,1,-1,0,0,0
33,3,0,1,0,-18,1,0,0,8,-1,0,0,0
35,4,1,2,0,362,0,0,0,8,-1,0,0,0
26,2,2,2,0,81,0,0,0,3,-1,0,0,0
23,0,2,1,0,40,0,0,1,1,-1,0,0,0
36,0,2,1,0,507,1,0,0,1,300,2,2,0
44,10,2,1,0,3945,0,0,0,1,-1,0,0,0
44,6,2,2,0,149,1,0,0,10,-1,0,0,0
34,7,0,1,0,797,1,0,0,1,-1,0,0,0
33,0,0,1,0,661,1,0,0,1,99,7,0,0
24,1,1,1,0,0,1,0,0,3,306,4,0,0
43,9,2,1,0,326,1,0,0,8,-1,0,0,0
33,0,2,1,0,0,1,0,0,3,-1,0,0,0
39,6,1,2,0,2630,0,0,0,5,-1,0,0,1
39,4,1,2,0,224,0,0,0,2,-1,0,0,0
45,1,1,0,0,1558,1,0,0,1,-1,0,0,0
58,3,1,0,0,237,0,0,1,3,-1,0,0,0
32,9,1,2,0,593,0,0,0,2,201,2,1,0
42,1,1,1,0,166,1,0,0,3,-1,0,0,0
32,0,1,1,0,200,0,0,0,1,29,3,0,1
57,0,1,1,0,4168,1,1,0,1,-1,0,0,0
54,1,2,1,0,1555,1,0,1,5,248,2,0,0
31,4,2,2,0,796,0,1,0,1,-1,0,0,0
51,1,1,1,0,950,0,0,0,2,-1,0,0,0
30,4,0,2,0,0,0,0,0,2,-1,0,0,0
38,9,2,2,0,4325,1,0,0,1,-1,0,0,0
56,3,0,2,0,1059,0,1,0,2,-1,0,0,0
49,1,1,0,0,305,1,1,1,10,-1,0,0,0
32,1,2,1,1,-575,1,0,0,6,346,9,0,0
34,9,1,1,0,-25,0,0,0,1,-1,0,0,0
20,8,1,1,0,292,0,0,0,1,-1,0,0,0
55,10,1,1,0,512,0,0,0,1,-1,0,0,0
33,1,0,0,0,60,0,0,0,1,-1,0,0,0
37,1,0,1,1,-54,1,0,0,6,-1,0,0,0
33,9,1,1,0,1940,0,0,0,10,-1,0,0,0
54,7,1,1,0,-165,0,1,0,1,-1,0,0,0
56,5,1,0,0,855,0,0,0,2,-1,0,0,0
34,9,2,1,0,229,0,0,0,2,-1,0,0,0
32,0,1,2,0,233,1,0,0,2,133,4,0,0
31,9,1,1,0,1072,0,0,0,3,-1,0,0,0
58,10,1,1,0,687,1,0,0,1,99,2,2,1
44,1,1,0,0,75,0,0,0,3,-1,0,0,0
54,7,1,1,0,386,0,1,0,1,-1,0,0,1
29,4,2,2,0,4331,0,0,0,1,-1,0,0,0
30,1,1,1,0,537,1,0,0,2,-1,0,0,0
57,5,1,2,0,53,0,0,1,2,-1,0,0,0
48,2,1,2,0,0,0,1,0,9,-1,0,0,0
43,1,1,1,0,953,1,0,0,2,-1,0,0,1
38,9,1,1,0,61,1,0,0,1,-1,0,0,0
39,1,1,1,0,62,1,0,0,3,-1,0,0,1
31,1,1,1,0,2591,1,0,0,1,-1,0,0,0
47,9,1,1,0,3973,0,0,0,2,-1,0,0,0
45,0,1,1,1,-106,1,1,0,3,288,1,1,1
39,9,1,1,0,4441,1,0,0,2,-1,0,0,0
31,4,2,2,0,935,0,0,0,5,-1,0,0,0
39,0,1,1,0,973,1,0,0,4,-1,0,0,0
34,9,1,1,0,1035,0,0,0,10,-1,0,0,1
45,0,1,1,0,1387,1,0,0,1,-1,0,0,0
47,4,1,2,0,600,0,0,0,15,-1,0,0,1
31,8,2,1,0,430,0,0,0,4,-1,0,0,0
36,2,1,2,0,247,0,0,0,1,-1,0,0,0
40,1,2,1,0,29,0,0,1,2,-1,0,0,0
33,10,2,1,0,559,1,0,0,6,-1,0,0,0
32,4,1,2,0,-55,1,0,0,4,-1,0,0,0
32,9,2,1,0,6402,1,0,0,1,167,1,2,0
47,7,1,1,0,1073,0,0,1,3,-1,0,0,0
53,4,1,2,0,1343,0,0,0,4,-1,0,0,0
35,9,2,2,0,914,0,0,0,1,-1,0,0,0
60,3,1,1,0,1361,0,0,0,2,-1,0,0,0
42,1,1,0,0,3,0,0,0,3,-1,0,0,0
60,5,1,2,0,161,1,0,0,3,-1,0,0,0
42,4,1,2,0,3038,0,0,0,7,-1,0,0,0
35,1,0,0,0,4401,1,0,0,2,279,4,0,0
38,4,1,2,0,1354,1,0,0,3,130,2,0,0
31,0,1,1,0,535,0,0,0,3,-1,0,0,0
63,5,1,1,0,2734,0,0,0,5,-1,0,0,0
36,9,2,1,0,317,1,0,0,2,266,2,0,0
37,4,0,2,0,0,1,0,0,6,-1,0,0,0
53,4,1,0,0,-139,0,0,0,3,-1,0,0,0
39,6,1,0,0,185,1,0,0,3,-1,0,0,0
40,4,0,2,0,502,1,0,0,4,270,3,1,0
27,4,2,2,0,377,0,0,0,3,91,1,0,0
42,4,2,2,0,3445,0,0,0,3,-1,0,0,0
47,0,0,1,0,0,0,0,0,1,-1,0,0,0
55,5,1,1,0,241,1,0,0,6,-1,0,0,0
52,4,1,2,0,0,0,0,0,2,-1,0,0,0
29,4,2,1,0,0,1,1,0,2,-1,0,0,0
30,9,2,1,0,3,0,0,0,2,-1,0,0,0
42,9,1,1,0,4945,1,0,0,2,-1,0,0,1
35,4,1,2,0,820,1,0,0,4,-1,0,0,0
33,0,2,1,0,598,1,0,0,1,-1,0,0,0
45,1,1,0,0,676,1,0,0,4,-1,0,0,0
39,2,0,2,1,-251,0,0,0,6,-1,0,0,0
31,4,2,2,0,522,0,0,1,4,-1,0,0,0
56,5,1,1,0,230,0,0,0,1,92,2,0,0
56,5,1,1,0,-1,1,0,0,1,-1,0,0,0
51,4,1,2,0,2635,0,0,0,3,74,5,0,1
50,1,1,0,0,811,0,0,0,3,-1,0,0,0
45,2,1,0,0,5315,1,1,0,2,-1,0,0,0
37,6,1,2,0,0,0,0,0,1,-1,0,0,0
33,1,1,1,0,686,1,1,1,6,343,12,1,0
27,0,2,1,0,1492,1,0,0,13,-1,0,0,0
30,0,1,1,0,39,1,0,0,3,-1,0,0,0
34,1,0,1,0,-154,0,0,0,1,-1,0,0,0
36,9,1,1,0,1109,1,0,0,5,-1,0,0,0
25,0,2,1,0,1,1,1,0,12,-1,0,0,0
47,0,1,1,0,12845,1,0,0,1,-1,0,0,0
24,1,2,0,0,2129,1,1,1,1,-1,0,0,0
29,1,1,1,0,602,1,1,0,2,-1,0,0,0
34,1,1,0,0,695,1,1,0,4,-1,0,0,1
30,7,2,1,0,311,1,0,0,1,-1,0,0,0
47,0,1,1,0,-245,1,0,0,5,-1,0,0,0
38,4,1,2,0,500,1,1,0,7,-1,0,0,0
43,4,1,1,0,624,1,0,0,6,-1,0,0,0
35,1,1,1,0,-701,1,1,0,3,-1,0,0,0
38,7,1,1,0,387,1,0,0,3,-1,0,0,0
56,7,1,1,0,750,0,1,0,3,-1,0,0,0
38,10,1,1,0,995,0,0,0,1,-1,0,0,0
49,4,1,2,0,22520,0,0,0,9,-1,0,0,1
48,3,0,0,0,2582,0,0,0,4,-1,0,0,0
28,1,1,1,0,59,1,1,0,2,-1,0,0,0
40,4,1,2,0,406,0,0,0,1,-1,0,0,0
43,0,2,1,0,733,1,0,0,1,88,4,2,1
37,0,1,1,0,190,1,0,0,2,-1,0,0,0
35,2,1,1,0,1163,1,0,0,1,-1,0,0,0
27,9,2,1,0,639,1,0,0,1,314,5,2,0
49,9,0,2,0,917,0,0,0,6,-1,0,0,0
34,9,2,2,0,122,0,0,0,5,-1,0,0,0
61,5,0,1,0,1761,0,0,0,3,-1,0,0,0
54,1,1,1,0,3002,0,0,0,4,-1,0,0,0
47,1,1,1,0,480,0,0,0,6,-1,0,0,0
43,4,1,2,0,0,1,0,0,1,-1,0,0,0
45,4,1,2,0,2220,1,0,0,2,-1,0,0,0
42,9,1,1,0,3228,0,0,0,1,-1,0,0,0
46,9,1,1,0,68,1,1,0,3,-1,0,0,0
36,1,0,1,0,-59,1,0,0,1,-1,0,0,0
41,7,1,1,0,1319,1,0,0,1,-1,0,0,0
38,9,2,1,0,3278,0,0,0,14,-1,0,0,1
46,0,0,2,0,846,1,0,0,2,-1,0,0,0
56,5,1,1,0,277,0,0,0,1,-1,0,0,0
42,7,2,1,0,2348,1,0,0,2,-1,0,0,0
34,4,1,2,0,1703,1,0,0,5,-1,0,0,0
25,4,2,2,0,702,0,0,0,2,-1,0,0,0
56,5,1,0,0,842,0,1,0,1,-1,0,0,0
74,5,1,2,0,4912,0,0,1,2,181,3,0,0
44,7,1,0,0,2386,1,0,0,2,-1,0,0,0
38,9,1,1,0,2398,1,1,0,33,-1,0,0,0
58,9,1,2,0,12322,0,0,1,2,-1,0,0,0
49,9,0,2,0,874,1,0,0,2,-1,0,0,0
55,1,0,1,0,7378,0,0,0,3,-1,0,0,0
55,7,0,0,0,653,0,0,0,1,-1,0,0,0
57,9,1,2,0,1181,0,0,0,2,182,2,2,1
32,10,1,2,0,7,1,0,0,3,-1,0,0,0
33,0,2,1,0,607,0,0,0,2,-1,0,0,1
32,1,2,1,0,782,1,0,0,1,-1,0,0,0
34,9,1,2,0,5547,1,0,0,6,-1,0,0,0
28,6,1,2,0,232,1,1,0,1,-1,0,0,0
31,9,2,2,0,53,0,0,0,2,-1,0,0,0
30,1,2,0,0,459,1,0,0,1,-1,0,0,0
48,9,0,1,0,-154,0,0,0,3,-1,0,0,0
37,3,2,1,0,2042,1,0,0,1,-1,0,0,0
46,1,1,1,0,2348,0,0,0,1,-1,0,0,0
30,0,1,1,0,5220,1,0,0,1,-1,0,0,0
33,6,1,1,0,77,0,0,0,6,-1,0,0,0
43,9,1,2,0,3530,1,0,0,1,-1,0,0,0
40,4,1,2,0,592,1,0,1,11,-1,0,0,0
31,9,2,1,0,826,1,0,0,2,-1,0,0,0
54,4,1,2,0,1303,0,0,0,1,-1,0,0,1
38,6,1,2,0,656,1,0,0,7,-1,0,0,0
63,5,0,0,0,109,0,0,0,2,-1,0,0,1
47,0,1,1,0,1934,0,1,0,1,364,1,0,0
31,0,1,1,0,9911,0,0,0,1,-1,0,0,0
53,1,0,0,0,255,1,0,0,2,-1,0,0,0
44,9,1,2,0,4580,1,0,0,2,189,2,2,0
57,7,1,2,0,10,0,0,1,3,-1,0,0,0
32,9,1,1,0,522,1,1,0,5,258,4,0,0
49,4,2,2,0,588,0,0,0,9,-1,0,0,0
70,5,1,1,0,2626,0,0,0,2,-1,0,0,1
31,10,0,1,0,1144,1,0,0,2,367,1,0,0
57,9,1,1,0,124,1,0,1,1,287,12,0,0
47,0,1,1,0,2152,0,0,0,1,-1,0,0,0
32,4,2,2,0,2059,0,0,0,2,-1,0,0,0
38,4,1,2,0,4174,0,0,0,2,184,5,0,1
47,1,1,1,0,820,0,0,0,1,91,1,2,1
43,1,1,1,0,902,1,0,0,1,328,1,0,0
36,4,1,2,0,139,1,0,0,1,-1,0,0,0
29,7,1,1,0,182,1,0,1,3,-1,0,0,0
56,1,1,0,0,351,1,0,1,4,-1,0,0,0
32,0,0,1,0,410,1,0,0,1,-1,0,0,0
36,10,2,2,0,221,0,0,0,4,-1,0,0,0
24,8,2,0,0,474,0,0,0,1,-1,0,0,1
34,4,1,2,0,-123,1,0,0,3,-1,0,0,0
41,1,1,0,0,1654,1,0,0,1,-1,0,0,0
38,9,1,1,0,1016,1,1,0,2,167,4,0,0
27,8,2,2,0,1134,0,0,0,1,183,4,2,1
33,4,1,2,0,1064,1,0,0,1,-1,0,0,1
31,9,2,2,0,0,1,0,0,1,-1,0,0,0
57,1,1,0,0,2112,0,0,0,2,-1,0,0,1
57,4,1,1,0,1502,0,0,1,2,109,11,0,0
52,4,2,2,0,597,0,0,0,4,-1,0,0,0
33,0,1,1,0,21,0,0,0,3,-1,0,0,0
33,4,2,2,0,112,0,0,0,4,-1,0,0,0
53,4,0,0,0,255,0,0,0,1,-1,0,0,0
37,2,2,2,0,65,0,0,0,4,-1,0,0,0
45,0,2,1,0,2394,1,1,1,12,-1,0,0,0
29,4,2,2,0,-158,1,0,0,1,-1,0,0,0
35,9,0,1,0,2823,1,0,0,1,-1,0,0,0
46,0,1,1,0,1083,0,0,0,9,-1,0,0,0
32,4,1,2,0,1331,0,0,0,1,92,5,0,1
50,4,2,2,0,592,0,0,0,4,-1,0,0,0
52,9,1,1,0,117,0,0,0,3,186,6,2,1
36,9,2,1,0,664,0,0,0,3,-1,0,0,0
34,4,1,2,0,415,0,1,0,2,-1,0,0,0
28,1,1,1,0,258,1,0,0,1,-1,0,0,0
60,5,1,0,0,115,0,0,0,2,-1,0,0,0
44,4,0,2,0,0,0,0,0,1,-1,0,0,0
35,10,2,0,1,-84,0,0,0,11,-1,0,0,0
28,4,2,2,0,637,1,0,0,1,-1,0,0,0
55,5,1,1,0,143,1,0,0,3,-1,0,0,0
23,7,1,1,0,-19,1,0,0,10,-1,0,0,0
29,1,0,1,0,291,1,0,0,2,-1,0,0,0
42,7,1,1,0,0,1,0,0,1,-1,0,0,0
29,0,1,1,0,182,1,1,0,1,-1,0,0,0
26,4,2,2,0,2725,0,0,0,1,-1,0,0,0
37,1,1,1,0,166,1,0,0,3,-1,0,0,0
45,0,0,1,0,440,0,0,0,1,2,1,1,0
57,1,1,1,0,5935,1,1,0,1,-1,0,0,0
33,4,2,2,0,0,0,0,1,1,-1,0,0,0
49,1,1,1,0,171,0,0,1,6,-1,0,0,0
51,7,1,1,0,421,1,0,0,2,-1,0,0,0
36,4,0,2,0,0,1,0,0,8,-1,0,0,0
47,9,1,1,0,449,1,1,0,4,-1,0,0,0
60,9,1,1,0,914,0,0,0,1,-1,0,0,0
26,8,2,1,0,132,0,0,0,1,119,1,2,1
41,6,1,1,0,713,1,0,0,1,-1,0,0,0
49,6,1,0,0,489,1,0,0,4,-1,0,0,0
45,9,1,1,0,497,1,0,0,1,321,2,0,0
60,5,1,1,0,0,0,0,0,4,-1,0,0,0
39,3,1,0,0,4899,0,0,0,2,-1,0,0,0
37,0,1,1,0,11303,0,0,0,2,-1,0,0,0
46,4,1,0,0,357,1,1,0,2,-1,0,0,0
40,9,1,1,0,40,1,0,0,1,-1,0,0,0
34,0,1,2,0,3520,0,0,0,1,-1,0,0,0
48,4,1,2,0,732,0,0,0,1,-1,0,0,0
29,6,1,2,0,246,0,0,0,14,-1,0,0,0
45,1,1,1,0,2718,1,0,0,2,-1,0,0,0
48,2,1,2,0,354,1,0,0,4,-1,0,0,0
47,3,1,1,0,131,0,0,0,1,-1,0,0,0
58,5,1,2,0,0,0,0,0,2,-1,0,0,0
52,4,0,2,0,0,0,0,0,4,-1,0,0,0
51,4,2,2,0,1202,1,0,0,1,-1,0,0,0
44,1,0,1,0,272,1,0,0,2,-1,0,0,0
35,7,1,1,0,0,0,0,0,4,-1,0,0,0
47,4,1,1,0,0,1,1,0,2,-1,0,0,0
34,0,2,1,0,1504,1,0,0,3,-1,0,0,0
25,0,1,1,0,789,1,0,0,1,-1,0,0,0
57,7,0,0,0,1367,0,0,0,3,-1,0,0,0
32,4,1,2,0,3,1,0,0,27,-1,0,0,0
39,1,1,0,0,104,1,0,0,2,-1,0,0,0
33,8,2,1,0,1883,1,0,0,5,256,1,0,0
59,5,1,1,0,-48,1,0,0,1,-1,0,0,0
53,4,1,1,0,4601,1,0,0,4,-1,0,0,0
33,4,2,1,0,-298,0,0,0,2,-1,0,0,0
48,1,1,1,0,1631,1,0,0,5,-1,0,0,0
35,0,2,1,0,-32,0,1,0,4,182,5,0,1
50,9,1,1,0,778,0,0,0,1,-1,0,0,0
43,9,0,1,0,1612,0,0,0,2,95,3,2,0
38,9,2,2,0,-256,1,0,0,1,-1,0,0,0
54,9,1,1,0,899,0,1,0,1,145,1,1,0
37,3,1,1,0,0,0,0,1,4,-1,0,0,0
45,9,2,1,0,1044,1,0,0,8,-1,0,0,0
35,1,1,1,0,-184,1,0,1,2,-1,0,0,0
42,1,1,0,0,480,1,0,0,12,-1,0,0,0
30,0,1,1,0,396,1,0,0,3,348,2,0,1
42,4,1,1,0,372,1,0,1,8,-1,0,0,0
46,0,1,1,0,974,0,0,0,1,-1,0,0,1
48,7,2,0,0,204,1,0,0,1,-1,0,0,0
33,1,1,1,0,687,1,0,0,2,370,1,0,0
46,4,1,2,0,1906,0,0,0,6,-1,0,0,0
39,0,1,1,0,1577,1,0,0,15,-1,0,0,0
35,1,2,2,0,1830,0,0,0,4,93,2,0,0
60,7,1,0,0,808,0,0,0,3,-1,0,0,0
39,4,1,2,0,2985,0,0,0,2,-1,0,0,0
61,5,1,1,0,13164,0,0,0,1,-1,0,0,0
65,5,1,1,0,1176,0,0,0,1,184,1,0,0
60,3,1,0,0,921,0,0,1,15,-1,0,0,0
56,2,0,2,0,386,0,0,0,4,-1,0,0,0
48,9,1,2,0,-251,0,0,0,1,-1,0,0,0
59,1,1,0,0,179,1,0,0,3,-1,0,0,0
53,2,0,1,0,4736,1,0,0,5,-1,0,0,0
45,2,2,2,0,1678,0,0,0,2,-1,0,0,0
33,7,0,1,0,-395,1,0,0,2,-1,0,0,0
40,4,1,2,0,373,1,1,0,1,-1,0,0,0
36,0,1,1,0,1867,1,1,0,2,-1,0,0,0
29,4,2,2,0,572,1,0,1,1,-1,0,0,1
36,9,1,2,0,629,1,1,0,1,246,1,0,0
47,9,0,1,0,266,0,0,0,1,-1,0,0,0
36,4,1,2,0,7,1,0,0,2,-1,0,0,0
37,9,1,2,0,472,1,0,0,3,-1,0,0,0
49,7,1,1,0,1496,1,0,0,4,-1,0,0,0
29,8,1,2,0,149,1,0,0,4,-1,0,0,0
30,1,1,0,0,5956,1,1,0,1,-1,0,0,0
33,0,2,2,0,272,1,0,0,2,92,3,2,1
37,1,1,1,0,-1050,1,0,0,2,-1,0,0,0
40,4,1,2,0,2840,1,0,0,4,-1,0,0,0
51,4,1,2,0,1612,0,0,0,1,182,5,0,0
20,8,2,2,0,2764,1,0,0,2,-1,0,0,0
43,9,1,1,0,0,0,0,0,1,-1,0,0,0
32,7,2,1,0,441,0,1,0,2,-1,0,0,0
38,4,1,2,0,46,0,0,0,4,-1,0,0,0
28,3,1,1,0,1294,1,0,0,2,-1,0,0,0
29,4,1,2,0,199,1,1,0,4,-1,0,0,1
30,9,2,2,0,0,0,0,0,2,-1,0,0,0
59,5,0,2,0,381,1,0,0,4,-1,0,0,0
60,3,1,1,0,0,0,0,1,1,1,7,2,0
38,4,1,1,0,3500,1,0,0,4,-1,0,0,0
51,7,0,1,0,518,1,0,1,1,-1,0,0,0
51,1,1,1,0,2237,1,0,0,1,-1,0,0,0
34,1,2,1,0,-317,1,0,0,3,346,1,1,0
41,0,1,1,0,16517,0,0,0,2,-1,0,0,0
40,7,1,1,0,193,1,1,0,1,-1,0,0,0
29,9,1,1,0,3615,1,0,0,3,-1,0,0,0
57,2,1,2,0,1828,1,0,0,1,-1,0,0,0
32,9,2,1,0,792,0,0,0,2,-1,0,0,0
59,4,1,2,0,1881,0,0,0,2,-1,0,0,0
39,9,1,1,0,8,0,1,0,2,-1,0,0,0
29,0,2,1,0,1027,1,0,0,1,-1,0,0,1
27,1,2,1,0,1049,0,0,1,3,-1,0,0,0
59,6,1,2,0,6237,1,0,0,1,169,2,0,0
46,9,1,1,0,278,1,0,0,1,306,1,0,0
36,4,0,2,0,0,0,0,0,1,-1,0,0,1
58,6,1,2,0,5810,0,0,0,1,-1,0,0,1
42,4,2,1,0,164,0,0,0,2,-1,0,0,0
45,10,0,1,0,5163,0,0,0,2,-1,0,0,0
59,5,0,0,0,681,0,1,0,7,-1,0,0,0
31,7,0,1,0,1656,1,0,0,3,-1,0,0,0
31,4,1,1,0,466,1,0,0,1,-1,0,0,0
40,4,1,2,0,1584,1,0,1,1,-1,0,0,0
50,9,0,1,0,-298,1,0,0,8,-1,0,0,0
49,0,1,2,0,6574,0,0,0,3,-1,0,0,1
35,1,1,0,0,1383,1,0,0,2,-1,0,0,0
39,1,2,0,0,1220,0,0,1,20,-1,0,0,0
35,7,1,1,0,0,0,0,0,9,-1,0,0,0
58,9,1,1,0,1617,1,0,0,4,274,2,0,0
38,7,1,0,0,0,1,1,0,1,171,2,1,0
49,10,1,0,0,50,0,0,0,2,-1,0,0,0
45,9,2,1,0,1196,1,0,0,6,-1,0,0,0
48,4,2,2,0,414,0,0,0,2,-1,0,0,0
36,1,0,0,0,17,1,0,0,1,-1,0,0,0
45,9,1,1,0,557,1,0,0,4,-1,0,0,0
57,3,1,1,0,271,0,0,0,4,-1,0,0,0
31,1,1,1,0,286,1,1,0,2,-1,0,0,0
33,0,0,0,0,1416,1,0,0,4,-1,0,0,0
34,1,1,1,0,7,1,1,0,2,193,2,1,0
26,10,2,1,0,340,0,0,0,1,-1,0,0,0
36,10,1,1,0,-129,1,0,0,3,-1,0,0,0
37,1,2,1,0,2235,1,0,0,2,151,2,0,0
40,7,1,1,0,0,1,0,0,1,185,2,0,0
49,4,1,2,0,322,0,0,0,4,-1,0,0,0
65,4,0,2,0,2756,0,0,0,2,-1,0,0,0
58,5,1,1,0,911,0,0,0,4,-1,0,0,0
43,1,1,1,0,1096,0,1,0,1,-1,0,0,0
21,0,2,1,0,325,1,0,0,1,-1,0,0,0
21,8,2,1,0,53,0,0,0,1,-1,0,0,1
42,9,2,2,0,3908,1,0,1,5,-1,0,0,0
42,1,2,0,0,1322,1,1,0,1,-1,0,0,0
36,9,1,1,0,24,1,0,0,1,-1,0,0,0
59,5,1,1,0,3382,1,0,0,1,-1,0,0,0
31,0,1,1,0,685,1,0,0,1,329,3,0,1
36,1,1,0,0,49,1,0,0,2,365,5,1,0
54,5,0,2,0,0,0,0,0,1,-1,0,0,1
38,0,1,1,0,384,0,0,0,1,-1,0,0,0
30,7,2,1,0,9,0,1,0,2,205,2,0,0
42,7,1,1,0,199,0,0,0,2,-1,0,0,0
45,0,1,1,0,236,0,0,0,2,-1,0,0,1
34,7,1,1,0,80,0,1,0,1,-1,0,0,0
75,1,1,1,0,6053,0,0,0,2,190,1,0,0
44,4,1,2,0,1788,0,0,0,2,-1,0,0,0
28,1,1,0,0,565,0,0,0,2,-1,0,0,0
44,10,1,1,0,0,1,0,0,1,272,1,0,1
45,6,1,0,0,1288,0,0,0,6,-1,0,0,0
41,9,2,2,0,-89,1,0,0,4,251,4,0,0
50,1,1,0,0,12519,1,0,0,1,-1,0,0,0
36,0,2,1,0,281,0,0,0,2,-1,0,0,0
36,4,1,2,0,1619,1,0,0,2,-1,0,0,0
56,1,1,1,0,25,1,0,0,1,-1,0,0,0
60,3,1,0,0,0,0,1,1,1,-1,0,0,0
37,9,1,1,0,2209,0,0,0,2,-1,0,0,0
45,0,1,1,0,248,0,0,0,2,-1,0,0,0
44,4,0,2,0,193,0,1,0,2,-1,0,0,0
48,1,1,1,0,426,1,1,0,2,177,2,0,0
37,1,1,0,0,2240,1,0,0,1,-1,0,0,0
39,0,0,1,0,1022,1,0,0,3,-1,0,0,0
55,1,1,1,0,213,0,0,0,2,-1,0,0,0
58,4,1,2,0,6711,0,0,0,3,-1,0,0,0
20,8,2,1,0,88,0,0,1,1,181,4,1,0
42,0,0,1,0,153,1,0,0,1,-1,0,0,1
54,1,1,0,0,45,1,0,0,20,-1,0,0,0
41,1,1,1,0,2113,1,0,1,5,-1,0,0,0
32,9,1,1,0,14,0,0,0,6,-1,0,0,0
50,9,1,1,0,1518,0,1,0,2,-1,0,0,0
36,4,1,1,0,1160,1,0,0,1,323,3,0,0
29,9,2,1,0,6,0,0,0,1,-1,0,0,1
32,1,2,1,0,551,1,0,0,3,-1,0,0,0
31,9,0,1,0,304,0,0,0,2,-1,0,0,0
53,1,1,0,0,25,1,0,0,3,-1,0,0,0
42,9,0,1,0,2974,1,0,0,5,-1,0,0,0
39,9,2,2,0,54,1,0,0,12,-1,0,0,0
55,0,2,1,0,533,0,0,0,2,-1,0,0,0
33,7,1,1,0,1697,0,0,0,1,-1,0,0,1
32,1,1,0,0,-283,1,0,0,2,349,2,1,0
31,9,2,1,0,187,0,0,0,1,-1,0,0,0
52,1,1,2,0,297,1,0,0,2,195,1,0,0
33,4,1,2,0,188,1,0,0,1,-1,0,0,0
48,1,2,0,0,1080,1,0,0,3,-1,0,0,0
60,7,1,1,0,132,1,0,0,1,-1,0,0,0
60,9,2,1,0,0,0,0,1,2,-1,0,0,0
50,6,1,1,0,2061,1,1,0,2,244,3,0,0
45,1,1,0,0,4170,1,1,0,3,-1,0,0,0
33,1,0,0,0,1022,1,0,0,1,-1,0,0,0
32,9,2,2,0,392,1,0,0,2,-1,0,0,0
32,4,1,2,0,0,1,0,0,1,-1,0,0,0
37,1,1,1,0,897,1,0,0,2,-1,0,0,0
48,4,1,1,0,286,0,0,0,2,-1,0,0,0
33,1,2,0,0,405,1,0,0,4,353,1,0,0
27,4,2,2,0,2802,1,0,0,1,-1,0,0,0
49,2,1,2,0,221,1,0,0,1,-1,0,0,0
48,2,1,0,0,2675,0,0,0,1,-1,0,0,0
43,1,1,0,0,-101,1,0,0,4,-1,0,0,0
47,4,2,2,0,311,1,1,0,3,378,2,0,0
43,10,1,0,0,9,1,1,0,1,-1,0,0,0
46,1,1,0,1,575,0,0,0,3,-1,0,0,0
57,4,1,2,0,0,1,0,0,1,-1,0,0,0
26,8,2,1,0,0,0,0,0,1,82,2,0,0
41,4,1,2,0,850,0,0,0,2,-1,0,0,0
34,1,1,1,0,-257,1,0,0,1,368,4,0,0
34,9,1,1,0,-228,1,0,0,3,332,3,1,0
41,1,2,0,0,22,1,0,0,1,-1,0,0,0
37,9,2,1,0,1130,0,0,0,1,-1,0,0,1
54,1,2,0,0,-119,1,0,0,1,-1,0,0,0
39,4,1,1,0,315,1,0,1,4,-1,0,0,0
50,1,1,0,0,1064,1,0,0,2,-1,0,0,0
55,5,1,1,0,159,0,0,0,1,-1,0,0,0
32,1,1,1,0,428,1,0,0,1,363,1,0,0
42,4,1,1,0,849,1,0,0,1,321,1,1,1
45,0,1,0,0,-407,1,1,0,2,224,18,1,0
33,4,1,1,1,879,1,0,0,1,-1,0,0,0
28,2,1,2,0,4064,0,1,0,2,-1,0,0,0
30,4,1,2,0,3330,0,0,0,6,-1,0,0,0
37,4,1,2,0,657,0,0,0,1,-1,0,0,0
29,7,1,1,0,1432,0,0,0,8,-1,0,0,0
70,5,1,1,0,853,0,0,0,1,-1,0,0,0
42,4,1,2,0,3718,1,0,0,2,-1,0,0,0
54,3,1,1,0,991,0,0,1,6,-1,0,0,0
55,9,0,1,0,217,1,1,0,1,-1,0,0,0
37,9,1,1,0,987,1,1,0,2,-1,0,0,0
36,0,2,1,0,1815,0,0,0,1,-1,0,0,0
45,4,0,1,0,1144,1,0,0,1,-1,0,0,0
40,0,2,1,0,576,1,1,0,3,-1,0,0,0
56,1,1,0,0,3643,0,0,0,3,-1,0,0,0
37,3,2,0,0,0,0,0,0,1,-1,0,0,0
51,6,0,1,0,154,1,0,0,1,-1,0,0,0
30,9,1,1,0,-287,1,0,0,3,-1,0,0,0
21,8,2,1,0,39,0,0,0,2,-1,0,0,0
35,4,1,2,0,182,0,0,0,7,-1,0,0,0
42,9,2,1,0,25,1,0,0,1,-1,0,0,0
37,4,1,0,0,4721,0,0,1,1,-1,0,0,0
46,1,1,1,0,1723,0,0,0,3,192,4,1,0
57,6,1,1,0,964,0,0,0,5,-1,0,0,0
50,7,1,1,0,545,0,0,0,1,-1,0,0,0
28,0,1,1,0,9779,1,1,0,2,-1,0,0,0
33,0,2,1,0,285,1,0,0,1,329,1,1,0
43,0,1,1,0,25741,1,0,0,2,-1,0,0,0
46,9,1,2,0,342,1,1,0,1,-1,0,0,0
32,1,2,1,0,5252,1,0,0,2,183,2,0,0
56,9,1,1,0,689,0,0,0,2,-1,0,0,0
34,4,1,2,0,73,0,0,0,2,-1,0,0,1
37,9,2,2,0,5122,1,0,0,1,-1,0,0,0
47,1,1,1,0,3008,1,1,0,3,-1,0,0,0
35,6,1,2,0,1178,1,1,0,2,183,5,0,0
44,1,1,0,0,2657,1,0,0,2,-1,0,0,0
27,1,2,2,0,1372,0,0,0,1,-1,0,0,0
34,1,1,1,0,225,1,0,0,2,-1,0,0,0
40,4,1,2,0,0,1,0,0,1,-1,0,0,0
37,4,1,2,0,49,0,1,0,1,-1,0,0,0
31,4,1,2,0,301,1,0,0,6,-1,0,0,0
40,2,1,2,0,2310,1,1,0,1,294,1,0,0
31,4,1,2,0,859,1,1,0,3,-1,0,0,0
59,4,1,1,0,3428,1,1,0,1,-1,0,0,0
54,6,1,0,0,277,1,0,0,5,170,3,0,0
60,1,1,1,0,272,0,0,0,1,-1,0,0,0
25,4,2,1,0,329,1,0,0,2,-1,0,0,0
35,5,2,0,0,434,0,0,0,1,-1,0,0,0
54,7,1,1,0,196,0,0,0,4,-1,0,0,0
47,1,2,1,1,-380,0,0,0,17,-1,0,0,0
46,1,0,1,0,709,1,0,0,4,-1,0,0,0
42,1,1,1,0,1958,1,0,0,1,172,3,0,0
37,1,1,1,0,196,1,0,0,3,-1,0,0,0
44,0,2,1,0,946,1,0,0,4,-1,0,0,0
40,4,1,2,0,486,1,1,0,2,-1,0,0,0
30,6,1,1,0,2153,1,0,0,1,-1,0,0,0
39,1,1,1,0,171,1,1,0,1,353,1,0,0
48,10,1,1,0,926,0,0,0,2,178,10,2,1
25,1,1,1,0,-76,1,0,0,3,-1,0,0,0
45,9,1,2,0,285,0,0,0,7,-1,0,0,0
28,0,2,1,0,731,1,0,0,13,-1,0,0,0
52,4,2,2,0,37,0,0,0,1,-1,0,0,0
56,0,1,1,0,33,1,0,0,2,-1,0,0,0
31,4,2,2,0,2592,0,0,0,2,174,1,0,0
36,9,1,0,0,1653,1,1,0,10,-1,0,0,0
57,0,0,0,0,987,0,0,0,2,-1,0,0,0
20,8,2,1,0,8860,0,0,0,2,-1,0,0,0
48,7,0,1,0,4408,1,0,0,6,-1,0,0,0
35,1,1,1,0,444,1,0,0,3,-1,0,0,0
44,4,1,0,0,107,0,0,0,3,-1,0,0,0
41,1,2,1,0,363,1,0,0,3,-1,0,0,0
58,4,2,2,0,0,0,0,0,2,-1,0,0,0
54,5,1,1,0,153,1,1,0,1,-1,0,0,0
38,4,1,2,0,536,1,0,0,1,92,1,2,1
42,4,1,2,0,687,0,0,0,2,-1,0,0,0
52,1,1,0,0,1524,0,0,0,6,-1,0,0,1
52,0,1,1,0,0,0,1,1,1,-1,0,0,0
39,1,1,0,0,317,1,0,0,3,-1,0,0,0
36,4,1,2,0,190,1,0,0,1,-1,0,0,0
40,0,1,1,0,824,1,0,0,1,-1,0,0,0
28,0,2,2,0,422,1,0,0,1,-1,0,0,0
47,4,1,2,0,2473,1,1,0,2,-1,0,0,0
51,1,1,0,0,462,1,0,0,2,-1,0,0,0
58,4,1,2,0,0,0,0,0,4,-1,0,0,0
56,7,1,0,0,444,1,0,0,1,166,1,0,0
38,1,2,1,0,0,0,0,0,1,75,3,0,1
42,7,1,1,0,-246,1,0,0,1,-1,0,0,0
32,0,1,2,0,233,1,0,0,4,-1,0,0,0
32,4,1,2,0,2172,1,0,0,4,-1,0,0,0
58,0,1,1,0,4962,0,1,0,1,-1,0,0,0
32,4,2,2,0,9317,0,0,0,3,-1,0,0,0
48,0,1,1,0,5,1,0,0,2,-1,0,0,0
43,9,1,1,0,3288,1,0,0,3,-1,0,0,1
58,9,0,1,0,906,1,1,0,3,-1,0,0,0
47,4,1,2,0,3681,0,0,0,2,-1,0,0,0
32,9,2,1,0,137,0,0,0,4,-1,0,0,0
38,0,1,0,0,0,1,0,0,32,-1,0,0,0
30,9,2,1,0,728,1,0,0,1,261,1,1,0
58,4,1,2,0,16264,0,0,1,3,-1,0,0,0
40,1,1,1,0,1451,0,0,0,1,121,1,2,1
38,0,1,1,0,1344,1,1,0,2,-1,0,0,0
49,4,1,2,0,5711,1,0,0,3,-1,0,0,0
38,4,1,2,0,0,1,0,1,2,-1,0,0,0
59,4,1,2,0,1857,0,0,0,1,168,4,0,0
47,1,1,0,1,-1385,1,1,0,1,-1,0,0,0
31,9,2,1,0,109,1,0,0,1,-1,0,0,0
31,9,2,1,0,1062,0,0,0,1,-1,0,0,0
58,9,1,1,0,178,0,0,0,1,-1,0,0,0
50,1,1,1,0,-253,0,0,0,1,-1,0,0,0
76,6,1,1,0,4984,0,0,1,3,48,2,2,0
23,7,2,1,0,567,1,1,0,1,-1,0,0,0
58,5,1,0,0,4007,0,0,0,4,-1,0,0,0
56,1,1,0,0,379,0,0,0,5,-1,0,0,0
26,9,2,1,0,3519,1,0,0,1,-1,0,0,0
31,4,1,2,0,6138,0,0,0,5,-1,0,0,0
51,7,1,1,0,260,0,0,1,2,-1,0,0,0
28,0,1,1,0,17,1,0,0,1,-1,0,0,0
30,1,2,0,0,0,0,0,0,3,-1,0,0,1
58,5,1,0,0,565,0,0,1,1,93,1,2,1
25,9,2,1,0,4859,0,0,0,1,-1,0,0,1
29,7,2,1,0,33,0,0,0,1,-1,0,0,0
29,0,1,1,0,396,1,0,0,2,-1,0,0,0
47,7,1,1,0,311,1,1,0,1,301,3,0,0
36,4,2,2,0,2706,0,0,0,3,-1,0,0,0
44,4,1,2,0,368,0,0,0,3,-1,0,0,0
44,3,1,1,0,2541,0,0,0,3,-1,0,0,0
33,1,1,0,0,1903,1,0,0,2,182,3,0,0
40,9,0,1,0,300,1,1,0,2,-1,0,0,0
49,9,1,2,0,2611,0,0,0,2,-1,0,0,1
27,4,2,1,0,178,1,0,0,2,-1,0,0,1
53,9,1,2,0,856,1,0,0,2,-1,0,0,0
29,6,2,2,0,3290,0,0,0,1,291,2,2,1
43,1,1,0,0,377,0,1,0,5,-1,0,0,0
31,6,2,2,0,217,0,0,0,4,-1,0,0,0
55,3,1,1,0,5,0,0,0,2,-1,0,0,0
53,9,1,2,0,988,0,0,0,5,-1,0,0,1
32,1,1,1,0,1787,1,0,0,4,357,4,0,0
37,10,1,1,0,-476,1,0,0,2,-1,0,0,0
25,7,1,1,0,0,1,0,0,9,-1,0,0,1
38,1,0,1,0,-2093,1,1,0,3,-1,0,0,0
45,4,1,2,0,623,0,0,0,3,-1,0,0,0
48,6,1,2,0,0,0,0,0,3,-1,0,0,1
42,1,1,1,0,1,0,0,0,1,-1,0,0,0
50,7,2,1,0,1205,1,0,0,2,-1,0,0,0
27,1,2,0,0,881,1,0,0,3,-1,0,0,0
45,1,1,0,0,487,1,0,0,4,-1,0,0,0
44,4,0,2,0,-710,1,0,0,1,-1,0,0,0
37,0,1,1,0,2254,0,0,1,2,-1,0,0,0
38,1,2,1,0,1137,0,0,0,1,-1,0,0,0
29,3,1,2,0,96,1,0,0,1,-1,0,0,0
30,4,2,2,0,5561,1,0,0,1,100,1,2,1
39,9,1,1,0,3050,1,0,0,7,-1,0,0,0
80,5,1,0,0,594,0,0,1,2,-1,0,0,0
35,1,1,1,0,0,1,1,0,3,-1,0,0,0
49,1,2,0,0,2146,1,0,0,2,353,2,1,1
30,1,1,1,0,1717,1,0,0,3,-1,0,0,0
51,4,1,2,0,-20,0,0,0,3,-1,0,0,0
29,4,1,2,0,4328,0,0,0,8,-1,0,0,0
40,9,1,1,0,504,1,0,0,1,266,1,0,0
35,4,2,2,0,-202,1,0,0,2,-1,0,0,0
26,1,0,1,0,241,1,0,0,1,-1,0,0,0
36,7,1,0,0,795,0,1,0,2,-1,0,0,0
31,9,2,2,0,26,0,0,0,4,-1,0,0,0
33,0,2,2,0,7608,0,0,0,4,-1,0,0,1
38,0,2,2,0,4,1,1,0,3,-1,0,0,0
37,9,0,1,0,2686,0,0,0,4,-1,0,0,0
31,4,2,2,0,7444,1,1,0,1,-1,0,0,0
48,1,0,0,0,24,1,0,0,1,-1,0,0,1
54,1,0,1,0,154,1,0,0,12,-1,0,0,0
32,9,2,2,0,550,0,0,0,1,-1,0,0,1
34,6,1,2,0,1972,1,0,0,2,-1,0,0,0
36,0,0,0,0,227,0,0,0,1,-1,0,0,0
45,9,0,1,0,1738,0,0,0,2,-1,0,0,0
33,6,2,2,0,658,1,0,0,2,183,3,0,0
55,7,0,1,0,379,0,0,0,3,219,2,1,0
47,4,1,0,0,1675,1,0,0,3,-1,0,0,0
43,1,1,0,0,445,1,0,0,1,-1,0,0,0
31,1,1,0,0,490,1,0,0,2,-1,0,0,0
46,1,1,0,0,2269,1,0,0,2,-1,0,0,0
36,0,1,1,0,0,1,0,0,2,-1,0,0,0
33,4,2,2,0,923,1,0,0,3,173,6,0,0
32,4,2,2,0,611,1,1,0,1,-1,0,0,0
37,4,2,2,0,-119,1,0,0,11,-1,0,0,0
29,4,2,2,0,475,0,0,0,2,-1,0,0,0
42,9,2,1,0,-321,0,0,0,2,-1,0,0,0
31,1,2,1,0,42,0,0,0,3,12,2,1,0
44,9,1,1,0,56,0,0,0,8,-1,0,0,0
22,8,2,1,0,2589,1,0,0,1,352,1,1,0
43,10,1,0,0,960,1,1,0,2,-1,0,0,0
37,9,1,2,0,2043,0,0,0,4,-1,0,0,0
30,4,2,2,0,464,0,0,0,1,-1,0,0,0
27,10,1,1,0,724,1,1,0,3,-1,0,0,0
36,9,2,2,0,97,0,0,0,17,-1,0,0,0
36,4,1,2,0,618,0,0,0,2,-1,0,0,0
43,7,1,0,0,448,1,0,0,6,-1,0,0,0
29,7,2,0,0,339,0,0,0,3,-1,0,0,1
26,9,2,2,0,15161,0,0,0,1,-1,0,0,1
45,1,1,0,0,179,0,0,0,3,-1,0,0,0
33,1,1,1,0,216,1,1,0,1,-1,0,0,0
46,0,1,1,0,2533,0,0,0,1,-1,0,0,0
34,1,1,1,0,11,1,0,0,1,-1,0,0,0
43,4,1,1,0,2411,1,0,0,7,-1,0,0,0
47,3,1,0,0,275,1,0,0,3,-1,0,0,0
47,1,1,0,0,300,1,0,0,3,-1,0,0,0
45,7,1,1,0,-3,1,0,0,1,-1,0,0,0
32,7,1,1,0,-538,0,1,0,1,353,1,0,0
50,0,2,0,0,1367,0,0,1,2,-1,0,0,0
46,1,0,1,0,2441,0,0,0,2,-1,0,0,0
45,7,1,1,0,0,0,1,0,7,-1,0,0,0
53,9,0,2,0,2228,0,0,0,1,-1,0,0,1
29,7,1,2,0,0,0,1,0,1,-1,0,0,0
51,4,1,2,0,307,1,0,0,2,-1,0,0,0
52,10,1,2,0,1023,0,0,0,6,-1,0,0,0
33,9,2,1,0,315,1,0,0,3,374,2,1,0
31,9,1,2,0,0,0,0,0,2,-1,0,0,0
47,4,0,2,0,107,0,0,0,1,-1,0,0,0
36,1,1,1,0,462,0,0,0,2,-1,0,0,0
51,1,1,0,0,5206,1,0,0,3,-1,0,0,0
33,4,2,2,0,0,0,0,0,17,-1,0,0,0
34,1,2,1,1,-369,1,0,0,2,-1,0,0,0
35,7,1,1,0,2918,0,1,0,2,407,3,2,1
52,1,0,0,0,-57,1,0,0,3,-1,0,0,0
23,7,2,1,0,279,1,0,0,1,370,1,0,1
34,1,1,1,0,568,1,0,0,1,-1,0,0,0
50,4,1,1,0,732,0,0,0,7,-1,0,0,0
28,0,2,2,0,164,1,0,0,7,-1,0,0,0
31,3,2,1,0,13099,0,0,0,9,-1,0,0,0
60,4,1,2,0,5990,1,0,0,3,-1,0,0,1
58,4,1,1,0,407,1,0,0,2,-1,0,0,0
51,9,1,1,0,805,0,0,0,2,-1,0,0,0
40,4,1,2,0,384,0,0,0,2,-1,0,0,0
30,4,2,2,0,985,1,0,0,1,94,2,2,1
33,7,2,2,0,1268,1,0,0,1,350,1,1,0
37,9,2,2,0,453,0,0,0,4,-1,0,0,0
42,0,2,1,0,283,1,0,0,1,-1,0,0,0
38,7,1,1,0,5003,0,0,0,9,-1,0,0,0
33,0,2,1,0,303,0,0,0,1,-1,0,0,0
43,1,1,0,0,98,1,0,0,1,-1,0,0,0
35,9,1,1,0,13658,1,0,1,2,-1,0,0,0
42,4,1,1,0,2416,1,0,0,4,-1,0,0,0
26,6,2,2,0,553,0,0,0,3,-1,0,0,0
73,5,2,1,0,1050,0,0,0,3,181,2,0,1
58,3,0,1,0,0,0,0,0,2,-1,0,0,1
34,1,2,0,0,18,0,0,0,4,360,3,1,0
50,1,1,1,0,579,0,0,0,4,-1,0,0,0
42,0,2,1,0,4343,0,0,0,4,-1,0,0,0
39,1,1,1,0,1367,0,0,0,1,-1,0,0,0
33,1,2,1,0,1925,1,0,0,2,-1,0,0,0
31,1,1,0,0,42,1,0,0,3,-1,0,0,0
18,8,2,0,0,608,0,0,0,1,93,1,2,1
34,7,0,2,0,800,1,1,0,2,-1,0,0,0
32,4,2,2,0,697,0,0,0,3,-1,0,0,0
38,1,1,1,0,3598,0,0,0,1,-1,0,0,0
32,1,2,1,0,8859,1,0,0,1,-1,0,0,0
40,2,2,1,0,943,1,0,0,3,-1,0,0,0
26,1,1,1,0,0,1,0,1,4,-1,0,0,0
30,4,2,2,0,4319,1,0,0,1,-1,0,0,0
42,0,1,1,0,16517,0,0,0,2,279,2,0,0
36,4,1,2,0,255,0,0,0,6,95,4,2,1
48,1,1,1,1,0,1,1,0,1,-1,0,0,0
38,1,1,1,0,4771,1,0,0,1,-1,0,0,0
48,9,1,1,0,71,0,0,0,4,-1,0,0,0
27,10,2,1,0,3276,0,0,0,1,110,2,1,0
24,0,2,2,0,1141,1,0,0,1,-1,0,0,0
18,8,2,1,0,5,0,0,0,2,-1,0,0,0
59,4,1,2,0,1729,0,0,0,1,-1,0,0,0
33,4,1,2,0,0,0,0,0,5,-1,0,0,0
33,4,1,2,0,584,1,0,0,3,-1,0,0,0
30,9,2,1,0,3927,1,0,0,1,-1,0,0,0
46,1,1,1,0,842,1,0,1,1,-1,0,0,1
47,7,0,1,0,-116,0,1,0,3,-1,0,0,0
38,9,1,1,0,1919,0,0,0,1,-1,0,0,1
36,1,1,1,0,-206,1,0,0,2,-1,0,0,0
48,10,0,1,0,1266,1,0,1,1,-1,0,0,0
36,1,1,1,0,-400,1,1,0,2,307,1,0,0
40,1,1,0,0,442,1,0,0,1,-1,0,0,0
28,1,2,1,0,48,0,0,0,3,-1,0,0,0
36,9,1,2,0,571,1,1,0,3,-1,0,0,0
35,9,1,2,0,0,1,1,0,1,62,6,1,0
32,2,1,2,0,0,1,0,0,2,349,2,0,0
49,4,1,2,0,852,1,0,0,1,-1,0,0,0
27,1,2,1,0,6010,1,0,0,1,-1,0,0,0
39,9,1,2,0,1293,0,0,0,2,-1,0,0,1
35,4,0,2,0,859,1,1,0,1,-1,0,0,1
28,1,2,1,0,2806,0,0,0,1,120,1,1,0
45,5,2,2,0,212,0,0,0,1,-1,0,0,0
48,1,0,1,0,-314,1,0,0,5,-1,0,0,0
38,0,2,1,0,0,0,0,0,3,-1,0,0,0
46,6,1,1,0,-816,1,1,0,1,-1,0,0,0
25,7,1,1,0,10,1,0,0,1,294,1,0,0
33,1,2,1,0,76,1,0,0,4,-1,0,0,1
36,6,2,0,0,235,1,0,0,9,-1,0,0,0
40,9,0,1,0,0,0,0,0,2,-1,0,0,0
37,0,0,1,0,1533,1,0,0,4,-1,0,0,1
45,4,1,2,0,226,1,0,0,6,179,10,2,1
35,2,1,2,0,1859,1,0,0,1,267,2,0,0
41,0,1,1,0,351,1,0,0,1,-1,0,0,0
47,4,1,1,0,794,1,1,0,2,-1,0,0,0
57,5,1,1,0,519,1,0,0,3,-1,0,0,0
35,1,2,1,0,-37,1,1,0,2,-1,0,0,0
32,1,1,1,0,491,1,0,0,3,194,2,0,0
33,0,0,1,0,1128,1,0,0,2,-1,0,0,0
54,4,1,2,0,1451,0,0,0,7,-1,0,0,0
42,0,1,1,0,6445,1,0,0,8,-1,0,0,0
34,4,2,2,0,26575,0,0,0,6,168,1,0,0
48,1,1,0,0,235,1,0,0,4,-1,0,0,0
39,4,0,2,0,81,1,1,0,4,-1,0,0,0
27,1,1,1,0,409,1,0,0,1,-1,0,0,1
44,1,1,1,0,1025,1,0,0,1,-1,0,0,0
38,7,1,1,0,155,1,0,0,1,-1,0,0,0
33,7,1,1,0,-27,1,0,0,2,-1,0,0,0
27,1,2,1,0,-15,1,1,0,4,312,6,1,0
32,8,1,1,0,1694,1,0,0,1,-1,0,0,0
32,4,2,2,0,4,1,0,0,2,-1,0,0,0
35,9,0,1,0,-11,1,1,0,18,-1,0,0,0
32,1,0,1,0,98,1,0,0,2,-1,0,0,0
43,7,1,1,0,-236,1,0,0,7,-1,0,0,1
29,9,2,1,0,110,1,0,0,1,-1,0,0,1
28,0,1,2,0,364,1,0,0,1,-1,0,0,0
35,0,0,1,0,1085,0,0,0,1,86,7,2,1
39,0,1,1,0,-234,0,1,0,1,-1,0,0,0
36,9,2,1,0,204,1,0,0,1,144,8,1,0
55,5,1,1,0,991,0,0,0,2,-1,0,0,0
33,4,2,2,0,224,0,0,0,2,-1,0,0,1
61,9,1,1,0,50,1,0,0,5,-1,0,0,0
38,0,1,1,0,70,0,1,0,1,-1,0,0,0
42,7,2,1,0,518,1,0,0,1,-1,0,0,0
29,7,2,1,0,102,0,0,0,1,210,4,0,0
34,1,1,1,0,1134,1,0,0,1,329,2,0,0
47,9,1,1,0,-938,1,0,0,2,-1,0,0,0
32,7,1,1,0,132,1,1,0,2,-1,0,0,0
51,4,0,2,0,311,0,0,1,2,-1,0,0,0
37,7,2,1,0,54,1,0,0,2,131,1,0,0
48,0,1,1,0,2262,0,0,0,1,-1,0,0,0
38,1,1,1,0,1116,0,0,0,3,-1,0,0,0
34,4,1,2,0,3064,1,0,0,1,-1,0,0,0
54,4,1,1,0,0,0,0,0,1,-1,0,0,0
31,9,1,1,0,4,0,0,0,4,-1,0,0,0
26,0,2,2,0,689,0,0,0,1,-1,0,0,0
36,2,1,1,0,0,1,0,0,3,-1,0,0,0
57,5,0,0,0,515,1,0,0,2,-1,0,0,0
31,9,2,1,0,2377,1,0,0,3,-1,0,0,0
52,9,0,1,0,0,0,0,1,3,-1,0,0,0
31,1,2,0,0,-502,1,0,0,4,-1,0,0,0
40,4,1,2,0,66,0,0,0,4,-1,0,0,1
52,4,1,2,0,291,0,0,0,3,-1,0,0,0
35,0,2,2,0,5007,1,0,0,1,112,2,1,0
41,4,0,2,0,4495,1,0,0,5,-1,0,0,0
57,5,2,2,0,0,0,0,0,1,-1,0,0,0
37,4,2,1,0,655,0,1,0,6,-1,0,0,0
58,5,1,0,0,741,0,0,0,2,-1,0,0,0
50,2,1,1,0,1011,1,0,1,2,-1,0,0,0
37,4,0,2,0,1775,0,0,0,5,-1,0,0,1
40,1,0,1,0,181,0,0,0,6,-1,0,0,0
24,8,2,1,0,486,0,0,0,2,270,2,1,0
34,9,2,1,0,1386,1,1,0,6,-1,0,0,0
34,0,2,1,0,3160,0,0,0,8,331,13,0,0
46,1,0,0,0,358,0,0,0,2,-1,0,0,0
41,9,1,1,0,-1136,1,1,0,1,-1,0,0,0
42,4,0,1,0,317,1,0,0,3,-1,0,0,0
52,9,1,2,0,0,0,0,0,3,92,7,0,1
29,9,1,1,0,1599,1,0,0,1,112,2,0,0
32,7,1,1,0,859,1,0,0,1,-1,0,0,0
36,1,2,1,0,340,0,1,0,3,-1,0,0,0
28,1,2,1,0,0,0,1,0,21,-1,0,0,0
46,2,1,1,0,757,0,0,0,3,-1,0,0,0
51,4,2,1,0,0,0,0,0,1,-1,0,0,0
48,0,0,1,0,0,1,1,0,1,-1,0,0,0
38,9,1,1,0,63,0,0,0,4,-1,0,0,0
43,1,1,0,0,601,1,0,0,2,-1,0,0,0
47,0,1,1,0,-121,1,1,0,4,314,4,0,0
35,9,1,1,0,523,1,1,0,1,-1,0,0,0
33,1,1,0,0,902,1,0,0,2,247,2,0,0
42,6,1,1,0,240,1,0,0,1,189,16,1,0
44,9,1,1,0,-199,0,0,0,3,-1,0,0,0
58,4,1,1,0,2155,0,1,0,2,92,5,2,1
51,1,1,0,0,216,1,0,0,3,274,3,0,0
36,9,0,1,0,69,1,0,0,2,369,3,0,0
41,4,1,1,0,280,1,0,0,2,-1,0,0,1
37,10,1,2,0,7620,0,0,1,3,-1,0,0,0
49,4,1,2,0,108,0,0,0,6,-1,0,0,0
35,4,1,2,0,2123,1,0,0,1,273,3,0,0
40,4,1,2,0,9221,0,0,0,1,-1,0,0,0
27,0,2,1,0,-242,0,1,0,21,-1,0,0,0
51,9,1,2,0,7338,0,0,0,1,-1,0,0,0
26,9,2,2,0,4130,0,0,0,2,-1,0,0,0
45,0,0,1,0,0,0,0,0,1,-1,0,0,1
47,9,2,1,0,-213,1,0,0,1,-1,0,0,0
27,1,2,0,0,409,1,0,0,4,301,2,2,0
31,4,1,2,0,155,1,0,0,1,99,1,0,0
34,4,2,2,0,3679,1,0,0,1,-1,0,0,0
35,2,2,2,0,3302,1,1,0,3,-1,0,0,0
48,2,1,2,0,810,0,0,0,1,-1,0,0,0
30,1,1,0,0,9194,1,0,0,2,-1,0,0,0
31,4,2,2,0,938,0,0,0,1,384,3,0,0
58,2,1,1,0,670,1,0,0,1,-1,0,0,1
50,1,0,1,0,-54,0,0,0,3,-1,0,0,0
39,7,1,0,0,1601,1,0,0,2,-1,0,0,0
43,4,1,2,0,0,0,0,0,1,-1,0,0,0
36,4,0,2,0,59,0,0,0,2,-1,0,0,1
34,1,1,1,0,1,1,0,0,2,-1,0,0,0
40,4,1,2,0,3,1,1,0,1,-1,0,0,0
34,7,0,1,0,202,1,0,0,1,-1,0,0,0
54,10,1,1,0,1561,0,0,0,3,186,2,0,1
27,4,1,2,0,54,1,0,0,3,-1,0,0,0
25,6,2,2,0,42,1,0,0,1,94,1,2,1
35,6,2,1,0,951,1,0,0,2,-1,0,0,0
29,9,1,1,0,266,1,0,0,1,-1,0,0,0
37,4,2,2,1,45,1,0,0,1,-1,0,0,0
53,7,1,1,0,514,1,0,0,3,-1,0,0,0
40,0,1,1,0,1011,1,0,0,2,-1,0,0,0
47,0,1,1,0,0,0,0,0,1,-1,0,0,0
42,1,1,1,0,1260,1,0,0,3,-1,0,0,0
39,9,1,0,0,1846,0,0,0,5,-1,0,0,0
26,4,2,2,0,4683,1,0,0,2,180,1,0,0
45,9,1,1,0,1410,0,0,0,2,-1,0,0,0
36,0,1,2,0,157,1,0,0,2,-1,0,0,0
39,4,1,2,0,5060,1,0,0,4,-1,0,0,0
37,7,2,1,0,393,1,0,0,4,350,2,1,0
54,9,1,1,0,1865,1,0,0,2,-1,0,0,0
43,0,1,1,0,214,1,0,1,2,324,24,0,0
34,7,1,1,0,-451,1,1,0,1,-1,0,0,0
63,5,1,1,0,2030,0,0,0,6,-1,0,0,0
45,4,1,2,0,8564,0,0,0,1,-1,0,0,0
20,1,1,0,0,-172,1,1,0,3,-1,0,0,0
43,1,1,0,0,8,0,1,0,2,-1,0,0,0
43,2,1,2,0,5506,0,1,0,1,-1,0,0,0
43,4,2,2,0,2081,0,0,0,3,-1,0,0,1
47,0,1,1,0,3676,0,0,0,2,342,1,1,1
33,4,1,2,0,5792,1,0,0,2,-1,0,0,0
58,2,1,0,0,1249,0,0,0,1,-1,0,0,0
45,9,0,1,1,-25,0,1,0,3,-1,0,0,0
46,1,1,1,0,4044,0,0,0,3,-1,0,0,0
43,7,1,1,0,68,1,1,0,1,-1,0,0,0
33,4,1,2,0,436,1,0,0,1,-1,0,0,0
39,1,1,0,0,867,1,0,0,1,-1,0,0,0
27,9,1,2,0,176,1,0,0,2,350,7,1,0
33,4,2,2,0,-2,0,1,0,6,-1,0,0,0
55,4,1,1,0,831,1,1,1,1,100,6,0,0
42,4,1,2,0,-1613,1,0,0,18,-1,0,0,0
30,7,2,1,1,-261,1,0,0,2,255,1,1,0
31,9,2,1,0,147,1,0,0,1,-1,0,0,0
35,0,1,1,0,348,1,1,0,3,-1,0,0,0
52,4,1,2,0,437,0,0,1,3,113,1,1,0
30,1,1,1,0,631,1,0,0,2,-1,0,0,0
45,1,0,0,0,749,1,0,0,6,-1,0,0,0
34,7,2,1,0,544,1,0,0,2,-1,0,0,0
35,1,1,1,0,25,1,0,0,5,-1,0,0,0
52,3,1,1,0,1182,1,0,0,1,-1,0,0,0
42,0,1,1,0,3842,0,0,0,4,-1,0,0,0
37,3,2,2,0,561,0,0,0,1,165,2,0,0
55,2,1,1,0,8104,0,0,0,2,-1,0,0,0
26,0,2,1,0,-12,1,0,0,1,-1,0,0,0
29,1,1,1,0,-312,1,1,0,2,-1,0,0,0
47,4,1,2,0,1147,0,0,0,1,-1,0,0,0
59,0,1,1,0,283,0,1,0,1,-1,0,0,0
25,0,2,2,0,3730,1,0,0,1,-1,0,0,1
31,7,1,1,0,2083,1,0,0,3,355,2,1,0
34,1,2,1,0,855,1,0,0,1,-1,0,0,1
27,10,2,1,0,268,1,0,0,1,-1,0,0,0
36,7,1,2,0,702,1,0,0,4,-1,0,0,0
33,0,1,1,0,177,1,0,0,1,-1,0,0,0
32,1,0,1,0,473,0,0,0,1,-1,0,0,0
51,5,1,1,0,226,1,1,0,1,-1,0,0,0
32,1,1,0,0,494,1,0,0,2,-1,0,0,0
50,1,1,1,0,1553,1,0,0,2,-1,0,0,0
35,9,2,2,0,272,0,0,0,2,-1,0,0,0
37,2,1,2,0,7944,0,0,0,1,-1,0,0,0
28,4,2,2,0,266,0,0,0,1,-1,0,0,0
51,9,1,1,0,100,0,0,0,2,-1,0,0,1
38,1,1,1,0,1027,1,0,0,5,-1,0,0,0
30,10,1,2,0,0,1,0,0,1,-1,0,0,0
31,7,2,1,0,166,1,0,0,1,-1,0,0,0
44,0,1,1,0,0,1,0,0,2,-1,0,0,0
31,3,1,1,0,3902,1,0,0,4,-1,0,0,0
37,1,1,0,0,2120,1,0,0,4,-1,0,0,0
57,4,1,2,0,2261,1,0,0,1,-1,0,0,0
42,2,1,1,0,707,0,0,0,1,348,1,2,0
37,4,1,1,0,209,0,0,0,3,528,7,0,0
35,6,1,2,0,1250,1,0,0,1,136,1,1,0
66,5,2,2,0,0,0,0,0,2,-1,0,0,0
35,9,2,1,0,103,1,0,0,2,-1,0,0,0
32,0,1,1,0,413,1,0,0,3,341,2,0,0
37,4,1,2,0,1113,0,0,0,1,182,1,2,1
51,4,1,2,0,0,0,0,0,5,-1,0,0,0
50,9,1,2,0,92,0,1,0,1,-1,0,0,0
46,3,1,0,0,3512,0,0,0,1,197,1,0,1
35,10,1,1,0,977,1,0,0,4,91,1,1,0
30,9,2,1,0,3144,0,0,0,2,-1,0,0,1
44,9,1,2,0,851,1,0,0,2,-1,0,0,0
25,9,2,2,0,640,1,0,0,2,-1,0,0,0
60,5,1,1,0,-240,0,0,0,6,-1,0,0,0
42,9,2,1,0,275,0,0,0,8,-1,0,0,0
45,4,1,0,0,0,0,1,0,1,-1,0,0,0
20,7,2,1,0,-103,1,0,0,1,-1,0,0,0
47,0,1,1,0,298,1,0,0,1,-1,0,0,0
29,1,1,0,0,57,0,1,0,1,-1,0,0,0
31,9,2,1,0,4028,0,1,0,5,-1,0,0,0
41,1,1,0,0,1428,1,1,0,1,-1,0,0,0
36,3,1,0,0,125,1,0,0,4,-1,0,0,0
42,10,1,2,0,0,0,0,0,1,-1,0,0,0
31,3,2,2,0,0,0,0,0,3,-1,0,0,0
53,7,0,1,0,-223,0,0,0,1,-1,0,0,0
40,9,1,1,0,0,0,1,0,2,-1,0,0,0
41,4,1,2,0,5,1,0,0,3,140,3,0,0
25,9,2,1,0,218,1,1,0,4,-1,0,0,0
36,2,1,1,0,302,1,0,0,1,-1,0,0,0
45,10,1,1,0,490,1,0,0,3,-1,0,0,0
44,4,1,1,0,187,1,0,0,1,-1,0,0,0
27,7,0,1,0,96,1,0,0,1,-1,0,0,0
37,0,1,1,0,-107,1,0,0,2,-1,0,0,0
45,8,2,1,0,1527,0,0,0,1,-1,0,0,1
53,4,1,2,0,0,0,0,0,2,-1,0,0,0
34,0,0,1,0,531,0,0,0,1,-1,0,0,0
31,0,2,1,0,410,0,0,0,1,-1,0,0,1
47,9,2,1,0,1710,0,1,0,2,-1,0,0,0
40,1,1,1,0,746,1,1,0,1,262,3,1,0
57,4,1,2,0,1357,1,1,0,2,-1,0,0,0
34,1,2,0,0,0,1,0,0,1,-1,0,0,0
31,1,2,1,0,-64,0,0,0,1,-1,0,0,0
30,6,2,2,0,916,0,0,0,2,-1,0,0,1
54,1,1,0,0,0,1,0,0,4,341,2,0,0
39,4,2,2,0,109,0,0,0,2,-1,0,0,0
26,4,2,2,0,33,0,0,0,1,-1,0,0,0
29,3,1,0,0,0,1,0,0,3,-1,0,0,0
35,4,0,2,0,538,1,0,0,4,-1,0,0,0
34,9,2,1,0,52,0,0,0,4,-1,0,0,0
28,4,2,2,0,3053,0,0,1,4,-1,0,0,0
52,1,1,0,0,109,1,0,0,4,248,2,0,0
35,6,1,2,0,506,0,0,0,1,-1,0,0,0
31,9,2,2,0,438,1,0,0,2,-1,0,0,0
33,6,1,2,0,-103,1,0,0,2,175,1,0,0
37,4,2,2,0,410,0,0,0,3,-1,0,0,0
45,3,1,0,0,4994,0,0,0,1,-1,0,0,0
30,1,2,1,0,1224,1,0,0,2,-1,0,0,0
44,9,1,1,0,185,1,1,0,1,-1,0,0,0
33,9,2,2,0,27,0,0,0,2,-1,0,0,0
41,1,1,0,0,-441,1,0,0,1,-1,0,0,0
56,4,0,2,0,3287,0,0,0,1,-1,0,0,1
29,7,1,1,0,363,1,0,0,1,-1,0,0,0
56,7,2,1,0,1222,1,1,0,1,-1,0,0,0
26,6,2,2,0,1078,0,0,0,2,-1,0,0,0
33,9,1,1,0,168,1,0,0,2,-1,0,0,0
60,3,1,0,0,182,0,0,0,5,181,5,0,0
58,4,1,2,0,2143,1,0,0,1,-1,0,0,0
46,1,1,0,0,588,1,0,0,3,237,4,0,0
38,1,2,1,0,0,0,0,0,1,-1,0,0,0
53,4,1,2,0,1313,0,0,0,2,-1,0,0,0
35,0,1,1,0,165,1,0,0,1,-1,0,0,0
30,0,0,1,0,419,0,0,0,2,-1,0,0,0
42,1,1,1,0,156,0,0,0,4,-1,0,0,0
56,1,0,0,0,5041,1,0,0,1,-1,0,0,0
33,7,2,1,0,170,0,0,0,1,-1,0,0,1
34,1,1,1,0,463,1,0,0,11,360,4,0,0
37,1,1,1,0,0,1,0,0,1,-1,0,0,0
54,4,0,2,0,5399,0,1,0,3,-1,0,0,0
38,9,2,1,0,4723,1,0,0,2,-1,0,0,0
34,0,2,1,0,296,0,0,0,1,136,4,0,0
28,7,2,1,0,2921,1,0,0,1,-1,0,0,0
38,0,1,1,0,0,1,0,1,8,-1,0,0,0
56,9,1,1,0,359,1,0,0,4,-1,0,0,0
40,9,2,1,0,5637,1,0,0,3,-1,0,0,1
42,7,1,1,0,3465,1,1,0,2,-1,0,0,1
33,7,1,1,0,2368,0,0,0,1,-1,0,0,0
20,8,2,1,0,602,1,0,0,4,-1,0,0,0
48,4,1,1,0,-95,0,0,0,9,-1,0,0,0
28,1,2,1,0,387,1,0,0,11,282,1,1,0
29,1,1,1,0,37,1,0,0,3,353,1,1,0
46,1,1,1,0,2121,1,0,0,1,-1,0,0,0
54,4,1,2,0,397,1,0,0,1,-1,0,0,0
36,1,1,1,0,324,1,1,0,1,-1,0,0,1
41,1,0,1,0,257,1,0,0,2,-1,0,0,0
30,1,2,1,0,18,0,0,0,1,-1,0,0,0
42,1,1,0,0,325,1,0,0,4,-1,0,0,0
43,1,1,0,0,25,1,0,0,1,-1,0,0,0
58,2,1,2,0,0,1,1,0,2,229,2,0,0
54,7,1,1,0,869,0,0,0,2,-1,0,0,0
33,4,2,2,0,136,1,1,0,6,-1,0,0,0
36,4,1,2,0,918,0,0,0,8,-1,0,0,0
43,4,1,0,0,8167,1,0,1,2,184,2,0,0
50,3,2,0,0,1158,1,0,0,3,265,3,0,0
50,9,2,1,0,246,1,0,0,2,-1,0,0,0
34,1,1,1,0,0,1,0,0,1,-1,0,0,0
38,1,1,1,0,376,1,0,0,1,-1,0,0,0
38,1,1,1,0,0,1,0,0,1,-1,0,0,0
32,4,2,2,0,935,0,0,0,1,91,7,2,1
32,0,1,2,0,284,1,0,0,3,-1,0,0,1
58,4,1,2,0,0,0,0,1,16,-1,0,0,0
33,4,1,2,0,982,0,0,0,17,-1,0,0,0
33,2,1,2,0,12,1,0,0,1,-1,0,0,0
36,0,1,2,0,1145,1,0,0,1,239,2,0,0
25,0,2,2,0,407,1,0,0,1,-1,0,0,0
40,10,1,1,0,3382,1,0,0,1,-1,0,0,0
58,9,1,0,0,4198,0,0,0,5,-1,0,0,0
47,10,2,0,0,289,0,0,0,1,-1,0,0,0
41,1,1,1,0,0,0,0,0,2,-1,0,0,0
36,0,2,1,0,0,1,1,0,1,-1,0,0,0
34,7,1,1,0,1005,1,0,0,3,-1,0,0,0
35,4,1,2,0,451,1,0,0,6,-1,0,0,0
38,9,2,1,0,382,1,0,0,2,-1,0,0,0
24,0,2,2,0,106,0,1,0,1,-1,0,0,0
39,6,1,2,0,-176,1,0,0,13,-1,0,0,0
47,7,1,1,0,344,1,0,0,1,-1,0,0,0
38,4,1,2,0,93,1,0,0,1,272,4,0,0
37,0,2,1,0,862,0,0,0,2,-1,0,0,0
35,4,1,2,0,1133,1,0,0,1,-1,0,0,1
44,4,1,1,0,1317,0,0,1,6,-1,0,0,0
43,1,1,1,0,-755,1,1,0,1,337,1,0,0
31,0,2,1,0,0,0,0,0,1,-1,0,0,0
32,4,2,2,0,473,1,0,0,2,361,1,1,0
32,1,0,1,0,-299,1,0,0,2,-1,0,0,0
40,7,2,1,0,737,1,0,0,2,-1,0,0,0
49,4,1,2,0,489,1,0,0,1,358,1,0,0
46,7,0,1,0,-179,0,0,0,1,214,2,0,0
36,1,1,1,0,1165,1,0,0,4,-1,0,0,1
32,1,1,1,0,-428,1,0,0,1,-1,0,0,0
46,7,1,1,0,9,0,0,0,4,-1,0,0,0
57,1,0,0,0,-176,1,0,0,1,-1,0,0,0
38,9,1,1,0,4539,0,0,0,1,-1,0,0,1
42,3,1,0,0,1523,1,1,0,5,-1,0,0,0
31,6,1,0,0,1074,1,0,0,2,-1,0,0,0
37,1,1,0,1,-142,0,0,0,3,-1,0,0,0
42,7,1,1,0,0,1,0,0,4,-1,0,0,0
48,2,1,1,0,151,0,0,0,1,-1,0,0,0
22,9,2,1,0,54,1,1,0,6,-1,0,0,0
34,4,2,2,0,5945,1,0,0,1,170,1,0,0
64,5,1,2,0,1644,0,0,1,4,179,4,2,1
46,1,1,0,0,-160,0,1,1,11,-1,0,0,0
50,9,0,2,0,1679,1,0,0,2,-1,0,0,0
47,1,1,1,0,8148,1,0,0,1,-1,0,0,0
39,6,0,2,0,1415,0,0,0,1,-1,0,0,0
38,9,1,1,0,79,1,0,0,2,-1,0,0,0
46,0,1,1,0,-522,1,0,0,3,239,13,1,1
31,7,1,1,0,-759,1,0,0,2,-1,0,0,0
37,9,1,1,0,5287,1,1,0,2,-1,0,0,0
36,4,1,1,0,122,1,0,0,7,-1,0,0,0
49,1,2,1,0,-195,1,0,0,2,-1,0,0,0
35,1,1,0,0,-367,1,0,0,1,350,1,0,0
38,4,1,1,0,933,0,0,0,2,-1,0,0,0
58,9,1,1,0,7429,0,0,0,1,-1,0,0,0
36,10,1,2,0,7222,1,0,0,1,181,5,0,0
46,1,1,1,0,572,1,0,0,2,-1,0,0,0
58,4,1,2,0,541,1,0,0,1,-1,0,0,0
37,6,2,2,0,984,0,0,0,1,-1,0,0,0
50,9,2,2,0,1840,1,0,0,2,-1,0,0,0
38,0,1,1,0,326,1,0,0,2,-1,0,0,0
49,6,2,2,0,21,1,0,0,1,-1,0,0,0
32,4,2,2,0,1731,1,1,0,3,-1,0,0,0
51,4,0,1,0,-35,1,0,0,1,263,5,0,0
45,1,1,1,0,115,0,0,0,4,-1,0,0,0
58,4,1,1,0,-382,0,0,0,12,-1,0,0,1
32,6,2,1,0,202,1,0,0,1,149,1,0,0
30,4,1,2,0,0,0,0,0,2,-1,0,0,0
39,2,1,2,0,0,1,0,0,2,-1,0,0,0
58,5,1,2,0,258,0,1,0,1,-1,0,0,0
44,10,0,1,0,522,0,0,0,1,-1,0,0,0
37,9,2,1,0,5436,1,0,0,11,351,1,0,0
30,1,2,1,0,8950,1,0,0,4,355,1,1,0
48,0,1,1,0,368,0,0,0,2,140,7,2,1
47,0,1,2,0,1979,0,0,0,6,-1,0,0,0
32,9,2,2,0,514,1,1,0,1,168,1,0,0
30,9,2,2,0,177,0,0,0,3,-1,0,0,0
36,4,0,2,0,2397,0,0,0,9,-1,0,0,0
49,9,1,1,0,323,1,0,0,2,-1,0,0,0
38,1,1,1,0,-627,1,1,0,4,-1,0,0,0
51,0,1,1,0,79,0,0,0,2,-1,0,0,0
51,1,1,1,0,1414,1,0,0,2,-1,0,0,0
34,4,1,2,0,912,1,0,0,1,-1,0,0,0
58,1,1,0,0,42,1,0,0,6,264,3,0,0
30,4,2,2,0,265,0,0,0,1,93,3,2,0
44,7,0,1,0,2416,1,0,0,3,-1,0,0,0
41,7,1,1,0,0,1,0,0,9,-1,0,0,0
27,0,2,1,0,180,0,1,0,1,-1,0,0,0
29,9,2,1,0,1331,1,1,0,1,-1,0,0,0
31,4,2,2,0,12569,0,0,0,1,295,1,0,1
57,1,0,0,0,1299,0,0,0,2,-1,0,0,0
47,9,1,1,0,11,0,0,0,3,-1,0,0,0
50,4,1,2,0,29,0,1,0,1,-1,0,0,0
32,1,1,1,0,-64,1,0,0,1,-1,0,0,0
51,9,1,2,0,0,0,0,0,2,-1,0,0,1
30,4,2,2,0,2907,1,0,0,2,218,1,0,0
47,6,0,1,0,510,1,0,0,3,-1,0,0,0
49,4,1,2,0,1093,1,1,0,1,246,4,2,1
48,1,1,0,0,584,1,0,0,1,-1,0,0,0
41,4,1,2,0,0,1,0,0,3,-1,0,0,0
37,7,2,1,0,608,0,0,0,3,-1,0,0,0
59,6,1,0,0,745,0,0,0,9,-1,0,0,0
30,9,2,2,0,3291,1,0,0,3,-1,0,0,1
57,9,1,2,0,3082,1,1,0,2,294,3,0,0
28,9,1,1,0,487,1,0,0,4,-1,0,0,0
28,0,2,1,0,551,0,1,0,1,-1,0,0,0
80,5,1,1,0,2354,0,0,1,2,181,3,2,0
58,4,1,2,0,1313,0,0,1,4,-1,0,0,0
43,1,1,1,0,1343,1,1,0,2,-1,0,0,0
42,1,1,1,0,273,0,0,0,1,-1,0,0,0
41,7,1,0,0,4903,1,0,0,1,180,2,0,0
29,4,2,2,0,1431,0,0,0,4,-1,0,0,0
25,7,2,1,0,3856,1,0,0,28,-1,0,0,0
28,0,2,2,0,313,0,1,0,2,326,4,0,0
56,4,0,2,0,2959,1,0,1,1,-1,0,0,0
28,1,1,1,0,83,1,0,0,1,-1,0,0,0
51,0,1,1,0,-192,0,0,0,3,-1,0,0,0
28,10,2,1,0,16,0,0,0,4,-1,0,0,0
45,4,0,1,0,705,0,0,0,4,-1,0,0,0
35,7,1,1,0,1935,1,0,0,2,318,2,1,0
60,9,1,2,0,6573,1,0,0,2,87,2,0,0
19,8,2,1,0,424,0,0,0,3,195,2,1,0
28,0,2,1,0,428,1,1,0,2,-1,0,0,0
41,1,0,0,0,548,1,1,0,1,250,1,0,0
39,2,0,2,0,208,1,0,0,2,-1,0,0,0
32,4,2,2,0,4262,1,0,0,1,152,1,0,0
29,4,1,2,0,805,0,0,0,1,-1,0,0,0
59,9,1,1,0,3562,0,0,0,1,-1,0,0,0
34,7,1,1,0,142,1,0,0,4,-1,0,0,0
35,1,1,0,0,-12,1,0,0,5,-1,0,0,0
27,6,2,1,0,152,0,0,0,3,-1,0,0,0
40,2,1,0,0,3676,1,1,0,1,-1,0,0,0
39,1,1,1,0,518,1,0,0,2,-1,0,0,0
41,6,1,2,0,355,1,0,0,1,28,4,1,0
35,1,1,0,0,356,1,1,0,2,-1,0,0,0
60,9,1,2,0,1626,1,1,0,2,-1,0,0,0
35,7,1,1,0,211,1,0,0,1,-1,0,0,0
44,2,1,1,0,887,1,0,0,2,-1,0,0,0
44,4,1,2,0,318,0,0,0,2,-1,0,0,0
40,1,2,0,0,-21,0,0,0,2,368,3,0,0
28,1,2,1,0,1285,0,0,1,16,-1,0,0,0
39,9,1,1,0,381,1,0,0,1,347,2,0,0
57,9,2,1,0,3499,1,0,0,4,175,3,0,0
32,0,2,1,0,212,0,0,0,5,-1,0,0,1
32,7,2,1,0,148,1,0,0,1,-1,0,0,0
25,1,1,1,0,2307,1,0,0,5,-1,0,0,0
24,8,2,1,0,423,1,0,0,3,-1,0,0,0
45,9,0,2,0,206,0,0,0,4,-1,0,0,0
44,2,1,1,0,0,0,0,0,2,-1,0,0,0
41,7,2,0,0,5907,1,0,0,1,167,5,0,0
36,9,2,1,0,376,0,0,0,1,92,1,2,1
32,1,0,1,0,201,1,0,0,8,365,24,1,0
38,10,2,2,0,324,1,0,0,3,-1,0,0,0
53,3,1,1,0,1060,0,0,0,4,-1,0,0,0
33,7,1,1,0,70,0,0,0,7,-1,0,0,0
28,9,1,1,0,232,1,1,0,1,261,1,0,0
51,1,1,1,1,0,0,1,0,3,-1,0,0,0
53,9,1,1,0,87,1,0,0,9,-1,0,0,0
45,1,1,1,0,66,1,0,0,2,-1,0,0,0
58,1,1,1,0,928,0,0,0,3,-1,0,0,0
39,4,1,1,0,6012,0,0,1,1,119,2,0,0
30,4,2,2,0,264,1,0,0,2,370,2,1,0
45,9,2,2,0,4537,1,0,0,2,-1,0,0,0
34,9,1,1,0,4053,1,0,0,2,-1,0,0,0
56,4,1,1,0,208,0,1,1,6,-1,0,0,0
47,0,2,2,0,178,0,0,1,6,-1,0,0,0
37,7,1,1,0,749,1,0,0,2,-1,0,0,0
32,4,2,1,0,249,1,0,0,1,-1,0,0,0
67,5,1,0,0,8465,0,0,0,1,-1,0,0,0
32,1,1,1,0,119,0,0,0,5,-1,0,0,0
30,1,1,0,0,307,1,1,0,2,-1,0,0,0
34,0,1,2,0,79,1,0,0,2,95,6,2,0
74,5,1,0,0,10253,0,0,1,1,-1,0,0,0
51,10,0,1,0,370,0,0,0,1,-1,0,0,0
35,7,2,1,0,1239,1,0,0,2,347,1,0,0
45,7,1,1,0,1306,0,0,0,3,-1,0,0,0
32,9,1,1,0,2693,1,0,0,1,-1,0,0,0
35,1,1,1,0,1388,1,0,0,5,-1,0,0,0
56,4,1,2,0,424,1,1,0,5,-1,0,0,0
54,1,1,1,0,887,1,0,0,1,-1,0,0,0
47,4,1,2,0,649,1,0,0,2,-1,0,0,0
47,9,1,2,0,2155,0,0,0,3,-1,0,0,0
51,1,1,1,0,1779,1,0,0,2,-1,0,0,0
54,4,1,0,0,630,1,0,0,2,-1,0,0,0
55,1,1,1,0,383,0,0,0,1,-1,0,0,0
36,1,1,1,0,-42,0,1,0,2,193,2,1,0
36,4,1,2,0,396,0,0,0,5,-1,0,0,0
46,9,1,1,0,1465,1,0,0,2,-1,0,0,0
41,1,1,1,0,382,1,0,1,2,-1,0,0,0
51,9,1,2,0,2506,0,0,0,3,-1,0,0,0
34,1,0,1,0,383,1,0,0,1,-1,0,0,1
34,4,2,2,0,618,1,0,0,4,-1,0,0,0
36,8,2,1,0,904,0,0,1,9,8,13,1,0
49,0,1,1,0,2062,0,0,0,4,-1,0,0,0
38,9,1,1,0,175,1,0,0,1,-1,0,0,0
57,4,1,1,0,19268,0,0,0,1,-1,0,0,1
32,9,1,1,0,696,1,0,0,1,-1,0,0,1
31,1,2,0,0,302,1,0,0,8,-1,0,0,0
39,4,0,2,0,126,0,0,0,1,-1,0,0,0
50,2,2,0,0,1659,0,0,0,2,-1,0,0,0
32,9,2,2,0,1150,0,0,0,2,-1,0,0,0
73,5,0,0,0,2308,0,0,1,2,-1,0,0,1
35,7,1,1,0,0,1,0,0,3,-1,0,0,0
52,1,2,1,0,894,0,1,0,2,-1,0,0,0
49,10,1,0,0,157,1,0,0,2,-1,0,0,0
44,4,2,2,0,1356,0,1,0,2,134,2,1,0
35,1,2,0,0,-759,1,0,0,2,-1,0,0,0
32,1,1,0,0,274,1,0,0,3,-1,0,0,0
45,9,1,1,0,1818,0,0,0,1,241,2,1,0
31,4,2,2,0,394,0,1,0,3,-1,0,0,0
41,4,0,2,0,647,1,0,0,1,-1,0,0,0
57,4,1,0,0,-226,1,0,0,1,-1,0,0,0
31,9,1,2,0,1503,1,1,0,2,-1,0,0,0
29,6,2,2,0,392,0,1,0,1,-1,0,0,0
30,7,2,1,0,-172,1,1,0,4,329,2,1,0
35,0,2,1,0,1070,0,0,0,2,-1,0,0,0
45,4,1,2,0,1293,0,0,1,3,-1,0,0,0
27,9,2,1,0,90,0,0,0,3,-1,0,0,0
33,1,0,0,0,636,1,0,0,11,-1,0,0,0
47,4,0,2,0,310,0,0,0,2,-1,0,0,0
35,1,2,0,0,3751,0,0,0,1,-1,0,0,0
24,0,2,1,0,-346,1,0,0,2,-1,0,0,0
31,4,2,2,0,730,0,0,0,6,-1,0,0,0
29,0,2,1,0,187,0,0,0,1,-1,0,0,0
33,0,2,1,0,206,0,0,1,1,-1,0,0,0
40,1,1,0,0,-322,1,1,0,1,-1,0,0,0
38,9,1,1,0,625,1,0,0,2,-1,0,0,0
38,7,1,1,0,393,0,0,0,3,-1,0,0,0
33,1,1,1,0,7048,1,0,0,2,-1,0,0,0
33,4,1,1,0,165,1,0,1,3,258,15,1,0
46,1,2,0,0,96,1,0,0,1,148,1,0,0
38,4,1,1,0,1759,1,0,0,1,-1,0,0,0
39,1,2,1,1,0,1,1,0,8,-1,0,0,0
54,1,1,1,0,3782,1,0,0,4,-1,0,0,0
44,4,1,2,0,-600,1,0,0,1,-1,0,0,0
32,9,2,1,0,-472,1,1,0,2,-1,0,0,0
38,1,2,1,0,3054,0,0,0,11,-1,0,0,0
44,3,1,0,0,0,1,0,1,1,-1,0,0,0
46,0,1,1,0,179,1,0,0,4,436,1,1,0
34,2,1,0,0,0,1,0,0,3,-1,0,0,0
32,4,1,0,0,142,1,0,0,1,-1,0,0,0
57,3,1,1,0,158,1,0,1,1,-1,0,0,0
29,4,1,2,0,246,1,0,0,1,265,1,0,0
35,9,0,1,1,362,0,0,0,2,240,8,1,0
47,0,1,1,0,3434,1,1,1,1,-1,0,0,0
50,10,0,1,0,32,0,0,0,2,-1,0,0,0
41,3,1,0,0,1618,1,0,0,2,-1,0,0,0
35,4,1,2,0,0,1,0,0,1,-1,0,0,0
54,0,0,2,0,122,0,0,0,1,547,1,0,0
28,9,1,1,0,2919,1,0,0,3,-1,0,0,0
38,2,1,2,0,227,1,0,0,1,209,1,0,0
41,1,0,1,0,139,1,0,0,3,370,1,0,0
37,1,1,0,0,1455,1,0,0,2,-1,0,0,0
29,4,1,2,0,202,1,0,0,1,-1,0,0,0
31,9,2,1,0,0,0,0,0,2,-1,0,0,0
31,10,2,1,0,209,1,0,0,1,-1,0,0,0
48,1,1,0,0,719,0,1,0,5,-1,0,0,1
34,1,1,0,0,1309,1,0,0,2,364,1,0,0
32,0,2,1,0,641,1,0,0,1,-1,0,0,0
27,1,2,0,0,265,1,0,0,2,-1,0,0,1
45,4,1,1,0,356,0,0,0,2,-1,0,0,0
59,5,1,0,0,255,0,1,0,6,-1,0,0,0
30,1,1,1,0,321,1,0,0,2,-1,0,0,0
54,6,1,1,0,204,0,0,0,5,-1,0,0,0
37,0,1,1,0,0,1,0,1,6,-1,0,0,0
51,6,0,1,0,1291,1,0,0,2,-1,0,0,0
35,0,1,1,0,640,0,0,0,2,-1,0,0,0
37,1,2,1,0,0,0,0,0,3,-1,0,0,0
61,3,1,0,0,182,0,0,0,1,92,13,0,0
33,3,1,0,0,167,0,0,0,2,-1,0,0,0
37,9,1,2,0,3043,1,0,0,1,300,1,0,0
34,2,1,2,0,-508,1,0,0,1,-1,0,0,0
39,4,1,2,0,0,0,0,0,2,-1,0,0,0
31,1,0,1,0,15187,0,0,0,2,-1,0,0,0
31,9,1,1,0,793,0,0,0,1,-1,0,0,0
32,7,2,1,0,1659,1,0,0,6,-1,0,0,0
80,5,1,1,0,1610,0,0,0,1,-1,0,0,0
23,9,2,2,0,1129,1,0,0,1,-1,0,0,1
49,9,1,1,0,550,1,0,0,2,-1,0,0,0
42,4,0,1,1,923,1,0,0,2,-1,0,0,0
36,9,1,1,0,644,0,0,0,1,-1,0,0,0
31,9,1,2,0,0,1,1,0,2,-1,0,0,0
47,1,1,1,0,578,1,0,0,1,-1,0,0,0
31,9,2,2,0,830,1,0,0,3,-1,0,0,0
32,1,1,0,0,1287,1,0,0,2,-1,0,0,0
45,0,1,1,0,46,1,0,0,1,-1,0,0,0
73,5,1,2,0,448,0,0,0,1,90,1,2,0
48,9,0,1,0,164,1,0,0,2,-1,0,0,0
57,1,1,1,0,5270,1,0,1,1,-1,0,0,0
48,4,1,2,0,1147,0,0,0,1,64,2,2,1
59,9,1,0,0,4198,0,0,0,1,91,10,2,1
29,1,1,1,0,64,1,1,0,2,-1,0,0,0
37,1,1,0,0,461,1,0,0,2,-1,0,0,0
54,3,1,0,0,212,0,0,0,4,-1,0,0,0
44,1,1,0,0,924,1,0,0,3,-1,0,0,0
43,9,0,2,0,0,0,0,0,10,-1,0,0,0
33,4,2,2,0,275,0,0,0,1,-1,0,0,0
31,1,1,1,0,1354,1,1,0,2,-1,0,0,0
34,3,0,1,0,787,1,0,0,1,-1,0,0,0
32,0,1,1,0,86,1,0,0,1,-1,0,0,0
33,9,1,1,0,5833,1,0,0,1,-1,0,0,0
53,0,0,1,0,-120,1,0,0,1,-1,0,0,0
55,0,1,1,0,2430,1,0,0,2,-1,0,0,0
55,7,1,1,0,76,0,0,0,1,-1,0,0,0
45,4,2,2,0,451,0,0,0,1,-1,0,0,0
58,3,1,0,0,4605,0,0,0,1,38,1,0,0
38,9,2,2,0,38,0,0,0,1,-1,0,0,0
43,4,1,2,0,460,0,1,0,1,-1,0,0,0
25,9,2,2,0,0,1,0,0,7,-1,0,0,0
50,1,0,0,0,1629,1,0,0,1,-1,0,0,0
43,7,1,1,0,3608,1,0,0,6,-1,0,0,0
33,9,1,2,0,15,0,0,0,2,-1,0,0,0
48,9,1,1,0,1000,0,0,0,2,-1,0,0,0
29,9,2,1,0,316,1,1,0,1,-1,0,0,0
34,4,2,2,0,184,0,0,0,4,-1,0,0,0
27,4,2,2,0,385,0,1,0,7,-1,0,0,0
48,4,0,2,0,108,1,0,0,2,-1,0,0,0
34,0,1,1,0,124,1,0,1,4,366,2,1,1
45,1,1,1,0,2603,1,1,0,2,-1,0,0,0
33,4,0,1,0,106,0,0,0,3,-1,0,0,0
34,7,2,1,0,4062,1,1,0,1,-1,0,0,0
49,4,1,2,0,1,0,0,1,3,175,1,2,1
52,1,1,0,0,241,1,0,0,2,-1,0,0,0
42,7,1,1,0,1007,0,0,0,1,-1,0,0,0
31,9,2,1,0,90,0,1,0,1,-1,0,0,0
26,9,2,2,0,686,1,0,0,2,-1,0,0,0
38,4,1,2,0,3440,0,0,0,10,-1,0,0,0
48,1,1,0,0,214,1,1,0,1,177,2,0,1
28,4,2,1,0,560,0,0,0,1,-1,0,0,0
56,1,0,0,0,12,0,0,0,2,135,1,0,0
48,9,1,1,0,658,0,0,0,4,-1,0,0,0
50,1,1,0,0,260,1,0,0,1,-1,0,0,0
26,4,2,2,0,33,0,1,0,1,-1,0,0,0
36,0,0,2,0,4708,0,0,0,1,171,1,0,1
32,4,2,2,0,6248,1,0,0,3,371,2,0,0
42,1,1,0,0,0,1,0,1,4,-1,0,0,0
44,6,2,2,0,18558,1,0,0,1,190,4,1,0
31,0,2,1,0,554,1,0,0,3,103,2,0,0
36,1,1,0,0,656,1,0,0,4,-1,0,0,0
34,7,1,1,0,-93,1,1,0,1,-1,0,0,0
50,7,1,0,0,-15,0,1,0,1,-1,0,0,0
43,4,1,2,0,0,0,0,0,3,-1,0,0,0
55,4,1,2,0,5010,0,0,0,1,-1,0,0,0
44,9,1,1,1,-375,1,1,1,4,-1,0,0,0
35,1,0,1,0,1780,1,0,0,3,347,9,0,0
53,4,0,2,0,2679,0,0,0,3,-1,0,0,1
37,0,2,1,0,115,0,0,0,1,92,4,0,0
40,0,1,1,1,-279,1,0,0,2,-1,0,0,0
36,1,1,1,0,513,1,0,0,3,-1,0,0,0
36,2,1,2,0,0,0,0,0,3,-1,0,0,0
53,9,1,1,0,3398,0,1,1,6,113,13,1,0
37,9,1,1,0,1328,1,0,0,3,-1,0,0,0
30,4,1,2,0,350,0,0,0,2,-1,0,0,0
40,7,1,1,0,4075,1,0,0,3,-1,0,0,0
57,5,1,1,0,191,0,0,0,4,-1,0,0,0
57,5,1,1,0,8,0,0,0,2,-1,0,0,0
53,4,1,2,0,652,0,0,0,1,-1,0,0,0
57,2,1,1,0,618,1,0,0,7,-1,0,0,0
27,7,2,1,0,437,1,1,0,2,-1,0,0,0
42,9,1,1,0,525,0,0,0,3,-1,0,0,0
55,1,1,1,0,196,0,0,0,2,-1,0,0,0
45,4,1,2,0,0,0,0,0,2,-1,0,0,0
53,4,1,2,0,696,1,0,0,6,-1,0,0,0
33,2,1,2,0,-886,1,1,0,6,-1,0,0,0
28,1,1,1,0,1113,1,0,0,1,108,2,1,0
38,0,1,1,0,0,1,0,1,5,-1,0,0,0
35,7,1,2,0,0,1,0,0,2,-1,0,0,0
41,5,2,1,0,1734,1,0,0,2,343,4,0,0
47,7,1,1,0,837,1,1,0,1,-1,0,0,0
36,6,1,2,0,19,0,0,0,2,-1,0,0,0
55,0,1,1,0,0,0,0,0,2,-1,0,0,0
25,9,2,2,1,160,0,1,0,1,-1,0,0,0
36,1,1,1,0,1772,0,0,0,1,-1,0,0,1
34,0,1,1,0,645,1,0,0,1,-1,0,0,0
42,7,1,1,0,174,1,0,0,1,-1,0,0,0
59,5,1,0,0,1930,0,0,0,1,-1,0,0,0
40,6,1,1,0,0,1,0,0,1,-1,0,0,1
59,1,1,0,0,3062,1,0,0,2,-1,0,0,0
43,4,0,2,0,388,1,0,0,2,-1,0,0,1
29,10,2,0,0,1374,0,0,0,2,178,7,2,1
30,4,2,2,0,1243,1,0,0,1,-1,0,0,0
55,9,1,2,0,804,0,0,0,5,-1,0,0,0
29,4,2,2,0,265,0,0,0,2,94,1,2,1
47,9,1,1,0,2149,1,0,0,1,183,2,2,0
41,0,2,1,0,26,0,0,0,1,-1,0,0,0
41,9,1,1,0,994,0,0,0,4,-1,0,0,0
29,8,2,1,0,1377,1,0,0,1,446,2,2,1
54,1,0,0,0,2227,1,0,0,3,-1,0,0,0
56,4,0,2,0,177,1,0,0,1,-1,0,0,0
49,4,0,2,0,169,0,0,0,1,-1,0,0,0
46,1,1,1,0,0,1,0,0,3,-1,0,0,0
30,9,2,2,0,236,1,0,0,1,-1,0,0,0
46,1,1,0,0,1533,0,1,0,4,-1,0,0,0
45,7,2,1,0,1515,0,0,0,4,-1,0,0,0
38,4,1,2,0,-1884,1,0,0,2,289,1,0,0
32,9,2,1,0,26,0,1,0,1,-1,0,0,0
67,5,1,2,0,2812,0,0,0,1,-1,0,0,0
53,9,1,1,0,2818,1,0,0,1,126,7,0,0
30,4,2,2,0,623,1,0,0,2,-1,0,0,0
36,1,1,1,0,-389,1,0,0,9,-1,0,0,0
50,3,0,1,0,0,0,0,1,1,105,2,0,0
30,7,1,2,0,6,1,0,0,2,342,2,0,0
47,9,1,1,0,644,0,0,1,3,160,13,0,0
34,6,1,1,0,47,0,0,0,2,169,2,0,0
31,4,2,2,0,1475,1,1,0,1,-1,0,0,0
29,9,2,2,0,2269,1,0,0,1,346,1,0,0
31,1,1,1,0,968,0,0,0,1,-1,0,0,0
31,9,2,1,0,13,0,0,0,1,-1,0,0,0
49,7,1,1,0,653,0,0,0,2,-1,0,0,0
50,1,1,2,0,1784,0,0,0,3,160,1,0,0
25,0,2,1,0,2816,0,0,0,1,-1,0,0,1
35,1,1,1,0,1209,1,0,0,3,-1,0,0,0
36,9,1,1,0,483,1,0,0,1,304,2,0,0
31,0,1,1,0,413,1,0,0,2,-1,0,0,0
38,9,0,1,0,1221,1,1,0,7,-1,0,0,0
54,3,1,0,0,8,0,1,1,2,-1,0,0,0
33,1,2,1,0,498,0,0,0,1,-1,0,0,1
36,4,1,2,0,532,1,0,0,1,-1,0,0,0
55,1,1,0,0,1512,0,0,0,4,-1,0,0,0
53,4,1,2,0,210,0,0,0,2,-1,0,0,0
34,1,2,1,0,550,1,0,0,3,346,1,0,0
55,0,1,0,0,0,1,0,0,4,-1,0,0,0
38,1,1,0,0,354,1,0,1,1,-1,0,0,0
47,7,1,1,0,1315,0,0,0,4,-1,0,0,1
50,9,2,1,0,330,0,0,0,3,-1,0,0,0
29,1,1,1,0,210,0,1,0,1,-1,0,0,0
49,0,2,2,0,228,1,0,0,2,93,2,2,1
33,7,0,1,0,392,1,0,0,4,-1,0,0,0
40,0,1,1,0,732,0,0,0,1,139,4,2,0
64,5,1,0,0,493,0,0,0,1,-1,0,0,0
35,9,1,1,0,319,1,0,0,1,-1,0,0,0
31,0,2,1,0,-449,1,0,0,1,355,2,0,0
39,6,1,0,0,2077,1,0,0,21,-1,0,0,0
39,4,1,1,0,643,1,0,0,1,-1,0,0,0
52,7,1,1,0,3241,1,0,0,1,-1,0,0,0
28,0,1,1,0,-1,1,0,0,1,-1,0,0,0
57,1,1,0,0,8403,0,0,0,11,-1,0,0,0
39,7,1,1,0,-404,1,0,0,1,-1,0,0,0
54,0,1,1,0,1633,0,0,0,2,-1,0,0,1
46,4,1,2,0,1720,0,0,0,2,-1,0,0,0
27,9,1,2,0,276,0,0,0,2,-1,0,0,0
54,3,1,0,0,284,0,0,1,4,-1,0,0,0
35,0,2,2,0,170,0,0,0,1,-1,0,0,0
31,9,1,2,0,1197,1,0,0,3,-1,0,0,0
47,1,1,0,0,961,0,0,0,11,-1,0,0,0
60,1,1,1,0,19447,1,0,1,1,-1,0,0,0
57,5,1,1,0,4365,0,0,0,1,-1,0,0,0
38,2,0,2,0,504,1,0,0,3,-1,0,0,0
33,1,1,1,0,7,1,0,1,5,-1,0,0,0
35,9,1,2,0,629,1,1,0,1,-1,0,0,0
47,7,1,1,0,382,1,0,0,4,-1,0,0,0
35,4,1,2,0,991,1,0,0,3,-1,0,0,1
54,9,1,1,0,324,1,0,1,1,-1,0,0,0
47,1,1,1,0,30,0,1,0,2,-1,0,0,0
37,9,2,1,0,274,0,0,0,3,-1,0,0,0
28,0,1,1,0,642,1,0,0,2,-1,0,0,0
51,1,1,1,0,2007,1,0,0,3,-1,0,0,1
26,6,2,2,0,1393,0,0,0,1,-1,0,0,0
49,1,1,1,0,457,1,1,0,2,-1,0,0,0
36,7,1,1,0,335,1,0,0,2,-1,0,0,0
31,1,2,1,0,5607,0,0,0,2,184,1,0,0
46,0,1,1,0,660,0,0,0,2,-1,0,0,1
28,1,2,1,0,-197,1,0,0,2,-1,0,0,1
24,8,2,1,0,382,0,0,0,2,-1,0,0,1
45,9,1,1,0,2571,0,0,0,2,-1,0,0,0
34,0,1,1,0,50,1,0,0,1,258,2,0,0
31,9,2,1,0,354,0,1,0,2,-1,0,0,0
33,4,1,2,0,17946,1,0,0,5,259,1,0,0
44,1,1,0,0,503,1,0,0,2,-1,0,0,0
43,4,1,2,0,0,0,0,0,1,-1,0,0,0
27,9,2,2,0,261,1,1,0,2,-1,0,0,0
40,4,2,2,0,242,1,0,0,2,-1,0,0,0
48,1,1,0,0,474,1,1,0,1,-1,0,0,0
36,7,1,0,0,0,1,0,0,1,-1,0,0,1
35,7,1,1,0,0,1,0,0,5,-1,0,0,0
40,4,1,1,0,9047,1,0,0,1,95,2,1,0
39,6,1,1,0,1304,1,1,0,3,-1,0,0,0
52,9,1,1,0,786,0,0,0,1,-1,0,0,0
41,4,1,2,0,2226,0,0,0,1,-1,0,0,0
49,0,0,1,0,1697,0,1,0,4,-1,0,0,0
50,1,1,1,0,253,1,1,0,2,-1,0,0,0
34,9,2,1,0,105,1,0,0,2,171,3,0,0
49,9,1,1,0,177,1,1,0,1,-1,0,0,0
49,7,1,1,0,314,0,0,0,2,-1,0,0,0
26,4,2,2,0,205,0,0,0,1,-1,0,0,0
31,4,2,2,0,2227,0,0,0,2,-1,0,0,0
19,8,2,0,0,56,0,0,0,1,-1,0,0,0
47,1,1,0,0,699,0,0,0,1,-1,0,0,0
25,4,2,2,0,0,0,1,0,1,-1,0,0,0
55,4,1,2,0,10065,0,0,0,5,177,3,0,0
55,9,1,2,0,199,0,0,0,1,-1,0,0,0
49,5,1,1,0,993,1,1,0,1,301,2,1,0
31,4,2,2,0,4319,1,0,0,4,161,1,0,0
52,0,1,1,0,70,1,0,0,2,-1,0,0,0
33,4,1,2,0,2044,1,0,0,3,177,1,0,0
40,0,1,2,0,1108,0,0,0,2,76,3,0,0
38,0,1,2,0,342,1,0,0,1,-1,0,0,0
36,9,2,1,0,539,1,0,0,2,477,1,0,1
32,7,1,1,0,-31,0,1,1,6,-1,0,0,0
33,4,2,1,0,1534,1,0,0,2,-1,0,0,1
38,4,0,2,0,112,1,0,0,4,-1,0,0,0
40,2,0,2,0,0,0,1,0,6,-1,0,0,0
50,9,1,1,0,1838,1,1,0,8,-1,0,0,0
39,4,0,2,0,224,1,0,0,1,-1,0,0,0
42,2,1,1,0,324,1,0,0,3,-1,0,0,0
29,4,2,2,0,1673,0,0,0,2,159,3,1,0
30,4,1,2,0,4022,0,0,0,2,-1,0,0,0
31,4,2,2,0,933,1,0,0,1,-1,0,0,0
35,10,2,2,0,154,0,0,0,2,-1,0,0,0
33,9,2,2,0,0,0,0,0,2,-1,0,0,0
43,4,1,2,0,177,1,0,0,1,-1,0,0,0
40,1,1,1,0,271,1,0,0,2,-1,0,0,0
27,7,2,0,0,140,1,1,0,1,-1,0,0,0
37,10,1,0,0,3051,1,0,0,4,-1,0,0,0
38,1,1,0,0,558,1,0,0,3,-1,0,0,0
32,0,2,1,0,-32,0,0,0,1,185,5,1,0
32,9,1,1,0,1214,1,0,0,1,-1,0,0,0
31,4,1,2,0,459,0,0,0,14,-1,0,0,0
42,4,1,2,0,1323,1,1,0,5,-1,0,0,0
54,1,1,0,0,1111,0,0,1,9,-1,0,0,0
54,0,1,1,0,956,1,1,1,2,362,1,1,0
61,9,1,0,0,2282,0,0,0,1,-1,0,0,0
59,9,0,2,0,0,0,0,0,4,-1,0,0,0
33,9,1,1,0,0,1,0,0,1,-1,0,0,0
52,1,1,1,0,-519,1,0,0,8,-1,0,0,1
44,2,1,2,0,1631,1,0,0,1,195,2,0,0
28,9,2,1,0,-125,1,0,0,3,-1,0,0,0
47,1,1,1,0,1660,0,0,0,2,-1,0,0,0
35,9,2,1,0,300,1,0,0,4,-1,0,0,0
44,0,1,1,0,40,0,1,0,2,-1,0,0,0
37,1,1,1,0,1403,0,0,0,1,-1,0,0,0
51,4,1,1,0,2642,0,0,0,6,-1,0,0,0
40,1,2,0,0,446,1,0,0,4,331,1,0,0
26,10,2,0,0,1213,0,0,0,1,-1,0,0,0
39,9,0,2,0,113,1,1,0,2,-1,0,0,0
49,4,1,2,0,436,0,0,0,1,-1,0,0,0
45,1,1,1,0,221,0,1,0,4,-1,0,0,0
41,1,1,1,0,-664,1,1,0,4,-1,0,0,0
34,7,2,1,0,267,0,0,0,2,-1,0,0,1
65,5,1,2,0,162,0,0,0,3,185,2,0,0
22,1,2,1,0,-51,1,0,0,1,-1,0,0,1
60,5,1,0,0,894,1,0,0,7,-1,0,0,0
46,0,2,2,0,2889,1,0,0,1,-1,0,0,1
23,8,2,1,0,556,1,0,0,2,-1,0,0,0
30,0,1,2,0,0,1,0,0,2,-1,0,0,0
44,4,1,2,0,0,0,0,0,2,-1,0,0,0
54,1,0,1,0,1613,1,0,0,3,-1,0,0,0
47,4,1,2,0,5999,1,0,0,2,-1,0,0,0
33,0,2,1,0,304,0,1,0,2,212,2,1,0
32,9,2,1,0,271,1,1,0,2,-1,0,0,0
41,6,1,2,0,0,1,0,1,3,426,1,1,1
55,9,1,1,0,77,1,0,0,2,-1,0,0,0
34,4,1,2,0,158,0,0,0,2,132,4,0,1
36,4,1,2,0,495,0,0,0,3,182,6,2,1
30,4,2,2,0,0,0,0,0,3,-1,0,0,0
58,4,0,2,0,50,1,0,0,4,-1,0,0,0
49,9,1,1,0,2344,1,0,0,2,-1,0,0,0
33,4,1,2,0,0,1,0,0,1,-1,0,0,1
51,4,1,1,0,3180,1,0,0,1,-1,0,0,0
30,4,2,2,0,640,0,0,0,4,213,2,0,0
56,4,0,2,0,2037,0,0,0,1,91,5,2,0
54,9,1,1,0,1378,1,0,0,1,-1,0,0,0
46,0,1,1,0,-363,1,1,0,1,-1,0,0,0
33,2,2,2,0,99,0,1,0,3,-1,0,0,0
41,7,1,1,0,96,1,0,0,2,-1,0,0,0
44,1,1,0,0,0,1,0,1,2,350,1,0,0
27,0,1,1,0,-97,1,0,0,2,-1,0,0,1
40,9,1,1,0,257,1,0,0,4,-1,0,0,0
36,0,0,0,0,1127,1,0,0,3,-1,0,0,0
25,8,1,2,0,0,1,0,0,1,-1,0,0,0
38,9,1,1,0,20,0,0,0,1,-1,0,0,0
56,0,0,0,0,179,1,0,0,2,-1,0,0,0
32,0,2,1,0,555,1,0,0,1,-1,0,0,1
35,1,1,0,0,0,0,0,0,4,-1,0,0,0
32,7,2,1,0,1274,1,0,0,2,-1,0,0,0
30,9,2,1,0,9645,0,1,0,10,-1,0,0,0
31,7,2,1,0,125,0,0,0,1,91,1,0,0
32,4,2,2,0,4582,1,0,0,3,-1,0,0,0
32,6,0,2,0,745,1,1,0,20,-1,0,0,0
56,5,0,0,0,-154,1,0,0,1,-1,0,0,0
32,0,2,1,0,289,0,0,0,12,-1,0,0,0
69,5,1,1,0,426,0,0,1,1,90,1,2,1
37,1,2,1,0,2390,1,0,0,2,335,12,0,0
52,9,1,1,0,989,0,0,0,1,-1,0,0,0
58,5,1,0,0,90,1,0,0,1,-1,0,0,0
34,1,2,1,0,0,1,0,0,1,-1,0,0,0
45,1,2,0,0,695,1,0,0,1,-1,0,0,0
45,0,1,2,0,2552,0,0,0,1,293,7,0,1
32,9,0,1,0,18,0,0,0,1,-1,0,0,0
51,6,1,2,0,833,0,0,0,3,-1,0,0,0
46,4,2,2,0,6651,0,0,0,1,60,1,0,0
31,0,1,1,0,223,0,0,0,1,-1,0,0,0
33,7,0,1,0,991,1,0,0,1,-1,0,0,0
36,10,1,2,0,7222,1,0,0,4,154,1,0,0
42,9,1,0,0,275,0,0,0,2,109,9,0,0
31,9,2,1,0,19,0,0,1,2,-1,0,0,0
31,1,1,1,0,519,1,0,0,2,-1,0,0,0
31,1,1,0,0,1654,1,0,0,1,-1,0,0,0
36,8,2,1,0,904,0,0,0,8,-1,0,0,0
37,4,1,2,0,0,1,0,0,3,-1,0,0,0
60,5,1,0,0,838,0,0,0,1,-1,0,0,0
35,6,1,1,0,188,1,1,0,2,-1,0,0,1
46,7,0,0,0,91,1,0,0,1,-1,0,0,0
53,2,1,0,0,1034,1,0,0,2,170,3,1,0
51,0,1,1,0,884,0,0,0,1,-1,0,0,0
32,9,1,1,0,782,1,0,0,4,-1,0,0,0
42,7,1,1,0,717,1,0,0,6,-1,0,0,0
31,1,2,1,0,3201,1,0,0,5,-1,0,0,0
57,4,1,0,0,1566,0,0,0,4,-1,0,0,0
34,7,2,1,0,0,1,0,0,1,332,3,0,0
41,1,1,1,0,2157,1,0,0,2,-1,0,0,0
34,0,2,2,0,458,1,0,0,1,-1,0,0,0
35,0,2,1,0,663,1,0,0,3,-1,0,0,0
33,9,2,2,0,0,1,0,0,1,-1,0,0,1
52,9,1,1,0,172,1,1,0,2,-1,0,0,0
41,2,1,2,0,0,1,0,0,3,-1,0,0,0
42,9,1,2,0,725,1,1,1,3,252,3,0,0
57,9,0,2,0,437,0,0,0,5,-1,0,0,0
35,1,0,1,0,286,1,0,0,1,365,4,1,0
27,0,2,1,0,-215,1,0,0,3,-1,0,0,0
39,4,1,2,0,93,1,0,0,1,95,5,0,0
37,0,1,1,0,1396,1,0,0,2,-1,0,0,0
26,0,2,2,0,1100,1,0,0,1,-1,0,0,0
34,1,2,1,0,869,0,0,0,1,-1,0,0,0
45,4,0,2,0,839,1,0,0,4,-1,0,0,0
37,0,1,1,0,352,1,0,0,2,-1,0,0,0
42,4,1,1,0,1079,0,0,0,6,-1,0,0,0
43,7,2,1,0,848,0,0,0,2,-1,0,0,0
36,10,2,1,0,490,1,1,0,3,-1,0,0,0
43,1,1,1,0,620,1,0,0,4,-1,0,0,0
55,0,1,1,0,8304,0,0,0,1,-1,0,0,1
59,0,1,1,0,-396,1,0,0,1,-1,0,0,0
44,4,1,0,0,2276,1,0,0,1,-1,0,0,0
31,4,1,2,0,804,0,0,0,1,-1,0,0,0
56,9,0,1,0,672,0,0,0,9,-1,0,0,0
46,9,1,1,0,317,1,1,0,7,250,1,0,0
35,9,2,1,0,14,0,0,0,2,-1,0,0,0
45,0,0,1,0,2353,1,0,0,1,107,2,1,1
28,7,1,1,0,376,0,1,1,4,-1,0,0,0
29,1,1,0,0,111,1,0,0,11,-1,0,0,0
40,7,1,1,0,1325,0,0,0,2,-1,0,0,0
38,1,1,1,0,35,1,0,0,2,-1,0,0,0
34,4,1,2,0,180,0,0,0,3,-1,0,0,0
28,9,2,2,0,-214,1,0,0,3,-1,0,0,0
30,9,1,2,0,0,0,0,0,1,-1,0,0,0
54,9,1,1,0,0,1,0,1,6,-1,0,0,0
61,1,1,1,0,272,0,0,0,1,269,1,0,0
56,5,1,0,0,13,1,0,0,2,-1,0,0,0
45,1,1,1,0,-72,1,0,0,1,-1,0,0,0
20,8,2,1,0,502,0,0,0,1,-1,0,0,1
31,9,2,2,0,7005,0,0,0,4,-1,0,0,0
45,1,1,1,0,2926,1,1,0,3,120,2,0,0
38,1,1,0,0,14,1,1,0,2,-1,0,0,0
52,5,0,1,0,246,1,0,0,1,-1,0,0,0
47,0,2,1,0,303,1,1,0,4,-1,0,0,0
78,5,0,1,0,3219,0,0,0,1,-1,0,0,1
32,9,1,1,0,1247,1,0,0,3,-1,0,0,0
51,2,0,2,0,2109,0,0,0,2,-1,0,0,1
59,3,1,0,0,418,0,0,0,4,-1,0,0,0
37,4,1,2,0,1060,0,0,0,3,-1,0,0,0
40,4,1,1,0,-240,0,1,0,3,-1,0,0,0
54,9,1,2,0,876,0,0,0,3,541,3,2,1
56,4,0,2,0,-676,1,1,0,1,-1,0,0,0
58,9,1,1,0,1,0,0,0,2,-1,0,0,0
30,7,0,0,0,459,1,0,0,1,-1,0,0,1
53,5,1,2,0,2269,0,0,0,2,150,1,2,1
25,8,2,2,0,5,0,0,0,1,-1,0,0,0
37,0,2,1,0,127,0,0,0,4,-1,0,0,0
34,4,2,2,0,2279,0,0,0,1,-1,0,0,0
38,0,1,2,0,293,0,0,0,1,-1,0,0,0
41,4,1,1,0,3096,1,0,0,6,-1,0,0,0
34,0,1,1,0,471,1,0,0,3,340,2,0,0
39,7,1,1,0,3294,0,1,0,1,-1,0,0,0
52,9,1,2,0,3440,1,0,0,1,131,1,0,0
37,0,0,2,0,43,1,0,0,2,264,2,0,0
55,4,0,2,0,-612,0,0,0,2,-1,0,0,0
28,9,2,2,0,1628,1,0,0,2,-1,0,0,1
50,4,1,2,0,2050,0,0,0,3,-1,0,0,0
36,4,2,2,0,2944,0,0,0,8,-1,0,0,1
41,3,1,1,0,0,1,0,1,2,-1,0,0,0
29,0,2,1,0,993,0,0,0,1,-1,0,0,0
35,4,1,2,0,46,1,0,0,2,-1,0,0,0
30,4,2,1,0,0,0,0,0,5,-1,0,0,0
48,1,1,0,0,323,0,0,0,10,-1,0,0,0
38,1,0,1,0,-90,0,1,0,1,-1,0,0,0
55,4,1,2,0,0,0,0,0,2,-1,0,0,0
38,4,1,2,0,66,1,0,0,1,-1,0,0,0
56,5,1,1,0,1044,0,0,1,2,-1,0,0,1
34,7,1,1,0,603,1,1,0,3,-1,0,0,0
39,4,1,2,0,-1026,1,0,0,2,-1,0,0,0
60,5,0,0,0,-79,1,1,0,1,-1,0,0,0
29,10,2,0,0,115,0,0,0,2,-1,0,0,0
25,9,2,1,0,938,0,0,0,1,-1,0,0,1
35,6,1,1,0,5613,1,0,0,3,-1,0,0,1
51,4,1,2,0,91,1,0,0,2,-1,0,0,0
55,1,1,1,0,5443,0,1,0,2,-1,0,0,0
35,6,1,1,0,573,1,1,0,8,-1,0,0,0
55,4,1,2,0,149,0,1,1,6,-1,0,0,0
57,10,0,0,0,282,0,0,0,1,88,4,1,0
54,1,1,1,0,532,1,0,0,1,-1,0,0,0
51,3,1,0,0,618,1,1,0,1,85,1,0,0
59,4,1,2,1,782,0,1,0,2,-1,0,0,0
35,9,2,2,0,354,1,0,0,1,-1,0,0,0
37,9,1,1,0,449,1,0,0,4,-1,0,0,0
33,0,2,1,0,1277,1,0,0,1,-1,0,0,1
53,1,1,0,0,901,0,1,1,2,-1,0,0,0
41,3,1,1,0,81,1,0,0,1,-1,0,0,0
34,1,1,1,0,3778,1,0,1,3,-1,0,0,0
27,7,1,1,0,15,1,0,0,1,-1,0,0,0
37,4,1,2,0,596,1,0,0,1,345,2,0,0
29,0,1,1,0,0,1,1,0,2,229,3,1,0
61,5,1,2,0,2557,1,0,0,2,92,5,2,1
55,1,0,1,0,1613,1,0,0,1,270,3,0,1
35,1,1,1,0,2200,1,0,0,1,-1,0,0,0
27,0,2,1,0,428,0,1,1,2,-1,0,0,0
18,8,2,1,0,348,0,0,0,4,-1,0,0,1
45,1,1,0,0,15515,0,0,0,2,-1,0,0,0
35,1,2,1,1,-947,1,0,0,4,362,3,0,0
36,4,2,2,0,1876,0,0,0,1,-1,0,0,0
58,5,1,2,0,1326,0,0,0,1,-1,0,0,0
53,4,1,1,0,66,0,1,1,1,-1,0,0,0
45,4,0,1,0,0,1,0,0,3,-1,0,0,0
46,1,1,0,0,147,1,0,0,2,169,3,0,0
43,4,1,2,0,2759,1,1,0,2,-1,0,0,0
35,0,1,1,0,1254,1,1,0,2,-1,0,0,0
31,1,2,2,0,462,1,1,0,1,-1,0,0,0
32,4,2,2,0,537,0,0,0,3,-1,0,0,0
45,9,1,2,0,1780,0,0,0,1,-1,0,0,0
54,3,1,1,0,922,0,0,1,2,-1,0,0,0
27,4,2,1,0,-403,1,0,0,3,-1,0,0,0
43,7,1,1,0,0,1,0,0,3,-1,0,0,0
37,7,1,1,0,393,1,1,0,1,357,1,0,0
46,4,0,1,0,145,1,0,0,5,-1,0,0,0
31,3,1,1,0,1,1,0,0,16,-1,0,0,0
41,0,1,1,0,875,0,1,0,6,-1,0,0,0
47,4,0,2,0,-478,1,0,0,6,-1,0,0,0
30,1,1,0,0,392,1,0,0,1,-1,0,0,0
26,9,2,1,0,152,0,1,0,1,-1,0,0,0
43,4,1,2,0,2767,1,0,0,1,186,7,0,0
44,0,2,1,0,-30,1,0,0,5,-1,0,0,0
38,0,1,2,0,605,0,0,0,2,-1,0,0,0
31,7,2,2,0,10122,1,0,0,1,-1,0,0,0
34,1,1,1,0,157,1,0,0,2,-1,0,0,0
43,1,1,1,0,470,1,1,0,1,-1,0,0,0
47,2,0,1,0,392,1,1,0,3,148,1,0,0
46,9,1,2,0,-582,1,0,0,4,354,9,1,0
32,4,2,2,0,2016,0,0,0,1,348,1,2,1
52,1,1,1,0,33,0,1,0,1,331,3,2,0
56,2,0,2,0,22946,0,0,0,3,-1,0,0,0
41,1,1,1,0,402,1,0,0,1,204,2,0,0
39,10,0,1,0,193,1,0,0,1,-1,0,0,0
36,7,1,1,0,1024,1,0,0,2,-1,0,0,0
39,1,1,1,0,1403,1,1,0,2,-1,0,0,0
30,6,1,1,0,0,0,0,0,3,-1,0,0,0
59,5,1,2,0,1637,0,1,0,7,-1,0,0,0
24,4,2,2,0,1085,0,1,0,6,-1,0,0,0
40,0,2,1,0,355,1,0,0,2,138,6,1,0
51,4,1,2,0,285,0,0,0,2,-1,0,0,0
44,4,1,2,0,149,1,0,0,1,220,2,2,0
46,7,1,0,0,437,1,0,0,3,-1,0,0,1
58,4,1,2,0,2729,0,0,0,1,-1,0,0,0
47,4,1,2,0,4693,0,1,0,1,97,3,2,1
38,10,1,1,0,926,0,0,0,5,-1,0,0,0
30,9,2,2,0,975,1,0,0,1,-1,0,0,0
53,9,1,1,0,112,0,0,1,4,-1,0,0,0
35,0,1,1,0,1,1,0,0,1,-1,0,0,0
65,4,0,2,0,90,1,0,0,1,-1,0,0,1
37,1,1,1,0,0,1,0,0,1,-1,0,0,0
29,7,1,1,0,31,1,0,0,5,-1,0,0,0
31,0,1,1,0,728,1,1,0,1,352,4,0,0
43,1,1,0,1,-635,1,0,0,9,-1,0,0,0
33,4,1,2,0,594,1,1,0,5,-1,0,0,0
45,4,1,2,0,2805,0,0,0,2,-1,0,0,0
40,1,1,1,0,5,1,0,0,2,-1,0,0,0
59,0,1,1,0,2552,0,1,0,3,-1,0,0,0
34,1,1,0,0,-20,1,0,0,2,-1,0,0,0
40,9,1,1,0,158,1,0,0,1,-1,0,0,0
27,1,1,0,0,500,1,0,0,6,365,6,0,0
40,1,1,1,0,-648,1,0,0,2,-1,0,0,0
27,7,2,1,0,0,0,0,0,1,-1,0,0,0
60,6,1,0,0,1226,1,0,0,3,-1,0,0,0
46,2,1,0,0,8873,1,0,0,1,118,2,0,0
27,10,2,2,0,3060,0,0,0,1,-1,0,0,0
44,10,1,1,0,0,1,0,0,1,195,2,0,0
29,7,2,1,0,262,1,0,0,1,-1,0,0,0
36,0,1,1,0,131,1,0,0,1,-1,0,0,0
45,1,1,1,0,534,0,0,0,6,-1,0,0,0
35,9,1,1,0,0,0,0,0,4,-1,0,0,0
54,7,1,1,0,171,0,1,0,8,-1,0,0,0
54,0,0,1,0,200,0,0,0,1,-1,0,0,1
41,4,1,2,0,1495,1,0,0,2,-1,0,0,0
56,4,2,2,0,545,1,0,0,1,-1,0,0,0
53,2,1,0,0,694,1,0,0,1,-1,0,0,0
31,4,1,2,0,216,0,0,0,1,-1,0,0,0
37,9,2,1,0,363,1,0,0,3,-1,0,0,0
53,4,1,0,0,2096,0,0,0,1,-1,0,0,0
30,1,1,1,0,1445,1,0,0,1,-1,0,0,0
41,1,1,0,0,8,1,0,0,2,-1,0,0,0
59,4,2,1,0,3237,0,0,0,3,-1,0,0,0
56,9,1,1,0,1093,0,0,0,4,-1,0,0,0
45,0,1,1,0,5244,1,0,0,16,-1,0,0,0
32,7,0,1,0,453,1,0,0,2,-1,0,0,0
43,4,1,2,0,0,1,0,0,2,-1,0,0,0
39,9,1,1,0,394,0,0,0,2,-1,0,0,0
31,10,1,0,0,309,1,0,0,3,-1,0,0,0
50,10,1,0,0,705,0,0,0,1,-1,0,0,1
73,5,1,1,0,2850,0,0,0,2,28,5,0,0
64,4,1,2,0,4688,0,0,0,1,-1,0,0,1
34,0,1,1,0,61,0,1,0,1,-1,0,0,0
34,1,1,1,0,553,1,0,0,2,-1,0,0,0
37,4,1,2,0,4293,1,0,0,2,-1,0,0,0
37,7,1,1,0,1498,1,0,0,1,-1,0,0,0
53,3,1,1,0,1103,0,0,0,6,-1,0,0,0
56,10,1,1,0,1340,0,1,1,6,-1,0,0,0
57,0,1,1,0,2038,0,0,0,1,182,2,0,1
52,9,1,1,0,0,0,0,0,1,-1,0,0,0
39,4,0,2,0,-999,1,0,0,1,-1,0,0,0
19,8,2,1,0,27,0,0,1,12,-1,0,0,0
26,1,2,0,0,102,1,0,0,1,-1,0,0,0
32,10,1,1,0,-160,1,0,0,1,-1,0,0,0
34,0,1,1,0,-44,1,1,0,2,-1,0,0,0
62,5,1,0,0,1742,0,0,0,2,98,6,1,1
43,9,1,2,0,591,1,0,0,2,-1,0,0,0
34,4,2,2,0,76,1,0,0,2,371,3,0,1
37,4,1,1,0,261,0,0,0,3,-1,0,0,0
40,2,0,1,0,2998,1,0,0,3,-1,0,0,1
33,1,2,1,0,498,0,0,0,2,104,1,2,1
32,1,2,1,0,53,1,0,0,1,169,2,0,0
25,1,1,0,1,-589,1,0,0,1,-1,0,0,0
49,0,1,1,0,272,1,1,0,1,-1,0,0,0
38,9,1,1,0,196,0,0,0,2,-1,0,0,0
37,4,1,1,0,121,0,1,0,2,151,2,0,0
56,9,0,1,0,0,0,0,0,8,-1,0,0,0
31,9,2,1,0,4,0,0,0,2,-1,0,0,0
51,5,0,0,0,43,0,0,0,2,-1,0,0,0
30,9,2,2,0,0,0,0,0,6,-1,0,0,0
47,1,1,1,0,665,0,0,0,3,-1,0,0,0
30,1,1,1,0,1780,1,0,0,12,-1,0,0,0
53,6,0,2,1,10,0,0,0,3,-1,0,0,0
33,7,2,1,0,1646,1,0,1,2,-1,0,0,0
37,4,1,2,0,900,1,0,0,1,18,3,0,0
55,9,1,2,0,874,1,0,0,11,-1,0,0,0
56,4,0,2,0,1654,1,0,0,2,-1,0,0,0
56,0,0,1,1,-435,1,1,0,2,-1,0,0,0
33,7,1,1,0,90,1,0,0,2,263,2,0,0
28,9,2,1,0,205,1,0,0,3,-1,0,0,0
44,0,2,1,0,2524,0,0,0,1,-1,0,0,0
40,1,1,1,0,193,1,1,0,1,-1,0,0,0
54,7,0,1,0,43,0,1,0,1,-1,0,0,0
37,9,1,1,0,54,1,1,0,2,-1,0,0,0
64,5,1,1,0,588,0,0,0,1,179,3,2,1
27,7,2,1,0,1043,1,0,0,2,-1,0,0,0
39,1,1,1,0,23,1,0,0,5,-1,0,0,0
51,3,1,1,0,174,0,0,1,3,-1,0,0,0
45,1,1,1,0,247,1,0,0,1,-1,0,0,0
26,7,2,1,0,1095,0,0,0,2,-1,0,0,0
32,4,2,1,0,453,1,0,0,1,269,2,0,0
42,0,2,1,0,-247,1,1,1,1,166,1,1,1
35,1,1,0,0,443,1,0,0,2,316,3,1,0
48,1,1,0,0,2519,0,0,1,5,-1,0,0,0
61,4,1,2,0,5157,0,0,0,1,-1,0,0,0
43,9,2,1,0,293,1,0,0,1,-1,0,0,0
27,4,1,2,0,4909,0,1,0,3,-1,0,0,0
47,9,1,2,0,0,1,1,0,2,-1,0,0,0
56,1,1,1,0,2190,0,1,0,1,-1,0,0,0
43,1,2,0,0,13620,1,0,0,1,-1,0,0,0
26,4,2,2,0,962,1,0,0,1,-1,0,0,0
57,5,1,2,0,1458,0,0,1,5,-1,0,0,0
31,2,1,1,0,7518,1,0,0,3,-1,0,0,0
42,9,0,1,0,2189,0,0,0,5,149,2,1,0
54,1,1,1,0,5521,1,0,0,2,-1,0,0,0
44,4,1,2,0,2400,1,0,0,1,-1,0,0,0
36,0,2,1,0,115,0,0,0,1,-1,0,0,0
54,4,1,2,0,8295,0,0,0,2,119,1,2,1
30,4,1,2,0,0,1,0,0,4,-1,0,0,0
40,9,1,1,1,4,0,0,0,3,-1,0,0,0
59,5,1,1,0,3,0,0,0,2,-1,0,0,0
32,1,2,1,0,116,0,0,0,1,-1,0,0,0
59,3,1,1,0,0,0,0,1,2,63,1,0,0
32,4,2,2,0,2,1,0,0,2,-1,0,0,1
36,0,2,2,0,2622,0,0,0,1,127,5,0,0
34,0,0,1,0,-75,0,0,0,1,-1,0,0,0
49,1,1,0,0,154,1,0,0,15,-1,0,0,0
43,4,1,2,0,241,0,0,0,10,-1,0,0,0
40,1,1,1,0,87,1,0,0,3,-1,0,0,1
36,4,2,0,0,51,0,0,1,3,-1,0,0,0
29,1,1,0,0,-382,1,0,0,2,-1,0,0,0
36,9,1,0,0,4585,1,0,0,3,-1,0,0,0
54,9,1,1,0,42,0,1,0,2,-1,0,0,0
47,1,1,1,0,303,0,0,0,1,-1,0,0,0
36,1,1,1,0,959,1,0,0,4,-1,0,0,0
41,3,1,1,0,1638,1,0,0,1,-1,0,0,0
38,1,1,1,0,2299,1,0,0,1,-1,0,0,0
58,9,1,0,0,139,0,0,0,1,-1,0,0,0
59,4,0,2,0,0,0,0,0,2,-1,0,0,0
52,1,1,0,0,-63,1,0,0,4,-1,0,0,0
35,5,1,0,0,329,0,1,0,3,-1,0,0,0
32,9,2,2,0,69,0,0,0,1,357,3,1,0
77,5,1,1,0,4112,0,0,1,1,184,3,2,1
60,5,1,1,0,404,0,0,0,2,196,2,0,1
25,8,2,1,0,1028,0,0,0,2,-1,0,0,0
39,1,0,1,0,0,1,0,0,7,-1,0,0,0
55,4,0,2,0,271,1,0,0,4,-1,0,0,0
54,10,1,1,0,582,1,0,0,5,372,2,0,1
58,1,1,1,0,72,0,0,0,5,-1,0,0,0
24,9,2,1,0,681,1,0,0,2,-1,0,0,0
26,4,2,2,0,194,0,0,0,2,-1,0,0,1
47,3,1,0,0,32,0,0,0,2,-1,0,0,0
52,4,1,1,0,3258,0,0,0,3,-1,0,0,0
37,0,0,2,0,195,1,0,0,1,-1,0,0,0
28,1,1,1,0,0,1,1,0,1,-1,0,0,0
35,1,1,1,0,527,1,1,0,1,-1,0,0,0
31,0,2,2,0,516,0,0,0,1,-1,0,0,0
37,3,0,0,0,0,1,1,0,7,-1,0,0,0
30,4,1,2,0,802,1,0,0,1,-1,0,0,0
53,7,1,1,0,257,1,0,0,2,-1,0,0,0
49,1,1,1,0,2015,1,0,0,2,-1,0,0,0
45,1,1,0,0,360,0,0,0,2,-1,0,0,0
31,2,1,2,0,312,0,0,0,2,-1,0,0,0
39,0,1,0,0,444,1,0,0,2,-1,0,0,0
33,9,1,1,0,884,1,0,0,1,-1,0,0,0
42,0,2,1,0,4253,1,0,0,1,-1,0,0,0
55,4,1,2,0,913,0,0,0,5,-1,0,0,0
38,1,2,0,0,116,0,1,0,1,-1,0,0,0
58,10,1,2,0,1798,1,0,0,8,-1,0,0,0
35,4,1,2,0,3168,0,0,0,30,-1,0,0,0
50,9,1,1,0,-568,1,1,0,2,-1,0,0,0
33,3,1,1,0,230,0,1,0,2,-1,0,0,0
31,4,2,2,0,9629,0,0,0,2,-1,0,0,0
32,4,2,2,0,111,1,0,0,2,-1,0,0,0
43,1,0,0,0,328,0,1,0,1,-1,0,0,0
45,7,1,1,0,9,1,0,1,2,-1,0,0,0
55,9,1,1,0,-14,1,0,0,4,-1,0,0,0
36,9,2,2,0,40,0,0,0,3,-1,0,0,0
25,4,2,2,0,1129,0,0,0,2,-1,0,0,0
55,9,1,1,0,276,1,0,0,1,-1,0,0,0
45,0,1,1,0,14,0,1,0,9,353,5,0,0
35,0,1,1,0,-130,1,0,0,1,-1,0,0,0
43,9,1,1,0,674,1,1,0,1,-1,0,0,0
46,3,1,0,0,238,0,1,0,2,-1,0,0,0
42,1,1,0,0,608,1,0,0,2,-1,0,0,0
82,4,0,1,0,0,0,0,1,5,-1,0,0,0
51,3,1,0,0,339,0,0,0,1,-1,0,0,0
42,7,1,1,0,146,1,1,0,4,346,1,0,1
52,0,0,1,0,0,1,0,0,1,-1,0,0,0
57,4,1,2,0,132,1,0,0,3,-1,0,0,0
29,0,2,1,0,132,0,0,0,3,-1,0,0,0
60,5,1,2,0,1336,0,0,0,1,-1,0,0,0
35,0,1,1,0,3863,1,0,0,1,-1,0,0,0
35,1,1,1,0,137,0,1,0,1,808,12,0,0
51,2,2,2,0,0,0,0,0,1,-1,0,0,0
28,0,2,1,0,-7,0,1,0,2,-1,0,0,1
31,9,2,1,0,1186,1,0,0,1,-1,0,0,0
47,9,1,2,0,0,0,0,0,1,-1,0,0,0
36,7,0,1,0,-290,1,1,0,1,-1,0,0,0
51,7,0,1,0,9,0,0,0,2,-1,0,0,1
60,4,1,0,0,-70,1,0,0,2,-1,0,0,0
32,0,0,1,0,-417,0,0,0,5,-1,0,0,0
35,4,0,2,0,434,1,0,0,2,-1,0,0,1
53,7,0,1,0,0,0,0,0,2,-1,0,0,1
69,5,1,1,0,2473,0,0,0,3,-1,0,0,1
36,1,2,1,0,3254,1,0,0,3,-1,0,0,0
49,1,1,0,0,361,1,0,0,2,-1,0,0,1
61,0,1,1,0,4629,1,0,0,3,183,2,2,1
32,4,1,2,0,2218,1,0,0,2,-1,0,0,0
33,4,1,2,0,2441,1,1,0,1,-1,0,0,0
52,9,1,1,0,3151,0,0,0,2,-1,0,0,0
56,1,1,1,0,316,1,0,0,1,-1,0,0,0
44,1,1,1,0,-99,1,0,0,2,-1,0,0,0
47,0,1,1,0,769,1,0,0,2,-1,0,0,0
31,7,1,1,0,2423,1,1,0,3,362,1,1,0
53,9,2,1,0,925,0,0,0,3,-1,0,0,1
44,10,0,1,0,2108,1,0,0,2,369,1,1,0
34,1,1,1,0,563,0,1,0,2,-1,0,0,0
51,1,1,0,0,0,0,0,0,1,-1,0,0,0
35,0,1,1,0,498,1,0,0,1,-1,0,0,0
53,0,1,1,0,1796,0,0,1,1,91,2,2,1
34,4,1,2,0,3301,1,0,0,2,227,4,0,1
68,5,2,2,0,2144,0,0,0,1,96,3,2,1
43,2,0,2,0,626,1,0,0,1,167,2,0,0
40,9,1,1,0,5811,1,0,0,1,-1,0,0,0
37,0,2,2,0,1000,1,0,0,1,-1,0,0,1
46,1,1,1,0,-3,1,0,0,2,265,2,0,0
38,0,0,1,0,-212,1,0,0,2,-1,0,0,0
28,7,0,1,0,6,1,1,0,2,278,23,1,0
36,9,1,2,0,341,0,0,0,2,183,1,2,1
34,7,2,1,0,16,1,0,0,1,-1,0,0,0
52,9,1,1,0,1818,0,1,0,2,111,4,0,0
39,4,1,2,0,937,0,0,0,4,-1,0,0,1
55,7,1,1,0,879,0,0,0,8,-1,0,0,0
49,4,1,2,0,3063,1,0,0,2,-1,0,0,0
55,5,1,2,0,127,0,0,0,2,-1,0,0,0
53,1,1,0,0,3316,1,0,0,6,-1,0,0,0
35,9,1,1,0,-706,1,1,0,2,-1,0,0,0
50,1,0,0,0,4882,1,0,0,2,-1,0,0,0
37,4,2,2,0,2074,0,0,0,2,-1,0,0,0
26,7,2,1,0,47,1,0,0,1,-1,0,0,0
28,0,2,1,0,53,0,0,0,1,-1,0,0,0
48,0,1,1,0,3754,1,0,0,3,-1,0,0,0
30,9,2,1,0,276,0,1,0,5,-1,0,0,0
41,9,1,1,0,767,1,1,0,1,-1,0,0,0
40,4,1,0,0,214,1,0,0,4,-1,0,0,0
37,9,1,0,0,0,1,0,0,4,-1,0,0,0
70,5,0,0,0,383,0,0,0,2,-1,0,0,0
52,4,0,2,0,2104,0,0,0,2,-1,0,0,1
61,5,1,1,0,4248,1,0,0,1,-1,0,0,0
42,9,1,2,0,782,0,0,0,1,-1,0,0,0
33,1,2,0,0,127,1,0,0,2,-1,0,0,1
24,1,2,1,0,5482,1,0,0,2,-1,0,0,0
37,4,1,2,0,1403,1,0,0,15,-1,0,0,0
29,4,2,2,0,697,0,0,0,1,-1,0,0,1
38,9,1,1,0,497,0,0,0,1,-1,0,0,1
31,4,2,1,1,0,0,0,0,2,-1,0,0,0
33,1,2,1,0,13494,1,0,0,25,-1,0,0,0
48,2,1,1,0,0,1,0,0,3,-1,0,0,0
47,1,1,1,0,2173,1,0,0,3,344,5,0,0
34,1,2,0,0,245,1,0,0,3,-1,0,0,0
41,1,1,1,0,1954,0,0,0,1,110,2,2,0
35,4,0,2,0,178,1,0,0,2,-1,0,0,0
43,3,1,1,0,-177,1,0,0,2,-1,0,0,0
40,0,2,1,0,664,0,0,0,2,121,2,2,0
30,8,2,1,0,809,0,0,0,2,-1,0,0,0
59,1,1,0,0,416,0,0,0,3,-1,0,0,0
29,7,2,1,0,-79,1,1,0,4,355,4,1,0
57,10,1,1,0,3030,0,0,0,2,-1,0,0,0
61,4,1,2,0,997,0,0,0,1,104,1,2,1
27,8,2,1,0,132,0,0,0,1,-1,0,0,1
38,3,1,1,0,333,1,0,0,2,202,1,1,0
39,1,1,0,0,315,1,0,0,3,353,3,0,0
31,7,1,1,0,1801,1,0,1,1,274,2,0,0
43,7,1,1,0,774,0,0,0,1,91,2,2,1
33,1,2,1,0,15341,0,0,0,1,334,3,0,0
34,1,2,1,0,213,1,0,0,1,343,2,0,0
30,0,2,1,0,609,1,0,0,1,-1,0,0,0
53,4,1,0,0,13901,1,0,0,1,-1,0,0,0
45,0,1,1,0,5346,1,1,0,1,-1,0,0,1
40,7,1,1,0,3164,1,0,0,2,-1,0,0,0
31,4,2,2,0,-307,1,1,0,2,-1,0,0,0
30,0,2,1,0,732,1,0,0,1,223,1,0,0
33,7,1,1,0,1078,1,0,0,4,175,4,1,0
26,1,2,2,0,1527,0,0,0,1,-1,0,0,0
40,5,2,1,0,1734,1,0,0,4,-1,0,0,0
31,9,1,2,0,313,1,0,0,2,-1,0,0,0
71,5,0,2,1,1236,1,0,0,4,-1,0,0,1
47,1,1,0,0,0,0,0,0,4,-1,0,0,0
29,4,2,2,0,1445,0,0,0,2,143,2,2,1
35,0,2,2,0,994,0,0,0,2,-1,0,0,0
30,7,1,1,0,702,1,0,0,1,-1,0,0,0
58,3,1,2,0,0,1,0,0,1,-1,0,0,0
42,0,0,1,0,256,0,0,0,1,323,1,0,0
37,9,1,2,0,0,1,0,0,1,-1,0,0,0
27,4,2,2,0,390,0,0,0,2,104,2,0,1
47,9,1,1,0,503,1,0,0,2,-1,0,0,0
32,10,2,1,0,747,1,0,0,2,-1,0,0,0
51,1,1,0,0,1127,1,0,0,1,-1,0,0,0
56,5,1,1,0,415,0,0,0,2,-1,0,0,0
42,10,1,1,0,1289,0,0,0,4,415,2,0,1
33,4,2,2,0,5437,0,0,0,1,58,3,0,1
45,7,2,1,0,1378,1,0,0,5,372,2,0,0
27,1,2,1,0,535,0,0,0,3,95,4,2,1
28,1,2,1,0,416,1,0,0,2,-1,0,0,0
34,4,1,2,0,714,1,0,0,27,-1,0,0,0
29,9,2,1,0,-166,1,0,0,2,-1,0,0,0
57,4,1,1,0,4046,0,1,0,1,-1,0,0,0
59,9,1,1,0,0,1,0,0,1,-1,0,0,0
54,5,0,2,0,3076,0,0,0,2,-1,0,0,1
52,0,0,1,0,48,0,1,0,1,-1,0,0,0
32,4,1,2,0,410,1,0,0,2,-1,0,0,0
29,2,2,2,0,402,1,1,0,5,-1,0,0,0
38,4,1,1,0,76,0,0,0,1,-1,0,0,1
40,4,1,2,0,1217,1,1,0,1,-1,0,0,0
46,4,1,1,0,0,0,0,0,6,-1,0,0,0
29,1,1,1,0,214,1,1,0,5,-1,0,0,0
36,7,1,1,0,0,1,0,0,4,-1,0,0,0
44,1,1,0,0,622,1,0,0,1,-1,0,0,0
35,7,2,1,0,1354,0,1,0,6,-1,0,0,0
29,1,2,0,0,170,1,0,0,1,-1,0,0,0
31,4,2,2,0,825,1,0,0,2,-1,0,0,1
45,9,1,2,0,265,0,0,0,3,-1,0,0,0
63,5,1,1,0,0,0,0,1,2,-1,0,0,0
60,5,0,2,0,473,0,0,0,1,-1,0,0,0
43,4,1,2,0,-526,0,0,0,2,-1,0,0,0
49,9,1,1,0,633,0,0,0,2,-1,0,0,0
40,4,2,2,0,0,0,1,0,1,-1,0,0,0
52,1,1,0,0,1401,0,0,0,8,-1,0,0,0
43,1,1,1,0,0,1,1,0,1,-1,0,0,0
37,6,1,2,0,144,1,0,0,2,-1,0,0,0
35,0,2,1,0,2830,0,0,0,12,-1,0,0,0
53,9,1,1,0,9252,0,0,0,1,-1,0,0,0
29,4,2,2,0,1952,1,0,0,1,-1,0,0,0
55,0,1,2,0,46,0,0,0,4,-1,0,0,0
41,0,0,1,0,261,1,0,0,15,-1,0,0,0
59,5,1,0,0,13,0,0,0,2,-1,0,0,0
42,4,0,2,0,0,0,0,1,4,-1,0,0,0
50,0,0,1,0,-194,1,0,0,2,-1,0,0,0
31,4,2,2,0,34,1,0,0,4,-1,0,0,0
47,4,1,2,0,1028,0,1,0,1,-1,0,0,0
38,1,0,1,0,226,1,0,0,4,-1,0,0,0
27,0,2,1,0,15,0,1,0,1,-1,0,0,0
32,9,1,1,0,342,1,0,0,3,-1,0,0,0
41,4,1,1,0,41,1,0,0,2,364,6,1,0
37,9,0,1,0,0,1,0,0,1,-1,0,0,0
45,4,1,2,0,160,0,0,0,2,194,1,2,1
48,1,0,1,1,-535,1,0,0,2,187,2,0,0
31,1,1,0,0,498,1,1,0,2,-1,0,0,0
55,5,1,1,0,31,0,0,0,1,-1,0,0,0
29,0,2,2,0,2904,1,0,0,1,-1,0,0,0
42,7,1,1,0,1152,1,0,0,1,-1,0,0,0
36,9,1,0,0,3350,1,0,0,1,269,3,1,0
35,6,2,2,0,4294,0,0,0,4,-1,0,0,0
36,9,1,1,0,83,1,0,0,1,-1,0,0,0
32,4,1,2,0,0,1,0,0,1,-1,0,0,0
36,1,1,0,0,-608,1,0,0,2,-1,0,0,0
46,4,2,1,1,177,0,0,0,1,-1,0,0,0
28,8,1,2,0,1,0,0,0,4,-1,0,0,0
55,7,1,1,0,697,1,0,0,1,-1,0,0,0
41,4,1,2,0,-370,1,0,0,2,-1,0,0,0
39,9,2,1,0,556,1,0,0,1,-1,0,0,0
59,5,2,1,0,30,1,0,0,1,-1,0,0,0
32,9,2,2,0,3818,0,0,0,4,-1,0,0,0
33,0,2,2,0,193,0,0,0,2,-1,0,0,0
32,9,1,1,0,429,1,0,0,3,153,2,1,0
30,9,1,2,0,8351,0,0,0,3,-1,0,0,0
33,1,1,0,0,1209,1,0,0,1,-1,0,0,0
36,4,2,2,0,3850,1,0,0,4,-1,0,0,0
31,4,1,2,0,1164,1,1,0,2,123,3,0,0
26,8,2,1,0,2503,0,0,0,1,63,2,0,0
30,9,2,2,0,0,1,0,0,4,-1,0,0,0
29,7,2,1,0,-271,1,0,0,1,-1,0,0,1
43,4,2,2,0,0,0,0,0,2,-1,0,0,0
47,1,1,0,0,206,1,0,0,1,-1,0,0,0
27,7,2,1,0,259,1,0,0,10,-1,0,0,0
33,4,2,2,0,718,1,0,0,1,84,3,2,1
22,8,2,1,0,466,1,0,0,1,-1,0,0,0
42,9,1,1,0,906,1,0,0,2,-1,0,0,0
27,6,0,1,0,165,1,0,0,2,192,4,0,0
37,10,1,1,0,80,0,0,0,2,-1,0,0,0
44,9,1,1,0,736,1,0,1,2,-1,0,0,0
38,4,1,2,0,494,0,0,0,1,104,2,1,0
26,6,2,2,0,657,0,1,0,2,-1,0,0,0
33,9,1,1,0,832,1,1,0,3,-1,0,0,0
51,1,1,0,0,1080,0,1,0,1,-1,0,0,0
38,10,1,2,0,2012,0,0,0,3,-1,0,0,0
58,1,1,1,0,1507,1,1,0,6,189,1,1,0
44,4,0,2,0,0,0,0,0,10,-1,0,0,0
56,10,0,0,0,109,0,0,0,4,-1,0,0,0
53,5,1,0,0,232,1,1,0,2,-1,0,0,0
57,3,1,1,0,0,0,0,0,2,-1,0,0,0
30,4,2,2,0,19796,0,0,0,1,-1,0,0,0
37,4,0,2,0,132,1,0,0,5,253,1,1,0
30,0,1,1,0,401,0,0,0,1,-1,0,0,0
27,7,2,1,0,0,1,0,0,6,-1,0,0,0
29,9,2,2,0,183,1,1,0,1,343,2,0,0
55,1,1,1,0,2059,1,0,0,1,259,4,0,0
40,1,1,0,0,-310,1,1,0,2,363,5,0,0
37,7,2,1,0,1050,1,0,0,3,-1,0,0,0
37,1,2,1,0,277,1,0,0,6,-1,0,0,0
41,4,2,2,0,598,1,0,0,1,-1,0,0,0
58,1,1,1,0,544,0,0,0,1,-1,0,0,0
48,10,1,1,0,1724,0,0,1,2,-1,0,0,0
52,4,1,2,0,4504,1,0,0,2,-1,0,0,0
61,5,1,1,0,1853,0,0,1,1,181,2,2,1
38,1,2,2,0,18,0,0,0,5,-1,0,0,0
52,4,1,0,0,740,0,0,0,1,-1,0,0,0
28,7,2,1,0,234,0,0,0,3,-1,0,0,0
43,9,2,1,0,572,0,0,0,2,-1,0,0,0
49,9,1,1,0,3635,1,0,0,2,-1,0,0,0
39,4,0,2,0,267,1,1,0,1,-1,0,0,0
55,4,1,2,0,236,0,0,0,1,-1,0,0,0
39,4,2,2,0,490,0,0,0,3,-1,0,0,0
48,4,1,2,0,4006,0,0,0,4,-1,0,0,0
34,1,1,1,0,103,1,1,0,2,-1,0,0,0
60,9,1,1,0,824,1,0,0,1,181,8,2,1
34,9,2,1,1,264,0,0,0,2,-1,0,0,0
52,1,1,0,0,2439,1,0,0,3,-1,0,0,0
39,10,0,1,0,507,1,0,0,7,-1,0,0,0
31,0,2,2,0,0,1,1,0,1,-1,0,0,0
33,9,1,2,0,4401,0,0,0,1,-1,0,0,1
53,1,1,0,0,1090,1,0,0,1,-1,0,0,0
30,2,1,1,0,1539,1,1,0,9,-1,0,0,0
32,9,2,2,0,-311,0,0,0,2,-1,0,0,0
43,4,0,2,0,0,1,0,0,1,-1,0,0,0
37,4,2,2,0,102,1,0,0,2,-1,0,0,0
27,4,2,2,0,1720,0,0,0,2,273,1,0,1
30,7,2,1,0,677,1,0,0,1,-1,0,0,0
55,1,1,1,0,644,0,0,0,3,-1,0,0,0
40,0,1,1,0,3087,1,1,0,1,-1,0,0,0
39,3,2,0,0,1340,0,0,0,2,-1,0,0,0
27,4,2,1,0,843,0,0,0,1,-1,0,0,1
41,4,2,1,0,911,0,0,0,2,-1,0,0,0
31,9,2,2,0,882,0,0,0,1,-1,0,0,1
25,4,1,2,0,-242,1,1,0,4,332,4,1,1
42,9,2,2,0,2157,1,1,0,1,-1,0,0,0
51,4,0,2,0,3926,1,0,0,2,-1,0,0,0
21,8,2,1,0,123,0,0,1,1,-1,0,0,1
58,9,1,1,0,71,1,0,0,1,-1,0,0,0
38,9,1,1,0,0,0,0,0,1,-1,0,0,1
32,9,2,2,0,696,0,1,0,4,105,4,0,0
33,4,2,2,0,576,0,0,0,1,111,2,1,0
23,8,2,1,0,1298,0,0,0,1,-1,0,0,1
52,2,0,1,0,-99,0,1,0,3,-1,0,0,0
37,4,2,2,0,400,1,0,0,1,-1,0,0,0
41,9,2,0,0,340,1,0,0,1,349,1,0,0
37,1,1,1,0,6,1,0,0,2,-1,0,0,0
36,9,1,1,0,-342,1,0,0,3,-1,0,0,0
55,4,1,1,0,964,0,0,0,3,-1,0,0,0
54,4,1,2,0,3797,0,0,1,2,-1,0,0,0
50,7,1,1,0,37,0,0,0,4,-1,0,0,0
31,9,1,1,0,3322,1,0,0,2,-1,0,0,0
37,1,1,1,0,693,0,0,0,2,-1,0,0,0
36,1,0,0,0,666,1,0,0,1,-1,0,0,0
49,1,1,1,0,1219,1,0,0,5,-1,0,0,0
54,0,2,1,0,1178,1,0,1,6,264,2,0,0
36,9,2,1,0,1053,1,0,0,1,-1,0,0,0
30,0,2,1,0,239,1,0,0,3,-1,0,0,0
35,4,2,1,0,121,1,0,0,5,-1,0,0,0
38,4,2,2,0,0,0,0,0,2,-1,0,0,0
34,1,1,1,0,-465,0,0,0,1,-1,0,0,0
32,1,1,1,0,1484,1,0,0,7,-1,0,0,0
81,5,0,1,0,9224,0,0,1,2,-1,0,0,0
37,9,1,2,0,127,1,0,0,1,-1,0,0,1
31,10,0,0,0,0,1,0,0,12,-1,0,0,1
32,1,1,0,0,-11,1,0,0,1,-1,0,0,0
34,4,2,2,0,72,1,0,0,2,-1,0,0,0
60,4,0,0,0,21,0,1,1,3,-1,0,0,0
53,2,1,1,0,19850,0,0,0,1,165,1,0,0
37,9,1,1,1,-886,1,0,0,1,-1,0,0,0
30,4,2,2,0,13,1,0,0,1,-1,0,0,0
50,7,2,1,0,72,0,0,0,2,-1,0,0,0
25,8,2,1,0,2503,0,0,0,2,-1,0,0,0
26,8,2,1,0,1164,0,0,0,1,301,1,1,0
66,5,1,2,0,1948,0,0,0,1,91,4,2,1
28,0,2,1,0,24,1,0,0,2,-1,0,0,1
53,7,0,0,0,146,1,0,0,1,370,1,0,0
34,4,1,2,0,1483,1,0,0,1,-1,0,0,0
58,1,1,1,0,3027,1,0,0,1,-1,0,0,1
31,9,1,1,0,286,0,0,0,4,-1,0,0,0
43,9,1,2,0,192,0,0,0,2,-1,0,0,0
36,4,1,2,0,549,1,0,0,2,-1,0,0,0
54,7,1,0,0,1059,0,0,0,3,-1,0,0,0
39,2,1,2,0,442,0,0,0,3,-1,0,0,0
53,0,1,1,0,1739,1,0,0,3,-1,0,0,0
42,0,0,1,0,-67,0,0,0,2,-1,0,0,0
39,4,2,2,0,-85,1,0,0,2,-1,0,0,0
34,7,1,1,0,2211,0,0,0,1,-1,0,0,0
37,1,1,1,0,-308,1,0,0,4,310,11,0,0
65,5,1,0,0,1992,0,0,1,1,-1,0,0,0
41,9,2,2,0,445,1,0,0,1,267,1,0,0
56,1,1,1,0,121,0,0,0,1,-1,0,0,0
29,1,2,1,0,-15,1,0,0,1,-1,0,0,0
44,4,1,1,0,488,0,1,0,11,-1,0,0,0
34,7,2,1,0,418,1,0,0,1,-1,0,0,0
29,10,1,0,0,639,0,1,0,2,-1,0,0,0
31,4,2,1,0,360,1,0,0,1,-1,0,0,1
44,1,1,1,0,6491,1,0,0,1,-1,0,0,0
36,7,0,1,0,543,1,0,0,1,269,2,0,0
30,1,1,1,0,501,1,1,0,1,-1,0,0,0
37,9,1,1,0,421,1,1,0,1,-1,0,0,0
37,4,1,2,0,-9,0,0,0,2,-1,0,0,0
58,5,1,1,0,2126,0,0,0,1,-1,0,0,0
31,0,1,1,0,0,1,0,0,2,-1,0,0,0
41,9,2,1,0,1147,1,0,0,10,-1,0,0,0
33,6,2,2,0,9670,0,0,0,1,-1,0,0,0
37,9,1,1,0,123,1,1,0,2,-1,0,0,0
36,7,2,1,0,99,0,0,0,9,-1,0,0,0
60,5,1,2,0,0,0,0,0,3,-1,0,0,0
38,1,1,0,0,315,1,0,0,3,-1,0,0,0
39,4,0,2,0,30,0,1,0,4,-1,0,0,0
58,1,1,0,0,0,0,0,0,4,-1,0,0,0
34,9,2,2,0,2658,1,0,0,2,-1,0,0,0
29,7,1,1,0,1135,1,0,0,1,-1,0,0,1
32,0,1,1,0,1229,0,0,0,1,182,1,2,0
30,4,0,2,0,726,1,0,0,1,-1,0,0,0
28,8,2,1,0,1925,0,0,0,1,97,2,0,1
51,1,1,0,0,0,0,0,0,6,-1,0,0,0
44,3,1,0,0,26,1,0,0,2,-1,0,0,0
51,10,0,0,0,2244,0,0,1,2,-1,0,0,0
51,4,1,2,0,-15,0,0,0,2,-1,0,0,0
48,9,1,1,0,335,0,0,0,3,-1,0,0,0
55,7,1,1,0,3546,1,1,0,2,-1,0,0,0
39,0,1,2,0,1322,1,0,0,3,486,1,1,0
32,7,2,1,0,936,1,0,0,1,-1,0,0,0
55,4,2,2,0,1097,0,0,1,2,-1,0,0,0
35,9,1,1,0,0,0,0,0,2,-1,0,0,0
20,8,2,1,0,215,0,0,0,4,183,1,1,1
49,0,2,2,0,228,1,0,0,1,-1,0,0,1
29,8,2,2,0,80,1,0,0,5,361,1,0,0
38,0,2,2,0,45789,0,0,1,31,-1,0,0,0
41,4,2,2,0,8368,0,0,0,1,-1,0,0,0
43,1,1,1,0,1035,0,0,0,1,-1,0,0,0
33,0,2,2,0,490,1,0,0,1,363,2,0,0
27,9,2,1,0,16,0,0,0,1,-1,0,0,0
46,1,1,0,0,1844,0,0,0,1,-1,0,0,0
44,1,1,1,0,879,1,0,0,1,-1,0,0,0
48,1,1,0,0,0,0,1,0,1,-1,0,0,0
30,1,1,1,0,673,1,0,0,2,-1,0,0,0
57,4,1,2,0,1318,0,0,0,1,185,2,0,1
43,3,1,0,0,59,0,1,0,2,-1,0,0,0
41,1,1,0,0,2453,1,0,0,1,-1,0,0,1
52,9,1,1,0,945,0,0,0,8,-1,0,0,0
28,9,2,1,0,3,1,0,0,2,-1,0,0,0
33,2,2,2,0,3017,0,0,0,3,-1,0,0,0
31,9,2,2,0,645,1,0,0,6,-1,0,0,0
55,4,0,2,0,9756,1,0,0,2,95,1,1,1
51,9,1,1,0,2402,1,0,0,1,-1,0,0,0
50,1,0,1,0,203,1,0,1,1,127,4,1,0
41,1,1,1,0,1354,1,0,0,2,-1,0,0,0
37,1,1,1,0,0,1,0,0,1,-1,0,0,0
37,4,1,2,0,50,0,1,0,1,-1,0,0,0
42,1,1,1,0,-256,1,0,0,1,318,2,0,0
52,9,1,1,0,11,1,0,0,1,-1,0,0,0
27,1,2,1,0,677,0,1,1,8,-1,0,0,0
53,6,0,2,0,513,1,0,0,3,-1,0,0,0
35,1,1,1,0,807,1,0,0,3,-1,0,0,0
36,1,0,1,0,719,1,0,0,1,-1,0,0,0
36,4,2,2,0,4123,0,0,0,2,-1,0,0,0
28,4,2,2,0,1287,1,0,0,1,-1,0,0,1
35,6,1,1,0,347,0,0,0,1,-1,0,0,0
44,9,1,2,0,0,1,1,0,6,191,2,0,0
45,1,1,0,0,0,0,1,0,2,-1,0,0,0
54,6,0,0,0,4382,1,0,1,4,-1,0,0,0
28,7,2,1,0,198,0,0,0,2,-1,0,0,1
36,0,2,2,0,980,0,0,0,4,104,7,0,0
52,6,1,1,0,-163,1,0,0,2,-1,0,0,0
49,9,1,0,0,1415,1,0,0,2,-1,0,0,0
38,4,1,2,0,691,1,1,0,1,-1,0,0,0
38,7,0,1,0,5873,0,0,0,2,-1,0,0,0
33,1,2,0,0,863,1,0,1,3,-1,0,0,1
25,4,2,2,0,99,1,1,0,4,-1,0,0,0
29,7,1,1,0,-753,1,1,0,1,-1,0,0,0
50,4,1,2,0,135,0,0,0,4,-1,0,0,0
36,4,1,2,0,3007,1,0,0,1,-1,0,0,0
37,9,2,2,0,555,1,0,0,3,-1,0,0,0
31,1,2,1,0,813,1,0,0,18,-1,0,0,0
59,5,1,1,0,444,1,0,0,1,-1,0,0,0
28,0,1,1,0,22,1,1,0,2,-1,0,0,0
47,6,1,2,0,1011,0,0,0,1,-1,0,0,1
44,9,0,1,0,982,1,0,0,3,-1,0,0,1
50,7,1,1,0,57435,1,0,0,3,-1,0,0,0
32,2,1,1,0,390,0,0,0,1,-1,0,0,0
51,9,0,1,0,468,1,0,0,4,-1,0,0,0
36,5,2,1,0,101,1,1,0,1,-1,0,0,0
57,0,0,1,0,4378,1,0,0,3,-1,0,0,0
46,6,1,0,0,2295,1,0,0,1,-1,0,0,0
26,4,0,1,0,-295,1,0,0,1,-1,0,0,0
35,1,0,0,0,13,0,1,0,1,-1,0,0,0
30,9,2,1,0,10152,1,0,0,2,270,1,0,0
35,7,1,1,0,0,1,0,0,1,-1,0,0,0
58,4,1,2,0,246,1,0,0,2,288,2,0,0
53,4,0,2,0,243,1,0,0,2,-1,0,0,0
26,4,2,2,0,200,0,0,0,2,-1,0,0,0
56,4,0,2,0,55,0,1,0,2,-1,0,0,0
53,10,1,0,0,142,0,0,0,2,-1,0,0,0
35,4,1,2,0,802,1,0,0,2,-1,0,0,1
28,7,1,1,0,1214,0,0,0,1,-1,0,0,0
29,1,2,2,0,455,0,0,1,2,36,1,2,1
35,4,0,2,0,3751,1,0,0,2,-1,0,0,0
44,0,0,1,0,397,1,1,0,1,257,1,1,1
56,0,1,1,0,16873,0,0,0,1,-1,0,0,0
49,4,1,2,0,87,0,0,0,1,-1,0,0,0
59,5,1,1,0,9976,1,0,0,2,-1,0,0,0
33,1,1,1,0,889,1,0,0,1,373,6,2,0
75,5,1,0,0,5491,0,0,1,6,-1,0,0,0
53,4,1,1,0,90,1,0,1,5,-1,0,0,0
76,5,1,0,0,3324,0,0,0,1,92,3,2,1
34,7,1,1,0,0,1,0,0,1,-1,0,0,0
49,9,1,1,0,3410,0,0,0,1,-1,0,0,0
47,0,1,1,0,520,0,0,1,6,-1,0,0,0
28,4,2,1,0,967,1,0,0,1,334,1,0,0
30,4,1,2,0,4145,1,1,0,1,-1,0,0,0
48,2,1,1,0,4037,0,0,0,1,-1,0,0,0
38,1,1,0,0,54,1,0,0,1,-1,0,0,0
32,3,1,0,0,91,1,0,0,6,-1,0,0,0
63,5,1,1,0,1849,0,0,0,6,177,2,0,0
51,1,2,0,0,60,0,0,0,1,-1,0,0,0
47,4,1,2,0,1890,0,0,0,1,-1,0,0,0
27,9,1,1,0,0,1,1,1,2,-1,0,0,0
57,1,1,1,0,621,1,0,0,3,-1,0,0,0
28,1,1,1,0,1331,1,1,0,2,-1,0,0,0
41,6,2,2,0,428,1,0,0,1,-1,0,0,0
53,7,0,0,0,778,1,0,0,2,-1,0,0,0
57,1,1,0,0,162,1,0,0,2,-1,0,0,0
33,4,2,1,0,15,0,0,0,1,-1,0,0,0
23,8,2,1,0,157,1,0,0,1,-1,0,0,0
35,4,1,2,0,1380,0,0,0,1,-1,0,0,1
19,8,2,1,0,626,0,0,1,1,-1,0,0,0
32,1,2,1,0,799,0,1,0,6,-1,0,0,1
31,8,2,1,0,241,1,0,0,5,-1,0,0,0
41,7,2,1,0,1629,1,0,0,1,-1,0,0,0
42,9,1,1,0,33,0,0,1,5,-1,0,0,0
36,9,0,1,0,861,0,0,1,2,-1,0,0,0
49,1,1,1,0,783,1,0,0,4,-1,0,0,0
33,0,1,1,0,1114,1,0,0,3,-1,0,0,0
25,4,2,2,0,2140,0,0,0,1,-1,0,0,0
57,9,1,1,0,458,0,1,0,3,-1,0,0,0
31,0,1,1,0,2304,1,0,0,2,-1,0,0,0
31,4,2,2,0,354,0,0,0,2,-1,0,0,1
36,0,1,1,0,587,0,0,0,2,-1,0,0,0
36,6,1,2,0,2017,0,0,0,18,-1,0,0,0
37,0,2,1,0,1560,1,0,0,1,163,2,0,0
55,0,1,1,0,6207,1,0,0,5,-1,0,0,0
54,5,2,1,0,10621,0,0,0,2,-1,0,0,0
34,0,1,2,0,79,1,0,0,1,92,5,2,1
40,4,1,2,0,655,1,0,0,1,-1,0,0,0
30,8,2,1,0,145,0,0,0,3,175,1,0,0
38,9,2,2,0,2443,0,0,0,8,-1,0,0,0
56,10,1,1,0,972,0,0,0,2,-1,0,0,0
84,5,0,0,0,639,0,0,1,3,-1,0,0,1
30,1,0,1,0,-209,1,0,0,2,-1,0,0,0
42,0,1,2,0,1536,0,0,0,1,182,4,0,0
23,7,1,1,0,83,1,0,0,1,358,1,0,0
39,9,0,1,0,115,0,0,0,9,-1,0,0,0
34,3,1,2,0,11219,0,0,0,1,-1,0,0,0
42,1,0,0,0,1563,1,0,0,2,364,1,0,0
35,9,1,1,0,51,1,0,0,2,-1,0,0,0
47,4,0,2,0,94,1,0,0,19,-1,0,0,0
54,4,1,2,0,1502,0,0,0,3,-1,0,0,0
45,1,1,0,0,1297,1,0,0,2,-1,0,0,0
43,4,1,1,0,2115,1,0,0,1,-1,0,0,0
53,9,0,1,0,388,1,1,0,1,247,1,0,0
42,7,0,1,0,372,1,1,0,2,-1,0,0,0
54,7,2,1,0,0,0,0,0,1,-1,0,0,1
41,2,1,1,0,8491,1,0,0,1,-1,0,0,1
38,2,1,0,0,1390,1,0,0,4,-1,0,0,0
45,0,1,1,0,153,0,0,0,1,-1,0,0,1
34,7,1,1,0,2956,0,0,0,2,-1,0,0,1
32,9,2,1,0,6471,1,1,0,4,-1,0,0,0
44,4,2,2,0,0,0,1,0,3,-1,0,0,0
47,7,1,1,0,3216,1,0,0,2,-1,0,0,0
32,4,1,2,0,1923,0,0,0,1,-1,0,0,0
48,4,1,2,0,770,0,1,0,2,-1,0,0,0
59,5,1,1,0,0,0,0,0,1,-1,0,0,1
41,1,1,1,0,113,0,0,0,15,-1,0,0,0
33,10,1,1,0,229,1,0,0,4,-1,0,0,0
28,9,2,1,0,10865,1,0,0,3,-1,0,0,0
30,7,2,0,0,6,1,1,0,1,-1,0,0,0
33,4,2,2,0,-149,1,0,0,3,-1,0,0,0
41,10,1,0,0,1483,1,0,0,1,-1,0,0,0
35,9,1,1,0,289,1,0,0,10,-1,0,0,0
45,9,1,1,0,3492,1,1,0,4,-1,0,0,0
31,7,2,1,0,695,1,0,0,1,318,1,0,0
56,5,1,1,0,393,0,1,0,1,221,2,0,1
24,7,2,1,0,2022,0,0,0,4,-1,0,0,1
37,1,1,1,0,374,1,0,0,3,-1,0,0,0
35,4,1,2,0,1582,0,0,1,1,-1,0,0,0
31,1,2,1,0,-159,0,1,1,1,-1,0,0,0
54,1,1,0,0,2933,1,0,0,2,-1,0,0,0
39,7,1,1,0,2758,0,0,0,3,-1,0,0,1
22,4,2,2,0,760,0,0,1,1,-1,0,0,0
48,4,1,2,0,666,1,0,0,6,-1,0,0,0
29,1,2,1,0,260,1,0,0,14,-1,0,0,1
37,1,2,1,0,111,1,0,0,2,-1,0,0,0
54,1,1,1,0,-69,1,0,0,2,-1,0,0,0
28,10,2,1,1,-353,1,0,0,3,-1,0,0,0
37,4,1,2,0,0,1,0,0,1,-1,0,0,0
60,5,1,0,0,1588,0,0,0,1,-1,0,0,1
47,3,0,1,0,80,0,0,0,2,-1,0,0,0
34,0,2,1,0,1352,1,0,0,1,334,3,1,0
37,4,0,2,0,42,1,0,0,3,-1,0,0,0
53,0,0,1,0,887,1,0,0,2,-1,0,0,0
73,5,1,1,0,519,0,0,1,3,133,2,2,1
36,4,1,2,0,82,0,0,0,1,178,4,2,0
36,10,0,1,0,2178,1,0,0,2,-1,0,0,0
45,0,0,2,0,569,1,0,0,1,-1,0,0,0
39,4,2,1,0,1877,1,0,0,1,-1,0,0,0
33,9,1,1,0,763,0,0,0,8,-1,0,0,0
45,7,1,0,0,266,1,0,0,2,-1,0,0,0
59,10,0,1,0,44134,0,0,0,1,-1,0,0,0
50,4,1,2,0,15442,0,0,0,1,-1,0,0,0
47,4,1,1,0,8,0,0,1,1,-1,0,0,0
47,9,1,1,0,57,0,0,0,1,342,1,2,0
34,1,1,1,0,270,1,1,0,1,-1,0,0,0
29,8,2,2,0,795,0,0,0,1,-1,0,0,0
34,9,2,1,0,2729,1,0,0,1,-1,0,0,1
46,9,1,1,0,518,0,0,0,6,-1,0,0,0
34,10,1,1,0,1375,0,0,0,1,-1,0,0,0
56,3,1,2,0,1922,1,0,0,2,-1,0,0,0
34,7,1,1,0,145,0,1,0,2,-1,0,0,0
53,2,0,2,0,81,1,0,0,5,352,3,0,0
32,0,1,1,0,1661,1,0,0,1,209,2,0,0
51,1,1,0,0,165,1,0,1,2,-1,0,0,0
30,7,1,2,0,2025,1,0,0,1,-1,0,0,0
44,1,1,0,1,0,0,1,0,1,-1,0,0,0
29,0,1,2,0,238,0,0,0,1,78,3,2,0
58,5,1,1,0,1230,0,0,0,1,87,1,0,1
31,4,0,2,0,254,0,0,0,8,-1,0,0,1
55,9,1,1,0,2760,1,0,0,14,-1,0,0,0
24,8,2,1,0,1925,0,0,0,1,-1,0,0,1
34,4,2,2,0,13,1,0,0,2,-1,0,0,0
56,5,1,1,0,0,0,1,0,4,-1,0,0,0
53,9,1,1,0,2818,1,0,0,7,-1,0,0,0
43,4,1,1,0,-213,0,1,1,2,-1,0,0,0
56,0,1,1,0,0,1,0,1,2,-1,0,0,0
29,9,2,2,0,68,1,0,0,1,-1,0,0,0
40,7,1,1,0,56,1,0,0,3,-1,0,0,0
51,1,1,0,0,610,1,1,0,3,-1,0,0,0
32,4,2,2,0,1613,0,0,0,2,129,5,0,0
56,4,0,2,0,1016,1,0,0,5,-1,0,0,0
37,1,1,0,0,-212,1,0,0,3,352,1,1,0
30,9,1,1,0,764,0,0,0,2,-1,0,0,0
44,4,2,1,0,1239,0,0,0,4,-1,0,0,0
45,1,1,0,0,351,1,0,0,1,-1,0,0,0
37,3,1,2,0,166,1,0,0,1,-1,0,0,0
52,0,0,1,0,944,1,0,0,3,-1,0,0,0
44,4,1,2,0,764,0,1,0,5,-1,0,0,0
42,1,0,1,0,0,0,0,0,2,-1,0,0,0
28,4,0,1,0,-76,0,1,0,2,-1,0,0,0
43,3,1,0,0,1283,0,0,0,1,-1,0,0,0
31,4,1,2,0,1343,1,1,0,1,-1,0,0,0
32,0,2,2,0,272,1,0,0,2,-1,0,0,0
38,4,1,2,0,7124,0,0,0,6,-1,0,0,0
38,2,0,2,0,7929,0,0,0,3,-1,0,0,0
32,10,2,2,0,336,1,0,0,1,-1,0,0,0
58,2,1,1,0,496,0,0,0,1,-1,0,0,1
37,1,1,1,0,346,1,0,0,1,316,1,0,0
48,7,0,1,0,403,1,0,0,1,-1,0,0,0
43,9,2,1,0,799,1,1,0,3,-1,0,0,0
29,4,1,2,0,941,1,0,0,11,-1,0,0,0
38,4,2,2,0,8669,1,0,1,6,-1,0,0,0
43,4,1,1,0,498,1,0,0,5,-1,0,0,0
33,4,1,2,0,23,1,1,0,1,-1,0,0,0
58,7,0,1,0,462,0,0,0,1,-1,0,0,1
37,9,2,1,0,18,0,0,0,2,-1,0,0,0
26,9,2,2,0,192,1,0,0,1,-1,0,0,0
39,4,1,1,0,11835,1,0,0,2,-1,0,0,1
60,3,1,1,0,10285,0,0,0,2,-1,0,0,0
26,8,2,2,0,2182,1,0,0,1,292,1,1,0
39,1,1,1,0,366,1,0,0,5,-1,0,0,0
37,9,1,1,0,474,1,0,0,1,322,1,0,0
58,9,1,1,0,5618,1,0,0,1,-1,0,0,0
36,1,1,0,0,-402,0,0,0,6,-1,0,0,0
44,2,1,2,0,1,1,0,0,2,-1,0,0,0
43,3,1,0,0,0,1,0,0,3,-1,0,0,0
30,4,2,2,0,5359,0,0,0,1,98,1,2,1
35,4,1,2,0,1041,0,0,0,1,120,3,1,0
38,4,1,2,0,0,1,0,0,1,-1,0,0,0
45,0,1,1,0,194,0,0,0,4,-1,0,0,0
55,1,1,0,0,0,1,1,0,5,-1,0,0,0
40,7,0,1,0,105,1,0,0,2,-1,0,0,0
33,4,2,2,0,2934,0,0,0,1,-1,0,0,0
47,1,1,1,0,125,0,0,0,2,-1,0,0,0
48,9,1,2,0,0,0,0,1,15,-1,0,0,0
39,9,1,1,0,0,1,1,0,1,-1,0,0,0
31,4,1,2,0,156,0,0,0,2,-1,0,0,0
51,1,1,0,0,581,0,0,0,4,-1,0,0,0
38,6,1,2,0,2084,1,0,0,2,330,2,0,0
33,4,1,2,0,415,0,0,0,5,167,1,1,0
26,9,2,1,0,57,1,0,0,2,-1,0,0,0
55,7,2,1,0,-40,1,0,0,2,-1,0,0,0
33,7,1,1,0,7,1,0,0,1,-1,0,0,0
38,1,1,0,0,2569,0,0,0,1,-1,0,0,0
56,7,0,1,0,1877,1,0,0,1,-1,0,0,0
27,1,0,1,0,0,1,0,1,1,359,3,0,0
30,10,0,2,0,1718,1,0,0,4,126,2,0,0
28,4,2,2,0,939,1,0,0,1,-1,0,0,1
36,10,1,1,0,1766,0,0,0,2,-1,0,0,1
32,0,2,1,0,-267,0,1,0,1,-1,0,0,0
42,7,0,1,0,257,1,0,0,2,-1,0,0,1
48,1,1,1,0,2054,1,0,0,2,-1,0,0,0
52,6,1,2,0,583,1,0,0,1,-1,0,0,0
33,0,1,2,0,205,0,0,0,2,-1,0,0,0
60,4,1,2,0,6657,1,0,0,19,-1,0,0,0
27,8,2,1,0,2183,0,0,0,3,-1,0,0,0
54,9,1,1,0,0,0,0,0,5,192,8,1,1
59,4,1,2,0,3779,0,0,0,3,-1,0,0,0
53,5,1,0,0,61,0,1,0,1,-1,0,0,0
31,0,2,1,0,513,1,0,0,1,-1,0,0,0
35,0,1,1,0,725,1,0,0,7,133,1,0,0
39,1,1,1,0,18,0,0,0,3,-1,0,0,0
44,9,1,1,0,-372,1,0,0,3,-1,0,0,0
56,10,1,1,0,2552,1,0,0,2,-1,0,0,0
60,3,1,2,0,443,0,0,0,1,-1,0,0,0
24,8,2,1,0,82,1,0,0,2,-1,0,0,0
37,4,2,2,0,600,1,0,0,1,-1,0,0,0
30,0,2,1,0,939,1,0,0,1,-1,0,0,0
57,4,1,2,0,246,1,0,0,2,-1,0,0,0
52,7,1,0,0,911,0,0,0,2,-1,0,0,0
60,5,1,0,0,6307,1,0,0,1,-1,0,0,0
32,1,1,1,0,476,1,0,0,9,-1,0,0,1
41,7,1,1,0,650,1,0,0,5,-1,0,0,0
27,9,1,1,0,512,1,0,0,1,-1,0,0,0
48,1,1,1,0,1159,1,1,0,9,-1,0,0,0
50,4,1,1,0,2910,0,0,1,1,-1,0,0,0
34,4,2,2,0,705,1,0,0,3,-1,0,0,0
45,4,1,2,0,385,0,1,0,16,-1,0,0,0
54,5,0,2,0,349,1,0,0,1,-1,0,0,0
47,4,1,2,0,122,0,1,0,1,-1,0,0,0
71,5,1,1,0,1712,0,0,0,1,-1,0,0,1
28,0,2,1,0,2736,0,0,0,1,-1,0,0,1
51,9,1,2,0,0,0,0,0,2,66,2,2,1
40,0,1,1,0,223,1,0,0,1,-1,0,0,0
31,9,2,1,0,816,0,0,0,2,-1,0,0,0
34,1,2,0,0,279,1,0,0,1,357,1,0,0
36,4,1,2,0,1604,1,0,0,3,-1,0,0,0
28,4,2,2,0,5474,0,0,0,4,191,5,2,0
77,5,1,0,0,29340,0,0,0,1,91,2,1,1
59,1,1,0,0,10,1,0,0,3,-1,0,0,0
37,4,1,2,0,0,1,0,0,2,169,3,0,0
29,1,1,1,0,844,1,0,0,2,-1,0,0,0
59,4,1,0,0,252,1,1,0,1,175,2,0,0
50,1,1,1,0,2065,0,0,0,2,-1,0,0,0
74,5,1,1,0,3771,0,0,1,1,-1,0,0,0
34,4,1,1,0,-294,1,0,0,2,-1,0,0,0
33,1,0,1,0,865,1,0,0,2,-1,0,0,0
29,1,1,1,0,358,0,0,0,5,-1,0,0,0
47,4,1,1,0,555,1,0,0,1,-1,0,0,0
34,4,1,2,0,714,1,0,0,4,113,27,0,0
49,6,0,1,0,-478,1,1,0,1,-1,0,0,0
23,8,2,1,0,1234,0,0,0,1,91,1,2,1
28,0,1,1,0,-31,1,0,0,1,-1,0,0,0
34,1,1,0,0,1873,1,0,0,1,-1,0,0,0
40,3,0,1,0,1194,1,0,0,2,-1,0,0,0
29,6,1,2,0,4,0,0,0,1,-1,0,0,0
52,1,1,0,0,0,0,0,0,4,-1,0,0,0
34,9,1,1,0,210,1,1,0,1,-1,0,0,0
42,2,1,2,0,859,0,0,0,10,-1,0,0,0
48,6,1,1,0,4746,1,0,0,11,-1,0,0,0
35,0,1,1,0,190,1,0,0,3,-1,0,0,0
31,9,1,2,0,22,0,0,0,5,-1,0,0,0
77,5,1,1,0,1208,0,0,1,4,-1,0,0,0
60,4,0,0,0,38,1,0,0,4,-1,0,0,0
39,4,1,2,0,0,0,0,0,4,-1,0,0,0
38,4,1,1,0,16236,1,0,0,3,-1,0,0,0
26,9,2,2,0,1274,0,0,1,2,-1,0,0,0
36,1,1,1,0,2894,1,0,0,1,-1,0,0,0
29,0,2,1,0,719,0,0,0,1,-1,0,0,0
47,1,2,1,0,152,1,0,0,3,271,4,0,0
39,1,1,1,0,0,1,0,0,1,7,2,0,0
45,1,1,1,0,9680,0,0,0,4,-1,0,0,0
33,1,1,0,0,134,1,0,0,2,-1,0,0,0
46,1,1,0,0,977,0,1,1,3,-1,0,0,1
38,7,1,2,0,535,1,0,0,2,-1,0,0,0
40,10,2,2,0,7968,0,0,0,1,-1,0,0,1
41,10,1,1,0,0,0,0,0,14,-1,0,0,0
34,1,1,1,0,129,1,0,0,2,-1,0,0,0
36,4,0,2,0,668,1,0,0,1,-1,0,0,0
32,4,2,2,0,191,0,0,0,4,-1,0,0,0
36,4,2,1,0,278,0,0,0,2,-1,0,0,0
33,4,2,2,0,935,0,0,0,2,92,8,2,1
33,4,1,1,0,2858,1,1,0,1,298,5,0,0
51,4,1,2,0,615,1,0,0,1,-1,0,0,0
39,9,1,1,0,0,0,0,0,3,-1,0,0,0
42,1,1,0,0,0,0,0,0,2,-1,0,0,0
29,8,2,1,0,872,1,0,0,1,-1,0,0,0
30,9,1,2,0,1454,0,0,1,3,-1,0,0,0
38,3,1,0,0,3577,0,0,0,2,-1,0,0,0
46,4,2,2,0,1631,1,0,0,1,-1,0,0,0
50,4,1,1,0,-44,1,0,0,1,-1,0,0,0
54,2,1,1,0,19,1,0,0,1,368,1,0,0
37,1,1,0,0,213,0,1,0,1,-1,0,0,0
80,5,1,1,0,87,0,0,1,2,-1,0,0,0
25,9,2,2,0,468,1,0,0,1,-1,0,0,0
37,9,2,1,0,3326,1,0,0,1,-1,0,0,1
58,4,1,2,0,2764,0,0,0,1,196,1,0,0
51,3,1,0,0,3073,0,0,0,1,-1,0,0,0
40,9,1,1,0,-496,0,0,1,2,-1,0,0,0
37,0,0,2,0,43,1,0,0,2,-1,0,0,0
33,1,2,1,0,307,1,0,0,2,-1,0,0,0
36,0,2,1,0,119,0,0,0,2,-1,0,0,0
30,4,2,2,0,0,0,0,0,2,-1,0,0,0
46,0,0,1,0,1342,1,0,0,1,-1,0,0,0
35,2,1,0,0,-394,1,0,0,3,-1,0,0,0
43,6,1,1,0,274,0,0,0,4,-1,0,0,0
27,4,2,2,0,8,0,0,1,2,-1,0,0,0
32,9,2,2,0,2185,0,0,0,2,-1,0,0,0
33,6,1,2,0,576,1,0,0,3,-1,0,0,0
39,4,2,2,0,220,1,0,0,2,-1,0,0,0
52,4,1,2,0,0,1,0,0,1,249,1,0,0
56,4,2,1,0,237,1,0,1,4,-1,0,0,0
37,4,1,2,0,0,1,0,1,8,-1,0,0,0
25,7,2,1,0,2311,0,1,0,2,-1,0,0,1
50,6,1,1,0,36,0,0,0,10,-1,0,0,0
54,4,1,2,0,2452,1,0,0,3,-1,0,0,0
42,7,1,1,0,1048,1,0,0,1,-1,0,0,0
41,4,0,2,0,20479,0,0,0,2,-1,0,0,0
45,9,1,1,0,0,1,0,0,1,-1,0,0,1
34,9,2,1,0,0,0,0,0,2,-1,0,0,0
37,4,1,1,0,676,0,0,1,2,-1,0,0,0
51,2,0,2,0,4,1,1,0,5,-1,0,0,0
45,4,1,2,0,706,1,1,0,2,-1,0,0,0
50,0,1,0,0,246,1,0,0,2,299,5,0,0
51,2,1,1,0,0,1,0,0,1,300,2,0,0
48,4,2,1,0,7,0,0,0,1,-1,0,0,0
33,4,1,2,0,403,1,0,0,2,-1,0,0,0
46,7,1,0,0,43,1,0,0,5,-1,0,0,0
56,7,1,1,0,1150,0,1,0,1,117,3,0,0
36,4,1,2,0,6404,1,1,1,1,-1,0,0,0
47,1,1,0,0,2269,1,0,0,1,279,2,0,0
53,1,1,1,0,4380,0,0,1,7,-1,0,0,0
54,6,1,2,0,1510,0,0,1,2,-1,0,0,0
50,4,0,2,0,2564,1,0,0,4,113,8,0,0
40,1,1,0,0,4608,1,0,1,2,156,1,0,0
46,6,1,1,0,567,0,0,0,10,-1,0,0,0
26,1,1,1,0,245,1,0,0,2,-1,0,0,0
34,4,1,2,0,402,1,0,0,2,-1,0,0,0
72,5,1,1,0,1940,0,0,1,2,-1,0,0,1
35,1,2,1,0,2298,0,0,0,4,-1,0,0,0
34,9,2,1,0,0,0,0,0,6,-1,0,0,0
45,7,1,1,0,1064,0,0,0,6,-1,0,0,0
37,4,2,2,0,0,0,0,0,1,-1,0,0,1
39,9,2,1,0,1104,0,0,0,2,105,2,2,0
48,1,1,1,0,794,0,0,0,6,-1,0,0,0
49,4,1,2,0,223,0,0,0,22,-1,0,0,0
77,5,0,0,0,639,0,0,1,7,-1,0,0,0
46,3,2,1,0,198,1,0,0,1,350,1,1,0
28,9,1,1,0,448,1,0,0,2,346,3,1,0
24,9,2,1,0,3926,1,0,0,2,-1,0,0,0
40,10,2,1,0,350,1,0,0,1,-1,0,0,0
32,0,2,1,0,73,1,0,0,1,-1,0,0,0
75,5,0,1,0,2199,0,0,1,1,-1,0,0,0
33,4,1,1,0,4385,0,1,0,1,-1,0,0,0
36,4,0,2,0,133,1,0,0,1,-1,0,0,0
58,6,1,2,0,6237,1,0,0,2,-1,0,0,0
51,7,1,1,0,53,1,0,0,2,-1,0,0,0
60,4,1,2,0,0,0,0,0,6,-1,0,0,0
50,1,0,1,0,2812,1,0,0,37,-1,0,0,0
50,4,0,2,0,356,0,0,0,2,358,5,1,0
46,4,0,2,0,2166,1,0,0,1,-1,0,0,1
34,7,1,1,0,409,1,0,0,4,-1,0,0,0
26,7,1,1,0,2063,1,1,0,1,-1,0,0,0
55,4,0,2,0,608,1,0,0,2,-1,0,0,0
37,0,1,1,0,1123,0,1,0,1,-1,0,0,0
33,6,2,2,0,2155,0,0,0,1,-1,0,0,0
40,4,1,2,0,0,0,0,0,7,-1,0,0,0
32,0,1,2,0,118,0,0,0,4,176,10,0,0
49,1,2,1,0,-367,1,0,0,1,207,1,0,0
37,9,2,2,0,0,1,0,0,6,-1,0,0,1
50,9,1,1,0,-353,1,1,0,1,175,2,0,0
46,1,1,0,0,2023,1,0,0,1,-1,0,0,0
33,1,1,1,0,-10,1,0,0,1,-1,0,0,0
48,4,1,2,0,879,0,0,0,3,-1,0,0,0
35,9,1,2,0,7951,0,1,0,1,-1,0,0,0
31,9,2,2,0,665,1,0,0,1,-1,0,0,0
30,4,2,2,0,73,0,0,0,6,-1,0,0,0
56,9,1,1,0,61,0,1,0,1,-1,0,0,0
41,9,2,1,0,-41,1,1,0,1,-1,0,0,0
60,5,0,1,0,2047,1,0,1,3,-1,0,0,0
37,6,1,1,0,1523,0,1,0,2,-1,0,0,0
28,0,1,2,0,153,1,0,0,1,-1,0,0,0
48,7,0,1,0,105,0,0,0,2,-1,0,0,0
27,9,2,2,0,290,0,0,0,1,-1,0,0,0
36,7,2,1,0,1227,1,1,0,5,341,3,0,1
34,8,1,2,0,387,1,0,0,3,-1,0,0,0
29,6,2,1,0,0,0,0,0,2,-1,0,0,0
29,1,2,0,0,-24,1,0,0,1,-1,0,0,0
35,9,0,1,0,-281,0,0,0,1,-1,0,0,0
45,9,1,1,0,760,0,0,0,2,-1,0,0,0
38,4,1,2,0,6999,0,0,0,2,-1,0,0,0
36,1,2,0,0,367,0,0,0,1,-1,0,0,0
31,9,2,1,0,433,0,0,0,2,-1,0,0,0
25,1,1,1,0,895,0,0,0,3,-1,0,0,0
60,1,1,0,0,6271,1,0,0,2,254,5,0,0
50,9,1,1,0,156,0,1,0,3,-1,0,0,1
51,2,1,2,0,3,0,0,0,2,-1,0,0,0
52,9,1,2,0,2557,0,0,0,5,204,2,2,1
35,1,2,1,0,3508,1,0,0,3,-1,0,0,0
46,1,1,0,0,0,1,0,0,9,-1,0,0,0
51,0,0,1,0,2195,1,0,0,1,-1,0,0,0
36,9,1,2,0,4596,1,0,0,2,-1,0,0,1
55,7,1,1,0,2120,0,0,0,3,-1,0,0,0
37,4,1,2,0,4089,1,0,0,2,174,4,1,1
46,0,0,1,0,98,1,1,0,1,-1,0,0,0
43,5,1,1,0,808,0,0,0,3,-1,0,0,0
26,9,2,1,0,8,0,0,0,1,-1,0,0,0
48,5,1,1,0,74,0,1,0,1,-1,0,0,0
33,1,1,1,0,1130,1,0,0,1,-1,0,0,0
35,1,1,1,0,247,1,1,0,1,352,5,0,0
59,1,1,1,0,-1336,0,1,0,2,-1,0,0,0
32,4,2,2,0,27,1,0,0,1,-1,0,0,0
49,0,1,1,0,272,0,1,1,18,-1,0,0,0
36,4,1,2,0,0,1,0,0,3,29,4,2,0
35,10,1,2,0,1057,1,0,0,2,-1,0,0,0
35,1,1,1,0,314,1,0,0,1,-1,0,0,0
41,3,1,0,0,322,0,0,0,1,324,2,0,0
53,4,2,1,0,5558,1,0,0,6,189,3,0,0
32,9,1,2,0,3850,1,0,0,4,-1,0,0,0
83,5,1,2,0,4761,0,0,1,1,-1,0,0,1
33,1,2,1,0,706,1,0,0,1,322,1,0,0
34,9,0,1,0,49,0,0,0,1,-1,0,0,0
54,4,0,2,0,3473,1,0,0,2,-1,0,0,0
44,4,2,2,0,639,0,0,0,12,-1,0,0,0
60,2,1,0,0,0,0,0,0,1,-1,0,0,0
31,4,1,2,0,0,1,0,0,2,167,1,0,0
36,7,2,1,0,-253,1,0,0,1,-1,0,0,1
50,9,1,1,0,1824,1,0,1,8,-1,0,0,0
41,10,1,1,0,0,0,0,0,2,-1,0,0,0
53,9,1,1,0,2052,1,0,0,1,-1,0,0,0
36,0,2,1,0,0,0,0,0,1,-1,0,0,0
37,1,1,1,0,969,1,0,0,2,-1,0,0,0
44,1,0,1,0,221,0,0,0,13,-1,0,0,0
32,2,1,2,0,598,0,0,0,6,-1,0,0,0
26,7,1,1,0,-379,1,1,0,7,-1,0,0,1
44,9,1,1,0,1127,1,0,0,4,-1,0,0,0
31,9,2,2,0,2807,0,0,0,1,-1,0,0,1
37,4,2,2,0,230,1,1,0,2,272,1,0,0
59,1,0,1,0,-361,0,1,0,3,-1,0,0,0
26,1,2,0,0,-295,1,0,0,1,-1,0,0,0
36,4,2,2,0,227,0,1,0,4,-1,0,0,0
35,4,2,2,0,714,1,0,0,2,224,22,0,0
56,4,1,0,0,405,0,0,0,2,-1,0,0,0
26,4,2,2,0,114,1,0,0,1,-1,0,0,1
52,0,1,0,0,270,1,0,0,2,-1,0,0,0
46,10,2,1,0,2052,0,0,0,1,-1,0,0,0
33,4,2,2,0,4128,1,0,0,6,-1,0,0,0
35,4,2,2,0,1891,1,0,0,3,270,5,0,0
42,10,1,0,1,-581,1,0,0,1,370,2,0,0
32,9,2,1,0,1107,0,0,0,8,-1,0,0,0
28,1,1,0,0,0,1,0,0,2,-1,0,0,0
52,1,1,1,0,-98,1,0,0,1,-1,0,0,0
43,7,2,1,0,-63,1,0,0,3,374,1,1,0
52,4,1,1,0,2216,1,1,0,1,332,8,0,0
54,4,1,0,0,2587,0,0,0,2,-1,0,0,1
60,4,0,2,0,366,0,0,0,1,-1,0,0,1
26,4,2,2,0,828,1,0,0,1,199,1,0,1
52,3,1,1,0,234,0,0,0,1,-1,0,0,0
35,1,0,1,0,0,1,0,0,2,-1,0,0,0
54,10,0,1,0,925,0,0,0,1,-1,0,0,0
53,9,0,1,0,4856,1,0,0,1,-1,0,0,0
30,9,2,1,0,-522,1,1,0,2,286,6,0,1
31,4,2,2,0,3967,1,0,0,1,182,1,0,0
59,5,1,0,0,3400,1,0,0,3,-1,0,0,1
43,6,1,2,0,4324,1,0,0,1,-1,0,0,0
58,1,1,1,0,9,0,0,0,23,-1,0,0,0
36,4,1,2,0,699,0,0,0,1,-1,0,0,0
58,5,1,0,0,1241,0,0,0,2,-1,0,0,1
60,4,1,2,0,553,1,0,0,1,210,3,2,0
32,9,1,1,0,3095,0,0,0,10,-1,0,0,0
52,0,1,1,0,101,1,1,0,4,-1,0,0,0
43,7,2,1,0,370,1,0,0,1,-1,0,0,0
38,0,2,1,0,-213,1,1,0,1,-1,0,0,0
32,9,2,2,0,2340,0,0,0,2,-1,0,0,1
34,4,1,2,0,0,1,0,0,2,-1,0,0,0
38,1,1,1,0,97,1,0,0,2,-1,0,0,0
40,4,1,2,1,-1036,1,1,0,2,-1,0,0,0
38,7,2,1,0,322,1,0,0,1,-1,0,0,0
45,0,1,1,0,820,1,0,0,2,-1,0,0,0
42,4,2,2,0,1608,0,0,0,21,-1,0,0,0
40,4,1,2,0,713,0,0,0,3,-1,0,0,0
53,0,1,1,0,109,0,0,1,1,120,1,2,0
31,4,2,2,0,9421,0,0,0,1,-1,0,0,1
46,1,1,1,0,1660,1,0,0,1,-1,0,0,0
42,4,1,1,0,71,0,0,0,1,-1,0,0,0
33,0,2,1,0,346,1,0,0,7,354,2,1,0
54,1,1,1,0,1480,1,0,0,1,-1,0,0,0
48,4,1,1,0,99,1,0,0,1,-1,0,0,0
30,0,2,1,0,-1,1,0,0,1,-1,0,0,0
34,4,2,1,0,31,1,0,0,14,-1,0,0,0
34,2,2,1,1,-200,0,1,0,5,-1,0,0,0
38,1,1,0,0,406,1,0,0,1,188,5,0,0
50,4,1,2,0,4315,1,0,0,11,-1,0,0,0
60,1,1,1,0,3563,0,0,0,2,-1,0,0,0
54,1,1,0,0,95,0,0,0,1,-1,0,0,0
42,9,1,1,0,2980,0,0,0,3,-1,0,0,0
46,1,1,0,0,1483,1,0,0,3,-1,0,0,0
40,4,1,2,0,416,1,0,0,2,-1,0,0,0
41,1,1,1,0,217,1,0,0,2,344,1,0,0
34,1,2,1,0,-199,0,0,0,10,-1,0,0,0
37,4,1,2,0,784,1,0,0,3,-1,0,0,0
60,5,1,0,0,1369,0,1,0,2,-1,0,0,0
37,4,0,2,0,0,1,0,0,5,-1,0,0,0
41,1,1,0,0,201,1,0,0,1,-1,0,0,1
53,5,1,1,0,136,0,0,0,1,-1,0,0,0
44,0,0,1,0,-179,1,0,0,1,-1,0,0,0
32,7,2,1,0,6983,0,0,0,1,-1,0,0,1
48,9,1,1,0,759,1,0,0,5,-1,0,0,0
31,6,2,2,0,91,0,0,0,1,-1,0,0,0
43,1,1,0,0,778,1,1,0,5,-1,0,0,0
33,4,2,2,0,5437,0,0,0,1,91,1,0,1
37,10,1,1,0,63,0,0,0,1,-1,0,0,0
30,4,1,2,0,1239,0,0,0,5,-1,0,0,0
50,1,1,0,0,-141,1,0,0,2,-1,0,0,0
34,0,1,1,0,613,1,0,0,1,-1,0,0,0
41,1,1,1,0,514,0,1,1,3,-1,0,0,0
30,0,1,1,0,695,1,0,0,2,-1,0,0,0
73,5,1,1,0,2850,0,0,0,1,40,8,0,1
44,7,0,1,0,0,1,0,0,2,370,2,0,0
37,1,1,0,0,907,1,0,0,1,-1,0,0,0
51,1,1,0,0,63,1,1,0,4,-1,0,0,0
35,0,0,1,0,1085,0,0,0,6,97,12,1,1
71,4,1,2,0,353,0,0,0,1,93,2,0,0
42,9,1,1,0,233,0,0,0,1,231,4,0,0
25,1,1,1,0,300,1,1,0,3,-1,0,0,0
33,9,2,2,0,317,1,0,0,1,80,14,1,1
42,1,1,0,0,1288,1,0,0,1,-1,0,0,0
58,9,1,2,0,332,0,0,0,3,-1,0,0,0
46,2,1,0,0,8873,1,0,0,2,-1,0,0,0
43,4,2,1,0,181,0,0,1,1,-1,0,0,0
29,4,2,2,0,1445,0,0,0,2,-1,0,0,1
28,9,2,2,0,865,0,0,0,1,-1,0,0,0
36,0,0,1,0,0,1,0,0,2,-1,0,0,0
37,5,1,1,0,-252,0,0,0,3,-1,0,0,0
23,4,1,2,0,175,1,0,0,1,-1,0,0,0
44,1,1,0,0,2467,1,0,0,1,-1,0,0,0
31,3,2,1,0,540,0,0,0,3,-1,0,0,0
30,4,2,2,0,355,1,0,0,2,-1,0,0,0
49,4,1,2,0,4374,1,0,0,3,-1,0,0,0
69,5,1,2,0,473,0,0,0,1,106,2,0,0
52,1,1,0,0,1007,1,0,0,2,-1,0,0,0
36,4,2,2,0,891,1,0,0,5,-1,0,0,0
43,4,1,2,0,8,0,0,0,4,-1,0,0,0
31,7,2,1,0,481,1,0,0,2,-1,0,0,0
37,4,2,2,0,0,1,0,0,1,344,1,0,0
55,1,1,0,0,2896,0,0,0,3,-1,0,0,0
44,4,1,2,0,5004,0,0,0,2,-1,0,0,0
32,4,2,2,0,334,0,0,0,14,-1,0,0,0
47,0,1,1,0,989,0,0,0,1,-1,0,0,0
54,4,1,1,0,1394,1,0,0,5,-1,0,0,0
41,0,1,0,0,4488,1,0,0,1,-1,0,0,0
32,4,2,2,0,574,1,0,0,1,127,2,0,0
32,6,2,2,0,312,1,0,0,2,-1,0,0,0
41,4,1,1,0,944,0,0,0,2,-1,0,0,0
46,4,0,2,0,1329,0,0,0,2,-1,0,0,1
31,1,2,1,0,823,1,1,0,1,-1,0,0,0
54,1,1,0,0,2281,1,0,0,1,-1,0,0,0
30,4,2,2,0,1761,1,0,0,2,294,1,1,0
35,1,1,1,0,474,1,0,0,3,-1,0,0,0
47,9,1,0,0,12531,1,0,0,3,-1,0,0,0
38,1,2,2,0,797,1,0,0,4,-1,0,0,0
34,9,1,2,0,0,1,0,0,12,-1,0,0,0
53,2,1,2,0,71,0,1,0,1,-1,0,0,0
30,9,2,2,0,445,1,0,0,1,-1,0,0,0
43,2,1,1,0,0,1,0,1,3,-1,0,0,0
37,4,1,2,0,0,1,0,0,1,-1,0,0,0
43,4,1,2,0,5670,1,0,0,4,189,2,0,0
31,7,1,2,0,309,1,1,0,1,-1,0,0,0
50,4,1,2,0,4904,1,0,0,2,-1,0,0,0
29,4,1,2,0,482,0,0,0,1,-1,0,0,0
50,9,1,2,0,3117,0,0,0,2,164,1,0,0
38,9,1,2,0,447,1,0,0,1,269,1,0,0
60,5,1,1,0,1524,0,0,0,1,-1,0,0,0
41,4,0,2,0,902,1,0,0,1,-1,0,0,0
30,1,1,1,0,0,0,0,0,3,-1,0,0,0
40,9,1,1,0,214,0,0,0,6,-1,0,0,0
30,7,1,1,0,152,1,0,0,2,-1,0,0,0
50,1,1,1,0,3988,0,0,0,4,-1,0,0,0
35,4,1,1,0,839,1,0,0,3,-1,0,0,0
29,0,2,1,0,291,0,0,0,9,-1,0,0,0
43,4,1,2,0,0,1,0,0,1,-1,0,0,0
55,7,0,0,0,96,1,1,0,2,-1,0,0,0
51,1,1,0,0,91,0,1,0,2,-1,0,0,0
33,4,1,2,0,1323,0,0,0,1,-1,0,0,1
30,1,2,1,0,3532,1,0,0,5,-1,0,0,0
54,3,1,0,0,1319,1,0,1,2,-1,0,0,0
21,1,2,1,0,2265,0,0,0,4,99,2,2,0
50,2,0,2,0,541,0,0,0,1,-1,0,0,0
33,0,2,1,0,-281,1,1,0,1,-1,0,0,0
40,6,1,1,1,-754,1,1,0,3,-1,0,0,1
40,7,1,1,0,695,1,0,0,1,348,10,0,0
42,10,1,1,0,0,1,1,0,1,330,12,0,0
33,1,1,1,0,328,1,0,0,2,182,1,0,0
30,10,2,1,0,79,0,1,0,2,196,1,0,0
51,1,1,0,0,176,0,1,0,2,-1,0,0,0
42,4,2,2,0,7560,0,0,0,1,-1,0,0,1
30,9,2,2,0,178,0,0,0,3,-1,0,0,1
39,9,1,2,0,14,0,0,0,2,-1,0,0,0
36,4,2,2,0,0,0,0,0,8,-1,0,0,0
52,5,1,1,0,49,0,1,1,5,-1,0,0,0
29,3,1,1,0,1104,1,0,0,9,-1,0,0,0
34,1,1,0,0,267,1,0,0,1,-1,0,0,0
53,7,1,0,0,6,0,0,0,2,-1,0,0,0
61,5,1,1,0,3114,0,0,0,1,-1,0,0,1
50,0,0,1,0,-458,1,0,0,2,-1,0,0,0
47,0,1,1,0,3936,1,0,1,2,-1,0,0,0
47,4,1,2,0,902,0,0,0,3,-1,0,0,0
37,7,2,1,0,43,1,0,0,2,-1,0,0,0
35,9,2,1,0,230,0,0,0,1,-1,0,0,0
28,0,2,1,0,1842,1,0,0,2,-1,0,0,0
46,7,0,1,0,1263,1,0,1,2,-1,0,0,0
29,8,1,2,0,10596,1,0,0,1,-1,0,0,0
30,1,2,1,0,906,1,1,0,7,-1,0,0,0
25,1,1,1,0,148,1,0,0,1,-1,0,0,0
41,7,0,1,0,5766,1,1,0,1,169,3,0,0
60,5,0,2,0,380,0,0,0,1,-1,0,0,0
38,4,0,2,0,0,1,1,0,1,-1,0,0,0
21,10,1,1,0,2062,1,0,0,1,-1,0,0,0
59,4,0,2,0,258,1,0,1,1,-1,0,0,1
31,0,1,1,0,454,1,0,0,1,-1,0,0,0
50,4,1,2,0,964,1,0,0,1,-1,0,0,0
56,5,0,2,0,13094,0,0,0,1,-1,0,0,1
48,7,0,1,0,973,0,0,0,1,134,2,2,1
27,9,2,1,0,1742,1,0,0,1,-1,0,0,1
32,7,1,1,0,15,1,0,0,1,-1,0,0,0
46,4,1,2,0,144,0,0,0,4,-1,0,0,0
44,1,1,1,0,594,0,0,0,1,-1,0,0,0
26,0,2,1,0,338,0,0,0,1,92,3,2,0
38,1,1,1,0,5,1,0,0,2,-1,0,0,0
42,4,1,1,0,1519,0,0,0,1,92,1,2,1
31,9,2,1,0,3701,0,0,0,3,-1,0,0,0
34,0,1,1,0,-45,1,0,0,4,-1,0,0,0
28,9,2,2,0,4513,1,0,0,3,-1,0,0,0
56,7,1,1,0,4719,1,1,0,4,-1,0,0,0
82,3,0,0,0,1381,0,0,0,1,-1,0,0,0
40,3,1,1,0,84,1,1,0,7,-1,0,0,0
50,9,0,1,0,-403,0,1,0,2,119,2,0,0
47,1,1,1,0,1044,1,0,0,6,371,1,0,0
27,9,2,2,0,372,1,1,0,2,-1,0,0,1
36,9,1,1,0,432,1,1,0,1,-1,0,0,0
59,5,1,1,0,1521,1,1,0,2,-1,0,0,1
38,7,1,1,0,53,0,0,0,1,-1,0,0,0
31,3,2,1,0,1301,1,0,0,15,-1,0,0,0
58,0,1,0,0,549,0,0,0,2,-1,0,0,0
53,4,1,2,0,-601,1,0,0,2,-1,0,0,0
40,9,1,1,0,192,0,0,0,2,-1,0,0,0
53,1,2,1,0,0,0,0,0,7,-1,0,0,0
52,3,1,1,0,1752,0,1,1,4,123,8,0,0
30,9,1,2,0,1045,0,0,0,4,-1,0,0,0
43,9,2,1,0,451,0,0,0,2,-1,0,0,1
47,4,1,2,0,4386,1,0,1,1,-1,0,0,0
34,4,2,2,0,1640,1,0,0,3,-1,0,0,0
57,4,1,1,0,139,0,0,0,1,-1,0,0,0
31,4,2,1,0,2,0,0,0,4,-1,0,0,0
36,1,1,1,0,777,1,0,0,3,-1,0,0,0
57,7,1,1,0,1301,1,0,0,2,-1,0,0,0
33,4,0,2,0,433,0,0,0,4,-1,0,0,0
27,8,2,1,0,1411,0,0,0,1,-1,0,0,0
43,1,1,0,0,0,1,0,0,3,285,4,0,0
27,6,2,2,0,560,0,0,1,9,465,2,0,0
33,1,1,1,0,1454,1,0,0,2,-1,0,0,0
31,0,2,1,0,119,0,0,0,1,-1,0,0,0
49,2,1,1,0,687,0,0,0,6,-1,0,0,0
53,4,1,0,0,351,1,0,0,4,-1,0,0,0
37,9,2,1,0,17,1,0,0,1,-1,0,0,0
39,1,0,0,0,815,1,0,0,3,-1,0,0,0
60,5,1,1,0,819,1,0,0,2,-1,0,0,0
37,2,1,2,0,298,0,0,0,5,-1,0,0,0
54,9,1,1,0,306,0,0,0,1,-1,0,0,0
23,1,2,1,0,817,1,0,0,1,-1,0,0,0
32,7,2,1,0,545,1,0,0,1,180,1,0,0
43,4,1,2,0,0,0,0,0,1,-1,0,0,0
33,0,1,1,0,393,1,0,0,1,-1,0,0,0
47,9,1,1,0,302,1,0,0,3,-1,0,0,0
36,9,0,2,0,1023,1,0,0,4,-1,0,0,0
27,1,2,1,0,294,1,0,0,2,-1,0,0,0
46,0,0,1,0,984,1,0,0,4,369,5,0,0
42,4,2,2,0,0,0,0,0,1,-1,0,0,0
52,4,1,0,0,5521,0,0,0,4,-1,0,0,0
45,9,1,1,0,1441,1,0,0,1,113,2,1,0
48,1,1,1,0,5057,1,0,0,2,-1,0,0,0
39,9,1,2,0,1889,0,0,0,2,-1,0,0,0
52,3,1,1,0,-12,0,1,0,5,-1,0,0,0
39,1,1,1,0,3231,1,1,0,2,-1,0,0,0
46,7,1,1,0,1757,1,0,0,4,-1,0,0,0
31,0,1,1,0,-36,1,1,0,1,-1,0,0,0
28,1,1,1,0,1590,0,0,0,4,-1,0,0,0
39,1,1,1,0,157,1,0,0,6,-1,0,0,0
29,4,2,1,0,3317,0,1,1,7,-1,0,0,1
52,3,1,0,0,135,0,0,0,9,-1,0,0,0
49,5,0,1,0,-268,1,0,0,2,206,5,0,0
50,0,0,0,0,8583,1,0,0,1,-1,0,0,0
39,0,2,1,0,238,1,0,0,1,-1,0,0,0
34,1,2,1,0,0,1,0,0,1,-1,0,0,0
30,7,0,1,0,0,1,0,0,1,-1,0,0,0
32,9,2,2,0,449,0,0,0,2,-1,0,0,0
60,5,1,1,0,1690,0,0,0,4,-1,0,0,1
31,4,2,2,0,358,1,0,0,3,256,51,0,0
57,9,1,1,0,109,0,0,0,4,-1,0,0,0
45,0,2,1,0,757,1,1,0,3,-1,0,0,0
39,9,0,1,0,902,1,0,0,2,180,5,0,1
47,9,0,1,0,1013,0,0,0,3,-1,0,0,0
29,7,2,1,0,196,0,0,0,2,-1,0,0,1
53,0,1,1,0,-197,1,1,0,1,-1,0,0,0
61,0,1,1,0,4608,0,0,0,1,-1,0,0,1
48,0,2,1,0,96,1,0,0,1,-1,0,0,0
38,1,2,1,0,5338,0,0,1,1,-1,0,0,0
37,6,1,2,0,137,0,0,0,6,-1,0,0,0
35,7,1,1,0,-12,0,0,0,4,-1,0,0,0
31,10,2,1,0,3528,0,0,0,1,-1,0,0,0
40,9,1,2,0,1063,1,1,0,2,-1,0,0,0
51,9,0,0,0,300,0,1,0,6,-1,0,0,0
39,1,0,1,0,241,1,0,0,2,-1,0,0,0
40,9,1,2,0,278,0,0,0,7,-1,0,0,0
58,1,1,1,0,2592,1,0,0,1,-1,0,0,0
33,1,2,1,0,372,1,0,0,1,-1,0,0,0
51,2,1,1,0,934,1,1,0,3,-1,0,0,0
52,1,1,0,0,28,1,0,1,3,-1,0,0,0
28,1,2,1,0,1065,1,1,0,1,317,1,0,0
37,1,1,0,0,3051,0,0,0,4,-1,0,0,0
50,6,1,1,0,-84,1,0,0,1,-1,0,0,0
34,4,1,2,0,271,1,0,0,1,94,4,2,1
39,9,1,1,0,597,1,0,0,2,-1,0,0,0
40,1,0,1,0,-426,0,1,0,1,-1,0,0,0
46,9,1,1,0,3,1,1,0,3,-1,0,0,1
47,2,2,2,0,77,1,1,0,1,335,3,0,0
41,1,0,1,0,19,0,1,0,5,-1,0,0,0
30,9,2,2,0,69,0,0,0,1,-1,0,0,0
31,7,2,1,0,31,1,1,0,2,-1,0,0,0
48,4,1,2,0,998,1,0,0,3,-1,0,0,0
46,5,0,1,0,865,0,0,0,11,-1,0,0,0
34,4,1,2,0,3167,1,1,0,1,-1,0,0,0
32,0,2,1,0,10218,1,0,0,2,-1,0,0,0
44,1,1,0,0,1265,1,0,0,1,-1,0,0,1
32,9,1,2,0,3939,0,0,0,2,-1,0,0,0
56,4,1,2,0,1407,0,0,0,1,-1,0,0,0
32,4,1,2,0,4733,0,0,0,1,-1,0,0,1
34,10,1,1,0,2126,1,0,0,2,-1,0,0,0
47,1,1,1,0,4101,1,0,0,1,-1,0,0,0
20,8,2,0,0,0,0,0,0,4,182,4,0,0
27,4,2,2,0,88,0,0,0,1,-1,0,0,0
42,9,2,1,0,1364,1,0,0,6,-1,0,0,1
35,1,1,1,0,233,1,0,0,1,176,1,0,0
37,4,2,2,0,72,1,1,0,5,150,7,0,1
55,4,1,2,0,719,1,0,1,6,284,29,1,0
33,9,1,1,0,1844,1,0,0,3,-1,0,0,0
58,5,1,0,0,196,1,0,0,1,-1,0,0,0
52,1,1,1,0,555,1,0,0,2,-1,0,0,0
51,1,1,1,0,193,0,0,0,5,-1,0,0,0
53,4,1,2,0,1624,0,0,0,3,84,3,2,1
33,7,2,1,0,148,1,0,0,1,150,1,0,0
31,9,2,1,0,475,0,0,0,1,-1,0,0,0
43,4,0,2,0,3327,0,0,1,19,-1,0,0,0
41,0,1,1,0,4320,1,0,0,2,-1,0,0,0
61,5,1,1,0,89,0,0,0,1,181,2,0,0
32,0,2,1,0,91,1,0,0,2,-1,0,0,0
36,9,1,2,0,911,1,1,0,2,21,3,0,1
31,6,2,1,0,202,1,0,0,1,-1,0,0,0
38,7,1,1,0,773,1,0,0,1,359,1,1,0
42,1,0,0,0,213,1,0,0,3,-1,0,0,1
49,9,2,1,0,9131,1,0,0,1,461,5,0,1
50,1,1,0,0,370,1,0,1,6,-1,0,0,0
45,2,1,2,0,1,0,0,0,1,-1,0,0,0
76,5,1,0,0,1492,0,0,1,1,-1,0,0,1
56,9,1,0,0,0,1,1,0,1,-1,0,0,0
28,1,1,0,0,115,1,0,0,4,-1,0,0,0
30,4,2,1,0,209,0,0,0,9,-1,0,0,0
24,8,2,1,0,431,0,0,0,11,185,5,2,1
33,4,2,2,0,383,1,0,0,1,-1,0,0,0
47,1,1,0,0,554,1,0,0,1,-1,0,0,0
52,9,2,1,0,36,1,0,0,1,-1,0,0,0
34,9,0,1,0,136,1,0,0,2,-1,0,0,0
34,1,2,1,0,610,1,0,0,3,-1,0,0,0
42,4,1,2,0,344,1,1,0,2,-1,0,0,0
32,9,2,2,0,471,0,0,0,1,-1,0,0,0
55,0,2,1,0,1854,1,0,0,2,-1,0,0,0
52,4,1,2,0,7192,0,0,0,1,-1,0,0,1
56,1,1,0,0,3498,0,0,0,2,-1,0,0,1
22,8,2,1,0,1925,0,0,0,1,-1,0,0,0
25,4,1,2,0,127,1,0,0,2,-1,0,0,0
48,4,2,1,0,1819,0,0,0,1,458,1,0,1
51,3,1,0,0,618,1,1,0,1,-1,0,0,0
38,6,1,1,0,-17,1,0,0,3,326,1,1,0
56,4,1,2,0,-762,1,1,0,2,-1,0,0,0
36,4,1,2,0,-2,0,0,0,2,-1,0,0,0
28,6,2,2,0,270,1,0,0,2,345,2,0,0
48,4,1,2,0,1741,1,1,1,1,-1,0,0,0
32,4,2,2,0,41,1,0,0,1,338,1,1,0
26,0,2,1,0,685,0,0,0,1,-1,0,0,0
49,0,1,1,0,512,1,1,0,3,-1,0,0,0
41,9,1,1,0,1226,0,0,0,1,-1,0,0,0
48,6,1,0,0,3062,0,0,0,5,-1,0,0,0
55,10,0,1,0,387,1,0,0,1,-1,0,0,1
46,1,1,1,0,536,1,0,0,2,-1,0,0,0
34,0,1,1,0,592,1,0,0,1,-1,0,0,0
32,1,0,1,0,291,1,1,0,6,-1,0,0,0
34,4,1,2,0,3486,0,0,0,10,-1,0,0,0
35,6,1,2,0,35368,1,0,0,1,-1,0,0,0
34,9,1,1,0,1246,0,0,0,3,-1,0,0,0
46,4,1,2,0,326,0,0,0,7,-1,0,0,0
30,7,1,1,0,2212,1,0,1,1,249,2,1,0
27,4,1,2,0,1,1,0,0,1,-1,0,0,0
39,1,1,0,0,1373,1,0,1,5,-1,0,0,0
31,9,2,2,0,699,1,0,0,4,277,4,0,0
37,4,2,2,0,0,0,0,0,6,-1,0,0,0
56,2,1,2,0,40,0,1,0,2,-1,0,0,0
31,1,1,2,0,2827,1,0,0,3,-1,0,0,0
22,0,2,2,0,897,1,0,0,4,-1,0,0,1
28,4,2,2,0,223,1,0,1,2,119,1,1,1
50,1,1,0,0,604,0,0,0,1,-1,0,0,0
25,9,2,1,0,886,0,0,0,1,-1,0,0,0
30,1,2,1,0,-93,1,0,0,2,-1,0,0,0
37,1,0,1,0,-271,1,0,0,1,-1,0,0,0
58,5,1,1,0,662,1,0,0,1,-1,0,0,0
32,9,2,2,0,8047,1,0,0,13,-1,0,0,0
55,10,2,0,0,274,0,0,0,5,-1,0,0,0
58,1,1,0,0,226,1,1,0,3,-1,0,0,0
46,1,1,1,0,1109,1,0,0,12,-1,0,0,0
58,4,1,1,0,1547,0,0,1,4,-1,0,0,1
30,9,2,2,0,91,1,1,0,1,-1,0,0,0
33,1,1,1,0,372,1,0,0,2,-1,0,0,0
42,1,1,0,0,-404,1,1,0,1,-1,0,0,0
60,4,1,0,0,4722,0,0,0,3,-1,0,0,0
42,9,1,2,0,15445,0,0,0,2,-1,0,0,0
38,9,1,1,0,922,1,1,0,2,-1,0,0,0
40,7,2,1,0,1038,0,0,0,1,-1,0,0,0
38,1,1,0,0,481,1,0,1,5,-1,0,0,0
58,4,0,2,0,1573,1,1,0,1,-1,0,0,0
48,1,1,1,0,157,1,0,0,1,-1,0,0,0
31,4,2,2,0,2296,1,0,0,8,-1,0,0,0
32,9,2,1,0,2421,1,0,0,8,-1,0,0,0
34,9,0,1,0,347,0,0,0,14,-1,0,0,0
38,1,0,1,0,2998,1,0,0,1,-1,0,0,0
38,0,1,2,0,69,0,0,0,2,-1,0,0,0
27,0,1,1,0,1596,0,0,0,1,-1,0,0,1
43,1,1,1,0,105,0,1,0,2,-1,0,0,0
61,2,0,1,0,369,0,0,0,1,-1,0,0,0
51,9,1,1,0,-379,1,0,0,1,-1,0,0,0
32,7,2,1,0,81,1,0,0,5,-1,0,0,0
31,9,2,1,0,118,0,0,0,1,-1,0,0,0
39,1,1,1,0,180,1,0,0,1,-1,0,0,0
40,4,1,1,0,6695,1,0,0,1,-1,0,0,0
50,0,1,1,1,-437,1,1,0,1,-1,0,0,0
26,7,1,1,0,311,1,0,0,1,-1,0,0,0
53,4,1,2,0,261,1,0,1,2,336,2,0,0
35,7,0,1,0,67,1,0,0,2,-1,0,0,0
40,9,0,1,0,0,1,0,0,1,-1,0,0,0
50,7,0,1,1,-210,0,1,0,7,-1,0,0,0
50,1,1,0,0,1052,0,0,0,4,-1,0,0,0
48,9,1,2,0,2369,0,0,0,2,-1,0,0,0
32,0,2,2,0,3816,1,0,0,3,-1,0,0,0
51,1,1,1,0,-19,1,0,0,2,-1,0,0,0
41,1,1,1,0,2361,0,0,0,1,-1,0,0,0
29,9,2,2,0,226,1,0,0,1,-1,0,0,0
38,1,2,2,0,2885,1,0,0,10,-1,0,0,1
30,0,2,1,0,313,1,0,0,2,-1,0,0,1
45,1,1,1,0,419,0,0,0,1,-1,0,0,0
59,10,1,1,0,1226,0,0,0,3,-1,0,0,0
40,7,1,1,0,574,1,0,0,3,-1,0,0,0
30,1,1,0,0,70,1,1,0,3,-1,0,0,0
37,6,2,0,0,235,1,0,0,4,323,9,0,0
30,4,2,1,0,19,0,0,0,2,-1,0,0,0
41,1,1,0,0,241,1,0,0,1,150,1,0,0
49,1,1,0,0,399,0,0,0,1,-1,0,0,0
49,6,1,2,0,2199,1,0,0,1,-1,0,0,0
40,4,2,2,0,0,0,0,0,6,-1,0,0,1
55,10,1,1,0,377,0,0,0,1,183,1,2,0
33,1,2,2,0,350,1,0,0,5,-1,0,0,0
38,1,2,0,0,199,1,0,0,4,-1,0,0,0
35,4,2,2,0,-289,1,0,0,1,-1,0,0,0
34,9,1,2,0,0,0,0,0,2,-1,0,0,0
26,3,1,1,0,13,1,0,0,2,293,1,1,0
33,10,1,1,0,456,0,0,1,1,-1,0,0,0
32,6,0,2,0,3271,0,0,0,1,100,3,2,0
40,6,1,1,0,672,1,0,0,2,-1,0,0,0
47,0,2,1,0,-331,1,0,0,4,-1,0,0,0
36,4,2,2,0,13315,0,0,0,8,-1,0,0,0
43,1,1,1,0,511,1,0,0,7,-1,0,0,0
50,2,1,2,0,2198,0,0,0,6,-1,0,0,0
31,1,1,1,0,225,1,0,0,1,-1,0,0,0
36,1,1,1,0,1272,1,0,0,1,-1,0,0,0
42,9,2,1,0,-1,0,0,0,1,-1,0,0,0
40,9,2,2,0,431,0,0,0,2,-1,0,0,1
36,4,1,1,0,6077,0,0,0,1,-1,0,0,0
32,1,1,0,0,1176,0,0,0,5,-1,0,0,0
51,1,0,0,0,1927,0,1,0,4,-1,0,0,0
40,7,2,1,0,1547,1,0,0,1,-1,0,0,1
29,1,2,0,0,950,1,0,0,3,-1,0,0,0
39,1,1,0,0,50,0,0,0,2,-1,0,0,0
56,9,1,1,0,589,1,0,0,2,-1,0,0,1
39,0,0,1,0,399,1,1,0,2,-1,0,0,0
28,0,2,1,0,1076,1,0,0,5,-1,0,0,0
55,3,0,0,0,976,0,0,0,1,94,3,1,1
53,1,1,1,0,0,1,1,0,1,-1,0,0,0
30,7,1,1,0,0,1,1,0,1,-1,0,0,0
35,4,2,2,0,5958,1,0,0,1,-1,0,0,1
28,4,2,2,0,-227,1,0,0,2,-1,0,0,0
60,4,1,1,0,130,0,0,0,1,-1,0,0,0
30,9,2,2,0,178,1,0,0,1,-1,0,0,0
38,9,2,1,0,28,1,1,0,3,-1,0,0,0
51,7,1,1,0,1191,0,1,0,1,-1,0,0,0
42,0,2,1,0,243,1,0,0,5,-1,0,0,0
33,4,2,2,0,605,0,0,0,3,-1,0,0,0
48,7,1,1,0,1573,0,0,0,1,-1,0,0,0
48,4,1,1,0,970,0,0,0,2,-1,0,0,0
29,4,1,2,0,465,1,0,0,1,-1,0,0,0
40,5,2,1,0,1400,0,0,0,7,-1,0,0,0
40,9,0,2,0,1082,0,0,0,1,-1,0,0,0
23,8,2,1,0,2530,1,0,0,3,364,3,1,0
54,9,1,1,0,658,0,0,0,4,-1,0,0,0
54,1,1,1,0,1636,0,0,1,2,-1,0,0,1
38,2,1,1,0,-272,0,1,0,2,-1,0,0,0
36,1,1,0,0,994,1,0,0,2,356,8,2,0
30,9,1,1,0,139,0,1,0,2,-1,0,0,0
28,9,2,1,0,26765,0,0,0,8,-1,0,0,0
48,7,1,1,0,288,1,0,0,3,-1,0,0,0
38,1,2,0,0,378,1,0,0,1,-1,0,0,0
29,9,2,1,0,32,1,1,0,1,-1,0,0,0
33,7,2,1,0,149,0,1,0,1,-1,0,0,0
24,1,2,1,0,327,1,0,0,2,-1,0,0,0
46,7,1,1,0,4,0,0,0,1,261,5,1,1
53,9,1,1,0,384,1,0,0,1,-1,0,0,0
59,5,1,1,0,524,0,0,0,2,-1,0,0,0
46,7,1,1,0,2019,1,0,0,1,-1,0,0,0
24,4,2,2,0,1004,1,0,0,1,67,2,0,0
34,0,1,1,0,4902,1,0,0,1,167,1,0,0
47,3,2,1,0,17023,0,0,0,2,97,4,1,0
58,9,1,2,0,883,0,0,0,2,-1,0,0,0
42,0,1,1,1,-9,0,0,0,1,-1,0,0,0
43,0,1,1,0,5048,0,0,1,3,-1,0,0,0
37,1,1,0,0,660,1,1,0,2,-1,0,0,0
56,7,2,1,0,-40,1,0,0,1,368,2,0,1
52,4,2,2,0,269,0,1,0,1,-1,0,0,0
38,1,2,2,0,14058,0,0,1,20,-1,0,0,0
46,1,1,1,0,8,0,0,0,6,-1,0,0,0
54,10,1,1,0,3250,0,0,0,3,-1,0,0,0
34,9,2,1,0,5039,0,0,0,6,-1,0,0,0
54,1,1,1,0,233,1,0,0,3,-1,0,0,0
29,6,1,1,0,123,0,1,0,2,181,1,2,1
55,6,1,2,0,0,0,0,0,3,-1,0,0,0
45,1,1,0,0,-60,0,0,0,4,-1,0,0,0
51,1,1,0,0,2995,1,0,0,2,-1,0,0,0
38,1,1,1,0,757,1,0,0,1,272,1,0,0
49,7,1,1,0,1122,0,0,0,1,-1,0,0,0
56,5,1,1,0,728,0,0,0,2,110,15,0,0
43,7,1,1,0,14679,1,0,0,3,-1,0,0,0
25,1,2,1,0,158,1,1,0,2,-1,0,0,0
43,4,0,1,0,693,1,0,0,3,-1,0,0,0
49,9,1,1,0,308,0,0,0,2,91,5,0,0
53,1,1,0,0,95,1,0,0,3,-1,0,0,0
29,10,2,1,0,67,0,0,0,2,-1,0,0,0
38,1,1,1,0,1663,1,0,0,1,-1,0,0,0
31,4,1,2,0,582,1,0,0,2,-1,0,0,0
51,9,0,1,0,131,1,0,0,1,-1,0,0,0
31,1,1,1,0,212,1,1,0,2,-1,0,0,0
28,0,1,1,0,7707,1,0,0,2,-1,0,0,0
36,9,2,2,0,743,1,0,0,1,-1,0,0,0
50,4,1,2,0,4,1,1,1,3,-1,0,0,0
49,6,1,1,0,0,1,0,0,9,-1,0,0,0
28,1,1,1,0,1827,1,0,0,2,-1,0,0,0
36,9,2,0,0,2169,1,0,0,2,110,3,1,0
25,1,2,0,0,15,0,0,0,3,-1,0,0,0
32,0,2,1,0,299,1,0,0,2,348,2,0,0
35,0,0,1,0,20,0,1,0,1,-1,0,0,0
36,6,1,2,0,506,0,0,0,1,70,2,0,1
29,0,2,1,0,710,1,1,0,1,345,2,0,0
47,0,1,1,0,175,1,0,0,4,262,7,0,0
30,4,1,2,0,0,0,0,0,1,-1,0,0,0
58,4,1,2,0,2261,1,0,0,1,391,1,0,0
34,9,1,1,0,1012,1,1,1,1,-1,0,0,1
43,0,1,1,0,352,0,1,0,4,-1,0,0,0
58,5,1,1,0,374,1,1,0,1,196,1,0,0
37,2,1,2,0,2685,0,0,0,2,-1,0,0,0
30,6,2,2,0,0,1,0,0,1,301,1,0,0
58,5,1,1,0,13,0,0,0,4,-1,0,0,0
52,4,1,0,0,98,1,0,0,1,345,2,0,0
30,4,2,2,0,492,1,0,0,1,-1,0,0,0
42,9,1,2,0,250,0,1,0,3,-1,0,0,0
42,1,2,0,0,-376,1,0,0,1,-1,0,0,0
31,9,0,1,0,342,1,0,0,2,-1,0,0,0
36,0,1,1,0,953,1,0,0,1,81,2,0,0
48,1,1,1,0,439,1,0,0,1,249,2,1,0
28,1,1,1,0,0,1,0,0,2,-1,0,0,0
28,1,1,1,0,0,1,0,0,3,-1,0,0,0
57,1,2,0,0,3495,0,1,0,3,-1,0,0,0
52,10,1,2,0,1595,0,0,0,1,-1,0,0,0
49,4,1,2,0,64,0,0,0,1,-1,0,0,1
34,1,0,0,0,390,1,0,0,2,371,2,2,0
49,4,1,2,0,666,1,0,0,1,309,6,0,0
48,0,0,1,0,0,0,1,0,3,-1,0,0,0
39,1,1,0,0,830,1,0,0,2,-1,0,0,0
45,1,1,0,0,503,1,0,0,1,369,2,0,0
36,0,2,1,0,8,0,0,0,2,-1,0,0,0
32,0,2,1,0,708,0,0,0,1,-1,0,0,0
42,7,1,1,0,-1085,0,1,0,1,-1,0,0,0
30,4,2,2,0,162,1,0,0,4,-1,0,0,0
48,1,1,1,0,1230,1,0,0,2,182,3,2,1
40,2,2,2,0,262,1,1,0,1,-1,0,0,0
32,6,1,1,0,329,1,0,1,4,-1,0,0,0
28,9,1,1,0,169,1,0,0,2,-1,0,0,0
47,1,1,1,0,2548,1,0,0,1,368,1,1,0
25,8,2,2,0,-113,0,0,0,3,-1,0,0,0
46,4,1,2,0,273,1,0,0,6,53,6,2,1
75,5,0,0,0,852,0,0,0,1,-1,0,0,0
50,0,1,1,0,350,0,0,0,2,-1,0,0,0
35,0,0,1,0,-402,1,0,0,1,-1,0,0,0
56,0,2,1,0,1854,1,0,1,1,342,2,0,0
27,7,2,1,0,302,0,0,0,1,-1,0,0,1
32,4,1,2,0,128,1,0,0,3,-1,0,0,0
40,2,1,2,0,121,1,0,0,1,-1,0,0,0
59,5,1,1,0,2011,0,0,0,2,-1,0,0,0
34,7,0,1,0,89,1,0,0,4,-1,0,0,1
34,4,2,2,0,318,1,0,0,2,-1,0,0,0
42,1,0,1,0,898,1,0,0,1,-1,0,0,0
78,5,1,0,0,2735,0,0,1,2,-1,0,0,0
32,9,0,1,0,0,1,0,0,1,-1,0,0,0
39,7,1,1,0,208,0,1,0,2,-1,0,0,0
29,0,1,2,0,238,0,0,0,1,-1,0,0,0
25,7,2,1,0,199,0,0,0,2,-1,0,0,0
23,8,2,1,0,431,0,0,0,2,-1,0,0,1
39,9,1,1,0,355,0,0,0,1,-1,0,0,0
50,4,2,0,0,766,0,0,0,2,-1,0,0,0
38,1,1,1,0,-220,1,0,0,2,-1,0,0,0
33,9,1,2,0,35,0,0,0,4,-1,0,0,0
35,4,1,2,0,94,1,0,0,1,-1,0,0,0
39,4,2,2,0,93,1,1,0,2,331,3,0,0
32,4,2,1,0,787,0,0,0,1,-1,0,0,0
33,7,1,1,0,740,0,1,0,3,-1,0,0,0
47,1,1,1,0,323,0,0,0,1,-1,0,0,0
33,0,0,1,0,961,0,0,0,2,-1,0,0,0
43,1,1,1,0,2105,0,0,1,2,-1,0,0,0
30,0,1,1,0,779,1,0,0,2,17,3,1,0
48,9,2,1,0,957,0,0,0,5,-1,0,0,0
50,2,1,0,0,300,1,0,0,1,339,2,1,0
55,4,1,2,0,12675,0,0,0,2,-1,0,0,0
29,1,2,1,0,9,1,0,0,3,-1,0,0,0
28,1,2,2,0,1984,1,0,0,2,14,1,0,0
57,5,1,1,0,789,0,0,0,3,-1,0,0,0
36,9,1,1,0,196,1,0,0,2,-1,0,0,0
33,4,2,2,0,7084,0,0,0,8,-1,0,0,1
37,0,1,1,0,3226,1,1,0,3,-1,0,0,0
38,1,1,0,0,8251,0,0,0,3,-1,0,0,0
28,1,2,1,0,1285,0,0,1,2,2,17,1,0
60,5,1,0,0,8025,0,0,0,1,-1,0,0,0
70,2,1,2,0,15265,0,0,0,2,-1,0,0,0
33,4,2,2,0,2617,1,1,0,2,-1,0,0,0
57,4,1,1,0,0,1,0,0,7,-1,0,0,0
58,7,1,1,0,-37,0,1,1,2,205,6,0,0
58,5,1,0,0,91,0,1,0,2,-1,0,0,0
48,4,0,2,0,-478,1,0,0,5,167,6,0,0
45,1,0,1,0,9,1,0,0,6,-1,0,0,0
44,2,1,2,0,31,0,0,0,1,-1,0,0,0
31,4,1,2,0,1384,1,0,0,2,2,3,1,0
58,5,0,1,0,439,0,1,0,2,-1,0,0,0
37,4,0,1,0,1448,1,0,0,2,-1,0,0,0
36,1,2,0,0,295,1,0,0,1,-1,0,0,0
35,3,1,0,0,113,1,0,0,2,-1,0,0,1
68,5,1,0,0,2301,0,0,0,3,120,1,0,0
34,4,1,2,0,1495,1,0,0,1,-1,0,0,0
27,3,1,1,0,0,0,1,0,1,-1,0,0,0
35,4,1,2,0,1801,0,0,0,1,-1,0,0,0
53,5,1,1,0,-27,0,0,0,9,-1,0,0,0
41,1,1,1,0,5517,1,0,0,1,-1,0,0,1
49,0,1,1,0,880,1,1,0,3,-1,0,0,0
61,5,1,1,0,399,0,0,0,1,-1,0,0,0
42,2,1,2,0,171,1,0,0,1,176,5,0,0
55,4,1,2,0,39098,0,0,0,3,-1,0,0,0
37,3,1,1,0,7433,0,1,0,3,-1,0,0,1
39,3,0,1,1,127,0,0,0,2,-1,0,0,0
51,1,1,0,0,202,1,0,0,2,-1,0,0,0
37,7,1,1,0,1328,1,0,1,2,341,4,0,0
48,7,1,0,0,717,0,0,0,1,-1,0,0,0
33,0,2,2,0,3379,0,0,0,3,-1,0,0,0
36,7,1,1,0,52,1,0,0,1,95,6,2,1
28,0,2,2,0,282,1,1,0,1,-1,0,0,0
31,1,1,2,0,982,1,1,0,2,-1,0,0,0
30,7,1,1,0,357,1,0,0,4,-1,0,0,0
59,1,1,1,0,0,1,0,0,4,-1,0,0,0
28,4,2,1,0,171,0,0,0,1,-1,0,0,1
47,1,1,1,0,116,1,0,0,2,-1,0,0,0
35,9,2,2,0,174,1,0,0,1,-1,0,0,0
38,4,2,2,0,6158,1,0,0,5,145,9,0,1
45,0,1,1,0,137,1,0,0,1,-1,0,0,0
30,1,1,0,0,0,1,0,0,1,-1,0,0,0
30,9,2,2,0,10,0,0,0,8,-1,0,0,0
45,1,1,1,0,196,1,0,0,1,-1,0,0,0
40,9,0,2,0,1871,1,0,0,1,-1,0,0,0
37,4,1,2,0,1265,0,1,0,1,-1,0,0,0
40,1,1,1,0,217,1,0,0,1,-1,0,0,0
44,1,1,1,0,326,1,0,0,2,-1,0,0,0
39,1,1,1,0,300,1,0,0,1,-1,0,0,0
51,1,0,0,0,1236,1,0,0,1,-1,0,0,0
32,10,1,2,0,283,1,0,0,2,-1,0,0,0
31,4,0,2,0,-547,1,1,0,10,-1,0,0,0
42,1,1,0,0,-119,1,0,0,3,-1,0,0,0
41,1,1,1,0,552,1,0,0,1,-1,0,0,0
24,1,1,1,0,984,1,0,0,3,-1,0,0,0
46,1,1,0,0,2313,1,0,0,2,-1,0,0,0
23,8,2,1,0,107,0,0,0,5,181,2,2,1
26,7,2,2,0,2803,0,0,0,7,-1,0,0,0
26,7,2,1,0,186,1,0,0,3,-1,0,0,0
36,9,1,1,0,88,1,1,0,2,-1,0,0,0
36,3,1,1,0,2880,0,0,0,1,-1,0,0,0
59,5,1,0,0,-411,0,0,0,1,-1,0,0,0
28,9,2,1,0,2335,0,0,0,1,-1,0,0,1
28,4,2,2,0,-380,1,0,0,4,-1,0,0,0
35,4,1,2,0,0,1,0,0,2,-1,0,0,0
52,6,1,1,0,1066,1,0,0,3,-1,0,0,0
26,10,2,1,0,771,0,0,0,1,109,1,0,0
38,10,0,1,0,258,0,0,0,2,-1,0,0,0
42,4,1,2,0,144,0,0,0,1,87,4,0,1
34,10,1,2,0,822,0,0,0,1,-1,0,0,0
49,9,1,2,0,8422,1,0,0,3,-1,0,0,0
56,4,1,2,0,502,0,0,0,2,-1,0,0,0
56,9,1,1,0,992,0,0,0,1,-1,0,0,0
37,4,1,2,0,115,0,0,0,2,-1,0,0,0
46,0,0,1,0,3280,0,0,0,1,-1,0,0,0
29,9,2,2,0,910,1,0,0,1,-1,0,0,0
30,10,2,2,0,306,0,0,0,6,256,14,0,0
40,0,2,1,0,5061,0,1,0,2,-1,0,0,0
28,9,1,1,0,1180,1,0,0,3,-1,0,0,0
41,1,1,1,0,563,1,0,0,12,348,1,0,0
32,9,2,1,0,562,1,0,0,3,-1,0,0,1
40,7,1,1,0,-212,1,1,0,1,-1,0,0,0
26,0,1,1,0,0,1,0,0,6,-1,0,0,0
36,1,2,0,0,2176,1,0,0,2,-1,0,0,0
43,10,1,1,0,970,1,0,1,13,288,11,0,0
29,4,2,2,0,-233,1,0,0,1,-1,0,0,0
43,1,1,1,0,1109,1,0,0,2,-1,0,0,0
50,4,1,2,0,207,1,0,0,1,-1,0,0,0
39,9,1,1,0,4101,1,0,0,2,264,1,1,1
52,0,2,1,0,-346,1,1,0,3,-1,0,0,0
37,0,0,1,1,-302,0,0,0,3,-1,0,0,0
32,1,1,1,0,254,1,0,0,3,-1,0,0,1
31,7,2,1,0,181,0,0,0,1,-1,0,0,1
36,1,1,1,0,382,1,0,0,1,-1,0,0,0
26,4,2,2,0,1326,1,0,0,1,-1,0,0,0
54,7,0,1,0,1012,1,0,0,3,175,2,1,0
40,1,1,0,0,-616,1,0,0,2,-1,0,0,0
51,1,1,0,0,440,0,0,0,5,-1,0,0,0
44,0,1,1,0,72,1,1,0,2,-1,0,0,0
33,2,1,2,0,775,1,1,0,3,-1,0,0,0
41,0,1,1,0,0,1,0,0,3,-1,0,0,0
28,1,2,1,0,6307,1,0,0,1,-1,0,0,0
53,4,1,2,0,2578,0,0,0,4,107,2,0,0
49,0,1,1,0,1632,0,0,0,1,-1,0,0,0
55,9,0,1,0,225,0,1,0,2,-1,0,0,0
23,7,2,1,0,488,0,0,0,1,91,3,2,1
43,9,1,1,0,0,0,1,0,2,193,3,0,0
46,9,0,1,0,-1034,1,1,0,1,-1,0,0,0
38,9,1,1,0,1960,1,0,0,2,-1,0,0,0
40,7,0,1,0,1155,0,1,0,1,138,1,0,0
34,1,1,1,0,683,1,0,0,2,-1,0,0,0
28,0,2,1,0,127,0,0,0,2,-1,0,0,1
57,9,1,2,0,2887,1,0,0,1,-1,0,0,0
39,6,2,1,0,0,0,0,0,11,-1,0,0,0
23,8,2,1,0,107,0,0,0,1,183,1,2,1
29,10,2,2,0,111,0,0,0,2,-1,0,0,0
50,9,1,1,0,1541,1,0,0,1,-1,0,0,0
45,9,1,1,0,0,1,1,1,2,208,1,0,0
41,1,2,1,0,304,1,0,0,2,-1,0,0,0
30,4,2,2,0,1038,0,0,0,2,-1,0,0,0
56,5,1,1,1,101,0,1,0,1,-1,0,0,0
29,1,0,1,0,101,1,0,0,2,355,4,0,0
39,0,1,1,0,140,0,0,0,5,-1,0,0,0
75,5,0,2,0,3810,1,0,0,1,183,1,0,1
36,4,2,2,0,8,0,0,0,7,-1,0,0,0
33,0,1,2,0,99,1,1,0,2,-1,0,0,0
32,4,1,2,0,302,1,1,0,1,384,2,0,1
26,1,2,0,0,155,1,0,0,1,244,4,0,0
38,4,0,2,0,1149,1,0,0,4,-1,0,0,0
40,7,1,1,0,683,1,0,0,2,-1,0,0,0
56,4,2,1,0,111,0,0,0,1,186,1,0,0
33,6,2,2,0,658,1,0,0,1,173,2,2,0
38,7,0,0,0,0,1,0,0,1,155,2,0,0
32,4,1,2,0,282,0,0,0,2,-1,0,0,0
58,1,1,0,0,1231,0,0,0,3,-1,0,0,0
43,4,2,2,0,-56,1,0,0,2,151,14,0,0
51,1,1,1,0,1329,1,1,1,2,287,2,0,0
48,4,1,2,0,5887,0,0,0,2,-1,0,0,0
54,9,1,1,0,10185,0,0,0,1,186,3,2,1
47,4,2,2,0,275,0,0,0,2,-1,0,0,0
31,4,1,2,0,1402,0,0,0,2,-1,0,0,0
31,9,2,2,0,1887,0,1,0,2,183,1,0,0
49,7,1,1,0,199,1,0,0,25,-1,0,0,0
27,1,1,0,1,-588,0,0,0,2,-1,0,0,0
58,1,1,1,0,0,0,1,0,5,-1,0,0,0
24,8,2,1,0,358,0,0,0,2,92,2,2,0
54,4,0,1,0,901,0,0,0,3,-1,0,0,0
40,4,1,2,0,10786,0,0,0,3,-1,0,0,0
32,1,1,1,0,0,1,0,0,2,-1,0,0,0
60,5,1,2,0,108,0,0,0,1,-1,0,0,1
35,0,1,1,0,34,1,0,0,2,365,3,0,0
32,1,1,2,0,143,1,1,0,1,-1,0,0,0
52,4,1,2,0,-2712,1,1,0,1,-1,0,0,0
35,4,1,2,0,15298,0,0,0,3,-1,0,0,0
54,0,0,1,0,1814,0,0,0,1,-1,0,0,0
38,8,2,2,0,807,0,0,0,2,-1,0,0,0
31,9,2,1,0,863,1,0,0,3,111,6,0,0
29,0,1,0,0,131,1,0,0,4,-1,0,0,0
32,4,2,2,0,574,1,0,0,2,145,3,0,0
51,3,1,1,0,1752,0,1,0,8,-1,0,0,0
45,1,1,0,0,5461,1,0,0,2,-1,0,0,1
31,1,2,1,0,-2,0,1,0,2,-1,0,0,0
35,1,1,1,0,485,1,0,0,1,-1,0,0,0
27,9,2,1,0,905,1,1,0,1,-1,0,0,0
39,1,1,0,0,499,1,0,0,1,-1,0,0,0
50,9,1,1,0,416,1,0,0,5,-1,0,0,1
34,4,1,2,0,363,0,0,0,5,-1,0,0,0
35,6,1,1,0,1256,1,0,0,7,-1,0,0,0
32,9,1,2,0,240,1,1,0,3,-1,0,0,0
50,4,1,2,0,4654,0,0,0,2,-1,0,0,0
57,9,0,1,0,145,0,1,0,4,-1,0,0,0
44,9,1,1,0,1,0,1,0,3,-1,0,0,0
34,1,2,1,0,47,1,0,0,1,147,2,0,0
28,4,1,2,0,1246,0,0,0,2,-1,0,0,0
38,9,1,1,0,318,0,0,0,1,181,5,0,1
62,10,1,1,0,1625,0,0,1,1,-1,0,0,0
42,9,1,1,0,0,0,0,0,1,-1,0,0,0
39,1,1,1,0,971,1,1,0,3,-1,0,0,0
69,5,1,1,0,0,0,0,0,1,90,4,2,1
29,9,2,2,0,2998,0,0,0,3,-1,0,0,0
29,4,2,2,0,54,1,1,0,3,-1,0,0,0
35,9,2,2,0,0,1,0,1,2,-1,0,0,0
32,1,1,1,0,883,1,1,0,1,-1,0,0,0
36,3,1,0,0,622,0,0,0,5,-1,0,0,0
53,0,1,1,0,109,0,0,1,1,-1,0,0,1
39,9,2,1,0,1685,1,0,0,1,368,1,0,0
51,3,1,1,0,1270,0,0,0,3,-1,0,0,0
26,8,2,2,0,13887,0,0,0,4,-1,0,0,0
45,7,0,1,0,396,1,1,0,4,329,4,0,0
62,4,1,2,0,0,1,1,0,1,64,3,0,0
35,4,1,1,0,339,1,0,0,1,-1,0,0,0
55,9,1,1,0,462,0,0,0,2,-1,0,0,0
39,1,2,0,0,1537,0,1,0,2,-1,0,0,0
55,9,1,1,0,0,1,1,0,1,91,1,2,0
35,4,2,1,0,343,0,0,0,2,-1,0,0,0
47,4,1,1,0,414,0,0,0,2,-1,0,0,0
40,7,2,1,1,-306,1,0,0,1,-1,0,0,0
41,9,1,1,0,563,1,0,0,4,-1,0,0,0
31,1,2,1,0,53,1,0,0,1,-1,0,0,0
37,1,1,1,0,-67,0,0,0,1,-1,0,0,0
49,9,1,1,0,-287,1,0,0,1,-1,0,0,0
29,9,2,1,0,103,0,0,0,1,-1,0,0,0
32,4,2,2,0,156,1,0,0,6,-1,0,0,0
36,4,0,1,0,47,0,0,0,1,-1,0,0,0
46,2,1,1,0,131,1,0,0,2,-1,0,0,0
30,7,1,1,0,0,1,0,0,1,-1,0,0,0
49,0,0,1,1,2405,1,0,0,8,-1,0,0,0
30,4,1,2,0,1384,1,0,1,2,-1,0,0,0
28,0,2,1,0,1448,0,0,0,5,-1,0,0,0
52,0,1,1,0,199,0,0,0,2,189,1,1,0
35,1,1,1,0,153,1,0,0,2,-1,0,0,0
56,4,1,2,0,705,0,1,0,2,-1,0,0,0
35,7,1,1,0,372,1,0,0,1,-1,0,0,0
34,9,0,1,0,7,1,1,0,2,-1,0,0,0
39,1,1,0,0,2715,1,0,0,3,-1,0,0,0
60,4,1,0,0,21292,0,0,0,6,-1,0,0,0
26,7,1,1,0,199,0,0,0,6,-1,0,0,0
41,1,1,0,0,183,1,1,0,2,-1,0,0,0
45,4,1,1,0,724,1,1,0,1,-1,0,0,0
47,4,1,2,0,0,1,0,1,4,9,2,1,0
54,0,1,1,0,4028,1,0,0,1,-1,0,0,0
53,9,1,1,0,4541,1,0,0,6,-1,0,0,0
31,4,1,2,0,877,0,0,0,1,92,8,2,1
37,0,1,1,0,10465,0,0,0,6,-1,0,0,0
49,5,1,0,0,1381,0,0,0,2,-1,0,0,0
40,4,2,2,0,-318,1,1,0,1,-1,0,0,0
32,1,2,1,0,1067,1,0,0,2,-1,0,0,0
35,1,1,1,0,210,1,0,0,3,-1,0,0,0
38,1,2,0,0,3132,0,0,0,1,-1,0,0,0
44,7,0,1,0,20,0,0,0,1,-1,0,0,0
54,5,0,2,0,294,1,0,0,1,-1,0,0,0
37,10,1,2,0,7620,0,0,1,3,98,3,0,0
37,1,1,1,0,-83,1,0,0,4,-1,0,0,0
39,9,1,1,0,931,1,0,0,1,-1,0,0,0
55,5,1,0,0,150,0,0,0,1,-1,0,0,0
44,4,1,2,0,58,1,0,0,1,126,3,0,0
51,1,0,0,0,5,0,0,0,2,-1,0,0,1
29,1,1,0,0,5,0,0,0,1,-1,0,0,1
30,9,2,2,0,-3,1,0,0,4,-1,0,0,0
55,4,1,2,0,0,0,0,0,2,-1,0,0,0
34,10,2,1,0,9895,0,0,0,2,-1,0,0,0
46,2,1,1,0,3317,0,0,0,2,-1,0,0,0
45,9,0,1,0,54,0,0,0,3,-1,0,0,0
38,9,1,1,0,976,1,0,0,8,308,3,2,0
27,2,2,2,0,6,0,0,0,2,-1,0,0,0
57,9,1,2,0,0,0,0,0,5,-1,0,0,0
28,1,2,1,0,362,1,0,0,1,-1,0,0,0
41,1,1,0,0,336,1,0,0,2,8,1,1,0
45,6,1,2,0,-312,0,0,1,4,-1,0,0,0
42,1,1,0,0,984,1,0,0,1,-1,0,0,0
28,10,1,1,0,858,1,0,0,1,-1,0,0,0
54,4,1,0,0,338,1,0,1,5,-1,0,0,0
57,3,1,0,0,1969,0,0,0,3,-1,0,0,0
31,9,2,1,0,2388,0,0,0,1,-1,0,0,0
28,9,2,2,0,-214,1,0,0,2,262,3,0,0
52,4,0,2,0,1988,1,0,0,1,299,1,0,0
49,3,1,1,0,3570,0,0,0,3,202,2,0,0
64,5,1,1,0,466,1,0,0,1,-1,0,0,1
32,0,1,1,0,552,1,0,0,2,-1,0,0,0
30,9,0,1,0,789,1,0,0,1,-1,0,0,0
37,1,1,1,0,-97,1,0,0,2,-1,0,0,0
31,9,1,2,0,-256,1,0,0,1,365,5,0,0
30,2,1,1,0,1160,0,1,0,1,-1,0,0,0
42,9,1,1,0,29,0,0,0,11,-1,0,0,0
34,4,1,2,0,1036,1,0,0,7,-1,0,0,0
54,4,2,1,0,555,0,1,0,11,-1,0,0,0
29,0,2,2,0,135,0,0,0,1,-1,0,0,0
52,9,1,1,0,0,1,0,0,1,294,1,0,1
27,0,2,1,0,671,1,0,0,1,-1,0,0,0
27,9,2,1,0,337,0,0,0,1,-1,0,0,1
61,4,1,2,0,3371,0,0,0,2,-1,0,0,1
29,9,2,1,0,18,0,0,0,3,-1,0,0,0
49,6,1,1,0,1,1,0,0,3,-1,0,0,0
30,9,1,1,0,769,1,0,0,4,-1,0,0,0
37,9,2,1,0,29,0,0,0,2,-1,0,0,0
54,10,1,2,0,6590,0,0,0,4,-1,0,0,0
54,1,0,0,0,4401,0,0,1,1,183,2,2,1
73,5,1,1,0,2850,0,0,0,1,144,7,0,0
39,6,1,1,1,-571,0,0,0,2,-1,0,0,0
51,4,1,2,0,642,0,0,0,2,-1,0,0,0
35,0,1,1,0,725,1,0,0,1,-1,0,0,0
24,9,2,1,0,-540,1,0,0,2,-1,0,0,0
39,9,0,2,0,665,1,0,0,8,-1,0,0,0
50,4,1,2,1,72,0,0,0,13,-1,0,0,0
42,3,0,0,0,273,0,0,0,1,-1,0,0,0
42,9,1,2,0,1189,0,0,0,3,-1,0,0,0
33,9,2,1,0,0,0,0,0,1,-1,0,0,0
40,1,1,1,0,1938,1,0,0,1,-1,0,0,0
28,1,1,1,0,373,1,0,0,9,344,1,0,0
45,9,1,2,0,1780,0,0,0,4,-1,0,0,0
37,0,1,1,0,1207,1,0,1,2,138,2,2,1
28,1,2,1,0,3430,1,0,0,6,-1,0,0,0
31,0,2,1,0,8626,0,0,0,1,-1,0,0,0
45,1,1,0,0,147,1,0,0,2,-1,0,0,0
42,4,0,2,0,47,1,0,0,2,370,1,0,0
59,5,0,1,0,319,0,0,0,1,-1,0,0,0
36,1,1,1,0,580,0,0,0,1,-1,0,0,0
32,4,1,2,0,440,0,0,0,3,-1,0,0,0
25,0,1,1,0,18,1,0,0,1,-1,0,0,0
30,9,2,2,0,2832,0,0,0,6,-1,0,0,0
28,9,2,1,0,5763,0,1,0,2,-1,0,0,1
31,0,2,1,0,0,0,0,1,3,-1,0,0,0
28,2,2,1,0,1306,1,0,0,3,-1,0,0,0
32,9,1,1,0,2,1,1,0,1,-1,0,0,0
46,9,1,1,0,399,0,0,0,1,-1,0,0,0
45,4,1,2,0,523,1,0,0,2,-1,0,0,0
36,4,1,2,0,1133,1,0,0,1,181,2,1,1
28,0,2,2,0,373,1,0,0,1,79,4,1,0
33,4,2,2,0,3770,0,0,0,2,-1,0,0,0
46,9,1,1,0,0,0,0,0,1,-1,0,0,0
45,9,1,2,0,1818,1,1,0,1,142,5,2,0
44,4,1,2,0,0,1,0,0,3,-1,0,0,0
67,9,1,1,0,0,0,0,0,2,188,1,2,0
23,4,2,1,0,375,1,0,0,3,-1,0,0,0
33,4,2,2,0,0,0,0,0,10,-1,0,0,0
37,7,1,1,0,1960,1,1,0,5,-1,0,0,0
29,4,2,2,0,874,1,0,0,1,103,1,2,1
33,1,2,1,0,2945,0,0,0,1,-1,0,0,0
34,6,2,2,0,90,0,0,0,1,-1,0,0,0
59,3,1,0,0,1071,0,0,0,1,-1,0,0,0
30,9,1,1,0,289,1,0,0,4,-1,0,0,1
58,5,0,0,0,1194,1,0,0,1,310,1,1,0
24,1,2,1,0,-10,1,0,0,1,-1,0,0,0
31,9,2,1,0,1447,1,0,0,2,95,13,1,0
35,4,2,1,0,1048,0,0,0,2,-1,0,0,0
45,4,2,2,0,1411,0,0,0,3,-1,0,0,0
55,3,1,0,0,0,1,0,0,2,-1,0,0,1
31,0,1,1,0,84,1,0,0,3,-1,0,0,0
38,0,2,1,0,648,1,0,0,2,-1,0,0,0
55,1,2,1,0,82,0,1,0,1,-1,0,0,0
45,4,2,1,0,142,0,1,0,4,-1,0,0,0
28,1,1,1,0,-95,1,0,0,1,-1,0,0,0
46,7,1,1,0,250,0,0,0,6,-1,0,0,0
38,9,2,2,0,0,0,1,0,2,-1,0,0,0
31,7,2,1,0,919,1,0,0,2,-1,0,0,0
57,4,1,2,0,256,0,0,0,1,-1,0,0,1
33,4,1,2,0,2907,0,0,0,1,-1,0,0,0
33,4,1,2,0,1808,1,0,0,4,-1,0,0,0
33,9,2,2,0,3255,0,0,1,4,-1,0,0,0
69,4,1,1,0,4,0,0,0,4,-1,0,0,0
36,9,1,1,0,1508,0,0,0,2,185,8,0,0
37,4,1,2,0,21,0,0,0,12,-1,0,0,0
32,4,0,2,0,4393,0,0,0,3,-1,0,0,0
31,1,1,1,0,154,1,1,0,1,-1,0,0,0
32,3,1,1,0,3469,0,0,0,2,-1,0,0,0
53,0,1,1,0,10541,0,0,0,2,92,1,2,1
32,4,1,2,0,1667,1,0,0,2,179,3,0,0
41,1,0,1,0,2540,1,0,0,2,366,1,0,0
47,9,1,1,0,-226,1,0,0,2,-1,0,0,0
36,7,2,1,0,342,1,0,0,1,-1,0,0,0
30,1,1,1,0,-71,1,0,0,2,-1,0,0,0
43,0,1,1,0,1375,1,0,0,1,-1,0,0,0
42,4,0,1,0,117,1,0,0,1,-1,0,0,0
27,0,1,1,0,3415,0,0,0,3,184,1,2,1
35,0,1,1,0,4463,0,0,0,1,-1,0,0,0
38,10,2,1,0,0,0,0,0,3,-1,0,0,0
32,1,1,0,0,104,1,0,0,3,-1,0,0,0
35,7,2,1,0,35,1,0,0,1,-1,0,0,0
50,0,0,1,0,124,1,1,0,2,289,19,0,0
33,10,1,0,0,574,1,0,0,2,-1,0,0,0
55,2,1,1,0,814,0,1,0,12,-1,0,0,0
54,4,0,1,0,2762,0,0,0,7,-1,0,0,0
47,4,1,2,0,509,0,1,0,4,-1,0,0,0
32,6,2,2,0,4024,1,0,0,1,-1,0,0,0
60,0,1,1,0,4120,1,1,0,2,-1,0,0,0
48,9,1,2,0,9207,0,0,0,3,-1,0,0,0
55,0,1,1,0,131,1,0,0,1,-1,0,0,0
31,2,1,2,0,281,1,0,0,2,-1,0,0,0
38,9,0,1,0,-453,0,1,0,9,-1,0,0,0
27,6,2,2,0,970,1,0,0,2,-1,0,0,0
31,1,2,1,0,88,1,0,0,5,-1,0,0,0
57,1,0,1,0,1795,1,0,0,1,-1,0,0,0
38,1,1,0,0,476,1,0,0,4,-1,0,0,0
57,5,1,2,0,42,0,0,0,4,-1,0,0,0
40,1,1,1,0,1522,1,1,0,2,-1,0,0,0
25,2,1,2,0,38,1,0,0,5,-1,0,0,0
51,1,1,0,0,804,1,0,0,1,-1,0,0,0
35,9,2,1,0,634,1,0,0,2,-1,0,0,0
31,4,1,2,0,69,0,0,0,2,-1,0,0,0
41,4,0,2,0,1757,0,0,0,1,239,13,0,1
54,1,1,1,0,688,1,0,0,2,-1,0,0,0
35,1,2,1,0,-257,1,0,0,7,-1,0,0,0
40,4,1,2,0,832,1,1,0,1,-1,0,0,0
40,4,1,1,0,394,1,0,0,5,-1,0,0,0
36,1,2,2,0,1346,0,0,0,7,-1,0,0,0
47,9,2,1,0,1101,1,0,0,3,-1,0,0,1
32,4,2,2,0,0,0,0,0,2,-1,0,0,0
45,1,1,1,0,-1400,1,0,0,4,-1,0,0,0
32,4,1,2,0,514,1,0,0,2,-1,0,0,0
41,5,2,0,0,2579,0,0,0,1,287,1,0,0
31,1,1,1,0,812,1,0,0,1,-1,0,0,0
40,1,1,0,0,2880,1,0,0,2,-1,0,0,0
46,1,1,0,0,91,1,0,0,1,356,2,0,0
56,1,0,0,1,-1,0,0,0,3,-1,0,0,0
32,9,2,2,0,705,0,0,0,1,-1,0,0,1
60,5,1,2,0,846,0,0,1,1,-1,0,0,1
38,1,1,1,0,422,1,0,0,3,-1,0,0,0
33,1,1,1,0,269,1,0,0,1,-1,0,0,0
30,10,2,1,0,500,1,0,0,2,-1,0,0,0
58,4,1,1,0,2739,1,0,0,6,-1,0,0,0
37,7,1,1,0,-24,1,0,0,1,-1,0,0,0
32,4,2,2,0,1169,1,0,0,2,-1,0,0,0
41,1,2,0,0,74,0,0,0,4,-1,0,0,0
28,7,2,1,0,198,0,0,0,1,-1,0,0,0
40,10,2,1,0,75,1,0,0,1,-1,0,0,0
54,9,0,1,0,765,1,1,0,3,-1,0,0,0
36,4,1,2,0,9269,1,1,0,2,-1,0,0,0
42,1,1,1,0,0,1,0,0,6,-1,0,0,0
46,4,2,2,0,2154,1,0,0,4,-1,0,0,0
37,10,1,1,0,4769,0,0,0,1,-1,0,0,0
57,3,1,0,0,2234,0,0,0,5,-1,0,0,0
48,10,1,1,0,41,1,0,0,2,-1,0,0,0
34,4,1,2,0,651,0,0,0,4,-1,0,0,0
39,4,1,1,0,1701,0,0,0,1,-1,0,0,0
41,9,1,1,0,3029,1,0,0,2,-1,0,0,0
55,4,0,2,0,29484,0,0,0,2,-1,0,0,0
41,1,1,1,0,343,1,0,0,7,-1,0,0,0
32,6,1,2,0,1918,0,0,0,2,-1,0,0,0
32,0,1,1,0,3052,1,1,0,3,151,4,0,0
36,4,2,2,1,-559,1,0,0,2,-1,0,0,0
35,0,1,1,0,-112,0,0,0,4,-1,0,0,0
51,2,1,2,0,5403,0,0,0,1,-1,0,0,0
48,7,1,1,0,1355,0,0,0,2,-1,0,0,0
44,6,0,1,0,522,1,0,0,1,-1,0,0,0
37,4,2,2,0,455,1,0,0,6,-1,0,0,1
50,9,0,1,0,0,0,0,0,2,-1,0,0,0
43,7,0,1,0,957,0,1,0,4,-1,0,0,0
58,5,1,0,0,1077,0,0,0,1,-1,0,0,0
59,0,1,1,0,1575,1,0,0,11,-1,0,0,1
52,1,1,1,0,310,1,0,0,4,-1,0,0,0
39,1,1,1,0,5853,1,0,0,2,-1,0,0,0
29,4,1,2,0,1441,1,0,0,1,85,2,2,0
38,1,1,1,0,117,1,0,0,1,337,1,0,0
31,4,1,2,0,477,1,0,0,5,-1,0,0,0
39,1,1,0,0,0,0,0,0,1,-1,0,0,0
36,1,1,1,0,4,1,0,0,4,-1,0,0,0
52,9,1,1,0,22755,1,0,0,2,-1,0,0,0
52,1,1,0,0,-211,1,1,0,2,-1,0,0,0
52,0,0,1,0,340,1,0,0,1,344,1,0,0
48,0,1,1,0,1096,1,0,0,5,-1,0,0,0
58,4,0,2,0,1257,0,0,0,1,-1,0,0,1
37,0,2,1,0,155,1,0,0,1,-1,0,0,0
39,4,1,2,0,271,1,0,0,1,-1,0,0,1
32,1,1,0,0,289,1,0,0,4,-1,0,0,0
38,0,1,1,0,8,1,0,0,1,-1,0,0,0
43,1,2,1,0,276,1,0,0,6,-1,0,0,0
56,1,1,1,0,813,1,1,0,1,-1,0,0,0
41,1,1,1,0,923,1,0,0,2,-1,0,0,0
35,1,1,0,0,77,1,0,0,3,-1,0,0,0
33,4,2,2,0,3623,0,0,0,2,-1,0,0,0
35,7,1,1,0,537,0,1,0,4,-1,0,0,0
47,9,1,1,0,321,1,1,0,1,-1,0,0,0
60,7,0,1,0,47,0,0,0,1,-1,0,0,0
43,7,2,1,0,0,1,0,0,4,-1,0,0,0
22,8,2,1,0,249,0,0,0,1,-1,0,0,0
26,0,2,2,0,-164,1,0,0,2,-1,0,0,0
35,9,2,1,0,1467,1,1,0,1,-1,0,0,0
27,0,1,2,0,73,0,0,0,1,-1,0,0,1
24,7,2,1,0,258,1,0,0,1,-1,0,0,0
56,3,1,1,0,619,1,0,1,1,-1,0,0,0
40,9,2,2,0,226,0,0,0,2,-1,0,0,0
51,4,1,1,0,1585,0,0,1,4,-1,0,0,0
21,8,2,1,0,232,1,0,0,2,-1,0,0,0
33,9,1,1,0,73,1,0,0,1,-1,0,0,1
38,4,2,2,0,690,1,0,0,1,-1,0,0,0
29,1,1,0,0,0,1,0,1,15,-1,0,0,0
47,9,0,1,0,2836,0,1,0,2,-1,0,0,0
30,4,2,2,0,3045,0,0,0,7,-1,0,0,0
58,4,1,2,0,0,1,0,0,1,188,1,0,0
41,9,1,1,0,1066,0,0,0,3,-1,0,0,1
43,9,0,1,0,6835,0,0,0,2,-1,0,0,0
36,6,1,2,0,307,1,0,0,1,330,2,1,0
48,9,1,1,0,0,1,0,0,1,-1,0,0,0
34,9,0,2,0,501,1,0,0,12,-1,0,0,0
42,1,0,1,0,685,1,0,0,4,-1,0,0,0
51,1,1,0,0,1126,1,0,0,3,-1,0,0,0
51,5,1,1,0,1435,0,0,0,1,-1,0,0,1
38,1,2,1,0,1911,1,0,0,4,-1,0,0,0
38,9,1,2,0,34,0,1,0,1,-1,0,0,0
40,7,1,1,0,-516,1,0,0,1,364,2,0,0
46,1,1,0,0,676,1,0,0,6,174,4,0,0
32,1,1,0,0,1076,1,0,0,1,-1,0,0,0
33,9,1,1,0,153,1,0,0,2,-1,0,0,0
41,1,1,0,0,-692,1,0,0,3,282,2,0,0
57,4,1,2,0,1631,1,0,0,2,261,3,0,0
40,1,1,0,0,104,1,0,0,2,-1,0,0,0
33,4,1,2,0,71,0,0,0,3,102,2,0,1
41,2,1,2,0,171,1,0,0,4,-1,0,0,0
36,9,2,1,0,1102,0,0,1,4,-1,0,0,0
47,9,1,1,0,0,0,0,0,2,-1,0,0,0
37,0,2,1,0,16,0,0,0,1,-1,0,0,0
27,1,2,0,0,431,1,0,0,2,-1,0,0,0
34,1,1,0,0,2490,1,0,0,1,-1,0,0,0
58,2,1,0,0,1657,0,0,0,2,-1,0,0,0
27,8,2,2,0,5291,0,0,0,1,91,4,2,1
33,9,2,1,0,2660,1,0,0,1,-1,0,0,0
41,2,0,1,0,1588,1,1,0,8,-1,0,0,0
31,7,2,1,0,1709,0,1,1,3,-1,0,0,1
25,4,2,2,0,6246,0,0,0,3,-1,0,0,0
38,4,2,2,0,0,0,0,0,3,95,3,2,1
44,4,1,2,0,4119,1,1,1,1,-1,0,0,1
33,0,2,1,0,4436,1,0,0,6,-1,0,0,0
45,4,1,2,0,0,0,0,0,2,-1,0,0,0
30,7,1,1,0,134,1,0,0,1,-1,0,0,0
28,0,1,1,0,1595,0,0,0,1,254,4,2,0
45,7,2,0,0,1893,1,0,0,6,-1,0,0,1
39,9,1,1,0,1385,1,1,1,1,-1,0,0,0
40,9,2,1,0,277,1,0,0,2,-1,0,0,0
30,0,2,2,0,218,0,0,0,2,-1,0,0,0
38,9,1,1,0,2220,0,0,0,2,-1,0,0,0
27,8,2,2,0,5291,0,0,0,2,-1,0,0,0
38,1,1,1,0,-579,1,1,0,2,-1,0,0,0
52,9,1,1,0,234,0,0,0,1,-1,0,0,1
52,4,1,2,0,52,0,1,0,4,-1,0,0,0
54,7,2,1,0,492,0,0,0,1,-1,0,0,0
34,0,1,1,0,48,1,0,0,2,287,3,1,1
44,0,1,1,0,251,0,1,1,3,-1,0,0,0
39,4,2,2,0,0,1,0,0,4,369,3,0,0
42,1,0,0,1,78,1,0,0,2,-1,0,0,0
48,9,2,2,0,0,0,0,0,4,-1,0,0,0
33,4,2,2,0,-625,1,0,0,1,-1,0,0,0
50,0,1,0,0,-75,0,1,1,7,-1,0,0,0
29,2,0,2,0,444,0,0,0,2,-1,0,0,0
39,0,2,1,0,1661,0,1,0,1,-1,0,0,0
52,9,1,1,0,3554,0,1,0,1,-1,0,0,0
25,1,2,2,0,1395,1,0,0,1,-1,0,0,0
33,1,1,1,0,1240,1,0,0,1,-1,0,0,1
33,8,2,2,0,3404,1,0,0,3,-1,0,0,0
49,1,1,0,0,3478,0,0,0,4,-1,0,0,0
29,3,1,0,0,7,0,1,0,1,-1,0,0,0
37,1,1,0,0,1941,1,0,0,2,-1,0,0,0
49,0,1,1,0,14440,1,0,0,1,-1,0,0,0
57,1,1,0,0,12048,1,0,0,2,-1,0,0,0
39,10,2,1,0,804,0,0,0,8,203,1,2,0
51,9,1,1,0,220,1,0,0,2,-1,0,0,0
35,1,1,0,0,361,1,0,0,3,-1,0,0,0
47,0,0,1,0,980,1,0,0,1,-1,0,0,0
42,2,1,2,0,2249,1,0,1,1,125,5,0,0
40,7,1,1,0,581,1,0,0,3,-1,0,0,0
44,9,1,2,0,0,1,1,0,2,-1,0,0,0
55,1,0,1,0,-152,1,0,0,3,-1,0,0,0
42,4,1,2,0,559,0,0,0,1,-1,0,0,0
59,5,1,1,0,2396,0,0,0,6,-1,0,0,1
39,9,1,1,0,768,1,1,0,4,-1,0,0,0
54,9,1,1,0,65,0,0,0,4,93,4,0,0
31,1,1,1,0,0,1,0,0,1,-1,0,0,0
32,1,2,0,0,1660,0,0,0,1,-1,0,0,0
27,1,2,1,0,535,0,0,0,1,94,1,2,1
29,4,2,2,0,0,1,0,0,2,-1,0,0,0
40,1,2,1,0,1066,1,0,0,1,-1,0,0,0
57,1,1,1,0,1412,1,0,0,1,330,1,0,0
36,4,1,2,0,163,0,0,0,2,-1,0,0,0
58,4,1,2,0,1831,0,0,0,1,-1,0,0,0
46,0,0,2,0,-363,0,1,0,11,-1,0,0,0
37,4,2,2,0,509,1,0,0,1,-1,0,0,0
42,1,1,1,0,525,1,0,0,6,-1,0,0,0
53,9,1,1,0,879,0,0,0,1,-1,0,0,0
46,4,0,2,0,25,0,0,0,2,-1,0,0,0
42,9,1,1,0,315,1,0,0,1,275,2,0,0
60,3,1,0,0,2008,0,0,0,2,-1,0,0,0
31,4,1,2,0,35,1,1,0,2,-1,0,0,0
33,6,0,1,0,892,1,0,0,1,-1,0,0,0
27,0,1,1,0,1595,0,0,0,2,197,2,2,1
31,4,2,2,0,2907,1,0,0,1,194,3,0,1
52,4,0,2,0,0,0,0,0,1,-1,0,0,0
27,9,2,2,0,11862,0,0,1,5,101,1,2,0
36,1,0,1,0,-11,0,0,0,2,-1,0,0,0
23,9,2,1,1,150,1,1,0,5,-1,0,0,0
54,4,1,2,0,1623,0,0,0,8,-1,0,0,0
53,4,1,2,0,1624,0,0,0,3,97,7,2,1
44,1,1,0,0,292,0,0,0,4,-1,0,0,0
35,0,2,1,0,57,0,1,0,2,-1,0,0,0
33,4,0,2,0,5550,1,0,0,2,278,4,0,0
33,4,1,1,0,11,1,0,0,3,-1,0,0,0
40,1,1,0,0,640,1,1,0,2,-1,0,0,0
40,0,2,1,0,-1,0,0,0,1,-1,0,0,0
35,4,1,2,0,2717,0,0,0,6,-1,0,0,1
45,1,1,0,0,61,0,0,0,1,-1,0,0,0
45,4,1,0,0,4758,1,0,0,5,287,6,2,0
46,4,2,2,0,2278,0,0,0,5,-1,0,0,0
42,2,1,1,0,2959,1,0,1,1,342,1,0,1
40,10,0,1,0,262,1,0,0,5,-1,0,0,0
59,10,1,1,0,957,0,0,0,2,-1,0,0,1
40,4,1,2,0,429,1,0,0,2,363,4,0,0
56,7,1,1,0,530,1,0,0,7,-1,0,0,0
28,4,2,2,0,-56,0,1,0,1,-1,0,0,0
57,1,1,0,0,856,0,0,0,6,-1,0,0,0
50,7,1,0,0,1132,1,0,0,1,-1,0,0,0
53,9,1,2,0,6072,0,1,0,4,-1,0,0,0
29,4,1,2,0,239,1,0,0,4,-1,0,0,0
50,9,1,1,0,841,1,0,0,2,-1,0,0,0
50,4,2,2,0,1300,1,0,0,2,-1,0,0,0
28,7,2,1,0,339,0,0,0,1,182,1,2,1
32,9,0,2,0,31,0,1,0,1,-1,0,0,0
35,4,2,2,0,612,0,0,0,1,195,1,0,0
25,6,2,1,0,1179,0,0,0,2,95,5,0,0
56,3,0,1,0,1866,0,1,0,1,-1,0,0,0
38,1,1,1,0,121,1,1,0,2,-1,0,0,0
59,7,1,1,0,108,0,0,0,4,-1,0,0,0
54,3,0,1,0,1327,0,0,0,2,-1,0,0,0
37,4,1,1,0,10,0,1,0,1,250,2,0,0
46,4,1,2,0,765,0,0,0,2,-1,0,0,0
44,7,1,1,0,4837,1,0,0,3,-1,0,0,0
51,9,1,1,0,180,1,0,0,2,-1,0,0,0
36,9,0,2,0,0,0,0,0,2,-1,0,0,0
51,6,2,2,0,0,1,0,0,2,-1,0,0,0
51,0,1,1,0,0,0,0,0,1,-1,0,0,0
37,9,1,1,0,3043,0,0,0,4,-1,0,0,0
51,0,1,1,0,42,1,0,0,2,-1,0,0,0
40,1,2,1,0,5483,0,0,0,2,-1,0,0,0
31,10,2,2,0,302,0,0,0,1,357,3,2,1
59,5,1,0,0,0,0,0,0,1,-1,0,0,0
44,7,1,1,0,2439,1,0,0,2,-1,0,0,0
43,4,1,2,0,356,0,0,0,1,-1,0,0,0
30,7,0,1,0,704,1,0,0,10,-1,0,0,0
44,4,0,2,0,3340,0,0,0,1,-1,0,0,0
52,9,1,1,0,0,1,0,0,12,-1,0,0,0
45,1,1,0,0,2348,1,0,0,1,148,1,1,0
42,6,1,1,0,97,0,0,0,2,-1,0,0,0
35,2,1,2,0,129,1,0,0,3,151,5,1,0
35,1,1,1,0,-465,0,0,0,1,351,1,0,0
33,4,2,2,0,153,1,0,0,1,-1,0,0,0
28,9,2,1,0,440,0,1,0,2,-1,0,0,0
59,0,1,1,0,1914,1,0,0,3,-1,0,0,0
48,0,0,1,0,771,1,0,0,1,-1,0,0,0
29,9,1,1,0,23,1,0,0,2,-1,0,0,0
29,9,2,2,0,2203,1,0,0,2,-1,0,0,0
56,7,0,1,0,72,1,1,0,1,357,4,0,0
30,3,2,2,0,868,0,0,0,2,-1,0,0,0
50,9,0,1,0,-54,1,1,0,2,292,1,0,1
38,7,1,1,0,105,0,0,0,2,-1,0,0,0
65,5,1,0,0,3629,0,0,0,1,-1,0,0,1
48,2,1,2,0,0,1,0,0,2,-1,0,0,0
27,7,2,1,0,261,1,1,0,1,-1,0,0,0
44,0,1,1,0,10905,0,0,0,2,271,1,1,1
36,4,0,2,0,0,0,0,0,4,-1,0,0,0
29,0,1,1,0,795,1,1,0,2,-1,0,0,0
47,1,1,1,0,3285,0,0,0,5,-1,0,0,0
45,0,2,1,0,-11,1,0,0,1,-1,0,0,0
40,1,1,0,0,-740,1,0,0,3,-1,0,0,0
35,4,1,2,0,0,0,0,0,1,-1,0,0,0
59,4,1,2,0,2319,1,0,0,32,-1,0,0,0
31,9,1,2,1,859,1,0,0,2,-1,0,0,0
41,10,1,0,0,557,1,0,0,1,173,1,0,0
50,1,0,1,0,2725,0,0,0,4,-1,0,0,0
50,9,1,0,0,249,1,0,0,1,-1,0,0,0
33,4,2,2,0,1011,1,0,0,4,-1,0,0,0
35,1,2,1,0,422,0,0,0,1,-1,0,0,0
58,4,0,2,0,26831,0,0,0,18,-1,0,0,0
53,9,1,1,0,180,0,1,0,2,-1,0,0,0
56,10,1,1,0,216,0,0,0,1,-1,0,0,0
31,9,2,2,0,1109,0,0,0,1,167,2,0,1
43,0,2,2,0,329,1,0,0,2,-1,0,0,0
29,4,1,1,0,231,0,0,0,1,-1,0,0,0
73,5,0,0,0,5028,0,0,0,10,-1,0,0,1
50,9,1,1,0,503,1,0,0,2,-1,0,0,0
42,6,1,2,0,-426,1,0,1,7,-1,0,0,0
26,2,1,2,1,144,0,1,0,1,-1,0,0,0
55,1,1,0,0,-219,1,0,1,2,364,4,0,0
46,3,1,0,0,1175,0,0,0,2,-1,0,0,0
23,7,2,1,0,-229,1,1,0,1,-1,0,0,0
32,1,2,0,0,398,1,0,0,2,-1,0,0,0
34,4,2,2,0,7263,1,0,1,1,37,1,0,0
35,1,1,1,0,0,1,1,0,1,-1,0,0,1
33,1,2,1,0,179,0,0,0,7,-1,0,0,0
25,4,2,2,0,219,0,0,0,1,96,1,2,1
56,1,1,0,0,420,1,0,0,1,-1,0,0,0
50,7,1,0,0,2603,0,0,0,1,-1,0,0,0
70,5,0,1,0,4572,0,0,0,11,162,5,0,0
52,1,1,1,0,7119,0,1,1,3,-1,0,0,1
35,4,1,2,0,841,0,0,0,6,-1,0,0,0
44,9,1,1,0,3790,1,0,0,2,-1,0,0,0
39,2,1,1,0,11887,0,0,0,2,-1,0,0,1
39,4,2,2,0,1428,1,0,0,1,-1,0,0,0
47,4,1,2,0,999,0,0,0,1,94,1,1,0
52,1,2,0,0,210,1,0,0,1,-1,0,0,0
34,0,2,1,0,1581,1,1,0,11,-1,0,0,0
53,2,1,1,0,230,1,0,0,2,250,1,1,0
37,4,1,2,0,655,0,0,0,3,-1,0,0,0
33,0,1,2,0,568,0,0,0,1,-1,0,0,0
55,7,1,1,0,642,1,0,0,2,-1,0,0,0
33,7,2,1,0,3910,1,0,0,2,-1,0,0,0
32,4,1,2,0,0,0,0,0,2,-1,0,0,0
52,3,1,0,0,3283,0,0,0,1,-1,0,0,0
31,4,2,2,0,363,0,0,0,2,-1,0,0,0
22,0,2,2,0,377,0,0,0,1,-1,0,0,0
42,4,1,2,0,294,0,0,0,1,-1,0,0,1
48,4,1,2,0,4803,0,0,1,6,-1,0,0,0
51,1,1,1,0,1432,0,0,0,1,-1,0,0,0
44,9,2,0,0,237,1,0,0,1,-1,0,0,0
47,9,1,1,0,0,0,0,0,1,10,1,0,1
27,8,2,1,0,24,1,0,0,2,-1,0,0,0
43,1,1,1,0,3311,1,0,1,2,184,3,1,0
59,4,1,1,0,1558,0,0,1,3,-1,0,0,0
31,4,0,2,0,416,0,0,0,2,-1,0,0,0
48,4,1,0,0,1744,0,0,0,1,-1,0,0,0
59,0,1,1,0,92,1,0,0,2,350,1,0,0
36,4,1,2,0,0,1,1,0,3,-1,0,0,0
49,3,1,0,0,278,1,0,1,6,-1,0,0,0
34,4,1,2,0,889,1,0,0,1,-1,0,0,0
30,9,2,1,0,4787,1,0,0,1,167,2,0,0
48,9,1,1,0,4265,1,0,0,1,192,2,0,0
39,1,2,0,0,-491,0,1,0,1,-1,0,0,0
56,0,1,1,0,382,0,0,0,1,-1,0,0,0
39,10,2,1,0,-114,1,0,0,1,-1,0,0,1
32,0,2,1,0,184,1,0,0,4,-1,0,0,0
52,1,2,0,0,3421,0,0,0,8,-1,0,0,0
20,8,2,1,0,-322,1,0,0,4,-1,0,0,0
33,1,1,0,0,-342,1,0,0,2,-1,0,0,0
56,0,1,1,0,292,1,0,0,9,-1,0,0,0
40,1,1,1,0,178,1,0,0,2,-1,0,0,0
34,1,1,1,0,529,1,0,0,1,351,3,0,0
27,4,2,2,0,338,0,1,0,1,-1,0,0,0
26,4,1,2,0,784,1,1,0,2,358,2,0,0
38,1,2,1,0,2032,1,0,0,4,349,2,0,0
35,6,2,2,0,71,0,0,0,1,-1,0,0,1
26,10,1,0,0,440,0,0,0,1,-1,0,0,0
43,6,1,2,0,6424,0,0,0,1,-1,0,0,0
33,1,1,1,0,328,1,0,0,1,264,9,0,0
29,1,1,1,0,59,1,1,0,3,356,2,0,0
38,7,1,1,0,741,1,0,0,1,343,2,0,0
37,1,1,0,0,20,0,1,1,4,-1,0,0,0
35,1,1,0,0,1033,1,0,0,2,-1,0,0,0
28,0,1,1,0,568,1,0,0,6,252,4,1,0
29,7,2,1,0,0,0,0,0,1,-1,0,0,0
48,9,1,2,0,1036,1,1,1,2,-1,0,0,0
44,2,1,1,0,320,1,1,0,3,234,2,1,0
31,1,1,0,0,1738,0,0,1,3,-1,0,0,0
32,0,1,1,0,4764,0,0,1,2,-1,0,0,0
36,9,1,2,0,62,0,0,0,2,-1,0,0,0
45,1,1,0,0,18,1,0,0,2,-1,0,0,0
53,9,1,1,0,0,0,0,0,1,-1,0,0,0
32,4,1,2,0,0,0,0,0,13,-1,0,0,0
39,7,2,1,0,326,1,0,0,1,-1,0,0,0
43,9,1,1,0,672,1,0,0,8,-1,0,0,0
63,5,0,1,0,4833,0,0,0,1,-1,0,0,0
42,7,2,1,0,-193,1,0,0,4,-1,0,0,0
30,9,2,2,0,3,1,0,0,1,195,1,0,0
34,4,1,2,0,303,1,0,0,2,-1,0,0,0
34,4,2,2,0,1730,1,0,0,2,-1,0,0,0
38,9,0,2,0,304,1,0,0,2,-1,0,0,0
39,0,1,1,0,248,1,0,0,1,-1,0,0,0
26,1,2,1,0,972,1,0,0,10,-1,0,0,0
46,7,0,1,0,0,0,0,0,1,150,3,2,0
30,9,2,1,0,8826,1,0,0,3,151,3,1,0
48,9,1,2,0,2392,1,0,0,5,-1,0,0,0
34,1,1,1,0,245,1,0,0,1,-1,0,0,0
33,9,2,2,0,49,0,0,0,3,-1,0,0,0
52,1,1,1,0,568,1,0,1,1,317,1,0,0
34,6,2,1,0,687,1,0,0,2,-1,0,0,0
27,4,2,2,0,2559,1,0,0,1,-1,0,0,0
34,0,1,1,0,430,1,0,0,4,-1,0,0,0
30,9,2,1,0,2567,0,0,0,4,-1,0,0,1
36,1,1,0,0,38,1,1,0,2,335,1,1,0
29,1,1,0,0,544,0,1,0,4,-1,0,0,0
36,10,2,2,0,1291,0,0,0,1,86,1,2,1
29,2,1,1,0,452,1,0,0,1,-1,0,0,0
40,2,0,2,0,1225,1,0,0,2,-1,0,0,0
30,9,1,1,0,24,1,0,0,3,-1,0,0,0
36,7,1,1,0,394,0,0,0,1,-1,0,0,1
55,4,0,1,0,1526,1,0,0,1,-1,0,0,0
32,0,1,1,0,41,1,1,0,2,-1,0,0,0
32,4,1,2,0,0,0,0,0,2,-1,0,0,0
31,2,2,1,0,379,1,0,0,2,-1,0,0,0
44,1,1,1,0,78,1,0,0,2,-1,0,0,0
20,8,2,1,0,67,1,0,0,1,-1,0,0,0
83,5,0,0,0,2619,0,0,1,2,-1,0,0,0
38,4,1,2,0,89,1,0,0,1,360,10,0,0
31,4,2,2,0,86,0,0,0,1,170,4,0,0
43,4,1,2,0,354,0,0,0,10,-1,0,0,0
27,8,2,1,0,121,0,0,0,2,-1,0,0,0
49,0,1,1,0,2116,0,0,0,3,-1,0,0,0
51,9,1,1,0,47,0,0,0,4,-1,0,0,0
80,5,1,1,0,8304,0,0,1,3,91,13,2,1
42,1,0,0,0,299,1,0,0,2,-1,0,0,0
28,4,2,2,0,730,1,0,0,6,85,5,1,0
47,1,1,1,0,0,1,0,0,2,-1,0,0,0
35,1,2,0,0,3798,0,0,0,1,-1,0,0,0
41,7,1,1,0,2399,1,0,0,2,351,2,0,0
58,6,1,2,0,1636,0,0,0,1,-1,0,0,0
40,1,1,0,0,0,0,0,0,4,-1,0,0,0
27,1,2,1,0,87,0,0,1,1,-1,0,0,0
38,5,2,1,0,62,0,0,0,1,-1,0,0,0
38,2,1,2,0,1110,1,0,0,2,183,2,0,1
30,0,1,1,0,111,0,1,0,3,133,1,0,0
35,1,1,1,0,728,1,0,0,16,-1,0,0,0
60,9,1,2,0,0,0,0,0,1,-1,0,0,0
57,5,1,2,0,478,0,0,0,1,84,1,0,0
51,4,1,2,0,994,0,0,0,3,-1,0,0,0
31,4,2,2,0,11821,0,0,0,11,-1,0,0,1
53,4,1,2,0,6525,1,0,0,3,-1,0,0,0
46,4,1,2,0,1950,0,0,0,2,-1,0,0,0
36,1,1,0,0,-327,1,1,0,1,-1,0,0,0
37,10,1,1,0,2424,0,0,0,2,156,2,1,0
45,7,1,1,0,475,1,0,0,2,-1,0,0,0
25,8,2,1,0,480,0,0,0,1,-1,0,0,1
28,1,1,0,0,0,1,1,0,27,-1,0,0,0
28,8,2,2,0,2306,0,0,0,2,-1,0,0,0
30,4,1,2,0,-181,1,0,0,2,-1,0,0,0
41,9,0,1,0,586,1,0,0,1,-1,0,0,0
49,9,0,1,0,972,0,0,0,2,-1,0,0,0
49,1,1,0,0,226,1,0,0,5,-1,0,0,0
32,9,2,2,0,190,1,1,0,1,-1,0,0,0
30,0,1,2,0,631,0,0,0,3,-1,0,0,0
52,1,2,0,0,1837,1,0,0,1,-1,0,0,0
35,1,1,0,0,0,1,0,0,2,-1,0,0,0
30,0,1,1,0,685,1,0,0,3,-1,0,0,0
52,9,1,2,0,136,1,0,1,2,287,10,1,0
32,9,2,2,0,127,1,0,0,3,-1,0,0,0
27,8,1,2,0,659,1,0,0,2,-1,0,0,0
57,1,1,1,0,25,1,0,0,2,359,1,0,0
36,9,1,2,0,837,0,0,0,6,-1,0,0,0
27,9,2,1,0,2293,1,0,0,3,364,1,1,0
54,4,1,2,0,0,0,1,0,3,-1,0,0,0
43,4,1,1,0,17555,0,0,0,14,-1,0,0,0
37,1,0,1,0,-175,1,0,0,4,266,1,0,0
41,4,2,2,0,3013,1,0,0,1,-1,0,0,0
43,9,1,1,0,473,1,0,0,3,211,5,0,0
27,1,1,1,0,6196,1,0,0,1,-1,0,0,0
39,9,2,1,0,283,1,0,0,2,350,1,0,0
27,9,2,2,0,28,0,0,0,1,-1,0,0,0
49,10,1,0,0,213,0,0,0,1,-1,0,0,0
37,0,1,1,0,131,0,0,0,2,-1,0,0,0
40,9,1,1,0,0,0,1,0,1,-1,0,0,0
78,3,1,1,0,499,0,0,1,4,-1,0,0,0
38,4,2,2,0,8669,1,0,1,3,150,6,0,0
45,7,1,1,0,133,0,0,0,3,-1,0,0,0
29,4,1,2,0,7832,1,0,0,2,-1,0,0,0
42,7,2,1,0,241,1,0,0,2,-1,0,0,0
34,3,2,2,0,43,0,0,0,8,-1,0,0,0
28,4,2,2,0,492,0,0,0,1,-1,0,0,0
39,9,2,2,0,1646,1,0,0,2,-1,0,0,0
28,4,2,2,0,4013,1,0,0,1,-1,0,0,0
35,7,2,1,0,257,1,0,0,1,-1,0,0,0
31,1,2,1,0,1882,0,0,0,2,-1,0,0,0
31,9,2,2,0,22,1,0,0,3,-1,0,0,1
24,1,1,0,0,656,1,0,0,1,-1,0,0,1
35,1,1,1,0,-339,1,0,0,2,-1,0,0,0
32,1,1,1,0,578,1,0,0,3,-1,0,0,0
56,9,1,1,0,463,0,0,0,2,-1,0,0,0
30,9,1,1,0,371,0,0,0,2,-1,0,0,0
25,1,2,1,0,335,1,0,0,1,-1,0,0,0
53,3,1,0,1,42,0,0,0,4,-1,0,0,0
20,8,2,1,0,1191,0,0,0,2,228,1,0,0
50,1,1,0,0,216,1,0,0,3,-1,0,0,0
31,6,2,2,0,120,1,0,0,2,-1,0,0,0
29,4,2,2,0,1026,0,0,0,1,92,1,1,1
39,4,1,2,0,51,0,0,0,2,-1,0,0,0
36,1,1,1,0,0,1,0,0,2,131,1,0,0
48,4,1,1,0,1103,1,0,0,1,-1,0,0,0
32,1,1,0,0,131,1,0,0,2,-1,0,0,0
40,3,1,1,0,116,0,0,0,4,-1,0,0,0
49,2,2,2,0,2209,0,0,0,1,-1,0,0,0
50,7,1,1,0,753,0,0,0,2,-1,0,0,0
38,0,2,1,0,2470,0,0,1,1,-1,0,0,1
38,1,1,1,0,1165,1,0,0,3,94,10,0,1
29,8,2,1,0,67,0,0,0,1,187,5,2,1
26,8,2,1,0,141,0,0,0,1,-1,0,0,0
37,10,0,1,0,74,1,0,0,1,275,1,0,0
27,8,2,1,0,279,0,0,0,1,-1,0,0,1
80,5,1,1,0,355,0,0,1,1,-1,0,0,0
45,10,0,1,0,3354,1,0,0,1,-1,0,0,1
35,4,1,2,0,1510,1,0,0,1,-1,0,0,0
49,1,0,0,0,-9,1,1,0,1,-1,0,0,0
34,1,1,1,0,42,1,0,0,2,-1,0,0,0
57,5,1,0,0,903,0,0,0,1,-1,0,0,0
34,7,1,1,0,1076,0,0,0,1,182,6,2,1
55,5,0,2,0,0,0,0,0,1,370,1,2,1
36,7,1,1,0,279,0,0,0,6,-1,0,0,0
53,0,1,1,0,1815,0,0,0,6,-1,0,0,0
36,1,1,0,0,199,1,0,0,4,-1,0,0,0
51,4,1,1,0,167,0,0,0,4,-1,0,0,0
31,4,0,2,0,1145,1,0,0,4,-1,0,0,1
40,4,1,2,0,52527,0,0,0,11,-1,0,0,0
32,4,1,2,0,62,1,0,1,1,-1,0,0,0
48,7,0,1,0,-203,1,0,0,5,297,1,1,0
43,6,1,2,0,2501,0,0,0,2,161,4,0,0
40,10,1,1,0,1872,0,0,0,1,-1,0,0,0
34,4,1,2,0,46,0,0,0,5,-1,0,0,0
25,9,2,2,0,2206,1,0,0,1,-1,0,0,0
52,0,1,0,0,0,1,0,0,3,-1,0,0,0
34,7,1,1,0,-52,0,0,0,1,-1,0,0,0
35,4,1,2,0,489,1,0,0,3,-1,0,0,0
47,7,1,1,0,27,0,0,0,4,-1,0,0,0
41,1,1,1,0,4910,1,0,0,1,-1,0,0,0
40,7,1,0,0,3559,1,0,0,8,-1,0,0,0
24,7,1,1,0,183,1,0,0,4,-1,0,0,0
40,1,2,1,0,82,1,0,0,6,370,5,0,0
41,9,2,1,0,-618,1,1,0,1,-1,0,0,0
32,1,1,1,0,316,1,0,0,4,-1,0,0,0
33,1,0,1,1,-274,1,1,0,2,329,2,0,1
34,1,1,1,0,2495,1,0,0,1,-1,0,0,1
29,7,1,1,0,1057,1,0,0,1,-1,0,0,0
35,4,2,1,0,0,0,0,0,1,-1,0,0,0
45,7,1,0,0,627,1,0,0,1,-1,0,0,0
45,1,1,0,0,1291,1,0,0,17,-1,0,0,0
26,1,1,1,0,2005,1,0,0,3,-1,0,0,0
42,0,1,1,0,3279,1,0,0,1,344,1,0,0
35,1,1,1,0,120,1,0,0,2,-1,0,0,0
33,2,1,1,0,135,1,0,0,1,345,2,0,0
38,4,1,2,0,63,1,0,0,1,-1,0,0,0
47,9,1,1,0,1059,1,0,0,1,127,1,0,0
54,4,1,2,1,0,0,1,0,1,-1,0,0,0
50,0,1,1,0,4855,0,0,0,2,-1,0,0,1
53,0,2,1,0,393,0,0,0,1,-1,0,0,0
42,1,1,1,0,1958,1,0,0,3,-1,0,0,0
30,1,1,0,0,-327,1,1,0,1,294,7,1,0
54,0,1,1,0,1239,0,0,0,1,-1,0,0,0
50,9,0,1,0,2706,1,0,0,3,-1,0,0,0
27,9,2,1,0,1996,1,0,0,1,-1,0,0,0
39,6,1,2,0,1492,1,0,0,1,189,1,0,0
59,0,0,1,0,-41,1,1,0,1,-1,0,0,0
40,7,0,0,0,1937,1,0,0,1,-1,0,0,0
41,2,1,0,0,1331,0,0,1,7,-1,0,0,0
34,9,1,1,0,33,0,0,0,1,-1,0,0,0
28,9,2,2,0,2489,1,0,1,2,-1,0,0,1
40,1,1,0,0,902,1,0,0,4,-1,0,0,0
42,4,1,2,0,7,0,0,0,7,-1,0,0,0
38,1,1,1,0,0,0,0,0,1,-1,0,0,0
48,1,1,1,0,1039,1,0,0,1,-1,0,0,0
50,7,1,1,0,0,1,0,0,2,-1,0,0,0
26,9,2,1,0,124,1,0,0,8,-1,0,0,0
34,9,1,1,0,652,1,1,0,4,-1,0,0,0
19,8,2,1,0,527,0,0,0,3,-1,0,0,0
36,7,1,1,0,8114,1,0,0,1,-1,0,0,0
33,6,1,2,0,0,1,0,0,2,-1,0,0,0
29,9,2,2,0,47,1,0,0,11,-1,0,0,0
36,1,1,1,0,346,1,0,0,1,-1,0,0,0
42,9,0,2,0,147,1,0,0,21,-1,0,0,0
28,0,2,1,0,1277,0,0,0,1,-1,0,0,1
32,0,2,2,0,395,1,0,0,3,-1,0,0,0
30,8,2,2,0,228,1,0,0,2,-1,0,0,1
41,1,1,1,0,140,1,0,0,1,125,2,0,0
40,3,1,1,0,1029,1,1,0,2,117,3,0,0
43,4,2,0,0,0,0,0,0,1,-1,0,0,0
29,10,2,2,0,0,1,1,0,4,-1,0,0,0
37,4,1,2,0,9269,1,1,0,1,149,2,0,0
51,6,1,0,0,106,1,0,1,2,-1,0,0,0
45,4,1,2,0,766,1,0,1,15,-1,0,0,0
26,9,2,1,0,68,0,1,0,3,-1,0,0,0
44,4,0,2,0,36,0,0,0,2,153,3,0,0
56,9,0,1,0,3450,0,0,0,1,181,2,2,1
51,10,1,1,0,17418,1,0,1,2,-1,0,0,0
61,5,1,1,0,523,0,0,0,3,183,4,2,1
36,4,1,1,0,-35,1,1,0,2,-1,0,0,0
32,9,2,1,0,5,0,0,0,2,-1,0,0,0
48,0,1,1,0,1208,0,0,1,4,-1,0,0,0
58,9,2,1,0,409,0,1,0,2,-1,0,0,0
38,7,1,0,0,175,0,0,0,2,-1,0,0,0
48,0,0,1,0,341,0,1,0,4,-1,0,0,0
41,4,2,2,0,869,0,0,0,2,-1,0,0,0
40,4,0,2,0,390,0,0,0,3,-1,0,0,0
80,5,1,1,0,8304,0,0,1,1,64,12,0,1
36,0,0,1,1,-491,1,1,0,3,-1,0,0,0
33,9,2,1,0,268,0,0,0,1,-1,0,0,0
57,7,1,1,0,84,1,0,0,1,-1,0,0,0
40,1,1,1,0,-438,0,0,0,1,-1,0,0,1
50,1,1,0,0,-98,0,1,0,2,-1,0,0,0
57,10,1,1,0,3754,0,0,0,2,-1,0,0,1
43,6,1,1,0,104,0,0,0,1,-1,0,0,0
45,2,0,1,0,1187,0,1,0,1,-1,0,0,0
25,4,2,2,0,490,0,0,0,1,-1,0,0,0
65,5,1,0,0,1004,0,0,0,1,-1,0,0,1
46,9,0,1,0,117,0,0,0,2,-1,0,0,0
60,3,1,0,0,211,0,0,0,2,189,1,0,0
32,3,2,2,0,4,1,0,0,2,-1,0,0,0
51,7,1,1,0,-709,1,1,1,1,-1,0,0,0
50,9,0,2,0,-1455,1,1,0,1,-1,0,0,0
37,9,1,1,0,523,1,0,0,4,-1,0,0,0
38,9,1,1,0,1442,1,0,0,1,-1,0,0,0
39,9,1,1,0,375,1,1,1,2,-1,0,0,0
50,4,0,2,0,-398,1,1,0,1,-1,0,0,0
52,4,1,0,0,226,1,0,0,4,-1,0,0,0
41,1,1,0,0,236,1,0,1,1,356,2,0,0
29,4,2,2,0,0,1,0,0,1,-1,0,0,0
77,5,1,2,0,0,0,0,0,4,-1,0,0,0
52,4,1,2,0,-542,0,0,0,2,-1,0,0,0
49,4,1,2,0,1167,1,1,0,6,150,8,0,1
24,9,2,1,0,-256,1,0,0,2,-1,0,0,0
59,4,0,2,0,17056,1,0,0,2,-1,0,0,0
