age,workclass,fnlwgt,education,education-num,marital-status,occupation,relationship,race,sex,capital-gain,capital-loss,hours-per-week,native-country,income
28,Private,319768,Masters,14,Married-civ-spouse,Sales,Husband,White,Male,0,0,45,France,>50K
60,Private,120067,9th,5,Married-civ-spouse,Farming-fishing,Husband,White,Male,0,0,45,United-States,<=50K
43,Private,211517,Some-college,10,Never-married,Adm-clerical,Not-in-family,White,Male,0,1669,45,United-States,<=50K.
35,State-gov,210866,HS-grad,9,Married-civ-spouse,Other-service,Husband,White,Male,0,0,40,United-States,<=50K.
36,Private,320811,Some-college,10,Married-civ-spouse,Craft-repair,Husband,White,Male,0,0,40,United-States,>50K
55,Private,265579,Some-college,10,Widowed,Exec-managerial,Not-in-family,White,Female,2354,0,40,United-States,<=50K.
38,Private,35890,HS-grad,9,Married-civ-spouse,Transport-moving,Husband,White,Male,0,0,40,United-States,<=50K.
35,Private,204621,Assoc-acdm,12,Divorced,Other-service,Own-child,White,Female,0,0,40,United-States,<=50K
26,Private,182194,Assoc-acdm,12,Never-married,Other-service,Not-in-family,White,Female,0,0,40,United-States,<=50K.
46,Private,147519,Some-college,10,Divorced,Sales,Not-in-family,White,Female,0,0,80,United-States,<=50K.
32,Private,171637,Some-college,10,Never-married,Adm-clerical,Own-child,White,Female,0,0,40,United-States,<=50K
29,Private,211208,11th,7,Married-civ-spouse,Transport-moving,Husband,White,Male,0,0,99,United-States,>50K.
23,Private,307149,Bachelors,13,Never-married,Prof-specialty,Own-child,White,Female,0,0,25,United-States,<=50K.
57,Private,74156,HS-grad,9,Married-civ-spouse,Other-service,Husband,White,Male,0,0,30,United-States,<=50K
35,Self-emp-not-inc,228493,1st-4th,2,Married-civ-spouse,Exec-managerial,Husband,White,Male,4386,0,65,Mexico,<=50K.
50,Self-emp-not-inc,334273,Bachelors,13,Married-civ-spouse,Sales,Husband,White,Male,0,0,8,United-States,<=50K
48,Self-emp-inc,149218,Bachelors,13,Married-civ-spouse,Farming-fishing,Husband,White,Male,0,0,70,United-States,>50K
61,Private,172037,HS-grad,9,Married-civ-spouse,Other-service,Husband,White,Male,0,0,40,United-States,<=50K
52,Private,200419,Assoc-acdm,12,Separated,Prof-specialty,Not-in-family,White,Female,0,0,50,United-States,<=50K
49,Private,123681,Masters,14,Married-civ-spouse,Prof-specialty,Husband,White,Male,0,0,43,United-States,>50K
45,Private,161954,Bachelors,13,Never-married,Prof-specialty,Not-in-family,White,Female,0,0,40,Germany,<=50K
41,Federal-gov,160467,Masters,14,Divorced,Prof-specialty,Unmarried,White,Female,1506,0,40,United-States,<=50K
61,Private,260062,10th,6,Never-married,Other-service,Own-child,White,Female,4416,0,38,United-States,<=50K.
42,Self-emp-not-inc,206066,Masters,14,Never-married,Prof-specialty,Own-child,White,Male,0,0,45,United-States,<=50K.
20,Private,386864,10th,6,Never-married,Other-service,Other-relative,White,Male,0,0,35,Mexico,<=50K
28,Local-gov,210945,Bachelors,13,Never-married,Prof-specialty,Not-in-family,Black,Female,0,0,60,United-States,<=50K
40,Self-emp-inc,248476,Prof-school,15,Married-civ-spouse,Prof-specialty,Husband,White,Male,0,0,50,United-States,>50K.
46,Private,186539,HS-grad,9,Divorced,Craft-repair,Other-relative,White,Male,0,0,48,United-States,>50K.
50,Local-gov,163576,Masters,14,Never-married,Prof-specialty,Not-in-family,White,Female,0,0,50,United-States,>50K.
38,Self-emp-not-inc,230329,HS-grad,9,Married-civ-spouse,Sales,Husband,White,Male,0,0,48,United-States,<=50K.
50,Private,197189,Masters,14,Married-civ-spouse,Sales,Husband,White,Male,0,0,60,United-States,<=50K.
19,Private,268392,HS-grad,9,Never-married,Sales,Unmarried,Black,Female,0,0,30,United-States,<=50K
25,Private,253267,Some-college,10,Married-civ-spouse,Adm-clerical,Husband,Black,Male,0,1902,36,United-States,>50K
49,Private,107373,10th,6,Married-civ-spouse,Transport-moving,Husband,White,Male,0,0,99,United-States,>50K.
42,Private,413297,Some-college,10,Married-civ-spouse,Tech-support,Husband,White,Male,0,0,40,United-States,<=50K
38,Private,222450,5th-6th,3,Married-civ-spouse,Machine-op-inspct,Husband,White,Male,0,0,40,Mexico,<=50K
71,Private,29770,Some-college,10,Widowed,Other-service,Not-in-family,White,Female,0,0,28,United-States,<=50K.
56,Private,331569,HS-grad,9,Married-civ-spouse,Sales,Wife,Black,Female,0,0,36,United-States,<=50K.
37,Self-emp-inc,51264,Assoc-voc,11,Married-civ-spouse,Sales,Husband,White,Male,0,0,40,United-States,>50K
17,Private,342752,11th,7,Never-married,Handlers-cleaners,Own-child,White,Male,0,0,20,United-States,<=50K
82,Self-emp-not-inc,181912,HS-grad,9,Divorced,Exec-managerial,Not-in-family,White,Male,0,0,12,United-States,<=50K.
45,Private,185385,HS-grad,9,Married-civ-spouse,Machine-op-inspct,Husband,White,Male,0,0,40,United-States,<=50K
30,Private,103642,11th,7,Married-civ-spouse,Craft-repair,Husband,White,Male,0,0,40,United-States,<=50K
42,Self-emp-not-inc,114580,Masters,14,Divorced,Exec-managerial,Unmarried,White,Female,0,0,70,United-States,<=50K.
28,Private,216479,Bachelors,13,Never-married,Adm-clerical,Not-in-family,White,Female,0,0,40,United-States,<=50K.
48,Private,377757,10th,6,Married-civ-spouse,Sales,Husband,White,Male,0,0,70,United-States,<=50K
36,Private,191335,Some-college,10,Married-civ-spouse,Craft-repair,Husband,White,Male,0,0,56,United-States,<=50K
31,Private,154227,HS-grad,9,Married-civ-spouse,Craft-repair,Husband,White,Male,0,0,43,United-States,>50K
19,Private,276937,Some-college,10,Never-married,Sales,Own-child,White,Female,0,0,25,United-States,<=50K.
42,Private,184682,Assoc-voc,11,Divorced,Tech-support,Not-in-family,White,Female,0,0,30,United-States,<=50K
20,Private,221480,Some-college,10,Never-married,Tech-support,Unmarried,White,Female,0,0,8,United-States,<=50K.
46,Private,35136,10th,6,Divorced,Adm-clerical,Own-child,Black,Male,0,0,40,United-States,<=50K
50,Self-emp-not-inc,105010,HS-grad,9,Married-civ-spouse,Farming-fishing,Husband,White,Male,0,2051,20,United-States,<=50K
37,Private,230035,HS-grad,9,Married-civ-spouse,Craft-repair,Husband,White,Male,0,0,46,United-States,>50K
31,Private,176969,Bachelors,13,Never-married,Exec-managerial,Not-in-family,White,Male,0,0,55,United-States,<=50K
37,Local-gov,184474,HS-grad,9,Divorced,Other-service,Unmarried,White,Female,2977,0,55,United-States,<=50K.
64,Private,292639,Some-college,10,Married-civ-spouse,Exec-managerial,Wife,White,Female,10566,0,35,United-States,<=50K
42,Local-gov,100793,Bachelors,13,Married-civ-spouse,Prof-specialty,Husband,White,Male,0,0,60,United-States,>50K
27,Private,167405,HS-grad,9,Married-spouse-absent,Farming-fishing,Own-child,White,Female,0,0,40,Mexico,<=50K
27,Private,182843,HS-grad,9,Divorced,Other-service,Unmarried,White,Male,0,0,40,United-States,<=50K.
43,Private,52498,HS-grad,9,Divorced,Exec-managerial,Unmarried,White,Female,0,0,40,United-States,>50K
24,Private,59792,Masters,14,Never-married,Tech-support,Not-in-family,Asian-Pac-Islander,Male,0,0,40,United-States,<=50K.
39,Local-gov,166497,HS-grad,9,Divorced,Handlers-cleaners,Not-in-family,White,Male,0,0,40,United-States,>50K
23,Private,196508,Some-college,10,Never-married,Adm-clerical,Own-child,Black,Female,0,0,24,United-States,<=50K.
51,Private,350131,HS-grad,9,Divorced,Adm-clerical,Unmarried,White,Female,0,2339,40,United-States,<=50K.
29,Private,328981,HS-grad,9,Divorced,Machine-op-inspct,Not-in-family,Black,Male,0,0,40,United-States,<=50K.
55,Private,194290,HS-grad,9,Divorced,Craft-repair,Not-in-family,White,Male,0,0,40,United-States,<=50K
55,Private,171015,HS-grad,9,Widowed,Sales,Unmarried,White,Female,0,0,40,United-States,<=50K
29,Private,199499,Assoc-voc,11,Never-married,Other-service,Not-in-family,Black,Male,0,0,40,United-States,<=50K
17,Private,151799,11th,7,Never-married,Other-service,Own-child,White,Female,0,0,20,United-States,<=50K
18,Private,395026,11th,7,Never-married,Other-service,Own-child,White,Male,0,0,12,United-States,<=50K
46,Private,211226,Assoc-acdm,12,Married-civ-spouse,Transport-moving,Husband,Other,Male,0,0,36,United-States,<=50K
44,Self-emp-not-inc,98106,Some-college,10,Divorced,Exec-managerial,Not-in-family,White,Female,0,0,40,United-States,<=50K
44,Private,150011,Bachelors,13,Divorced,Prof-specialty,Unmarried,White,Female,0,0,40,United-States,<=50K
18,State-gov,391257,Some-college,10,Never-married,Adm-clerical,Not-in-family,White,Female,0,0,16,United-States,<=50K.
23,Private,45317,Some-college,10,Separated,Sales,Own-child,White,Female,0,0,40,United-States,<=50K
38,Private,89202,HS-grad,9,Divorced,Craft-repair,Not-in-family,White,Male,0,0,40,United-States,<=50K.
61,Private,284710,Prof-school,15,Married-civ-spouse,Prof-specialty,Husband,White,Male,0,1902,45,Columbia,>50K.
32,Private,112176,Some-college,10,Divorced,Sales,Own-child,White,Male,0,0,30,United-States,<=50K
66,Private,185336,HS-grad,9,Widowed,Sales,Other-relative,White,Female,0,0,35,United-States,<=50K
64,Private,191477,5th-6th,3,Widowed,Priv-house-serv,Unmarried,Black,Female,0,0,4,United-States,<=50K.
42,Private,220776,HS-grad,9,Separated,Handlers-cleaners,Unmarried,White,Male,0,0,40,Poland,<=50K
65,Private,185001,10th,6,Widowed,Sales,Not-in-family,White,Female,0,0,20,United-States,<=50K
28,Private,108574,Some-college,10,Married-civ-spouse,Adm-clerical,Wife,White,Female,0,0,15,United-States,<=50K
30,Private,46492,Bachelors,13,Married-civ-spouse,Tech-support,Husband,White,Male,0,1902,40,United-States,>50K.
43,Private,271807,Some-college,10,Divorced,Craft-repair,Not-in-family,White,Male,0,0,40,United-States,<=50K
62,Private,235997,12th,8,Widowed,Adm-clerical,Unmarried,White,Female,0,0,37,Mexico,<=50K.
30,Private,173005,HS-grad,9,Married-civ-spouse,Adm-clerical,Husband,White,Male,0,0,44,United-States,<=50K
28,Private,338409,Bachelors,13,Married-civ-spouse,Prof-specialty,Wife,Black,Female,0,0,40,Cuba,<=50K
31,Private,312667,9th,5,Married-civ-spouse,Craft-repair,Husband,White,Male,0,0,40,United-States,<=50K
40,Private,121466,HS-grad,9,Divorced,Adm-clerical,Not-in-family,White,Male,0,0,40,United-States,<=50K.
43,State-gov,222978,Doctorate,16,Separated,Prof-specialty,Unmarried,White,Female,0,0,40,United-States,>50K
55,Local-gov,161662,Masters,14,Married-civ-spouse,Exec-managerial,Husband,White,Male,0,0,55,United-States,>50K
49,Private,255559,Some-college,10,Married-civ-spouse,Adm-clerical,Wife,White,Female,0,0,40,United-States,>50K
34,Self-emp-inc,127651,Bachelors,13,Divorced,Farming-fishing,Not-in-family,White,Male,0,0,60,United-States,<=50K
52,Local-gov,203953,HS-grad,9,Married-civ-spouse,Transport-moving,Husband,White,Male,0,0,40,Puerto-Rico,>50K.
66,Self-emp-not-inc,219220,Bachelors,13,Married-civ-spouse,Craft-repair,Husband,White,Male,2290,0,40,Germany,<=50K.
25,Private,188767,Assoc-acdm,12,Never-married,Exec-managerial,Not-in-family,White,Male,0,0,45,United-States,<=50K.
40,Private,163434,HS-grad,9,Never-married,Craft-repair,Not-in-family,White,Male,0,0,50,United-States,<=50K
21,Private,35424,Some-college,10,Never-married,Sales,Own-child,White,Female,0,0,25,United-States,<=50K
47,Private,111994,HS-grad,9,Married-civ-spouse,Other-service,Husband,White,Male,0,0,34,United-States,<=50K
23,Private,213811,Bachelors,13,Never-married,Exec-managerial,Own-child,White,Female,0,0,40,United-States,<=50K
55,Private,327406,Some-college,10,Divorced,Sales,Not-in-family,White,Male,0,0,65,United-States,>50K.
27,Private,230959,Bachelors,13,Never-married,Tech-support,Own-child,Asian-Pac-Islander,Female,0,0,40,Philippines,<=50K
50,Self-emp-inc,121441,11th,7,Never-married,Exec-managerial,Other-relative,White,Male,0,2444,40,United-States,>50K
35,Private,117381,Bachelors,13,Never-married,Exec-managerial,Not-in-family,White,Male,8614,0,45,United-States,>50K
44,Local-gov,68318,Masters,14,Never-married,Prof-specialty,Own-child,White,Female,0,0,55,United-States,<=50K
18,State-gov,191117,11th,7,Never-married,Other-service,Own-child,White,Male,0,0,20,United-States,<=50K
17,Local-gov,161955,11th,7,Never-married,Adm-clerical,Own-child,Amer-Indian-Eskimo,Female,0,0,30,United-States,<=50K.
36,Private,334366,11th,7,Separated,Exec-managerial,Not-in-family,White,Female,0,0,32,United-States,<=50K
43,Private,459342,HS-grad,9,Divorced,Adm-clerical,Not-in-family,White,Female,0,0,40,United-States,<=50K
26,Private,276309,Some-college,10,Never-married,Handlers-cleaners,Own-child,Black,Female,0,0,20,United-States,<=50K
36,Private,393673,Assoc-acdm,12,Married-civ-spouse,Exec-managerial,Wife,White,Female,0,0,50,United-States,>50K
43,Self-emp-not-inc,194726,HS-grad,9,Divorced,Craft-repair,Own-child,White,Male,0,0,35,United-States,<=50K
31,Private,502752,Bachelors,13,Married-civ-spouse,Adm-clerical,Wife,White,Female,0,0,40,United-States,>50K
47,Private,664821,Bachelors,13,Married-civ-spouse,Other-service,Husband,White,Male,0,0,40,El-Salvador,<=50K
37,Private,168941,11th,7,Divorced,Craft-repair,Not-in-family,White,Male,0,0,40,United-States,<=50K
47,Private,156926,Bachelors,13,Married-civ-spouse,Prof-specialty,Husband,White,Male,0,0,40,United-States,>50K.
27,Private,109881,Bachelors,13,Never-married,Other-service,Own-child,White,Female,0,0,20,United-States,<=50K
29,Private,115677,Bachelors,13,Never-married,Tech-support,Not-in-family,White,Male,0,0,40,United-States,<=50K
44,Private,195258,Masters,14,Divorced,Exec-managerial,Not-in-family,White,Male,0,0,50,United-States,<=50K.
23,Private,300275,HS-grad,9,Never-married,Sales,Not-in-family,White,Male,0,0,48,United-States,<=50K
34,Private,340917,HS-grad,9,Separated,Machine-op-inspct,Not-in-family,White,Male,2174,0,45,United-States,<=50K.
26,Private,133766,HS-grad,9,Married-civ-spouse,Farming-fishing,Husband,White,Male,0,0,70,United-States,<=50K
51,Private,138022,Masters,14,Married-civ-spouse,Exec-managerial,Husband,White,Male,0,0,60,United-States,>50K
24,Private,283896,HS-grad,9,Never-married,Handlers-cleaners,Not-in-family,White,Male,0,0,40,United-States,<=50K
32,Local-gov,100135,Bachelors,13,Married-civ-spouse,Prof-specialty,Wife,White,Female,0,0,35,United-States,>50K
48,Private,254291,Masters,14,Married-civ-spouse,Prof-specialty,Husband,White,Male,0,0,40,United-States,>50K
40,Private,75615,HS-grad,9,Married-civ-spouse,Sales,Husband,Black,Male,0,0,43,United-States,<=50K.
37,State-gov,62428,Some-college,10,Never-married,Prof-specialty,Unmarried,Black,Female,0,0,15,United-States,<=50K.
86,Private,149912,Masters,14,Never-married,Adm-clerical,Not-in-family,White,Female,0,0,40,United-States,<=50K
21,Local-gov,256356,Some-college,10,Never-married,Prof-specialty,Own-child,White,Female,0,0,25,United-States,<=50K.
44,Private,32000,Bachelors,13,Married-civ-spouse,Sales,Husband,White,Male,0,0,45,United-States,<=50K.
32,Private,164243,HS-grad,9,Married-civ-spouse,Tech-support,Husband,White,Male,0,0,60,United-States,>50K
27,Private,216481,Some-college,10,Widowed,Adm-clerical,Unmarried,White,Female,0,0,40,United-States,<=50K
22,Private,115892,11th,7,Never-married,Other-service,Not-in-family,White,Male,0,0,40,United-States,<=50K.
17,Private,202521,10th,6,Never-married,Other-service,Own-child,White,Male,0,0,15,United-States,<=50K
45,Local-gov,213620,Bachelors,13,Divorced,Prof-specialty,Not-in-family,White,Female,0,0,50,United-States,>50K.
25,Self-emp-not-inc,113948,Assoc-voc,11,Married-civ-spouse,Other-service,Wife,White,Female,0,0,45,United-States,<=50K
35,Private,99156,Bachelors,13,Never-married,Sales,Not-in-family,White,Male,0,0,50,United-States,<=50K
54,Private,226497,HS-grad,9,Married-civ-spouse,Machine-op-inspct,Husband,White,Male,0,0,40,United-States,<=50K.
35,State-gov,98776,HS-grad,9,Never-married,Tech-support,Own-child,White,Male,0,0,40,United-States,<=50K
34,Private,98656,Some-college,10,Never-married,Prof-specialty,Not-in-family,White,Female,0,0,40,United-States,<=50K
58,Private,152874,Some-college,10,Widowed,Other-service,Not-in-family,Black,Female,0,0,40,United-States,<=50K.
36,Private,321760,Bachelors,13,Never-married,Adm-clerical,Not-in-family,White,Female,0,0,17,United-States,<=50K
48,Self-emp-inc,138370,Masters,14,Married-spouse-absent,Sales,Not-in-family,Asian-Pac-Islander,Male,0,0,50,India,<=50K
35,Private,175232,Some-college,10,Never-married,Adm-clerical,Not-in-family,White,Male,0,0,40,United-States,<=50K.
45,Federal-gov,71823,Some-college,10,Married-civ-spouse,Adm-clerical,Husband,Black,Male,0,0,20,United-States,<=50K
18,Private,256967,10th,6,Never-married,Sales,Other-relative,Black,Female,0,0,40,United-States,<=50K
39,Private,186719,Some-college,10,Separated,Craft-repair,Unmarried,White,Female,0,0,25,United-States,<=50K.
49,Private,133351,HS-grad,9,Married-civ-spouse,Craft-repair,Wife,Black,Female,0,0,40,United-States,<=50K.
44,Private,228057,HS-grad,9,Separated,Adm-clerical,Not-in-family,White,Female,0,0,40,Puerto-Rico,<=50K
33,Private,215288,11th,7,Never-married,Handlers-cleaners,Own-child,Black,Male,0,0,40,United-States,<=50K
41,Private,112181,Bachelors,13,Married-civ-spouse,Sales,Wife,White,Female,0,0,12,United-States,>50K
56,Self-emp-inc,105582,Some-college,10,Married-civ-spouse,Exec-managerial,Husband,White,Male,7688,0,50,United-States,>50K
58,Self-emp-not-inc,105592,7th-8th,4,Married-civ-spouse,Transport-moving,Husband,White,Male,0,0,40,United-States,>50K
41,Local-gov,51111,Bachelors,13,Widowed,Adm-clerical,Not-in-family,White,Female,0,0,40,United-States,<=50K
41,Private,316820,Bachelors,13,Divorced,Sales,Not-in-family,White,Male,0,0,40,United-States,>50K.
45,Private,387074,Assoc-voc,11,Married-civ-spouse,Craft-repair,Husband,White,Male,0,0,40,United-States,<=50K
33,Private,112900,HS-grad,9,Divorced,Other-service,Unmarried,White,Female,0,0,40,United-States,<=50K
24,Private,233856,HS-grad,9,Never-married,Machine-op-inspct,Other-relative,Black,Male,0,0,45,United-States,<=50K
26,Private,219815,Some-college,10,Married-spouse-absent,Adm-clerical,Unmarried,White,Female,0,0,40,United-States,<=50K
30,Local-gov,181372,Bachelors,13,Married-civ-spouse,Prof-specialty,Wife,White,Female,0,0,33,United-States,>50K
23,Private,167692,Some-college,10,Never-married,Adm-clerical,Own-child,White,Female,0,0,20,United-States,<=50K
50,Local-gov,20795,Some-college,10,Married-civ-spouse,Protective-serv,Husband,White,Male,0,0,40,United-States,>50K
21,Private,410439,Some-college,10,Never-married,Sales,Own-child,White,Male,0,0,24,United-States,<=50K
49,Private,184428,Bachelors,13,Divorced,Adm-clerical,Not-in-family,White,Male,0,0,40,United-States,<=50K
50,Private,108926,Some-college,10,Divorced,Machine-op-inspct,Not-in-family,Black,Female,0,0,40,United-States,<=50K
36,Private,195385,HS-grad,9,Married-civ-spouse,Transport-moving,Husband,Amer-Indian-Eskimo,Male,0,0,40,United-States,<=50K
33,Self-emp-not-inc,656488,Assoc-voc,11,Divorced,Tech-support,Unmarried,Black,Male,0,0,50,United-States,<=50K.
38,Private,217349,Assoc-voc,11,Divorced,Prof-specialty,Not-in-family,White,Female,14344,0,40,United-States,>50K
44,Private,75227,Prof-school,15,Never-married,Prof-specialty,Not-in-family,White,Male,14084,0,40,United-States,>50K
47,Private,278322,Some-college,10,Married-civ-spouse,Prof-specialty,Husband,White,Male,7688,0,40,United-States,>50K
61,Private,362068,Assoc-acdm,12,Married-civ-spouse,Exec-managerial,Husband,White,Male,0,0,50,United-States,>50K.
42,Private,444134,HS-grad,9,Married-civ-spouse,Transport-moving,Husband,White,Male,0,0,40,United-States,<=50K.
28,Local-gov,25864,HS-grad,9,Never-married,Exec-managerial,Unmarried,Amer-Indian-Eskimo,Female,0,0,35,United-States,<=50K
24,Self-emp-not-inc,31606,Bachelors,13,Married-civ-spouse,Prof-specialty,Other-relative,White,Female,0,0,20,United-States,>50K.
56,Private,208431,Some-college,10,Widowed,Exec-managerial,Not-in-family,Black,Female,0,0,32,United-States,<=50K
61,Private,195453,HS-grad,9,Married-civ-spouse,Exec-managerial,Husband,White,Male,0,0,50,United-States,>50K
44,Private,160837,5th-6th,3,Married-civ-spouse,Other-service,Husband,White,Male,0,0,40,Puerto-Rico,<=50K.
30,Private,131415,Bachelors,13,Never-married,Priv-house-serv,Not-in-family,White,Female,0,0,60,United-States,<=50K.
30,Private,241259,Assoc-voc,11,Married-civ-spouse,Transport-moving,Husband,White,Male,0,0,40,United-States,<=50K
29,Private,24562,Bachelors,13,Divorced,Other-service,Unmarried,Other,Female,0,0,40,United-States,<=50K
44,Local-gov,277533,Some-college,10,Married-civ-spouse,Protective-serv,Husband,White,Male,0,0,40,United-States,>50K.
51,Private,84399,HS-grad,9,Married-civ-spouse,Machine-op-inspct,Husband,Black,Male,0,0,40,United-States,<=50K
69,Private,228921,Bachelors,13,Widowed,Prof-specialty,Not-in-family,White,Male,0,2282,40,United-States,>50K
64,Private,207188,Bachelors,13,Divorced,Exec-managerial,Not-in-family,White,Female,0,0,40,United-States,<=50K.
21,Private,411068,Some-college,10,Never-married,Adm-clerical,Own-child,White,Female,0,0,35,United-States,<=50K
42,Private,120837,HS-grad,9,Divorced,Farming-fishing,Not-in-family,White,Male,0,0,50,United-States,<=50K.
40,Self-emp-not-inc,55363,HS-grad,9,Married-civ-spouse,Craft-repair,Husband,White,Male,3411,0,40,United-States,<=50K
31,Private,109055,HS-grad,9,Married-civ-spouse,Farming-fishing,Husband,White,Male,3137,0,45,United-States,<=50K
54,Local-gov,163557,HS-grad,9,Never-married,Adm-clerical,Not-in-family,White,Female,0,0,30,United-States,<=50K
29,Private,108775,Bachelors,13,Married-civ-spouse,Exec-managerial,Husband,White,Male,0,0,50,United-States,>50K.
24,Private,22201,HS-grad,9,Married-civ-spouse,Protective-serv,Husband,Asian-Pac-Islander,Male,0,0,40,Thailand,<=50K
33,Private,34572,HS-grad,9,Married-civ-spouse,Sales,Husband,White,Male,0,0,40,United-States,<=50K.
29,Private,51944,HS-grad,9,Married-civ-spouse,Other-service,Wife,White,Female,4386,0,40,United-States,>50K
37,Local-gov,189878,Some-college,10,Married-civ-spouse,Protective-serv,Husband,White,Male,0,0,60,United-States,<=50K
22,Private,369549,Some-college,10,Never-married,Other-service,Not-in-family,Black,Female,0,0,30,United-States,<=50K
57,Private,334224,Some-college,10,Married-civ-spouse,Craft-repair,Wife,White,Female,9386,0,40,United-States,>50K
45,Private,276839,Some-college,10,Married-spouse-absent,Sales,Not-in-family,White,Male,0,0,40,United-States,<=50K.
21,Private,376393,HS-grad,9,Never-married,Adm-clerical,Own-child,White,Female,0,0,25,United-States,<=50K.
56,Private,105281,HS-grad,9,Widowed,Sales,Not-in-family,White,Female,0,1974,40,United-States,<=50K
23,Private,227943,Bachelors,13,Never-married,Exec-managerial,Own-child,White,Male,0,0,40,United-States,<=50K.
45,Private,273194,HS-grad,9,Married-civ-spouse,Machine-op-inspct,Husband,Black,Male,3137,0,35,United-States,<=50K
30,Private,347166,HS-grad,9,Never-married,Exec-managerial,Not-in-family,White,Male,0,0,60,United-States,<=50K
70,Self-emp-inc,158437,Prof-school,15,Married-civ-spouse,Prof-specialty,Husband,White,Male,0,0,35,United-States,>50K
35,Private,38948,Assoc-voc,11,Married-civ-spouse,Craft-repair,Husband,White,Male,3103,0,40,United-States,>50K.
21,Private,203924,Some-college,10,Never-married,Adm-clerical,Not-in-family,White,Male,2597,0,45,United-States,<=50K
67,Private,366425,Doctorate,16,Divorced,Exec-managerial,Not-in-family,White,Male,99999,0,60,United-States,>50K.
28,Private,115438,Bachelors,13,Never-married,Adm-clerical,Own-child,White,Male,0,0,40,United-States,<=50K
58,Private,194733,Assoc-acdm,12,Married-civ-spouse,Craft-repair,Husband,White,Male,0,0,40,United-States,>50K
22,Private,351952,Some-college,10,Never-married,Prof-specialty,Unmarried,White,Female,0,0,20,United-States,<=50K
52,Private,155496,HS-grad,9,Never-married,Adm-clerical,Other-relative,White,Female,0,0,40,United-States,<=50K.
46,Federal-gov,20956,Bachelors,13,Married-civ-spouse,Exec-managerial,Husband,White,Male,15024,0,40,United-States,>50K
32,Private,153471,HS-grad,9,Never-married,Farming-fishing,Not-in-family,White,Male,0,0,35,United-States,<=50K
39,Self-emp-not-inc,174308,HS-grad,9,Married-civ-spouse,Exec-managerial,Husband,White,Male,0,0,40,United-States,<=50K
41,Private,32878,Bachelors,13,Married-civ-spouse,Prof-specialty,Husband,White,Male,0,0,45,United-States,>50K
41,Private,57233,Bachelors,13,Never-married,Handlers-cleaners,Not-in-family,White,Male,0,0,40,United-States,<=50K
26,Private,322547,Bachelors,13,Never-married,Prof-specialty,Not-in-family,White,Female,0,0,45,United-States,<=50K
31,Private,46807,Bachelors,13,Never-married,Tech-support,Not-in-family,White,Male,0,0,40,United-States,<=50K
26,Self-emp-inc,316688,Some-college,10,Never-married,Sales,Other-relative,White,Male,0,0,40,United-States,<=50K.
33,Private,377692,Assoc-acdm,12,Never-married,Tech-support,Not-in-family,White,Male,0,0,40,United-States,<=50K.
22,Local-gov,177475,Bachelors,13,Never-married,Prof-specialty,Not-in-family,White,Female,0,0,40,United-States,<=50K.
80,Self-emp-not-inc,26865,7th-8th,4,Never-married,Farming-fishing,Unmarried,White,Male,0,0,20,United-States,<=50K
38,Private,165472,Bachelors,13,Married-civ-spouse,Prof-specialty,Husband,White,Male,0,0,40,United-States,>50K
56,Private,192845,Some-college,10,Married-civ-spouse,Exec-managerial,Husband,White,Male,0,1887,40,United-States,>50K.
59,Self-emp-not-inc,81107,Some-college,10,Married-civ-spouse,Sales,Wife,White,Female,0,0,80,United-States,>50K
50,Private,222020,HS-grad,9,Married-civ-spouse,Craft-repair,Husband,White,Male,0,0,40,United-States,<=50K
30,Federal-gov,423064,HS-grad,9,Separated,Adm-clerical,Other-relative,Black,Male,0,0,35,United-States,<=50K
27,Private,183627,Bachelors,13,Married-civ-spouse,Exec-managerial,Husband,White,Male,0,1977,50,United-States,>50K
49,Private,153536,Some-college,10,Divorced,Prof-specialty,Not-in-family,White,Male,14084,0,44,United-States,>50K
29,Private,84560,HS-grad,9,Never-married,Handlers-cleaners,Own-child,White,Male,0,0,40,United-States,<=50K
36,Private,163278,Masters,14,Never-married,Prof-specialty,Not-in-family,White,Female,0,0,40,United-States,<=50K
24,State-gov,147719,Masters,14,Never-married,Prof-specialty,Not-in-family,Asian-Pac-Islander,Male,0,0,20,India,<=50K
28,Private,148084,HS-grad,9,Never-married,Handlers-cleaners,Unmarried,Black,Female,0,0,40,Dominican-Republic,<=50K.
18,Private,163460,Some-college,10,Never-married,Sales,Own-child,Black,Male,0,0,20,United-States,<=50K.
36,Private,362067,Assoc-voc,11,Separated,Adm-clerical,Unmarried,Black,Female,0,0,40,United-States,<=50K.
17,Private,74706,11th,7,Never-married,Priv-house-serv,Own-child,White,Male,0,0,20,United-States,<=50K.
27,Private,175034,Bachelors,13,Never-married,Adm-clerical,Not-in-family,White,Female,0,0,40,United-States,<=50K
36,Private,73023,HS-grad,9,Divorced,Craft-repair,Not-in-family,White,Male,0,0,55,United-States,<=50K
43,Federal-gov,347720,Bachelors,13,Never-married,Tech-support,Not-in-family,White,Male,0,0,50,United-States,<=50K
36,Private,128392,Bachelors,13,Divorced,Exec-managerial,Not-in-family,White,Male,4787,0,40,United-States,>50K.
39,Private,49020,Masters,14,Never-married,Exec-managerial,Not-in-family,White,Male,0,1974,40,United-States,<=50K
51,Private,194908,HS-grad,9,Married-civ-spouse,Adm-clerical,Wife,White,Female,0,0,40,United-States,<=50K
47,Private,223342,HS-grad,9,Divorced,Adm-clerical,Unmarried,White,Female,0,1504,35,United-States,<=50K
40,Private,21755,Some-college,10,Never-married,Craft-repair,Other-relative,Amer-Indian-Eskimo,Male,0,0,30,United-States,<=50K.
32,Private,127895,HS-grad,9,Never-married,Machine-op-inspct,Own-child,Black,Female,0,0,40,United-States,<=50K.
33,Private,188352,Masters,14,Never-married,Prof-specialty,Not-in-family,Black,Male,0,0,50,United-States,<=50K
47,Private,193285,HS-grad,9,Married-civ-spouse,Other-service,Wife,Black,Female,5013,0,40,United-States,<=50K
44,Local-gov,54651,Masters,14,Married-civ-spouse,Prof-specialty,Husband,White,Male,0,0,40,United-States,>50K.
53,Private,208321,HS-grad,9,Married-civ-spouse,Other-service,Husband,Black,Male,0,1740,40,United-States,<=50K
48,Private,349151,HS-grad,9,Married-civ-spouse,Craft-repair,Husband,White,Male,0,0,40,United-States,<=50K
38,Private,239397,7th-8th,4,Married-civ-spouse,Craft-repair,Husband,White,Male,0,0,36,Mexico,<=50K
53,Private,77927,5th-6th,3,Never-married,Handlers-cleaners,Other-relative,Asian-Pac-Islander,Female,0,0,50,Philippines,<=50K.
21,Private,229826,Some-college,10,Married-civ-spouse,Machine-op-inspct,Husband,White,Male,0,0,20,United-States,<=50K
52,Private,99185,HS-grad,9,Married-civ-spouse,Sales,Husband,White,Male,7298,0,50,United-States,>50K
29,Private,260645,Some-college,10,Never-married,Sales,Own-child,White,Female,0,0,40,United-States,<=50K.
37,Private,40955,Bachelors,13,Never-married,Prof-specialty,Not-in-family,White,Male,0,0,30,United-States,<=50K
56,Private,220187,Some-college,10,Married-civ-spouse,Sales,Husband,White,Male,0,0,45,United-States,>50K
46,Self-emp-inc,320124,HS-grad,9,Married-civ-spouse,Exec-managerial,Wife,Amer-Indian-Eskimo,Female,15024,0,40,United-States,>50K
20,Private,163687,Some-college,10,Never-married,Other-service,Own-child,White,Male,0,0,40,United-States,<=50K.
51,Private,54465,Assoc-voc,11,Divorced,Prof-specialty,Not-in-family,White,Female,0,0,48,United-States,<=50K.
57,Self-emp-not-inc,75785,HS-grad,9,Married-civ-spouse,Machine-op-inspct,Husband,White,Male,0,0,70,United-States,<=50K.
40,Private,209833,HS-grad,9,Never-married,Craft-repair,Not-in-family,White,Male,0,0,40,United-States,<=50K
48,Private,131309,Masters,14,Married-civ-spouse,Prof-specialty,Husband,White,Male,0,0,45,United-States,>50K
57,State-gov,132145,Masters,14,Married-civ-spouse,Exec-managerial,Husband,White,Male,7298,0,45,United-States,>50K.
70,Private,77219,HS-grad,9,Married-civ-spouse,Craft-repair,Husband,White,Male,0,0,37,United-States,<=50K
22,Private,63105,HS-grad,9,Never-married,Prof-specialty,Own-child,Black,Male,0,0,40,United-States,<=50K
31,Private,94413,HS-grad,9,Divorced,Craft-repair,Other-relative,White,Male,3325,0,40,United-States,<=50K.
24,Private,215890,HS-grad,9,Married-civ-spouse,Adm-clerical,Husband,White,Male,0,0,40,United-States,<=50K.
22,Private,239098,HS-grad,9,Never-married,Other-service,Unmarried,White,Female,0,0,40,United-States,<=50K
19,Local-gov,276973,Some-college,10,Never-married,Prof-specialty,Own-child,White,Female,0,0,20,United-States,<=50K
52,Private,284129,Some-college,10,Married-civ-spouse,Craft-repair,Husband,White,Male,0,0,40,United-States,>50K
36,Private,173804,11th,7,Divorced,Other-service,Not-in-family,White,Female,0,0,40,United-States,<=50K
38,Private,192337,Masters,14,Married-civ-spouse,Prof-specialty,Husband,White,Male,0,0,40,England,>50K
40,Private,111779,11th,7,Divorced,Other-service,Unmarried,Black,Female,0,0,36,United-States,<=50K.
42,Self-emp-not-inc,351161,Bachelors,13,Married-civ-spouse,Prof-specialty,Husband,White,Male,0,1887,40,United-States,>50K
28,Private,243660,HS-grad,9,Married-civ-spouse,Transport-moving,Husband,White,Male,0,0,40,United-States,<=50K
31,Private,169122,HS-grad,9,Divorced,Other-service,Not-in-family,White,Male,0,0,28,United-States,<=50K.
31,Private,337505,Prof-school,15,Married-civ-spouse,Prof-specialty,Husband,Asian-Pac-Islander,Male,0,0,40,Japan,<=50K.
32,Private,207668,HS-grad,9,Married-civ-spouse,Craft-repair,Husband,White,Male,0,0,50,United-States,<=50K
54,Private,35459,HS-grad,9,Never-married,Sales,Not-in-family,White,Male,0,0,40,United-States,<=50K
38,Private,245372,Bachelors,13,Married-civ-spouse,Prof-specialty,Husband,White,Male,7688,0,45,United-States,>50K
39,State-gov,189385,Some-college,10,Separated,Exec-managerial,Unmarried,Black,Female,0,0,30,United-States,<=50K
52,Private,173987,HS-grad,9,Married-civ-spouse,Adm-clerical,Husband,White,Male,0,0,40,United-States,>50K.
43,Local-gov,193755,Bachelors,13,Married-civ-spouse,Prof-specialty,Husband,White,Male,0,0,40,United-States,<=50K
54,State-gov,166774,Masters,14,Never-married,Prof-specialty,Not-in-family,White,Female,0,0,45,United-States,>50K
24,Self-emp-not-inc,37440,Bachelors,13,Never-married,Farming-fishing,Unmarried,White,Male,0,0,50,United-States,<=50K
38,Private,139180,Bachelors,13,Divorced,Prof-specialty,Unmarried,Black,Female,15020,0,45,United-States,>50K
45,Private,233511,Bachelors,13,Married-civ-spouse,Exec-managerial,Husband,White,Male,0,1977,60,United-States,>50K
17,Private,114420,11th,7,Never-married,Sales,Own-child,White,Female,0,0,30,United-States,<=50K
52,Federal-gov,221532,Bachelors,13,Married-civ-spouse,Exec-managerial,Husband,White,Male,0,0,45,United-States,>50K
63,State-gov,194682,Doctorate,16,Married-civ-spouse,Exec-managerial,Husband,White,Male,0,1902,50,United-States,>50K
28,Private,102142,Some-college,10,Never-married,Tech-support,Not-in-family,White,Male,0,0,40,United-States,<=50K.
57,Private,89392,Masters,14,Married-spouse-absent,Prof-specialty,Not-in-family,White,Female,0,0,40,United-States,<=50K
45,Private,38950,Bachelors,13,Never-married,Craft-repair,Not-in-family,White,Male,0,0,40,United-States,<=50K
59,Private,108765,HS-grad,9,Married-civ-spouse,Transport-moving,Husband,White,Male,0,0,50,United-States,<=50K
19,Private,104112,HS-grad,9,Never-married,Sales,Unmarried,Black,Male,0,0,30,Haiti,<=50K
51,Local-gov,142801,Masters,14,Widowed,Prof-specialty,Not-in-family,Black,Female,0,0,40,United-States,>50K.
39,Private,130007,Some-college,10,Divorced,Craft-repair,Unmarried,White,Male,0,0,40,United-States,<=50K.
31,Private,145791,Assoc-voc,11,Divorced,Tech-support,Unmarried,White,Female,0,0,40,United-States,<=50K
42,Private,152889,10th,6,Married-civ-spouse,Craft-repair,Husband,White,Male,0,0,45,United-States,<=50K
26,Self-emp-not-inc,213258,HS-grad,9,Divorced,Farming-fishing,Unmarried,White,Male,0,0,65,United-States,<=50K
50,Private,98350,Some-college,10,Married-civ-spouse,Adm-clerical,Husband,Asian-Pac-Islander,Male,0,0,40,Philippines,>50K
55,Private,451603,HS-grad,9,Divorced,Craft-repair,Unmarried,White,Male,0,0,40,United-States,<=50K.
45,Private,118889,Assoc-voc,11,Married-civ-spouse,Craft-repair,Husband,White,Male,0,0,40,United-States,<=50K
45,Private,176841,HS-grad,9,Never-married,Other-service,Not-in-family,White,Female,0,0,40,El-Salvador,<=50K.
37,Private,301568,12th,8,Never-married,Other-service,Own-child,White,Female,0,0,40,United-States,<=50K
32,Private,174704,11th,7,Never-married,Other-service,Not-in-family,Black,Male,0,0,40,United-States,<=50K
22,Private,212780,HS-grad,9,Never-married,Sales,Not-in-family,Black,Female,0,0,30,United-States,<=50K.
57,Local-gov,121111,HS-grad,9,Divorced,Adm-clerical,Unmarried,White,Female,0,0,40,United-States,<=50K
35,Self-emp-not-inc,37778,Assoc-voc,11,Married-civ-spouse,Farming-fishing,Husband,White,Male,3103,0,55,United-States,<=50K
31,Private,301637,Assoc-voc,11,Never-married,Farming-fishing,Own-child,White,Male,0,0,40,United-States,<=50K
62,Private,152148,9th,5,Married-civ-spouse,Other-service,Husband,White,Male,0,0,40,United-States,<=50K
41,Federal-gov,255543,Some-college,10,Married-civ-spouse,Adm-clerical,Husband,White,Male,0,0,40,United-States,>50K.
45,Local-gov,189890,HS-grad,9,Never-married,Adm-clerical,Unmarried,White,Female,0,0,40,United-States,<=50K
25,Private,224943,Some-college,10,Married-spouse-absent,Prof-specialty,Unmarried,Black,Male,0,0,40,United-States,<=50K
26,Private,159732,HS-grad,9,Never-married,Machine-op-inspct,Not-in-family,White,Male,0,0,52,United-States,<=50K
40,Private,114200,HS-grad,9,Married-spouse-absent,Exec-managerial,Not-in-family,White,Male,0,0,40,United-States,<=50K.
40,State-gov,91949,Doctorate,16,Never-married,Prof-specialty,Not-in-family,Black,Female,0,0,40,United-States,<=50K
39,Private,202027,Bachelors,13,Married-civ-spouse,Exec-managerial,Husband,White,Male,15024,0,45,United-States,>50K
22,Private,163519,Bachelors,13,Never-married,Sales,Own-child,White,Female,0,0,40,United-States,<=50K.
48,Self-emp-inc,85109,Some-college,10,Never-married,Craft-repair,Not-in-family,White,Male,0,0,45,United-States,<=50K
36,Self-emp-not-inc,105021,Some-college,10,Married-civ-spouse,Exec-managerial,Husband,White,Male,0,0,55,United-States,>50K
24,Private,62952,HS-grad,9,Never-married,Craft-repair,Own-child,White,Male,0,0,40,United-States,<=50K
36,Self-emp-not-inc,186934,Some-college,10,Married-civ-spouse,Sales,Husband,White,Male,0,0,55,United-States,<=50K.
25,State-gov,257064,Some-college,10,Married-civ-spouse,Adm-clerical,Husband,Black,Male,0,0,38,United-States,<=50K
57,Self-emp-inc,249072,Some-college,10,Married-civ-spouse,Exec-managerial,Husband,White,Male,99999,0,60,United-States,>50K.
21,Private,243842,HS-grad,9,Married-civ-spouse,Farming-fishing,Husband,White,Male,0,0,40,United-States,<=50K
45,Local-gov,236586,Masters,14,Married-civ-spouse,Prof-specialty,Husband,White,Male,7688,0,55,United-States,>50K
24,Private,208882,HS-grad,9,Never-married,Craft-repair,Not-in-family,Black,Male,0,0,40,United-States,<=50K
30,Private,66278,HS-grad,9,Never-married,Adm-clerical,Not-in-family,White,Female,0,0,40,United-States,<=50K
18,Private,165532,12th,8,Never-married,Other-service,Own-child,White,Male,0,0,15,United-States,<=50K
40,Private,173321,HS-grad,9,Married-civ-spouse,Other-service,Wife,Black,Female,0,0,32,United-States,<=50K
41,Private,67065,Assoc-voc,11,Married-civ-spouse,Sales,Husband,White,Male,0,0,40,United-States,<=50K
24,State-gov,165201,Some-college,10,Married-civ-spouse,Adm-clerical,Wife,White,Female,0,0,45,United-States,<=50K
61,Private,129246,10th,6,Married-civ-spouse,Craft-repair,Husband,White,Male,0,0,48,United-States,<=50K
42,Private,328239,Some-college,10,Never-married,Other-service,Own-child,White,Male,0,0,30,United-States,<=50K.
43,Private,64631,HS-grad,9,Married-civ-spouse,Craft-repair,Husband,White,Male,0,0,40,United-States,<=50K
30,Private,208043,Bachelors,13,Married-civ-spouse,Sales,Husband,White,Male,0,0,55,United-States,>50K
35,Private,193094,HS-grad,9,Never-married,Craft-repair,Own-child,White,Female,0,0,48,United-States,<=50K.
19,Self-emp-not-inc,305834,Some-college,10,Never-married,Craft-repair,Own-child,White,Female,0,0,25,United-States,<=50K
28,Private,221215,10th,6,Never-married,Handlers-cleaners,Other-relative,White,Male,0,0,40,Mexico,<=50K
46,Private,219021,HS-grad,9,Married-civ-spouse,Transport-moving,Husband,White,Male,15024,0,44,United-States,>50K
23,Local-gov,219122,Some-college,10,Never-married,Protective-serv,Own-child,White,Male,0,0,40,United-States,<=50K.
25,Private,309098,Assoc-voc,11,Never-married,Prof-specialty,Not-in-family,White,Male,0,0,40,United-States,<=50K
45,Private,166636,HS-grad,9,Divorced,Other-service,Other-relative,Black,Female,0,0,35,United-States,<=50K
25,Private,106552,Bachelors,13,Never-married,Prof-specialty,Own-child,White,Male,0,0,20,United-States,<=50K.
41,Private,252392,9th,5,Married-civ-spouse,Machine-op-inspct,Husband,White,Male,0,0,40,Mexico,<=50K.
38,Local-gov,169104,Bachelors,13,Married-civ-spouse,Protective-serv,Husband,Asian-Pac-Islander,Male,0,0,40,Philippines,>50K
37,Private,185744,HS-grad,9,Married-civ-spouse,Other-service,Wife,White,Female,0,0,20,United-States,<=50K
40,Private,105936,Bachelors,13,Divorced,Prof-specialty,Not-in-family,White,Female,0,0,40,United-States,<=50K
77,Self-emp-not-inc,176690,9th,5,Widowed,Other-service,Not-in-family,White,Female,0,0,40,England,<=50K.
31,Private,184307,Some-college,10,Divorced,Craft-repair,Not-in-family,White,Male,0,0,40,United-States,<=50K
48,Local-gov,317360,Masters,14,Married-civ-spouse,Prof-specialty,Wife,White,Female,0,0,40,United-States,>50K
34,Private,79637,Bachelors,13,Never-married,Exec-managerial,Own-child,Amer-Indian-Eskimo,Female,0,0,40,United-States,<=50K
33,Private,219619,Masters,14,Married-civ-spouse,Prof-specialty,Husband,White,Male,15024,0,40,United-States,>50K.
51,Self-emp-inc,114674,Some-college,10,Married-civ-spouse,Exec-managerial,Husband,White,Male,0,0,55,United-States,>50K.
48,Local-gov,85341,Bachelors,13,Married-civ-spouse,Prof-specialty,Husband,White,Male,0,0,45,United-States,<=50K
40,Self-emp-not-inc,29702,HS-grad,9,Never-married,Farming-fishing,Own-child,White,Male,0,0,85,United-States,<=50K.
23,Private,145389,Some-college,10,Married-civ-spouse,Sales,Wife,White,Female,0,0,40,United-States,<=50K
55,Private,231738,HS-grad,9,Divorced,Sales,Not-in-family,White,Female,0,0,40,England,<=50K
34,Private,412933,12th,8,Married-civ-spouse,Transport-moving,Husband,Black,Male,0,0,55,United-States,<=50K.
20,Private,159297,Some-college,10,Never-married,Adm-clerical,Own-child,Asian-Pac-Islander,Female,0,0,15,United-States,<=50K
38,Self-emp-not-inc,122493,10th,6,Married-civ-spouse,Sales,Husband,White,Male,0,1887,40,United-States,>50K
32,Private,339196,HS-grad,9,Never-married,Craft-repair,Own-child,White,Male,0,0,40,United-States,<=50K.
25,Private,259505,HS-grad,9,Never-married,Tech-support,Not-in-family,White,Male,0,0,40,United-States,<=50K
36,Private,117802,Assoc-voc,11,Married-civ-spouse,Prof-specialty,Husband,White,Male,0,0,40,United-States,<=50K.
44,Self-emp-inc,220230,HS-grad,9,Married-civ-spouse,Other-service,Husband,Black,Male,0,0,48,United-States,<=50K
21,Private,163870,Some-college,10,Never-married,Handlers-cleaners,Own-child,White,Male,0,0,30,United-States,<=50K
35,Private,218955,Bachelors,13,Married-civ-spouse,Sales,Husband,White,Male,0,0,40,United-States,<=50K
38,Private,131288,Assoc-voc,11,Never-married,Farming-fishing,Not-in-family,White,Male,0,0,50,United-States,<=50K.
73,Private,88594,HS-grad,9,Divorced,Exec-managerial,Not-in-family,White,Female,0,0,35,United-States,<=50K.
47,Self-emp-not-inc,242519,HS-grad,9,Married-civ-spouse,Exec-managerial,Husband,White,Male,0,0,50,United-States,>50K.
27,Private,284859,Some-college,10,Married-civ-spouse,Handlers-cleaners,Husband,White,Male,0,0,50,United-States,<=50K.
26,Private,193050,Some-college,10,Divorced,Adm-clerical,Unmarried,White,Female,0,0,18,United-States,<=50K.
33,Private,178429,Bachelors,13,Married-civ-spouse,Prof-specialty,Husband,White,Male,0,0,40,United-States,>50K
27,Private,408623,Bachelors,13,Married-civ-spouse,Craft-repair,Other-relative,White,Male,0,0,50,United-States,<=50K
21,Private,256356,11th,7,Never-married,Priv-house-serv,Other-relative,White,Female,0,0,40,Mexico,<=50K
56,Private,265086,HS-grad,9,Married-civ-spouse,Craft-repair,Husband,White,Male,0,0,50,United-States,>50K
33,Private,209415,10th,6,Divorced,Protective-serv,Not-in-family,White,Female,0,0,32,United-States,<=50K.
27,Private,189565,Doctorate,16,Married-civ-spouse,Prof-specialty,Husband,White,Male,0,0,40,United-States,>50K.
24,Private,89154,9th,5,Never-married,Other-service,Not-in-family,White,Male,0,0,40,El-Salvador,<=50K
26,Private,82091,HS-grad,9,Never-married,Adm-clerical,Not-in-family,White,Female,0,0,39,United-States,<=50K.
49,Private,213897,Bachelors,13,Married-civ-spouse,Sales,Husband,Asian-Pac-Islander,Male,0,0,50,Japan,>50K.
52,Private,618130,HS-grad,9,Divorced,Other-service,Own-child,Black,Female,0,0,40,United-States,<=50K.
46,Private,215943,HS-grad,9,Divorced,Prof-specialty,Unmarried,White,Female,0,0,40,United-States,<=50K
54,Private,174102,Some-college,10,Never-married,Exec-managerial,Not-in-family,White,Male,0,0,40,United-States,>50K
21,Private,572285,HS-grad,9,Never-married,Other-service,Other-relative,White,Female,0,0,20,United-States,<=50K.
29,Private,166210,Some-college,10,Divorced,Tech-support,Not-in-family,White,Male,0,0,55,United-States,<=50K
33,Self-emp-not-inc,249249,5th-6th,3,Married-civ-spouse,Craft-repair,Husband,White,Male,0,0,50,United-States,>50K
59,Private,153484,Bachelors,13,Married-civ-spouse,Craft-repair,Husband,White,Male,15024,0,50,United-States,>50K
31,Private,241360,Bachelors,13,Never-married,Sales,Not-in-family,White,Male,0,0,40,United-States,<=50K
18,Private,57957,HS-grad,9,Never-married,Sales,Own-child,White,Female,0,0,15,United-States,<=50K
33,Private,221196,Some-college,10,Married-civ-spouse,Craft-repair,Husband,Black,Male,0,0,40,United-States,<=50K
19,Federal-gov,234151,HS-grad,9,Never-married,Adm-clerical,Unmarried,Black,Female,0,0,40,United-States,<=50K
20,Private,236804,HS-grad,9,Never-married,Adm-clerical,Not-in-family,White,Male,0,0,40,United-States,<=50K
35,Private,114765,Bachelors,13,Divorced,Sales,Not-in-family,White,Female,0,0,40,United-States,<=50K
43,Private,91316,Masters,14,Never-married,Prof-specialty,Not-in-family,White,Male,0,0,60,United-States,>50K.
58,Self-emp-not-inc,25124,Assoc-voc,11,Married-civ-spouse,Farming-fishing,Husband,White,Male,0,2377,65,United-States,<=50K.
20,Private,133061,HS-grad,9,Never-married,Handlers-cleaners,Own-child,White,Male,0,0,40,United-States,<=50K
28,Self-emp-not-inc,315417,Prof-school,15,Never-married,Prof-specialty,Not-in-family,White,Male,2176,0,40,United-States,<=50K
36,Private,269722,Masters,14,Married-civ-spouse,Other-service,Husband,White,Male,0,0,40,United-States,<=50K
33,Private,36222,Doctorate,16,Married-civ-spouse,Prof-specialty,Husband,White,Male,0,0,45,United-States,>50K.
35,Private,323120,Assoc-acdm,12,Never-married,Machine-op-inspct,Not-in-family,White,Female,0,0,44,United-States,>50K.
21,Private,47541,HS-grad,9,Divorced,Machine-op-inspct,Other-relative,White,Male,0,0,40,United-States,<=50K
37,Private,79586,HS-grad,9,Separated,Machine-op-inspct,Own-child,Asian-Pac-Islander,Male,0,0,60,United-States,<=50K.
61,Private,184167,12th,8,Married-civ-spouse,Craft-repair,Wife,Black,Female,0,0,40,United-States,<=50K.
27,Private,126730,HS-grad,9,Never-married,Sales,Not-in-family,White,Female,0,0,40,United-States,<=50K
50,Private,165050,10th,6,Married-civ-spouse,Craft-repair,Husband,White,Male,0,0,40,United-States,>50K
35,Self-emp-not-inc,61343,HS-grad,9,Divorced,Machine-op-inspct,Unmarried,White,Male,0,0,40,United-States,<=50K.
44,Self-emp-inc,103643,HS-grad,9,Married-civ-spouse,Exec-managerial,Husband,White,Male,5013,0,60,Greece,<=50K
48,Private,238567,5th-6th,3,Married-civ-spouse,Handlers-cleaners,Husband,White,Male,0,0,40,Mexico,<=50K.
51,Local-gov,387250,Bachelors,13,Married-civ-spouse,Adm-clerical,Husband,White,Male,0,0,50,United-States,>50K
30,Local-gov,233993,Bachelors,13,Never-married,Prof-specialty,Own-child,White,Female,0,0,15,United-States,<=50K
49,Self-emp-not-inc,203505,HS-grad,9,Divorced,Sales,Not-in-family,White,Female,0,0,30,United-States,<=50K.
71,Self-emp-not-inc,322789,HS-grad,9,Married-civ-spouse,Farming-fishing,Husband,Amer-Indian-Eskimo,Male,0,0,35,United-States,<=50K
20,Private,115824,11th,7,Married-civ-spouse,Handlers-cleaners,Husband,White,Male,0,1573,40,United-States,<=50K
45,Private,172822,HS-grad,9,Married-civ-spouse,Machine-op-inspct,Husband,White,Male,0,0,52,United-States,>50K
46,Private,155659,Bachelors,13,Married-civ-spouse,Machine-op-inspct,Husband,White,Male,0,0,40,Germany,>50K
62,Private,499971,11th,7,Widowed,Handlers-cleaners,Not-in-family,Black,Female,0,0,40,United-States,<=50K.
23,Private,217961,HS-grad,9,Never-married,Craft-repair,Unmarried,White,Male,0,0,45,Outlying-US(Guam-USVI-etc),<=50K
52,Private,195638,HS-grad,9,Never-married,Other-service,Unmarried,White,Female,0,0,45,United-States,<=50K
34,Private,196253,Some-college,10,Divorced,Adm-clerical,Unmarried,White,Female,0,0,40,United-States,<=50K.
39,Private,219155,HS-grad,9,Married-civ-spouse,Machine-op-inspct,Husband,White,Male,0,0,43,United-States,<=50K
36,Private,185394,HS-grad,9,Never-married,Adm-clerical,Unmarried,White,Female,0,0,40,United-States,<=50K.
33,Private,154227,Some-college,10,Married-civ-spouse,Machine-op-inspct,Husband,White,Male,0,0,40,United-States,>50K.
41,Private,116493,HS-grad,9,Divorced,Craft-repair,Not-in-family,White,Male,13550,0,44,United-States,>50K
38,Private,498785,HS-grad,9,Married-civ-spouse,Handlers-cleaners,Husband,White,Male,0,0,40,United-States,<=50K
24,Local-gov,134181,Masters,14,Never-married,Prof-specialty,Own-child,White,Female,0,0,40,United-States,<=50K.
24,Private,287357,11th,7,Married-civ-spouse,Protective-serv,Husband,White,Male,0,0,40,United-States,<=50K.
59,Private,100313,HS-grad,9,Married-civ-spouse,Exec-managerial,Husband,White,Male,0,1887,40,United-States,>50K
28,Private,292120,Some-college,10,Never-married,Adm-clerical,Own-child,White,Female,0,0,42,United-States,<=50K.
19,Private,93518,Some-college,10,Never-married,Sales,Own-child,White,Female,0,0,20,United-States,<=50K
18,Private,115815,Some-college,10,Never-married,Other-service,Own-child,White,Male,0,0,20,England,<=50K.
42,Private,211253,Bachelors,13,Divorced,Exec-managerial,Unmarried,White,Female,0,0,40,United-States,<=50K
37,State-gov,191779,Some-college,10,Married-civ-spouse,Craft-repair,Husband,White,Male,0,0,40,United-States,<=50K
50,Private,144361,HS-grad,9,Married-civ-spouse,Machine-op-inspct,Husband,White,Male,0,0,50,United-States,>50K
30,Private,187279,HS-grad,9,Married-civ-spouse,Handlers-cleaners,Husband,White,Male,0,0,44,United-States,<=50K
51,Private,169719,Some-college,10,Married-civ-spouse,Adm-clerical,Husband,White,Male,0,0,38,United-States,<=50K.
22,State-gov,186569,Bachelors,13,Never-married,Prof-specialty,Own-child,White,Female,0,0,12,United-States,<=50K
25,Private,478836,Some-college,10,Never-married,Exec-managerial,Not-in-family,White,Male,0,0,40,United-States,<=50K.
20,Private,403118,Some-college,10,Never-married,Other-service,Own-child,White,Female,0,0,11,United-States,<=50K.
22,Private,210165,Some-college,10,Never-married,Craft-repair,Not-in-family,White,Male,0,0,50,United-States,<=50K
39,Private,32650,Assoc-voc,11,Never-married,Farming-fishing,Not-in-family,White,Male,0,0,60,United-States,<=50K
48,Private,38950,HS-grad,9,Married-civ-spouse,Tech-support,Husband,White,Male,0,0,89,United-States,<=50K
60,Self-emp-not-inc,95490,HS-grad,9,Married-civ-spouse,Sales,Husband,White,Male,0,0,45,United-States,<=50K
38,Private,191137,10th,6,Married-civ-spouse,Other-service,Husband,White,Male,0,0,40,United-States,<=50K.
51,Private,189551,HS-grad,9,Divorced,Craft-repair,Own-child,Black,Male,0,0,40,United-States,<=50K
22,Private,115244,Assoc-acdm,12,Married-civ-spouse,Prof-specialty,Wife,White,Female,0,0,40,United-States,<=50K
36,Private,184659,Some-college,10,Married-civ-spouse,Adm-clerical,Husband,White,Male,0,0,52,United-States,<=50K
53,Private,142717,Bachelors,13,Divorced,Adm-clerical,Unmarried,White,Female,0,0,40,United-States,<=50K
45,Private,337825,HS-grad,9,Married-civ-spouse,Craft-repair,Husband,White,Male,0,0,45,United-States,<=50K
23,Private,390348,Some-college,10,Never-married,Other-service,Own-child,White,Male,0,0,44,Japan,<=50K.
32,Private,303942,HS-grad,9,Married-civ-spouse,Machine-op-inspct,Husband,White,Male,0,0,40,United-States,<=50K
63,Private,100099,9th,5,Married-civ-spouse,Transport-moving,Husband,White,Male,0,0,40,United-States,<=50K
48,Private,148576,HS-grad,9,Married-civ-spouse,Machine-op-inspct,Husband,White,Male,0,0,40,United-States,>50K.
59,Private,171015,Some-college,10,Never-married,Adm-clerical,Own-child,White,Female,0,0,34,United-States,<=50K
42,Private,202083,Assoc-voc,11,Married-civ-spouse,Prof-specialty,Husband,White,Male,0,0,40,Canada,<=50K.
28,Private,114158,Some-college,10,Never-married,Adm-clerical,Own-child,White,Female,0,0,26,United-States,<=50K
22,Self-emp-not-inc,143062,HS-grad,9,Never-married,Other-service,Own-child,White,Male,0,0,40,Greece,<=50K
36,Private,104858,Some-college,10,Married-civ-spouse,Farming-fishing,Husband,White,Male,0,0,56,United-States,>50K
48,Private,240231,Bachelors,13,Married-civ-spouse,Exec-managerial,Husband,Asian-Pac-Islander,Male,0,0,40,Japan,>50K
39,Private,74163,12th,8,Divorced,Sales,Not-in-family,White,Female,0,0,40,United-States,<=50K
42,Federal-gov,178470,HS-grad,9,Divorced,Adm-clerical,Not-in-family,White,Female,0,0,40,United-States,<=50K
23,Private,410446,HS-grad,9,Never-married,Craft-repair,Own-child,White,Male,0,0,40,United-States,<=50K.
30,Local-gov,311913,HS-grad,9,Married-civ-spouse,Adm-clerical,Wife,White,Female,0,0,40,United-States,>50K
27,Private,244566,10th,6,Married-civ-spouse,Handlers-cleaners,Husband,White,Male,0,0,40,United-States,<=50K
22,Private,324637,Some-college,10,Never-married,Sales,Not-in-family,White,Male,0,0,42,United-States,<=50K
44,Private,340885,Bachelors,13,Married-civ-spouse,Machine-op-inspct,Husband,White,Male,0,1977,40,United-States,>50K
21,Private,256240,11th,7,Married-civ-spouse,Machine-op-inspct,Husband,White,Male,0,0,40,United-States,<=50K
22,Private,138504,Some-college,10,Never-married,Adm-clerical,Unmarried,Black,Female,0,0,30,United-States,<=50K
51,Self-emp-inc,254230,Some-college,10,Married-civ-spouse,Exec-managerial,Husband,White,Male,0,1977,58,United-States,>50K.
24,Private,232328,9th,5,Divorced,Other-service,Own-child,White,Female,0,0,35,United-States,<=50K.
58,Private,282023,Bachelors,13,Married-civ-spouse,Exec-managerial,Husband,White,Male,0,0,50,United-States,>50K.
24,Private,131230,Some-college,10,Never-married,Prof-specialty,Not-in-family,White,Male,0,0,40,United-States,<=50K.
46,Federal-gov,80057,HS-grad,9,Married-civ-spouse,Adm-clerical,Husband,White,Male,0,0,40,Germany,>50K
40,Private,169262,Some-college,10,Married-civ-spouse,Exec-managerial,Husband,White,Male,3411,0,50,United-States,<=50K.
38,Private,339025,HS-grad,9,Married-civ-spouse,Handlers-cleaners,Husband,Asian-Pac-Islander,Male,0,1579,40,Vietnam,<=50K.
30,Private,34572,Prof-school,15,Married-civ-spouse,Prof-specialty,Husband,White,Male,0,0,80,United-States,>50K.
53,Private,149217,HS-grad,9,Married-civ-spouse,Craft-repair,Husband,White,Male,0,0,40,Puerto-Rico,<=50K
23,Private,239577,Some-college,10,Never-married,Prof-specialty,Own-child,White,Male,0,0,52,United-States,<=50K.
29,Private,297544,HS-grad,9,Married-civ-spouse,Craft-repair,Husband,White,Male,0,0,40,United-States,<=50K
40,Self-emp-not-inc,204235,Masters,14,Married-civ-spouse,Exec-managerial,Husband,White,Male,99999,0,50,United-States,>50K
55,Private,497039,Some-college,10,Divorced,Tech-support,Unmarried,Black,Female,0,0,56,United-States,<=50K.
35,Private,30529,HS-grad,9,Married-civ-spouse,Handlers-cleaners,Husband,White,Male,0,0,40,United-States,<=50K
25,Private,312157,Some-college,10,Never-married,Prof-specialty,Not-in-family,White,Female,0,0,40,United-States,<=50K
55,Private,181242,HS-grad,9,Divorced,Protective-serv,Not-in-family,White,Male,0,0,20,United-States,<=50K.
27,Private,152951,HS-grad,9,Never-married,Machine-op-inspct,Own-child,White,Male,0,0,40,United-States,<=50K.
34,Private,110622,Masters,14,Divorced,Exec-managerial,Other-relative,Asian-Pac-Islander,Female,0,0,40,South,<=50K.
24,Private,170070,Bachelors,13,Never-married,Tech-support,Not-in-family,White,Female,0,0,20,United-States,<=50K
44,Private,112517,Masters,14,Married-civ-spouse,Tech-support,Husband,White,Male,0,0,20,United-States,>50K
30,Private,295010,Some-college,10,Married-civ-spouse,Adm-clerical,Other-relative,White,Female,0,0,40,United-States,>50K.
32,Private,126838,HS-grad,9,Never-married,Craft-repair,Not-in-family,White,Male,0,0,40,United-States,<=50K
31,Private,35985,HS-grad,9,Married-civ-spouse,Craft-repair,Husband,White,Male,0,0,40,United-States,<=50K.
53,Private,94081,Bachelors,13,Married-civ-spouse,Exec-managerial,Husband,White,Male,0,0,44,United-States,>50K
69,Self-emp-not-inc,215926,7th-8th,4,Married-civ-spouse,Other-service,Husband,White,Male,0,0,35,United-States,<=50K.
38,Private,103886,Some-college,10,Divorced,Other-service,Not-in-family,White,Male,0,0,40,United-States,<=50K.
32,Private,194740,Some-college,10,Married-civ-spouse,Craft-repair,Husband,White,Male,0,0,55,Greece,<=50K
57,Private,195835,Some-college,10,Married-spouse-absent,Adm-clerical,Not-in-family,White,Male,0,0,40,United-States,<=50K
51,Private,145105,Some-college,10,Never-married,Transport-moving,Not-in-family,White,Male,0,0,30,United-States,<=50K.
36,Private,164866,Bachelors,13,Married-civ-spouse,Handlers-cleaners,Husband,White,Male,0,0,40,United-States,<=50K.
46,Self-emp-inc,192779,Prof-school,15,Married-civ-spouse,Prof-specialty,Husband,White,Male,15024,0,60,United-States,>50K
23,Federal-gov,320294,HS-grad,9,Never-married,Prof-specialty,Not-in-family,White,Male,0,0,40,United-States,<=50K
45,Private,310260,Some-college,10,Married-civ-spouse,Transport-moving,Husband,White,Male,0,0,60,United-States,>50K.
23,Private,210797,Some-college,10,Married-civ-spouse,Craft-repair,Husband,White,Male,0,0,40,United-States,<=50K
34,Private,224358,10th,6,Never-married,Other-service,Unmarried,Black,Female,0,0,40,United-States,<=50K
37,Private,268390,Bachelors,13,Married-civ-spouse,Exec-managerial,Husband,White,Male,0,0,40,Mexico,<=50K.
37,Private,258289,HS-grad,9,Married-civ-spouse,Transport-moving,Husband,White,Male,0,0,40,United-States,<=50K.
21,Private,55465,Assoc-acdm,12,Never-married,Other-service,Other-relative,White,Male,0,0,15,United-States,<=50K.
56,Private,102106,HS-grad,9,Married-civ-spouse,Handlers-cleaners,Husband,White,Male,0,0,40,United-States,<=50K
43,Private,128354,HS-grad,9,Married-civ-spouse,Adm-clerical,Wife,White,Female,0,0,30,United-States,<=50K.
23,Private,119704,Some-college,10,Separated,Sales,Unmarried,White,Female,0,0,40,United-States,<=50K
23,Private,207546,11th,7,Married-civ-spouse,Machine-op-inspct,Husband,White,Male,0,0,40,United-States,<=50K
43,Private,188436,Assoc-voc,11,Divorced,Prof-specialty,Not-in-family,White,Male,0,0,48,United-States,<=50K
46,Private,188293,HS-grad,9,Divorced,Adm-clerical,Not-in-family,White,Female,0,0,40,United-States,<=50K
44,Private,216907,HS-grad,9,Divorced,Other-service,Not-in-family,White,Male,0,0,37,United-States,<=50K
41,Private,100451,HS-grad,9,Married-civ-spouse,Craft-repair,Husband,White,Male,7688,0,38,United-States,>50K
32,Federal-gov,113838,Bachelors,13,Married-civ-spouse,Prof-specialty,Husband,White,Male,0,0,40,United-States,>50K.
25,Self-emp-not-inc,150361,HS-grad,9,Divorced,Other-service,Unmarried,White,Female,0,0,40,United-States,<=50K.
31,Private,1033222,Bachelors,13,Never-married,Adm-clerical,Not-in-family,White,Male,8614,0,40,United-States,>50K
23,Private,61777,Bachelors,13,Married-civ-spouse,Sales,Husband,White,Male,2580,0,40,United-States,<=50K.
25,Self-emp-not-inc,55048,HS-grad,9,Never-married,Craft-repair,Own-child,White,Male,0,0,36,United-States,<=50K.
56,Private,70720,12th,8,Married-civ-spouse,Prof-specialty,Husband,White,Male,0,0,40,United-States,>50K
26,Private,210982,Assoc-voc,11,Separated,Adm-clerical,Unmarried,Black,Female,114,0,40,United-States,<=50K.
34,Private,94413,HS-grad,9,Married-civ-spouse,Transport-moving,Husband,White,Male,0,0,40,United-States,>50K
21,Private,215039,11th,7,Never-married,Handlers-cleaners,Own-child,White,Male,0,0,40,United-States,<=50K.
30,Private,382368,HS-grad,9,Married-civ-spouse,Handlers-cleaners,Husband,White,Male,0,0,40,United-States,<=50K
67,Self-emp-not-inc,176388,Some-college,10,Never-married,Prof-specialty,Not-in-family,White,Female,0,0,50,United-States,>50K.
33,Private,25610,Assoc-acdm,12,Married-civ-spouse,Sales,Husband,Other,Male,0,0,40,Japan,>50K
54,Private,169182,HS-grad,9,Separated,Adm-clerical,Unmarried,White,Female,0,0,38,Puerto-Rico,<=50K
29,Private,210867,11th,7,Separated,Craft-repair,Unmarried,White,Male,0,0,40,United-States,<=50K.
68,Self-emp-not-inc,35468,Masters,14,Married-civ-spouse,Prof-specialty,Husband,White,Male,0,0,24,United-States,<=50K.
42,Private,208068,Bachelors,13,Married-civ-spouse,Adm-clerical,Husband,Other,Male,7298,0,40,Mexico,>50K.
43,Private,180985,Some-college,10,Married-civ-spouse,Transport-moving,Husband,White,Male,0,0,60,United-States,>50K
29,Private,236938,Assoc-acdm,12,Divorced,Craft-repair,Unmarried,White,Female,0,0,38,United-States,<=50K
30,Private,541343,10th,6,Married-civ-spouse,Other-service,Husband,Black,Male,0,0,40,United-States,<=50K
33,Private,150570,Bachelors,13,Married-civ-spouse,Prof-specialty,Husband,White,Male,3103,0,43,United-States,>50K
35,Self-emp-not-inc,455379,HS-grad,9,Married-civ-spouse,Transport-moving,Husband,White,Male,0,0,65,United-States,>50K.
52,Private,287454,Bachelors,13,Divorced,Prof-specialty,Unmarried,White,Female,0,0,40,United-States,>50K.
23,Private,117606,Bachelors,13,Never-married,Prof-specialty,Not-in-family,White,Female,0,0,40,United-States,<=50K
52,Private,74275,Some-college,10,Married-civ-spouse,Sales,Husband,White,Male,7298,0,45,United-States,>50K
78,Self-emp-not-inc,82815,Some-college,10,Married-civ-spouse,Craft-repair,Husband,White,Male,0,0,3,United-States,>50K
37,Private,243409,HS-grad,9,Married-civ-spouse,Craft-repair,Husband,White,Male,0,0,40,United-States,<=50K.
35,Private,196178,HS-grad,9,Married-civ-spouse,Craft-repair,Husband,White,Male,0,0,40,United-States,<=50K
21,Private,117210,Some-college,10,Never-married,Sales,Own-child,White,Male,0,0,45,United-States,<=50K
42,Private,154374,Bachelors,13,Married-civ-spouse,Transport-moving,Husband,White,Male,0,0,58,United-States,<=50K
25,Private,178326,Some-college,10,Never-married,Sales,Not-in-family,White,Female,0,0,40,United-States,<=50K
29,Private,243660,HS-grad,9,Married-civ-spouse,Machine-op-inspct,Husband,White,Male,0,0,50,United-States,>50K
31,Private,136398,Doctorate,16,Married-civ-spouse,Prof-specialty,Husband,Asian-Pac-Islander,Male,0,0,50,Thailand,>50K
31,Private,409172,Some-college,10,Married-civ-spouse,Craft-repair,Husband,White,Male,0,0,40,United-States,<=50K.
34,Self-emp-inc,177828,HS-grad,9,Divorced,Sales,Unmarried,White,Male,0,0,50,United-States,>50K.
30,Private,48520,Assoc-acdm,12,Married-civ-spouse,Prof-specialty,Husband,White,Male,0,2002,40,United-States,<=50K
27,Private,147839,Some-college,10,Never-married,Handlers-cleaners,Not-in-family,White,Male,0,0,38,United-States,<=50K.
41,Self-emp-not-inc,443508,HS-grad,9,Married-civ-spouse,Exec-managerial,Husband,White,Male,0,0,50,United-States,<=50K
46,Private,124733,Some-college,10,Married-civ-spouse,Craft-repair,Husband,Asian-Pac-Islander,Male,0,0,40,Vietnam,<=50K
53,Private,177647,Bachelors,13,Divorced,Exec-managerial,Unmarried,White,Male,0,0,40,United-States,<=50K
17,Private,166360,10th,6,Never-married,Craft-repair,Own-child,White,Female,0,0,30,United-States,<=50K.
33,Private,268127,HS-grad,9,Never-married,Other-service,Unmarried,Black,Female,0,0,40,United-States,<=50K
53,Private,240914,Some-college,10,Married-civ-spouse,Craft-repair,Husband,White,Male,0,0,40,United-States,<=50K
53,Private,192386,HS-grad,9,Separated,Transport-moving,Unmarried,White,Male,0,0,45,United-States,<=50K
38,Private,372525,Masters,14,Married-civ-spouse,Exec-managerial,Husband,White,Male,15024,0,45,United-States,>50K.
47,Local-gov,287480,Masters,14,Married-civ-spouse,Prof-specialty,Husband,White,Male,0,0,40,United-States,<=50K
34,Private,191385,HS-grad,9,Married-civ-spouse,Machine-op-inspct,Husband,White,Male,0,0,48,United-States,<=50K
19,Private,234476,Some-college,10,Never-married,Sales,Own-child,White,Female,0,0,7,United-States,<=50K.
43,Private,183342,Bachelors,13,Married-civ-spouse,Adm-clerical,Husband,White,Male,0,0,40,United-States,>50K.
19,Private,430471,11th,7,Never-married,Handlers-cleaners,Own-child,White,Male,0,0,40,United-States,<=50K
64,Private,149044,Masters,14,Married-civ-spouse,Prof-specialty,Husband,Asian-Pac-Islander,Male,0,2057,60,China,<=50K
42,Private,113770,HS-grad,9,Married-civ-spouse,Adm-clerical,Wife,White,Female,0,0,40,United-States,<=50K
22,Private,34747,HS-grad,9,Never-married,Other-service,Own-child,White,Female,0,0,35,United-States,<=50K
41,Private,175398,HS-grad,9,Divorced,Machine-op-inspct,Not-in-family,White,Female,0,0,45,United-States,<=50K.
38,Private,158363,Some-college,10,Married-civ-spouse,Sales,Husband,White,Male,0,0,40,United-States,<=50K.
37,Private,393673,Masters,14,Never-married,Prof-specialty,Unmarried,White,Female,0,0,40,United-States,<=50K.
33,Self-emp-not-inc,202153,Some-college,10,Married-civ-spouse,Craft-repair,Husband,White,Male,2829,0,40,United-States,<=50K.
50,Self-emp-inc,100029,Bachelors,13,Widowed,Sales,Unmarried,White,Male,0,0,65,United-States,>50K
35,Private,98986,7th-8th,4,Never-married,Machine-op-inspct,Own-child,White,Female,0,0,30,United-States,<=50K
30,Private,179747,HS-grad,9,Married-civ-spouse,Craft-repair,Husband,White,Male,0,0,45,United-States,>50K.
42,Self-emp-not-inc,24763,Doctorate,16,Married-civ-spouse,Prof-specialty,Husband,White,Male,15024,0,40,United-States,>50K
72,Federal-gov,39110,11th,7,Divorced,Adm-clerical,Not-in-family,White,Female,0,0,8,Canada,<=50K
25,Local-gov,206002,HS-grad,9,Divorced,Tech-support,Unmarried,White,Female,0,0,40,United-States,<=50K
40,Private,309311,HS-grad,9,Married-civ-spouse,Machine-op-inspct,Husband,White,Male,0,0,40,United-States,<=50K.
31,Private,174201,Bachelors,13,Married-civ-spouse,Exec-managerial,Husband,White,Male,0,0,40,United-States,>50K.
24,Private,197757,Bachelors,13,Never-married,Prof-specialty,Own-child,Asian-Pac-Islander,Female,0,0,40,Philippines,<=50K
40,Private,254167,10th,6,Separated,Transport-moving,Own-child,White,Male,0,0,35,United-States,<=50K
51,Local-gov,169182,7th-8th,4,Divorced,Other-service,Unmarried,White,Female,0,0,40,Columbia,<=50K.
45,Private,148824,7th-8th,4,Married-civ-spouse,Machine-op-inspct,Husband,Amer-Indian-Eskimo,Male,0,0,40,United-States,<=50K.
36,Private,306567,HS-grad,9,Married-civ-spouse,Transport-moving,Wife,White,Female,0,0,40,United-States,>50K
43,Local-gov,216070,Masters,14,Married-civ-spouse,Exec-managerial,Wife,Amer-Indian-Eskimo,Female,0,0,50,United-States,>50K
41,Private,145522,Bachelors,13,Never-married,Prof-specialty,Not-in-family,White,Female,0,0,45,United-States,<=50K.
37,Self-emp-not-inc,53553,HS-grad,9,Married-civ-spouse,Transport-moving,Husband,White,Male,0,0,75,United-States,<=50K.
43,Self-emp-not-inc,343061,7th-8th,4,Married-civ-spouse,Farming-fishing,Husband,White,Male,4508,0,40,Cuba,<=50K
44,Private,165346,Masters,14,Married-civ-spouse,Exec-managerial,Husband,White,Male,0,0,40,United-States,>50K
34,Private,424988,HS-grad,9,Married-civ-spouse,Craft-repair,Husband,White,Male,0,0,45,United-States,<=50K
56,Private,97541,HS-grad,9,Married-civ-spouse,Sales,Husband,White,Male,0,1977,40,United-States,>50K.
54,Self-emp-not-inc,392286,Assoc-acdm,12,Married-civ-spouse,Sales,Husband,White,Male,0,0,50,United-States,>50K
36,Local-gov,95855,Masters,14,Married-civ-spouse,Prof-specialty,Wife,White,Female,0,0,60,United-States,>50K
18,Private,156874,12th,8,Never-married,Other-service,Own-child,White,Male,0,0,27,United-States,<=50K
43,Federal-gov,19914,Some-college,10,Widowed,Exec-managerial,Unmarried,Amer-Indian-Eskimo,Female,0,0,15,United-States,<=50K
43,Private,129573,HS-grad,9,Never-married,Sales,Not-in-family,Black,Female,0,0,44,United-States,<=50K
24,Private,259351,Some-college,10,Never-married,Craft-repair,Unmarried,Amer-Indian-Eskimo,Male,0,0,40,Mexico,<=50K
41,Private,277192,5th-6th,3,Married-civ-spouse,Farming-fishing,Wife,White,Female,0,0,40,Mexico,<=50K
20,Private,236601,Some-college,10,Never-married,Sales,Not-in-family,White,Male,0,0,20,United-States,<=50K.
31,Private,69056,HS-grad,9,Divorced,Other-service,Own-child,White,Female,0,0,15,United-States,<=50K
36,Private,334291,Some-college,10,Married-civ-spouse,Craft-repair,Husband,White,Male,0,1887,40,United-States,>50K
39,Self-emp-inc,110861,Bachelors,13,Married-civ-spouse,Sales,Husband,White,Male,0,0,50,United-States,>50K.
52,Private,139671,Some-college,10,Married-civ-spouse,Exec-managerial,Husband,White,Male,0,1977,50,United-States,>50K
55,Private,173093,Some-college,10,Divorced,Adm-clerical,Not-in-family,Asian-Pac-Islander,Female,0,0,40,United-States,<=50K
23,Private,211601,Some-college,10,Married-civ-spouse,Exec-managerial,Wife,Black,Female,0,0,40,United-States,<=50K
49,Private,182313,HS-grad,9,Divorced,Handlers-cleaners,Not-in-family,White,Male,0,0,40,United-States,<=50K.
21,Private,216070,Assoc-acdm,12,Married-civ-spouse,Adm-clerical,Wife,Amer-Indian-Eskimo,Female,0,0,46,United-States,>50K
33,Private,234067,HS-grad,9,Married-civ-spouse,Machine-op-inspct,Husband,White,Male,0,0,40,United-States,>50K.
63,Private,230823,12th,8,Married-civ-spouse,Transport-moving,Husband,White,Male,0,0,40,Cuba,<=50K
50,Private,44728,HS-grad,9,Married-civ-spouse,Machine-op-inspct,Husband,White,Male,0,0,40,United-States,<=50K.
39,Private,211154,HS-grad,9,Married-civ-spouse,Transport-moving,Husband,White,Male,0,0,55,United-States,<=50K
28,Private,115971,Some-college,10,Divorced,Adm-clerical,Unmarried,White,Female,0,0,40,United-States,<=50K
19,Private,228939,HS-grad,9,Never-married,Handlers-cleaners,Own-child,White,Male,0,0,35,United-States,<=50K
31,Private,97453,HS-grad,9,Divorced,Exec-managerial,Unmarried,White,Female,0,0,40,United-States,<=50K
23,Private,370057,HS-grad,9,Divorced,Adm-clerical,Not-in-family,White,Female,0,0,40,United-States,<=50K.
49,Private,54260,Bachelors,13,Married-civ-spouse,Prof-specialty,Husband,White,Male,0,0,40,United-States,>50K
22,Private,464103,1st-4th,2,Never-married,Craft-repair,Not-in-family,White,Male,0,0,40,Guatemala,<=50K
25,Private,277444,Bachelors,13,Married-civ-spouse,Sales,Husband,White,Male,0,0,50,United-States,<=50K
37,Local-gov,160910,Bachelors,13,Married-civ-spouse,Adm-clerical,Husband,White,Male,7298,0,40,United-States,>50K
35,Self-emp-not-inc,468713,HS-grad,9,Married-civ-spouse,Exec-managerial,Husband,White,Male,0,0,40,United-States,<=50K
20,Private,203263,12th,8,Never-married,Other-service,Own-child,White,Male,0,0,35,United-States,<=50K
37,Local-gov,74194,Assoc-voc,11,Married-civ-spouse,Exec-managerial,Husband,White,Male,0,0,45,United-States,<=50K.
41,State-gov,342834,Some-college,10,Divorced,Adm-clerical,Not-in-family,White,Female,0,0,40,United-States,<=50K
34,Private,204461,Bachelors,13,Married-civ-spouse,Prof-specialty,Husband,White,Male,0,0,55,United-States,>50K
60,Local-gov,165982,Masters,14,Married-civ-spouse,Exec-managerial,Husband,White,Male,0,0,50,United-States,>50K
60,Local-gov,129193,Some-college,10,Widowed,Farming-fishing,Not-in-family,White,Male,0,0,40,United-States,<=50K.
20,Private,179423,Some-college,10,Never-married,Handlers-cleaners,Own-child,White,Female,0,0,8,United-States,<=50K
60,Private,224277,Bachelors,13,Divorced,Exec-managerial,Unmarried,White,Female,0,0,40,United-States,>50K.
45,Private,28119,HS-grad,9,Married-civ-spouse,Adm-clerical,Husband,White,Male,0,0,7,United-States,<=50K
28,Private,46987,Assoc-voc,11,Never-married,Tech-support,Own-child,White,Female,2174,0,36,United-States,<=50K
41,Self-emp-inc,151089,Some-college,10,Married-civ-spouse,Exec-managerial,Husband,White,Male,0,0,50,United-States,<=50K
24,Private,153082,HS-grad,9,Never-married,Other-service,Not-in-family,White,Male,0,0,35,United-States,<=50K.
33,Local-gov,40142,HS-grad,9,Married-civ-spouse,Protective-serv,Husband,White,Male,0,0,56,United-States,<=50K.
21,Private,162688,HS-grad,9,Never-married,Machine-op-inspct,Own-child,White,Male,0,0,40,United-States,<=50K.
40,Private,29841,Bachelors,13,Married-civ-spouse,Adm-clerical,Wife,White,Female,0,0,40,United-States,<=50K
30,Federal-gov,188569,9th,5,Married-civ-spouse,Tech-support,Husband,White,Male,0,0,40,United-States,<=50K
52,Private,264129,Some-college,10,Divorced,Sales,Not-in-family,White,Female,0,0,40,United-States,<=50K.
35,Private,282753,Assoc-voc,11,Married-civ-spouse,Craft-repair,Husband,White,Male,0,0,40,United-States,>50K.
33,Local-gov,246291,Bachelors,13,Never-married,Prof-specialty,Not-in-family,White,Female,0,0,46,United-States,<=50K
54,Private,174655,HS-grad,9,Married-civ-spouse,Adm-clerical,Husband,White,Male,0,0,40,United-States,<=50K
43,Self-emp-not-inc,73883,Bachelors,13,Divorced,Sales,Unmarried,White,Male,0,0,45,United-States,<=50K
63,Self-emp-not-inc,175177,Prof-school,15,Married-civ-spouse,Prof-specialty,Husband,White,Male,0,0,35,United-States,>50K.
28,Private,239130,Some-college,10,Never-married,Exec-managerial,Not-in-family,White,Male,0,0,50,United-States,<=50K
50,Local-gov,370733,HS-grad,9,Married-civ-spouse,Adm-clerical,Husband,Black,Male,0,0,40,United-States,<=50K
47,Private,270079,7th-8th,4,Married-civ-spouse,Craft-repair,Husband,White,Male,0,0,40,United-States,<=50K
56,Self-emp-inc,76534,HS-grad,9,Married-civ-spouse,Exec-managerial,Other-relative,Asian-Pac-Islander,Female,0,0,21,China,<=50K.
38,Private,187264,HS-grad,9,Married-civ-spouse,Exec-managerial,Wife,White,Female,0,0,55,United-States,<=50K
27,Private,341672,Some-college,10,Never-married,Adm-clerical,Other-relative,Asian-Pac-Islander,Male,0,0,40,India,<=50K
59,Private,142326,Assoc-voc,11,Divorced,Adm-clerical,Not-in-family,White,Female,0,0,40,United-States,<=50K.
35,Private,32220,Assoc-acdm,12,Never-married,Exec-managerial,Not-in-family,White,Female,0,0,60,United-States,<=50K
47,Private,97176,HS-grad,9,Divorced,Adm-clerical,Unmarried,White,Female,0,0,40,United-States,<=50K
30,Private,190823,Some-college,10,Never-married,Other-service,Own-child,Black,Female,0,0,40,United-States,<=50K
33,Private,76493,Bachelors,13,Never-married,Prof-specialty,Not-in-family,White,Male,0,0,50,United-States,>50K.
25,Private,257910,Bachelors,13,Never-married,Prof-specialty,Not-in-family,White,Male,0,0,45,United-States,<=50K.
47,Self-emp-not-inc,191175,5th-6th,3,Married-civ-spouse,Sales,Husband,White,Male,0,2179,50,Mexico,<=50K
51,Private,25031,Some-college,10,Married-civ-spouse,Exec-managerial,Wife,White,Female,0,0,10,United-States,>50K
36,Federal-gov,153066,Masters,14,Married-civ-spouse,Prof-specialty,Husband,White,Male,0,0,40,United-States,>50K
42,State-gov,60949,Masters,14,Never-married,Prof-specialty,Not-in-family,White,Male,0,0,45,United-States,<=50K.
50,Local-gov,145166,Masters,14,Married-civ-spouse,Prof-specialty,Husband,White,Male,7298,0,40,United-States,>50K
44,Local-gov,112763,Masters,14,Divorced,Prof-specialty,Unmarried,White,Female,0,0,38,United-States,<=50K.
30,Private,202046,HS-grad,9,Never-married,Adm-clerical,Not-in-family,White,Male,0,0,20,United-States,<=50K.
34,Private,443546,HS-grad,9,Married-civ-spouse,Craft-repair,Husband,White,Male,0,0,40,United-States,>50K.
58,Local-gov,310085,HS-grad,9,Married-civ-spouse,Other-service,Husband,White,Male,0,0,40,United-States,>50K.
42,Private,153489,Bachelors,13,Married-civ-spouse,Exec-managerial,Husband,White,Male,0,0,40,United-States,<=50K.
56,Private,188856,Bachelors,13,Never-married,Exec-managerial,Not-in-family,White,Female,8614,0,55,United-States,>50K
28,Private,30771,Some-college,10,Never-married,Adm-clerical,Unmarried,Black,Female,0,0,40,United-States,<=50K
49,Private,371299,HS-grad,9,Never-married,Adm-clerical,Unmarried,White,Female,0,0,35,United-States,<=50K
39,Self-emp-not-inc,246900,Bachelors,13,Married-civ-spouse,Sales,Husband,White,Male,0,0,60,United-States,<=50K.
36,Local-gov,382635,Bachelors,13,Divorced,Adm-clerical,Unmarried,White,Female,0,0,35,Honduras,<=50K
22,Private,136230,HS-grad,9,Never-married,Adm-clerical,Own-child,White,Male,0,0,40,United-States,<=50K.
61,Private,95929,9th,5,Divorced,Other-service,Not-in-family,White,Male,0,0,40,United-States,<=50K
44,Private,147206,Some-college,10,Married-civ-spouse,Exec-managerial,Husband,White,Male,0,0,40,United-States,<=50K
33,Private,180551,HS-grad,9,Divorced,Exec-managerial,Unmarried,White,Female,0,0,40,United-States,<=50K
18,Private,132986,12th,8,Never-married,Other-service,Own-child,White,Male,0,0,10,United-States,<=50K
30,Private,212064,Bachelors,13,Never-married,Prof-specialty,Own-child,White,Female,0,0,40,United-States,<=50K
23,Private,197286,Bachelors,13,Never-married,Adm-clerical,Own-child,White,Female,0,0,40,United-States,<=50K.
48,Private,174525,1st-4th,2,Married-civ-spouse,Adm-clerical,Husband,White,Male,0,0,52,Dominican-Republic,<=50K.
35,Private,126569,HS-grad,9,Divorced,Craft-repair,Own-child,White,Male,0,0,20,United-States,<=50K
61,Private,373099,7th-8th,4,Married-civ-spouse,Craft-repair,Husband,White,Male,0,0,40,United-States,<=50K.
37,Private,211168,Some-college,10,Married-civ-spouse,Tech-support,Wife,White,Female,0,0,35,United-States,<=50K.
27,Private,135296,Masters,14,Never-married,Exec-managerial,Not-in-family,White,Female,0,0,40,United-States,<=50K.
45,State-gov,156065,Bachelors,13,Divorced,Adm-clerical,Not-in-family,White,Female,0,0,40,United-States,<=50K.
56,Private,198388,HS-grad,9,Divorced,Adm-clerical,Not-in-family,White,Female,0,0,40,United-States,<=50K
51,Self-emp-inc,210736,HS-grad,9,Never-married,Exec-managerial,Not-in-family,White,Male,10520,0,40,United-States,>50K
43,Federal-gov,211763,Doctorate,16,Separated,Prof-specialty,Unmarried,Black,Female,0,0,24,United-States,>50K
31,Private,182896,HS-grad,9,Never-married,Craft-repair,Not-in-family,White,Female,0,0,40,United-States,<=50K
33,Private,323985,Bachelors,13,Married-civ-spouse,Adm-clerical,Wife,White,Female,0,0,5,United-States,>50K.
47,Private,121958,7th-8th,4,Married-spouse-absent,Other-service,Unmarried,White,Female,0,0,30,United-States,<=50K
51,Private,237630,HS-grad,9,Married-civ-spouse,Tech-support,Husband,White,Male,7298,0,50,United-States,>50K
28,Private,192384,Bachelors,13,Married-civ-spouse,Sales,Husband,White,Male,0,0,40,United-States,>50K
18,Private,93985,Some-college,10,Never-married,Other-service,Own-child,White,Male,0,0,30,United-States,<=50K.
26,Private,188569,Some-college,10,Never-married,Adm-clerical,Not-in-family,White,Female,0,0,25,United-States,<=50K
22,Private,88050,Assoc-acdm,12,Married-civ-spouse,Exec-managerial,Husband,Asian-Pac-Islander,Male,0,0,6,United-States,<=50K
28,Self-emp-inc,201186,HS-grad,9,Married-civ-spouse,Sales,Husband,Black,Male,99999,0,40,United-States,>50K
28,Private,190911,HS-grad,9,Married-civ-spouse,Craft-repair,Husband,White,Male,0,0,40,United-States,<=50K
28,Private,173858,HS-grad,9,Never-married,Craft-repair,Other-relative,Asian-Pac-Islander,Male,0,0,35,China,<=50K.
42,Private,89226,Assoc-voc,11,Married-civ-spouse,Transport-moving,Husband,White,Male,0,0,45,United-States,>50K.
49,Private,143459,9th,5,Separated,Handlers-cleaners,Own-child,White,Male,0,0,38,United-States,<=50K
27,Private,157612,Bachelors,13,Never-married,Prof-specialty,Not-in-family,White,Female,0,0,55,United-States,<=50K
33,Private,110978,Some-college,10,Divorced,Craft-repair,Other-relative,Other,Female,0,0,40,United-States,<=50K
45,Private,256866,HS-grad,9,Married-civ-spouse,Prof-specialty,Husband,White,Male,0,0,45,United-States,>50K.
34,Self-emp-not-inc,214288,HS-grad,9,Married-civ-spouse,Transport-moving,Husband,White,Male,3411,0,80,United-States,<=50K.
28,Private,263728,Bachelors,13,Married-civ-spouse,Craft-repair,Husband,White,Male,0,0,40,United-States,<=50K
33,Private,347623,Masters,14,Never-married,Exec-managerial,Unmarried,White,Male,0,0,40,United-States,<=50K
21,State-gov,196827,Assoc-acdm,12,Never-married,Tech-support,Own-child,White,Male,0,0,10,United-States,<=50K
25,Private,97789,Bachelors,13,Never-married,Sales,Own-child,White,Male,0,0,50,United-States,<=50K
32,State-gov,213389,Some-college,10,Divorced,Protective-serv,Unmarried,White,Female,0,1726,38,United-States,<=50K
18,Private,232082,HS-grad,9,Never-married,Machine-op-inspct,Own-child,White,Male,0,0,40,United-States,<=50K
33,Private,153005,10th,6,Married-civ-spouse,Craft-repair,Husband,White,Male,0,0,40,United-States,<=50K.
48,Private,80651,HS-grad,9,Divorced,Machine-op-inspct,Not-in-family,White,Female,0,0,55,United-States,<=50K
21,Private,540712,HS-grad,9,Never-married,Other-service,Other-relative,Black,Male,0,1719,25,United-States,<=50K
61,Private,101500,Assoc-voc,11,Married-civ-spouse,Adm-clerical,Husband,White,Male,0,0,40,United-States,<=50K
34,Private,245173,HS-grad,9,Divorced,Sales,Not-in-family,White,Male,0,1669,45,United-States,<=50K
30,Private,186932,Doctorate,16,Married-civ-spouse,Prof-specialty,Husband,White,Male,5178,0,75,United-States,>50K
27,Private,588905,HS-grad,9,Married-civ-spouse,Craft-repair,Husband,White,Male,0,0,40,United-States,<=50K
57,Private,279340,7th-8th,4,Widowed,Other-service,Unmarried,Black,Female,0,0,29,United-States,<=50K.
35,Private,100375,10th,6,Divorced,Craft-repair,Not-in-family,White,Male,0,0,60,United-States,<=50K
39,Private,98077,HS-grad,9,Married-civ-spouse,Other-service,Husband,White,Male,0,0,42,United-States,<=50K
39,Local-gov,119421,Bachelors,13,Married-civ-spouse,Prof-specialty,Wife,White,Female,0,0,42,United-States,<=50K
42,Federal-gov,236503,Some-college,10,Never-married,Adm-clerical,Not-in-family,White,Female,0,0,40,United-States,<=50K.
47,Local-gov,202606,Assoc-acdm,12,Never-married,Exec-managerial,Not-in-family,Black,Female,0,0,40,United-States,<=50K.
31,Private,19491,HS-grad,9,Divorced,Sales,Not-in-family,White,Male,2202,0,40,United-States,<=50K.
41,Private,266439,HS-grad,9,Married-civ-spouse,Machine-op-inspct,Husband,White,Male,0,0,40,United-States,<=50K.
43,Self-emp-inc,84924,Some-college,10,Married-civ-spouse,Sales,Husband,White,Male,0,0,44,United-States,>50K.
46,Private,196858,Masters,14,Married-civ-spouse,Prof-specialty,Husband,White,Male,0,0,35,United-States,>50K
47,Private,159399,Prof-school,15,Married-civ-spouse,Prof-specialty,Husband,White,Male,0,0,55,United-States,>50K.
45,Private,297676,Assoc-acdm,12,Widowed,Sales,Unmarried,White,Female,0,0,40,Cuba,<=50K
35,Federal-gov,226916,Bachelors,13,Widowed,Adm-clerical,Not-in-family,White,Male,0,0,40,United-States,>50K
17,Private,48610,11th,7,Never-married,Farming-fishing,Own-child,White,Male,0,0,45,United-States,<=50K
27,Private,198188,HS-grad,9,Married-civ-spouse,Adm-clerical,Husband,White,Male,2580,0,45,United-States,<=50K
59,Private,169133,HS-grad,9,Married-civ-spouse,Craft-repair,Husband,White,Male,0,0,45,United-States,<=50K
34,Private,281852,HS-grad,9,Never-married,Transport-moving,Not-in-family,Black,Male,0,0,80,United-States,<=50K
30,Federal-gov,76313,HS-grad,9,Married-civ-spouse,Armed-Forces,Other-relative,Amer-Indian-Eskimo,Male,0,0,48,United-States,<=50K
26,Private,216819,HS-grad,9,Married-civ-spouse,Craft-repair,Husband,White,Male,0,0,40,United-States,<=50K.
52,Private,261671,HS-grad,9,Married-civ-spouse,Machine-op-inspct,Husband,Asian-Pac-Islander,Male,0,0,40,Vietnam,<=50K.
43,Private,115562,Bachelors,13,Married-civ-spouse,Prof-specialty,Husband,White,Male,0,0,42,United-States,>50K
30,Private,90446,7th-8th,4,Married-civ-spouse,Farming-fishing,Husband,White,Male,0,0,40,Mexico,<=50K.
51,Private,275507,Some-college,10,Divorced,Sales,Unmarried,Black,Female,0,0,50,United-States,<=50K.
67,Self-emp-not-inc,75140,HS-grad,9,Married-civ-spouse,Farming-fishing,Husband,White,Male,0,0,25,United-States,<=50K.
56,Private,267652,Bachelors,13,Married-civ-spouse,Craft-repair,Husband,White,Male,0,0,40,United-States,<=50K
25,Private,130513,Assoc-acdm,12,Never-married,Sales,Own-child,White,Female,0,0,40,Peru,<=50K
34,Private,221167,Assoc-acdm,12,Married-civ-spouse,Adm-clerical,Wife,White,Female,0,0,40,United-States,>50K
29,Local-gov,132412,Bachelors,13,Never-married,Handlers-cleaners,Own-child,White,Male,0,0,40,United-States,<=50K
23,Private,185106,HS-grad,9,Never-married,Handlers-cleaners,Own-child,Black,Male,0,0,40,United-States,<=50K
38,Private,195025,HS-grad,9,Separated,Other-service,Unmarried,Black,Female,0,0,32,United-States,<=50K
26,Private,37650,Some-college,10,Divorced,Prof-specialty,Not-in-family,White,Female,5060,0,40,United-States,<=50K.
51,Local-gov,230767,Assoc-acdm,12,Never-married,Adm-clerical,Not-in-family,White,Male,0,0,38,Cuba,<=50K.
59,Federal-gov,195467,Masters,14,Never-married,Exec-managerial,Not-in-family,White,Male,0,0,40,United-States,<=50K
22,Private,416356,Some-college,10,Never-married,Craft-repair,Unmarried,White,Male,0,0,40,United-States,<=50K
50,Private,125417,Bachelors,13,Married-civ-spouse,Exec-managerial,Husband,White,Male,7298,0,65,United-States,>50K.
27,Private,110622,5th-6th,3,Never-married,Sales,Own-child,Asian-Pac-Islander,Female,0,0,20,Vietnam,<=50K
44,Private,180383,Some-college,10,Married-civ-spouse,Handlers-cleaners,Husband,White,Male,0,0,60,United-States,<=50K.
38,Private,175665,Some-college,10,Married-civ-spouse,Prof-specialty,Wife,White,Female,0,0,40,United-States,<=50K.
29,Federal-gov,104917,Some-college,10,Never-married,Handlers-cleaners,Own-child,White,Male,0,0,44,United-States,<=50K.
38,Private,52963,Bachelors,13,Never-married,Adm-clerical,Not-in-family,White,Female,0,0,50,United-States,<=50K
27,Private,212578,Some-college,10,Never-married,Other-service,Own-child,White,Male,0,1721,20,United-States,<=50K.
30,Private,151868,9th,5,Married-civ-spouse,Craft-repair,Husband,White,Male,0,0,40,United-States,<=50K
55,Self-emp-inc,197749,HS-grad,9,Married-civ-spouse,Sales,Husband,White,Male,0,1573,44,United-States,<=50K.
39,Federal-gov,232036,Some-college,10,Married-civ-spouse,Adm-clerical,Husband,White,Male,0,0,40,United-States,>50K
23,Private,212619,HS-grad,9,Married-civ-spouse,Machine-op-inspct,Husband,White,Male,0,0,50,United-States,<=50K
43,Private,174196,HS-grad,9,Never-married,Other-service,Unmarried,Black,Female,0,0,40,United-States,<=50K
30,Private,205916,HS-grad,9,Never-married,Machine-op-inspct,Other-relative,Black,Male,0,0,40,United-States,<=50K.
59,Private,354037,Prof-school,15,Married-civ-spouse,Transport-moving,Husband,Black,Male,15024,0,50,United-States,>50K
71,Private,37435,Bachelors,13,Divorced,Adm-clerical,Not-in-family,White,Female,0,0,3,United-States,<=50K.
19,Private,197377,Some-college,10,Never-married,Adm-clerical,Own-child,Black,Male,0,0,20,United-States,<=50K.
29,Private,232666,HS-grad,9,Married-civ-spouse,Craft-repair,Husband,White,Male,0,0,40,United-States,<=50K
36,Private,343476,HS-grad,9,Divorced,Craft-repair,Not-in-family,White,Male,0,0,30,United-States,<=50K
46,Self-emp-inc,222829,Masters,14,Married-civ-spouse,Exec-managerial,Husband,White,Male,0,0,60,United-States,>50K.
55,Private,160662,Doctorate,16,Married-civ-spouse,Exec-managerial,Husband,White,Male,0,0,80,United-States,>50K
44,Private,238574,Prof-school,15,Married-civ-spouse,Prof-specialty,Husband,White,Male,0,0,50,United-States,>50K.
36,State-gov,183735,Masters,14,Married-civ-spouse,Prof-specialty,Husband,White,Male,0,0,40,United-States,>50K
30,Private,169269,11th,7,Never-married,Handlers-cleaners,Other-relative,White,Male,0,1721,38,Puerto-Rico,<=50K.
62,Self-emp-not-inc,136684,HS-grad,9,Widowed,Adm-clerical,Other-relative,White,Female,0,0,30,United-States,<=50K
30,State-gov,46144,HS-grad,9,Married-AF-spouse,Adm-clerical,Own-child,White,Female,0,0,38,United-States,<=50K
22,Private,119474,HS-grad,9,Never-married,Sales,Own-child,White,Female,1055,0,25,United-States,<=50K.
20,Private,329530,9th,5,Never-married,Priv-house-serv,Own-child,White,Male,0,0,40,Mexico,<=50K
24,Private,122348,Bachelors,13,Married-civ-spouse,Exec-managerial,Wife,White,Female,0,0,40,United-States,<=50K
27,Private,180758,Some-college,10,Married-civ-spouse,Handlers-cleaners,Husband,White,Male,0,0,30,United-States,<=50K
57,Self-emp-not-inc,50990,Some-college,10,Divorced,Transport-moving,Not-in-family,White,Male,0,0,40,United-States,<=50K.
48,Private,168216,Some-college,10,Married-civ-spouse,Sales,Husband,White,Male,0,0,40,United-States,>50K
42,State-gov,197344,HS-grad,9,Married-civ-spouse,Machine-op-inspct,Husband,White,Male,0,0,40,United-States,<=50K.
21,Private,143604,Some-college,10,Never-married,Sales,Own-child,White,Female,0,0,8,United-States,<=50K
46,Self-emp-inc,123075,HS-grad,9,Married-civ-spouse,Protective-serv,Husband,White,Male,0,0,70,United-States,<=50K
42,Private,390781,Bachelors,13,Married-civ-spouse,Adm-clerical,Wife,Black,Female,0,0,40,United-States,<=50K
50,Private,278188,HS-grad,9,Divorced,Craft-repair,Not-in-family,White,Female,0,0,45,United-States,<=50K
35,Self-emp-inc,186488,HS-grad,9,Married-civ-spouse,Other-service,Husband,White,Male,0,0,50,Puerto-Rico,<=50K.
38,Private,208358,HS-grad,9,Married-civ-spouse,Craft-repair,Husband,White,Male,0,0,40,United-States,>50K
34,Private,184833,Bachelors,13,Never-married,Exec-managerial,Not-in-family,White,Female,4650,0,50,United-States,<=50K.
28,Self-emp-not-inc,149324,Some-college,10,Married-civ-spouse,Prof-specialty,Husband,White,Male,0,0,7,United-States,<=50K
44,Private,238188,Assoc-acdm,12,Married-civ-spouse,Sales,Husband,White,Male,0,0,40,United-States,<=50K.
53,Local-gov,216931,Some-college,10,Married-civ-spouse,Protective-serv,Husband,White,Male,4386,0,40,United-States,>50K
26,Private,182380,HS-grad,9,Divorced,Craft-repair,Not-in-family,White,Male,0,0,40,United-States,<=50K.
32,Private,235124,Some-college,10,Married-civ-spouse,Protective-serv,Husband,White,Male,0,0,46,Dominican-Republic,<=50K
38,Private,108140,Bachelors,13,Divorced,Tech-support,Other-relative,White,Male,0,0,40,United-States,<=50K
43,Private,128578,HS-grad,9,Married-civ-spouse,Sales,Husband,White,Male,7688,0,60,United-States,>50K.
35,Private,207819,Bachelors,13,Married-civ-spouse,Exec-managerial,Husband,White,Male,15024,0,50,United-States,>50K.
41,Private,209547,HS-grad,9,Never-married,Machine-op-inspct,Not-in-family,White,Male,0,0,40,United-States,<=50K
46,Private,165138,Assoc-voc,11,Married-civ-spouse,Craft-repair,Husband,White,Male,0,0,40,United-States,<=50K
26,Federal-gov,76491,Bachelors,13,Never-married,Prof-specialty,Not-in-family,White,Male,0,0,55,United-States,<=50K.
25,Private,220931,Bachelors,13,Never-married,Prof-specialty,Not-in-family,White,Male,0,0,43,Peru,<=50K.
43,State-gov,33331,Prof-school,15,Married-civ-spouse,Prof-specialty,Husband,White,Male,0,1977,70,United-States,>50K
51,State-gov,193720,HS-grad,9,Married-civ-spouse,Craft-repair,Husband,White,Male,0,0,56,United-States,>50K
24,Private,194096,HS-grad,9,Never-married,Prof-specialty,Own-child,White,Female,0,0,45,United-States,<=50K
53,Federal-gov,147629,Assoc-acdm,12,Married-civ-spouse,Prof-specialty,Husband,White,Male,0,0,80,United-States,>50K.
43,Private,153489,Bachelors,13,Married-civ-spouse,Sales,Husband,White,Male,0,0,50,United-States,<=50K
24,Private,165474,HS-grad,9,Married-civ-spouse,Other-service,Husband,White,Male,0,0,39,United-States,<=50K
48,Private,413363,11th,7,Married-civ-spouse,Transport-moving,Husband,White,Male,0,2002,40,United-States,<=50K
46,Local-gov,121124,Bachelors,13,Married-civ-spouse,Protective-serv,Husband,White,Male,15024,0,40,United-States,>50K
62,Private,165827,HS-grad,9,Married-civ-spouse,Craft-repair,Husband,White,Male,0,0,40,United-States,<=50K.
35,Private,61343,Bachelors,13,Married-civ-spouse,Sales,Husband,White,Male,0,0,40,United-States,>50K
19,Private,237848,Some-college,10,Never-married,Other-service,Own-child,White,Male,0,0,3,United-States,<=50K
62,Local-gov,180162,9th,5,Divorced,Protective-serv,Not-in-family,Black,Male,0,0,24,United-States,<=50K
57,Private,236944,HS-grad,9,Married-civ-spouse,Machine-op-inspct,Husband,Black,Male,0,0,40,United-States,>50K
59,Private,99248,Some-college,10,Divorced,Other-service,Not-in-family,White,Male,0,0,40,United-States,<=50K
38,Private,44780,Bachelors,13,Married-civ-spouse,Sales,Wife,White,Female,0,0,8,United-States,>50K.
27,Private,367329,Assoc-voc,11,Married-civ-spouse,Farming-fishing,Husband,White,Male,0,0,40,United-States,<=50K
19,Private,198668,HS-grad,9,Never-married,Handlers-cleaners,Own-child,White,Male,0,0,40,United-States,<=50K
64,Self-emp-inc,185912,Prof-school,15,Married-civ-spouse,Prof-specialty,Husband,White,Male,99999,0,35,United-States,>50K
19,State-gov,536725,Some-college,10,Never-married,Adm-clerical,Other-relative,White,Female,0,0,15,Japan,<=50K
29,Local-gov,383745,Some-college,10,Married-civ-spouse,Protective-serv,Husband,White,Male,0,1485,40,United-States,>50K
44,Private,322391,11th,7,Separated,Other-service,Unmarried,Black,Female,0,0,30,United-States,<=50K
48,Private,120724,12th,8,Married-civ-spouse,Exec-managerial,Husband,White,Male,0,0,50,United-States,<=50K
67,Private,35015,Masters,14,Never-married,Prof-specialty,Not-in-family,White,Male,0,0,99,United-States,<=50K
26,Private,345405,HS-grad,9,Married-civ-spouse,Sales,Husband,White,Male,2885,0,40,United-States,<=50K
31,Private,213179,HS-grad,9,Married-civ-spouse,Transport-moving,Husband,White,Male,0,0,60,United-States,>50K
21,Private,139722,HS-grad,9,Never-married,Craft-repair,Not-in-family,White,Male,0,0,40,Puerto-Rico,<=50K.
18,Private,128086,12th,8,Never-married,Handlers-cleaners,Own-child,White,Male,0,0,18,United-States,<=50K
40,Private,294708,HS-grad,9,Married-civ-spouse,Transport-moving,Husband,Black,Male,0,0,40,United-States,>50K
32,Federal-gov,83413,Bachelors,13,Married-civ-spouse,Adm-clerical,Husband,White,Male,0,0,35,United-States,>50K
67,Self-emp-inc,127605,Bachelors,13,Married-civ-spouse,Sales,Husband,White,Male,0,2174,40,United-States,>50K.
23,Private,189203,Assoc-voc,11,Never-married,Adm-clerical,Not-in-family,White,Male,0,0,50,United-States,<=50K.
20,Private,228452,Some-college,10,Never-married,Sales,Not-in-family,White,Male,0,0,50,United-States,<=50K.
28,Private,209109,Bachelors,13,Married-civ-spouse,Other-service,Husband,White,Male,0,0,50,United-States,<=50K
36,Self-emp-not-inc,129150,HS-grad,9,Married-civ-spouse,Farming-fishing,Husband,White,Male,0,0,50,United-States,>50K
36,Private,113481,HS-grad,9,Divorced,Craft-repair,Not-in-family,White,Male,0,0,40,United-States,<=50K
42,Private,113732,Some-college,10,Never-married,Handlers-cleaners,Unmarried,Black,Female,0,625,40,United-States,<=50K.
68,Private,104438,Bachelors,13,Married-civ-spouse,Prof-specialty,Husband,White,Male,0,0,40,Ireland,>50K
41,Private,173858,HS-grad,9,Married-civ-spouse,Other-service,Husband,Asian-Pac-Islander,Male,0,0,40,China,<=50K
55,Private,142020,HS-grad,9,Married-civ-spouse,Exec-managerial,Husband,White,Male,0,0,45,United-States,<=50K.
37,Private,125933,Assoc-acdm,12,Married-civ-spouse,Exec-managerial,Husband,White,Male,7688,0,50,United-States,>50K
45,Private,205424,Some-college,10,Married-civ-spouse,Sales,Husband,White,Male,0,0,65,United-States,>50K
30,Private,177531,HS-grad,9,Never-married,Sales,Unmarried,Black,Female,0,0,25,United-States,<=50K
40,Private,217120,10th,6,Divorced,Craft-repair,Not-in-family,White,Male,0,0,50,United-States,<=50K
47,Private,251508,HS-grad,9,Divorced,Tech-support,Not-in-family,White,Female,0,0,36,United-States,<=50K
20,Private,34506,Some-college,10,Never-married,Sales,Not-in-family,White,Female,0,0,20,United-States,<=50K.
21,Private,363192,Assoc-voc,11,Never-married,Other-service,Own-child,White,Female,0,0,40,United-States,<=50K
44,Private,100584,HS-grad,9,Married-civ-spouse,Machine-op-inspct,Husband,Amer-Indian-Eskimo,Male,0,0,40,United-States,<=50K
59,Private,70796,HS-grad,9,Married-civ-spouse,Priv-house-serv,Wife,Black,Female,0,0,15,United-States,<=50K.
34,Private,35644,Some-college,10,Married-civ-spouse,Craft-repair,Husband,White,Male,0,0,40,United-States,>50K
63,State-gov,89451,Prof-school,15,Married-civ-spouse,Prof-specialty,Husband,White,Male,0,0,40,United-States,>50K.
25,Private,150062,Some-college,10,Married-civ-spouse,Prof-specialty,Husband,White,Male,0,0,45,United-States,<=50K
29,Private,236436,Assoc-acdm,12,Never-married,Prof-specialty,Not-in-family,White,Female,8614,0,40,United-States,>50K
44,Private,261899,Some-college,10,Married-civ-spouse,Machine-op-inspct,Husband,White,Male,0,0,44,United-States,<=50K
25,Private,150804,HS-grad,9,Never-married,Transport-moving,Not-in-family,Asian-Pac-Islander,Male,0,0,40,Vietnam,<=50K.
37,Self-emp-not-inc,76855,Some-college,10,Divorced,Exec-managerial,Unmarried,White,Female,0,0,40,United-States,<=50K
33,Private,198660,Bachelors,13,Married-civ-spouse,Sales,Husband,White,Male,0,0,50,United-States,<=50K
29,Private,244246,Some-college,10,Never-married,Craft-repair,Unmarried,White,Male,0,0,40,Poland,<=50K.
39,Private,279272,Assoc-acdm,12,Never-married,Transport-moving,Not-in-family,Black,Male,0,0,60,United-States,<=50K
28,State-gov,89564,Bachelors,13,Married-civ-spouse,Protective-serv,Husband,White,Male,0,0,50,United-States,<=50K
47,Self-emp-not-inc,121124,5th-6th,3,Married-civ-spouse,Sales,Husband,White,Male,0,0,55,Italy,>50K
23,Private,239322,HS-grad,9,Divorced,Sales,Not-in-family,White,Male,0,0,40,United-States,<=50K
41,Private,214242,Bachelors,13,Married-civ-spouse,Prof-specialty,Husband,White,Male,0,1887,40,United-States,>50K
49,Private,200949,10th,6,Never-married,Other-service,Unmarried,White,Female,0,0,38,Peru,<=50K
46,Private,128460,10th,6,Married-civ-spouse,Handlers-cleaners,Husband,White,Male,0,0,40,United-States,<=50K
37,Private,202950,Some-college,10,Never-married,Handlers-cleaners,Own-child,White,Male,0,0,40,United-States,<=50K.
51,Private,159604,Some-college,10,Married-civ-spouse,Prof-specialty,Wife,White,Female,0,0,40,United-States,>50K
50,Self-emp-not-inc,165001,Prof-school,15,Married-civ-spouse,Prof-specialty,Husband,White,Male,99999,0,80,United-States,>50K.
39,Private,206888,Some-college,10,Divorced,Adm-clerical,Not-in-family,White,Female,0,0,40,United-States,<=50K.
55,Private,132145,9th,5,Married-civ-spouse,Sales,Husband,White,Male,0,0,45,United-States,<=50K.
46,Private,270565,Assoc-voc,11,Married-civ-spouse,Prof-specialty,Husband,White,Male,0,0,60,United-States,<=50K
45,Private,192053,HS-grad,9,Married-civ-spouse,Exec-managerial,Husband,White,Male,0,0,60,United-States,>50K
36,Private,182074,HS-grad,9,Never-married,Handlers-cleaners,Own-child,White,Male,0,0,40,United-States,<=50K
49,Private,144514,HS-grad,9,Married-civ-spouse,Sales,Husband,White,Male,0,1887,45,United-States,>50K.
30,Private,368570,HS-grad,9,Married-civ-spouse,Adm-clerical,Husband,White,Male,0,0,50,United-States,<=50K.
18,Private,324046,10th,6,Never-married,Other-service,Own-child,White,Female,0,0,12,United-States,<=50K.
26,Private,192208,HS-grad,9,Never-married,Protective-serv,Not-in-family,Black,Female,0,0,32,United-States,<=50K
24,Private,198148,Some-college,10,Never-married,Other-service,Own-child,White,Male,0,0,30,United-States,<=50K
49,Self-emp-inc,26502,Bachelors,13,Divorced,Prof-specialty,Unmarried,White,Male,6497,0,45,United-States,<=50K
35,Private,106347,HS-grad,9,Married-civ-spouse,Exec-managerial,Husband,White,Male,0,0,45,United-States,<=50K
48,Private,181758,Some-college,10,Divorced,Adm-clerical,Unmarried,White,Female,0,0,40,United-States,<=50K
43,State-gov,310969,Prof-school,15,Married-civ-spouse,Prof-specialty,Husband,Black,Male,0,0,40,United-States,<=50K
34,Self-emp-inc,80249,Some-college,10,Married-civ-spouse,Farming-fishing,Husband,White,Male,0,0,72,United-States,<=50K
32,Private,158438,Some-college,10,Married-civ-spouse,Exec-managerial,Husband,White,Male,0,0,60,United-States,>50K
43,State-gov,157999,Bachelors,13,Married-civ-spouse,Prof-specialty,Wife,White,Female,0,0,40,United-States,>50K.
19,Private,163015,Some-college,10,Never-married,Sales,Own-child,White,Female,0,0,20,United-States,<=50K
49,Private,54772,HS-grad,9,Married-civ-spouse,Craft-repair,Husband,White,Male,3103,0,45,United-States,>50K
48,Private,237525,Bachelors,13,Married-civ-spouse,Exec-managerial,Husband,White,Male,7688,0,65,United-States,>50K
56,Private,78707,9th,5,Married-civ-spouse,Other-service,Wife,White,Female,4508,0,28,United-States,<=50K.
55,Private,234125,HS-grad,9,Married-civ-spouse,Other-service,Husband,White,Male,0,0,40,United-States,<=50K
26,Private,98155,HS-grad,9,Married-civ-spouse,Exec-managerial,Husband,White,Male,0,0,40,United-States,<=50K
35,Private,129573,HS-grad,9,Married-civ-spouse,Transport-moving,Husband,White,Male,0,0,65,United-States,<=50K
22,Private,344176,HS-grad,9,Never-married,Sales,Unmarried,White,Male,0,0,20,United-States,<=50K
43,Private,161226,Bachelors,13,Married-civ-spouse,Machine-op-inspct,Husband,Amer-Indian-Eskimo,Male,0,0,40,United-States,<=50K
45,Federal-gov,110884,Bachelors,13,Married-civ-spouse,Adm-clerical,Husband,Asian-Pac-Islander,Male,0,0,45,India,>50K.
46,Federal-gov,33794,Bachelors,13,Married-civ-spouse,Tech-support,Husband,White,Male,3103,0,40,United-States,>50K
32,Self-emp-not-inc,174789,Bachelors,13,Married-civ-spouse,Prof-specialty,Husband,White,Male,0,0,50,United-States,>50K
38,Private,297449,Bachelors,13,Married-civ-spouse,Adm-clerical,Husband,White,Male,7298,0,50,United-States,>50K
42,Self-emp-inc,23510,Masters,14,Divorced,Exec-managerial,Unmarried,Asian-Pac-Islander,Male,0,2201,60,India,>50K
39,Private,57691,HS-grad,9,Separated,Exec-managerial,Not-in-family,White,Male,0,2258,70,United-States,<=50K.
29,Private,221977,Some-college,10,Married-civ-spouse,Adm-clerical,Wife,White,Female,0,0,40,United-States,>50K
46,Private,214955,5th-6th,3,Divorced,Craft-repair,Not-in-family,White,Female,0,2339,45,United-States,<=50K
22,Local-gov,273734,HS-grad,9,Never-married,Farming-fishing,Own-child,White,Male,0,0,20,United-States,<=50K
38,Self-emp-not-inc,103474,Bachelors,13,Never-married,Other-service,Own-child,White,Female,0,0,20,United-States,<=50K.
50,Private,233149,Assoc-voc,11,Married-civ-spouse,Sales,Husband,White,Male,0,0,50,United-States,>50K.
44,Private,172479,Bachelors,13,Married-civ-spouse,Prof-specialty,Husband,White,Male,7688,0,40,United-States,>50K
20,Private,157541,Some-college,10,Never-married,Craft-repair,Own-child,White,Male,0,0,40,United-States,<=50K
30,Private,323069,Bachelors,13,Never-married,Sales,Not-in-family,White,Female,0,0,40,United-States,<=50K
21,Private,351084,HS-grad,9,Never-married,Adm-clerical,Not-in-family,White,Female,0,0,40,United-States,<=50K
37,Private,324019,Assoc-acdm,12,Never-married,Adm-clerical,Not-in-family,White,Female,0,0,40,United-States,<=50K
63,Local-gov,379940,Bachelors,13,Married-civ-spouse,Prof-specialty,Husband,White,Male,0,0,40,United-States,>50K
45,Private,126889,Bachelors,13,Married-civ-spouse,Sales,Husband,White,Male,0,1887,60,United-States,>50K
30,Private,189759,Bachelors,13,Never-married,Sales,Not-in-family,White,Male,0,0,40,United-States,<=50K
38,Private,452353,Some-college,10,Divorced,Adm-clerical,Unmarried,White,Female,0,0,40,United-States,<=50K.
36,Private,181065,Assoc-acdm,12,Married-civ-spouse,Tech-support,Husband,White,Male,0,0,40,United-States,>50K
19,Private,30597,HS-grad,9,Never-married,Sales,Own-child,White,Male,0,0,35,United-States,<=50K.
40,Local-gov,141649,Assoc-voc,11,Married-civ-spouse,Protective-serv,Husband,White,Male,0,0,40,United-States,>50K
23,Private,615367,Bachelors,13,Never-married,Sales,Not-in-family,White,Female,0,0,40,United-States,<=50K
51,Private,184529,HS-grad,9,Married-civ-spouse,Sales,Husband,White,Male,0,1977,50,United-States,>50K.
34,Local-gov,106169,Masters,14,Divorced,Prof-specialty,Not-in-family,White,Female,0,0,50,United-States,<=50K
45,Local-gov,272792,Masters,14,Married-civ-spouse,Prof-specialty,Wife,Black,Female,0,0,50,United-States,>50K.
44,Self-emp-not-inc,179557,HS-grad,9,Married-civ-spouse,Exec-managerial,Husband,White,Male,0,1977,45,United-States,>50K
33,Private,203488,Bachelors,13,Married-civ-spouse,Prof-specialty,Husband,White,Male,15024,0,50,United-States,>50K.
43,Private,83411,Some-college,10,Married-civ-spouse,Sales,Husband,White,Male,0,0,50,United-States,>50K
55,Private,156797,Some-college,10,Divorced,Machine-op-inspct,Not-in-family,White,Female,0,0,40,United-States,<=50K
24,Federal-gov,228724,Some-college,10,Never-married,Armed-Forces,Not-in-family,White,Male,0,0,40,United-States,<=50K.
18,Private,148644,HS-grad,9,Never-married,Sales,Own-child,White,Female,0,0,28,United-States,<=50K
29,Private,214987,Some-college,10,Divorced,Handlers-cleaners,Not-in-family,White,Male,2174,0,40,United-States,<=50K.
32,Private,174201,HS-grad,9,Married-civ-spouse,Handlers-cleaners,Husband,White,Male,0,0,38,United-States,>50K.
25,Local-gov,192321,Bachelors,13,Never-married,Prof-specialty,Own-child,White,Female,0,0,40,United-States,<=50K
36,Private,326886,HS-grad,9,Married-civ-spouse,Craft-repair,Husband,White,Male,0,0,40,United-States,>50K
50,Private,338033,Some-college,10,Never-married,Other-service,Not-in-family,White,Male,0,0,32,United-States,<=50K
54,Local-gov,286342,Masters,14,Never-married,Prof-specialty,Not-in-family,White,Female,0,0,32,United-States,>50K
36,Private,398931,Bachelors,13,Married-civ-spouse,Sales,Husband,White,Male,0,1902,40,United-States,>50K.
53,Private,113995,Bachelors,13,Married-civ-spouse,Exec-managerial,Husband,White,Male,0,0,45,United-States,>50K
49,Self-emp-not-inc,285570,7th-8th,4,Married-civ-spouse,Farming-fishing,Husband,White,Male,0,0,50,United-States,<=50K.
44,Private,214781,Masters,14,Married-civ-spouse,Prof-specialty,Husband,White,Male,0,0,45,United-States,>50K.
31,Self-emp-inc,113752,HS-grad,9,Married-civ-spouse,Exec-managerial,Husband,White,Male,0,0,40,United-States,>50K.
35,Self-emp-inc,368825,Some-college,10,Married-civ-spouse,Sales,Husband,White,Male,0,0,60,United-States,>50K
28,Private,67386,HS-grad,9,Never-married,Other-service,Unmarried,White,Female,0,0,40,United-States,<=50K
28,Private,161607,Some-college,10,Married-civ-spouse,Transport-moving,Husband,White,Male,0,0,45,United-States,<=50K
23,Private,38707,Some-college,10,Married-civ-spouse,Transport-moving,Husband,White,Male,0,0,60,United-States,>50K
26,Private,186950,Assoc-voc,11,Married-civ-spouse,Adm-clerical,Wife,White,Female,0,0,40,United-States,>50K
35,Private,81259,Bachelors,13,Never-married,Adm-clerical,Not-in-family,White,Female,0,0,43,United-States,<=50K
28,Private,212588,Some-college,10,Married-civ-spouse,Handlers-cleaners,Husband,White,Male,0,0,40,United-States,<=50K.
60,Federal-gov,404023,HS-grad,9,Divorced,Exec-managerial,Not-in-family,White,Male,10520,0,40,United-States,>50K
23,Private,203203,Bachelors,13,Never-married,Prof-specialty,Not-in-family,White,Female,0,0,40,United-States,<=50K.
53,State-gov,205949,Assoc-acdm,12,Divorced,Adm-clerical,Unmarried,Amer-Indian-Eskimo,Female,0,0,40,United-States,<=50K.
29,Self-emp-not-inc,229842,HS-grad,9,Never-married,Transport-moving,Unmarried,Black,Male,0,0,45,United-States,<=50K
33,Private,149910,HS-grad,9,Married-civ-spouse,Machine-op-inspct,Wife,Black,Female,0,0,40,United-States,<=50K.
52,Private,181677,10th,6,Married-civ-spouse,Transport-moving,Husband,White,Male,0,0,30,United-States,>50K
32,Private,84179,HS-grad,9,Never-married,Handlers-cleaners,Not-in-family,White,Female,0,0,45,United-States,<=50K
32,Private,231413,HS-grad,9,Married-civ-spouse,Machine-op-inspct,Husband,White,Male,0,0,40,United-States,>50K
20,Private,170091,Some-college,10,Never-married,Other-service,Own-child,White,Female,0,0,35,United-States,<=50K
36,Private,201769,11th,7,Never-married,Protective-serv,Not-in-family,Black,Male,13550,0,40,United-States,>50K
32,Private,390997,1st-4th,2,Never-married,Farming-fishing,Not-in-family,Other,Male,0,0,50,Mexico,<=50K
67,Self-emp-inc,116986,12th,8,Married-civ-spouse,Exec-managerial,Husband,White,Male,0,0,20,United-States,<=50K
45,Private,162958,HS-grad,9,Separated,Other-service,Not-in-family,White,Female,0,0,35,United-States,<=50K.
18,Private,198856,Some-college,10,Never-married,Other-service,Own-child,White,Female,0,0,32,United-States,<=50K.
35,Federal-gov,153633,Some-college,10,Never-married,Other-service,Unmarried,Black,Female,0,0,40,United-States,<=50K
59,Private,147098,HS-grad,9,Married-civ-spouse,Craft-repair,Husband,White,Male,0,0,40,United-States,>50K.
32,Private,162442,Bachelors,13,Never-married,Exec-managerial,Not-in-family,White,Female,0,0,60,United-States,<=50K.
66,Private,115880,Bachelors,13,Married-civ-spouse,Prof-specialty,Husband,White,Male,10605,0,40,United-States,>50K.
26,Private,199224,Some-college,10,Never-married,Handlers-cleaners,Not-in-family,White,Male,0,0,30,United-States,<=50K.
28,Private,132686,Some-college,10,Married-civ-spouse,Exec-managerial,Husband,White,Male,0,0,40,United-States,>50K
20,Private,163665,Assoc-acdm,12,Never-married,Adm-clerical,Own-child,White,Female,0,0,15,United-States,<=50K.
24,Private,188274,Assoc-acdm,12,Never-married,Prof-specialty,Own-child,White,Male,0,0,40,United-States,<=50K.
44,Private,191256,HS-grad,9,Married-civ-spouse,Transport-moving,Husband,White,Male,0,0,65,United-States,>50K
23,Private,152140,HS-grad,9,Never-married,Sales,Not-in-family,White,Female,0,0,40,United-States,<=50K
39,Self-emp-inc,206362,Assoc-voc,11,Married-civ-spouse,Craft-repair,Husband,White,Male,0,0,40,United-States,<=50K.
53,Private,194791,HS-grad,9,Married-civ-spouse,Farming-fishing,Husband,White,Male,0,0,45,United-States,<=50K
43,Local-gov,118853,Some-college,10,Married-civ-spouse,Tech-support,Husband,White,Male,4386,0,99,United-States,>50K
36,Self-emp-not-inc,240191,HS-grad,9,Married-civ-spouse,Exec-managerial,Husband,Asian-Pac-Islander,Male,41310,0,90,South,<=50K.
37,Private,199753,Some-college,10,Married-civ-spouse,Craft-repair,Husband,White,Male,0,0,35,United-States,>50K
49,Self-emp-inc,327258,Some-college,10,Married-civ-spouse,Exec-managerial,Wife,White,Female,0,1977,60,China,>50K.
28,Private,278552,Assoc-voc,11,Never-married,Exec-managerial,Not-in-family,White,Male,0,0,60,United-States,>50K.
35,Federal-gov,403489,HS-grad,9,Never-married,Adm-clerical,Own-child,White,Male,0,0,40,United-States,<=50K.
29,Private,244395,11th,7,Never-married,Other-service,Unmarried,Black,Female,0,0,40,United-States,<=50K
27,Private,151382,7th-8th,4,Divorced,Machine-op-inspct,Unmarried,White,Male,0,974,40,United-States,<=50K
34,Private,97933,9th,5,Separated,Adm-clerical,Unmarried,White,Female,0,0,38,United-States,<=50K.
30,Private,166671,HS-grad,9,Married-civ-spouse,Other-service,Other-relative,White,Female,0,0,40,United-States,<=50K.
20,Private,245297,Some-college,10,Never-married,Other-service,Not-in-family,White,Female,0,0,20,United-States,<=50K
22,Private,189203,Bachelors,13,Never-married,Prof-specialty,Not-in-family,White,Male,0,0,50,United-States,<=50K
17,Private,152652,11th,7,Never-married,Handlers-cleaners,Own-child,White,Male,0,0,25,United-States,<=50K
44,Private,88808,12th,8,Married-civ-spouse,Transport-moving,Husband,White,Male,0,0,40,United-States,<=50K.
26,Private,76996,Some-college,10,Never-married,Machine-op-inspct,Not-in-family,Black,Female,0,0,38,United-States,<=50K
47,Self-emp-inc,173783,Bachelors,13,Married-civ-spouse,Sales,Husband,White,Male,15024,0,60,United-States,>50K
55,Private,160631,HS-grad,9,Married-civ-spouse,Sales,Husband,White,Male,0,0,56,United-States,>50K.
20,Private,198478,HS-grad,9,Never-married,Farming-fishing,Other-relative,White,Male,0,0,40,United-States,<=50K.
45,Private,178922,HS-grad,9,Never-married,Sales,Not-in-family,White,Female,0,0,20,United-States,<=50K
46,State-gov,162852,HS-grad,9,Divorced,Adm-clerical,Unmarried,White,Female,0,0,40,United-States,<=50K
40,State-gov,26598,Bachelors,13,Divorced,Prof-specialty,Not-in-family,White,Male,0,0,40,United-States,<=50K
41,Private,139907,Assoc-voc,11,Separated,Craft-repair,Not-in-family,White,Male,0,0,30,United-States,<=50K
22,Private,243923,HS-grad,9,Married-civ-spouse,Transport-moving,Other-relative,White,Male,0,0,80,United-States,<=50K
34,Private,238588,Some-college,10,Never-married,Other-service,Own-child,Black,Female,0,0,35,United-States,<=50K.
23,Private,214542,Bachelors,13,Never-married,Handlers-cleaners,Not-in-family,White,Male,0,0,40,United-States,<=50K
37,Private,258836,Some-college,10,Never-married,Other-service,Unmarried,Black,Female,0,0,40,United-States,<=50K.
43,Private,235556,Some-college,10,Married-spouse-absent,Sales,Not-in-family,White,Male,0,0,45,Mexico,<=50K
