Dataset,Generator,metric_category,metric_name,seed_42,seed_123,seed_2024,seed_68,seed_91,seed_2025,seed_55,seed_155,seed_255,seed_355,mean,sd,n_seeds
Adult,CTABGAN,Compute,evaluation_time_seconds,7.342615087982267,5.297446690034121,6.987099090998527,6.582473400980234,7.760048259980977,7.108021403022576,4.450677273038309,8.526724989991635,5.18253500800347,7.641992735967506,6.687963393999962,1.3060334581275785,10
Adult,CTABGAN,Compute,generation_time_seconds,0.0,0.0,0.0,0.0,0.0,0.0,0.0,0.0,0.0,0.0,0.0,0.0,10
Adult,CTABGAN,Compute,total_time_seconds,116.5092674060143,116.7887780430028,113.0512655290077,118.4844426560448,112.1778088649735,120.1114207039936,116.7111376749817,112.8656942810048,117.2177773889853,113.8431764100096,115.77607689580182,2.6504712997225655,10
Adult,CTABGAN,Compute,training_time_seconds,109.1352888040128,111.4597772380221,106.02538869204,111.847410893999,104.387014019012,112.9726414480247,112.2299735850538,104.3082215510076,111.9993490810157,106.1582275349647,109.05232928471523,3.4892897172196866,10
Adult,CTABGAN,Fidelity,KS_Complement,0.9499583333333332,0.9290833333333334,0.8888333333333334,0.9460416666666666,0.9579583333333334,0.8991666666666668,0.9492916666666668,0.9486666666666664,0.9386666666666666,0.9372083333333334,0.9344874999999998,0.022924695983955558,10
Adult,CTABGAN,Fidelity,MMD,0.0075417748569447,0.0191025971342868,0.0457908865354879,0.0106602650506401,0.0079781954116123,0.0354642505738374,0.0128083172494958,0.0150044711234167,0.0118318368249974,0.0134019664433845,0.01795845612041036,0.012637376424657629,10
Adult,CTABGAN,Fidelity,Quality_Score,0.9137875,0.8908499999999999,0.8251124999999999,0.9038375,0.911225,0.8308250000000001,0.8813375000000001,0.903825,0.9102125,0.8979374999999999,0.886895,0.03259502571541994,10
Adult,CTABGAN,Fidelity,Wasserstein_Distance,1491.106624999999,8082.631375,3253.221041666666,1743.321291666667,1046.107291666667,3504.107125,1972.469708333333,1740.605541666667,3926.658291666667,2049.953041666666,2881.0181333333335,2057.147290165025,10
Adult,CTABGAN,Privacy,MIA_AUC,0.9629629629629628,0.9583950617283952,0.8771604938271605,0.9628395061728396,0.9428395061728396,0.9330864197530864,0.9312345679012346,0.9344444444444444,0.9288888888888888,0.941358024691358,0.9373209876543209,0.024839954098506548,10
Adult,CTABGAN,Privacy,Mahalanobis_Distance,5.192936660637777,5.244464102940387,5.35587910224613,5.165992759245973,5.0085127618408,5.103036127667386,5.120118898580182,5.059359055416784,5.144224514573901,5.209523634120852,5.160404761727017,0.09845231793971188,10
Adult,CTABGAN,Privacy,Mean_Distance,5.192936660637777,5.244464102940387,5.35587910224613,5.165992759245973,5.0085127618408,5.103036127667386,5.120118898580182,5.059359055416784,5.144224514573901,5.209523634120852,5.160404761727017,0.09845231793971188,10
Adult,CTABGAN,Privacy,Median_Distance,5.209911208786486,5.142655782542885,5.31790436056418,5.083741590189888,4.919059354992442,5.085656200581018,5.116010065915834,4.933104657228244,4.956972161468512,5.169399265509037,5.093441464777853,0.12803877533185273,10
Adult,CTABGAN,Privacy,NNDR,0.9297867766787774,0.9147348702456868,0.9200253573407148,0.9194990846375168,0.918996355680852,0.9177030785417916,0.9092656627751264,0.9198689456581394,0.9141927867920504,0.9169523263633594,0.9181025244714014,0.005294529412613188,10
Adult,CTABGAN,Utility,Accuracy_Gap,0.0816666666666668,0.0416666666666667,0.0998333333333334,0.0356666666666667,0.0465000000000001,0.082666666666667,0.0841666666666666,0.0473333333333333,0.0853333333333334,0.1106666666666669,0.07155000000000009,0.026456935658621675,10
Adult,CTABGAN,Utility,Accuracy_TRTR,0.8208333333333334,0.8208333333333334,0.8208333333333334,0.8208333333333334,0.8208333333333334,0.8208333333333334,0.8208333333333334,0.8208333333333334,0.8208333333333334,0.8208333333333334,0.8208333333333334,0.0,10
Adult,CTABGAN,Utility,Accuracy_TSTR,0.7391666666666665,0.7791666666666667,0.721,0.7851666666666667,0.7743333333333333,0.7381666666666664,0.7366666666666668,0.7735000000000001,0.7354999999999999,0.7101666666666665,0.7492833333333333,0.026456935658621675,10
Adult,CTABGAN,Utility,F1_Gap,0.1003921995570282,0.0587108516858022,0.1227748109009893,0.0363514380468645,0.0599377060214296,0.1237612635452396,0.0948339019780351,0.0656208344788576,0.0948307826039661,0.0926712912093342,0.08498850800275463,0.028828923622849712,10
Adult,CTABGAN,Utility,F1_TRTR,0.8177893781482453,0.8177893781482453,0.8177893781482453,0.8177893781482453,0.8177893781482453,0.8177893781482453,0.8177893781482453,0.8177893781482453,0.8177893781482453,0.8177893781482453,0.8177893781482453,0.0,10
Adult,CTABGAN,Utility,F1_TSTR,0.7173971785912171,0.759078526462443,0.695014567247256,0.7814379401013807,0.7578516721268156,0.6940281146030056,0.7229554761702102,0.7521685436693876,0.7229585955442791,0.725118086938911,0.7328008701454906,0.028828923622849684,10
Adult,CTABGAN,Utility,Precision_Gap,0.0609106683403233,0.0442005505813822,0.1312704264339507,0.0333353711325391,0.0661069136434469,0.1527672603246052,0.0592975596319367,0.0720525798872354,0.1056063613929262,0.0535284273851661,0.07790761187535118,0.03907932238564941,10
Adult,CTABGAN,Utility,Precision_TRTR,0.8222603288494496,0.8222603288494496,0.8222603288494496,0.8222603288494496,0.8222603288494496,0.8222603288494496,0.8222603288494496,0.8222603288494496,0.8222603288494496,0.8222603288494496,0.8222603288494496,0.0,10
Adult,CTABGAN,Utility,Precision_TSTR,0.7613496605091262,0.7780597782680673,0.6909899024154988,0.7889249577169104,0.7561534152060027,0.6694930685248444,0.7629627692175128,0.7502077489622141,0.7166539674565233,0.7687319014642834,0.7443527169740983,0.039079322385649394,10
Adult,CTABGAN,Utility,ROC_AUC_Gap,0.1041672640382318,0.0694313022700119,0.3055913978494625,0.0507646356033454,0.0762126642771803,0.2535937873357228,0.1173596176821984,0.0713381123058541,0.1488028673835127,0.0726212664277181,0.1269882915173238,0.08613370772316631,10
Adult,CTABGAN,Utility,ROC_AUC_TRTR,0.8465065710872163,0.8465065710872163,0.8465065710872163,0.8465065710872163,0.8465065710872163,0.8465065710872163,0.8465065710872163,0.8465065710872163,0.8465065710872163,0.8465065710872163,0.8465065710872162,0.0,10
Adult,CTABGAN,Utility,ROC_AUC_TSTR,0.7423393070489844,0.7770752688172043,0.5409151732377537,0.7957419354838708,0.770293906810036,0.5929127837514935,0.7291469534050179,0.7751684587813621,0.6977037037037036,0.7738853046594981,0.7195182795698926,0.0861337077231663,10
Adult,CTABGAN,Utility,Recall_Gap,0.0816666666666668,0.0416666666666667,0.0998333333333334,0.0356666666666667,0.0465000000000001,0.082666666666667,0.0841666666666666,0.0473333333333333,0.0853333333333334,0.1106666666666669,0.07155000000000009,0.026456935658621675,10
Adult,CTABGAN,Utility,Recall_TRTR,0.8208333333333334,0.8208333333333334,0.8208333333333334,0.8208333333333334,0.8208333333333334,0.8208333333333334,0.8208333333333334,0.8208333333333334,0.8208333333333334,0.8208333333333334,0.8208333333333334,0.0,10
Adult,CTABGAN,Utility,Recall_TSTR,0.7391666666666665,0.7791666666666667,0.721,0.7851666666666667,0.7743333333333333,0.7381666666666664,0.7366666666666668,0.7735000000000001,0.7354999999999999,0.7101666666666665,0.7492833333333333,0.026456935658621675,10
Adult,CTGAN,Compute,evaluation_time_seconds,12.3578988549998,5.943910300033167,6.247662993031554,5.146698183962144,6.452105615986511,7.282565567002166,5.377462520031258,6.272320606047288,5.45577390602557,5.698905370023567,6.6235303917143025,2.1088572135421884,10
Adult,CTGAN,Compute,generation_time_seconds,0.0,0.0,0.0,0.0,0.0,0.0,0.0,0.0,0.0,0.0,0.0,0.0,10
Adult,CTGAN,Compute,total_time_seconds,47.53695857996354,47.21720764302881,28.62449603498681,26.52360224397853,29.10326886601979,29.41854491201229,39.67667818901828,29.48209583002608,40.90173328202218,28.21293242101092,34.669751800206726,8.279684846071163,10
Adult,CTGAN,Compute,training_time_seconds,35.11796370695811,41.24220272497041,22.32350929599488,21.31624277401716,22.592167144001,22.10214971704409,34.26144825102529,23.17730714101344,35.38396117498633,22.45469181804219,27.997164374805287,7.562209682517004,10
Adult,CTGAN,Fidelity,KS_Complement,0.6815000000000001,0.6158333333333332,0.610125,0.7549166666666668,0.7302083333333335,0.8007083333333335,0.5077916666666665,0.611625,0.7568750000000001,0.6782083333333334,0.6747791666666666,0.08924203514707278,10
Adult,CTGAN,Fidelity,MMD,0.0290201096981259,0.0353293235312403,0.0333290065198034,0.0990414679949117,0.0602034461020308,0.0432209426079687,0.0914234990423076,0.0456985272406719,0.0431151010247268,0.0197057929409963,0.050008721670278346,0.026221253209074043,10
Adult,CTGAN,Fidelity,Quality_Score,0.7540614583333333,0.7716010416666667,0.7615895833333333,0.7872057291666666,0.7906713541666666,0.8048484375,0.72971875,0.7533911458333333,0.7979218750000001,0.7813895833333333,0.7732398958333333,0.023494464475756944,10
Adult,CTGAN,Fidelity,Wasserstein_Distance,4881.950291666667,5792.701291666667,8705.796791666666,10942.27304166667,10399.67754166666,4544.159375,11096.27079166666,8513.887291666668,5540.487291666667,4656.718124999999,7507.3921833333325,2710.102353033983,10
Adult,CTGAN,Privacy,MIA_AUC,0.6709876543209876,0.6846913580246913,0.734074074074074,0.8271604938271605,0.7985185185185185,0.6490123456790123,0.8425925925925927,0.7845679012345679,0.625679012345679,0.6023456790123456,0.7219629629629629,0.08719912040419342,10
Adult,CTGAN,Privacy,Mahalanobis_Distance,4.48733675647305,4.608129729266849,4.318946935470048,4.523769473680145,4.435340417848668,4.209601188544232,4.680910826705964,4.631450315242901,4.492121971539603,4.281543824650837,4.46691514394223,0.1565449622580744,10
Adult,CTGAN,Privacy,Mean_Distance,4.48733675647305,4.608129729266849,4.318946935470048,4.523769473680145,4.435340417848668,4.209601188544232,4.680910826705964,4.631450315242901,4.492121971539603,4.281543824650837,4.46691514394223,0.1565449622580744,10
Adult,CTGAN,Privacy,Median_Distance,4.331241446874598,4.411518582404981,4.13628497823731,4.501913021989703,4.280841131038628,4.126957716544132,4.377155994307275,4.448892266120367,4.369262063238972,4.143482447079688,4.312754964783565,0.13625329110222628,10
Adult,CTGAN,Privacy,NNDR,0.9122418009192704,0.9069655854459352,0.9055421628975382,0.9136392900059886,0.8989662719517894,0.9077940485633812,0.9055489981891848,0.9107297661321744,0.9080407377533614,0.9075735596996972,0.9077042221558322,0.004100457976071965,10
Adult,CTGAN,Utility,Accuracy_Gap,0.1243333333333333,0.1138333333333335,0.0611666666666665,0.0963333333333332,0.0985,0.107,0.1101666666666669,0.1341666666666665,0.086,0.0881666666666666,0.10196666666666665,0.020881322506719514,10
Adult,CTGAN,Utility,Accuracy_TRTR,0.8208333333333334,0.8208333333333334,0.8208333333333334,0.8208333333333334,0.8208333333333334,0.8208333333333334,0.8208333333333334,0.8208333333333334,0.8208333333333334,0.8208333333333334,0.8208333333333334,0.0,10
Adult,CTGAN,Utility,Accuracy_TSTR,0.6965000000000001,0.707,0.7596666666666668,0.7245000000000001,0.7223333333333334,0.7138333333333334,0.7106666666666666,0.6866666666666669,0.7348333333333333,0.7326666666666668,0.7188666666666668,0.020881322506719487,10
Adult,CTGAN,Utility,F1_Gap,0.1768216020057026,0.175992540591774,0.1162590014796714,0.1471394265262349,0.1594124098997622,0.160979632522559,0.1621261392552297,0.1863754120851084,0.1445813428172166,0.1426025332419885,0.15722900404252474,0.02050069748406199,10
Adult,CTGAN,Utility,F1_TRTR,0.8177893781482453,0.8177893781482453,0.8177893781482453,0.8177893781482453,0.8177893781482453,0.8177893781482453,0.8177893781482453,0.8177893781482453,0.8177893781482453,0.8177893781482453,0.8177893781482453,0.0,10
Adult,CTGAN,Utility,F1_TSTR,0.6409677761425426,0.6417968375564712,0.7015303766685739,0.6706499516220104,0.658376968248483,0.6568097456256863,0.6556632388930156,0.6314139660631368,0.6732080353310287,0.6751868449062568,0.6605603741057205,0.02050069748406201,10
Adult,CTGAN,Utility,Precision_Gap,0.2184785508095307,0.2315959697170731,0.0502205068946172,0.1729078140608054,0.2130769222914617,0.2059637598199346,0.2021264135589437,0.2301045373306405,0.1950270244280852,0.1773028695273534,0.18968043684384456,0.05280990936785201,10
Adult,CTGAN,Utility,Precision_TRTR,0.8222603288494496,0.8222603288494496,0.8222603288494496,0.8222603288494496,0.8222603288494496,0.8222603288494496,0.8222603288494496,0.8222603288494496,0.8222603288494496,0.8222603288494496,0.8222603288494496,0.0,10
Adult,CTGAN,Utility,Precision_TSTR,0.6037817780399188,0.5906643591323765,0.7720398219548323,0.6493525147886442,0.6091834065579879,0.6162965690295149,0.6201339152905059,0.592155791518809,0.6272333044213644,0.6449574593220961,0.6325798920056049,0.05280990936785201,10
Adult,CTGAN,Utility,ROC_AUC_Gap,0.3246881720430107,0.4291445639187575,0.2468434886499403,0.4006332138590202,0.3176798088410993,0.2615675029868579,0.317689366786141,0.5354193548387097,0.406647550776583,0.2346905615292711,0.3475003584229391,0.09477545614844746,10
Adult,CTGAN,Utility,ROC_AUC_TRTR,0.8465065710872163,0.8465065710872163,0.8465065710872163,0.8465065710872163,0.8465065710872163,0.8465065710872163,0.8465065710872163,0.8465065710872163,0.8465065710872163,0.8465065710872163,0.8465065710872162,0.0,10
Adult,CTGAN,Utility,ROC_AUC_TSTR,0.5218183990442056,0.4173620071684588,0.599663082437276,0.445873357228196,0.528826762246117,0.5849390681003583,0.5288172043010753,0.3110872162485065,0.4398590203106332,0.6118160095579451,0.4990062126642772,0.09477545614844747,10
Adult,CTGAN,Utility,Recall_Gap,0.1243333333333333,0.1138333333333335,0.0611666666666665,0.0963333333333332,0.0985,0.107,0.1101666666666669,0.1341666666666665,0.086,0.0881666666666666,0.10196666666666665,0.020881322506719514,10
Adult,CTGAN,Utility,Recall_TRTR,0.8208333333333334,0.8208333333333334,0.8208333333333334,0.8208333333333334,0.8208333333333334,0.8208333333333334,0.8208333333333334,0.8208333333333334,0.8208333333333334,0.8208333333333334,0.8208333333333334,0.0,10
Adult,CTGAN,Utility,Recall_TSTR,0.6965000000000001,0.707,0.7596666666666668,0.7245000000000001,0.7223333333333334,0.7138333333333334,0.7106666666666666,0.6866666666666669,0.7348333333333333,0.7326666666666668,0.7188666666666668,0.020881322506719487,10
Adult,CopulaGAN,Compute,evaluation_time_seconds,11.23371009301627,6.04337447299622,5.756498869974166,8.004905986017548,5.147557471005712,5.199997497955337,5.29715777200181,5.928200553986244,5.874001324991696,6.041042081022169,6.452644612296718,1.8650897145615095,10
Adult,CopulaGAN,Compute,generation_time_seconds,0.0,0.0,0.0,0.0,0.0,0.0,0.0,0.0,0.0,0.0,0.0,0.0,10
Adult,CopulaGAN,Compute,total_time_seconds,48.68121953401715,32.64862335199723,29.16776118002599,30.69508510298328,40.02574722800637,41.2863254059921,28.03783081204165,29.86323252104921,28.4300657560234,29.72621389303822,33.85621047851746,7.0141171569639065,10
Adult,CopulaGAN,Compute,training_time_seconds,37.38886192900827,26.56103321700357,23.37699117197189,22.65017883200198,34.84709089196986,36.02433615899645,22.704688436992,23.90192900103284,22.50729963299818,23.62774308101507,27.35901523529901,6.159897717558085,10
Adult,CopulaGAN,Fidelity,KS_Complement,0.6862916666666666,0.6268333333333334,0.7117083333333333,0.6192916666666667,0.6320416666666667,0.6796666666666668,0.7275416666666668,0.6772916666666667,0.7487916666666666,0.6979166666666666,0.6807375,0.04368157369419322,10
Adult,CopulaGAN,Fidelity,MMD,0.0497254542880601,0.0644607775172725,0.045028013394242,0.1229527228708968,0.0675374742166622,0.0469144671342859,0.0267842819252713,0.0691471396882146,0.0229812408089348,0.0414618457132326,0.055699341755707274,0.028395548141163907,10
Adult,CopulaGAN,Fidelity,Quality_Score,0.7848635416666667,0.7636692708333332,0.78208125,0.7617416666666665,0.7704484375,0.7766125,0.7983864583333335,0.77284375,0.8066729166666666,0.7779182291666666,0.7795238020833334,0.014273273258593948,10
Adult,CopulaGAN,Fidelity,Wasserstein_Distance,7923.187041666664,8205.462458333333,5609.433375000001,10181.167125,9137.647291666666,7324.593041666667,3025.592791666667,5306.039125000002,2632.803541666666,8129.438291666668,6747.536408333333,2525.6436730121713,10
Adult,CopulaGAN,Privacy,MIA_AUC,0.7450617283950617,0.79679012345679,0.7302469135802468,0.8496296296296296,0.7233333333333334,0.7912345679012346,0.6648148148148149,0.7618518518518518,0.6569135802469135,0.7691358024691358,0.7489012345679013,0.059026849065199144,10
Adult,CopulaGAN,Privacy,Mahalanobis_Distance,4.318886026936283,4.608198912507024,4.531845563409013,4.630144010623193,4.206886086949333,4.700980436823922,4.297683146339536,4.461330791817618,4.29946599403991,4.140187695730639,4.419560866517648,0.19326764348350248,10
Adult,CopulaGAN,Privacy,Mean_Distance,4.318886026936283,4.608198912507024,4.531845563409013,4.630144010623193,4.206886086949333,4.700980436823922,4.297683146339536,4.461330791817618,4.29946599403991,4.140187695730639,4.419560866517648,0.19326764348350248,10
Adult,CopulaGAN,Privacy,Median_Distance,4.143151169915692,4.403827053915276,4.308743222079015,4.53368219216887,4.135194546555249,4.451145744603757,4.118457463924538,4.212426013400261,4.107817075255942,4.013482546535454,4.242792702835406,0.17223948825772775,10
Adult,CopulaGAN,Privacy,NNDR,0.9108202814787306,0.9075482767745277,0.9066032492117831,0.9134053723639656,0.9114818957231512,0.9145752759281136,0.906440950563992,0.9110022327723531,0.901403966787675,0.8974523730001688,0.9080733874604461,0.0053834636211519925,10
Adult,CopulaGAN,Utility,Accuracy_Gap,0.1168333333333335,0.1096666666666667,0.1153333333333334,0.1061666666666669,0.0975000000000001,0.1341666666666668,0.0993333333333333,0.1463333333333333,0.1068333333333334,0.077,0.11091666666666673,0.01930669461068164,10
Adult,CopulaGAN,Utility,Accuracy_TRTR,0.8208333333333334,0.8208333333333334,0.8208333333333334,0.8208333333333334,0.8208333333333334,0.8208333333333334,0.8208333333333334,0.8208333333333334,0.8208333333333334,0.8208333333333334,0.8208333333333334,0.0,10
Adult,CopulaGAN,Utility,Accuracy_TSTR,0.704,0.7111666666666667,0.7055,0.7146666666666666,0.7233333333333333,0.6866666666666666,0.7215,0.6745000000000001,0.714,0.7438333333333333,0.7099166666666668,0.019306694610681616,10
Adult,CopulaGAN,Utility,F1_Gap,0.16242413481403,0.1604987320270335,0.1679895706525315,0.1658921676909696,0.1491977094023441,0.1758807393540358,0.1479316413714281,0.1901968318817246,0.1478087463009834,0.1431579105361268,0.16109781840312073,0.01472446163743351,10
Adult,CopulaGAN,Utility,F1_TRTR,0.8177893781482453,0.8177893781482453,0.8177893781482453,0.8177893781482453,0.8177893781482453,0.8177893781482453,0.8177893781482453,0.8177893781482453,0.8177893781482453,0.8177893781482453,0.8177893781482453,0.0,10
Adult,CopulaGAN,Utility,F1_TSTR,0.6553652433342153,0.6572906461212118,0.6497998074957138,0.6518972104572757,0.6685916687459011,0.6419086387942095,0.6698577367768171,0.6275925462665206,0.6699806318472619,0.6746314676121185,0.6566915597451245,0.014724461637433519,10
Adult,CopulaGAN,Utility,Precision_Gap,0.1673201999203936,0.1764844084229297,0.1928056712642717,0.2182280370016295,0.158969309031748,0.1743506431995939,0.1402141722184413,0.2260851089981346,0.1649179221373046,0.1873162728054046,0.18066917449998515,0.026364914137967346,10
Adult,CopulaGAN,Utility,Precision_TRTR,0.8222603288494496,0.8222603288494496,0.8222603288494496,0.8222603288494496,0.8222603288494496,0.8222603288494496,0.8222603288494496,0.8222603288494496,0.8222603288494496,0.8222603288494496,0.8222603288494496,0.0,10
Adult,CopulaGAN,Utility,Precision_TSTR,0.654940128929056,0.6457759204265199,0.6294546575851778,0.60403229184782,0.6632910198177016,0.6479096856498556,0.6820461566310082,0.5961752198513149,0.6573424067121449,0.6349440560440449,0.6415911543494645,0.026364914137967342,10
Adult,CopulaGAN,Utility,ROC_AUC_Gap,0.3171182795698926,0.2353189964157706,0.255041816009558,0.5494599761051374,0.2492783751493428,0.3639139784946238,0.2848434886499404,0.3252114695340502,0.373273596176822,0.2189557945041818,0.3172415770609319,0.09730574207032809,10
Adult,CopulaGAN,Utility,ROC_AUC_TRTR,0.8465065710872163,0.8465065710872163,0.8465065710872163,0.8465065710872163,0.8465065710872163,0.8465065710872163,0.8465065710872163,0.8465065710872163,0.8465065710872163,0.8465065710872163,0.8465065710872162,0.0,10
Adult,CopulaGAN,Utility,ROC_AUC_TSTR,0.5293882915173237,0.6111875746714457,0.5914647550776583,0.2970465949820789,0.5972281959378735,0.4825925925925925,0.5616630824372759,0.521295101553166,0.4732329749103942,0.6275507765830345,0.5292649940262845,0.09730574207032809,10
Adult,CopulaGAN,Utility,Recall_Gap,0.1168333333333335,0.1096666666666667,0.1153333333333334,0.1061666666666669,0.0975000000000001,0.1341666666666668,0.0993333333333333,0.1463333333333333,0.1068333333333334,0.077,0.11091666666666673,0.01930669461068164,10
Adult,CopulaGAN,Utility,Recall_TRTR,0.8208333333333334,0.8208333333333334,0.8208333333333334,0.8208333333333334,0.8208333333333334,0.8208333333333334,0.8208333333333334,0.8208333333333334,0.8208333333333334,0.8208333333333334,0.8208333333333334,0.0,10
Adult,CopulaGAN,Utility,Recall_TSTR,0.704,0.7111666666666667,0.7055,0.7146666666666666,0.7233333333333333,0.6866666666666666,0.7215,0.6745000000000001,0.714,0.7438333333333333,0.7099166666666668,0.019306694610681616,10
Adult,ForestDiffusion,Compute,evaluation_time_seconds,6.110966666019522,5.850738178007305,4.795089872030076,7.743478112039156,6.517730051011313,6.513866541965399,4.822824421979021,6.836708060989622,6.755552922026254,4.540644660010003,6.048759948607767,1.0446076289454487,10
Adult,ForestDiffusion,Compute,generation_time_seconds,0.0,0.0,0.0,0.0,0.0,0.0,0.0,0.0,0.0,0.0,0.0,0.0,10
Adult,ForestDiffusion,Compute,total_time_seconds,92.96730277204188,97.78610575495986,374.4774058350013,98.82703785499324,91.4027094739722,80.57034992997069,95.36982817802344,91.90421805798542,91.74577951902756,325.4421172660077,144.04928546419833,109.25041168942768,10
Adult,ForestDiffusion,Compute,training_time_seconds,86.82466413197108,91.89640297502046,369.6516132060206,91.04495390597732,84.82064005703432,74.02591201401083,90.51550554699496,85.0094433670165,84.95755334501155,320.8518095000181,137.95984980490758,109.97144919478008,10
Adult,ForestDiffusion,Fidelity,KS_Complement,0.7365833333333334,0.7486666666666667,0.7398333333333333,0.747875,0.7542083333333333,0.7361666666666666,0.7465,0.7472916666666668,0.7362916666666667,0.734625,0.7428041666666667,0.006870440407200175,10
Adult,ForestDiffusion,Fidelity,MMD,0.0237464114624693,0.0302449732737121,0.0231565948087004,0.027203248008094,0.0373990245333849,0.0246193631392703,0.0274137165404202,0.0357821605508852,0.0348034050018126,0.0324457686438977,0.029681466596264666,0.005224730787729623,10
Adult,ForestDiffusion,Fidelity,Quality_Score,0.7482338541666667,0.7370062500000001,0.7555411458333334,0.7505401041666666,0.7527223958333333,0.7487807291666666,0.7519322916666666,0.7360536458333332,0.7375182291666667,0.7381052083333334,0.7456433854166666,0.0075833530515632625,10
Adult,ForestDiffusion,Fidelity,Wasserstein_Distance,2471.209500265657,3172.183742039924,2470.652983753054,2789.608576641762,3061.656481867238,2523.500548627804,3371.717542796478,3663.512681285128,3526.198541408341,3007.236127487296,3005.747672617268,437.11460690706,10
Adult,ForestDiffusion,Privacy,MIA_AUC,0.9549382716049384,0.9533333333333334,0.9522222222222224,0.95320987654321,0.95,0.9393827160493828,0.9587654320987654,0.94,0.9485185185185186,0.9823456790123456,0.9532716049382717,0.011933624225399486,10
Adult,ForestDiffusion,Privacy,Mahalanobis_Distance,4.709515167865348,4.965224992731732,4.931710471159009,4.692341040795112,4.740973839683958,4.431825896372965,4.374886709794084,4.386197015633154,4.742696333982373,5.249279399472162,4.72246508674899,0.2789732049148543,10
Adult,ForestDiffusion,Privacy,Mean_Distance,4.709515167865348,4.965224992731732,4.931710471159009,4.692341040795112,4.740973839683958,4.431825896372965,4.374886709794084,4.386197015633154,4.742696333982373,5.249279399472162,4.72246508674899,0.2789732049148543,10
Adult,ForestDiffusion,Privacy,Median_Distance,4.460127878900361,4.718006281805894,4.700325142640176,4.459109151990299,4.533508012237107,4.162997159985247,4.116225705259804,4.144787567020084,4.549176924853297,5.116910406193208,4.496117423088547,0.3094649697020603,10
Adult,ForestDiffusion,Privacy,NNDR,0.8919380756079549,0.8732624233857138,0.8832242346576231,0.8846850506144655,0.897669936606446,0.8846436736351422,0.9075868289519956,0.8804125911619956,0.8778355143453,0.8945973476194811,0.8875855676586119,0.010315096232011402,10
Adult,ForestDiffusion,Utility,Accuracy_Gap,-0.0196666666666667,0.0156666666666667,0.0106666666666668,0.0031666666666668,0.0166666666666667,0.0083333333333334,0.0044999999999999,0.0216666666666668,0.0148333333333334,0.0061666666666668,0.008200000000000061,0.011443581412982403,10
Adult,ForestDiffusion,Utility,Accuracy_TRTR,0.8208333333333334,0.8208333333333334,0.8208333333333334,0.8208333333333334,0.8208333333333334,0.8208333333333334,0.8208333333333334,0.8208333333333334,0.8208333333333334,0.8208333333333334,0.8208333333333334,0.0,10
Adult,ForestDiffusion,Utility,Accuracy_TSTR,0.8405000000000001,0.8051666666666667,0.8101666666666666,0.8176666666666665,0.8041666666666667,0.8125,0.8163333333333335,0.7991666666666666,0.8059999999999999,0.8146666666666665,0.8126333333333333,0.011443581412982415,10
Adult,ForestDiffusion,Utility,F1_Gap,-0.0177803048602946,0.0192452554924627,0.012487228313312,0.0072302083767291,0.0279097558943165,0.0121613104955578,0.0094276440285194,0.0309232666099122,0.0182803347282322,0.0190307391106752,0.01389154381894225,0.013471354353094081,10
Adult,ForestDiffusion,Utility,F1_TRTR,0.8177893781482453,0.8177893781482453,0.8177893781482453,0.8177893781482453,0.8177893781482453,0.8177893781482453,0.8177893781482453,0.8177893781482453,0.8177893781482453,0.8177893781482453,0.8177893781482453,0.0,10
Adult,ForestDiffusion,Utility,F1_TSTR,0.83556968300854,0.7985441226557826,0.8053021498349332,0.8105591697715161,0.7898796222539287,0.8056280676526875,0.8083617341197258,0.786866111538333,0.799509043420013,0.79875863903757,0.803897834329303,0.013471354353094118,10
Adult,ForestDiffusion,Utility,Precision_Gap,-0.0125253054034307,0.0240210083310508,0.0172486279344271,0.0143310904875076,0.0330081884768005,0.0189947970602822,0.0165319423058667,0.032475588524265,0.0248584059943488,0.0232935162397515,0.01922378599508695,0.012823970578987582,10
Adult,ForestDiffusion,Utility,Precision_TRTR,0.8222603288494496,0.8222603288494496,0.8222603288494496,0.8222603288494496,0.8222603288494496,0.8222603288494496,0.8222603288494496,0.8222603288494496,0.8222603288494496,0.8222603288494496,0.8222603288494496,0.0,10
Adult,ForestDiffusion,Utility,Precision_TSTR,0.8347856342528803,0.7982393205183987,0.8050117009150224,0.8079292383619419,0.789252140372649,0.8032655317891673,0.8057283865435828,0.7897847403251845,0.7974019228551007,0.798966812609698,0.8030365428543625,0.012823970578987608,10
Adult,ForestDiffusion,Utility,ROC_AUC_Gap,0.0231875746714459,0.0776487455197131,0.0551875746714457,0.0490035842293907,0.0904778972520909,0.0513452807646356,0.0657562724014338,0.0838614097968936,0.0762293906810035,0.0638422939068101,0.06365400238948629,0.01989321609510531,10
Adult,ForestDiffusion,Utility,ROC_AUC_TRTR,0.8465065710872163,0.8465065710872163,0.8465065710872163,0.8465065710872163,0.8465065710872163,0.8465065710872163,0.8465065710872163,0.8465065710872163,0.8465065710872163,0.8465065710872163,0.8465065710872162,0.0,10
Adult,ForestDiffusion,Utility,ROC_AUC_TSTR,0.8233189964157703,0.7688578255675032,0.7913189964157705,0.7975029868578255,0.7560286738351253,0.7951612903225806,0.7807502986857824,0.7626451612903227,0.7702771804062127,0.7826642771804061,0.78285256869773,0.019893216095105314,10
Adult,ForestDiffusion,Utility,Recall_Gap,-0.0196666666666667,0.0156666666666667,0.0106666666666668,0.0031666666666668,0.0166666666666667,0.0083333333333334,0.0044999999999999,0.0216666666666668,0.0148333333333334,0.0061666666666668,0.008200000000000061,0.011443581412982403,10
Adult,ForestDiffusion,Utility,Recall_TRTR,0.8208333333333334,0.8208333333333334,0.8208333333333334,0.8208333333333334,0.8208333333333334,0.8208333333333334,0.8208333333333334,0.8208333333333334,0.8208333333333334,0.8208333333333334,0.8208333333333334,0.0,10
Adult,ForestDiffusion,Utility,Recall_TSTR,0.8405000000000001,0.8051666666666667,0.8101666666666666,0.8176666666666665,0.8041666666666667,0.8125,0.8163333333333335,0.7991666666666666,0.8059999999999999,0.8146666666666665,0.8126333333333333,0.011443581412982415,10
Adult,GaussianCopula,Compute,evaluation_time_seconds,19.3253282730002,6.030674445035402,5.311195562011562,7.055702595971525,8.948034222004935,8.758975893026218,10.40308183600428,5.279746180982329,11.63080623600399,5.354647932981607,8.809819317702203,4.327363004789717,10
Adult,GaussianCopula,Compute,generation_time_seconds,0.0,0.0,0.0,0.0,0.0,0.0,0.0,0.0,0.0,0.0,0.0,0.0,10
Adult,GaussianCopula,Compute,total_time_seconds,23.66530955501366,8.426407094986644,7.667271918035112,9.73285038000904,12.00403064902639,11.65578196500428,14.48386289202608,7.478751478018239,14.56307865900453,7.717710675962735,11.739505526708673,4.985769516258093,10
Adult,GaussianCopula,Compute,training_time_seconds,4.282626233994961,2.329575623036362,2.324278688000049,2.61168892000569,3.002880025014747,2.849877140019089,4.031147909001447,2.169184771948494,2.898625294037629,2.333445238007698,2.883332984306617,0.7300311230020948,10
Adult,GaussianCopula,Fidelity,KS_Complement,0.7079166666666666,0.7079166666666666,0.7079166666666666,0.7079166666666666,0.7079166666666666,0.7079166666666666,0.7079166666666666,0.7079166666666666,0.7079166666666666,0.7079166666666666,0.7079166666666666,0.0,10
Adult,GaussianCopula,Fidelity,MMD,0.3760959102831625,0.3760959102831625,0.3760959102831625,0.3760959102831625,0.3760959102831625,0.3760959102831625,0.3760959102831625,0.3760959102831625,0.3760959102831625,0.3760959102831625,0.3760959102831625,0.0,10
Adult,GaussianCopula,Fidelity,Quality_Score,0.7883588541666666,0.7883588541666666,0.7883588541666666,0.7883588541666666,0.7883588541666666,0.7883588541666666,0.7883588541666666,0.7883588541666666,0.7883588541666666,0.7883588541666666,0.7883588541666666,0.0,10
Adult,GaussianCopula,Fidelity,Wasserstein_Distance,2115.559874999999,2115.559874999999,2115.559874999999,2115.559874999999,2115.559874999999,2115.559874999999,2115.559874999999,2115.559874999999,2115.559874999999,2115.559874999999,2115.559874999999,0.0,10
Adult,GaussianCopula,Privacy,MIA_AUC,0.9730864197530864,0.9730864197530864,0.9730864197530864,0.9730864197530864,0.9730864197530864,0.9730864197530864,0.9730864197530864,0.9730864197530864,0.9730864197530864,0.9730864197530864,0.9730864197530863,0.0,10
Adult,GaussianCopula,Privacy,Mahalanobis_Distance,5.509692938076827,5.509692938076827,5.509692938076827,5.509692938076827,5.509692938076827,5.509692938076827,5.509692938076827,5.509692938076827,5.509692938076827,5.509692938076827,5.509692938076826,0.0,10
Adult,GaussianCopula,Privacy,Mean_Distance,5.509692938076827,5.509692938076827,5.509692938076827,5.509692938076827,5.509692938076827,5.509692938076827,5.509692938076827,5.509692938076827,5.509692938076827,5.509692938076827,5.509692938076826,0.0,10
Adult,GaussianCopula,Privacy,Median_Distance,5.475858305808768,5.475858305808768,5.475858305808768,5.475858305808768,5.475858305808768,5.475858305808768,5.475858305808768,5.475858305808768,5.475858305808768,5.475858305808768,5.475858305808769,0.0,10
Adult,GaussianCopula,Privacy,NNDR,0.9066806772855168,0.9066806772855168,0.9066806772855168,0.9066806772855168,0.9066806772855168,0.9066806772855168,0.9066806772855168,0.9066806772855168,0.9066806772855168,0.9066806772855168,0.9066806772855168,0.0,10
Adult,GaussianCopula,Utility,Accuracy_Gap,0.1058333333333334,0.1058333333333334,0.1058333333333334,0.1058333333333334,0.1058333333333334,0.1058333333333334,0.1058333333333334,0.1058333333333334,0.1058333333333334,0.1058333333333334,0.1058333333333334,0.0,10
Adult,GaussianCopula,Utility,Accuracy_TRTR,0.8208333333333334,0.8208333333333334,0.8208333333333334,0.8208333333333334,0.8208333333333334,0.8208333333333334,0.8208333333333334,0.8208333333333334,0.8208333333333334,0.8208333333333334,0.8208333333333334,0.0,10
Adult,GaussianCopula,Utility,Accuracy_TSTR,0.715,0.715,0.715,0.715,0.715,0.715,0.715,0.715,0.715,0.715,0.715,0.0,10
Adult,GaussianCopula,Utility,F1_Gap,0.1291971996159116,0.1291971996159116,0.1291971996159116,0.1291971996159116,0.1291971996159116,0.1291971996159116,0.1291971996159116,0.1291971996159116,0.1291971996159116,0.1291971996159116,0.1291971996159116,0.0,10
Adult,GaussianCopula,Utility,F1_TRTR,0.8177893781482453,0.8177893781482453,0.8177893781482453,0.8177893781482453,0.8177893781482453,0.8177893781482453,0.8177893781482453,0.8177893781482453,0.8177893781482453,0.8177893781482453,0.8177893781482453,0.0,10
Adult,GaussianCopula,Utility,F1_TSTR,0.6885921785323337,0.6885921785323337,0.6885921785323337,0.6885921785323337,0.6885921785323337,0.6885921785323337,0.6885921785323337,0.6885921785323337,0.6885921785323337,0.6885921785323337,0.6885921785323337,0.0,10
Adult,GaussianCopula,Utility,Precision_Gap,0.1159762049533802,0.1159762049533802,0.1159762049533802,0.1159762049533802,0.1159762049533802,0.1159762049533802,0.1159762049533802,0.1159762049533802,0.1159762049533802,0.1159762049533802,0.1159762049533802,0.0,10
Adult,GaussianCopula,Utility,Precision_TRTR,0.8222603288494496,0.8222603288494496,0.8222603288494496,0.8222603288494496,0.8222603288494496,0.8222603288494496,0.8222603288494496,0.8222603288494496,0.8222603288494496,0.8222603288494496,0.8222603288494496,0.0,10
Adult,GaussianCopula,Utility,Precision_TSTR,0.7062841238960693,0.7062841238960693,0.7062841238960693,0.7062841238960693,0.7062841238960693,0.7062841238960693,0.7062841238960693,0.7062841238960693,0.7062841238960693,0.7062841238960693,0.7062841238960693,0.0,10
Adult,GaussianCopula,Utility,ROC_AUC_Gap,0.2471278375149343,0.2471278375149343,0.2471278375149343,0.2471278375149343,0.2471278375149343,0.2471278375149343,0.2471278375149343,0.2471278375149343,0.2471278375149343,0.2471278375149343,0.2471278375149343,0.0,10
Adult,GaussianCopula,Utility,ROC_AUC_TRTR,0.8465065710872163,0.8465065710872163,0.8465065710872163,0.8465065710872163,0.8465065710872163,0.8465065710872163,0.8465065710872163,0.8465065710872163,0.8465065710872163,0.8465065710872163,0.8465065710872162,0.0,10
Adult,GaussianCopula,Utility,ROC_AUC_TSTR,0.599378733572282,0.599378733572282,0.599378733572282,0.599378733572282,0.599378733572282,0.599378733572282,0.599378733572282,0.599378733572282,0.599378733572282,0.599378733572282,0.599378733572282,0.0,10
Adult,GaussianCopula,Utility,Recall_Gap,0.1058333333333334,0.1058333333333334,0.1058333333333334,0.1058333333333334,0.1058333333333334,0.1058333333333334,0.1058333333333334,0.1058333333333334,0.1058333333333334,0.1058333333333334,0.1058333333333334,0.0,10
Adult,GaussianCopula,Utility,Recall_TRTR,0.8208333333333334,0.8208333333333334,0.8208333333333334,0.8208333333333334,0.8208333333333334,0.8208333333333334,0.8208333333333334,0.8208333333333334,0.8208333333333334,0.8208333333333334,0.8208333333333334,0.0,10
Adult,GaussianCopula,Utility,Recall_TSTR,0.715,0.715,0.715,0.715,0.715,0.715,0.715,0.715,0.715,0.715,0.715,0.0,10
Adult,TVAE,Compute,evaluation_time_seconds,10.57262668799376,5.606875865021721,4.651526544010267,5.318998347036541,4.173800600983668,4.14646552799968,4.87157966097584,4.93359109503217,4.77425163204316,4.85885238496121,5.390856834605802,1.874414960741831,10
Adult,TVAE,Compute,generation_time_seconds,0.0,0.0,0.0,0.0,0.0,0.0,0.0,0.0,0.0,0.0,0.0,0.0,10
Adult,TVAE,Compute,total_time_seconds,41.98122888302896,22.37838592403568,24.40689895203104,18.39550491695991,21.86252919299295,22.84026143496158,24.66489235998597,24.74805526901037,24.91110512701562,24.82202975498512,25.10108918150072,6.270100755778326,10
Adult,TVAE,Compute,training_time_seconds,31.35494431498228,16.72421157796634,19.71066625998355,13.00136428902624,17.64974230498774,18.64631157700205,19.73301718500443,19.77665604400681,20.07556812302209,19.91434484801721,19.658682652399875,4.655410042383931,10
Adult,TVAE,Fidelity,KS_Complement,0.7694583333333335,0.7616666666666667,0.7508750000000001,0.7334999999999999,0.7378750000000002,0.7430416666666666,0.7603333333333334,0.7454166666666667,0.7489166666666667,0.7359166666666667,0.7487,0.011988819379882979,10
Adult,TVAE,Fidelity,MMD,0.0594288514004279,0.0897625935055878,0.0751282914334426,0.0670363004572326,0.1068368208936712,0.0972261093057313,0.0869683634129071,0.0853233390638811,0.0708654253115228,0.0827532738351137,0.0821329368619518,0.014335844883712432,10
Adult,TVAE,Fidelity,Quality_Score,0.7526458333333333,0.7166104166666667,0.7272906250000001,0.7101630208333334,0.7350182291666667,0.725178125,0.7390416666666666,0.7056609375,0.753909375,0.7240708333333332,0.72895890625,0.0163690440731361,10
Adult,TVAE,Fidelity,Wasserstein_Distance,5778.389291666665,6356.236374999998,5263.024374999999,5283.437124999999,7224.840708333332,6204.187124999998,6864.145458333332,4283.315041666666,4676.299041666665,6963.009541666665,5889.6884083333325,1001.4532762495796,10
Adult,TVAE,Privacy,MIA_AUC,1.0,1.0,1.0,1.0,1.0,1.0,1.0,1.0,1.0,1.0,1.0,0.0,10
Adult,TVAE,Privacy,Mahalanobis_Distance,7.153686796958201,7.170248349853005,7.243930666099756,7.100073677348487,7.296388176148994,7.113995033729298,7.090379682971246,7.197617170663251,7.098836836824164,7.183035970806705,7.1648192361403105,0.06815014124340874,10
Adult,TVAE,Privacy,Mean_Distance,7.153686796958201,7.170248349853005,7.243930666099756,7.100073677348487,7.296388176148994,7.113995033729298,7.090379682971246,7.197617170663251,7.098836836824164,7.183035970806705,7.1648192361403105,0.06815014124340874,10
Adult,TVAE,Privacy,Median_Distance,7.144489013254756,7.134241183216905,7.188484146217373,7.091460598824472,7.251472152559431,7.098802657820189,7.087798087194662,7.171234429194543,7.096956512334772,7.177934259975482,7.144287304059259,0.05342901035487928,10
Adult,TVAE,Privacy,NNDR,0.880814605496318,0.8399591396330668,0.8347736465000738,0.8808884870507604,0.8256736746443838,0.8644607225661167,0.870668972573743,0.8469420143290376,0.867002834204859,0.8471171627164845,0.8558301259714843,0.019525604276944494,10
Adult,TVAE,Utility,Accuracy_Gap,-0.008333333333333,0.0395,0.066,0.0454999999999999,0.0429999999999999,0.0278333333333331,0.0725,0.058,0.0288333333333333,0.1121666666666665,0.048499999999999974,0.03195502240321728,10
Adult,TVAE,Utility,Accuracy_TRTR,0.8208333333333334,0.8208333333333334,0.8208333333333334,0.8208333333333334,0.8208333333333334,0.8208333333333334,0.8208333333333334,0.8208333333333334,0.8208333333333334,0.8208333333333334,0.8208333333333334,0.0,10
Adult,TVAE,Utility,Accuracy_TSTR,0.8291666666666665,0.7813333333333333,0.7548333333333334,0.7753333333333334,0.7778333333333335,0.7930000000000003,0.7483333333333334,0.7628333333333334,0.792,0.7086666666666669,0.7723333333333333,0.03195502240321729,10
Adult,TVAE,Utility,F1_Gap,-0.0101801930801569,0.055555164774812,0.0818436497012834,0.042201614387937,0.0640347354719463,0.0503576500425001,0.0601655725653795,0.0876738990394965,0.0350908364911477,0.1064961114040532,0.05732390407983988,0.032188351305055936,10
Adult,TVAE,Utility,F1_TRTR,0.8177893781482453,0.8177893781482453,0.8177893781482453,0.8177893781482453,0.8177893781482453,0.8177893781482453,0.8177893781482453,0.8177893781482453,0.8177893781482453,0.8177893781482453,0.8177893781482453,0.0,10
Adult,TVAE,Utility,F1_TSTR,0.8279695712284022,0.7622342133734332,0.7359457284469618,0.7755877637603082,0.7537546426762989,0.7674317281057451,0.7576238055828657,0.7301154791087487,0.7826985416570975,0.711293266744192,0.7604654740684053,0.03218835130505595,10
Adult,TVAE,Utility,Precision_Gap,-0.0065036641805361,0.0652592376520604,0.0852656952952868,0.0370457681399408,0.0376491514932008,0.0560016644723271,0.0457902550978927,0.0936724156331608,0.0342054603366269,0.0706420209135377,0.0519028004853498,0.029040028075529786,10
Adult,TVAE,Utility,Precision_TRTR,0.8222603288494496,0.8222603288494496,0.8222603288494496,0.8222603288494496,0.8222603288494496,0.8222603288494496,0.8222603288494496,0.8222603288494496,0.8222603288494496,0.8222603288494496,0.8222603288494496,0.0,10
Adult,TVAE,Utility,Precision_TSTR,0.8287639930299857,0.7570010911973891,0.7369946335541627,0.7852145607095087,0.7846111773562487,0.7662586643771224,0.7764700737515569,0.7285879132162887,0.7880548685128226,0.7516183079359118,0.7703575283640997,0.029040028075529814,10
Adult,TVAE,Utility,ROC_AUC_Gap,0.0077037037037036,0.1177467144563917,0.1119569892473118,0.0809701314217443,0.0874743130227001,0.1754480286738352,0.092437275985663,0.1683488649940263,0.1169725209080047,0.1228936678614098,0.10819522102747905,0.04720791799960296,10
Adult,TVAE,Utility,ROC_AUC_TRTR,0.8465065710872163,0.8465065710872163,0.8465065710872163,0.8465065710872163,0.8465065710872163,0.8465065710872163,0.8465065710872163,0.8465065710872163,0.8465065710872163,0.8465065710872163,0.8465065710872162,0.0,10
Adult,TVAE,Utility,ROC_AUC_TSTR,0.8388028673835126,0.7287598566308245,0.7345495818399045,0.7655364396654719,0.7590322580645161,0.671058542413381,0.7540692951015532,0.6781577060931899,0.7295340501792116,0.7236129032258065,0.7383113500597371,0.04720791799960295,10
Adult,TVAE,Utility,Recall_Gap,-0.008333333333333,0.0395,0.066,0.0454999999999999,0.0429999999999999,0.0278333333333331,0.0725,0.058,0.0288333333333333,0.1121666666666665,0.048499999999999974,0.03195502240321728,10
Adult,TVAE,Utility,Recall_TRTR,0.8208333333333334,0.8208333333333334,0.8208333333333334,0.8208333333333334,0.8208333333333334,0.8208333333333334,0.8208333333333334,0.8208333333333334,0.8208333333333334,0.8208333333333334,0.8208333333333334,0.0,10
Adult,TVAE,Utility,Recall_TSTR,0.8291666666666665,0.7813333333333333,0.7548333333333334,0.7753333333333334,0.7778333333333335,0.7930000000000003,0.7483333333333334,0.7628333333333334,0.792,0.7086666666666669,0.7723333333333333,0.03195502240321729,10
Adult,TabDDPM,Compute,evaluation_time_seconds,6.707734022988006,5.845298601023387,6.168705410964321,6.272812203969806,5.057808795012534,4.552468925016001,5.513014570984524,6.979223179980181,6.177546032995451,6.517075396026485,5.97916871389607,0.7528731221681153,10
Adult,TabDDPM,Compute,generation_time_seconds,0.0,0.0,0.0,0.0,0.0,0.0,0.0,0.0,0.0,0.0,0.0,0.0,10
Adult,TabDDPM,Compute,total_time_seconds,18.44842421100475,24.60130365897203,14.46282419702038,14.20357849902939,11.64551419398049,10.97262464603409,15.26269561302615,17.34768538200296,16.32840557803866,14.74713898496702,15.802019496407592,3.8506668511996334,10
Adult,TabDDPM,Compute,training_time_seconds,11.68035819096258,18.72292194399051,8.249247158004437,7.887695286015514,6.554587117978372,6.383125416003168,9.699756084999535,10.32346952601802,10.10304679098772,8.180795082997065,9.778500259795692,3.5655274202058425,10
Adult,TabDDPM,Fidelity,KS_Complement,0.4942083333333334,0.4912083333333333,0.480375,0.49875,0.5043333333333333,0.496625,0.4859583333333333,0.48875,0.5106250000000001,0.4900833333333334,0.4940916666666667,0.008904344202635736,10
Adult,TabDDPM,Fidelity,MMD,0.3350584431518636,0.3380234227240135,0.3665378819859454,0.3419777431146678,0.3472695572133959,0.3375967604287848,0.3422278359296995,0.3429982574811333,0.3385141824211888,0.3530858493748963,0.3443289933825589,0.009399270562624679,10
Adult,TabDDPM,Fidelity,Quality_Score,0.2708307291666667,0.3028598958333333,0.2592270833333333,0.2421458333333333,0.2626177083333334,0.2767838541666667,0.2572057291666666,0.2542223958333334,0.2854156250000001,0.2820979166666667,0.2693406770833334,0.01784243469018021,10
Adult,TabDDPM,Fidelity,Wasserstein_Distance,51786.13754888371,51804.54429156132,51707.36479166666,43952.61595805226,51824.7605755975,49760.10025543185,52888.81628130956,51011.39953197534,49399.69217233732,43512.11748507444,49764.754889189,3343.1138792437364,10
Adult,TabDDPM,Privacy,MIA_AUC,1.0,1.0,1.0,1.0,1.0,1.0,1.0,1.0,1.0,1.0,1.0,0.0,10
Adult,TabDDPM,Privacy,Mahalanobis_Distance,17.55096240750651,16.97086958256644,17.39197189465156,11.60434360608955,16.55460612978787,16.89271441986093,17.37554172735363,16.85377869903525,16.419763693767,12.03181836092783,15.96463705215466,2.2171852733788233,10
Adult,TabDDPM,Privacy,Mean_Distance,17.55096240750651,16.97086958256644,17.39197189465156,11.60434360608955,16.55460612978787,16.89271441986093,17.37554172735363,16.85377869903525,16.419763693767,12.03181836092783,15.96463705215466,2.2171852733788233,10
Adult,TabDDPM,Privacy,Median_Distance,21.80958541409377,21.42456000393873,21.68785256285232,11.7075333082691,12.57162350954525,13.7470841516213,21.32864970402596,21.75502881087686,13.52839958186306,12.17155935028829,17.17318763973746,4.705793173357203,10
Adult,TabDDPM,Privacy,NNDR,0.799875537106365,0.7759999326092217,0.8037244074980006,0.9712511967039348,0.7980621647417494,0.8192773761766992,0.7965591096946688,0.7968156611073591,0.8092117535716047,0.9494608233929204,0.8320237962602525,0.06870417531506565,10
Adult,TabDDPM,Utility,Accuracy_Gap,0.092,0.1099999999999999,0.2293333333333335,0.2081666666666668,0.1540000000000004,0.0914999999999998,0.2056666666666668,0.2100000000000002,0.09,0.168,0.15586666666666674,0.05613276809779649,10
Adult,TabDDPM,Utility,Accuracy_TRTR,0.8208333333333334,0.8208333333333334,0.8208333333333334,0.8208333333333334,0.8208333333333334,0.8208333333333334,0.8208333333333334,0.8208333333333334,0.8208333333333334,0.8208333333333334,0.8208333333333334,0.0,10
Adult,TabDDPM,Utility,Accuracy_TSTR,0.7288333333333333,0.7108333333333335,0.5914999999999999,0.6126666666666666,0.6668333333333331,0.7293333333333336,0.6151666666666666,0.6108333333333332,0.7308333333333333,0.6528333333333334,0.6649666666666667,0.05613276809779648,10
Adult,TabDDPM,Utility,F1_Gap,0.1509078846754131,0.1694736971683687,0.3233740716149366,0.2380087742906681,0.2021218416523953,0.1604008467752467,0.2153532393045813,0.2567097265771715,0.1570839572088452,0.2149130011984268,0.20883470404660534,0.05407370894635862,10
Adult,TabDDPM,Utility,F1_TRTR,0.8177893781482453,0.8177893781482453,0.8177893781482453,0.8177893781482453,0.8177893781482453,0.8177893781482453,0.8177893781482453,0.8177893781482453,0.8177893781482453,0.8177893781482453,0.8177893781482453,0.0,10
Adult,TabDDPM,Utility,F1_TSTR,0.6668814934728322,0.6483156809798766,0.4944153065333087,0.5797806038575771,0.6156675364958499,0.6573885313729986,0.602436138843664,0.5610796515710738,0.6607054209394001,0.6028763769498184,0.6089546741016398,0.054073708946358635,10
Adult,TabDDPM,Utility,Precision_Gap,0.1857936965273392,0.2178475416402382,0.121540635987119,0.1639172124728073,0.2115191917202945,0.2180748536972068,0.1877591944138611,0.2185235191783478,0.213075215185618,0.2278612800608093,0.19659123408836415,0.032933533542883385,10
Adult,TabDDPM,Utility,Precision_TRTR,0.8222603288494496,0.8222603288494496,0.8222603288494496,0.8222603288494496,0.8222603288494496,0.8222603288494496,0.8222603288494496,0.8222603288494496,0.8222603288494496,0.8222603288494496,0.8222603288494496,0.0,10
Adult,TabDDPM,Utility,Precision_TSTR,0.6364666323221103,0.6044127872092113,0.7007196928623306,0.6583431163766422,0.610741137129155,0.6041854751522427,0.6345011344355884,0.6037368096711018,0.6091851136638315,0.5943990487886402,0.6256690947610853,0.0329335335428834,10
Adult,TabDDPM,Utility,ROC_AUC_Gap,0.4127287933094384,0.4064181600955796,0.2892425328554362,0.3776081242532855,0.403046594982079,0.2830059737156512,0.4227574671445639,0.3844874551971325,0.4659832735961769,0.392026284348865,0.3837304659498208,0.05695773093933647,10
Adult,TabDDPM,Utility,ROC_AUC_TRTR,0.8465065710872163,0.8465065710872163,0.8465065710872163,0.8465065710872163,0.8465065710872163,0.8465065710872163,0.8465065710872163,0.8465065710872163,0.8465065710872163,0.8465065710872163,0.8465065710872162,0.0,10
Adult,TabDDPM,Utility,ROC_AUC_TSTR,0.4337777777777779,0.4400884109916366,0.5572640382317801,0.4688984468339307,0.4434599761051373,0.5635005973715651,0.4237491039426524,0.4620191158900838,0.3805232974910394,0.4544802867383513,0.4627761051373954,0.05695773093933647,10
Adult,TabDDPM,Utility,Recall_Gap,0.092,0.1099999999999999,0.2293333333333335,0.2081666666666668,0.1540000000000004,0.0914999999999998,0.2056666666666668,0.2100000000000002,0.09,0.168,0.15586666666666674,0.05613276809779649,10
Adult,TabDDPM,Utility,Recall_TRTR,0.8208333333333334,0.8208333333333334,0.8208333333333334,0.8208333333333334,0.8208333333333334,0.8208333333333334,0.8208333333333334,0.8208333333333334,0.8208333333333334,0.8208333333333334,0.8208333333333334,0.0,10
Adult,TabDDPM,Utility,Recall_TSTR,0.7288333333333333,0.7108333333333335,0.5914999999999999,0.6126666666666666,0.6668333333333331,0.7293333333333336,0.6151666666666666,0.6108333333333332,0.7308333333333333,0.6528333333333334,0.6649666666666667,0.05613276809779648,10
Adult,WGAN-GP,Compute,evaluation_time_seconds,8.311082742991857,7.874281203025021,12.61399566096952,5.69459987198934,8.478492366964929,6.797143258037977,6.378607470018324,8.643070288002491,9.306588111037854,11.57927341200411,8.567713438504143,2.178941154279082,10
Adult,WGAN-GP,Compute,generation_time_seconds,0.0,0.0,0.0,0.0,0.0,0.0,0.0,0.0,0.0,0.0,0.0,0.0,10
Adult,WGAN-GP,Compute,total_time_seconds,43.46328157896642,37.14764793904033,40.5555785279721,37.24265941599151,35.500503335963,32.70501758001046,28.98618532001274,41.90518192900345,41.0780878450023,39.62898194097215,37.821312541293445,4.4755016388183035,10
Adult,WGAN-GP,Compute,training_time_seconds,35.11557479703333,29.23745910800062,27.90370756300399,31.51656815595925,26.99167537403991,25.87717604701174,22.5761723589967,33.2304808779736,31.7402311739861,28.01457777700853,29.22036232330138,3.7406753681809417,10
Adult,WGAN-GP,Fidelity,KS_Complement,0.7062083333333334,0.6770833333333334,0.6755833333333333,0.700125,0.7067083333333333,0.6703749999999999,0.6824166666666667,0.68025,0.6715416666666667,0.7209583333333333,0.689125,0.017789687850751065,10
Adult,WGAN-GP,Fidelity,MMD,0.0095702205951158,0.0205208481782793,0.0534983974328084,0.0258993136252961,0.0142620826202182,0.0309688636322904,0.0309881733207411,0.0254090365681709,0.0241182139318015,0.0286289206729515,0.02638640705776732,0.011798255119258408,10
Adult,WGAN-GP,Fidelity,Quality_Score,0.5936546874999998,0.5678234375,0.5489286458333333,0.591915625,0.5729411458333333,0.5478796875,0.5794104166666667,0.5580317708333333,0.5811786458333333,0.5751364583333334,0.5716900520833333,0.01612835264773351,10
Adult,WGAN-GP,Fidelity,Wasserstein_Distance,2973.396030446057,3182.693091974336,3582.557828560337,3255.387514149848,3449.871948134983,3889.157570811281,2872.604988498812,3873.185437631686,3147.926419015968,3592.206267593392,3381.8987096816695,353.4706400197104,10
Adult,WGAN-GP,Privacy,MIA_AUC,1.0,1.0,0.9969135802469136,1.0,0.9982716049382716,0.9680246913580248,1.0,1.0,1.0,1.0,0.9963209876543211,0.009997679623762908,10
Adult,WGAN-GP,Privacy,Mahalanobis_Distance,5.971735867736067,6.036578432073157,5.393946282041961,6.278652891174493,5.600750634630105,5.316190080840583,6.390589958606437,5.838239251466768,6.25706718276103,6.115490267898796,5.91992408492294,0.375367748447847,10
Adult,WGAN-GP,Privacy,Mean_Distance,5.971735867736067,6.036578432073157,5.393946282041961,6.278652891174493,5.600750634630105,5.316190080840583,6.390589958606437,5.838239251466768,6.25706718276103,6.115490267898796,5.91992408492294,0.375367748447847,10
Adult,WGAN-GP,Privacy,Median_Distance,5.936611301864694,5.994066580325883,5.33677285081858,6.251393538798597,5.545067114686333,5.307917219316161,6.336356006100697,5.812811207358104,6.227532724035841,6.072182012983471,5.882071055628836,0.3740393372021325,10
Adult,WGAN-GP,Privacy,NNDR,0.8827259595646287,0.8681425030579621,0.8997245427801399,0.8603127611843859,0.8875771231694336,0.9019407911184688,0.8826060681665338,0.8872581136160279,0.868081872573028,0.8740866107966451,0.8812456346027254,0.013680695409260629,10
Adult,WGAN-GP,Utility,Accuracy_Gap,0.0446666666666668,0.0250000000000001,0.031,-0.0051666666666666,0.0734999999999999,0.0095,0.1405000000000001,0.0471666666666669,0.011,0.0583333333333335,0.043550000000000075,0.041664003618601814,10
Adult,WGAN-GP,Utility,Accuracy_TRTR,0.8208333333333334,0.8208333333333334,0.8208333333333334,0.8208333333333334,0.8208333333333334,0.8208333333333334,0.8208333333333334,0.8208333333333334,0.8208333333333334,0.8208333333333334,0.8208333333333334,0.0,10
Adult,WGAN-GP,Utility,Accuracy_TSTR,0.7761666666666666,0.7958333333333333,0.7898333333333334,0.8260000000000001,0.7473333333333335,0.8113333333333334,0.6803333333333333,0.7736666666666665,0.8098333333333334,0.7624999999999998,0.7772833333333333,0.04166400361860181,10
Adult,WGAN-GP,Utility,F1_Gap,0.0472118516760858,0.0492283541528634,0.066890102793309,0.0068985839366817,0.0690095017345067,0.0253291132737473,0.1212947594470403,0.0568444233351928,0.0275722758428719,0.067869341160207,0.0538148307352506,0.03149597212318464,10
Adult,WGAN-GP,Utility,F1_TRTR,0.8177893781482453,0.8177893781482453,0.8177893781482453,0.8177893781482453,0.8177893781482453,0.8177893781482453,0.8177893781482453,0.8177893781482453,0.8177893781482453,0.8177893781482453,0.8177893781482453,0.0,10
Adult,WGAN-GP,Utility,F1_TSTR,0.7705775264721594,0.7685610239953818,0.7508992753549362,0.8108907942115635,0.7487798764137386,0.7924602648744979,0.696494618701205,0.7609449548130525,0.7902171023053733,0.7499200369880382,0.7639745474129945,0.031495972123184626,10
Adult,WGAN-GP,Utility,Precision_Gap,0.0392900145446597,0.0387468034131671,0.0405556998467295,-0.0128127582584756,0.0647682783011807,0.0255633552823144,0.0180135890195396,0.0340303028497756,0.0173075825531461,0.0416686380164554,0.030713150556849245,0.020514951532455958,10
Adult,WGAN-GP,Utility,Precision_TRTR,0.8222603288494496,0.8222603288494496,0.8222603288494496,0.8222603288494496,0.8222603288494496,0.8222603288494496,0.8222603288494496,0.8222603288494496,0.8222603288494496,0.8222603288494496,0.8222603288494496,0.0,10
Adult,WGAN-GP,Utility,Precision_TSTR,0.7829703143047898,0.7835135254362824,0.78170462900272,0.8350730871079252,0.7574920505482688,0.7966969735671351,0.8042467398299099,0.788230025999674,0.8049527462963034,0.7805916908329941,0.7915471782926001,0.020514951532455968,10
Adult,WGAN-GP,Utility,ROC_AUC_Gap,0.0755507765830347,0.1042198327359619,0.1301816009557945,0.031873357228196,0.1048148148148147,0.0948387096774194,0.0427359617682199,0.0810824372759856,0.0760597371565113,0.0860215053763441,0.08273787335722821,0.029142046663797754,10
Adult,WGAN-GP,Utility,ROC_AUC_TRTR,0.8465065710872163,0.8465065710872163,0.8465065710872163,0.8465065710872163,0.8465065710872163,0.8465065710872163,0.8465065710872163,0.8465065710872163,0.8465065710872163,0.8465065710872163,0.8465065710872162,0.0,10
Adult,WGAN-GP,Utility,ROC_AUC_TSTR,0.7709557945041815,0.7422867383512544,0.7163249701314218,0.8146332138590202,0.7416917562724016,0.7516678614097968,0.8037706093189964,0.7654241338112306,0.7704468339307049,0.7604850657108722,0.763768697729988,0.029142046663797726,10
Adult,WGAN-GP,Utility,Recall_Gap,0.0446666666666668,0.0250000000000001,0.031,-0.0051666666666666,0.0734999999999999,0.0095,0.1405000000000001,0.0471666666666669,0.011,0.0583333333333335,0.043550000000000075,0.041664003618601814,10
Adult,WGAN-GP,Utility,Recall_TRTR,0.8208333333333334,0.8208333333333334,0.8208333333333334,0.8208333333333334,0.8208333333333334,0.8208333333333334,0.8208333333333334,0.8208333333333334,0.8208333333333334,0.8208333333333334,0.8208333333333334,0.0,10
Adult,WGAN-GP,Utility,Recall_TSTR,0.7761666666666666,0.7958333333333333,0.7898333333333334,0.8260000000000001,0.7473333333333335,0.8113333333333334,0.6803333333333333,0.7736666666666665,0.8098333333333334,0.7624999999999998,0.7772833333333333,0.04166400361860181,10
Alzheimer's,CTABGAN,Compute,evaluation_time_seconds,4.462186658056453,4.37289644498378,4.383989457972348,26.95758440997452,42.84790347586386,39.72107357415371,41.70412977000001,32.50000321200002,41.19618262899996,344.418915624,58.256486525600465,101.85910088637745,10
Alzheimer's,CTABGAN,Compute,generation_time_seconds,0.0,0.0,0.0,0.0,0.0,0.0,0.0,0.0,0.0,0.0,0.0,0.0,10
Alzheimer's,CTABGAN,Compute,total_time_seconds,43.41830628691241,43.14922354603186,43.22345015103929,210.6538977529854,220.22157307202,218.2294275108725,232.058416101,546.978318057,201.1174884660001,513.722793964,227.2772894907862,178.56154846221196,10
Alzheimer's,CTABGAN,Compute,training_time_seconds,38.9442191820126,38.76553659909405,38.82927244296297,183.5950246208813,177.2231511950959,178.2224052769598,190.2323292520001,514.4142605669999,159.818265426,169.226226186,168.92706907480067,137.8532847551134,10
Alzheimer's,CTABGAN,Fidelity,KS_Complement,0.7484600550964188,0.7554615855524947,0.7488463422099785,0.7807918579736761,0.755850321395776,0.7424744413835324,0.8017584940312212,0.7175873890419345,0.7707337006427916,0.7649210284664829,0.7586885215794307,0.022851376077513495,10
Alzheimer's,CTABGAN,Fidelity,MMD,0.0556449258840487,0.0377761136944302,0.0508780853814165,0.0395935451284526,0.0734142936305102,0.0631267030356553,0.0385984135110858,0.0556614493707254,0.0473848758524197,0.0696337891791418,0.05317121946678861,0.01275713223867284,10
Alzheimer's,CTABGAN,Fidelity,Quality_Score,0.3496446644410895,0.3487251543861472,0.3484370841350492,0.3287262290219828,0.33166216783465,0.3229383688431376,0.3398735520948751,0.2740940104376068,0.3310777309249503,0.3390019844453466,0.33141809465648353,0.02215043579073561,10
Alzheimer's,CTABGAN,Fidelity,Wasserstein_Distance,33.96841091490299,30.86314151309494,27.16974095648663,35.09764681144664,27.17498493365945,35.64097548329232,33.09970604465983,30.46442921447048,31.53102421048269,26.75051476892538,31.176057485142138,3.31975453630684,10
Alzheimer's,CTABGAN,Privacy,MIA_AUC,0.7348314606741574,0.6561797752808989,0.7173533083645443,1.0,1.0,1.0,1.0,1.0,1.0,1.0,0.91083645443196,0.14488097600901506,10
Alzheimer's,CTABGAN,Privacy,Mahalanobis_Distance,7.069100136041245,7.776142805656382,8.292960181348466,13.93533091278218,14.89923122653267,14.1251598163507,14.26795657440545,14.61123619003226,14.42006320496168,14.19971339756983,12.359689444568087,3.2305503559543793,10
Alzheimer's,CTABGAN,Privacy,Mean_Distance,7.069100136041245,7.776142805656382,8.292960181348466,13.93533091278218,14.89923122653267,14.1251598163507,14.26795657440545,14.61123619003226,14.42006320496168,14.19971339756983,12.359689444568087,3.2305503559543793,10
Alzheimer's,CTABGAN,Privacy,Median_Distance,6.192640597267521,6.596797152250179,7.312175014838167,13.76724621204343,14.05576902738144,13.7061785517329,14.04859996398627,14.24991701154208,14.04106368074289,14.07387076563064,11.804425797741553,3.5355243936528087,10
Alzheimer's,CTABGAN,Privacy,NNDR,0.9108211937678632,0.911042685537558,0.9083827556666624,0.9791386769502848,0.9774828120835884,0.9768142755799928,0.977377339112566,0.9800598344924496,0.9763909229113096,0.979883373019668,0.9577393869121943,0.032916809463135153,10
Alzheimer's,CTABGAN,Utility,Accuracy_Gap,0.0885964912280703,0.1271929824561403,0.0964912280701755,0.0394736842105263,0.0723684210526315,-0.0074561403508773,0.093421052631579,0.5298245614035089,0.0890350877192982,0.119736842105263,0.12486842105263156,0.14756294162160968,10
Alzheimer's,CTABGAN,Utility,Accuracy_TRTR,0.9258771929824562,0.9258771929824562,0.9258771929824562,0.9258771929824562,0.9258771929824562,0.9258771929824562,0.9258771929824562,0.9258771929824562,0.9258771929824562,0.9258771929824562,0.9258771929824562,0.0,10
Alzheimer's,CTABGAN,Utility,Accuracy_TSTR,0.8372807017543858,0.7986842105263159,0.8293859649122807,0.8864035087719299,0.8535087719298247,0.9333333333333336,0.8324561403508771,0.3960526315789473,0.8368421052631579,0.8061403508771932,0.8010087719298247,0.14756294162160968,10
Alzheimer's,CTABGAN,Utility,F1_Gap,0.0890041332814906,0.1311194892974585,0.0990147756844748,0.0419995781180664,0.078188115485495,-0.0075076095815108,0.1019933814968365,0.5530511948040191,0.0903681040013123,0.1267691927723126,0.1304000355359955,0.1539534907792028,10
Alzheimer's,CTABGAN,Utility,F1_TRTR,0.9258098934736716,0.9258098934736716,0.9258098934736716,0.9258098934736716,0.9258098934736716,0.9258098934736716,0.9258098934736716,0.9258098934736716,0.9258098934736716,0.9258098934736716,0.9258098934736715,0.0,10
Alzheimer's,CTABGAN,Utility,F1_TSTR,0.8368057601921811,0.7946904041762132,0.8267951177891969,0.8838103153556053,0.8476217779881766,0.9333175030551826,0.8238165119768353,0.3727586986696526,0.8354417894723594,0.7990407007013591,0.7954098579376763,0.1539534907792028,10
Alzheimer's,CTABGAN,Utility,Precision_Gap,0.0868176699413462,0.1168770554625041,0.0886543025931358,0.0293149516836366,0.0597162810513345,-0.006900164398694,0.0789693122662678,0.5538660233968271,0.0777406527172223,0.0857183937947647,0.11707744785083452,0.15735799258720626,10
Alzheimer's,CTABGAN,Utility,Precision_TRTR,0.9271394000040216,0.9271394000040216,0.9271394000040216,0.9271394000040216,0.9271394000040216,0.9271394000040216,0.9271394000040216,0.9271394000040216,0.9271394000040216,0.9271394000040216,0.9271394000040216,0.0,10
Alzheimer's,CTABGAN,Utility,Precision_TSTR,0.8403217300626754,0.8102623445415175,0.8384850974108857,0.897824448320385,0.8674231189526871,0.9340395644027156,0.8481700877377538,0.3732733766071946,0.8493987472867993,0.8414210062092569,0.8100619521531872,0.1573579925872062,10
Alzheimer's,CTABGAN,Utility,ROC_AUC_Gap,0.0534419034419036,0.0912219912219912,0.0576114576114576,0.0426079926079925,0.0609147609147608,-0.0126472626472624,0.0697620697620698,0.5565488565488566,0.0344074844074845,0.0336567336567338,0.09875259875259881,0.16316039836821483,10
Alzheimer's,CTABGAN,Utility,ROC_AUC_TRTR,0.9350427350427352,0.9350427350427352,0.9350427350427352,0.9350427350427352,0.9350427350427352,0.9350427350427352,0.9350427350427352,0.9350427350427352,0.9350427350427352,0.9350427350427352,0.935042735042735,0.0,10
Alzheimer's,CTABGAN,Utility,ROC_AUC_TSTR,0.8816008316008315,0.8438207438207439,0.8774312774312775,0.8924347424347426,0.8741279741279743,0.9476899976899976,0.8652806652806653,0.3784938784938786,0.9006352506352506,0.9013860013860012,0.8362901362901363,0.1631603983682148,10
Alzheimer's,CTABGAN,Utility,Recall_Gap,0.0885964912280703,0.1271929824561403,0.0964912280701755,0.0394736842105263,0.0723684210526315,-0.0074561403508773,0.093421052631579,0.5298245614035089,0.0890350877192982,0.119736842105263,0.12486842105263156,0.14756294162160968,10
Alzheimer's,CTABGAN,Utility,Recall_TRTR,0.9258771929824562,0.9258771929824562,0.9258771929824562,0.9258771929824562,0.9258771929824562,0.9258771929824562,0.9258771929824562,0.9258771929824562,0.9258771929824562,0.9258771929824562,0.9258771929824562,0.0,10
Alzheimer's,CTABGAN,Utility,Recall_TSTR,0.8372807017543858,0.7986842105263159,0.8293859649122807,0.8864035087719299,0.8535087719298247,0.9333333333333336,0.8324561403508771,0.3960526315789473,0.8368421052631579,0.8061403508771932,0.8010087719298247,0.14756294162160968,10
Alzheimer's,CTGAN,Compute,evaluation_time_seconds,4.161934476112947,4.074735725997016,4.076240465044975,17.35514260805212,17.75820976798423,24.67756704986095,7.564352051999947,11.70261376999997,14.64523318700003,11.59106650500001,11.76070956070522,6.95973806888737,10
Alzheimer's,CTGAN,Compute,generation_time_seconds,0.0,0.0,0.0,0.0,0.0,0.0,0.0,0.0,0.0,0.0,0.0,0.0,10
Alzheimer's,CTGAN,Compute,total_time_seconds,37.02561031584628,36.97426841501147,36.83156414609402,34.31121092895046,32.9805090369191,44.45067934505641,30.212607854,34.99336351099998,40.13629063399998,25.91050819900005,35.38266123858777,5.117277796398579,10
Alzheimer's,CTGAN,Compute,training_time_seconds,32.73505255091004,32.88913309411146,32.74515941017307,16.58463570591994,15.16304965200834,19.67667872295715,22.55111993699995,23.22952694499998,25.39280669999999,14.248826146,23.521598886407993,7.310537122824245,10
Alzheimer's,CTGAN,Fidelity,KS_Complement,0.8281821242730334,0.8219366391184573,0.8538028772574225,0.8584049586776861,0.7941744719926539,0.7728662381389654,0.8393758800122435,0.8291594735231098,0.8271285583103765,0.8354628099173552,0.8260494031221304,0.025733905928202728,10
Alzheimer's,CTGAN,Fidelity,MMD,0.0705756794630848,0.0728329086845382,0.0692324705041902,0.0684899537530512,0.0848761780618124,0.1158533249663699,0.0519442977390097,0.0740418489394267,0.0691789343432278,0.0514125515279968,0.07284381479827078,0.018082200254155474,10
Alzheimer's,CTGAN,Fidelity,Quality_Score,0.7149051663345414,0.7066577463120469,0.7083796590482117,0.7363339510676482,0.6911791058725192,0.6659047238360871,0.7348579656768484,0.7201466056107718,0.7000424919696916,0.7259974867927235,0.710440490252109,0.021354043416474178,10
Alzheimer's,CTGAN,Fidelity,Wasserstein_Distance,44.14661379330957,14.7251726376994,36.2135100988714,17.18307295212718,46.38850457938637,21.77165188843558,18.38886176753991,18.42961566600241,26.351361665323,13.52020729139212,25.711857234008693,12.212579692670749,10
Alzheimer's,CTGAN,Privacy,MIA_AUC,0.8042446941323346,0.8774032459425718,0.9031210986267164,0.8132334581772784,0.8901373283395756,0.9504369538077404,0.7,0.8559300873907616,0.9363295880149812,0.7446941323345818,0.8475530586766542,0.08146854654556847,10
Alzheimer's,CTGAN,Privacy,Mahalanobis_Distance,11.61305428067052,11.09952343581159,14.78378069444223,12.12779251185309,12.67447776314477,13.1344628674153,11.64836302662729,11.39207322957357,13.34501861683599,11.14344315280375,12.296198957917811,1.1844795935748846,10
Alzheimer's,CTGAN,Privacy,Mean_Distance,11.61305428067052,11.09952343581159,14.78378069444223,12.12779251185309,12.67447776314477,13.1344628674153,11.64836302662729,11.39207322957357,13.34501861683599,11.14344315280375,12.296198957917811,1.1844795935748846,10
Alzheimer's,CTGAN,Privacy,Median_Distance,10.29413081060531,9.93705240998108,12.59008331433634,11.2622246328145,11.88892106048644,11.11872180266719,10.18715448765217,9.846060466468288,12.49011994188554,9.8881289512739,10.950259787817076,1.0777434848157814,10
Alzheimer's,CTGAN,Privacy,NNDR,0.9296419126844536,0.9374583417802144,0.9435383467133824,0.9338063962117092,0.9328518180049749,0.9444538400473224,0.9314137288363736,0.9275961351591162,0.939547969993736,0.9315726722589432,0.9351881161690226,0.005800628903968753,10
Alzheimer's,CTGAN,Utility,Accuracy_Gap,0.4171052631578947,0.4662280701754386,0.5390350877192983,0.3364035087719299,0.4105263157894737,0.4828947368421053,0.4280701754385965,0.4342105263157896,0.4052631578947369,0.4,0.43197368421052634,0.05456819200857,10
Alzheimer's,CTGAN,Utility,Accuracy_TRTR,0.9258771929824562,0.9258771929824562,0.9258771929824562,0.9258771929824562,0.9258771929824562,0.9258771929824562,0.9258771929824562,0.9258771929824562,0.9258771929824562,0.9258771929824562,0.9258771929824562,0.0,10
Alzheimer's,CTGAN,Utility,Accuracy_TSTR,0.5087719298245614,0.4596491228070175,0.3868421052631579,0.5894736842105263,0.5153508771929824,0.4429824561403509,0.4978070175438596,0.4916666666666666,0.5206140350877193,0.5258771929824562,0.4939035087719298,0.05456819200856999,10
Alzheimer's,CTGAN,Utility,F1_Gap,0.4242577414120581,0.4832646302183385,0.5410778167427122,0.3506079746197137,0.4851293468655124,0.4981641841718697,0.445822438727935,0.4354249641465941,0.4229176957712008,0.4048842088904124,0.44915510015663473,0.054251096764506866,10
Alzheimer's,CTGAN,Utility,F1_TRTR,0.9258098934736716,0.9258098934736716,0.9258098934736716,0.9258098934736716,0.9258098934736716,0.9258098934736716,0.9258098934736716,0.9258098934736716,0.9258098934736716,0.9258098934736716,0.9258098934736715,0.0,10
Alzheimer's,CTGAN,Utility,F1_TSTR,0.5015521520616136,0.4425452632553332,0.3847320767309596,0.575201918853958,0.4406805466081593,0.427645709301802,0.4799874547457367,0.4903849293270776,0.502892197702471,0.5209256845832593,0.47665479331703703,0.05425109676450686,10
Alzheimer's,CTGAN,Utility,Precision_Gap,0.4197942035403336,0.4621738380913881,0.5409847918150752,0.3206781792356457,0.4832992238678628,0.494666581644893,0.4329723558511089,0.4346411566670071,0.395985803522475,0.3998960993051653,0.43850922335409537,0.06128285015456245,10
Alzheimer's,CTGAN,Utility,Precision_TRTR,0.9271394000040216,0.9271394000040216,0.9271394000040216,0.9271394000040216,0.9271394000040216,0.9271394000040216,0.9271394000040216,0.9271394000040216,0.9271394000040216,0.9271394000040216,0.9271394000040216,0.0,10
Alzheimer's,CTGAN,Utility,Precision_TSTR,0.507345196463688,0.4649655619126335,0.3861546081889465,0.6064612207683759,0.4438401761361588,0.4324728183591286,0.4941670441529127,0.4924982433370145,0.5311535964815466,0.5272433006988563,0.4886301766499262,0.06128285015456244,10
Alzheimer's,CTGAN,Utility,ROC_AUC_Gap,0.4265419265419266,0.4780203280203282,0.5680526680526682,0.3163201663201665,0.4642065142065143,0.5092746592746594,0.446962346962347,0.4144490644490645,0.4054285054285055,0.3997920997920998,0.44290482790482805,0.06842237588304438,10
Alzheimer's,CTGAN,Utility,ROC_AUC_TRTR,0.9350427350427352,0.9350427350427352,0.9350427350427352,0.9350427350427352,0.9350427350427352,0.9350427350427352,0.9350427350427352,0.9350427350427352,0.9350427350427352,0.9350427350427352,0.935042735042735,0.0,10
Alzheimer's,CTGAN,Utility,ROC_AUC_TSTR,0.5085008085008086,0.457022407022407,0.366990066990067,0.6187225687225687,0.4708362208362208,0.4257680757680757,0.4880803880803881,0.5205936705936707,0.5296142296142297,0.5352506352506353,0.49213790713790717,0.0684223758830444,10
Alzheimer's,CTGAN,Utility,Recall_Gap,0.4171052631578947,0.4662280701754386,0.5390350877192983,0.3364035087719299,0.4105263157894737,0.4828947368421053,0.4280701754385965,0.4342105263157896,0.4052631578947369,0.4,0.43197368421052634,0.05456819200857,10
Alzheimer's,CTGAN,Utility,Recall_TRTR,0.9258771929824562,0.9258771929824562,0.9258771929824562,0.9258771929824562,0.9258771929824562,0.9258771929824562,0.9258771929824562,0.9258771929824562,0.9258771929824562,0.9258771929824562,0.9258771929824562,0.0,10
Alzheimer's,CTGAN,Utility,Recall_TSTR,0.5087719298245614,0.4596491228070175,0.3868421052631579,0.5894736842105263,0.5153508771929824,0.4429824561403509,0.4978070175438596,0.4916666666666666,0.5206140350877193,0.5258771929824562,0.4939035087719298,0.05456819200856999,10
Alzheimer's,CopulaGAN,Compute,evaluation_time_seconds,4.123214832972735,4.050322403199971,4.185955327004194,15.10550923994742,19.959107066039,19.64535229210742,13.29351380100002,12.21764271499995,11.57275885600001,13.173743973,11.732712050627072,5.965732933884362,10
Alzheimer's,CopulaGAN,Compute,generation_time_seconds,0.0,0.0,0.0,0.0,0.0,0.0,0.0,0.0,0.0,0.0,0.0,0.0,10
Alzheimer's,CopulaGAN,Compute,total_time_seconds,37.35698362300172,36.99619964603335,37.3053615251556,34.46652861987241,50.12851940584369,52.50850657001138,38.59408382399999,34.884510041,33.57584571699999,34.83538515099997,39.06519241229181,6.66906262338305,10
Alzheimer's,CopulaGAN,Compute,training_time_seconds,33.22373915300705,32.93583711795509,33.10934106097557,19.31245711701922,29.99180047702976,32.80239095701836,25.17840603900004,22.517218851,21.93083753900004,21.527870823,27.25298991350051,5.69038335201532,10
Alzheimer's,CopulaGAN,Fidelity,KS_Complement,0.8018965411692686,0.7843942454851546,0.8254612794612793,0.8095469850015303,0.7938448117539028,0.793912764003673,0.8455047444138354,0.7859859198041018,0.8263997551270278,0.8286360575451485,0.8095583103764922,0.02090170912495243,10
Alzheimer's,CopulaGAN,Fidelity,MMD,0.0850799339786176,0.1226635990367519,0.0677304571782714,0.1057592589541725,0.1062586647584739,0.0981549774931926,0.0591489601946263,0.104794592329863,0.0800889690853656,0.076027820150468,0.09057072331598029,0.02007517007369196,10
Alzheimer's,CopulaGAN,Fidelity,Quality_Score,0.6896469432799082,0.6749048577360341,0.7103220887205689,0.6948195748084243,0.6787145983099886,0.6758983381780426,0.7201484513955738,0.6847644050381312,0.7041928470720964,0.7130005987562,0.6946412703294969,0.01647156419193184,10
Alzheimer's,CopulaGAN,Fidelity,Wasserstein_Distance,51.30485516318484,61.15327720287897,33.22658062510612,29.77265253193957,13.42673110897731,22.6562779292974,19.42566859853278,47.50403027283512,27.71038076397024,57.55466542160854,36.37351196183309,16.799413001775413,10
Alzheimer's,CopulaGAN,Privacy,MIA_AUC,0.8144818976279651,0.8942571785268415,0.8199750312109864,0.7762796504369538,0.923096129837703,0.8967540574282147,0.7631710362047441,0.9008739076154806,0.8436953807740324,0.8168539325842696,0.844943820224719,0.05587246600800042,10
Alzheimer's,CopulaGAN,Privacy,Mahalanobis_Distance,12.73714926275953,12.746408678356,10.91530530932649,11.76806095337491,11.15634728397824,12.35594496542319,10.9666713863171,11.55262600977563,12.39431614710671,12.34545298578759,11.893828298220539,0.7148682990868556,10
Alzheimer's,CopulaGAN,Privacy,Mean_Distance,12.73714926275953,12.746408678356,10.91530530932649,11.76806095337491,11.15634728397824,12.35594496542319,10.9666713863171,11.55262600977563,12.39431614710671,12.34545298578759,11.893828298220539,0.7148682990868556,10
Alzheimer's,CopulaGAN,Privacy,Median_Distance,11.52870640446495,11.74436788570418,9.772375120644949,10.77383058557674,9.946577863974536,10.54574632036918,9.772846774263694,10.45622382626357,11.03781405022289,11.31466635313124,10.689315518461594,0.7183830589135856,10
Alzheimer's,CopulaGAN,Privacy,NNDR,0.9425083316979064,0.946533478490554,0.9254061104304953,0.9423183389951528,0.9357365945266104,0.9421741865529956,0.9329101222890293,0.9387205542909568,0.9324190288559496,0.9326278204137952,0.9371354566543445,0.006428283923239826,10
Alzheimer's,CopulaGAN,Utility,Accuracy_Gap,0.4714912280701755,0.3206140350877194,0.5241228070175439,0.468859649122807,0.4074561403508772,0.3714912280701753,0.4894736842105264,0.531140350877193,0.5429824561403509,0.3390350877192984,0.44666666666666666,0.08166044264111566,10
Alzheimer's,CopulaGAN,Utility,Accuracy_TRTR,0.9258771929824562,0.9258771929824562,0.9258771929824562,0.9258771929824562,0.9258771929824562,0.9258771929824562,0.9258771929824562,0.9258771929824562,0.9258771929824562,0.9258771929824562,0.9258771929824562,0.0,10
Alzheimer's,CopulaGAN,Utility,Accuracy_TSTR,0.4543859649122806,0.6052631578947367,0.4017543859649122,0.4570175438596492,0.518421052631579,0.5543859649122809,0.4364035087719298,0.3947368421052631,0.3828947368421053,0.5868421052631578,0.4792105263157894,0.08166044264111567,10
Alzheimer's,CopulaGAN,Utility,F1_Gap,0.5070811991681516,0.3221045876753309,0.5801395908022564,0.4769234082586778,0.4615492101280537,0.3858359487366028,0.518539056109468,0.5419142544655184,0.5552999668302334,0.3524794983869856,0.4701866720561279,0.08894207782867694,10
Alzheimer's,CopulaGAN,Utility,F1_TRTR,0.9258098934736716,0.9258098934736716,0.9258098934736716,0.9258098934736716,0.9258098934736716,0.9258098934736716,0.9258098934736716,0.9258098934736716,0.9258098934736716,0.9258098934736716,0.9258098934736715,0.0,10
Alzheimer's,CopulaGAN,Utility,F1_TSTR,0.41872869430552,0.6037053057983408,0.3456703026714152,0.4488864852149939,0.464260683345618,0.539973944737069,0.4072708373642036,0.3838956390081533,0.3705099266434383,0.5733303950866862,0.4556232214175438,0.08894207782867697,10
Alzheimer's,CopulaGAN,Utility,Precision_Gap,0.5052620356933676,0.3206122820339637,0.5830431536605452,0.4766213565999922,0.3234473223119395,0.3558693413424887,0.5145400912815783,0.545549318844264,0.5619388495381623,0.3218805281320477,0.4508764279438349,0.10817307747021607,10
Alzheimer's,CopulaGAN,Utility,Precision_TRTR,0.9271394000040216,0.9271394000040216,0.9271394000040216,0.9271394000040216,0.9271394000040216,0.9271394000040216,0.9271394000040216,0.9271394000040216,0.9271394000040216,0.9271394000040216,0.9271394000040216,0.0,10
Alzheimer's,CopulaGAN,Utility,Precision_TSTR,0.421877364310654,0.6065271179700579,0.3440962463434764,0.4505180434040295,0.6036920776920821,0.5712700586615329,0.4125993087224434,0.3815900811597576,0.3652005504658593,0.6052588718719739,0.47626297206018664,0.10817307747021605,10
Alzheimer's,CopulaGAN,Utility,ROC_AUC_Gap,0.5312081312081314,0.3109494109494111,0.5835296835296837,0.4576345576345578,0.3406560406560408,0.3877223377223378,0.52975282975283,0.5899168399168402,0.6027489027489028,0.2607877107877106,0.4594906444906447,0.12641331184500354,10
Alzheimer's,CopulaGAN,Utility,ROC_AUC_TRTR,0.9350427350427352,0.9350427350427352,0.9350427350427352,0.9350427350427352,0.9350427350427352,0.9350427350427352,0.9350427350427352,0.9350427350427352,0.9350427350427352,0.9350427350427352,0.935042735042735,0.0,10
Alzheimer's,CopulaGAN,Utility,ROC_AUC_TSTR,0.4038346038346037,0.6240933240933241,0.3515130515130514,0.4774081774081774,0.5943866943866943,0.5473203973203974,0.4052899052899052,0.345125895125895,0.3322938322938323,0.6742550242550246,0.4755520905520905,0.12641331184500357,10
Alzheimer's,CopulaGAN,Utility,Recall_Gap,0.4714912280701755,0.3206140350877194,0.5241228070175439,0.468859649122807,0.4074561403508772,0.3714912280701753,0.4894736842105264,0.531140350877193,0.5429824561403509,0.3390350877192984,0.44666666666666666,0.08166044264111566,10
Alzheimer's,CopulaGAN,Utility,Recall_TRTR,0.9258771929824562,0.9258771929824562,0.9258771929824562,0.9258771929824562,0.9258771929824562,0.9258771929824562,0.9258771929824562,0.9258771929824562,0.9258771929824562,0.9258771929824562,0.9258771929824562,0.0,10
Alzheimer's,CopulaGAN,Utility,Recall_TSTR,0.4543859649122806,0.6052631578947367,0.4017543859649122,0.4570175438596492,0.518421052631579,0.5543859649122809,0.4364035087719298,0.3947368421052631,0.3828947368421053,0.5868421052631578,0.4792105263157894,0.08166044264111567,10
Alzheimer's,ForestDiffusion,Compute,evaluation_time_seconds,3.823541722958908,3.689114676089957,3.728653565049171,36.07580362912267,32.3684990699403,23.64020829997025,29.07045421999999,30.012029708,20.97404465800003,27.61007688400002,21.09924264331313,12.677339421168263,10
Alzheimer's,ForestDiffusion,Compute,generation_time_seconds,0.0,0.0,0.0,0.0,0.0,0.0,0.0,0.0,0.0,0.0,0.0,0.0,10
Alzheimer's,ForestDiffusion,Compute,total_time_seconds,6.379699721001089,4.841795132961124,4.866431330097839,113.0288334360812,106.1130712379236,71.78938738885336,84.74476063399999,48.11837402399993,81.26130785100003,50.86525150799997,57.20089122639181,41.15735344987667,10
Alzheimer's,ForestDiffusion,Compute,training_time_seconds,2.545939770061523,1.141161185922101,1.126864531775936,76.90483610006049,73.48002731404267,48.09300696896389,55.58533470400005,18.01189103199999,60.21244213000006,23.16131375799995,36.02628174948266,30.245058290263337,10
Alzheimer's,ForestDiffusion,Fidelity,KS_Complement,0.8308674625038261,0.8276345270890725,0.8329479644934191,0.8324778083868994,0.8336397306397306,0.829736149372513,0.8379889807162535,0.8224401591674319,0.8282592592592593,0.828564432200796,0.8304556473829201,0.004196362615188244,10
Alzheimer's,ForestDiffusion,Fidelity,MMD,0.0117370578873855,0.0157471883644724,0.013816616660474,0.0152028180695218,0.0117584375558997,0.0106742885669284,0.0123418354316149,0.0178186077593369,0.0131024378092424,0.0149802585373854,0.01371795466422614,0.002212119084548976,10
Alzheimer's,ForestDiffusion,Fidelity,Quality_Score,0.4207721161469035,0.4220811273194855,0.4214304203226523,0.4227551627969491,0.426911805369109,0.4188770072388961,0.4327077932211452,0.4173095990151745,0.4184663345234906,0.4228181883090497,0.42241295542628554,0.004526409995920604,10
Alzheimer's,ForestDiffusion,Fidelity,Wasserstein_Distance,9.379389549641392,9.258779680075868,9.62953744349869,7.522457421535469,9.243685984820168,8.00718250300878,8.918951629217373,10.32324627111976,9.745172670888786,9.173058059760844,9.120146121356715,0.8187966975877466,10
Alzheimer's,ForestDiffusion,Privacy,MIA_AUC,0.4621722846441947,0.5063670411985018,0.3675405742821473,0.4121098626716604,0.4619225967540574,0.5016229712858926,0.620474406991261,0.4886392009987516,0.4413233458177279,0.4563046192259675,0.47184769038701624,0.0668863337751387,10
Alzheimer's,ForestDiffusion,Privacy,Mahalanobis_Distance,2.976645785704398,2.905180703712408,2.91018265334623,2.980422141125347,2.902205556883418,2.920802499932217,3.064917292646578,2.907172263511776,2.863864950589915,2.992580177994879,2.9423974025447164,0.05968530468675367,10
Alzheimer's,ForestDiffusion,Privacy,Mean_Distance,2.976645785704398,2.905180703712408,2.91018265334623,2.980422141125347,2.902205556883418,2.920802499932217,3.064917292646578,2.907172263511776,2.863864950589915,2.992580177994879,2.9423974025447164,0.05968530468675367,10
Alzheimer's,ForestDiffusion,Privacy,Median_Distance,2.73864341100138,2.732080851016331,2.678744717646751,2.704154051469202,2.719399576905118,2.707547478715139,2.840877910651497,2.680508237186815,2.696222873229335,2.735575815337578,2.7233754923159146,0.04650821772892489,10
Alzheimer's,ForestDiffusion,Privacy,NNDR,0.8339722197304631,0.8279997863512556,0.827942629628128,0.8248420457475198,0.8201666929343088,0.8260145863874171,0.8254325120357928,0.8221489396528208,0.8221380857907625,0.8333090987606834,0.8263966597019152,0.004577898719069789,10
Alzheimer's,ForestDiffusion,Utility,Accuracy_Gap,-0.0013157894736842,-0.0127192982456139,0.0118421052631579,0.0,-0.0197368421052629,-0.0096491228070176,-0.0021929824561405,-0.0166666666666668,0.0092105263157895,0.0043859649122806,-0.00368421052631579,0.010735813249383795,10
Alzheimer's,ForestDiffusion,Utility,Accuracy_TRTR,0.9258771929824562,0.9258771929824562,0.9258771929824562,0.9258771929824562,0.9258771929824562,0.9258771929824562,0.9258771929824562,0.9258771929824562,0.9258771929824562,0.9258771929824562,0.9258771929824562,0.0,10
Alzheimer's,ForestDiffusion,Utility,Accuracy_TSTR,0.9271929824561403,0.93859649122807,0.9140350877192982,0.9258771929824562,0.9456140350877192,0.935526315789474,0.9280701754385968,0.942543859649123,0.9166666666666666,0.9214912280701756,0.929561403508772,0.010735813249383847,10
Alzheimer's,ForestDiffusion,Utility,F1_Gap,-0.0012949087876238,-0.0127815788941164,0.0117960843134669,4.930415766335461e-05,-0.0197997347675353,-0.0096938583458695,-0.0021058560557365,-0.0167290216899778,0.0096570202158785,0.0044034324446029,-0.0036499117409247647,0.010821380412711743,10
Alzheimer's,ForestDiffusion,Utility,F1_TRTR,0.9258098934736716,0.9258098934736716,0.9258098934736716,0.9258098934736716,0.9258098934736716,0.9258098934736716,0.9258098934736716,0.9258098934736716,0.9258098934736716,0.9258098934736716,0.9258098934736715,0.0,10
Alzheimer's,ForestDiffusion,Utility,F1_TSTR,0.9271048022612955,0.9385914723677882,0.9140138091602048,0.9257605893160084,0.9456096282412072,0.9355037518195412,0.9279157495294084,0.9425389151636496,0.9161528732577932,0.9214064610290688,0.9294598052145965,0.010821380412711802,10
Alzheimer's,ForestDiffusion,Utility,Precision_Gap,-0.0015326916192869,-0.0125007892720031,0.0121070071807701,-0.0004600443745226,-0.0198830106163723,-0.010415790088877,-0.0032704424198178,-0.0163455542929134,0.0062346927293345,0.0023528804924589,-0.00437137422812296,0.010222112123849119,10
Alzheimer's,ForestDiffusion,Utility,Precision_TRTR,0.9271394000040216,0.9271394000040216,0.9271394000040216,0.9271394000040216,0.9271394000040216,0.9271394000040216,0.9271394000040216,0.9271394000040216,0.9271394000040216,0.9271394000040216,0.9271394000040216,0.0,10
Alzheimer's,ForestDiffusion,Utility,Precision_TSTR,0.9286720916233084,0.9396401892760248,0.9150323928232514,0.9275994443785442,0.947022410620394,0.9375551900928988,0.9304098424238396,0.943484954296935,0.9209047072746872,0.9247865195115628,0.9315107742321445,0.010222112123849155,10
Alzheimer's,ForestDiffusion,Utility,ROC_AUC_Gap,0.0027027027027028,-0.0194617694617691,0.0012127512127512,-0.0018364518364517,-0.019173019173019,-0.0133056133056132,-0.0166782166782164,-0.0188727188727186,0.0057403557403556,-0.0018711018711017,-0.00815430815430801,0.010227523452154236,10
Alzheimer's,ForestDiffusion,Utility,ROC_AUC_TRTR,0.9350427350427352,0.9350427350427352,0.9350427350427352,0.9350427350427352,0.9350427350427352,0.9350427350427352,0.9350427350427352,0.9350427350427352,0.9350427350427352,0.9350427350427352,0.935042735042735,0.0,10
Alzheimer's,ForestDiffusion,Utility,ROC_AUC_TSTR,0.9323400323400324,0.9545045045045044,0.933829983829984,0.9368791868791868,0.9542157542157542,0.9483483483483484,0.9517209517209516,0.9539154539154538,0.9293023793023796,0.9369138369138368,0.9431970431970432,0.010227523452154283,10
Alzheimer's,ForestDiffusion,Utility,Recall_Gap,-0.0013157894736842,-0.0127192982456139,0.0118421052631579,0.0,-0.0197368421052629,-0.0096491228070176,-0.0021929824561405,-0.0166666666666668,0.0092105263157895,0.0043859649122806,-0.00368421052631579,0.010735813249383795,10
Alzheimer's,ForestDiffusion,Utility,Recall_TRTR,0.9258771929824562,0.9258771929824562,0.9258771929824562,0.9258771929824562,0.9258771929824562,0.9258771929824562,0.9258771929824562,0.9258771929824562,0.9258771929824562,0.9258771929824562,0.9258771929824562,0.0,10
Alzheimer's,ForestDiffusion,Utility,Recall_TSTR,0.9271929824561403,0.93859649122807,0.9140350877192982,0.9258771929824562,0.9456140350877192,0.935526315789474,0.9280701754385968,0.942543859649123,0.9166666666666666,0.9214912280701756,0.929561403508772,0.010735813249383847,10
Alzheimer's,GaussianCopula,Compute,evaluation_time_seconds,4.010792660992593,4.021398341050372,4.008904603077099,33.74796607415192,36.87192899896763,35.84887887514196,16.77636620400881,18.68143508399953,20.30892225100251,17.76065061200643,19.203724370439886,12.920445096239806,10
Alzheimer's,GaussianCopula,Compute,generation_time_seconds,0.0,0.0,0.0,0.0,0.0,0.0,0.0,0.0,0.0,0.0,0.0,0.0,10
Alzheimer's,GaussianCopula,Compute,total_time_seconds,4.476167932152748,4.479076204122976,4.475019600009546,35.83954311511479,40.57558691501617,40.28088513202965,21.21793162700487,23.239566535005,24.19040245100041,22.15290564700263,22.092708515845878,14.137625109323107,10
Alzheimer's,GaussianCopula,Compute,training_time_seconds,0.454890307970345,0.4473611500579864,0.4559504950884729,1.986729067983106,3.608016680926085,4.302693830104545,4.282206913994742,4.428500281006563,3.77861164600472,4.275809648999711,2.8020770022136277,1.766541148228607,10
Alzheimer's,GaussianCopula,Fidelity,KS_Complement,0.8702384450566268,0.8702384450566268,0.8702384450566268,0.8702384450566268,0.8702384450566268,0.8702384450566268,0.8702384450566268,0.8702384450566268,0.8702384450566268,0.8702384450566268,0.870238445056627,0.0,10
Alzheimer's,GaussianCopula,Fidelity,MMD,0.0535862416169077,0.0535862416169077,0.0535862416169077,0.0535862416699088,0.0535862416699088,0.0535862416699088,0.0535862416699088,0.0535862416699088,0.0535862416699088,0.0535862416699088,0.05358624165400847,2.5601965295657416e-11,10
Alzheimer's,GaussianCopula,Fidelity,Quality_Score,0.7942522552481575,0.7942522552481575,0.7942522552481575,0.7942522552061084,0.7942522552061084,0.7942522552061084,0.7942522552061084,0.7942522552061084,0.7942522552061084,0.7942522552061084,0.7942522552187231,2.031161163100913e-11,10
Alzheimer's,GaussianCopula,Fidelity,Wasserstein_Distance,42.22296188445829,42.22296188445829,42.22296188445829,42.22296198136731,42.22296198136731,42.22296198136731,42.22296198136731,42.22296198136731,42.22296198136731,42.22296198136731,42.2229619522946,4.6811503710916407e-08,10
Alzheimer's,GaussianCopula,Privacy,MIA_AUC,0.9403245942571784,0.9403245942571784,0.9403245942571784,0.9403245942571784,0.9403245942571784,0.9403245942571784,0.9403245942571784,0.9403245942571784,0.9403245942571784,0.9403245942571784,0.9403245942571784,0.0,10
Alzheimer's,GaussianCopula,Privacy,Mahalanobis_Distance,4.444467059076343,4.444467059076343,4.444467059076343,4.444467035031164,4.444467035031164,4.444467035031164,4.444467035031164,4.444467035031164,4.444467035031164,4.444467035031164,4.444467042244719,1.1614925014758814e-08,10
Alzheimer's,GaussianCopula,Privacy,Mean_Distance,4.444467059076343,4.444467059076343,4.444467059076343,4.444467035031164,4.444467035031164,4.444467035031164,4.444467035031164,4.444467035031164,4.444467035031164,4.444467035031164,4.444467042244719,1.1614925014758814e-08,10
Alzheimer's,GaussianCopula,Privacy,Median_Distance,4.253740755734556,4.253740755734556,4.253740755734556,4.253740757046158,4.253740757046158,4.253740757046158,4.253740757046158,4.253740757046158,4.253740757046158,4.253740757046158,4.253740756652678,6.335637130531493e-10,10
Alzheimer's,GaussianCopula,Privacy,NNDR,0.8954736124791409,0.8954736124791409,0.8954736124791409,0.895473612801383,0.895473612801383,0.895473612801383,0.895473612801383,0.895473612801383,0.895473612801383,0.895473612801383,0.8954736127047106,1.556577330529365e-10,10
Alzheimer's,GaussianCopula,Utility,Accuracy_Gap,0.131578947368421,0.131578947368421,0.131578947368421,0.131578947368421,0.131578947368421,0.131578947368421,0.131578947368421,0.131578947368421,0.131578947368421,0.131578947368421,0.131578947368421,0.0,10
Alzheimer's,GaussianCopula,Utility,Accuracy_TRTR,0.9258771929824562,0.9258771929824562,0.9258771929824562,0.9258771929824562,0.9258771929824562,0.9258771929824562,0.9258771929824562,0.9258771929824562,0.9258771929824562,0.9258771929824562,0.9258771929824562,0.0,10
Alzheimer's,GaussianCopula,Utility,Accuracy_TSTR,0.7942982456140352,0.7942982456140352,0.7942982456140352,0.7942982456140352,0.7942982456140352,0.7942982456140352,0.7942982456140352,0.7942982456140352,0.7942982456140352,0.7942982456140352,0.7942982456140352,0.0,10
Alzheimer's,GaussianCopula,Utility,F1_Gap,0.1326829561905622,0.1326829561905622,0.1326829561905622,0.1326829561905623,0.1326829561905623,0.1326829561905623,0.1326829561905623,0.1326829561905623,0.1326829561905623,0.1326829561905623,0.13268295619056225,0.0,10
Alzheimer's,GaussianCopula,Utility,F1_TRTR,0.9258098934736716,0.9258098934736716,0.9258098934736716,0.9258098934736716,0.9258098934736716,0.9258098934736716,0.9258098934736716,0.9258098934736716,0.9258098934736716,0.9258098934736716,0.9258098934736715,0.0,10
Alzheimer's,GaussianCopula,Utility,F1_TSTR,0.7931269372831095,0.7931269372831095,0.7931269372831095,0.7931269372831095,0.7931269372831095,0.7931269372831095,0.7931269372831095,0.7931269372831095,0.7931269372831095,0.7931269372831095,0.7931269372831096,0.0,10
Alzheimer's,GaussianCopula,Utility,Precision_Gap,0.1281705378561312,0.1281705378561312,0.1281705378561312,0.1281705378561312,0.1281705378561312,0.1281705378561312,0.1281705378561312,0.1281705378561312,0.1281705378561312,0.1281705378561312,0.12817053785613117,0.0,10
Alzheimer's,GaussianCopula,Utility,Precision_TRTR,0.9271394000040216,0.9271394000040216,0.9271394000040216,0.9271394000040216,0.9271394000040216,0.9271394000040216,0.9271394000040216,0.9271394000040216,0.9271394000040216,0.9271394000040216,0.9271394000040216,0.0,10
Alzheimer's,GaussianCopula,Utility,Precision_TSTR,0.7989688621478904,0.7989688621478904,0.7989688621478904,0.7989688621478904,0.7989688621478904,0.7989688621478904,0.7989688621478904,0.7989688621478904,0.7989688621478904,0.7989688621478904,0.7989688621478904,0.0,10
Alzheimer's,GaussianCopula,Utility,ROC_AUC_Gap,0.0907253407253407,0.0907253407253407,0.0907253407253407,0.0907253407253407,0.0907253407253407,0.0907253407253407,0.0907253407253407,0.0907253407253407,0.0907253407253407,0.0907253407253407,0.09072534072534069,0.0,10
Alzheimer's,GaussianCopula,Utility,ROC_AUC_TRTR,0.9350427350427352,0.9350427350427352,0.9350427350427352,0.9350427350427352,0.9350427350427352,0.9350427350427352,0.9350427350427352,0.9350427350427352,0.9350427350427352,0.9350427350427352,0.935042735042735,0.0,10
Alzheimer's,GaussianCopula,Utility,ROC_AUC_TSTR,0.8443173943173944,0.8443173943173944,0.8443173943173944,0.8443173943173944,0.8443173943173944,0.8443173943173944,0.8443173943173944,0.8443173943173944,0.8443173943173944,0.8443173943173944,0.8443173943173944,0.0,10
Alzheimer's,GaussianCopula,Utility,Recall_Gap,0.131578947368421,0.131578947368421,0.131578947368421,0.131578947368421,0.131578947368421,0.131578947368421,0.131578947368421,0.131578947368421,0.131578947368421,0.131578947368421,0.131578947368421,0.0,10
Alzheimer's,GaussianCopula,Utility,Recall_TRTR,0.9258771929824562,0.9258771929824562,0.9258771929824562,0.9258771929824562,0.9258771929824562,0.9258771929824562,0.9258771929824562,0.9258771929824562,0.9258771929824562,0.9258771929824562,0.9258771929824562,0.0,10
Alzheimer's,GaussianCopula,Utility,Recall_TSTR,0.7942982456140352,0.7942982456140352,0.7942982456140352,0.7942982456140352,0.7942982456140352,0.7942982456140352,0.7942982456140352,0.7942982456140352,0.7942982456140352,0.7942982456140352,0.7942982456140352,0.0,10
Alzheimer's,TVAE,Compute,evaluation_time_seconds,3.608078077202663,3.641380964079872,3.689304483123124,29.31345537793823,33.12025891197845,33.42923482204787,11.68181227699995,10.47651750900002,12.02987772500001,10.96511228899999,15.195503243637017,12.091197083419717,10
Alzheimer's,TVAE,Compute,generation_time_seconds,0.0,0.0,0.0,0.0,0.0,0.0,0.0,0.0,0.0,0.0,0.0,0.0,10
Alzheimer's,TVAE,Compute,total_time_seconds,8.049164606956765,8.066062066005543,8.502229867037386,42.78576922114007,47.68749277177267,48.71806211699732,23.93358948700001,20.97634029000005,21.07260875599997,20.42739624499995,25.021871542790972,15.963581023209231,10
Alzheimer's,TVAE,Compute,training_time_seconds,4.430929583963007,4.413788818987086,4.801659080898389,13.24943996802904,14.50256188795902,15.12397565506399,12.12490847100003,10.43068091900005,8.955048962999967,9.36604599499998,9.739903934290057,4.107555936233667,10
Alzheimer's,TVAE,Fidelity,KS_Complement,0.8297251300887664,0.8291802877257421,0.8257826752372207,0.8312130394857667,0.8355347413529232,0.8286280991735537,0.8339194980104069,0.8221677379859198,0.837341291704928,0.8233327211509031,0.829682522191613,0.005017373049070801,10
Alzheimer's,TVAE,Fidelity,MMD,0.0551730536617764,0.0572210336265839,0.0569493258384473,0.0504036304007382,0.0404223160291994,0.0627192259599906,0.0553522303977099,0.066496804660442,0.0552990680839415,0.0529346308935692,0.055297131955239845,0.006974219533885519,10
Alzheimer's,TVAE,Fidelity,Quality_Score,0.741718507117864,0.7450075646352277,0.7237414236269654,0.728057627495487,0.7424884125364967,0.7295917653526307,0.7590336218222347,0.716391147352642,0.7397404739221398,0.7406944805356005,0.7366465024397287,0.01228034094513782,10
Alzheimer's,TVAE,Fidelity,Wasserstein_Distance,19.20907768498602,22.16619846495492,16.93017910090106,16.52825576765802,16.73435225803422,18.25897910184309,20.33986290209775,21.10801189333554,17.40951637369609,19.783803101929,18.84682366494357,1.980257510619026,10
Alzheimer's,TVAE,Privacy,MIA_AUC,0.8181023720349563,0.8274656679151061,0.7800249687890137,0.8189762796504368,0.8234706616729089,0.8269662921348314,0.8448189762796504,0.8722846441947565,0.8805243445692883,0.8518102372034956,0.8344444444444445,0.029168659659682922,10
Alzheimer's,TVAE,Privacy,Mahalanobis_Distance,5.890887110186368,5.567999816682139,5.939320785149254,5.789950585956372,5.826516160130959,5.850242547985121,5.694094025586539,5.917414359547731,5.537802796985865,5.780770667260982,5.779499885547133,0.13933973069667147,10
Alzheimer's,TVAE,Privacy,Mean_Distance,5.890887110186368,5.567999816682139,5.939320785149254,5.789950585956372,5.826516160130959,5.850242547985121,5.694094025586539,5.917414359547731,5.537802796985865,5.780770667260982,5.779499885547133,0.13933973069667147,10
Alzheimer's,TVAE,Privacy,Median_Distance,5.056494255390577,4.909048364282695,5.134955185631958,5.142459934333759,5.17498235477284,4.953796582667849,5.104076076302909,5.204870801199039,4.976029861039217,4.965813062580324,5.062252647820117,0.10462546094122167,10
Alzheimer's,TVAE,Privacy,NNDR,0.8598239573541933,0.876939634593074,0.8654997937978013,0.8692874759170504,0.8663638727947398,0.8537576325922478,0.8608364527184983,0.8704132636106146,0.8545852744027941,0.8647921339857663,0.864229949176678,0.007191414579756054,10
Alzheimer's,TVAE,Utility,Accuracy_Gap,0.0359649122807019,0.0333333333333334,0.0627192982456138,0.0425438596491229,0.0605263157894737,0.0241228070175441,0.0350877192982459,0.0285087719298247,0.0618421052631578,0.0302631578947369,0.04149122807017551,0.01476709509580266,10
Alzheimer's,TVAE,Utility,Accuracy_TRTR,0.9258771929824562,0.9258771929824562,0.9258771929824562,0.9258771929824562,0.9258771929824562,0.9258771929824562,0.9258771929824562,0.9258771929824562,0.9258771929824562,0.9258771929824562,0.9258771929824562,0.0,10
Alzheimer's,TVAE,Utility,Accuracy_TSTR,0.8899122807017542,0.8925438596491228,0.8631578947368423,0.8833333333333332,0.8653508771929824,0.901754385964912,0.8907894736842102,0.8973684210526315,0.8640350877192984,0.8956140350877192,0.8843859649122807,0.014767095095802645,10
Alzheimer's,TVAE,Utility,F1_Gap,0.036724195736887,0.0345733586903329,0.0654711766984015,0.0434404775125945,0.061362902513861,0.0249740552322379,0.0355365607879661,0.0291482986562421,0.0650142627309852,0.0311005811043965,0.04273458696639047,0.01545877933556324,10
Alzheimer's,TVAE,Utility,F1_TRTR,0.9258098934736716,0.9258098934736716,0.9258098934736716,0.9258098934736716,0.9258098934736716,0.9258098934736716,0.9258098934736716,0.9258098934736716,0.9258098934736716,0.9258098934736716,0.9258098934736715,0.0,10
Alzheimer's,TVAE,Utility,F1_TSTR,0.8890856977367847,0.8912365347833388,0.8603387167752702,0.8823694159610772,0.8644469909598107,0.9008358382414338,0.8902733326857055,0.8966615948174296,0.8607956307426865,0.8947093123692752,0.8830753065072813,0.015458779335563225,10
Alzheimer's,TVAE,Utility,Precision_Gap,0.031587977973676,0.025400072397513,0.0487864408814801,0.0373221527535218,0.0556933284994535,0.0171485302997772,0.0326013468942786,0.0243657185504229,0.0435614208793738,0.0247693661011506,0.03412363552306475,0.012180461557879142,10
Alzheimer's,TVAE,Utility,Precision_TRTR,0.9271394000040216,0.9271394000040216,0.9271394000040216,0.9271394000040216,0.9271394000040216,0.9271394000040216,0.9271394000040216,0.9271394000040216,0.9271394000040216,0.9271394000040216,0.9271394000040216,0.0,10
Alzheimer's,TVAE,Utility,Precision_TSTR,0.8955514220303455,0.9017393276065084,0.8783529591225415,0.8898172472504998,0.8714460715045681,0.9099908697042444,0.894538053109743,0.9027736814535988,0.8835779791246477,0.902370033902871,0.8930157644809567,0.01218046155787913,10
Alzheimer's,TVAE,Utility,ROC_AUC_Gap,0.0280549780549783,0.0237930237930239,0.0258258258258258,0.0213559713559715,0.0180757680757681,0.0120120120120119,0.015003465003465,0.0116193116193118,0.0430237930237931,0.0228690228690229,0.02216331716331723,0.00924534388559626,10
Alzheimer's,TVAE,Utility,ROC_AUC_TRTR,0.9350427350427352,0.9350427350427352,0.9350427350427352,0.9350427350427352,0.9350427350427352,0.9350427350427352,0.9350427350427352,0.9350427350427352,0.9350427350427352,0.9350427350427352,0.935042735042735,0.0,10
Alzheimer's,TVAE,Utility,ROC_AUC_TSTR,0.9069877569877568,0.9112497112497112,0.9092169092169092,0.9136867636867636,0.916966966966967,0.9230307230307232,0.92003927003927,0.9234234234234232,0.892018942018942,0.9121737121737122,0.9128794178794178,0.009245343885596228,10
Alzheimer's,TVAE,Utility,Recall_Gap,0.0359649122807019,0.0333333333333334,0.0627192982456138,0.0425438596491229,0.0605263157894737,0.0241228070175441,0.0350877192982459,0.0285087719298247,0.0618421052631578,0.0302631578947369,0.04149122807017551,0.01476709509580266,10
Alzheimer's,TVAE,Utility,Recall_TRTR,0.9258771929824562,0.9258771929824562,0.9258771929824562,0.9258771929824562,0.9258771929824562,0.9258771929824562,0.9258771929824562,0.9258771929824562,0.9258771929824562,0.9258771929824562,0.9258771929824562,0.0,10
Alzheimer's,TVAE,Utility,Recall_TSTR,0.8899122807017542,0.8925438596491228,0.8631578947368423,0.8833333333333332,0.8653508771929824,0.901754385964912,0.8907894736842102,0.8973684210526315,0.8640350877192984,0.8956140350877192,0.8843859649122807,0.014767095095802645,10
Alzheimer's,TabDDPM,Compute,evaluation_time_seconds,3.672167156124488,3.700495629804209,3.64894324191846,31.44371475582011,37.84363843500614,43.87210069899447,8.904711878,11.87596766799999,9.459943219000024,9.734126358999958,16.415580904166784,15.260573503304492,10
Alzheimer's,TabDDPM,Compute,generation_time_seconds,0.0,0.0,0.0,0.0,0.0,0.0,0.0,0.0,0.0,0.0,0.0,0.0,10
Alzheimer's,TabDDPM,Compute,total_time_seconds,23.59200907219201,23.65701805311255,23.60003789095208,61.06952506513335,48.79667280893773,57.96344085317105,25.74471743199996,36.71269440200001,20.28768337399998,21.33234925599999,34.27561482074987,15.890793078915962,10
Alzheimer's,TabDDPM,Compute,training_time_seconds,19.90962187689729,19.93851926201023,19.93932082084939,29.44377254601568,10.89964693388902,13.79044043715112,16.770481072,24.75910076599996,10.71447895699998,11.49710828100001,17.766249095281268,6.256356732079726,10
Alzheimer's,TabDDPM,Fidelity,KS_Complement,0.6079923477196205,0.7118573614937251,0.6409274563820019,0.6488699112335475,0.6193908784817876,0.6598689929599021,0.6080055096418733,0.5622115090296909,0.6640915212733394,0.6094208754208754,0.6332636363636364,0.04112773263404374,10
Alzheimer's,TabDDPM,Fidelity,MMD,0.1511069390794581,0.1568785168932504,0.1593857406937181,0.1782058876381043,0.2259184318127762,0.1264627015016039,0.2264596675709135,0.3079710560121361,0.1766078391278636,0.2027060961958603,0.19117028765256844,0.05226719320745245,10
Alzheimer's,TabDDPM,Fidelity,Quality_Score,0.4166279094815032,0.4789141724259753,0.413072270886954,0.4324131675649799,0.398640013899637,0.4687809797785335,0.365705748484643,0.3710586468420932,0.4366885759314738,0.4351677340029602,0.4217069219298753,0.03703259608375351,10
Alzheimer's,TabDDPM,Fidelity,Wasserstein_Distance,80.42811215079217,53.65733699018221,64.77242133667094,66.01869482490477,70.56070773870807,86.60237004453926,67.54605914066674,70.65489376077593,71.53596299728544,47.05965881456177,67.88362177990874,11.475762821568992,10
Alzheimer's,TabDDPM,Privacy,MIA_AUC,0.8611735330836454,0.8392009987515605,0.7853932584269663,0.7545568039950062,0.8565543071161049,0.7101123595505618,0.906741573033708,0.8674157303370787,0.8808988764044944,0.8046192259675407,0.8266666666666668,0.061670302979333784,10
Alzheimer's,TabDDPM,Privacy,Mahalanobis_Distance,9.63325810140809,7.107055079917257,11.35632657881529,15.52759675717195,10.01367344175813,8.00397031648132,16.67371700339802,9.546568576866632,8.021438402789707,7.729039348713919,10.361264360732033,3.2895938060096523,10
Alzheimer's,TabDDPM,Privacy,Mean_Distance,9.63325810140809,7.107055079917257,11.35632657881529,15.52759675717195,10.01367344175813,8.00397031648132,16.67371700339802,9.546568576866632,8.021438402789707,7.729039348713919,10.361264360732033,3.2895938060096523,10
Alzheimer's,TabDDPM,Privacy,Median_Distance,10.2294088711481,6.597671647072564,11.43721757681727,12.23797947791144,11.52718923127542,9.487775420786477,11.35073390430894,10.35480449257698,8.766855840205766,9.692347147916236,10.168198361001918,1.6526090598952168,10
Alzheimer's,TabDDPM,Privacy,NNDR,0.9190083052875568,0.9067259058760204,0.9092335209233078,0.9172610700539892,0.9277998715034456,0.91476445829424,0.9082749887579568,0.9221180484884152,0.8939567911313258,0.901029574168467,0.9120172534484723,0.010174576769626086,10
Alzheimer's,TabDDPM,Utility,Accuracy_Gap,0.4635964912280703,0.4346491228070175,0.3951754385964914,0.4355263157894737,0.4153508771929825,0.4649122807017545,0.411842105263158,0.4504385964912281,0.4412280701754387,0.461842105263158,0.4374561403508773,0.02394110193699373,10
Alzheimer's,TabDDPM,Utility,Accuracy_TRTR,0.9258771929824562,0.9258771929824562,0.9258771929824562,0.9258771929824562,0.9258771929824562,0.9258771929824562,0.9258771929824562,0.9258771929824562,0.9258771929824562,0.9258771929824562,0.9258771929824562,0.0,10
Alzheimer's,TabDDPM,Utility,Accuracy_TSTR,0.4622807017543859,0.4912280701754386,0.5307017543859648,0.4903508771929825,0.5105263157894737,0.4609649122807017,0.5140350877192982,0.4754385964912281,0.4846491228070175,0.4640350877192982,0.488421052631579,0.023941101936993732,10
Alzheimer's,TabDDPM,Utility,F1_Gap,0.4641474953487705,0.4971464028388908,0.3962871522247055,0.4487067312711675,0.4294513940645246,0.4663219995342787,0.4185951481442869,0.4538508432644738,0.4529968525146357,0.4630929900346246,0.4490597009240358,0.028227232641864237,10
Alzheimer's,TabDDPM,Utility,F1_TRTR,0.9258098934736716,0.9258098934736716,0.9258098934736716,0.9258098934736716,0.9258098934736716,0.9258098934736716,0.9258098934736716,0.9258098934736716,0.9258098934736716,0.9258098934736716,0.9258098934736715,0.0,10
Alzheimer's,TabDDPM,Utility,F1_TSTR,0.4616623981249012,0.4286634906347809,0.5295227412489661,0.4771031622025042,0.4963584994091471,0.459487893939393,0.5072147453293848,0.4719590502091979,0.472813040959036,0.4627169034390471,0.4767501925496359,0.02822723264186424,10
Alzheimer's,TabDDPM,Utility,Precision_Gap,0.4646122514798139,0.508278871784509,0.3936412681006184,0.4440888449804737,0.4103542386414719,0.4669394818253632,0.4159710813177649,0.4538630677291221,0.4511019723374484,0.4631261600986544,0.44719772382952405,0.0332462180748741,10
Alzheimer's,TabDDPM,Utility,Precision_TRTR,0.9271394000040216,0.9271394000040216,0.9271394000040216,0.9271394000040216,0.9271394000040216,0.9271394000040216,0.9271394000040216,0.9271394000040216,0.9271394000040216,0.9271394000040216,0.9271394000040216,0.0,10
Alzheimer's,TabDDPM,Utility,Precision_TSTR,0.4625271485242077,0.4188605282195125,0.5334981319034032,0.4830505550235479,0.5167851613625497,0.4601999181786585,0.5111683186862567,0.4732763322748995,0.4760374276665732,0.4640132399053672,0.4799416761744976,0.03324621807487411,10
Alzheimer's,TabDDPM,Utility,ROC_AUC_Gap,0.4843497343497345,0.4182259182259183,0.4203164703164704,0.4675675675675677,0.4181104181104183,0.5045738045738046,0.4504735504735506,0.484857934857935,0.4909678909678911,0.4804227304227305,0.4619866019866021,0.03292566996439709,10
Alzheimer's,TabDDPM,Utility,ROC_AUC_TRTR,0.9350427350427352,0.9350427350427352,0.9350427350427352,0.9350427350427352,0.9350427350427352,0.9350427350427352,0.9350427350427352,0.9350427350427352,0.9350427350427352,0.9350427350427352,0.935042735042735,0.0,10
Alzheimer's,TabDDPM,Utility,ROC_AUC_TSTR,0.4506930006930006,0.5168168168168168,0.5147262647262647,0.4674751674751674,0.5169323169323169,0.4304689304689305,0.4845691845691846,0.4501848001848002,0.4440748440748441,0.4546200046200047,0.4730561330561331,0.03292566996439709,10
Alzheimer's,TabDDPM,Utility,Recall_Gap,0.4635964912280703,0.4346491228070175,0.3951754385964914,0.4355263157894737,0.4153508771929825,0.4649122807017545,0.411842105263158,0.4504385964912281,0.4412280701754387,0.461842105263158,0.4374561403508773,0.02394110193699373,10
Alzheimer's,TabDDPM,Utility,Recall_TRTR,0.9258771929824562,0.9258771929824562,0.9258771929824562,0.9258771929824562,0.9258771929824562,0.9258771929824562,0.9258771929824562,0.9258771929824562,0.9258771929824562,0.9258771929824562,0.9258771929824562,0.0,10
Alzheimer's,TabDDPM,Utility,Recall_TSTR,0.4622807017543859,0.4912280701754386,0.5307017543859648,0.4903508771929825,0.5105263157894737,0.4609649122807017,0.5140350877192982,0.4754385964912281,0.4846491228070175,0.4640350877192982,0.488421052631579,0.023941101936993732,10
Alzheimer's,WGAN-GP,Compute,evaluation_time_seconds,7.795567374676466,6.952770674135536,7.674720340874046,46.22539681498893,46.23547812504694,35.62854365096428,28.586920679,12.66287076999998,12.21016531599997,35.63178517,23.960421891568615,16.21784854605515,10
Alzheimer's,WGAN-GP,Compute,generation_time_seconds,0.0,0.0,0.0,0.0,0.0,0.0,0.0,0.0,0.0,0.0,0.0,0.0,10
Alzheimer's,WGAN-GP,Compute,total_time_seconds,19.91972156101838,18.99217371502891,20.05614069616422,84.13306851289235,81.5669022060465,53.02310390304774,63.17593220099997,35.98478043400002,30.43262891099999,70.47559139199996,47.776004353219804,25.940786946772086,10
Alzheimer's,WGAN-GP,Compute,training_time_seconds,11.94190210895613,12.02736787777394,12.36902933893725,37.64572778297588,35.14912105398253,17.17421094677411,34.49310124000004,23.25553544299999,18.132374218,34.65620217699995,23.684457218739983,10.743311677511471,10
Alzheimer's,WGAN-GP,Fidelity,KS_Complement,0.8064530149984694,0.7871533516988063,0.7398711355984081,0.7923676155494338,0.792196510560147,0.7866085093357821,0.7909788797061524,0.7781331496786043,0.7563838383838384,0.7773419038873584,0.7807487909397001,0.019407461327187493,10
Alzheimer's,WGAN-GP,Fidelity,MMD,0.0237276721965419,0.058639924344832,0.0771640945489608,0.0237668108355553,0.0304351613161692,0.0344055197665287,0.0300067670206615,0.0461381122241257,0.0719330196529474,0.0488141101367243,0.044503119204304685,0.019470412644656394,10
Alzheimer's,WGAN-GP,Fidelity,Quality_Score,0.517244362937334,0.5001172102477994,0.4927794779994748,0.5173590004813937,0.5146560928754885,0.5069216411309999,0.5083846448476796,0.510633414547739,0.4948920162981011,0.5104207159910301,0.507340857735704,0.008773289461788654,10
Alzheimer's,WGAN-GP,Fidelity,Wasserstein_Distance,19.07347163801833,42.28957024754322,28.40655517910724,23.17239953764661,29.33803790299201,24.85818774989648,24.3083439618229,31.85461643492786,19.21337387498517,26.63967147224085,26.915422799918066,6.788762585157681,10
Alzheimer's,WGAN-GP,Privacy,MIA_AUC,0.8397003745318352,0.926342072409488,0.8526841448189763,0.751310861423221,0.8233458177278401,0.8629213483146068,0.8049937578027465,0.9054931335830212,0.96167290886392,0.8997503121098627,0.862821473158552,0.062330153026752246,10
Alzheimer's,WGAN-GP,Privacy,Mahalanobis_Distance,5.003241359065629,4.660612630077525,4.123319618784013,4.403310198886911,4.980749882560007,4.66494350057576,4.697752502392061,4.587572323808738,4.740845474700135,4.441975055539674,4.630432254639045,0.2638675568603587,10
Alzheimer's,WGAN-GP,Privacy,Mean_Distance,5.003241359065629,4.660612630077525,4.123319618784013,4.403310198886911,4.980749882560007,4.66494350057576,4.697752502392061,4.587572323808738,4.740845474700135,4.441975055539674,4.630432254639045,0.2638675568603587,10
Alzheimer's,WGAN-GP,Privacy,Median_Distance,4.460936939332589,4.457611788092494,3.822032480624914,4.133312240300786,4.493709618879293,4.241532062823579,4.355818913811143,4.372340869476549,4.408308818753373,4.210688157936978,4.29562918900317,0.20433827267630333,10
Alzheimer's,WGAN-GP,Privacy,NNDR,0.900601684887477,0.916864074907522,0.8962113643972534,0.9033964979177757,0.902723729009967,0.8908827986737211,0.9066277263428256,0.9091146501013482,0.9008944911715446,0.9029341149108434,0.9030251132320279,0.007040286545741358,10
Alzheimer's,WGAN-GP,Utility,Accuracy_Gap,0.1964912280701753,0.2912280701754388,0.1214912280701754,0.0508771929824563,0.0671052631578947,0.0960526315789476,0.1513157894736843,0.2118421052631581,0.1065789473684212,0.0293859649122808,0.13223684210526326,0.08139802875703189,10
Alzheimer's,WGAN-GP,Utility,Accuracy_TRTR,0.9258771929824562,0.9258771929824562,0.9258771929824562,0.9258771929824562,0.9258771929824562,0.9258771929824562,0.9258771929824562,0.9258771929824562,0.9258771929824562,0.9258771929824562,0.9258771929824562,0.0,10
Alzheimer's,WGAN-GP,Utility,Accuracy_TSTR,0.7293859649122808,0.6346491228070174,0.8043859649122808,0.8749999999999999,0.8587719298245614,0.8298245614035086,0.7745614035087719,0.7140350877192981,0.819298245614035,0.8964912280701753,0.7936403508771929,0.08139802875703189,10
Alzheimer's,WGAN-GP,Utility,F1_Gap,0.2003449632990854,0.3281631912649417,0.1265527852917182,0.0511895175523758,0.0694428622425524,0.0967969389675798,0.1650402428984297,0.2270334816271499,0.1072639770371507,0.0295345897099993,0.14013625498909826,0.0915519001525956,10
Alzheimer's,WGAN-GP,Utility,F1_TRTR,0.9258098934736716,0.9258098934736716,0.9258098934736716,0.9258098934736716,0.9258098934736716,0.9258098934736716,0.9258098934736716,0.9258098934736716,0.9258098934736716,0.9258098934736716,0.9258098934736715,0.0,10
Alzheimer's,WGAN-GP,Utility,F1_TSTR,0.7254649301745862,0.59764670220873,0.7992571081819535,0.8746203759212958,0.8563670312311192,0.8290129545060919,0.760769650575242,0.6987764118465218,0.818545916436521,0.8962753037636724,0.7856736384845734,0.0915519001525956,10
Alzheimer's,WGAN-GP,Utility,Precision_Gap,0.1742246104078889,0.1914191522075116,0.0810137815980336,0.0510494397845121,0.0449214146490359,0.0928153640939876,0.0814759661088091,0.1561561152718467,0.1060560321540911,0.0293044222522279,0.10084362985279445,0.056008659858007744,10
Alzheimer's,WGAN-GP,Utility,Precision_TRTR,0.9271394000040216,0.9271394000040216,0.9271394000040216,0.9271394000040216,0.9271394000040216,0.9271394000040216,0.9271394000040216,0.9271394000040216,0.9271394000040216,0.9271394000040216,0.9271394000040216,0.0,10
Alzheimer's,WGAN-GP,Utility,Precision_TSTR,0.7529147895961327,0.73572024779651,0.846125618405988,0.8760899602195095,0.8822179853549856,0.834324035910034,0.8456634338952125,0.7709832847321749,0.8210833678499305,0.8978349777517937,0.826295770151227,0.05600865985800772,10
Alzheimer's,WGAN-GP,Utility,ROC_AUC_Gap,0.1447447447447448,0.171852621852622,0.0236775236775238,0.0369831369831369,0.0273619773619774,0.061769461769462,0.0208593208593206,0.1187803187803189,0.0729498729498728,0.0283090783090784,0.07072880572880574,0.05539575816697731,10
Alzheimer's,WGAN-GP,Utility,ROC_AUC_TRTR,0.9350427350427352,0.9350427350427352,0.9350427350427352,0.9350427350427352,0.9350427350427352,0.9350427350427352,0.9350427350427352,0.9350427350427352,0.9350427350427352,0.9350427350427352,0.935042735042735,0.0,10
Alzheimer's,WGAN-GP,Utility,ROC_AUC_TSTR,0.7902979902979903,0.7631901131901131,0.9113652113652112,0.8980595980595982,0.9076807576807576,0.8732732732732731,0.9141834141834144,0.8162624162624162,0.8620928620928623,0.9067336567336568,0.8643139293139294,0.05539575816697729,10
Alzheimer's,WGAN-GP,Utility,Recall_Gap,0.1964912280701753,0.2912280701754388,0.1214912280701754,0.0508771929824563,0.0671052631578947,0.0960526315789476,0.1513157894736843,0.2118421052631581,0.1065789473684212,0.0293859649122808,0.13223684210526326,0.08139802875703189,10
Alzheimer's,WGAN-GP,Utility,Recall_TRTR,0.9258771929824562,0.9258771929824562,0.9258771929824562,0.9258771929824562,0.9258771929824562,0.9258771929824562,0.9258771929824562,0.9258771929824562,0.9258771929824562,0.9258771929824562,0.9258771929824562,0.0,10
Alzheimer's,WGAN-GP,Utility,Recall_TSTR,0.7293859649122808,0.6346491228070174,0.8043859649122808,0.8749999999999999,0.8587719298245614,0.8298245614035086,0.7745614035087719,0.7140350877192981,0.819298245614035,0.8964912280701753,0.7936403508771929,0.08139802875703189,10
Bank Marketing,CTABGAN,Compute,evaluation_time_seconds,7.128231301961932,6.199764297984075,6.997491949994583,5.210369716980495,5.42959193297429,6.314318249002099,6.492635778035037,6.173260577023029,6.381705561012495,7.213567722006701,6.354093708697474,0.6660672795003205,10
Bank Marketing,CTABGAN,Compute,generation_time_seconds,0.0,0.0,0.0,0.0,0.0,0.0,0.0,0.0,0.0,0.0,0.0,0.0,10
Bank Marketing,CTABGAN,Compute,total_time_seconds,121.0687056009774,110.4221548630157,122.3200584169826,118.9128967360011,120.3807416299824,119.9330128799775,119.145955785003,122.2536944120075,111.2159813930048,122.0001231100177,118.76533248269698,4.362913549221053,10
Bank Marketing,CTABGAN,Compute,training_time_seconds,113.9097618520027,104.1602940990124,115.2902094589663,113.6636188799748,114.8997039049864,113.5692970330128,112.6224720210303,116.0469961870112,104.7752574859769,114.7523672839743,112.36899782059481,4.278482942714328,10
Bank Marketing,CTABGAN,Fidelity,KS_Complement,0.843392857142857,0.8327142857142856,0.9095,0.8639285714285714,0.792392857142857,0.8557857142857143,0.8185714285714286,0.8201071428571428,0.8300357142857143,0.8018214285714286,0.8368249999999999,0.033819852756571706,10
Bank Marketing,CTABGAN,Fidelity,MMD,0.0276728361561071,0.0187564080336784,0.0158107267784247,0.0208044708150793,0.0243510115632605,0.0304426610068406,0.0157303619664725,0.0211515749684385,0.0192871915349837,0.0168102464535124,0.02108174892767977,0.005001481331864996,10
Bank Marketing,CTABGAN,Fidelity,Quality_Score,0.8014730769230769,0.8215538461538461,0.8440634615384615,0.8233076923076923,0.8195250000000001,0.796773076923077,0.8235365384615384,0.8185250000000001,0.8187115384615384,0.8113096153846154,0.8178778846153847,0.013005126412038288,10
Bank Marketing,CTABGAN,Fidelity,Wasserstein_Distance,66.40410714285714,55.44003571428569,38.6080357142857,102.0170357142857,154.0973928571429,145.25125,48.84025000000003,27.43089285714285,52.18603571428573,110.1543928571429,80.04294285714285,44.90924254662027,10
Bank Marketing,CTABGAN,Privacy,MIA_AUC,0.9355555555555556,0.9609876543209876,0.9379012345679012,0.927530864197531,0.9502469135802468,0.948641975308642,0.9719753086419752,0.938395061728395,0.9466666666666668,0.9171604938271606,0.9435061728395062,0.015874343576757866,10
Bank Marketing,CTABGAN,Privacy,Mahalanobis_Distance,5.698058067259518,5.429936261522784,5.544425918614745,5.542051270464935,5.569772400679406,6.100120333029731,5.602914906748224,5.468999337972062,5.324620461005729,5.331452684337812,5.561235164163494,0.2226386572082362,10
Bank Marketing,CTABGAN,Privacy,Mean_Distance,5.698058067259518,5.429936261522784,5.544425918614745,5.542051270464935,5.569772400679406,6.100120333029731,5.602914906748224,5.468999337972062,5.324620461005729,5.331452684337812,5.561235164163494,0.2226386572082362,10
Bank Marketing,CTABGAN,Privacy,Median_Distance,5.579029032749838,5.197464995920352,5.329808881802855,5.302108347802658,5.342913248120592,5.998507281579021,5.323032945007883,5.272567135860722,5.204367175697049,5.169295157318825,5.371909420185979,0.24828756546641245,10
Bank Marketing,CTABGAN,Privacy,NNDR,0.9099802675524415,0.9094161662315994,0.9051114912552876,0.9106798145238678,0.9063492295369464,0.9185693276300818,0.9147528099327544,0.9043731030255624,0.9124031409515956,0.9071087511799236,0.909874410182006,0.004468286618492679,10
Bank Marketing,CTABGAN,Utility,Accuracy_Gap,0.0598333333333334,0.0525000000000001,0.0591666666666665,0.0811666666666668,0.0396666666666667,0.0493333333333333,0.0293333333333332,0.1018333333333333,0.0893333333333333,0.0628333333333333,0.062499999999999986,0.02243178961173598,10
Bank Marketing,CTABGAN,Utility,Accuracy_TRTR,0.8696666666666667,0.8696666666666667,0.8696666666666667,0.8696666666666667,0.8696666666666667,0.8696666666666667,0.8696666666666667,0.8696666666666667,0.8696666666666667,0.8696666666666667,0.8696666666666667,0.0,10
Bank Marketing,CTABGAN,Utility,Accuracy_TSTR,0.8098333333333333,0.8171666666666666,0.8105000000000001,0.7884999999999999,0.83,0.8203333333333334,0.8403333333333335,0.7678333333333334,0.7803333333333333,0.8068333333333334,0.8071666666666667,0.022431789611735985,10
Bank Marketing,CTABGAN,Utility,F1_Gap,0.0614088249967413,0.0575526804840988,0.0632178500369194,0.0774853776809703,0.0485457835125197,0.0538261434419359,0.0328315659157485,0.0897216600531981,0.0795977929983545,0.0621741817702273,0.06263618608907137,0.016445835018341758,10
Bank Marketing,CTABGAN,Utility,F1_TRTR,0.8477132790458966,0.8477132790458966,0.8477132790458966,0.8477132790458966,0.8477132790458966,0.8477132790458966,0.8477132790458966,0.8477132790458966,0.8477132790458966,0.8477132790458966,0.8477132790458966,0.0,10
Bank Marketing,CTABGAN,Utility,F1_TSTR,0.7863044540491552,0.7901605985617977,0.7844954290089771,0.7702279013649262,0.7991674955333768,0.7938871356039606,0.814881713130148,0.7579916189926984,0.768115486047542,0.7855390972756692,0.7850770929568252,0.016445835018341758,10
Bank Marketing,CTABGAN,Utility,Precision_Gap,0.0592925151051071,0.0677980846121426,0.0727603451238471,0.0620204791718316,0.0634598878173406,0.061729946983391,0.0176862403770144,0.0610006742436952,0.0415625388436952,0.0530573417300586,0.05603680540081234,0.01586649127472734,10
Bank Marketing,CTABGAN,Utility,Precision_TRTR,0.8395155351764882,0.8395155351764882,0.8395155351764882,0.8395155351764882,0.8395155351764882,0.8395155351764882,0.8395155351764882,0.8395155351764882,0.8395155351764882,0.8395155351764882,0.8395155351764882,0.0,10
Bank Marketing,CTABGAN,Utility,Precision_TSTR,0.7802230200713811,0.7717174505643456,0.7667551900526411,0.7774950560046566,0.7760556473591476,0.7777855881930972,0.8218292947994738,0.778514860932793,0.797952996332793,0.7864581934464296,0.7834787297756758,0.015866491274727328,10
Bank Marketing,CTABGAN,Utility,ROC_AUC_Gap,0.2294819047619047,0.2923961904761904,0.2022019047619046,0.2846209523809523,0.1943238095238095,0.2123542857142855,0.1537638095238094,0.276910476190476,0.1726704761904763,0.1675695238095237,0.21862933333333326,0.0507036760818548,10
Bank Marketing,CTABGAN,Utility,ROC_AUC_TRTR,0.8143161904761904,0.8143161904761904,0.8143161904761904,0.8143161904761904,0.8143161904761904,0.8143161904761904,0.8143161904761904,0.8143161904761904,0.8143161904761904,0.8143161904761904,0.8143161904761904,0.0,10
Bank Marketing,CTABGAN,Utility,ROC_AUC_TSTR,0.5848342857142858,0.52192,0.6121142857142858,0.5296952380952381,0.619992380952381,0.6019619047619049,0.660552380952381,0.5374057142857144,0.6416457142857142,0.6467466666666667,0.5956868571428572,0.0507036760818548,10
Bank Marketing,CTABGAN,Utility,Recall_Gap,0.0598333333333334,0.0525000000000001,0.0591666666666665,0.0811666666666668,0.0396666666666667,0.0493333333333333,0.0293333333333332,0.1018333333333333,0.0893333333333333,0.0628333333333333,0.062499999999999986,0.02243178961173598,10
Bank Marketing,CTABGAN,Utility,Recall_TRTR,0.8696666666666667,0.8696666666666667,0.8696666666666667,0.8696666666666667,0.8696666666666667,0.8696666666666667,0.8696666666666667,0.8696666666666667,0.8696666666666667,0.8696666666666667,0.8696666666666667,0.0,10
Bank Marketing,CTABGAN,Utility,Recall_TSTR,0.8098333333333333,0.8171666666666666,0.8105000000000001,0.7884999999999999,0.83,0.8203333333333334,0.8403333333333335,0.7678333333333334,0.7803333333333333,0.8068333333333334,0.8071666666666667,0.022431789611735985,10
Bank Marketing,CTGAN,Compute,evaluation_time_seconds,6.405807578004897,6.103362124005798,6.431535625015385,7.411792985978536,6.474218991002999,8.145577161980327,4.737536530010402,5.596017792995553,5.731419901014306,5.640765821968671,6.267803451197688,0.967479208822696,10
Bank Marketing,CTGAN,Compute,generation_time_seconds,0.0,0.0,0.0,0.0,0.0,0.0,0.0,0.0,0.0,0.0,0.0,0.0,10
Bank Marketing,CTGAN,Compute,total_time_seconds,33.89232799696038,37.48060333298054,29.1512939449749,28.25858829094796,33.35021814802894,35.13763730897335,23.80081617401447,31.17489489901345,30.73565659701126,28.07701937103411,31.10590560639394,4.004175183274684,10
Bank Marketing,CTGAN,Compute,training_time_seconds,27.45449755998561,31.32182849000674,22.65791421500035,20.78991730499547,26.84077330800937,26.95328728097957,18.77334304800024,25.51522339996882,24.97233138501178,22.37222139601363,24.765133738797157,3.6786937553777745,10
Bank Marketing,CTGAN,Fidelity,KS_Complement,0.7905714285714284,0.7666428571428572,0.6643214285714286,0.7782142857142856,0.7983214285714285,0.7797857142857143,0.790107142857143,0.7473571428571429,0.8024642857142857,0.75,0.7667785714285714,0.0405995382445285,10
Bank Marketing,CTGAN,Fidelity,MMD,0.0548845107242421,0.0403059896275137,0.0791447681247662,0.0583568012524331,0.078891844201419,0.0521872575781982,0.0848918140821372,0.0681455557598303,0.0365490449938034,0.0882277743147417,0.0641585360659085,0.018441975200086325,10
Bank Marketing,CTGAN,Fidelity,Quality_Score,0.7927045450739967,0.7884767740409634,0.7774913291114802,0.7807198168401613,0.7920707701846679,0.7899187064029338,0.7951074790588082,0.7854387961657266,0.8103517692629383,0.7858326636264346,0.7898112649768111,0.009034588131239146,10
Bank Marketing,CTGAN,Fidelity,Wasserstein_Distance,95.96932142857142,201.4118214285714,119.5231785714286,85.75203571428571,57.52096428571428,128.2599642857143,260.4518214285715,221.0603214285714,89.42782142857139,188.5922500000001,144.79695,68.13461821243607,10
Bank Marketing,CTGAN,Privacy,MIA_AUC,0.7790123456790123,0.7495061728395062,0.8128395061728395,0.7503703703703704,0.7218518518518519,0.7682716049382716,0.8159259259259259,0.7406172839506172,0.6637037037037038,0.768641975308642,0.757074074074074,0.04427876641358099,10
Bank Marketing,CTGAN,Privacy,Mahalanobis_Distance,5.057152804539602,6.068970331386358,5.152826297941545,5.099886591738252,6.3969830595838,5.934413911597738,5.640562965398228,6.264860072592645,5.365842360571468,6.515731554602931,5.749722994995257,0.5602199220934867,10
Bank Marketing,CTGAN,Privacy,Mean_Distance,5.057152804539602,6.068970331386358,5.152826297941545,5.099886591738252,6.3969830595838,5.934413911597738,5.640562965398228,6.264860072592645,5.365842360571468,6.515731554602931,5.749722994995257,0.5602199220934867,10
Bank Marketing,CTGAN,Privacy,Median_Distance,4.487853573285403,5.078077863136482,4.346649037567379,4.587277325763604,5.426767072139588,5.352646868516244,4.884166486979906,5.690407313509971,4.566415333615369,6.123277062121081,5.054353793663503,0.5852227384535451,10
Bank Marketing,CTGAN,Privacy,NNDR,0.9021992451574378,0.911915910441137,0.8999937249696024,0.9113498620778712,0.912955664796681,0.9017530387406836,0.8980393555325495,0.9037589534988154,0.8986317238146714,0.9159693391851896,0.905656681821464,0.006678761896147479,10
Bank Marketing,CTGAN,Utility,Accuracy_Gap,0.06,0.0543333333333334,0.0361666666666666,0.0441666666666669,0.0428333333333335,0.0471666666666668,0.0295,0.0253333333333332,0.041,0.063833333333333,0.04443333333333334,0.012448709586554335,10
Bank Marketing,CTGAN,Utility,Accuracy_TRTR,0.8696666666666667,0.8696666666666667,0.8696666666666667,0.8696666666666667,0.8696666666666667,0.8696666666666667,0.8696666666666667,0.8696666666666667,0.8696666666666667,0.8696666666666667,0.8696666666666667,0.0,10
Bank Marketing,CTGAN,Utility,Accuracy_TSTR,0.8096666666666666,0.8153333333333332,0.8335,0.8254999999999998,0.8268333333333332,0.8224999999999999,0.8401666666666666,0.8443333333333335,0.8286666666666667,0.8058333333333336,0.8252333333333335,0.01244870958655434,10
Bank Marketing,CTGAN,Utility,F1_Gap,0.0604579241120375,0.0554141528356538,0.0460086933288042,0.0525296900044071,0.0550183299582204,0.0532767433359963,0.0449202344265639,0.0398012919095168,0.0482372006391018,0.0661838203822592,0.052184808093256096,0.007774881744630113,10
Bank Marketing,CTGAN,Utility,F1_TRTR,0.8477132790458966,0.8477132790458966,0.8477132790458966,0.8477132790458966,0.8477132790458966,0.8477132790458966,0.8477132790458966,0.8477132790458966,0.8477132790458966,0.8477132790458966,0.8477132790458966,0.0,10
Bank Marketing,CTGAN,Utility,F1_TSTR,0.787255354933859,0.7922991262102427,0.8017045857170924,0.7951835890414894,0.7926949490876761,0.7944365357099002,0.8027930446193327,0.8079119871363797,0.7994760784067947,0.7815294586636373,0.7955284709526405,0.007774881744630113,10
Bank Marketing,CTGAN,Utility,Precision_Gap,0.0587682873023803,0.0572748129982014,0.0628733742667168,0.0692204017134801,0.0757634497632901,0.0613659617848973,0.0691285134212105,0.0631826271920511,0.0609356016372298,0.0646346143570999,0.06431476444365573,0.005599702368890954,10
Bank Marketing,CTGAN,Utility,Precision_TRTR,0.8395155351764882,0.8395155351764882,0.8395155351764882,0.8395155351764882,0.8395155351764882,0.8395155351764882,0.8395155351764882,0.8395155351764882,0.8395155351764882,0.8395155351764882,0.8395155351764882,0.0,10
Bank Marketing,CTGAN,Utility,Precision_TSTR,0.7807472478741079,0.7822407221782868,0.7766421609097715,0.7702951334630082,0.7637520854131981,0.7781495733915909,0.7703870217552777,0.7763329079844371,0.7785799335392584,0.7748809208193883,0.7752007707328323,0.005599702368890945,10
Bank Marketing,CTGAN,Utility,ROC_AUC_Gap,0.3038895238095236,0.2810285714285713,0.2331657142857142,0.3298019047619047,0.3132380952380952,0.2443619047619048,0.2891619047619047,0.255367619047619,0.2912190476190477,0.3033523809523809,0.2844586666666666,0.031239914785051393,10
Bank Marketing,CTGAN,Utility,ROC_AUC_TRTR,0.8143161904761904,0.8143161904761904,0.8143161904761904,0.8143161904761904,0.8143161904761904,0.8143161904761904,0.8143161904761904,0.8143161904761904,0.8143161904761904,0.8143161904761904,0.8143161904761904,0.0,10
Bank Marketing,CTGAN,Utility,ROC_AUC_TSTR,0.5104266666666668,0.5332876190476191,0.5811504761904762,0.4845142857142857,0.5010780952380952,0.5699542857142856,0.5251542857142857,0.5589485714285715,0.5230971428571427,0.5109638095238095,0.5298575238095238,0.03123991478505142,10
Bank Marketing,CTGAN,Utility,Recall_Gap,0.06,0.0543333333333334,0.0361666666666666,0.0441666666666669,0.0428333333333335,0.0471666666666668,0.0295,0.0253333333333332,0.041,0.063833333333333,0.04443333333333334,0.012448709586554335,10
Bank Marketing,CTGAN,Utility,Recall_TRTR,0.8696666666666667,0.8696666666666667,0.8696666666666667,0.8696666666666667,0.8696666666666667,0.8696666666666667,0.8696666666666667,0.8696666666666667,0.8696666666666667,0.8696666666666667,0.8696666666666667,0.0,10
Bank Marketing,CTGAN,Utility,Recall_TSTR,0.8096666666666666,0.8153333333333332,0.8335,0.8254999999999998,0.8268333333333332,0.8224999999999999,0.8401666666666666,0.8443333333333335,0.8286666666666667,0.8058333333333336,0.8252333333333335,0.01244870958655434,10
Bank Marketing,CopulaGAN,Compute,evaluation_time_seconds,7.212934493029024,6.93450913997367,6.048231572029181,6.759788137977012,6.041321371973027,5.488677731016651,6.016355319006834,6.688635812024586,6.242671275977045,5.550265425001271,6.29833902780083,0.580503152816555,10
Bank Marketing,CopulaGAN,Compute,generation_time_seconds,0.0,0.0,0.0,0.0,0.0,0.0,0.0,0.0,0.0,0.0,0.0,0.0,10
Bank Marketing,CopulaGAN,Compute,total_time_seconds,29.35543020901969,29.40098171198042,28.78348623996135,30.58323443104746,28.07673027098645,29.12860823102528,26.06923641997855,25.69489278399851,26.36811226303689,29.0163222560077,28.247703481704228,1.6495892196150213,10
Bank Marketing,CopulaGAN,Compute,training_time_seconds,22.11164971097605,22.40396383503685,22.67609841097146,23.56988503201865,21.99229172902415,23.58139092399506,20.01986810402013,18.96114674001001,20.08110315399244,23.4131638709805,21.88105615110253,1.642877877593461,10
Bank Marketing,CopulaGAN,Fidelity,KS_Complement,0.7199285714285715,0.8038571428571428,0.7741785714285715,0.8104285714285714,0.8381428571428572,0.8439285714285715,0.7501428571428572,0.7257142857142856,0.8065,0.8353571428571429,0.7908178571428571,0.04599489290021768,10
Bank Marketing,CopulaGAN,Fidelity,MMD,0.0680489540177933,0.0714773093366761,0.0980057035781912,0.0617850124460661,0.0316760084730063,0.0385372396451974,0.0961696226052635,0.1415208243272304,0.0994144467088587,0.0466506513649816,0.07532857725032646,0.03373585292618714,10
Bank Marketing,CopulaGAN,Fidelity,Quality_Score,0.7817848600956047,0.8057680906746731,0.7800388255925281,0.7990273386511496,0.8103886344457284,0.8122313239782704,0.7996724746165493,0.7662724196013361,0.7871661596343383,0.7972657605495179,0.7939615887839697,0.01478438415540598,10
Bank Marketing,CopulaGAN,Fidelity,Wasserstein_Distance,177.5384642857143,135.3834642857143,561.3876785714286,104.9175357142858,110.8391785714286,143.3716071428572,88.19232142857142,173.1106785714286,126.95725,184.17025,180.5868428571429,137.6465213961568,10
Bank Marketing,CopulaGAN,Privacy,MIA_AUC,0.8300000000000001,0.7233333333333333,0.8446913580246913,0.8158024691358025,0.6512345679012346,0.7187654320987654,0.782469135802469,0.8776543209876543,0.7674074074074074,0.7693827160493827,0.778074074074074,0.06772885464128518,10
Bank Marketing,CopulaGAN,Privacy,Mahalanobis_Distance,5.085383816254305,5.343435461232866,5.726179194844737,4.865372239913706,5.907059884234958,5.053631918936744,5.34869344613254,7.484101904327126,6.433775860939285,6.075153978071639,5.732278770488791,0.7914845330548796,10
Bank Marketing,CopulaGAN,Privacy,Mean_Distance,5.085383816254305,5.343435461232866,5.726179194844737,4.865372239913706,5.907059884234958,5.053631918936744,5.34869344613254,7.484101904327126,6.433775860939285,6.075153978071639,5.732278770488791,0.7914845330548796,10
Bank Marketing,CopulaGAN,Privacy,Median_Distance,4.371792502415471,4.732546051932307,5.056010051274651,4.378964593967477,4.84740045832319,4.46759835985428,4.658374149203128,7.079545984903465,5.559026336743903,5.377679041471559,5.052893753008943,0.8185441439277208,10
Bank Marketing,CopulaGAN,Privacy,NNDR,0.8916556503151103,0.9027924729965175,0.8991102001651068,0.905197264821098,0.9068556019996246,0.9071296533159168,0.9065973620090152,0.9207643862128336,0.917040807390124,0.9078231967096704,0.9064966595935019,0.008214291086271882,10
Bank Marketing,CopulaGAN,Utility,Accuracy_Gap,0.0583333333333333,0.021,0.0350000000000001,0.0191666666666667,0.0343333333333333,0.0433333333333334,0.0301666666666667,0.0463333333333332,0.0274999999999999,0.0334999999999999,0.03486666666666665,0.01188442283717805,10
Bank Marketing,CopulaGAN,Utility,Accuracy_TRTR,0.8696666666666667,0.8696666666666667,0.8696666666666667,0.8696666666666667,0.8696666666666667,0.8696666666666667,0.8696666666666667,0.8696666666666667,0.8696666666666667,0.8696666666666667,0.8696666666666667,0.0,10
Bank Marketing,CopulaGAN,Utility,Accuracy_TSTR,0.8113333333333334,0.8486666666666667,0.8346666666666666,0.8504999999999999,0.8353333333333334,0.8263333333333333,0.8394999999999999,0.8233333333333335,0.8421666666666667,0.8361666666666667,0.8347999999999999,0.011884422837178044,10
Bank Marketing,CopulaGAN,Utility,F1_Gap,0.0600303285951934,0.0426525403149217,0.0500052602983522,0.0376724158703288,0.0490796084892828,0.0555477364589408,0.0405396714182471,0.054708875021035,0.0467412729373282,0.0442255048984862,0.048120321430211624,0.007137459985291719,10
Bank Marketing,CopulaGAN,Utility,F1_TRTR,0.8477132790458966,0.8477132790458966,0.8477132790458966,0.8477132790458966,0.8477132790458966,0.8477132790458966,0.8477132790458966,0.8477132790458966,0.8477132790458966,0.8477132790458966,0.8477132790458966,0.0,10
Bank Marketing,CopulaGAN,Utility,F1_TSTR,0.7876829504507031,0.8050607387309748,0.7977080187475443,0.8100408631755677,0.7986336705566137,0.7921655425869557,0.8071736076276494,0.7930044040248615,0.8009720061085683,0.8034877741474103,0.7995929576156849,0.007137459985291722,10
Bank Marketing,CopulaGAN,Utility,Precision_Gap,0.0503058390680833,0.0729057500469236,0.0737806296098048,0.0614036295378083,0.0726281965317351,0.0761938850178203,0.0510493907890766,0.0685293212055437,0.0747294364099525,0.0625044575714391,0.06640305357881873,0.009662209933595593,10
Bank Marketing,CopulaGAN,Utility,Precision_TRTR,0.8395155351764882,0.8395155351764882,0.8395155351764882,0.8395155351764882,0.8395155351764882,0.8395155351764882,0.8395155351764882,0.8395155351764882,0.8395155351764882,0.8395155351764882,0.8395155351764882,0.0,10
Bank Marketing,CopulaGAN,Utility,Precision_TSTR,0.7892096961084049,0.7666097851295646,0.7657349055666834,0.7781119056386799,0.7668873386447531,0.7633216501586679,0.7884661443874116,0.7709862139709445,0.7647860987665357,0.7770110776050491,0.7731124815976694,0.009662209933595577,10
Bank Marketing,CopulaGAN,Utility,ROC_AUC_Gap,0.2206323809523808,0.3019047619047619,0.3235923809523809,0.282167619047619,0.3940342857142856,0.312007619047619,0.2166133333333332,0.2458209523809525,0.3296190476190476,0.1884571428571427,0.2814849523809523,0.06319617040296355,10
Bank Marketing,CopulaGAN,Utility,ROC_AUC_TRTR,0.8143161904761904,0.8143161904761904,0.8143161904761904,0.8143161904761904,0.8143161904761904,0.8143161904761904,0.8143161904761904,0.8143161904761904,0.8143161904761904,0.8143161904761904,0.8143161904761904,0.0,10
Bank Marketing,CopulaGAN,Utility,ROC_AUC_TSTR,0.5936838095238096,0.5124114285714285,0.4907238095238095,0.5321485714285714,0.4202819047619049,0.5023085714285714,0.5977028571428572,0.5684952380952379,0.4846971428571428,0.6258590476190478,0.5328312380952381,0.06319617040296353,10
Bank Marketing,CopulaGAN,Utility,Recall_Gap,0.0583333333333333,0.021,0.0350000000000001,0.0191666666666667,0.0343333333333333,0.0433333333333334,0.0301666666666667,0.0463333333333332,0.0274999999999999,0.0334999999999999,0.03486666666666665,0.01188442283717805,10
Bank Marketing,CopulaGAN,Utility,Recall_TRTR,0.8696666666666667,0.8696666666666667,0.8696666666666667,0.8696666666666667,0.8696666666666667,0.8696666666666667,0.8696666666666667,0.8696666666666667,0.8696666666666667,0.8696666666666667,0.8696666666666667,0.0,10
Bank Marketing,CopulaGAN,Utility,Recall_TSTR,0.8113333333333334,0.8486666666666667,0.8346666666666666,0.8504999999999999,0.8353333333333334,0.8263333333333333,0.8394999999999999,0.8233333333333335,0.8421666666666667,0.8361666666666667,0.8347999999999999,0.011884422837178044,10
Bank Marketing,ForestDiffusion,Compute,evaluation_time_seconds,7.993082492030226,6.523883820977062,7.714504557021428,7.395060996990651,5.597933790995739,10.55135322699789,7.286721522978041,6.682893190009054,5.582253982021939,6.937724872026592,7.226541245204862,1.4197350053419766,10
Bank Marketing,ForestDiffusion,Compute,generation_time_seconds,0.0,0.0,0.0,0.0,0.0,0.0,0.0,0.0,0.0,0.0,0.0,0.0,10
Bank Marketing,ForestDiffusion,Compute,total_time_seconds,43.21507718798239,48.70175239397213,39.08016796695301,47.55037393094972,45.3869154570275,40.98436461295933,39.98357523197774,47.14011707797181,45.78972991800401,37.3487024490023,43.518077622679996,3.9674015656033386,10
Bank Marketing,ForestDiffusion,Compute,training_time_seconds,35.18426128197461,42.14655951096211,31.30653004598571,40.10184861801099,39.73502704798011,30.39630304602906,32.66692021401832,40.42337574000703,40.17316116404254,30.35671280499082,36.24906994740013,4.737188245382781,10
Bank Marketing,ForestDiffusion,Fidelity,KS_Complement,0.7438928571428572,0.7481785714285714,0.7529642857142856,0.7617142857142858,0.7546785714285714,0.7529642857142856,0.7392142857142857,0.7465357142857144,0.7512857142857142,0.7499285714285715,0.7501357142857144,0.006210288807682764,10
Bank Marketing,ForestDiffusion,Fidelity,MMD,0.0217997388710286,0.0285683097058855,0.0223730697883924,0.0365982189333145,0.0254282314122896,0.0261134240992522,0.0369765951833819,0.0258680543598701,0.0291271643182352,0.0229813724936603,0.027583417916531027,0.005419893983614302,10
Bank Marketing,ForestDiffusion,Fidelity,Quality_Score,0.8292750340708763,0.8382689185943397,0.8442310493066372,0.8319303792568488,0.8400159261416993,0.8348163686804455,0.824116507352857,0.8326774431858901,0.8395254342632501,0.8378318151032167,0.8352688875956062,0.005915230351569686,10
Bank Marketing,ForestDiffusion,Fidelity,Wasserstein_Distance,70.16287708785308,79.03758160733493,78.89478574952044,82.4883907810924,72.13343287647412,79.22485721546443,74.7345377750166,80.42619927480249,79.81559192018842,82.31550580796113,77.9233760095708,4.1869000464461985,10
Bank Marketing,ForestDiffusion,Privacy,MIA_AUC,0.654074074074074,0.6949382716049383,0.6638271604938273,0.7030864197530864,0.702962962962963,0.7180246913580247,0.7014814814814814,0.6520987654320988,0.6506172839506172,0.7130864197530864,0.6854197530864197,0.027012908037269606,10
Bank Marketing,ForestDiffusion,Privacy,Mahalanobis_Distance,3.761329930625393,3.757406016205186,3.763480598797431,3.731301106227273,3.713283840043585,3.749032437494815,3.747897252814269,3.738917228049788,3.745990707621333,3.739346124166183,3.7447985242045254,0.015091865087573571,10
Bank Marketing,ForestDiffusion,Privacy,Mean_Distance,3.761329930625393,3.757406016205186,3.763480598797431,3.731301106227273,3.713283840043585,3.749032437494815,3.747897252814269,3.738917228049788,3.745990707621333,3.739346124166183,3.7447985242045254,0.015091865087573571,10
Bank Marketing,ForestDiffusion,Privacy,Median_Distance,3.527595633174434,3.478273242517179,3.462465062180097,3.527423349943483,3.43166117769137,3.533793249135307,3.527510722954549,3.526106694650966,3.543166530097863,3.548374292548159,3.510636995489341,0.03903990140418466,10
Bank Marketing,ForestDiffusion,Privacy,NNDR,0.8555974474238571,0.861665396045,0.8586907978268994,0.8523305184600648,0.8563958037423082,0.8573044885248523,0.8674057185967038,0.8720832575526096,0.858272139935397,0.8717383443564634,0.8611483912464155,0.006923253638379887,10
Bank Marketing,ForestDiffusion,Utility,Accuracy_Gap,0.0345,0.0381666666666667,0.0364999999999999,0.0063333333333334,0.0293333333333333,0.0363333333333332,0.0655000000000001,-0.0078333333333332,0.0251666666666666,0.0309999999999999,0.02949999999999999,0.01955997424825993,10
Bank Marketing,ForestDiffusion,Utility,Accuracy_TRTR,0.8696666666666667,0.8696666666666667,0.8696666666666667,0.8696666666666667,0.8696666666666667,0.8696666666666667,0.8696666666666667,0.8696666666666667,0.8696666666666667,0.8696666666666667,0.8696666666666667,0.0,10
Bank Marketing,ForestDiffusion,Utility,Accuracy_TSTR,0.8351666666666666,0.8314999999999999,0.8331666666666667,0.8633333333333333,0.8403333333333334,0.8333333333333335,0.8041666666666666,0.8775,0.8445,0.8386666666666668,0.8401666666666667,0.01955997424825995,10
Bank Marketing,ForestDiffusion,Utility,F1_Gap,0.0246889878192885,0.0097237548757369,0.020976700946005,-0.0066726043930964,0.0121815925375876,0.0124091900653609,0.0326133294883242,-0.0250364526947332,0.0123302769717091,0.0090822960125745,0.01022970716287571,0.016225940560808935,10
Bank Marketing,ForestDiffusion,Utility,F1_TRTR,0.8477132790458966,0.8477132790458966,0.8477132790458966,0.8477132790458966,0.8477132790458966,0.8477132790458966,0.8477132790458966,0.8477132790458966,0.8477132790458966,0.8477132790458966,0.8477132790458966,0.0,10
Bank Marketing,ForestDiffusion,Utility,F1_TSTR,0.823024291226608,0.8379895241701596,0.8267365780998915,0.854385883438993,0.8355316865083089,0.8353040889805357,0.8150999495575723,0.8727497317406298,0.8353830020741874,0.838630983033322,0.8374835718830209,0.016225940560808963,10
Bank Marketing,ForestDiffusion,Utility,Precision_Gap,0.0178993394008849,-0.0101781948392487,0.0118598997737977,-0.0116627318619213,-0.0008570169966254,-0.007705633628155,-0.0026443877194169,-0.0304837328684211,0.0056276325780991,-0.0067737176938714,-0.0034918543854878096,0.013550906453423625,10
Bank Marketing,ForestDiffusion,Utility,Precision_TRTR,0.8395155351764882,0.8395155351764882,0.8395155351764882,0.8395155351764882,0.8395155351764882,0.8395155351764882,0.8395155351764882,0.8395155351764882,0.8395155351764882,0.8395155351764882,0.8395155351764882,0.0,10
Bank Marketing,ForestDiffusion,Utility,Precision_TSTR,0.8216161957756033,0.849693730015737,0.8276556354026905,0.8511782670384096,0.8403725521731137,0.8472211688046433,0.8421599228959052,0.8699992680449093,0.8338879025983891,0.8462892528703597,0.843007389561976,0.013550906453423656,10
Bank Marketing,ForestDiffusion,Utility,ROC_AUC_Gap,0.0568114285714285,0.0482742857142858,0.0778742857142856,0.0152419047619047,0.052998095238095,0.0369980952380951,0.0492342857142857,-0.0115428571428571,0.0634780952380951,0.0355123809523809,0.04248799999999993,0.025446831369490573,10
Bank Marketing,ForestDiffusion,Utility,ROC_AUC_TRTR,0.8143161904761904,0.8143161904761904,0.8143161904761904,0.8143161904761904,0.8143161904761904,0.8143161904761904,0.8143161904761904,0.8143161904761904,0.8143161904761904,0.8143161904761904,0.8143161904761904,0.0,10
Bank Marketing,ForestDiffusion,Utility,ROC_AUC_TSTR,0.7575047619047619,0.7660419047619046,0.7364419047619047,0.7990742857142856,0.7613180952380953,0.7773180952380953,0.7650819047619046,0.8258590476190476,0.7508380952380953,0.7788038095238095,0.7718281904761904,0.025446831369490594,10
Bank Marketing,ForestDiffusion,Utility,Recall_Gap,0.0345,0.0381666666666667,0.0364999999999999,0.0063333333333334,0.0293333333333333,0.0363333333333332,0.0655,-0.0078333333333332,0.0251666666666666,0.0309999999999999,0.02949999999999998,0.01955997424825991,10
Bank Marketing,ForestDiffusion,Utility,Recall_TRTR,0.8696666666666667,0.8696666666666667,0.8696666666666667,0.8696666666666667,0.8696666666666667,0.8696666666666667,0.8696666666666667,0.8696666666666667,0.8696666666666667,0.8696666666666667,0.8696666666666667,0.0,10
Bank Marketing,ForestDiffusion,Utility,Recall_TSTR,0.8351666666666666,0.8314999999999999,0.8331666666666667,0.8633333333333333,0.8403333333333334,0.8333333333333335,0.8041666666666667,0.8775,0.8445,0.8386666666666668,0.8401666666666667,0.019559974248259927,10
Bank Marketing,GaussianCopula,Compute,evaluation_time_seconds,5.937111057981383,5.501738129998557,7.427509088010993,6.939142047020141,4.813042271998711,5.554009402985685,10.52888163004536,5.794053563964553,5.620934955019038,7.007759602041915,6.512418174906633,1.628444887656576,10
Bank Marketing,GaussianCopula,Compute,generation_time_seconds,0.0,0.0,0.0,0.0,0.0,0.0,0.0,0.0,0.0,0.0,0.0,0.0,10
Bank Marketing,GaussianCopula,Compute,total_time_seconds,8.767031978990417,7.215752065007109,9.4807915900019,8.996497337997425,7.404920583998319,7.53306257200893,12.75851909798803,7.69036197301466,7.399769380979706,9.349774134985635,8.659648071497212,1.6842893184385799,10
Bank Marketing,GaussianCopula,Compute,training_time_seconds,2.775469437998254,1.682988222048152,2.010406649031211,2.020856468006968,2.558833093964495,1.932704554055817,2.197866695991252,1.865228879032657,1.74892106000334,2.289193134987727,2.1082468195119874,0.3505598315876126,10
Bank Marketing,GaussianCopula,Fidelity,KS_Complement,0.8728571428571429,0.8728571428571429,0.8728571428571429,0.8728571428571429,0.8728571428571429,0.8728571428571429,0.8728571428571429,0.8728571428571429,0.8728571428571429,0.8728571428571429,0.872857142857143,0.0,10
Bank Marketing,GaussianCopula,Fidelity,MMD,0.0098483536334696,0.0098483536334696,0.0098483536334696,0.0098483536334696,0.0098483536334696,0.0098483536334696,0.0098483536334696,0.0098483536334696,0.0098483536334696,0.0098483536334696,0.0098483536334696,0.0,10
Bank Marketing,GaussianCopula,Fidelity,Quality_Score,0.8551804329462944,0.8551804329462944,0.8551804329462944,0.8551804329462944,0.8551804329462944,0.8551804329462944,0.8551804329462944,0.8551804329462944,0.8551804329462944,0.8551804329462944,0.8551804329462944,0.0,10
Bank Marketing,GaussianCopula,Fidelity,Wasserstein_Distance,90.60117857142856,90.60117857142856,90.60117857142856,90.60117857142856,90.60117857142856,90.60117857142856,90.60117857142856,90.60117857142856,90.60117857142856,90.60117857142856,90.60117857142856,0.0,10
Bank Marketing,GaussianCopula,Privacy,MIA_AUC,0.6269135802469137,0.6269135802469137,0.6269135802469137,0.6269135802469137,0.6269135802469137,0.6269135802469137,0.6269135802469137,0.6269135802469137,0.6269135802469137,0.6269135802469137,0.6269135802469137,0.0,10
Bank Marketing,GaussianCopula,Privacy,Mahalanobis_Distance,4.569163692549475,4.569163692549475,4.569163692549475,4.569163692549475,4.569163692549475,4.569163692549475,4.569163692549475,4.569163692549475,4.569163692549475,4.569163692549475,4.569163692549475,0.0,10
Bank Marketing,GaussianCopula,Privacy,Mean_Distance,4.569163692549475,4.569163692549475,4.569163692549475,4.569163692549475,4.569163692549475,4.569163692549475,4.569163692549475,4.569163692549475,4.569163692549475,4.569163692549475,4.569163692549475,0.0,10
Bank Marketing,GaussianCopula,Privacy,Median_Distance,4.160603666732447,4.160603666732447,4.160603666732447,4.160603666732447,4.160603666732447,4.160603666732447,4.160603666732447,4.160603666732447,4.160603666732447,4.160603666732447,4.160603666732447,0.0,10
Bank Marketing,GaussianCopula,Privacy,NNDR,0.8875044863435921,0.8875044863435921,0.8875044863435921,0.8875044863435921,0.8875044863435921,0.8875044863435921,0.8875044863435921,0.8875044863435921,0.8875044863435921,0.8875044863435921,0.8875044863435921,0.0,10
Bank Marketing,GaussianCopula,Utility,Accuracy_Gap,0.0271666666666666,0.0271666666666666,0.0271666666666666,0.0271666666666666,0.0271666666666666,0.0271666666666666,0.0271666666666666,0.0271666666666666,0.0271666666666666,0.0271666666666666,0.0271666666666666,0.0,10
Bank Marketing,GaussianCopula,Utility,Accuracy_TRTR,0.8696666666666667,0.8696666666666667,0.8696666666666667,0.8696666666666667,0.8696666666666667,0.8696666666666667,0.8696666666666667,0.8696666666666667,0.8696666666666667,0.8696666666666667,0.8696666666666667,0.0,10
Bank Marketing,GaussianCopula,Utility,Accuracy_TSTR,0.8425,0.8425,0.8425,0.8425,0.8425,0.8425,0.8425,0.8425,0.8425,0.8425,0.8425,0.0,10
Bank Marketing,GaussianCopula,Utility,F1_Gap,0.0413875842173721,0.0413875842173721,0.0413875842173721,0.0413875842173721,0.0413875842173721,0.0413875842173721,0.0413875842173721,0.0413875842173721,0.0413875842173721,0.0413875842173721,0.0413875842173721,0.0,10
Bank Marketing,GaussianCopula,Utility,F1_TRTR,0.8477132790458966,0.8477132790458966,0.8477132790458966,0.8477132790458966,0.8477132790458966,0.8477132790458966,0.8477132790458966,0.8477132790458966,0.8477132790458966,0.8477132790458966,0.8477132790458966,0.0,10
Bank Marketing,GaussianCopula,Utility,F1_TSTR,0.8063256948285245,0.8063256948285245,0.8063256948285245,0.8063256948285245,0.8063256948285245,0.8063256948285245,0.8063256948285245,0.8063256948285245,0.8063256948285245,0.8063256948285245,0.8063256948285245,0.0,10
Bank Marketing,GaussianCopula,Utility,Precision_Gap,0.0645108892076182,0.0645108892076182,0.0645108892076182,0.0645108892076182,0.0645108892076182,0.0645108892076182,0.0645108892076182,0.0645108892076182,0.0645108892076182,0.0645108892076182,0.06451088920761819,0.0,10
Bank Marketing,GaussianCopula,Utility,Precision_TRTR,0.8395155351764882,0.8395155351764882,0.8395155351764882,0.8395155351764882,0.8395155351764882,0.8395155351764882,0.8395155351764882,0.8395155351764882,0.8395155351764882,0.8395155351764882,0.8395155351764882,0.0,10
Bank Marketing,GaussianCopula,Utility,Precision_TSTR,0.77500464596887,0.77500464596887,0.77500464596887,0.77500464596887,0.77500464596887,0.77500464596887,0.77500464596887,0.77500464596887,0.77500464596887,0.77500464596887,0.7750046459688701,0.0,10
Bank Marketing,GaussianCopula,Utility,ROC_AUC_Gap,0.1342514285714287,0.1342514285714287,0.1342514285714287,0.1342514285714287,0.1342514285714287,0.1342514285714287,0.1342514285714287,0.1342514285714287,0.1342514285714287,0.1342514285714287,0.1342514285714287,0.0,10
Bank Marketing,GaussianCopula,Utility,ROC_AUC_TRTR,0.8143161904761904,0.8143161904761904,0.8143161904761904,0.8143161904761904,0.8143161904761904,0.8143161904761904,0.8143161904761904,0.8143161904761904,0.8143161904761904,0.8143161904761904,0.8143161904761904,0.0,10
Bank Marketing,GaussianCopula,Utility,ROC_AUC_TSTR,0.6800647619047617,0.6800647619047617,0.6800647619047617,0.6800647619047617,0.6800647619047617,0.6800647619047617,0.6800647619047617,0.6800647619047617,0.6800647619047617,0.6800647619047617,0.6800647619047616,0.0,10
Bank Marketing,GaussianCopula,Utility,Recall_Gap,0.0271666666666666,0.0271666666666666,0.0271666666666666,0.0271666666666666,0.0271666666666666,0.0271666666666666,0.0271666666666666,0.0271666666666666,0.0271666666666666,0.0271666666666666,0.0271666666666666,0.0,10
Bank Marketing,GaussianCopula,Utility,Recall_TRTR,0.8696666666666667,0.8696666666666667,0.8696666666666667,0.8696666666666667,0.8696666666666667,0.8696666666666667,0.8696666666666667,0.8696666666666667,0.8696666666666667,0.8696666666666667,0.8696666666666667,0.0,10
Bank Marketing,GaussianCopula,Utility,Recall_TSTR,0.8425,0.8425,0.8425,0.8425,0.8425,0.8425,0.8425,0.8425,0.8425,0.8425,0.8425,0.0,10
Bank Marketing,TVAE,Compute,evaluation_time_seconds,5.63065062102396,5.122640335001051,6.693085153994616,6.675037487992086,4.12650997901801,4.966122526966501,4.57593613001518,4.301611081988085,5.524126824981067,6.26817758200923,5.388389772298979,0.9363804832614478,10
Bank Marketing,TVAE,Compute,generation_time_seconds,0.0,0.0,0.0,0.0,0.0,0.0,0.0,0.0,0.0,0.0,0.0,0.0,10
Bank Marketing,TVAE,Compute,total_time_seconds,20.24542240099981,23.57460644497769,22.78630620101467,19.80189594399417,20.66945821599802,22.18455739598721,22.59374518704135,18.43937341199489,18.5368174299947,23.39033718901919,21.222251982102172,1.9356484996252303,10
Bank Marketing,TVAE,Compute,training_time_seconds,14.58223823498702,18.40563334600301,16.0553865939728,13.0970195629634,16.49160867702449,17.17291931901127,17.98753124597715,14.10731241799658,12.98168420302682,17.06356369197601,15.794489729293854,1.9775546664975154,10
Bank Marketing,TVAE,Fidelity,KS_Complement,0.7422857142857143,0.7376428571428572,0.7430714285714286,0.75225,0.7300714285714286,0.7411785714285715,0.7420000000000001,0.7626071428571428,0.7413214285714286,0.7462857142857143,0.7438714285714286,0.00867116576051099,10
Bank Marketing,TVAE,Fidelity,MMD,0.0781991447071446,0.0882568505616436,0.0950524620206036,0.1081274930183629,0.1119826003338066,0.099782714628182,0.1043512834761865,0.0764477082113646,0.0847142468171697,0.0915455343856264,0.09384600381600905,0.012235661513232918,10
Bank Marketing,TVAE,Fidelity,Quality_Score,0.7354776824842392,0.7183138927406787,0.7241332072532987,0.7291947469539191,0.7253441175190182,0.7422982939959826,0.7217168460904022,0.7448141600008382,0.730717260878849,0.7403883017536905,0.7312398509670917,0.009163284359469006,10
Bank Marketing,TVAE,Fidelity,Wasserstein_Distance,193.78825,197.9975357142856,191.4120357142857,192.0188214285714,186.0773928571429,192.5698928571428,188.3218928571428,188.1638928571428,193.63175,185.4318214285714,190.94132857142853,3.912320968272757,10
Bank Marketing,TVAE,Privacy,MIA_AUC,0.9998765432098766,1.0,0.9997530864197532,0.9985185185185186,1.0,0.9995061728395062,0.9995061728395064,0.9995061728395062,0.9909876543209876,0.9977777777777778,0.9985432098765432,0.0027475415813934716,10
Bank Marketing,TVAE,Privacy,Mahalanobis_Distance,4.872607731649516,4.970116383006145,4.954962778947744,4.899146181337084,5.017512260482126,4.913389290684465,4.917329437024122,4.937156243011442,3.74185904131796,4.572864041972858,4.779694338943346,0.3841196969474017,10
Bank Marketing,TVAE,Privacy,Mean_Distance,4.872607731649516,4.970116383006145,4.954962778947744,4.899146181337084,5.017512260482126,4.913389290684465,4.917329437024122,4.937156243011442,3.74185904131796,4.572864041972858,4.779694338943346,0.3841196969474017,10
Bank Marketing,TVAE,Privacy,Median_Distance,4.885458377848474,4.99784986685321,4.960757693041757,4.944129716672236,5.04507413139018,4.927156437378732,4.941937111705782,4.942491697702421,3.722270217113921,4.58303217296782,4.795015742267453,0.39694280681377053,10
Bank Marketing,TVAE,Privacy,NNDR,0.9269124461220464,0.9177944005104032,0.9162666595331266,0.9184976173423296,0.9112678931780224,0.9223509572695818,0.9194700959017994,0.9185164538351964,0.8743840119635031,0.9226455208084366,0.9148106056464446,0.014800972076661999,10
Bank Marketing,TVAE,Utility,Accuracy_Gap,0.0998333333333333,0.0535000000000001,0.0389999999999999,0.115,0.0276666666666667,0.1156666666666667,0.0478333333333331,0.0178333333333332,0.0853333333333334,0.0331666666666669,0.06348333333333334,0.03712694688747226,10
Bank Marketing,TVAE,Utility,Accuracy_TRTR,0.8696666666666667,0.8696666666666667,0.8696666666666667,0.8696666666666667,0.8696666666666667,0.8696666666666667,0.8696666666666667,0.8696666666666667,0.8696666666666667,0.8696666666666667,0.8696666666666667,0.0,10
Bank Marketing,TVAE,Utility,Accuracy_TSTR,0.7698333333333334,0.8161666666666666,0.8306666666666668,0.7546666666666667,0.842,0.754,0.8218333333333335,0.8518333333333334,0.7843333333333332,0.8364999999999998,0.8061833333333335,0.03712694688747225,10
Bank Marketing,TVAE,Utility,F1_Gap,0.066687174590745,0.0417011100137055,0.0321536766174143,0.0831931782260252,0.0224893961293035,0.0776293870708192,0.0395845727744503,0.013404019213714,0.049408839812792,0.0252025192810921,0.04514538737300611,0.023840131622207158,10
Bank Marketing,TVAE,Utility,F1_TRTR,0.8477132790458966,0.8477132790458966,0.8477132790458966,0.8477132790458966,0.8477132790458966,0.8477132790458966,0.8477132790458966,0.8477132790458966,0.8477132790458966,0.8477132790458966,0.8477132790458966,0.0,10
Bank Marketing,TVAE,Utility,F1_TSTR,0.7810261044551515,0.806012169032191,0.8155596024284822,0.7645201008198713,0.825223882916593,0.7700838919750773,0.8081287062714462,0.8343092598321825,0.7983044392331045,0.8225107597648044,0.8025678916728906,0.02384013162220715,10
Bank Marketing,TVAE,Utility,Precision_Gap,0.0153072014645068,0.0388377180450592,0.0253938122526279,0.0253433723122363,0.0241764973929374,0.002089039081771,0.0395711328310072,-0.0123220592567698,-0.0101692068047953,0.0209921317179324,0.01692196390365131,0.018308891362669288,10
Bank Marketing,TVAE,Utility,Precision_TRTR,0.8395155351764882,0.8395155351764882,0.8395155351764882,0.8395155351764882,0.8395155351764882,0.8395155351764882,0.8395155351764882,0.8395155351764882,0.8395155351764882,0.8395155351764882,0.8395155351764882,0.0,10
Bank Marketing,TVAE,Utility,Precision_TSTR,0.8242083337119814,0.800677817131429,0.8141217229238603,0.8141721628642519,0.8153390377835508,0.8374264960947172,0.799944402345481,0.8518375944332581,0.8496847419812836,0.8185234034585558,0.8225935712728368,0.018308891362669322,10
Bank Marketing,TVAE,Utility,ROC_AUC_Gap,0.1670361904761904,0.1854628571428573,0.1050971428571428,0.1783047619047617,0.0907695238095237,0.1193714285714287,0.1699161904761906,0.0826438095238095,0.0561599999999998,0.1040114285714285,0.1258773333333333,0.0457614657347533,10
Bank Marketing,TVAE,Utility,ROC_AUC_TRTR,0.8143161904761904,0.8143161904761904,0.8143161904761904,0.8143161904761904,0.8143161904761904,0.8143161904761904,0.8143161904761904,0.8143161904761904,0.8143161904761904,0.8143161904761904,0.8143161904761904,0.0,10
Bank Marketing,TVAE,Utility,ROC_AUC_TSTR,0.64728,0.6288533333333332,0.7092190476190476,0.6360114285714287,0.7235466666666667,0.6949447619047617,0.6443999999999999,0.7316723809523809,0.7581561904761905,0.7103047619047619,0.6884388571428571,0.04576146573475328,10
Bank Marketing,TVAE,Utility,Recall_Gap,0.0998333333333333,0.0535000000000001,0.0389999999999999,0.115,0.0276666666666667,0.1156666666666667,0.0478333333333331,0.0178333333333332,0.0853333333333334,0.0331666666666669,0.06348333333333334,0.03712694688747226,10
Bank Marketing,TVAE,Utility,Recall_TRTR,0.8696666666666667,0.8696666666666667,0.8696666666666667,0.8696666666666667,0.8696666666666667,0.8696666666666667,0.8696666666666667,0.8696666666666667,0.8696666666666667,0.8696666666666667,0.8696666666666667,0.0,10
Bank Marketing,TVAE,Utility,Recall_TSTR,0.7698333333333334,0.8161666666666666,0.8306666666666668,0.7546666666666667,0.842,0.754,0.8218333333333335,0.8518333333333334,0.7843333333333332,0.8364999999999998,0.8061833333333335,0.03712694688747225,10
Bank Marketing,TabDDPM,Compute,evaluation_time_seconds,5.557992707996164,5.599452843016479,7.234636278008111,4.630440514010843,5.74842203798471,6.178629995964002,5.670566610991955,5.697929379006382,5.796785924001597,7.023290921002626,5.913814721198287,0.750180926839831,10
Bank Marketing,TabDDPM,Compute,generation_time_seconds,0.0,0.0,0.0,0.0,0.0,0.0,0.0,0.0,0.0,0.0,0.0,0.0,10
Bank Marketing,TabDDPM,Compute,total_time_seconds,21.59649395797169,21.21603927901015,16.33676601498155,11.59814351802925,21.61392065399559,22.23828963801498,13.13266776001547,22.17788069800008,22.2177859749645,15.78032060101395,18.79083080959972,4.15878567238481,10
Bank Marketing,TabDDPM,Compute,training_time_seconds,16.00548134697601,15.55749436502811,9.05991211195942,6.929045784985647,15.8322686200263,16.01070273801452,7.411765345954336,16.44363811303629,16.36404274299275,8.717965135991108,12.833231630496448,4.1833273436605705,10
Bank Marketing,TabDDPM,Fidelity,KS_Complement,0.4221428571428572,0.3977857142857143,0.4056428571428571,0.3804642857142858,0.4670357142857143,0.3885714285714285,0.3970357142857143,0.4764285714285715,0.4316071428571428,0.3760714285714286,0.4142785714285714,0.03482658610563548,10
Bank Marketing,TabDDPM,Fidelity,MMD,0.3856036424080777,0.3982801835841038,0.4031590984119908,0.3295530681355867,0.3542277988150657,0.407991172477298,0.4214845686185286,0.3806304079158908,0.3671726097926763,0.3778118192783522,0.3825914369437571,0.02732124987408239,10
Bank Marketing,TabDDPM,Fidelity,Quality_Score,0.3594013700005465,0.3688708004774514,0.412813880202912,0.3709469015835178,0.4029119152520773,0.3762654512830113,0.3842655131697068,0.4020941365693094,0.3867019131303356,0.3904387948140279,0.38547106764828964,0.01701854680247783,10
Bank Marketing,TabDDPM,Fidelity,Wasserstein_Distance,1565.798399643851,2313.755482579356,2757.177649116336,1112.591389984521,978.164703727054,2679.040700775767,3050.467441179263,1314.197143268211,1514.864042308192,2230.262447162388,1951.6319399744941,744.7460130110202,10
Bank Marketing,TabDDPM,Privacy,MIA_AUC,1.0,1.0,0.9990123456790124,0.9993827160493828,0.9997530864197532,1.0,1.0,0.999753086419753,0.9997530864197532,0.9998765432098764,0.999753086419753,0.000324033245844073,10
Bank Marketing,TabDDPM,Privacy,Mahalanobis_Distance,18.56825388432749,16.30738855501952,20.32742166640276,18.13152121276367,15.69794284985935,20.1176945335357,19.75378785439398,18.59520523644086,19.15555645693302,18.09318231606792,18.474795456574427,1.524826409366629,10
Bank Marketing,TabDDPM,Privacy,Mean_Distance,18.56825388432749,16.30738855501952,20.32742166640276,18.13152121276367,15.69794284985935,20.1176945335357,19.75378785439398,18.59520523644086,19.15555645693302,18.09318231606792,18.474795456574427,1.524826409366629,10
Bank Marketing,TabDDPM,Privacy,Median_Distance,18.02120053435202,16.60491854696819,19.97456488259546,18.1859780245357,16.52573918082037,20.85890838556787,19.82866263727335,18.42034342480672,19.84743112209257,18.10619682420396,18.637394356321618,1.4571378963897572,10
Bank Marketing,TabDDPM,Privacy,NNDR,0.951253315633348,0.944368485521858,0.9741951799339992,0.9598725853136232,0.952303304639179,0.9736354780310562,0.9677873801250024,0.9631266280774212,0.9708138068275464,0.9500844435407362,0.960744060764377,0.01078925899473432,10
Bank Marketing,TabDDPM,Utility,Accuracy_Gap,0.1178333333333332,0.2015000000000002,0.2215,-0.001,0.0090000000000001,0.2039999999999998,0.0806666666666667,0.0213333333333334,0.0296666666666668,0.073,0.09575000000000002,0.08611226701733146,10
Bank Marketing,TabDDPM,Utility,Accuracy_TRTR,0.8696666666666667,0.8696666666666667,0.8696666666666667,0.8696666666666667,0.8696666666666667,0.8696666666666667,0.8696666666666667,0.8696666666666667,0.8696666666666667,0.8696666666666667,0.8696666666666667,0.0,10
Bank Marketing,TabDDPM,Utility,Accuracy_TSTR,0.7518333333333335,0.6681666666666665,0.6481666666666667,0.8706666666666667,0.8606666666666666,0.6656666666666669,0.7889999999999999,0.8483333333333333,0.8399999999999999,0.7966666666666666,0.7739166666666667,0.08611226701733146,10
Bank Marketing,TabDDPM,Utility,F1_Gap,0.0895929851046677,0.2122950673947158,0.1827380187117029,0.0302997787022834,0.0350541580061836,0.1656061463405212,0.0627692819770092,0.0417941363321421,0.0374603431832047,0.0712094613227053,0.09288193770751359,0.06827379695296051,10
Bank Marketing,TabDDPM,Utility,F1_TRTR,0.8477132790458966,0.8477132790458966,0.8477132790458966,0.8477132790458966,0.8477132790458966,0.8477132790458966,0.8477132790458966,0.8477132790458966,0.8477132790458966,0.8477132790458966,0.8477132790458966,0.0,10
Bank Marketing,TabDDPM,Utility,F1_TSTR,0.7581202939412288,0.6354182116511807,0.6649752603341936,0.8174135003436132,0.8126591210397129,0.6821071327053754,0.7849439970688873,0.8059191427137544,0.8102529358626918,0.7765038177231912,0.7548313413383829,0.0682737969529605,10
Bank Marketing,TabDDPM,Utility,Precision_Gap,0.0621004105397677,0.0594110368909649,0.050790916489799,0.0555538949648479,0.0680789001520099,0.0460046035612171,0.0485495341823312,0.0706999884374348,0.0487831961415835,0.0674920704748354,0.05774645518347915,0.009111893976836127,10
Bank Marketing,TabDDPM,Utility,Precision_TRTR,0.8395155351764882,0.8395155351764882,0.8395155351764882,0.8395155351764882,0.8395155351764882,0.8395155351764882,0.8395155351764882,0.8395155351764882,0.8395155351764882,0.8395155351764882,0.8395155351764882,0.0,10
Bank Marketing,TabDDPM,Utility,Precision_TSTR,0.7774151246367205,0.7801044982855233,0.7887246186866892,0.7839616402116403,0.7714366350244783,0.7935109316152711,0.790966000994157,0.7688155467390534,0.7907323390349047,0.7720234647016528,0.781769079993009,0.00911189397683612,10
Bank Marketing,TabDDPM,Utility,ROC_AUC_Gap,0.3097485714285714,0.3181180952380951,0.3141066666666666,0.1966857142857144,0.3169980952380951,0.2587390476190476,0.2510133333333333,0.3188914285714287,0.2898666666666667,0.3876609523809523,0.29618285714285714,0.051300359469826605,10
Bank Marketing,TabDDPM,Utility,ROC_AUC_TRTR,0.8143161904761904,0.8143161904761904,0.8143161904761904,0.8143161904761904,0.8143161904761904,0.8143161904761904,0.8143161904761904,0.8143161904761904,0.8143161904761904,0.8143161904761904,0.8143161904761904,0.0,10
Bank Marketing,TabDDPM,Utility,ROC_AUC_TSTR,0.504567619047619,0.4961980952380953,0.5002095238095238,0.6176304761904761,0.4973180952380953,0.5555771428571428,0.5633028571428571,0.4954247619047618,0.5244495238095237,0.4266552380952381,0.5181333333333332,0.051300359469826626,10
Bank Marketing,TabDDPM,Utility,Recall_Gap,0.1178333333333332,0.2015000000000002,0.2215,-0.001,0.0090000000000001,0.2039999999999998,0.0806666666666667,0.0213333333333334,0.0296666666666668,0.073,0.09575000000000002,0.08611226701733146,10
Bank Marketing,TabDDPM,Utility,Recall_TRTR,0.8696666666666667,0.8696666666666667,0.8696666666666667,0.8696666666666667,0.8696666666666667,0.8696666666666667,0.8696666666666667,0.8696666666666667,0.8696666666666667,0.8696666666666667,0.8696666666666667,0.0,10
Bank Marketing,TabDDPM,Utility,Recall_TSTR,0.7518333333333335,0.6681666666666665,0.6481666666666667,0.8706666666666667,0.8606666666666666,0.6656666666666669,0.7889999999999999,0.8483333333333333,0.8399999999999999,0.7966666666666666,0.7739166666666667,0.08611226701733146,10
Bank Marketing,WGAN-GP,Compute,evaluation_time_seconds,4.118568915000651,6.574928791029379,6.348561896011233,5.628577455005143,3.555524625990074,8.79602544096997,6.225111304025631,9.48410842899466,3.343406905012671,10.16097048902884,6.423578425106825,2.4195880358777617,10
Bank Marketing,WGAN-GP,Compute,generation_time_seconds,0.0,0.0,0.0,0.0,0.0,0.0,0.0,0.0,0.0,0.0,0.0,0.0,10
Bank Marketing,WGAN-GP,Compute,total_time_seconds,32.92538602399873,34.63756724400446,36.72223589802161,27.30380193097517,31.45830443705199,37.25168017699616,26.47194319299888,38.16165797499707,31.88359377300367,42.94707494002068,33.976324559206844,5.048204529947625,10
Bank Marketing,WGAN-GP,Compute,training_time_seconds,28.77555274596671,28.02995776600437,30.32594796601916,21.64174658199772,27.87003624503268,28.42131042003166,20.2164019329939,28.64441982400604,28.50919890601654,32.7259232889628,27.516049567703156,3.7695479109044765,10
Bank Marketing,WGAN-GP,Fidelity,KS_Complement,0.7451428571428572,0.7359285714285714,0.747107142857143,0.7623571428571428,0.738857142857143,0.7183214285714287,0.7045714285714286,0.7286785714285714,0.7271428571428571,0.7344285714285715,0.7342535714285715,0.016035157041259945,10
Bank Marketing,WGAN-GP,Fidelity,MMD,0.0204647340595048,0.0171435200413748,0.019416822362993,0.0197754752459061,0.0289494052366435,0.0225655014776874,0.0186134539472614,0.0157257261389407,0.0193549068300805,0.0283945532215345,0.021040409856192672,0.004418291326814006,10
Bank Marketing,WGAN-GP,Fidelity,Quality_Score,0.5947850231104391,0.6292365984426569,0.611755475224938,0.6102806387313088,0.6114375917470569,0.6076840940044561,0.5987105706665995,0.603827353192385,0.6060462470195617,0.6159510394319954,0.6089714631571397,0.009534462166465555,10
Bank Marketing,WGAN-GP,Fidelity,Wasserstein_Distance,148.0320239321193,176.3779111118413,164.6550823363161,182.5824131426792,184.0808904826179,175.2124958765106,160.4194266279131,187.7667534083855,163.8251168780402,202.1060272245137,174.5058141020937,15.666468258805375,10
Bank Marketing,WGAN-GP,Privacy,MIA_AUC,0.655679012345679,0.6598765432098765,0.9753086419753086,1.0,0.7920987654320988,0.5687654320987653,0.6508641975308642,0.6429629629629631,0.6639506172839507,0.5901234567901233,0.719962962962963,0.15279926883248443,10
Bank Marketing,WGAN-GP,Privacy,Mahalanobis_Distance,3.509458152227051,3.491027643993339,3.842852504731779,5.262996163888706,3.737056947004187,3.524050746666178,3.421304398151511,3.542398276853899,3.45014389732808,3.855005554886201,3.7636294285730933,0.550166453473408,10
Bank Marketing,WGAN-GP,Privacy,Mean_Distance,3.509458152227051,3.491027643993339,3.842852504731779,5.262996163888706,3.737056947004187,3.524050746666178,3.421304398151511,3.542398276853899,3.45014389732808,3.855005554886201,3.7636294285730933,0.550166453473408,10
Bank Marketing,WGAN-GP,Privacy,Median_Distance,3.482141966450858,3.48115475574805,3.791903166300172,5.269800518385173,3.731921085148477,3.519236986301797,3.397850505831871,3.483796988055097,3.424845080198682,3.818632919501681,3.7401283971921857,0.5591152357945732,10
Bank Marketing,WGAN-GP,Privacy,NNDR,0.9122186877197695,0.9096873513717978,0.9232412633408078,0.9421088972570916,0.9101239499881508,0.9132051423197928,0.9193400026574524,0.9173388210653252,0.9225693010704348,0.917834539345396,0.918766795613602,0.00950739589475551,10
Bank Marketing,WGAN-GP,Utility,Accuracy_Gap,,0.0015,0.0010000000000001,0.0558333333333332,,-2.220446049250313e-16,0.0018333333333333,0.0031666666666667,,0.0056666666666667,0.009857142857142825,0.020355049553563872,7
Bank Marketing,WGAN-GP,Utility,Accuracy_TRTR,0.8696666666666667,0.8696666666666667,0.8696666666666667,0.8696666666666667,0.8696666666666667,0.8696666666666667,0.8696666666666667,0.8696666666666667,0.8696666666666667,0.8696666666666667,0.8696666666666667,0.0,10
Bank Marketing,WGAN-GP,Utility,Accuracy_TSTR,,0.8681666666666666,0.8686666666666666,0.8138333333333334,,0.8696666666666669,0.8678333333333333,0.8664999999999999,,0.864,0.8598095238095238,0.020355049553563893,7
Bank Marketing,WGAN-GP,Utility,F1_Gap,,0.0315134330494198,0.0289522529170573,0.0329750085969773,,0.0337143276299306,0.0204267724310272,0.0204978594089146,,0.007698208291946,0.025111123189324687,0.009469553134821566,7
Bank Marketing,WGAN-GP,Utility,F1_TRTR,0.8477132790458966,0.8477132790458966,0.8477132790458966,0.8477132790458966,0.8477132790458966,0.8477132790458966,0.8477132790458966,0.8477132790458966,0.8477132790458966,0.8477132790458966,0.8477132790458966,0.0,10
Bank Marketing,WGAN-GP,Utility,F1_TSTR,,0.8161998459964767,0.8187610261288392,0.8147382704489192,,0.8139989514159659,0.8272865066148694,0.8272154196369819,,0.8400150707539505,0.8226021558565718,0.009469553134821587,7
Bank Marketing,WGAN-GP,Utility,Precision_Gap,,0.0534088418838811,0.0427825160754267,0.0152491208235535,,0.0744792084089962,0.0352344821033195,0.0278449521632169,,-0.0014888156052469,0.03535861512187814,0.024933047891139776,7
Bank Marketing,WGAN-GP,Utility,Precision_TRTR,0.8395155351764882,0.8395155351764882,0.8395155351764882,0.8395155351764882,0.8395155351764882,0.8395155351764882,0.8395155351764882,0.8395155351764882,0.8395155351764882,0.8395155351764882,0.8395155351764882,0.0,10
Bank Marketing,WGAN-GP,Utility,Precision_TSTR,,0.7861066932926071,0.7967330191010615,0.8242664143529347,,0.765036326767492,0.8042810530731687,0.8116705830132713,,0.8410043507817352,0.80415692005461,0.0249330478911398,7
Bank Marketing,WGAN-GP,Utility,ROC_AUC_Gap,,0.1297599999999998,0.235950476190476,0.0711542857142856,,0.3103771428571429,0.1263390476190474,0.0962704761904761,,0.1180952380952381,0.15542095238095227,0.08562858335584182,7
Bank Marketing,WGAN-GP,Utility,ROC_AUC_TRTR,0.8143161904761904,0.8143161904761904,0.8143161904761904,0.8143161904761904,0.8143161904761904,0.8143161904761904,0.8143161904761904,0.8143161904761904,0.8143161904761904,0.8143161904761904,0.8143161904761904,0.0,10
Bank Marketing,WGAN-GP,Utility,ROC_AUC_TSTR,,0.6845561904761907,0.5783657142857144,0.7431619047619048,,0.5039390476190475,0.6879771428571431,0.7180457142857143,,0.6962209523809523,0.6588952380952381,0.08562858335584182,7
Bank Marketing,WGAN-GP,Utility,Recall_Gap,,0.0015,0.0010000000000001,0.0558333333333332,,-2.220446049250313e-16,0.0018333333333333,0.0031666666666667,,0.0056666666666667,0.009857142857142825,0.020355049553563872,7
Bank Marketing,WGAN-GP,Utility,Recall_TRTR,0.8696666666666667,0.8696666666666667,0.8696666666666667,0.8696666666666667,0.8696666666666667,0.8696666666666667,0.8696666666666667,0.8696666666666667,0.8696666666666667,0.8696666666666667,0.8696666666666667,0.0,10
Bank Marketing,WGAN-GP,Utility,Recall_TSTR,,0.8681666666666666,0.8686666666666666,0.8138333333333334,,0.8696666666666669,0.8678333333333333,0.8664999999999999,,0.864,0.8598095238095238,0.020355049553563893,7
CDC Diabetes,CTABGAN,Compute,evaluation_time_seconds,23.19530551997013,15.91074230195954,17.00598073215224,49.71929629798979,48.01765479403548,18.95408984879032,31.59336596100184,34.24001611999847,28.28536954599986,769.4537053449967,103.63755264668944,234.24571655229855,10
CDC Diabetes,CTABGAN,Compute,generation_time_seconds,0.0,0.0,0.0,0.0,0.0,0.0,0.0,0.0,0.0,0.0,0.0,0.0,10
CDC Diabetes,CTABGAN,Compute,total_time_seconds,1203.778830509167,2309.193110476946,1140.926956081996,1159.070919384947,1174.502189354971,1104.012381340843,1353.077102659998,1344.789702314003,977.6693262560002,2180.801200515998,1394.782171889487,462.0906413184661,10
CDC Diabetes,CTABGAN,Compute,training_time_seconds,1176.845796372043,2293.264198716963,1123.905473742168,1109.142126107821,1126.42848282191,1084.890930822119,1321.347955140998,1310.348766016003,949.2577427959986,1411.126523790001,1290.6557996326023,377.2170972864126,10
CDC Diabetes,CTABGAN,Fidelity,KS_Complement,0.3805681818181817,0.3820227272727272,0.3498977272727273,0.957034090909091,0.942659090909091,0.9435113636363636,0.9407954545454548,0.941818181818182,0.9521590909090908,0.9651477272727272,0.7755613636363636,0.27952666101522333,10
CDC Diabetes,CTABGAN,Fidelity,MMD,0.1605145274033971,0.081353880056083,0.2223786991547748,0.0237982021809988,0.061608248017059,0.0846108776894711,0.0904103552449399,0.0861624921423157,0.0329278118298361,0.0169975671580077,0.08607626608768833,0.06345296950633313,10
CDC Diabetes,CTABGAN,Fidelity,Quality_Score,0.05347736932951,0.0555285056931463,0.05316486932951,3.4027776584110036e-10,3.4027778681197966e-10,3.4027777385937775e-10,3.402777781769117e-10,3.402777800272834e-10,3.402777880455609e-10,3.4027775288849836e-10,0.016217074673411068,0.026118984572980973,10
CDC Diabetes,CTABGAN,Fidelity,Wasserstein_Distance,0.4859271229612763,0.5102770186401856,1.297434106239391,0.2114545454545455,0.3972272727272728,0.4713863636363639,0.5381818181818182,0.5001590909090909,0.2558409090909092,0.1585000000000001,0.48263882478408543,0.31719674125135744,10
CDC Diabetes,CTABGAN,Privacy,MIA_AUC,0.9537037037037036,0.7907407407407407,0.95,0.9590123456790124,0.9191358024691358,0.8616049382716049,0.8474074074074074,0.8859259259259259,0.9449382716049384,0.964074074074074,0.9076543209876542,0.05882894171645558,10
CDC Diabetes,CTABGAN,Privacy,Mahalanobis_Distance,6.11941773389808,5.977290639477169,6.248062627059391,6.174628177664175,6.958591708485232,7.055778081808806,6.889536760636938,6.868377901766312,6.162871878080592,5.989966438749388,6.444452194762609,0.43931487249219936,10
CDC Diabetes,CTABGAN,Privacy,Mean_Distance,6.11941773389808,5.977290639477169,6.248062627059391,6.174628177664175,6.958591708485232,7.055778081808806,6.889536760636938,6.868377901766312,6.162871878080592,5.989966438749388,6.444452194762609,0.43931487249219936,10
CDC Diabetes,CTABGAN,Privacy,Median_Distance,6.211003454420759,5.996485317672958,6.061560629649479,6.05091189110084,6.978344685426205,7.003965461869365,6.847404836275579,6.84938313636251,6.119496608008804,5.903690935462198,6.402224695624869,0.4547619647303588,10
CDC Diabetes,CTABGAN,Privacy,NNDR,0.9017682561833432,0.8840160314590944,0.9081060534869744,0.9227580230626972,0.9357555239139952,0.9313978198232256,0.92962530512287,0.9271190136706102,0.9194535589753908,0.916016169286642,0.9176015754984844,0.01583397864771765,10
CDC Diabetes,CTABGAN,Utility,Accuracy_Gap,0.4189666666666668,0.2616666666666667,0.2419333333333334,0.0114666666666668,0.0287000000000002,-3.333333333344068e-05,0.045,0.0035666666666667,0.0092333333333332,0.0029333333333333,0.10234333333333337,0.1493985820168384,10
CDC Diabetes,CTABGAN,Utility,Accuracy_TRTR,0.8309000000000001,0.8309000000000001,0.8309000000000001,0.8309000000000001,0.8309000000000001,0.8309000000000001,0.8309000000000001,0.8309000000000001,0.8309000000000001,0.8309000000000001,0.8309000000000001,0.0,10
CDC Diabetes,CTABGAN,Utility,Accuracy_TSTR,0.4119333333333333,0.5692333333333334,0.5889666666666666,0.8194333333333332,0.8021999999999998,0.8309333333333335,0.7859,0.8273333333333334,0.8216666666666669,0.8279666666666667,0.7285566666666667,0.14939858201683837,10
CDC Diabetes,CTABGAN,Utility,F1_Gap,0.4355685512394051,0.2128392332109985,0.2073707782106062,0.0028978426942462,0.0319602331772949,0.0137186855359126,0.0431911203882149,0.0148927056284192,0.0059738589972464,-9.600498109862964e-05,0.09683170041012454,0.14437619753600955,10
CDC Diabetes,CTABGAN,Utility,F1_TRTR,0.8033546059916947,0.8033546059916947,0.8033546059916947,0.8033546059916947,0.8033546059916947,0.8033546059916947,0.8033546059916947,0.8033546059916947,0.8033546059916947,0.8033546059916947,0.8033546059916947,0.0,10
CDC Diabetes,CTABGAN,Utility,F1_TSTR,0.3677860547522896,0.5905153727806962,0.5959838277810885,0.8004567632974485,0.7713943728143998,0.7896359204557821,0.7601634856034798,0.7884619003632755,0.7973807469944483,0.8034506109727934,0.70652290558157,0.14437619753600958,10
CDC Diabetes,CTABGAN,Utility,Precision_Gap,0.1083794140886277,0.0010010996870193,0.0313589903966079,0.0082427143168336,0.0493292602652173,0.0399704735762626,0.0414753191900421,0.0404458715086327,0.0020022609318368,0.0010155918932157,0.03232209958542957,0.03290284144542075,10
CDC Diabetes,CTABGAN,Utility,Precision_TRTR,0.79977359057349,0.79977359057349,0.79977359057349,0.79977359057349,0.79977359057349,0.79977359057349,0.79977359057349,0.79977359057349,0.79977359057349,0.79977359057349,0.79977359057349,0.0,10
CDC Diabetes,CTABGAN,Utility,Precision_TSTR,0.6913941764848622,0.7987724908864706,0.768414600176882,0.7915308762566563,0.7504443303082726,0.7598031169972274,0.7582982713834479,0.7593277190648572,0.7977713296416531,0.7987579986802742,0.7674514909880603,0.03290284144542074,10
CDC Diabetes,CTABGAN,Utility,ROC_AUC_Gap,0.3110836499770224,0.0446801058094309,0.1375842048040175,0.0353155788694978,0.2555329981954113,0.1294705605433942,0.1648388199558382,0.1733391618189358,0.0307924778909848,0.031554664469776,0.1314192222334309,0.09857752013255541,10
CDC Diabetes,CTABGAN,Utility,ROC_AUC_TRTR,0.7153842597262854,0.7153842597262854,0.7153842597262854,0.7153842597262854,0.7153842597262854,0.7153842597262854,0.7153842597262854,0.7153842597262854,0.7153842597262854,0.7153842597262854,0.7153842597262854,0.0,10
CDC Diabetes,CTABGAN,Utility,ROC_AUC_TSTR,0.404300609749263,0.6707041539168545,0.5778000549222679,0.6800686808567875,0.4598512615308741,0.5859136991828912,0.5505454397704472,0.5420450979073496,0.6845917818353006,0.6838295952565093,0.5839650374928544,0.09857752013255537,10
CDC Diabetes,CTABGAN,Utility,Recall_Gap,0.4189666666666668,0.2616666666666667,0.2419333333333334,0.0114666666666668,0.0287000000000002,-3.333333333344068e-05,0.045,0.0035666666666667,0.0092333333333332,0.0029333333333333,0.10234333333333337,0.1493985820168384,10
CDC Diabetes,CTABGAN,Utility,Recall_TRTR,0.8309000000000001,0.8309000000000001,0.8309000000000001,0.8309000000000001,0.8309000000000001,0.8309000000000001,0.8309000000000001,0.8309000000000001,0.8309000000000001,0.8309000000000001,0.8309000000000001,0.0,10
CDC Diabetes,CTABGAN,Utility,Recall_TSTR,0.4119333333333333,0.5692333333333334,0.5889666666666666,0.8194333333333332,0.8021999999999998,0.8309333333333335,0.7859,0.8273333333333334,0.8216666666666669,0.8279666666666667,0.7285566666666667,0.14939858201683837,10
CDC Diabetes,CTGAN,Compute,evaluation_time_seconds,24.82709574489854,16.94022368406877,17.82582030189224,45.74874047888443,28.69942686008289,29.34970841789618,506.4885544489953,32.61481295900012,33.77314992700121,33.25954136600194,76.95270741887217,151.15229194493128,10
CDC Diabetes,CTGAN,Compute,generation_time_seconds,0.0,0.0,0.0,0.0,0.0,0.0,0.0,0.0,0.0,0.0,0.0,0.0,10
CDC Diabetes,CTGAN,Compute,total_time_seconds,175.4607018751558,147.2322672291193,132.737003703136,308.1934689760674,265.326789121842,244.3517922321334,4273.535079453002,7364.730230060006,2626.618044427996,1594.026489088006,1713.2211866166465,2424.0989189951906,10
CDC Diabetes,CTGAN,Compute,training_time_seconds,150.5696441859473,130.2425026940182,114.8709234809503,258.1107067749836,236.4270621088799,214.8570990399458,3760.780692988999,7331.735327577,2592.661805449003,1560.587180082002,1635.084294438173,2369.754969547669,10
CDC Diabetes,CTGAN,Fidelity,KS_Complement,0.9021931818181816,0.9150340909090908,0.9249318181818182,0.9179886363636364,0.9343977272727272,0.9105795454545454,0.9070227272727271,0.9020340909090911,0.9077045454545452,0.9305795454545456,0.9152465909090909,0.011520467087020512,10
CDC Diabetes,CTGAN,Fidelity,MMD,0.0404071638295877,0.0313208428450945,0.0323800022870213,0.0393414643663497,0.0254000027175163,0.0353601462015805,0.0321819513208036,0.0419185758715414,0.0286896868694607,0.0333472566216785,0.034034709293063424,0.005268542002201531,10
CDC Diabetes,CTGAN,Fidelity,Quality_Score,0.8584842171717171,0.8552575757575757,0.8836287878787878,0.8834974747474746,0.8867664141414142,0.8522752525252526,0.85746148989899,0.8473169191919192,0.8749583333333333,0.8956994949494949,0.8695345959595959,0.01721684194133062,10
CDC Diabetes,CTGAN,Fidelity,Wasserstein_Distance,0.2634545454545456,0.233,0.1924772727272727,0.2606136363636363,0.2437045454545454,0.2790909090909091,0.4027272727272728,0.276,0.3845909090909091,0.3248409090909092,0.28605,0.06624778510426826,10
CDC Diabetes,CTGAN,Privacy,MIA_AUC,0.7055555555555556,0.7087654320987654,0.6990123456790124,0.6530864197530863,0.6890123456790124,0.7506172839506173,0.7350617283950618,0.6976543209876543,0.6951851851851854,0.6674074074074076,0.7001358024691359,0.028504378943603116,10
CDC Diabetes,CTGAN,Privacy,Mahalanobis_Distance,5.561185890815174,5.396550682810017,5.444847583578761,5.4501609794603,5.145545556955508,5.261808199835145,5.31322223693827,5.622627562778095,5.440586132625815,5.39909840058175,5.403563322637884,0.13863571058691182,10
CDC Diabetes,CTGAN,Privacy,Mean_Distance,5.561185890815174,5.396550682810017,5.444847583578761,5.4501609794603,5.145545556955508,5.261808199835145,5.31322223693827,5.622627562778095,5.440586132625815,5.39909840058175,5.403563322637884,0.13863571058691182,10
CDC Diabetes,CTGAN,Privacy,Median_Distance,5.531694750520852,5.34761238417269,5.410217580738557,5.375343506444446,4.877439861140543,5.105107132250683,5.290191085880695,5.588735501565189,5.29521809827027,5.239154932984459,5.306071483396837,0.20470439955740183,10
CDC Diabetes,CTGAN,Privacy,NNDR,0.8780106096785392,0.8728081616280197,0.8713687484789615,0.8836161032294942,0.8713247926253429,0.8754682713073807,0.8749269127248611,0.8858315180485488,0.8792453459248831,0.8798163492137471,0.8772416812859778,0.004981226228966241,10
CDC Diabetes,CTGAN,Utility,Accuracy_Gap,0.0509666666666667,0.0201333333333334,0.0186,0.0380666666666666,-0.0003999999999999,0.0011666666666666,0.021,0.0061666666666667,0.0039,0.0233666666666667,0.018296666666666676,0.01664018970986349,10
CDC Diabetes,CTGAN,Utility,Accuracy_TRTR,0.8309000000000001,0.8309000000000001,0.8309000000000001,0.8309000000000001,0.8309000000000001,0.8309000000000001,0.8309000000000001,0.8309000000000001,0.8309000000000001,0.8309000000000001,0.8309000000000001,0.0,10
CDC Diabetes,CTGAN,Utility,Accuracy_TSTR,0.7799333333333334,0.8107666666666666,0.8123,0.7928333333333334,0.8313,0.8297333333333334,0.8099000000000001,0.8247333333333333,0.8270000000000001,0.8075333333333333,0.8126033333333333,0.0166401897098635,10
CDC Diabetes,CTGAN,Utility,F1_Gap,0.0118004622441688,-0.0003434903217719,0.006761337306728,0.0100691870971337,0.0032599262020868,-0.0032501461801406,0.0038456722232658,-0.0016322013540981,-0.0080524066334451,0.0068710549844479,0.00293293955683753,0.006246316742628108,10
CDC Diabetes,CTGAN,Utility,F1_TRTR,0.8033546059916947,0.8033546059916947,0.8033546059916947,0.8033546059916947,0.8033546059916947,0.8033546059916947,0.8033546059916947,0.8033546059916947,0.8033546059916947,0.8033546059916947,0.8033546059916947,0.0,10
CDC Diabetes,CTGAN,Utility,F1_TSTR,0.7915541437475259,0.8036980963134667,0.7965932686849667,0.793285418894561,0.8000946797896079,0.8066047521718354,0.7995089337684289,0.8049868073457929,0.8114070126251399,0.7964835510072468,0.8004216664348572,0.006246316742628163,10
CDC Diabetes,CTGAN,Utility,Precision_Gap,-0.0116414841488126,-0.0002689158890228,0.0098917306517083,0.0026258172791178,0.0128660358506222,0.0027408727442377,0.0022830856709311,0.003185677442168,-0.0038876258746783,0.0071518723933791,0.00249470661196505,0.006934401410860188,10
CDC Diabetes,CTGAN,Utility,Precision_TRTR,0.79977359057349,0.79977359057349,0.79977359057349,0.79977359057349,0.79977359057349,0.79977359057349,0.79977359057349,0.79977359057349,0.79977359057349,0.79977359057349,0.79977359057349,0.0,10
CDC Diabetes,CTGAN,Utility,Precision_TSTR,0.8114150747223026,0.8000425064625128,0.7898818599217816,0.7971477732943721,0.7869075547228677,0.7970327178292522,0.7974905049025588,0.7965879131313219,0.8036612164481683,0.7926217181801108,0.7972788839615249,0.006934401410860223,10
CDC Diabetes,CTGAN,Utility,ROC_AUC_Gap,0.0167556351368014,0.0510344160866201,0.0463424851765917,0.0517638174338973,0.0713286145017205,0.0259835569454253,0.0370340013674522,0.0617449589203849,0.0385929811582995,0.0480690339285113,0.04486495006557042,0.016092331241557244,10
CDC Diabetes,CTGAN,Utility,ROC_AUC_TRTR,0.7153842597262854,0.7153842597262854,0.7153842597262854,0.7153842597262854,0.7153842597262854,0.7153842597262854,0.7153842597262854,0.7153842597262854,0.7153842597262854,0.7153842597262854,0.7153842597262854,0.0,10
CDC Diabetes,CTGAN,Utility,ROC_AUC_TSTR,0.6986286245894839,0.6643498436396652,0.6690417745496936,0.663620442292388,0.6440556452245648,0.6894007027808601,0.6783502583588331,0.6536393008059005,0.6767912785679858,0.667315225797774,0.6705193096607149,0.016092331241557244,10
CDC Diabetes,CTGAN,Utility,Recall_Gap,0.0509666666666667,0.0201333333333334,0.0186,0.0380666666666666,-0.0003999999999999,0.0011666666666666,0.021,0.0061666666666667,0.0039,0.0233666666666667,0.018296666666666676,0.01664018970986349,10
CDC Diabetes,CTGAN,Utility,Recall_TRTR,0.8309000000000001,0.8309000000000001,0.8309000000000001,0.8309000000000001,0.8309000000000001,0.8309000000000001,0.8309000000000001,0.8309000000000001,0.8309000000000001,0.8309000000000001,0.8309000000000001,0.0,10
CDC Diabetes,CTGAN,Utility,Recall_TSTR,0.7799333333333334,0.8107666666666666,0.8123,0.7928333333333334,0.8313,0.8297333333333334,0.8099000000000001,0.8247333333333333,0.8270000000000001,0.8075333333333333,0.8126033333333333,0.0166401897098635,10
CDC Diabetes,CopulaGAN,Compute,evaluation_time_seconds,15.5301337451674,17.23690827703103,17.45591468596831,32.52986309095286,33.01546829007566,33.63004918512888,27.03426013799617,25.56498616200406,41.78599862400006,1428.350481508998,167.21340637073223,443.1997985749101,10
CDC Diabetes,CopulaGAN,Compute,generation_time_seconds,0.0,0.0,0.0,0.0,0.0,0.0,0.0,0.0,0.0,0.0,0.0,0.0,10
CDC Diabetes,CopulaGAN,Compute,total_time_seconds,122.8918697228655,138.2012427959125,131.223886650987,235.1574626080692,254.7314604721032,240.9362165909261,2827.380646124999,1600.271183921999,2701.078842705996,2547.534568294999,1079.9407379888858,1197.573825554876,10
CDC Diabetes,CopulaGAN,Compute,training_time_seconds,107.319696763996,120.9018521357793,113.5962524740025,202.3844754109159,221.5661776950583,207.1235853270628,2800.192125538,1574.596729961995,2658.854134948,1119.009233099001,912.5544263353811,1079.4315415843223,10
CDC Diabetes,CopulaGAN,Fidelity,KS_Complement,0.8849318181818183,0.9156477272727273,0.8989772727272726,0.9239090909090908,0.9133409090909091,0.9247272727272726,0.9271590909090908,0.9377954545454544,0.8928636363636364,0.9086363636363636,0.9127988636363634,0.01662504103746042,10
CDC Diabetes,CopulaGAN,Fidelity,MMD,0.055192720649701,0.0336437356742488,0.0430971322820403,0.0321030524478411,0.0310428812184833,0.0195214142791561,0.0246882665448605,0.021564364088581,0.0543761876236316,0.0401231920737175,0.035535294688226124,0.012580642893180205,10
CDC Diabetes,CopulaGAN,Fidelity,Quality_Score,0.8294936868686869,0.8645454545454545,0.843520202020202,0.8653257575757575,0.855556186868687,0.8573011363636365,0.8797872474747475,0.8717676767676767,0.8451988636363637,0.8598068181818181,0.8572303030303031,0.014722194870107206,10
CDC Diabetes,CopulaGAN,Fidelity,Wasserstein_Distance,0.5430454545454547,0.3302954545454546,0.570090909090909,0.3020000000000001,0.4755227272727272,0.2762727272727273,0.2289090909090911,0.3403863636363638,0.6874318181818183,0.5378863636363637,0.429184090909091,0.1530454674642169,10
CDC Diabetes,CopulaGAN,Privacy,MIA_AUC,0.6704938271604938,0.6479012345679014,0.7485185185185186,0.6291358024691358,0.74,0.7135802469135802,0.6395061728395062,0.6233333333333333,0.7501234567901235,0.6811111111111111,0.6843703703703704,0.0502313299258743,10
CDC Diabetes,CopulaGAN,Privacy,Mahalanobis_Distance,5.572770450283528,5.464621910360743,5.486546558849581,5.439271429432875,5.434346043973616,5.076380271276238,5.256217034481207,5.217430318263278,5.874127320817717,5.614710831675657,5.443642216941445,0.22480208772655344,10
CDC Diabetes,CopulaGAN,Privacy,Mean_Distance,5.572770450283528,5.464621910360743,5.486546558849581,5.439271429432875,5.434346043973616,5.076380271276238,5.256217034481207,5.217430318263278,5.874127320817717,5.614710831675657,5.443642216941445,0.22480208772655344,10
CDC Diabetes,CopulaGAN,Privacy,Median_Distance,5.580278749397468,5.427244004215636,5.375103957472178,5.154565504529217,5.317827352606043,4.782646577238525,5.24338098415174,5.09623538878088,5.730997744854708,5.527007050315507,5.323528731356189,0.2720278507246379,10
CDC Diabetes,CopulaGAN,Privacy,NNDR,0.8910257411056693,0.8661140782609098,0.8872458831273727,0.8788600107032106,0.8920550778822567,0.8750651984853104,0.871987991575907,0.8680408125406452,0.8903060271904462,0.8759600027660939,0.8796660823637822,0.00981212721302073,10
CDC Diabetes,CopulaGAN,Utility,Accuracy_Gap,0.0136666666666669,0.01,-0.0077999999999999,0.0100333333333333,0.0116666666666667,0.0442000000000001,0.059633333333333,-0.0111999999999998,0.0252333333333333,-0.0028333333333332,0.015260000000000043,0.0224491623204271,10
CDC Diabetes,CopulaGAN,Utility,Accuracy_TRTR,0.8309000000000001,0.8309000000000001,0.8309000000000001,0.8309000000000001,0.8309000000000001,0.8309000000000001,0.8309000000000001,0.8309000000000001,0.8309000000000001,0.8309000000000001,0.8309000000000001,0.0,10
CDC Diabetes,CopulaGAN,Utility,Accuracy_TSTR,0.8172333333333331,0.8209000000000001,0.8387,0.8208666666666667,0.8192333333333334,0.7867,0.771266666666667,0.8421,0.8056666666666668,0.8337333333333333,0.8156399999999999,0.02244916232042714,10
CDC Diabetes,CopulaGAN,Utility,F1_Gap,-0.0066650640811257,-0.0022546566202216,-0.0017677095200209,-0.0077620286971876,0.0001920676836236,0.0136586539798583,0.0183293225011258,0.001001440177634,0.0006299895182971,-0.002040692869036,0.0013321322072946996,0.008321716292273322,10
CDC Diabetes,CopulaGAN,Utility,F1_TRTR,0.8033546059916947,0.8033546059916947,0.8033546059916947,0.8033546059916947,0.8033546059916947,0.8033546059916947,0.8033546059916947,0.8033546059916947,0.8033546059916947,0.8033546059916947,0.8033546059916947,0.0,10
CDC Diabetes,CopulaGAN,Utility,F1_TSTR,0.8100196700728205,0.8056092626119163,0.8051223155117156,0.8111166346888824,0.803162538308071,0.7896959520118364,0.7850252834905689,0.8023531658140607,0.8027246164733975,0.8053952988607308,0.8020224737844,0.008321716292273355,10
CDC Diabetes,CopulaGAN,Utility,Precision_Gap,-0.0086904216439787,0.0013574913420153,0.0076331842409368,-0.0063512900935678,0.0023337271295502,0.0024714798569002,-0.0027478600245901,0.0088824769117882,-0.0034308329621047,0.0059175467551392,0.00073755015120886,0.0059191065069129365,10
CDC Diabetes,CopulaGAN,Utility,Precision_TRTR,0.79977359057349,0.79977359057349,0.79977359057349,0.79977359057349,0.79977359057349,0.79977359057349,0.79977359057349,0.79977359057349,0.79977359057349,0.79977359057349,0.79977359057349,0.0,10
CDC Diabetes,CopulaGAN,Utility,Precision_TSTR,0.8084640122174687,0.7984160992314746,0.7921404063325531,0.8061248806670578,0.7974398634439397,0.7973021107165897,0.8025214505980801,0.7908911136617017,0.8032044235355947,0.7938560438183507,0.7990360404222812,0.005919106506912967,10
CDC Diabetes,CopulaGAN,Utility,ROC_AUC_Gap,0.0132938509476895,0.0495864016947443,0.0332559938128386,0.0285168465651165,0.0241066724951524,0.0547532981382471,0.0422286391606981,0.0595323761166594,0.0372974040821816,0.0418001894257822,0.038437167243910976,0.014241256131204088,10
CDC Diabetes,CopulaGAN,Utility,ROC_AUC_TRTR,0.7153842597262854,0.7153842597262854,0.7153842597262854,0.7153842597262854,0.7153842597262854,0.7153842597262854,0.7153842597262854,0.7153842597262854,0.7153842597262854,0.7153842597262854,0.7153842597262854,0.0,10
CDC Diabetes,CopulaGAN,Utility,ROC_AUC_TSTR,0.7020904087785959,0.665797858031541,0.6821282659134468,0.6868674131611688,0.691277587231133,0.6606309615880382,0.6731556205655872,0.655851883609626,0.6780868556441038,0.6735840703005032,0.6769470924823744,0.01424125613120409,10
CDC Diabetes,CopulaGAN,Utility,Recall_Gap,0.0136666666666669,0.01,-0.0077999999999999,0.0100333333333333,0.0116666666666667,0.0442000000000001,0.059633333333333,-0.0111999999999998,0.0252333333333333,-0.0028333333333332,0.015260000000000043,0.0224491623204271,10
CDC Diabetes,CopulaGAN,Utility,Recall_TRTR,0.8309000000000001,0.8309000000000001,0.8309000000000001,0.8309000000000001,0.8309000000000001,0.8309000000000001,0.8309000000000001,0.8309000000000001,0.8309000000000001,0.8309000000000001,0.8309000000000001,0.0,10
CDC Diabetes,CopulaGAN,Utility,Recall_TSTR,0.8172333333333331,0.8209000000000001,0.8387,0.8208666666666667,0.8192333333333334,0.7867,0.771266666666667,0.8421,0.8056666666666668,0.8337333333333333,0.8156399999999999,0.02244916232042714,10
CDC Diabetes,ForestDiffusion,Compute,evaluation_time_seconds,16.66340265190229,20.88209620094858,18.86341586499475,33.06864819582552,32.50296202301979,49.27121654408984,58.66297808300442,27.38305378599762,55.99465012300061,50.58734460599953,36.387976807878296,15.958273884919647,10
CDC Diabetes,ForestDiffusion,Compute,generation_time_seconds,0.0,0.0,0.0,0.0,0.0,0.0,0.0,0.0,0.0,0.0,0.0,0.0,10
CDC Diabetes,ForestDiffusion,Compute,total_time_seconds,43.81091516604647,46.51740407501347,55.02548424713314,116.4632349959575,105.5923728239723,184.3457850331906,167.3693116909999,96.06962575299984,159.0158464179985,160.6890285839982,113.48990087873099,53.07977083066156,10
CDC Diabetes,ForestDiffusion,Compute,training_time_seconds,27.0794603950344,25.5797959798947,36.1204288660083,83.28752428200096,73.04445083998144,134.9372566619422,108.4518681570044,68.54857299400464,102.9575033670044,109.9989060650041,77.00057676078795,38.06793407186225,10
CDC Diabetes,ForestDiffusion,Fidelity,KS_Complement,0.8778977272727274,0.8810795454545454,0.8796022727272728,0.8803181818181817,0.8795681818181822,0.8821590909090908,0.8782954545454543,0.8810454545454547,0.8810454545454545,0.8826818181818182,0.8803693181818183,0.001549629036001654,10
CDC Diabetes,ForestDiffusion,Fidelity,MMD,0.0091012204019035,0.00845540731157,0.0068140268049754,0.0087592158361008,0.0140105433943943,0.0100301978663791,0.0085592842581669,0.0082190067789548,0.0078160586291265,0.0086211346152168,0.00903860958967881,0.0019334673879306738,10
CDC Diabetes,ForestDiffusion,Fidelity,Quality_Score,0.5729621373598426,0.5767752685593376,0.5774836019324436,0.5735448393459538,0.5744507736911793,0.5802620110744892,0.5766407988453224,0.5785587282575699,0.5820410514330749,0.5780151674999212,0.5770734377999134,0.0028793056390756955,10
CDC Diabetes,ForestDiffusion,Fidelity,Wasserstein_Distance,0.2180553749724666,0.2424093204999687,0.2411681503679748,0.2658236717561738,0.2419827523354148,0.2118416509395296,0.2376524742811365,0.2203412099547413,0.210598931336813,0.2256884402391095,0.23155619766833285,0.017322645506089862,10
CDC Diabetes,ForestDiffusion,Privacy,MIA_AUC,0.4609876543209876,0.5030864197530864,0.5324691358024691,0.5337037037037037,0.5106172839506173,0.5069135802469136,0.5265432098765432,0.4541975308641975,0.4666666666666667,0.518395061728395,0.501358024691358,0.03002897323449349,10
CDC Diabetes,ForestDiffusion,Privacy,Mahalanobis_Distance,4.298564632320128,4.242226544040149,4.18713475755697,4.193647740157471,4.193006167521995,4.189290070875606,4.227865357043567,4.225723260832289,4.304663806010498,4.140572146910814,4.220269448326948,0.0512980296745267,10
CDC Diabetes,ForestDiffusion,Privacy,Mean_Distance,4.298564632320128,4.242226544040149,4.18713475755697,4.193647740157471,4.193006167521995,4.189290070875606,4.227865357043567,4.225723260832289,4.304663806010498,4.140572146910814,4.220269448326948,0.0512980296745267,10
CDC Diabetes,ForestDiffusion,Privacy,Median_Distance,3.940167378328497,3.951275930915533,3.84207219405784,3.928720127546939,3.871241028846955,3.976336224123938,3.940133921835443,3.907858964863573,4.055293331342249,3.834618900778234,3.92477180026392,0.0658315985916511,10
CDC Diabetes,ForestDiffusion,Privacy,NNDR,0.8426950656508917,0.8429339618062933,0.850304492638714,0.8425201656302072,0.8442692806994598,0.837505247630168,0.8556444090999242,0.8387310695626133,0.857716444774682,0.832877361613499,0.8445197499106453,0.007884841872564446,10
CDC Diabetes,ForestDiffusion,Utility,Accuracy_Gap,0.0247333333333335,0.0358000000000001,0.0359000000000002,0.0628666666666667,0.0223666666666666,0.0327666666666668,0.0229666666666668,0.0455000000000001,0.0267666666666669,0.0269333333333334,0.03366000000000011,0.01255188540261954,10
CDC Diabetes,ForestDiffusion,Utility,Accuracy_TRTR,0.8309000000000001,0.8309000000000001,0.8309000000000001,0.8309000000000001,0.8309000000000001,0.8309000000000001,0.8309000000000001,0.8309000000000001,0.8309000000000001,0.8309000000000001,0.8309000000000001,0.0,10
CDC Diabetes,ForestDiffusion,Utility,Accuracy_TSTR,0.8061666666666666,0.7950999999999999,0.7949999999999998,0.7680333333333333,0.8085333333333334,0.7981333333333333,0.8079333333333333,0.7854,0.8041333333333331,0.8039666666666666,0.79724,0.01255188540261954,10
CDC Diabetes,ForestDiffusion,Utility,F1_Gap,0.0009939389257689,0.0033674849376202,0.0018647063055653,0.024262158863512,-0.0082826654218379,-0.0008299703195554,-0.005643305083692,0.0091756632889785,-0.0036486201378341,-0.0022140579018976,0.00190453334566279,0.009260012278940136,10
CDC Diabetes,ForestDiffusion,Utility,F1_TRTR,0.8033546059916947,0.8033546059916947,0.8033546059916947,0.8033546059916947,0.8033546059916947,0.8033546059916947,0.8033546059916947,0.8033546059916947,0.8033546059916947,0.8033546059916947,0.8033546059916947,0.0,10
CDC Diabetes,ForestDiffusion,Utility,F1_TSTR,0.8023606670659258,0.7999871210540744,0.8014898996861294,0.7790924471281827,0.8116372714135327,0.8041845763112502,0.8089979110753868,0.7941789427027162,0.8070032261295289,0.8055686638935924,0.801450072646032,0.009260012278940173,10
CDC Diabetes,ForestDiffusion,Utility,Precision_Gap,-0.005790887951669,-0.0119372636887905,-0.0174513574056072,-0.002480492613813,-0.0192868856028802,-0.015890593396924,-0.0162349134277559,-0.0129808820231037,-0.0142213201769347,-0.0100234550732185,-0.012629805136069669,0.005279960172915268,10
CDC Diabetes,ForestDiffusion,Utility,Precision_TRTR,0.79977359057349,0.79977359057349,0.79977359057349,0.79977359057349,0.79977359057349,0.79977359057349,0.79977359057349,0.79977359057349,0.79977359057349,0.79977359057349,0.79977359057349,0.0,10
CDC Diabetes,ForestDiffusion,Utility,Precision_TSTR,0.805564478525159,0.8117108542622805,0.8172249479790972,0.802254083187303,0.8190604761763702,0.815664183970414,0.8160085040012459,0.8127544725965937,0.8139949107504247,0.8097970456467085,0.8124033957095597,0.005279960172915278,10
CDC Diabetes,ForestDiffusion,Utility,ROC_AUC_Gap,0.0065951556317741,-0.0037172007577032,-0.0073737348263223,0.0267952015871415,-0.0171849255186789,-0.0143193001333829,-0.0141291738121656,-0.0093739141643408,-0.0045078292253717,0.002021195512066,-0.0035194525706983802,0.012987500764971733,10
CDC Diabetes,ForestDiffusion,Utility,ROC_AUC_TRTR,0.7153842597262854,0.7153842597262854,0.7153842597262854,0.7153842597262854,0.7153842597262854,0.7153842597262854,0.7153842597262854,0.7153842597262854,0.7153842597262854,0.7153842597262854,0.7153842597262854,0.0,10
CDC Diabetes,ForestDiffusion,Utility,ROC_AUC_TSTR,0.7087891040945112,0.7191014604839886,0.7227579945526077,0.6885890581391438,0.7325691852449643,0.7297035598596683,0.729513433538451,0.7247581738906262,0.7198920889516571,0.7133630642142194,0.7189037122969838,0.012987500764971753,10
CDC Diabetes,ForestDiffusion,Utility,Recall_Gap,0.0247333333333335,0.0358000000000001,0.0359000000000002,0.0628666666666667,0.0223666666666666,0.0327666666666668,0.0229666666666668,0.0455000000000001,0.0267666666666669,0.0269333333333334,0.03366000000000011,0.01255188540261954,10
CDC Diabetes,ForestDiffusion,Utility,Recall_TRTR,0.8309000000000001,0.8309000000000001,0.8309000000000001,0.8309000000000001,0.8309000000000001,0.8309000000000001,0.8309000000000001,0.8309000000000001,0.8309000000000001,0.8309000000000001,0.8309000000000001,0.0,10
CDC Diabetes,ForestDiffusion,Utility,Recall_TSTR,0.8061666666666666,0.7950999999999999,0.7949999999999998,0.7680333333333333,0.8085333333333334,0.7981333333333333,0.8079333333333333,0.7854,0.8041333333333331,0.8039666666666666,0.79724,0.01255188540261954,10
CDC Diabetes,GaussianCopula,Compute,evaluation_time_seconds,14.71523954090662,14.94365113787353,14.28070961404592,20.83448847196996,27.6020179821644,30.90344615001231,35.53192095000122,21.13002206200326,17.95358089100046,30.23976128100185,22.813483808097953,7.7170732429723765,10
CDC Diabetes,GaussianCopula,Compute,generation_time_seconds,0.0,0.0,0.0,0.0,0.0,0.0,0.0,0.0,0.0,0.0,0.0,0.0,10
CDC Diabetes,GaussianCopula,Compute,total_time_seconds,18.20752203487791,19.11900895601138,18.02872083289549,25.99781617801636,31.9584695729427,45.27198154013604,54.74672467600612,28.35074284599978,29.18331007499364,44.6077444840048,31.54720411958842,12.732686427486469,10
CDC Diabetes,GaussianCopula,Compute,training_time_seconds,3.451315375044942,4.110122710000724,3.709434436168522,5.106970747932792,4.299558763857931,14.18426417093724,18.89188634700258,7.129323716988438,11.06551103100355,14.13365033199079,8.608203763092751,5.550273350878414,10
CDC Diabetes,GaussianCopula,Fidelity,KS_Complement,0.9530795454545457,0.9530795454545457,0.9530795454545457,0.9530795454545457,0.9530795454545457,0.9530795454545457,0.9530795454545457,0.9530795454545457,0.9530795454545457,0.9530795454545457,0.9530795454545457,0.0,10
CDC Diabetes,GaussianCopula,Fidelity,MMD,0.0681287365546554,0.0681287365546554,0.0681287365546554,0.0681287365546554,0.0681287365546554,0.0681287365546554,0.0681287365546554,0.0681287365546554,0.0681287365546554,0.0681287365546554,0.06812873655465541,0.0,10
CDC Diabetes,GaussianCopula,Fidelity,Quality_Score,0.9111395202020204,0.9111395202020204,0.9111395202020204,0.9111395202020204,0.9111395202020204,0.9111395202020204,0.9111395202020204,0.9111395202020204,0.9111395202020204,0.9111395202020204,0.9111395202020203,0.0,10
CDC Diabetes,GaussianCopula,Fidelity,Wasserstein_Distance,0.7336818181818184,0.7336818181818184,0.7336818181818184,0.7336818181818184,0.7336818181818184,0.7336818181818184,0.7336818181818184,0.7336818181818184,0.7336818181818184,0.7336818181818184,0.7336818181818183,0.0,10
CDC Diabetes,GaussianCopula,Privacy,MIA_AUC,0.8493827160493826,0.8493827160493826,0.8493827160493826,0.8493827160493826,0.8493827160493826,0.8493827160493826,0.8493827160493826,0.8493827160493826,0.8493827160493826,0.8493827160493826,0.8493827160493825,0.0,10
CDC Diabetes,GaussianCopula,Privacy,Mahalanobis_Distance,5.872811690820016,5.872811690820016,5.872811690820016,5.872811690820016,5.872811690820016,5.872811690820016,5.872811690820016,5.872811690820016,5.872811690820016,5.872811690820016,5.872811690820016,0.0,10
CDC Diabetes,GaussianCopula,Privacy,Mean_Distance,5.872811690820016,5.872811690820016,5.872811690820016,5.872811690820016,5.872811690820016,5.872811690820016,5.872811690820016,5.872811690820016,5.872811690820016,5.872811690820016,5.872811690820016,0.0,10
CDC Diabetes,GaussianCopula,Privacy,Median_Distance,5.995473117786184,5.995473117786184,5.995473117786184,5.995473117786184,5.995473117786184,5.995473117786184,5.995473117786184,5.995473117786184,5.995473117786184,5.995473117786184,5.995473117786184,0.0,10
CDC Diabetes,GaussianCopula,Privacy,NNDR,0.8942671116291279,0.8942671116291279,0.8942671116291279,0.8942671116291279,0.8942671116291279,0.8942671116291279,0.8942671116291279,0.8942671116291279,0.8942671116291279,0.8942671116291279,0.894267111629128,0.0,10
CDC Diabetes,GaussianCopula,Utility,Accuracy_Gap,0.0197333333333333,0.0197333333333333,0.0197333333333333,0.0197333333333333,0.0197333333333333,0.0197333333333333,0.0197333333333333,0.0197333333333333,0.0197333333333333,0.0197333333333333,0.0197333333333333,0.0,10
CDC Diabetes,GaussianCopula,Utility,Accuracy_TRTR,0.8309000000000001,0.8309000000000001,0.8309000000000001,0.8309000000000001,0.8309000000000001,0.8309000000000001,0.8309000000000001,0.8309000000000001,0.8309000000000001,0.8309000000000001,0.8309000000000001,0.0,10
CDC Diabetes,GaussianCopula,Utility,Accuracy_TSTR,0.8111666666666667,0.8111666666666667,0.8111666666666667,0.8111666666666667,0.8111666666666667,0.8111666666666667,0.8111666666666667,0.8111666666666667,0.8111666666666667,0.8111666666666667,0.8111666666666666,0.0,10
CDC Diabetes,GaussianCopula,Utility,F1_Gap,0.0197923324797088,0.0197923324797088,0.0197923324797088,0.0197923324797088,0.0197923324797088,0.0197923324797088,0.0197923324797088,0.0197923324797088,0.0197923324797088,0.0197923324797088,0.0197923324797088,0.0,10
CDC Diabetes,GaussianCopula,Utility,F1_TRTR,0.8033546059916947,0.8033546059916947,0.8033546059916947,0.8033546059916947,0.8033546059916947,0.8033546059916947,0.8033546059916947,0.8033546059916947,0.8033546059916947,0.8033546059916947,0.8033546059916947,0.0,10
CDC Diabetes,GaussianCopula,Utility,F1_TSTR,0.7835622735119859,0.7835622735119859,0.7835622735119859,0.7835622735119859,0.7835622735119859,0.7835622735119859,0.7835622735119859,0.7835622735119859,0.7835622735119859,0.7835622735119859,0.783562273511986,0.0,10
CDC Diabetes,GaussianCopula,Utility,Precision_Gap,0.0240255785783081,0.0240255785783081,0.0240255785783081,0.0240255785783081,0.0240255785783081,0.0240255785783081,0.0240255785783081,0.0240255785783081,0.0240255785783081,0.0240255785783081,0.024025578578308105,0.0,10
CDC Diabetes,GaussianCopula,Utility,Precision_TRTR,0.79977359057349,0.79977359057349,0.79977359057349,0.79977359057349,0.79977359057349,0.79977359057349,0.79977359057349,0.79977359057349,0.79977359057349,0.79977359057349,0.79977359057349,0.0,10
CDC Diabetes,GaussianCopula,Utility,Precision_TSTR,0.7757480119951818,0.7757480119951818,0.7757480119951818,0.7757480119951818,0.7757480119951818,0.7757480119951818,0.7757480119951818,0.7757480119951818,0.7757480119951818,0.7757480119951818,0.7757480119951818,0.0,10
CDC Diabetes,GaussianCopula,Utility,ROC_AUC_Gap,0.0627025959178184,0.0627025959178184,0.0627025959178184,0.0627025959178184,0.0627025959178184,0.0627025959178184,0.0627025959178184,0.0627025959178184,0.0627025959178184,0.0627025959178184,0.06270259591781842,0.0,10
CDC Diabetes,GaussianCopula,Utility,ROC_AUC_TRTR,0.7153842597262854,0.7153842597262854,0.7153842597262854,0.7153842597262854,0.7153842597262854,0.7153842597262854,0.7153842597262854,0.7153842597262854,0.7153842597262854,0.7153842597262854,0.7153842597262854,0.0,10
CDC Diabetes,GaussianCopula,Utility,ROC_AUC_TSTR,0.6526816638084669,0.6526816638084669,0.6526816638084669,0.6526816638084669,0.6526816638084669,0.6526816638084669,0.6526816638084669,0.6526816638084669,0.6526816638084669,0.6526816638084669,0.6526816638084669,0.0,10
CDC Diabetes,GaussianCopula,Utility,Recall_Gap,0.0197333333333333,0.0197333333333333,0.0197333333333333,0.0197333333333333,0.0197333333333333,0.0197333333333333,0.0197333333333333,0.0197333333333333,0.0197333333333333,0.0197333333333333,0.0197333333333333,0.0,10
CDC Diabetes,GaussianCopula,Utility,Recall_TRTR,0.8309000000000001,0.8309000000000001,0.8309000000000001,0.8309000000000001,0.8309000000000001,0.8309000000000001,0.8309000000000001,0.8309000000000001,0.8309000000000001,0.8309000000000001,0.8309000000000001,0.0,10
CDC Diabetes,GaussianCopula,Utility,Recall_TSTR,0.8111666666666667,0.8111666666666667,0.8111666666666667,0.8111666666666667,0.8111666666666667,0.8111666666666667,0.8111666666666667,0.8111666666666667,0.8111666666666667,0.8111666666666667,0.8111666666666666,0.0,10
CDC Diabetes,TVAE,Compute,evaluation_time_seconds,21.98913520714268,24.54238623194396,22.96212512999773,42.77344564092346,45.37605198589154,39.65235217101872,33.51061956400372,24.72381388099893,27.53922678899835,45.27621439300128,32.83453709939204,9.634876987558682,10
CDC Diabetes,TVAE,Compute,generation_time_seconds,0.0,0.0,0.0,0.0,0.0,0.0,0.0,0.0,0.0,0.0,0.0,0.0,10
CDC Diabetes,TVAE,Compute,total_time_seconds,96.00300842593424,69.85266554914415,73.35462032095529,133.2828628309071,131.5260544510093,100.9229640890844,1100.143053526001,1520.696942981995,1512.263743416996,1547.733435415998,628.5779351008025,692.7303375016675,10
CDC Diabetes,TVAE,Compute,training_time_seconds,73.948455699021,45.25273866904899,50.33782755909488,90.26313196495175,86.04381051915698,61.12000578199513,1065.894703584003,1495.923285710996,1484.592559797005,1502.232706063995,595.5609225349268,692.5833082577717,10
CDC Diabetes,TVAE,Fidelity,KS_Complement,0.9410568181818182,0.9237159090909092,0.9320568181818182,0.9377840909090912,0.9368863636363638,0.9366931818181816,0.9352727272727276,0.9440568181818182,0.938,0.9379545454545454,0.9363477272727273,0.00546219791481468,10
CDC Diabetes,TVAE,Fidelity,MMD,0.0299151391953144,0.0409211158994061,0.0251609140358806,0.0291316515068644,0.0286880790140318,0.0341732633169382,0.0228656173496419,0.0266834496263727,0.0236833023361062,0.0271556738227551,0.02883782061033114,0.005364173260608611,10
CDC Diabetes,TVAE,Fidelity,Quality_Score,0.9019065656565656,0.8893459595959596,0.8802171717171717,0.8840473484848486,0.8829854797979799,0.8868061868686867,0.8748661616161617,0.8821616161616161,0.880447601010101,0.8910101010101009,0.8853794191919192,0.007468304029827345,10
CDC Diabetes,TVAE,Fidelity,Wasserstein_Distance,0.2096590909090908,0.2641590909090908,0.2471590909090909,0.22975,0.2542500000000001,0.2496363636363635,0.2619090909090909,0.2284545454545454,0.2421363636363636,0.2511363636363635,0.24382499999999996,0.016839278503102524,10
CDC Diabetes,TVAE,Privacy,MIA_AUC,0.6955555555555556,0.7534567901234568,0.6765432098765433,0.6774074074074075,0.6885185185185185,0.698641975308642,0.7177777777777777,0.6556790123456789,0.6850617283950617,0.7046296296296297,0.6953271604938273,0.026621475991433535,10
CDC Diabetes,TVAE,Privacy,Mahalanobis_Distance,3.601958454066686,3.563358232940347,3.543478083183643,3.608575705881539,3.683416058434051,3.689693016679878,3.570882035783093,3.662190157651421,3.55990460358475,3.541214400646004,3.6024670748851415,0.05709231799114508,10
CDC Diabetes,TVAE,Privacy,Mean_Distance,3.601958454066686,3.563358232940347,3.543478083183643,3.608575705881539,3.683416058434051,3.689693016679878,3.570882035783093,3.662190157651421,3.55990460358475,3.541214400646004,3.6024670748851415,0.05709231799114508,10
CDC Diabetes,TVAE,Privacy,Median_Distance,3.20174339814158,3.166856608489422,3.161912528180345,3.179244864829643,3.167176143323704,3.173968976634916,3.170402214117903,3.224651102460019,3.151266286634396,3.145727621324953,3.174294974413688,0.02341571886843857,10
CDC Diabetes,TVAE,Privacy,NNDR,0.7817270146460665,0.7962965145113705,0.8018104152215232,0.8030973565382442,0.7874218693836698,0.8012056066195332,0.7857067436451418,0.7816176710707244,0.7524728354238043,0.7816393480491418,0.787299537510922,0.01507494797805563,10
CDC Diabetes,TVAE,Utility,Accuracy_Gap,-0.0050333333333332,-0.0147666666666664,-0.0104999999999997,-0.0042666666666664,0.0007666666666665,-0.0066,-0.0126666666666666,-0.0037999999999998,-0.0090666666666666,-0.0059666666666666,-0.00718999999999988,0.004615434385613186,10
CDC Diabetes,TVAE,Utility,Accuracy_TRTR,0.8309000000000001,0.8309000000000001,0.8309000000000001,0.8309000000000001,0.8309000000000001,0.8309000000000001,0.8309000000000001,0.8309000000000001,0.8309000000000001,0.8309000000000001,0.8309000000000001,0.0,10
CDC Diabetes,TVAE,Utility,Accuracy_TSTR,0.8359333333333333,0.8456666666666666,0.8413999999999998,0.8351666666666665,0.8301333333333335,0.8375000000000001,0.8435666666666667,0.8346999999999999,0.8399666666666668,0.8368666666666668,0.83809,0.004615434385613217,10
CDC Diabetes,TVAE,Utility,F1_Gap,-0.0150711743865759,-0.0123095784301928,-0.0172366281438801,-0.0093703207770413,-0.0076857592736481,-0.0138970615970099,-0.0101805170956701,-0.0167794058721473,-0.0129473663101962,-0.0109632758415437,-0.012644108772790541,0.003163221478920406,10
CDC Diabetes,TVAE,Utility,F1_TRTR,0.8033546059916947,0.8033546059916947,0.8033546059916947,0.8033546059916947,0.8033546059916947,0.8033546059916947,0.8033546059916947,0.8033546059916947,0.8033546059916947,0.8033546059916947,0.8033546059916947,0.0,10
CDC Diabetes,TVAE,Utility,F1_TSTR,0.8184257803782706,0.8156641844218876,0.8205912341355749,0.8127249267687361,0.8110403652653428,0.8172516675887047,0.8135351230873649,0.820134011863842,0.8163019723018909,0.8143178818332385,0.8159987147644854,0.003163221478920405,10
CDC Diabetes,TVAE,Utility,Precision_Gap,-0.0080926115762375,-0.0046587443284141,-0.0116393272792233,-0.0061593805552908,-0.0033682991444285,-0.0079354710798543,-0.0017899961144657,-0.0121868945926085,-0.0083142928379092,-0.005837140093644,-0.006998215760207591,0.0033349533907957338,10
CDC Diabetes,TVAE,Utility,Precision_TRTR,0.79977359057349,0.79977359057349,0.79977359057349,0.79977359057349,0.79977359057349,0.79977359057349,0.79977359057349,0.79977359057349,0.79977359057349,0.79977359057349,0.79977359057349,0.0,10
CDC Diabetes,TVAE,Utility,Precision_TSTR,0.8078662021497275,0.8044323349019041,0.8114129178527133,0.8059329711287808,0.8031418897179186,0.8077090616533443,0.8015635866879557,0.8119604851660985,0.8080878834113993,0.805610730667134,0.8067718063336976,0.003334953390795737,10
CDC Diabetes,TVAE,Utility,ROC_AUC_Gap,0.0108706860800073,0.0268204209959984,0.0058848089489669,0.0210283634284944,0.0160150251633659,0.0115541320600332,0.0267587735521254,0.0076489065985184,0.0070980026228185,0.014873006265622,0.014855212571595038,0.0077721806395779185,10
CDC Diabetes,TVAE,Utility,ROC_AUC_TRTR,0.7153842597262854,0.7153842597262854,0.7153842597262854,0.7153842597262854,0.7153842597262854,0.7153842597262854,0.7153842597262854,0.7153842597262854,0.7153842597262854,0.7153842597262854,0.7153842597262854,0.0,10
CDC Diabetes,TVAE,Utility,ROC_AUC_TSTR,0.7045135736462781,0.6885638387302869,0.7094994507773185,0.6943558962977909,0.6993692345629194,0.7038301276662522,0.68862548617416,0.7077353531277669,0.7082862571034668,0.7005112534606633,0.7005290471546903,0.00777218063957792,10
CDC Diabetes,TVAE,Utility,Recall_Gap,-0.0050333333333332,-0.0147666666666664,-0.0104999999999997,-0.0042666666666664,0.0007666666666665,-0.0066,-0.0126666666666666,-0.0037999999999998,-0.0090666666666666,-0.0059666666666666,-0.00718999999999988,0.004615434385613186,10
CDC Diabetes,TVAE,Utility,Recall_TRTR,0.8309000000000001,0.8309000000000001,0.8309000000000001,0.8309000000000001,0.8309000000000001,0.8309000000000001,0.8309000000000001,0.8309000000000001,0.8309000000000001,0.8309000000000001,0.8309000000000001,0.0,10
CDC Diabetes,TVAE,Utility,Recall_TSTR,0.8359333333333333,0.8456666666666666,0.8413999999999998,0.8351666666666665,0.8301333333333335,0.8375000000000001,0.8435666666666667,0.8346999999999999,0.8399666666666668,0.8368666666666668,0.83809,0.004615434385613217,10
CDC Diabetes,TabDDPM,Compute,evaluation_time_seconds,16.3730004131794,17.77571821096353,17.93658826383762,25.20413710200228,45.33840318699367,31.54047711612657,38.17694612999912,36.81819339899812,28.70590236099815,34.69094065199897,29.256030683509742,9.847667447572109,10
CDC Diabetes,TabDDPM,Compute,generation_time_seconds,0.0,0.0,0.0,0.0,0.0,0.0,0.0,0.0,0.0,0.0,0.0,0.0,10
CDC Diabetes,TabDDPM,Compute,total_time_seconds,22.92257009306923,23.85848584701307,23.88154759188183,48.66532227094285,59.9959873619955,54.72341347788461,63.39098785599344,94.17190341700189,47.74077484699956,55.95344515200122,49.53044379147832,22.089639793894097,10
CDC Diabetes,TabDDPM,Compute,training_time_seconds,6.532755281077698,6.066497482126579,5.928676279028878,23.33708441094495,14.55614616395906,22.97317979903892,24.99537645099917,57.17986751499848,18.84658981300163,21.09083005999855,20.15070032551739,15.028536902191725,10
CDC Diabetes,TabDDPM,Fidelity,KS_Complement,0.8073522727272727,0.7043181818181817,0.7464318181818183,0.814215909090909,0.7807613636363636,0.7767727272727274,0.7501250000000002,0.7978977272727273,0.7370454545454546,0.7405,0.7655420454545455,0.03545308856839004,10
CDC Diabetes,TabDDPM,Fidelity,MMD,0.1538484567170892,0.1694095756616825,0.1315723150917226,0.1584359439419474,0.1578953734846821,0.1855809131238528,0.1495729645975189,0.1784365017650818,0.1781202639206517,0.1461837177902668,0.16090560260944958,0.01685043300109549,10
CDC Diabetes,TabDDPM,Fidelity,Quality_Score,0.5882885101123738,0.5057222222335859,0.5661906565770203,0.6059242424356059,0.5568162878901516,0.5582500000113636,0.5369614899103535,0.5778529040517677,0.523518939405303,0.5537272727386364,0.5573252525366162,0.0299166379540227,10
CDC Diabetes,TabDDPM,Fidelity,Wasserstein_Distance,2.247865074825509,2.191467718385407,2.02052974411591,2.029818550624515,2.080346434511647,2.363786645672463,2.59549042834989,2.310115961902494,2.567027020887208,2.642885191153046,2.3049332770428093,0.2342749118705599,10
CDC Diabetes,TabDDPM,Privacy,MIA_AUC,0.8287654320987655,0.9070370370370372,0.7887654320987654,0.807530864197531,0.9014814814814814,0.8620987654320987,0.8565432098765432,0.9104938271604938,0.922962962962963,0.8625925925925927,0.8648271604938271,0.04599539894832217,10
CDC Diabetes,TabDDPM,Privacy,Mahalanobis_Distance,10.31607181746884,9.445185257260542,8.695376795186018,9.341593448642335,9.706138270907612,10.40959497966129,9.769230206992884,10.73569854428578,10.48002638198781,10.8459388668564,9.97448545692495,0.6937354178139836,10
CDC Diabetes,TabDDPM,Privacy,Mean_Distance,10.31607181746884,9.445185257260542,8.695376795186018,9.341593448642335,9.706138270907612,10.40959497966129,9.769230206992884,10.73569854428578,10.48002638198781,10.8459388668564,9.97448545692495,0.6937354178139836,10
CDC Diabetes,TabDDPM,Privacy,Median_Distance,8.985430655845878,9.079220608398211,8.555821076005806,8.84207758989881,10.03629062105196,12.03644409990769,9.564724071546522,11.40316815603157,11.52333154547584,12.84937392785364,10.287588235201593,1.5356066897898815,10
CDC Diabetes,TabDDPM,Privacy,NNDR,0.9268062522735708,0.9280928041030508,0.9156886080245106,0.9194425122867206,0.9228541362804816,0.9011467315879776,0.8998088059246538,0.927718875412567,0.924488411701518,0.9179482523502837,0.9183995389945334,0.01032965189714227,10
CDC Diabetes,TabDDPM,Utility,Accuracy_Gap,0.0046666666666668,0.0047999999999999,0.0220333333333332,0.0113333333333334,0.0182666666666668,0.0378,0.0328333333333332,0.0194333333333335,0.0068666666666669,0.0274666666666667,0.018550000000000042,0.011725884104181234,10
CDC Diabetes,TabDDPM,Utility,Accuracy_TRTR,0.8309000000000001,0.8309000000000001,0.8309000000000001,0.8309000000000001,0.8309000000000001,0.8309000000000001,0.8309000000000001,0.8309000000000001,0.8309000000000001,0.8309000000000001,0.8309000000000001,0.0,10
CDC Diabetes,TabDDPM,Utility,Accuracy_TSTR,0.8262333333333333,0.8261000000000002,0.8088666666666668,0.8195666666666667,0.8126333333333332,0.7931,0.7980666666666668,0.8114666666666666,0.8240333333333332,0.8034333333333333,0.81235,0.01172588410418125,10
CDC Diabetes,TabDDPM,Utility,F1_Gap,0.0172289521456618,0.0185617338475953,0.0276760621184095,0.0214776126540955,0.0280529351773777,0.0374687936763901,0.0350813263491985,0.0246145784731621,0.0188512919774094,0.0278105033875467,0.025682378980684657,0.006904354708278262,10
CDC Diabetes,TabDDPM,Utility,F1_TRTR,0.8033546059916947,0.8033546059916947,0.8033546059916947,0.8033546059916947,0.8033546059916947,0.8033546059916947,0.8033546059916947,0.8033546059916947,0.8033546059916947,0.8033546059916947,0.8033546059916947,0.0,10
CDC Diabetes,TabDDPM,Utility,F1_TSTR,0.7861256538460328,0.7847928721440994,0.7756785438732852,0.7818769933375992,0.775301670814317,0.7658858123153046,0.7682732796424961,0.7787400275185326,0.7845033140142853,0.775544102604148,0.7776722270110101,0.006904354708278264,10
CDC Diabetes,TabDDPM,Utility,Precision_Gap,0.0477553093827003,0.0504698990055142,0.0492845122761658,0.0492002801738902,0.0555215236973503,0.0052653910422946,0.0513422483679413,0.0402787076349394,0.048724406635615,0.0278668200521209,0.0425709098268532,0.015180321761421,10
CDC Diabetes,TabDDPM,Utility,Precision_TRTR,0.79977359057349,0.79977359057349,0.79977359057349,0.79977359057349,0.79977359057349,0.79977359057349,0.79977359057349,0.79977359057349,0.79977359057349,0.79977359057349,0.79977359057349,0.0,10
CDC Diabetes,TabDDPM,Utility,Precision_TSTR,0.7520182811907896,0.7493036915679757,0.7504890782973241,0.7505733103995997,0.7442520668761397,0.7945081995311953,0.7484313422055486,0.7594948829385505,0.7510491839378749,0.771906770521369,0.7572026807466368,0.015180321761421001,10
CDC Diabetes,TabDDPM,Utility,ROC_AUC_Gap,0.1672757153905647,0.2824869419505252,0.258662866942399,0.2366576717441743,0.2189675174013921,0.2616635562729077,0.2346691213557954,0.2569716253628792,0.2005974197742584,0.1203788235425983,0.22383312597374944,0.04936223919585638,10
CDC Diabetes,TabDDPM,Utility,ROC_AUC_TRTR,0.7153842597262854,0.7153842597262854,0.7153842597262854,0.7153842597262854,0.7153842597262854,0.7153842597262854,0.7153842597262854,0.7153842597262854,0.7153842597262854,0.7153842597262854,0.7153842597262854,0.0,10
CDC Diabetes,TabDDPM,Utility,ROC_AUC_TSTR,0.5481085443357206,0.4328973177757602,0.4567213927838864,0.478726587982111,0.4964167423248932,0.4537207034533777,0.48071513837049,0.4584126343634062,0.514786839952027,0.5950054361836871,0.4915511337525359,0.04936223919585637,10
CDC Diabetes,TabDDPM,Utility,Recall_Gap,0.0046666666666668,0.0047999999999999,0.0220333333333332,0.0113333333333334,0.0182666666666668,0.0378,0.0328333333333332,0.0194333333333335,0.0068666666666669,0.0274666666666667,0.018550000000000042,0.011725884104181234,10
CDC Diabetes,TabDDPM,Utility,Recall_TRTR,0.8309000000000001,0.8309000000000001,0.8309000000000001,0.8309000000000001,0.8309000000000001,0.8309000000000001,0.8309000000000001,0.8309000000000001,0.8309000000000001,0.8309000000000001,0.8309000000000001,0.0,10
CDC Diabetes,TabDDPM,Utility,Recall_TSTR,0.8262333333333333,0.8261000000000002,0.8088666666666668,0.8195666666666667,0.8126333333333332,0.7931,0.7980666666666668,0.8114666666666666,0.8240333333333332,0.8034333333333333,0.81235,0.01172588410418125,10
CDC Diabetes,WGAN-GP,Compute,evaluation_time_seconds,20.52678356110118,19.40857652411796,20.7161181748379,42.61256818287075,45.3348581418395,60.03623364400119,44.39270911800122,78.16048778800177,51.56635166499473,43.55551323899999,42.63102000387662,18.75140316012962,10
CDC Diabetes,WGAN-GP,Compute,generation_time_seconds,0.0,0.0,0.0,0.0,0.0,0.0,0.0,0.0,0.0,0.0,0.0,0.0,10
CDC Diabetes,WGAN-GP,Compute,total_time_seconds,218.4868148779497,203.8931241098326,187.3302592961118,309.7187133161351,302.3750751530752,325.6139156050049,517.2253894290043,485.606390146997,472.8949399940029,506.6576383159991,352.98022602441125,131.44460877554144,10
CDC Diabetes,WGAN-GP,Compute,training_time_seconds,197.8944028848782,184.4424938978627,166.5583005398512,266.8821457650047,256.8417310148943,265.4407253051177,472.6904716520003,407.0668859819998,421.1940483940052,462.768800676,310.1780006111614,118.86997060301178,10
CDC Diabetes,WGAN-GP,Fidelity,KS_Complement,0.6226818181818182,0.6247159090909091,0.6145681818181818,0.6212159090909091,0.6056818181818181,0.6161931818181817,0.6321136363636363,0.6336136363636364,0.6312840909090908,0.6300454545454545,0.6232113636363636,0.009049872975482032,10
CDC Diabetes,WGAN-GP,Fidelity,MMD,0.0116616338700988,0.0095633228587107,0.0116866459464368,0.0084678943962378,0.0101143271732847,0.0098176692274301,0.009076376697863,0.010198058359149,0.0106982745698552,0.0116529364919837,0.01029371395910498,0.0011274142504203743,10
CDC Diabetes,WGAN-GP,Fidelity,Quality_Score,0.0910910056761009,0.0887216874942827,0.0879035056761009,0.0916932784033736,0.0865625965908736,0.0900853238465555,0.0892387329488282,0.09106827839201,0.0865569147556463,0.08799441476701,0.08909157385507817,0.0018635525383831535,10
CDC Diabetes,WGAN-GP,Fidelity,Wasserstein_Distance,0.3318176070008534,0.3348791369805921,0.3171551356876733,0.3106075302434715,0.3493944494273019,0.3113470860651775,0.3185237579580736,0.3353270253865792,0.3058448315300773,0.3357674107866824,0.32506639710664825,0.014242565737046787,10
CDC Diabetes,WGAN-GP,Privacy,MIA_AUC,0.4625925925925926,0.5275308641975309,0.5264197530864198,0.5588888888888889,0.5309876543209876,0.5820987654320988,0.5393827160493827,0.5628395061728395,0.5564197530864197,0.508888888888889,0.5356049382716049,0.033513671598568,10
CDC Diabetes,WGAN-GP,Privacy,Mahalanobis_Distance,4.16417421341536,4.273617926480434,4.233565311143709,4.252821022111586,4.246922829394443,4.128200575046058,4.201055086546472,4.271128629808124,4.284097520613518,4.281644275976843,4.233722739053654,0.05312776066676636,10
CDC Diabetes,WGAN-GP,Privacy,Mean_Distance,4.16417421341536,4.273617926480434,4.233565311143709,4.252821022111586,4.246922829394443,4.128200575046058,4.201055086546472,4.271128629808124,4.284097520613518,4.281644275976843,4.233722739053654,0.05312776066676636,10
CDC Diabetes,WGAN-GP,Privacy,Median_Distance,4.09176986216713,4.021129608889968,4.003471943940367,4.097763438642757,4.164870072851424,3.927216745514861,3.904219982543253,4.113612678146226,4.165195210815993,4.20801871869924,4.069726826221121,0.10270889272121467,10
CDC Diabetes,WGAN-GP,Privacy,NNDR,0.9215158921734184,0.927122984140038,0.925336981644204,0.91970763370206,0.932759999729061,0.9222054902264658,0.9299305517898052,0.9300520133686624,0.9233512389077724,0.9262908254519652,0.9258273611133451,0.004218585949668009,10
CDC Diabetes,WGAN-GP,Utility,Accuracy_Gap,0.0190666666666667,-0.0085999999999998,-0.0114999999999998,-0.0139333333333332,-0.0158666666666667,-0.0234999999999999,-0.0213999999999998,-0.0174999999999998,-0.0139999999999997,-0.014533333333333,-0.0121766666666665,0.01181619572796087,10
CDC Diabetes,WGAN-GP,Utility,Accuracy_TRTR,0.8309000000000001,0.8309000000000001,0.8309000000000001,0.8309000000000001,0.8309000000000001,0.8309000000000001,0.8309000000000001,0.8309000000000001,0.8309000000000001,0.8309000000000001,0.8309000000000001,0.0,10
CDC Diabetes,WGAN-GP,Utility,Accuracy_TSTR,0.8118333333333333,0.8394999999999999,0.8423999999999999,0.8448333333333333,0.8467666666666668,0.8544,0.8523,0.8483999999999999,0.8448999999999999,0.8454333333333331,0.8430766666666667,0.011816195727960912,10
CDC Diabetes,WGAN-GP,Utility,F1_Gap,0.0048961573323236,-5.70356899818325e-05,-0.0034894588208813,-0.0099519657393425,-0.0051537120151191,-0.0068555199345499,-0.0066978954482757,-0.0078003565630374,-0.0048720516001771,-0.0043543912398354,-0.004433622971887663,0.004224101547898962,10
CDC Diabetes,WGAN-GP,Utility,F1_TRTR,0.8033546059916947,0.8033546059916947,0.8033546059916947,0.8033546059916947,0.8033546059916947,0.8033546059916947,0.8033546059916947,0.8033546059916947,0.8033546059916947,0.8033546059916947,0.8033546059916947,0.0,10
CDC Diabetes,WGAN-GP,Utility,F1_TSTR,0.7984584486593711,0.8034116416816766,0.8068440648125761,0.8133065717310373,0.8085083180068139,0.8102101259262446,0.8100525014399704,0.8111549625547322,0.8082266575918718,0.8077089972315302,0.8077882289635825,0.00422410154789898,10
CDC Diabetes,WGAN-GP,Utility,Precision_Gap,-0.0023061114823323,0.0080840733628175,0.0192679359981149,0.0007755213126425,0.0023852088615299,0.0205687374704487,-0.0133139341262241,-0.005712847780796,0.0060617521718011,0.0175713547508286,0.00533816905388308,0.011263124177090125,10
CDC Diabetes,WGAN-GP,Utility,Precision_TRTR,0.79977359057349,0.79977359057349,0.79977359057349,0.79977359057349,0.79977359057349,0.79977359057349,0.79977359057349,0.79977359057349,0.79977359057349,0.79977359057349,0.79977359057349,0.0,10
CDC Diabetes,WGAN-GP,Utility,Precision_TSTR,0.8020797020558224,0.7916895172106724,0.780505654575375,0.7989980692608474,0.79738838171196,0.7792048531030412,0.8130875246997141,0.805486438354286,0.7937118384016888,0.7822022358226614,0.7944354215196069,0.011263124177090163,10
CDC Diabetes,WGAN-GP,Utility,ROC_AUC_Gap,-0.0036507896477125,0.0382826423215306,0.0209081509129426,0.006100014571214,0.0211771579407515,0.0265474909490343,0.0401502796552227,0.0159100844009549,0.0127245928466546,0.0295921741372161,0.02077417980878088,0.013717845322859358,10
CDC Diabetes,WGAN-GP,Utility,ROC_AUC_TRTR,0.7153842597262854,0.7153842597262854,0.7153842597262854,0.7153842597262854,0.7153842597262854,0.7153842597262854,0.7153842597262854,0.7153842597262854,0.7153842597262854,0.7153842597262854,0.7153842597262854,0.0,10
CDC Diabetes,WGAN-GP,Utility,ROC_AUC_TSTR,0.719035049373998,0.6771016174047547,0.6944761088133428,0.7092842451550714,0.6942071017855338,0.6888367687772511,0.6752339800710626,0.6994741753253304,0.7026596668796308,0.6857920855890692,0.6946100799175046,0.013717845322859398,10
CDC Diabetes,WGAN-GP,Utility,Recall_Gap,0.0190666666666667,-0.0085999999999998,-0.0114999999999998,-0.0139333333333332,-0.0158666666666667,-0.0234999999999999,-0.0213999999999998,-0.0174999999999998,-0.0139999999999997,-0.014533333333333,-0.0121766666666665,0.01181619572796087,10
CDC Diabetes,WGAN-GP,Utility,Recall_TRTR,0.8309000000000001,0.8309000000000001,0.8309000000000001,0.8309000000000001,0.8309000000000001,0.8309000000000001,0.8309000000000001,0.8309000000000001,0.8309000000000001,0.8309000000000001,0.8309000000000001,0.0,10
CDC Diabetes,WGAN-GP,Utility,Recall_TSTR,0.8118333333333333,0.8394999999999999,0.8423999999999999,0.8448333333333333,0.8467666666666668,0.8544,0.8523,0.8483999999999999,0.8448999999999999,0.8454333333333331,0.8430766666666667,0.011816195727960912,10
Cancer,CTABGAN,Compute,evaluation_time_seconds,7.194641651818529,7.029785206075758,6.867869935929775,40.26270252815448,41.664278059965,43.93764335801825,24.11490175300003,26.06732034599997,18.98928320900001,19.39891193000005,23.552733797796186,14.477928853267436,10
Cancer,CTABGAN,Compute,generation_time_seconds,0.0,0.0,0.0,0.0,0.0,0.0,0.0,0.0,0.0,0.0,0.0,0.0,10
Cancer,CTABGAN,Compute,total_time_seconds,49.1010600537993,48.32366614486091,48.33155463892035,168.1537964390591,181.3026969560888,173.3631310819183,139.469288133,151.154858261,118.675972955,121.586205022,119.94622296856467,53.311322180083714,10
Cancer,CTABGAN,Compute,training_time_seconds,41.89573233295232,41.28318815305829,41.44670160184614,127.5915195387788,139.3037543389946,129.3688921032008,115.269546872,124.968134748,99.57335330900004,102.052389084,96.2753212081831,39.64158362217364,10
Cancer,CTABGAN,Fidelity,KS_Complement,0.8395684981684983,0.846676923076923,0.8268172161172163,0.7544710622710622,0.8650816849816849,0.8592014652014652,0.8716032967032967,0.8279282051282052,0.8410648351648352,0.8506553113553114,0.8383068498168498,0.03293434245328656,10
Cancer,CTABGAN,Fidelity,MMD,0.0628332847072221,0.0554043797660034,0.0649389222125092,0.095982067693487,0.0359597596365562,0.0472484632327822,0.0341073741860148,0.0636605413998518,0.0611074383059768,0.0570933971461467,0.05783356282865502,0.017433531282514986,10
Cancer,CTABGAN,Fidelity,Quality_Score,0.82765944737971,0.8225323778714396,0.8100461856330177,0.6897608861885769,0.8360343490609998,0.8318711119272715,0.8451444913558129,0.8213729588872041,0.8285142778395669,0.814879549487852,0.8127815635631451,0.04439243311794293,10
Cancer,CTABGAN,Fidelity,Wasserstein_Distance,5.984714765014141,5.479449111511328,7.841806950762587,14.20946815054091,5.261519016176782,4.389712028552139,9.52083967226267,7.893139240284309,7.182522198169439,9.85670910349135,7.761988023676565,2.894516705431516,10
Cancer,CTABGAN,Privacy,MIA_AUC,0.8644444444444445,0.7903703703703704,0.9030864197530863,0.8055555555555556,0.8593827160493828,0.9083950617283948,0.7912345679012346,0.9060493827160496,0.9475308641975309,0.7879012345679013,0.8563950617283951,0.05926428305179643,10
Cancer,CTABGAN,Privacy,Mahalanobis_Distance,78.99667591083345,80.82701098837282,77.7707737026771,82.56192896961478,75.52197301927293,77.58924220878832,70.34855899224107,75.50197572280813,70.58528224489281,80.25930877214499,76.99627305316464,4.095403205783522,10
Cancer,CTABGAN,Privacy,Mean_Distance,78.99667591083345,80.82701098837282,77.7707737026771,82.56192896961478,75.52197301927293,77.58924220878832,70.34855899224107,75.50197572280813,70.58528224489281,80.25930877214499,76.99627305316464,4.095403205783522,10
Cancer,CTABGAN,Privacy,Median_Distance,70.0606031569054,70.32954424481878,67.54612834739831,81.39095848350846,68.71423683764785,63.90782167319892,64.43405543133107,64.59112539823471,62.37490157707876,72.1549757154639,68.55043508655862,5.5444150317371,10
Cancer,CTABGAN,Privacy,NNDR,0.9665800852448042,0.9642862335002472,0.96770209692126,0.9704656938973222,0.9674021085139412,0.9641588913014963,0.9629683949509013,0.9634631715120308,0.965787032203028,0.968968515095017,0.966178222314005,0.0024862862335513322,10
Cancer,CTABGAN,Utility,Accuracy_Gap,0.0739766081871347,0.135672514619883,0.0690058479532164,0.4669590643274852,0.114035087719298,0.089473684210526,0.0599415204678363,0.0871345029239764,0.118421052631579,0.116081871345029,0.13307017543859637,0.11986516689523473,10
Cancer,CTABGAN,Utility,Accuracy_TRTR,0.958187134502924,0.958187134502924,0.958187134502924,0.9552631578947368,0.9552631578947368,0.9552631578947368,0.9552631578947368,0.9552631578947368,0.9552631578947368,0.9552631578947368,0.9561403508771932,0.0014124148875428704,10
Cancer,CTABGAN,Utility,Accuracy_TSTR,0.8842105263157892,0.8225146198830409,0.8891812865497075,0.4883040935672515,0.8412280701754387,0.8657894736842107,0.8953216374269004,0.8681286549707603,0.8368421052631577,0.8391812865497077,0.8230701754385965,0.12019977888896108,10
Cancer,CTABGAN,Utility,F1_Gap,0.0768077345497619,0.1380328964203665,0.0697124407301317,0.4731193826076921,0.1176383006264689,0.0905128397912136,0.0615802573038155,0.0911663120686864,0.1194748848021389,0.1271196179074809,0.13651646668077563,0.12103958960469452,10
Cancer,CTABGAN,Utility,F1_TRTR,0.9579899186677384,0.9579899186677384,0.9579899186677384,0.955026012919316,0.955026012919316,0.955026012919316,0.955026012919316,0.955026012919316,0.955026012919316,0.955026012919316,0.9559151846438427,0.0014317024946861974,10
Cancer,CTABGAN,Utility,F1_TSTR,0.8811821841179766,0.819957022247372,0.8882774779376068,0.4819066303116239,0.8373877122928471,0.8645131731281024,0.8934457556155004,0.8638597008506296,0.8355511281171771,0.827906395011835,0.8193987179630671,0.12138764484336258,10
Cancer,CTABGAN,Utility,Precision_Gap,0.0712335482365167,0.1339692493173898,0.0665475532734417,0.4743198734276945,0.1153788373597735,0.0902102363806213,0.0562536934200127,0.0835398803254416,0.1169477470063713,0.1019763061432398,0.13103769248905028,0.12310367077956613,10
Cancer,CTABGAN,Utility,Precision_TRTR,0.9585588829451,0.9585588829451,0.9585588829451,0.9557169942454204,0.9557169942454204,0.9557169942454204,0.9557169942454204,0.9557169942454204,0.9557169942454204,0.9557169942454204,0.9565695608553243,0.0013727626605931863,10
Cancer,CTABGAN,Utility,Precision_TSTR,0.8873253347085832,0.8245896336277101,0.8920113296716582,0.4813971208177258,0.8403381568856468,0.865506757864799,0.8994633008254076,0.8721771139199787,0.838769247239049,0.8537406881021805,0.8255318683662738,0.12342221250350137,10
Cancer,CTABGAN,Utility,ROC_AUC_Gap,0.0481481481481483,0.1089836860670195,0.051526675485009,0.5871748236331571,0.0963514109347443,0.0667493386243387,0.0394179894179895,0.0732638888888889,0.0929177689594357,0.0956128747795417,0.12601466049382726,0.16372876985804635,10
Cancer,CTABGAN,Utility,ROC_AUC_TRTR,0.9709325396825398,0.9709325396825398,0.9709325396825398,0.9709325396825398,0.9709325396825398,0.9709325396825398,0.9709325396825398,0.9709325396825398,0.9709325396825398,0.9709325396825398,0.9709325396825397,0.0,10
Cancer,CTABGAN,Utility,ROC_AUC_TSTR,0.9227843915343914,0.8619488536155202,0.9194058641975308,0.3837577160493827,0.8745811287477955,0.904183201058201,0.9315145502645502,0.8976686507936509,0.8780147707231041,0.8753196649029981,0.8449178791887126,0.16372876985804632,10
Cancer,CTABGAN,Utility,Recall_Gap,0.0739766081871347,0.135672514619883,0.0690058479532164,0.4669590643274852,0.114035087719298,0.089473684210526,0.0599415204678363,0.0871345029239764,0.118421052631579,0.116081871345029,0.13307017543859637,0.11986516689523473,10
Cancer,CTABGAN,Utility,Recall_TRTR,0.958187134502924,0.958187134502924,0.958187134502924,0.9552631578947368,0.9552631578947368,0.9552631578947368,0.9552631578947368,0.9552631578947368,0.9552631578947368,0.9552631578947368,0.9561403508771932,0.0014124148875428704,10
Cancer,CTABGAN,Utility,Recall_TSTR,0.8842105263157892,0.8225146198830409,0.8891812865497075,0.4883040935672515,0.8412280701754387,0.8657894736842107,0.8953216374269004,0.8681286549707603,0.8368421052631577,0.8391812865497077,0.8230701754385965,0.12019977888896108,10
Cancer,CTGAN,Compute,evaluation_time_seconds,6.491197895957157,5.222942436113954,5.178388346219435,51.389138384955,51.14820525003597,48.07816303707659,51.94004957199991,50.60959934900006,46.58859214799986,55.59440819899987,37.224068461835785,21.931067252671294,10
Cancer,CTGAN,Compute,generation_time_seconds,0.0,0.0,0.0,0.0,0.0,0.0,0.0,0.0,0.0,0.0,0.0,0.0,10
Cancer,CTGAN,Compute,total_time_seconds,78.4635386171285,81.83954001800157,77.06332916091196,83.48103628796525,88.70241850591265,85.70355582493357,96.22136682099996,97.52870879499984,91.83451674899992,99.03012975899992,87.98681405388531,7.954362316706946,10
Cancer,CTGAN,Compute,training_time_seconds,71.96204185509123,76.60656310198829,71.86530623910949,32.06195912300609,37.51965138595551,37.57253995188512,44.12107145000004,46.78657558099985,45.181954873,43.34351412399997,50.702117768503555,16.356401538516028,10
Cancer,CTGAN,Fidelity,KS_Complement,0.6981571428571429,0.7087820512820514,0.7218120879120877,0.6966527472527472,0.7344978021978023,0.7177897435897437,0.7159912087912088,0.7033142857142857,0.683276923076923,0.6818505494505495,0.7062124542124542,0.016878277929139058,10
Cancer,CTGAN,Fidelity,MMD,0.2225401600036953,0.1971944192537396,0.2153142910933406,0.204068786310453,0.2130623551294459,0.1656569986079261,0.2202031755346762,0.2123140956202577,0.2243234853274768,0.1924105953080174,0.20670883621890285,0.017876212986832073,10
Cancer,CTGAN,Fidelity,Quality_Score,0.6722121099996817,,,0.6716694288012413,0.6907613444936717,0.6819719516306355,0.6791813038601684,0.6766888063498905,0.6635448669811548,0.6642465002686426,0.6750345390481358,0.009126701635432569,8
Cancer,CTGAN,Fidelity,Wasserstein_Distance,23.45855531809939,23.61401053431043,20.70595432454513,12.55328135841476,19.55904859233458,12.22683840520938,15.45392159787267,25.95826532585374,13.15705319554773,17.34489923480015,18.403182788698796,5.0126077699558715,10
Cancer,CTGAN,Privacy,MIA_AUC,1.0,0.991111111111111,0.9974074074074074,0.9993827160493828,0.9623456790123456,0.9755555555555556,0.9874074074074074,0.99679012345679,0.9995061728395062,0.9995061728395062,0.9909012345679014,0.012662204376348192,10
Cancer,CTGAN,Privacy,Mahalanobis_Distance,133.503308299786,114.5245502877272,129.2012700542026,137.384659359263,143.4864329327241,138.0242531376207,140.6030301852565,118.9235311002312,134.6313337774738,149.8837219932909,134.0166091127576,10.769292587411883,10
Cancer,CTGAN,Privacy,Mean_Distance,133.503308299786,114.5245502877272,129.2012700542026,137.384659359263,143.4864329327241,138.0242531376207,140.6030301852565,118.9235311002312,134.6313337774738,149.8837219932909,134.0166091127576,10.769292587411883,10
Cancer,CTGAN,Privacy,Median_Distance,119.6483459171099,102.0902517179277,110.2211880377835,119.9604178327184,126.8906517209481,120.6808432881367,124.8113803248985,108.1268948224798,119.3517808580015,135.4872859737207,118.72690404937248,9.733348128208279,10
Cancer,CTGAN,Privacy,NNDR,0.9815696177020452,0.981481546157858,0.9778312905796892,0.9762363013032834,0.9785592039084828,0.9796011730681208,0.9754449137485124,0.979176188412852,0.9776878941030152,0.9785744252963032,0.9786162554280162,0.001983835966452897,10
Cancer,CTGAN,Utility,Accuracy_Gap,0.4421052631578946,0.4769005847953216,0.4327485380116959,0.1271929824561401,0.2301169590643273,0.374269005847953,0.2134502923976607,0.1435672514619883,0.2307017543859646,0.4578947368421051,0.3128947368421051,0.13719572235855226,10
Cancer,CTGAN,Utility,Accuracy_TRTR,0.958187134502924,0.958187134502924,0.958187134502924,0.9552631578947368,0.9552631578947368,0.9552631578947368,0.9552631578947368,0.9552631578947368,0.9552631578947368,0.9552631578947368,0.9561403508771932,0.0014124148875428704,10
Cancer,CTGAN,Utility,Accuracy_TSTR,0.5160818713450293,0.4812865497076023,0.525438596491228,0.8280701754385966,0.7251461988304094,0.5809941520467837,0.741812865497076,0.8116959064327484,0.7245614035087721,0.4973684210526316,0.6432456140350877,0.13622136203932964,10
Cancer,CTGAN,Utility,F1_Gap,0.4463021115780721,0.5042892137648449,0.4309840473851477,0.1300548490415175,0.2482475125761099,0.4093994429820016,0.2147631698348199,0.1410974779574953,0.2307456233488516,0.4839861886165143,0.3239869637085374,0.14500260324536304,10
Cancer,CTGAN,Utility,F1_TRTR,0.9579899186677384,0.9579899186677384,0.9579899186677384,0.955026012919316,0.955026012919316,0.955026012919316,0.955026012919316,0.955026012919316,0.955026012919316,0.955026012919316,0.9559151846438427,0.0014317024946861974,10
Cancer,CTGAN,Utility,F1_TSTR,0.5116878070896664,0.4537007049028936,0.5270058712825908,0.8249711638777985,0.7067785003432061,0.5456265699373144,0.7402628430844961,0.8139285349618207,0.7242803895704644,0.4710398243028017,0.6319282209353052,0.1440764168559217,10
Cancer,CTGAN,Utility,Precision_Gap,0.3675771121283342,0.5139754830681492,0.3700655106817739,0.1240241017544788,0.1985567320640187,0.40932073593813,0.206284632402599,0.1045932642042069,0.2257484149397669,0.4888936683359946,0.3009039655517452,0.14780728169791305,10
Cancer,CTGAN,Utility,Precision_TRTR,0.9585588829451,0.9585588829451,0.9585588829451,0.9557169942454204,0.9557169942454204,0.9557169942454204,0.9557169942454204,0.9557169942454204,0.9557169942454204,0.9557169942454204,0.9565695608553243,0.0013727626605931863,10
Cancer,CTGAN,Utility,Precision_TSTR,0.5909817708167657,0.4445833998769507,0.588493372263326,0.8316928924909416,0.7571602621814016,0.5463962583072903,0.7494323618428214,0.8511237300412134,0.7299685793056534,0.4668233259094257,0.655665595303579,0.14706642028377628,10
Cancer,CTGAN,Utility,ROC_AUC_Gap,,,,0.1031139770723103,0.1777722663139331,0.457942019400353,0.1755346119929455,0.0787753527336859,0.2376984126984127,0.6001543209876543,0.26157013731418494,0.19438685978135242,7
Cancer,CTGAN,Utility,ROC_AUC_TRTR,,,,0.9709325396825398,0.9709325396825398,0.9709325396825398,0.9709325396825398,0.9709325396825398,0.9709325396825398,0.9709325396825398,0.9709325396825398,0.0,7
Cancer,CTGAN,Utility,ROC_AUC_TSTR,,,,0.8678185626102295,0.7931602733686067,0.5129905202821868,0.7953979276895943,0.8921571869488538,0.733234126984127,0.3707782186948854,0.7093624023683549,0.19438685978135242,7
Cancer,CTGAN,Utility,Recall_Gap,0.4421052631578946,0.4769005847953216,0.4327485380116959,0.1271929824561401,0.2301169590643273,0.374269005847953,0.2134502923976607,0.1435672514619883,0.2307017543859646,0.4578947368421051,0.3128947368421051,0.13719572235855226,10
Cancer,CTGAN,Utility,Recall_TRTR,0.958187134502924,0.958187134502924,0.958187134502924,0.9552631578947368,0.9552631578947368,0.9552631578947368,0.9552631578947368,0.9552631578947368,0.9552631578947368,0.9552631578947368,0.9561403508771932,0.0014124148875428704,10
Cancer,CTGAN,Utility,Recall_TSTR,0.5160818713450293,0.4812865497076023,0.525438596491228,0.8280701754385966,0.7251461988304094,0.5809941520467837,0.741812865497076,0.8116959064327484,0.7245614035087721,0.4973684210526316,0.6432456140350877,0.13622136203932964,10
Cancer,CopulaGAN,Compute,evaluation_time_seconds,6.844208926195279,7.012478957884014,6.787713655969128,33.84754004282877,32.51433082297444,31.74381495197304,34.83213030399997,33.35530827100001,43.51139323200005,48.62532089299998,27.907424005782467,15.448381774575887,10
Cancer,CopulaGAN,Compute,generation_time_seconds,0.0,0.0,0.0,0.0,0.0,0.0,0.0,0.0,0.0,0.0,0.0,0.0,10
Cancer,CopulaGAN,Compute,total_time_seconds,80.71898122597486,76.61866615293548,76.3459458060097,90.63594919699244,89.79741918318905,89.9717350420542,96.22529347199998,96.83134098899995,123.9089338440001,113.6482883010001,93.47025532131559,15.369988732709263,10
Cancer,CopulaGAN,Compute,training_time_seconds,73.830597324064,69.59509833087213,69.54114146204665,56.75208265311085,57.22669753199443,58.17493357509375,61.29995605699992,63.38286416099982,80.34420259099988,64.88231687300004,65.50298905591815,7.774489073196547,10
Cancer,CopulaGAN,Fidelity,KS_Complement,0.6973714285714284,0.6704912087912088,0.6716725274725273,0.6740531135531133,0.6790388278388277,0.6096706959706959,0.6971838827838829,0.7221300366300368,0.6853175824175823,0.6727864468864468,0.677971575091575,0.02897014464030057,10
Cancer,CopulaGAN,Fidelity,MMD,0.268642812482075,0.2646409755683581,0.2578231857459137,0.2662749521801903,0.2408769513117012,0.276836123680046,0.2467553350604929,0.23231736818438,0.2259017439836664,0.2335540184546722,0.2513623466651496,0.01778649976249602,10
Cancer,CopulaGAN,Fidelity,Quality_Score,0.670829269714067,0.656727473538518,0.6592414056312632,0.6585039137996964,0.6631864052616168,0.6256403944798598,0.6713848976200092,0.6834277376397611,0.6651016977682422,0.6592943289365445,0.6613337524389579,0.01493966771208127,10
Cancer,CopulaGAN,Fidelity,Wasserstein_Distance,33.40136545244344,43.11187027961803,36.75500236204747,12.77028095880667,10.78308144388488,41.85054074223157,26.37301008875535,36.4526570034526,26.69795342596849,17.46003679189351,28.565579854910204,11.7287841300689,10
Cancer,CopulaGAN,Privacy,MIA_AUC,0.9998765432098766,0.9977777777777778,1.0,0.9998765432098766,0.9887654320987654,1.0,0.9997530864197532,0.995679012345679,1.0,0.9992592592592592,0.998098765432099,0.003563985586367478,10
Cancer,CopulaGAN,Privacy,Mahalanobis_Distance,130.6279633148935,131.0070055832447,151.2031328434829,144.9891100894934,104.8852452477605,116.7380048157578,146.8294459216469,127.1220451573793,113.3581838127069,103.2458852135156,127.00060219998814,17.245185450030686,10
Cancer,CopulaGAN,Privacy,Mean_Distance,130.6279633148935,131.0070055832447,151.2031328434829,144.9891100894934,104.8852452477605,116.7380048157578,146.8294459216469,127.1220451573793,113.3581838127069,103.2458852135156,127.00060219998814,17.245185450030686,10
Cancer,CopulaGAN,Privacy,Median_Distance,116.4259912431834,116.4886328594257,138.2865085803294,125.4487743027163,91.41244768049565,106.7122752035573,129.9267675224331,112.1833940360566,98.49828475418455,92.52343055329148,112.79065067356737,15.776843246223152,10
Cancer,CopulaGAN,Privacy,NNDR,0.97853305831354,0.977944304460262,0.979480809337024,0.9804679261980996,0.974050954271007,0.9812053414183788,0.9790639359077888,0.97968072678256,0.9775357919784547,0.9808420791242284,0.9788804927791344,0.0020799816926752833,10
Cancer,CopulaGAN,Utility,Accuracy_Gap,0.3599415204678361,0.3187134502923978,0.3350877192982456,0.2804093567251461,0.4476608187134502,0.6312865497076023,0.2444444444444445,0.0663742690058479,0.6274853801169589,0.5,0.38114035087719295,0.17517899625775116,10
Cancer,CopulaGAN,Utility,Accuracy_TRTR,0.958187134502924,0.958187134502924,0.958187134502924,0.9552631578947368,0.9552631578947368,0.9552631578947368,0.9552631578947368,0.9552631578947368,0.9552631578947368,0.9552631578947368,0.9561403508771932,0.0014124148875428704,10
Cancer,CopulaGAN,Utility,Accuracy_TSTR,0.5982456140350878,0.6394736842105261,0.6230994152046783,0.6748538011695906,0.5076023391812865,0.3239766081871344,0.7108187134502922,0.8888888888888887,0.3277777777777778,0.4552631578947367,0.575,0.17542501842626324,10
Cancer,CopulaGAN,Utility,F1_Gap,0.368592147162586,0.3141614896143794,0.3522213056266984,0.3033824145810193,0.4657010378141081,0.6273324806682536,0.2412795693763686,0.0653665638499161,0.6327500769907675,0.5392830585045243,0.39100701441886204,0.17823345807172364,10
Cancer,CopulaGAN,Utility,F1_TRTR,0.9579899186677384,0.9579899186677384,0.9579899186677384,0.955026012919316,0.955026012919316,0.955026012919316,0.955026012919316,0.955026012919316,0.955026012919316,0.955026012919316,0.9559151846438427,0.0014317024946861974,10
Cancer,CopulaGAN,Utility,F1_TSTR,0.5893977715051525,0.6438284290533591,0.6057686130410401,0.6516435983382967,0.4893249751052079,0.3276935322510623,0.7137464435429474,0.8896594490693999,0.3222759359285486,0.4157429544147916,0.5649081702249805,0.17849408623813282,10
Cancer,CopulaGAN,Utility,Precision_Gap,0.2287414164531204,0.3038619440346471,0.2704805061370421,0.2726080032788536,0.323924705552073,0.5991141414079718,0.215992818977456,0.0554337384157209,0.5865058655301942,0.5677685490537139,0.3424431688840793,0.1823907061576235,10
Cancer,CopulaGAN,Utility,Precision_TRTR,0.9585588829451,0.9585588829451,0.9585588829451,0.9557169942454204,0.9557169942454204,0.9557169942454204,0.9557169942454204,0.9557169942454204,0.9557169942454204,0.9557169942454204,0.9565695608553243,0.0013727626605931863,10
Cancer,CopulaGAN,Utility,Precision_TSTR,0.7298174664919795,0.6546969389104528,0.6880783768080578,0.6831089909665667,0.6317922886933474,0.3566028528374485,0.7397241752679643,0.9002832558296994,0.369211128715226,0.3879484451917065,0.6141263919712449,0.18278367597630044,10
Cancer,CopulaGAN,Utility,ROC_AUC_Gap,0.2385251322751324,0.3037312610229279,0.2302028218694887,0.2972277336860673,0.3568231922398588,0.7003637566137567,0.2098655202821871,0.0403549382716049,0.6685240299823635,0.660113536155203,0.370573192239859,0.22691608176535336,10
Cancer,CopulaGAN,Utility,ROC_AUC_TRTR,0.9709325396825398,0.9709325396825398,0.9709325396825398,0.9709325396825398,0.9709325396825398,0.9709325396825398,0.9709325396825398,0.9709325396825398,0.9709325396825398,0.9709325396825398,0.9709325396825397,0.0,10
Cancer,CopulaGAN,Utility,ROC_AUC_TSTR,0.7324074074074074,0.6672012786596119,0.7407297178130511,0.6737048059964725,0.614109347442681,0.2705687830687831,0.7610670194003527,0.9305776014109348,0.3024085097001763,0.3108190035273368,0.6003593474426808,0.22691608176535336,10
Cancer,CopulaGAN,Utility,Recall_Gap,0.3599415204678361,0.3187134502923978,0.3350877192982456,0.2804093567251461,0.4476608187134502,0.6312865497076023,0.2444444444444445,0.0663742690058479,0.6274853801169589,0.5,0.38114035087719295,0.17517899625775116,10
Cancer,CopulaGAN,Utility,Recall_TRTR,0.958187134502924,0.958187134502924,0.958187134502924,0.9552631578947368,0.9552631578947368,0.9552631578947368,0.9552631578947368,0.9552631578947368,0.9552631578947368,0.9552631578947368,0.9561403508771932,0.0014124148875428704,10
Cancer,CopulaGAN,Utility,Recall_TSTR,0.5982456140350878,0.6394736842105261,0.6230994152046783,0.6748538011695906,0.5076023391812865,0.3239766081871344,0.7108187134502922,0.8888888888888887,0.3277777777777778,0.4552631578947367,0.575,0.17542501842626324,10
Cancer,ForestDiffusion,Compute,evaluation_time_seconds,5.938732716022059,6.055045092012733,5.947204952128232,36.58127368800342,36.26991587691009,40.0109391619917,23.99947761599998,19.66264822099998,21.10381258900003,12.92345987900001,20.849250979206822,13.29135774796914,10
Cancer,ForestDiffusion,Compute,generation_time_seconds,0.0,0.0,0.0,0.0,0.0,0.0,0.0,0.0,0.0,0.0,0.0,0.0,10
Cancer,ForestDiffusion,Compute,total_time_seconds,12.95623264508322,11.57243477902375,11.11773610510863,110.6151970140636,116.9119730149396,103.0733046259265,72.01726209599997,72.38462540999996,77.21867228100001,63.54849922400001,65.14159371951453,40.75197262194318,10
Cancer,ForestDiffusion,Compute,training_time_seconds,7.005515724187717,5.505992245161906,5.159768447978422,73.96956501202658,80.24663766101003,62.57412059395574,47.89840934799997,52.61023807999999,56.01086400600002,50.442461192,44.14235723103204,28.266259649708395,10
Cancer,ForestDiffusion,Fidelity,KS_Complement,0.9220315018315018,0.9207567765567763,0.9167886446886448,0.9098201465201466,0.9166355311355312,0.9110252747252748,0.9083388278388276,0.913475457875458,0.9150981684981684,0.9091271062271064,0.9143097435897436,0.0048018220128043,10
Cancer,ForestDiffusion,Fidelity,MMD,0.010400103568748,0.0134722527259912,0.0161069669908813,0.0118172082350499,0.0206695372163862,0.0146218075560833,0.0187109364820329,0.0117352265472116,0.0128534709030707,0.0139008469726881,0.01442883571981432,0.0032338232186543605,10
Cancer,ForestDiffusion,Fidelity,Quality_Score,0.939384223677773,0.9399777327547574,0.9362108265394866,0.932748502360383,0.9352359188767608,0.9336817330935352,0.9281491649358352,0.9332914141126946,0.9366118500844512,0.9336646030020122,0.9348955969437689,0.003439212138197315,10
Cancer,ForestDiffusion,Fidelity,Wasserstein_Distance,3.239384574421269,3.176265852350762,2.631568188721049,2.9045010555213,3.021452881411953,3.065054260516938,2.898785095795724,3.313869410124239,3.066552553233787,3.106002093925746,3.0423435966022767,0.19562529489878852,10
Cancer,ForestDiffusion,Privacy,MIA_AUC,0.4787654320987655,0.4639506172839506,0.4401234567901234,0.4766666666666667,0.4579012345679013,0.495679012345679,0.4235802469135803,0.4798765432098765,0.43,0.5330864197530865,0.46796296296296297,0.03273973571214614,10
Cancer,ForestDiffusion,Privacy,Mahalanobis_Distance,13.16707971930708,13.56477351382309,12.38253727025789,12.74321362080182,14.14879141891148,13.43243658068305,13.23580543412169,13.24738983069152,12.39046217587836,12.56953888641611,13.088202845089208,0.5673181533197337,10
Cancer,ForestDiffusion,Privacy,Mean_Distance,13.16707971930708,13.56477351382309,12.38253727025789,12.74321362080182,14.14879141891148,13.43243658068305,13.23580543412169,13.24738983069152,12.39046217587836,12.56953888641611,13.088202845089208,0.5673181533197337,10
Cancer,ForestDiffusion,Privacy,Median_Distance,10.54835759344388,10.60105416998978,10.21641817184448,10.33195769830672,11.38027147548191,10.61709098586481,10.41623037625256,10.26834299400726,10.24366058009051,10.29176710589654,10.491515115117846,0.3462222571336081,10
Cancer,ForestDiffusion,Privacy,NNDR,0.905741290237772,0.9087869117993702,0.913647198295792,0.9101987829525284,0.9107357757685952,0.9076113209957526,0.903194930882862,0.9081295592614173,0.9105187208420524,0.908298788320031,0.9086863279356173,0.002885024149131655,10
Cancer,ForestDiffusion,Utility,Accuracy_Gap,-0.0011695906432749,-0.007017543859649,-0.0143274853801168,-0.0096491228070174,-0.0190058479532162,-0.0114035087719298,-0.0026315789473685,-0.0061403508771932,-0.0064327485380116,-0.0184210526315788,-0.009619883040935619,0.006148004141695177,10
Cancer,ForestDiffusion,Utility,Accuracy_TRTR,0.958187134502924,0.958187134502924,0.958187134502924,0.9552631578947368,0.9552631578947368,0.9552631578947368,0.9552631578947368,0.9552631578947368,0.9552631578947368,0.9552631578947368,0.9561403508771932,0.0014124148875428704,10
Cancer,ForestDiffusion,Utility,Accuracy_TSTR,0.9593567251461989,0.965204678362573,0.9725146198830408,0.9649122807017542,0.974269005847953,0.9666666666666666,0.9578947368421052,0.96140350877193,0.9616959064327484,0.9736842105263156,0.9657602339181285,0.005972440432864236,10
Cancer,ForestDiffusion,Utility,F1_Gap,-0.0010740723981229,-0.0070325018920751,-0.0144366752772077,-0.0099012932168855,-0.0192599782504637,-0.0114577988874553,-0.00295754593231,-0.006372916459748,-0.0067835962706039,-0.0186350281393322,-0.00979114067242043,0.006175840653061712,10
Cancer,ForestDiffusion,Utility,F1_TRTR,0.9579899186677384,0.9579899186677384,0.9579899186677384,0.955026012919316,0.955026012919316,0.955026012919316,0.955026012919316,0.955026012919316,0.955026012919316,0.955026012919316,0.9559151846438427,0.0014317024946861974,10
Cancer,ForestDiffusion,Utility,F1_TSTR,0.9590639910658616,0.9650224205598136,0.9724265939449462,0.9649273061362016,0.9742859911697798,0.9664838118067712,0.957983558851626,0.961398929379064,0.96180960918992,0.9736610410586484,0.9657063253162631,0.005974287902466491,10
Cancer,ForestDiffusion,Utility,Precision_Gap,-0.0014318463547485,-0.0070833108627127,-0.0140951898503288,-0.0093192315294712,-0.0186803304159818,-0.0112751792169847,-0.0027036283132987,-0.0058570668549875,-0.0066169723363108,-0.0184052157011708,-0.00954679714359955,0.006023731861926493,10
Cancer,ForestDiffusion,Utility,Precision_TRTR,0.9585588829451,0.9585588829451,0.9585588829451,0.9557169942454204,0.9557169942454204,0.9557169942454204,0.9557169942454204,0.9557169942454204,0.9557169942454204,0.9557169942454204,0.9565695608553243,0.0013727626605931863,10
Cancer,ForestDiffusion,Utility,Precision_TSTR,0.9599907292998484,0.9656421938078128,0.9726540727954288,0.9650362257748916,0.9743973246614022,0.9669921734624052,0.9584206225587192,0.961574061100408,0.9623339665817312,0.9741222099465912,0.9661163579989239,0.005861882290913822,10
Cancer,ForestDiffusion,Utility,ROC_AUC_Gap,-0.0029210758377425,-0.0079475308641975,-0.0114748677248678,-0.0095182980599646,-0.0182429453262784,-0.0064153439153437,-0.0013833774250442,-0.0040013227513228,-0.0122189153439151,-0.0140321869488533,-0.00881558641975299,0.005321978018314959,10
Cancer,ForestDiffusion,Utility,ROC_AUC_TRTR,0.9709325396825398,0.9709325396825398,0.9709325396825398,0.9709325396825398,0.9709325396825398,0.9709325396825398,0.9709325396825398,0.9709325396825398,0.9709325396825398,0.9709325396825398,0.9709325396825397,0.0,10
Cancer,ForestDiffusion,Utility,ROC_AUC_TSTR,0.9738536155202824,0.9788800705467372,0.9824074074074076,0.9804508377425044,0.9891754850088182,0.9773478835978836,0.972315917107584,0.9749338624338626,0.983151455026455,0.9849647266313932,0.9797481261022929,0.00532197801831497,10
Cancer,ForestDiffusion,Utility,Recall_Gap,-0.0011695906432749,-0.007017543859649,-0.0143274853801168,-0.0096491228070174,-0.0190058479532162,-0.0114035087719298,-0.0026315789473685,-0.0061403508771932,-0.0064327485380116,-0.0184210526315788,-0.009619883040935619,0.006148004141695177,10
Cancer,ForestDiffusion,Utility,Recall_TRTR,0.958187134502924,0.958187134502924,0.958187134502924,0.9552631578947368,0.9552631578947368,0.9552631578947368,0.9552631578947368,0.9552631578947368,0.9552631578947368,0.9552631578947368,0.9561403508771932,0.0014124148875428704,10
Cancer,ForestDiffusion,Utility,Recall_TSTR,0.9593567251461989,0.965204678362573,0.9725146198830408,0.9649122807017542,0.974269005847953,0.9666666666666666,0.9578947368421052,0.96140350877193,0.9616959064327484,0.9736842105263156,0.9657602339181285,0.005972440432864236,10
Cancer,GaussianCopula,Compute,evaluation_time_seconds,6.976419203914702,6.971766497008503,7.010579077992588,78.92499033990316,75.60133765009232,75.01433942699805,83.5665714600002,77.339851189,91.43782877100011,32.2364109820046,53.508009459791424,35.671507543279844,10
Cancer,GaussianCopula,Compute,generation_time_seconds,0.0,0.0,0.0,0.0,0.0,0.0,0.0,0.0,0.0,0.0,0.0,0.0,10
Cancer,GaussianCopula,Compute,total_time_seconds,8.500604314962402,8.502441610908136,8.560824028914794,94.55397614184768,88.2390941940248,88.23014310491271,92.98247558499996,83.37925881799993,102.2079488039999,40.12706428300589,61.52838308855762,40.17469932760835,10
Cancer,GaussianCopula,Compute,training_time_seconds,1.513854637974873,1.520218802150339,1.538616319885477,15.44190047099255,12.41446806397289,13.06211224012077,9.159401057999958,5.981389644000046,10.58713476399998,7.779880201007472,7.899897620210436,5.146325863735805,10
Cancer,GaussianCopula,Fidelity,KS_Complement,0.9201659340659342,0.9201659340659342,0.9201659340659342,0.9201659340659342,0.9201659340659342,0.9201659340659342,0.9201659340659342,0.9201659340659342,0.9201659340659342,0.9201659340659342,0.9201659340659342,0.0,10
Cancer,GaussianCopula,Fidelity,MMD,0.0173158059268259,0.0173158059268259,0.0173158059268259,0.017315805772918,0.017315805772918,0.017315805772918,0.017315805772918,0.017315805772918,0.017315805772918,0.017315805772918,0.01731580581909037,7.43445789217954e-11,10
Cancer,GaussianCopula,Fidelity,Quality_Score,0.931154552368642,0.931154552368642,0.931154552368642,0.9311545522289846,0.9311545522289846,0.9311545522289846,0.9311545522289846,0.9311545522289846,0.9311545522289846,0.9311545522289846,0.931154552270882,6.746093172739543e-11,10
Cancer,GaussianCopula,Fidelity,Wasserstein_Distance,3.709511765923111,3.709511765923111,3.709511765923111,3.709512133153039,3.709512133153039,3.709512133153039,3.709512133153039,3.709512133153039,3.709512133153039,3.709512133153039,3.709512022984061,1.7738890787425869e-07,10
Cancer,GaussianCopula,Privacy,MIA_AUC,0.7532098765432098,0.7532098765432098,0.7532098765432098,0.7533333333333334,0.7533333333333334,0.7533333333333334,0.7533333333333334,0.7533333333333334,0.7533333333333334,0.7533333333333334,0.7532962962962964,5.9635295251877296e-05,10
Cancer,GaussianCopula,Privacy,Mahalanobis_Distance,8.619195541629859,8.619195541629859,8.619195541629859,8.619195854885204,8.619195854885204,8.619195854885204,8.619195854885204,8.619195854885204,8.619195854885204,8.619195854885204,8.619195760908601,1.5131670751086084e-07,10
Cancer,GaussianCopula,Privacy,Mean_Distance,8.619195541629859,8.619195541629859,8.619195541629859,8.619195854885204,8.619195854885204,8.619195854885204,8.619195854885204,8.619195854885204,8.619195854885204,8.619195854885204,8.619195760908601,1.5131670751086084e-07,10
Cancer,GaussianCopula,Privacy,Median_Distance,7.851049455002814,7.851049455002814,7.851049455002814,7.851049455002917,7.851049455002917,7.851049455002917,7.851049455002917,7.851049455002917,7.851049455002917,7.851049455002917,7.851049455002887,0.0,10
Cancer,GaussianCopula,Privacy,NNDR,0.9227251695953392,0.9227251695953392,0.9227251695953392,0.9227251748135014,0.9227251748135014,0.9227251748135014,0.9227251748135014,0.9227251748135014,0.9227251748135014,0.9227251748135014,0.9227251732480528,2.5206117756857648e-09,10
Cancer,GaussianCopula,Utility,Accuracy_Gap,0.1608187134502925,0.1608187134502925,0.1608187134502925,0.1578947368421053,0.1578947368421053,0.1578947368421053,0.1578947368421053,0.1578947368421053,0.1578947368421053,0.1578947368421053,0.15877192982456148,0.001412414887542857,10
Cancer,GaussianCopula,Utility,Accuracy_TRTR,0.958187134502924,0.958187134502924,0.958187134502924,0.9552631578947368,0.9552631578947368,0.9552631578947368,0.9552631578947368,0.9552631578947368,0.9552631578947368,0.9552631578947368,0.9561403508771932,0.0014124148875428704,10
Cancer,GaussianCopula,Utility,Accuracy_TSTR,0.7973684210526314,0.7973684210526314,0.7973684210526314,0.7973684210526314,0.7973684210526314,0.7973684210526314,0.7973684210526314,0.7973684210526314,0.7973684210526314,0.7973684210526314,0.7973684210526314,0.0,10
Cancer,GaussianCopula,Utility,F1_Gap,0.1662103280932607,0.1662103280932607,0.1662103280932607,0.1632464223448382,0.1632464223448382,0.1632464223448382,0.1632464223448382,0.1632464223448382,0.1632464223448382,0.1632464223448382,0.16413559406936495,0.0014317024946862375,10
Cancer,GaussianCopula,Utility,F1_TRTR,0.9579899186677384,0.9579899186677384,0.9579899186677384,0.955026012919316,0.955026012919316,0.955026012919316,0.955026012919316,0.955026012919316,0.955026012919316,0.955026012919316,0.9559151846438427,0.0014317024946861974,10
Cancer,GaussianCopula,Utility,F1_TSTR,0.7917795905744778,0.7917795905744778,0.7917795905744778,0.7917795905744778,0.7917795905744778,0.7917795905744778,0.7917795905744778,0.7917795905744778,0.7917795905744778,0.7917795905744778,0.7917795905744779,0.0,10
Cancer,GaussianCopula,Utility,Precision_Gap,0.1504049315774424,0.1504049315774424,0.1504049315774424,0.1475630428777628,0.1475630428777628,0.1475630428777628,0.1475630428777628,0.1475630428777628,0.1475630428777628,0.1475630428777628,0.1484156094876667,0.0013727626605931729,10
Cancer,GaussianCopula,Utility,Precision_TRTR,0.9585588829451,0.9585588829451,0.9585588829451,0.9557169942454204,0.9557169942454204,0.9557169942454204,0.9557169942454204,0.9557169942454204,0.9557169942454204,0.9557169942454204,0.9565695608553243,0.0013727626605931863,10
Cancer,GaussianCopula,Utility,Precision_TSTR,0.8081539513676576,0.8081539513676576,0.8081539513676576,0.8081539513676576,0.8081539513676576,0.8081539513676576,0.8081539513676576,0.8081539513676576,0.8081539513676576,0.8081539513676576,0.8081539513676577,0.0,10
Cancer,GaussianCopula,Utility,ROC_AUC_Gap,0.0933917548500882,0.0933917548500882,0.0933917548500882,0.0933807319223986,0.0933807319223986,0.0933807319223986,0.0933807319223986,0.0933807319223986,0.0933807319223986,0.0933807319223986,0.09338403880070548,5.324579933202372e-06,10
Cancer,GaussianCopula,Utility,ROC_AUC_TRTR,0.9709325396825398,0.9709325396825398,0.9709325396825398,0.9709325396825398,0.9709325396825398,0.9709325396825398,0.9709325396825398,0.9709325396825398,0.9709325396825398,0.9709325396825398,0.9709325396825397,0.0,10
Cancer,GaussianCopula,Utility,ROC_AUC_TSTR,0.8775407848324516,0.8775407848324516,0.8775407848324516,0.8775518077601412,0.8775518077601412,0.8775518077601412,0.8775518077601412,0.8775518077601412,0.8775518077601412,0.8775518077601412,0.8775485008818343,5.324579933209076e-06,10
Cancer,GaussianCopula,Utility,Recall_Gap,0.1608187134502925,0.1608187134502925,0.1608187134502925,0.1578947368421053,0.1578947368421053,0.1578947368421053,0.1578947368421053,0.1578947368421053,0.1578947368421053,0.1578947368421053,0.15877192982456148,0.001412414887542857,10
Cancer,GaussianCopula,Utility,Recall_TRTR,0.958187134502924,0.958187134502924,0.958187134502924,0.9552631578947368,0.9552631578947368,0.9552631578947368,0.9552631578947368,0.9552631578947368,0.9552631578947368,0.9552631578947368,0.9561403508771932,0.0014124148875428704,10
Cancer,GaussianCopula,Utility,Recall_TSTR,0.7973684210526314,0.7973684210526314,0.7973684210526314,0.7973684210526314,0.7973684210526314,0.7973684210526314,0.7973684210526314,0.7973684210526314,0.7973684210526314,0.7973684210526314,0.7973684210526314,0.0,10
Cancer,TVAE,Compute,evaluation_time_seconds,6.379982613027096,6.194203899009153,6.306256684940308,47.07695223693736,48.44816929590888,61.36296871001832,64.35151124799995,59.33953952900015,65.254038477,73.83552077099989,43.85491434648411,27.05397111030551,10
Cancer,TVAE,Compute,generation_time_seconds,0.0,0.0,0.0,0.0,0.0,0.0,0.0,0.0,0.0,0.0,0.0,0.0,10
Cancer,TVAE,Compute,total_time_seconds,18.96855022688396,18.71685807988979,18.90002715494484,61.26164106396027,62.6804519770667,76.91150662302971,101.7704804910002,93.58378251199996,108.1176998860001,116.1570070809998,67.70680050957753,38.18009850449012,10
Cancer,TVAE,Compute,training_time_seconds,12.57795285712928,12.51212903903797,12.58278325106949,14.15232152095996,14.19853356806561,15.51352393603884,37.38450400600004,34.188270999,42.83069185199997,42.12870492499997,23.80694159543011,13.431600243503077,10
Cancer,TVAE,Fidelity,KS_Complement,0.8521739926739927,0.8690578754578753,0.8532776556776558,0.8305150183150184,0.8444234432234432,0.8607186813186812,0.8436164835164836,0.8493384615384617,0.843260805860806,0.8538223443223444,0.8500204761904762,0.010570053561650092,10
Cancer,TVAE,Fidelity,MMD,0.0366128893592974,0.0232539722053743,0.0340983000939884,0.0510827621851353,0.0370279578579332,0.0260932157958351,0.0293524369642177,0.0351854854969203,0.0309459178668487,0.0306455012426806,0.0334298439068231,0.007646023033852433,10
Cancer,TVAE,Fidelity,Quality_Score,0.8403516811907786,0.8664644771488004,0.844786637905687,0.8288916725214344,0.8391500210064264,0.8543875416309844,0.8420604451453835,0.8334231626453661,0.8392440141371253,0.8604344079473167,0.8449194061279304,0.011917093655552356,10
Cancer,TVAE,Fidelity,Wasserstein_Distance,10.55834017919853,8.330919436962121,9.562440206568423,11.86265258841282,10.57603275734509,9.794790064499557,10.78158409498516,10.0937166387793,11.1413848366582,10.38599017329659,10.30878509767058,0.9574476298093686,10
Cancer,TVAE,Privacy,MIA_AUC,0.7682716049382716,0.7209876543209877,0.7430864197530864,0.7985185185185186,0.7864197530864198,0.7619753086419753,0.7117283950617284,0.7520987654320987,0.7151851851851851,0.7448148148148148,0.7503086419753087,0.02935291742082298,10
Cancer,TVAE,Privacy,Mahalanobis_Distance,44.38181328341296,45.80583068698727,43.85530040578976,39.8319331648581,43.13806660871429,45.45823837986263,41.64048169126164,43.30025687521513,42.52814380441743,42.95307987640901,43.28931447769282,1.7618974522809565,10
Cancer,TVAE,Privacy,Mean_Distance,44.38181328341296,45.80583068698727,43.85530040578976,39.8319331648581,43.13806660871429,45.45823837986263,41.64048169126164,43.30025687521513,42.52814380441743,42.95307987640901,43.28931447769282,1.7618974522809565,10
Cancer,TVAE,Privacy,Median_Distance,33.98199725381232,34.13316762787183,33.07224471406404,30.24585998565371,33.09694486226622,33.18100574356495,33.26933099718558,33.75685846210004,32.21228191393548,32.33994618224597,32.92896377427001,1.1319667580362127,10
Cancer,TVAE,Privacy,NNDR,0.9507224999726478,0.9516581269821618,0.9491744879534072,0.9531138430504518,0.9541515789025288,0.9502486461421844,0.9501182566702464,0.951912636482616,0.9532330065831056,0.9533456386259708,0.9517678721365319,0.0016670128205442522,10
Cancer,TVAE,Utility,Accuracy_Gap,-0.0052631578947365,0.0008771929824559,0.0052631578947367,0.0067251461988302,0.004093567251462,0.0073099415204676,-0.0020467836257312,-0.0090643274853804,0.0011695906432747,0.0090643274853798,0.0018128654970758801,0.005855745296068113,10
Cancer,TVAE,Utility,Accuracy_TRTR,0.958187134502924,0.958187134502924,0.958187134502924,0.9552631578947368,0.9552631578947368,0.9552631578947368,0.9552631578947368,0.9552631578947368,0.9552631578947368,0.9552631578947368,0.9561403508771932,0.0014124148875428704,10
Cancer,TVAE,Utility,Accuracy_TSTR,0.9634502923976604,0.957309941520468,0.9529239766081872,0.9485380116959063,0.9511695906432748,0.9479532163742692,0.957309941520468,0.9643274853801173,0.954093567251462,0.9461988304093568,0.9543274853801169,0.006264865817513987,10
Cancer,TVAE,Utility,F1_Gap,-0.0055822284115599,0.0001917301597911,0.0044768522852987,0.0063706345143842,0.0039035579341132,0.0072462328431621,-0.0024629456937079,-0.0093777265804062,0.000668496870766,0.0083288204375217,0.0013763424359363,0.0058161813570194966,10
Cancer,TVAE,Utility,F1_TRTR,0.9579899186677384,0.9579899186677384,0.9579899186677384,0.955026012919316,0.955026012919316,0.955026012919316,0.955026012919316,0.955026012919316,0.955026012919316,0.955026012919316,0.9559151846438427,0.0014317024946861974,10
Cancer,TVAE,Utility,F1_TSTR,0.9635721470792984,0.9577981885079474,0.9535130663824398,0.9486553784049316,0.9511224549852028,0.9477797800761538,0.957488958613024,0.9644037394997222,0.95435751604855,0.9466971924817944,0.9545388422079064,0.006260916289963689,10
Cancer,TVAE,Utility,Precision_Gap,-0.006012717594323,-0.004960581554807,-0.0001095804765767,0.0059327659659748,0.0040901945595686,0.007415712122334,-0.0032553556140498,-0.00927963487419,-0.0001670104494911,0.0057429718046178,-6.0323611094240116e-05,0.005748183594897446,10
Cancer,TVAE,Utility,Precision_TRTR,0.9585588829451,0.9585588829451,0.9585588829451,0.9557169942454204,0.9557169942454204,0.9557169942454204,0.9557169942454204,0.9557169942454204,0.9557169942454204,0.9557169942454204,0.9565695608553243,0.0013727626605931863,10
Cancer,TVAE,Utility,Precision_TSTR,0.964571600539423,0.963519464499907,0.9586684634216768,0.9497842282794456,0.9516267996858516,0.9483012821230864,0.9589723498594702,0.9649966291196104,0.9558840046949116,0.9499740224408024,0.9566298844664185,0.006466141305729592,10
Cancer,TVAE,Utility,ROC_AUC_Gap,-0.0099757495590826,-0.0028824955908288,0.0030423280423281,-0.0031415343915345,-0.0023699294532628,-5.511463844798392e-05,-0.0039296737213402,-0.0032242063492061,-0.0075451940035272,0.0071483686067019,-0.0022933201058200183,0.004874454487231722,10
Cancer,TVAE,Utility,ROC_AUC_TRTR,0.9709325396825398,0.9709325396825398,0.9709325396825398,0.9709325396825398,0.9709325396825398,0.9709325396825398,0.9709325396825398,0.9709325396825398,0.9709325396825398,0.9709325396825398,0.9709325396825397,0.0,10
Cancer,TVAE,Utility,ROC_AUC_TSTR,0.9809082892416224,0.9738150352733688,0.9678902116402116,0.9740740740740744,0.9733024691358028,0.9709876543209878,0.97486221340388,0.974156746031746,0.978477733686067,0.9637841710758378,0.9732258597883598,0.004874454487231774,10
Cancer,TVAE,Utility,Recall_Gap,-0.0052631578947365,0.0008771929824559,0.0052631578947367,0.0067251461988302,0.004093567251462,0.0073099415204676,-0.0020467836257312,-0.0090643274853804,0.0011695906432747,0.0090643274853798,0.0018128654970758801,0.005855745296068113,10
Cancer,TVAE,Utility,Recall_TRTR,0.958187134502924,0.958187134502924,0.958187134502924,0.9552631578947368,0.9552631578947368,0.9552631578947368,0.9552631578947368,0.9552631578947368,0.9552631578947368,0.9552631578947368,0.9561403508771932,0.0014124148875428704,10
Cancer,TVAE,Utility,Recall_TSTR,0.9634502923976604,0.957309941520468,0.9529239766081872,0.9485380116959063,0.9511695906432748,0.9479532163742692,0.957309941520468,0.9643274853801173,0.954093567251462,0.9461988304093568,0.9543274853801169,0.006264865817513987,10
Cancer,TabDDPM,Compute,evaluation_time_seconds,5.334988909075037,5.294896457111463,5.400435198098421,52.62792170699686,52.33755535096861,50.84253181191161,34.78239075800002,30.70461345299998,24.84558059699998,23.93033938299999,28.610125362516197,19.254733615913466,10
Cancer,TabDDPM,Compute,generation_time_seconds,0.0,0.0,0.0,0.0,0.0,0.0,0.0,0.0,0.0,0.0,0.0,0.0,10
Cancer,TabDDPM,Compute,total_time_seconds,25.78092254209332,25.32059743092396,25.41358225815929,75.93059195601381,74.54710739501752,73.10870113899,58.29942803699998,54.40126738999999,39.89654793400001,38.11788178500001,49.08166278671979,20.902364075146377,10
Cancer,TabDDPM,Compute,training_time_seconds,20.43498746212572,20.01361474487931,20.00249613611959,23.24161506001838,22.13309291703627,21.99960912298411,23.37189355999999,23.54396374800001,14.878921945,14.03646428799999,20.365665898416335,3.3932518701274876,10
Cancer,TabDDPM,Fidelity,KS_Complement,0.3734575091575091,0.3868868131868132,0.3425406593406593,0.3858736263736264,0.3511289377289378,0.3863358974358974,0.3905531135531136,0.400743956043956,0.385143956043956,0.3955465201465201,0.3798210989010989,0.01888894544176072,10
Cancer,TabDDPM,Fidelity,MMD,0.3821379789475543,0.4341899311894044,0.3734439961810518,0.3415572369355304,0.3667221474165116,0.3871219639295561,0.4167574782389939,0.4338901938762399,0.3898256129980344,0.3771324809389696,0.39027790206518465,0.02980053762394678,10
Cancer,TabDDPM,Fidelity,Quality_Score,0.6019209877986296,0.6054989324988613,0.578322562603808,0.6068152802209889,0.5763896770677722,0.6098838526163444,0.6112392246410813,0.6183638056198205,0.6097310954334664,0.6204972801911636,0.6038662698691937,0.015034506586674516,10
Cancer,TabDDPM,Fidelity,Wasserstein_Distance,100.8271601840026,92.26149115312096,86.149298966989,87.84352594379472,89.80591199074156,95.48126361088508,87.95892705383595,79.07147090135594,96.47467341682864,94.3607407671798,91.02344639887342,6.200033129165065,10
Cancer,TabDDPM,Privacy,MIA_AUC,1.0,0.9934567901234568,0.9990123456790124,1.0,1.0,0.9907407407407408,0.9967901234567902,0.98,0.9995061728395062,0.998148148148148,0.9957654320987656,0.006361200213822969,10
Cancer,TabDDPM,Privacy,Mahalanobis_Distance,51.54657606181053,52.70957201241333,59.51031543722657,60.64896626626695,57.828833817981,62.62363814784924,55.39150564674334,53.38702360561973,57.90731158589259,59.34258690457522,57.08963294863785,3.6810015917193883,10
Cancer,TabDDPM,Privacy,Mean_Distance,51.54657606181053,52.70957201241333,59.51031543722657,60.64896626626695,57.828833817981,62.62363814784924,55.39150564674334,53.38702360561973,57.90731158589259,59.34258690457522,57.08963294863785,3.6810015917193883,10
Cancer,TabDDPM,Privacy,Median_Distance,42.96938771738928,40.6280766653493,57.05685585866587,50.41478268827687,52.20107974797766,46.47017165390426,41.79092082016042,41.88243668384312,46.00299938825889,37.60941219282073,45.70261234166465,5.9874799370347755,10
Cancer,TabDDPM,Privacy,NNDR,0.9261180863151296,0.9619258678318486,0.9464635219842292,0.942441328779685,0.9417642552887836,0.9452270669217452,0.941023505611338,0.9432159560280712,0.9411882913310792,0.953216401020598,0.9442584281112507,0.00917579161018714,10
Cancer,TabDDPM,Utility,Accuracy_Gap,0.3266081871345029,0.3646198830409355,0.4064327485380116,0.4225146198830407,0.2880116959064324,0.2973684210526317,0.3307017543859649,0.3266081871345027,0.3374269005847953,0.3187134502923974,0.3419005847953215,0.043737983731837425,10
Cancer,TabDDPM,Utility,Accuracy_TRTR,0.958187134502924,0.958187134502924,0.958187134502924,0.9552631578947368,0.9552631578947368,0.9552631578947368,0.9552631578947368,0.9552631578947368,0.9552631578947368,0.9552631578947368,0.9561403508771932,0.0014124148875428704,10
Cancer,TabDDPM,Utility,Accuracy_TSTR,0.631578947368421,0.5935672514619884,0.5517543859649123,0.532748538011696,0.6672514619883043,0.657894736842105,0.6245614035087718,0.628654970760234,0.6178362573099414,0.6365497076023393,0.6142397660818714,0.04322324733158721,10
Cancer,TabDDPM,Utility,F1_Gap,0.4690255723179933,0.4696111440670335,0.5031113160414398,0.5358108850192738,0.3732129740017094,0.4033776994884148,0.4695025267846245,0.467456609899998,0.3884825249101156,0.4550286562352819,0.4534619908765885,0.05096370235177369,10
Cancer,TabDDPM,Utility,F1_TRTR,0.9579899186677384,0.9579899186677384,0.9579899186677384,0.955026012919316,0.955026012919316,0.955026012919316,0.955026012919316,0.955026012919316,0.955026012919316,0.955026012919316,0.9559151846438427,0.0014317024946861974,10
Cancer,TabDDPM,Utility,F1_TSTR,0.4889643463497452,0.488378774600705,0.4548786026262987,0.4192151279000422,0.5818130389176066,0.5516483134309011,0.4855234861346915,0.487569403019318,0.5665434880092004,0.4999973566840341,0.5024531937672542,0.0504555245421719,10
Cancer,TabDDPM,Utility,Precision_Gap,0.5596669161860972,0.463354342913768,0.547053221531372,0.4614344361755192,0.4221428874448403,0.3399598334032153,0.5585486347501911,0.5575114197596018,0.2820553091212579,0.4320029583405675,0.4623729959626431,0.09717110681795799,10
Cancer,TabDDPM,Utility,Precision_TRTR,0.9585588829451,0.9585588829451,0.9585588829451,0.9557169942454204,0.9557169942454204,0.9557169942454204,0.9557169942454204,0.9557169942454204,0.9557169942454204,0.9557169942454204,0.9565695608553243,0.0013727626605931863,10
Cancer,TabDDPM,Utility,Precision_TSTR,0.3988919667590027,0.4952045400313319,0.4115056614137279,0.4942825580699012,0.53357410680058,0.615757160842205,0.3971683594952292,0.3982055744858186,0.6736616851241625,0.5237140359048529,0.49419656489268127,0.09658450416500618,10
Cancer,TabDDPM,Utility,ROC_AUC_Gap,0.6198082010582011,0.3603946208112875,0.6843750000000002,0.4922453703703706,0.5739252645502646,0.4338073192239859,0.5838458994708995,0.5736882716049383,0.2791170634920634,0.4517636684303351,0.5052970679012346,0.12518425524110605,10
Cancer,TabDDPM,Utility,ROC_AUC_TRTR,0.9709325396825398,0.9709325396825398,0.9709325396825398,0.9709325396825398,0.9709325396825398,0.9709325396825398,0.9709325396825398,0.9709325396825398,0.9709325396825398,0.9709325396825398,0.9709325396825397,0.0,10
Cancer,TabDDPM,Utility,ROC_AUC_TSTR,0.3511243386243386,0.6105379188712523,0.2865575396825396,0.4786871693121692,0.3970072751322752,0.5371252204585539,0.3870866402116403,0.3972442680776014,0.6918154761904763,0.5191688712522047,0.4656354717813052,0.12518425524110607,10
Cancer,TabDDPM,Utility,Recall_Gap,0.3266081871345029,0.3646198830409355,0.4064327485380116,0.4225146198830407,0.2880116959064324,0.2973684210526317,0.3307017543859649,0.3266081871345027,0.3374269005847953,0.3187134502923974,0.3419005847953215,0.043737983731837425,10
Cancer,TabDDPM,Utility,Recall_TRTR,0.958187134502924,0.958187134502924,0.958187134502924,0.9552631578947368,0.9552631578947368,0.9552631578947368,0.9552631578947368,0.9552631578947368,0.9552631578947368,0.9552631578947368,0.9561403508771932,0.0014124148875428704,10
Cancer,TabDDPM,Utility,Recall_TSTR,0.631578947368421,0.5935672514619884,0.5517543859649123,0.532748538011696,0.6672514619883043,0.657894736842105,0.6245614035087718,0.628654970760234,0.6178362573099414,0.6365497076023393,0.6142397660818714,0.04322324733158721,10
Cancer,WGAN-GP,Compute,evaluation_time_seconds,6.515060761012137,6.570728325983509,6.463077067863196,60.1001101648435,60.78223297605291,58.47363989893347,80.91212462399994,36.33038850200001,38.39574854299997,36.19502356400002,39.073813442768866,26.323658159954068,10
Cancer,WGAN-GP,Compute,generation_time_seconds,0.0,0.0,0.0,0.0,0.0,0.0,0.0,0.0,0.0,0.0,0.0,0.0,10
Cancer,WGAN-GP,Compute,total_time_seconds,19.31177953793668,19.58395521203056,19.1300028769765,93.0950806629844,92.07948692399076,89.02172867697664,147.0702946609999,74.64767574199999,79.78931343699998,76.83174449899997,71.05610622298954,41.06136806232545,10
Cancer,WGAN-GP,Compute,training_time_seconds,12.78622391098179,13.00263813883066,12.65636086207814,32.83330482500605,31.13982223696075,30.34069267404266,65.90810041099985,38.16560841800001,41.294559803,40.51703218,31.86443434598999,16.51582348055091,10
Cancer,WGAN-GP,Fidelity,KS_Complement,0.8610923076923077,0.8721967032967034,0.8366336996336996,0.8797168498168497,0.8589128205128208,0.8932937728937728,0.8789813186813186,0.8642435897435895,0.8463380952380952,0.8843948717948718,0.8675804029304028,0.017574536435115994,10
Cancer,WGAN-GP,Fidelity,MMD,0.0277064381526815,0.0242732306293128,0.0322525160850238,0.0248446586762226,0.0336438104348595,0.013369346015696,0.0232430121905734,0.0347934076166324,0.0355858753893543,0.0211992999172337,0.027091159510759,0.007088630406902304,10
Cancer,WGAN-GP,Fidelity,Quality_Score,0.8765201100650197,0.8804574161097671,0.8623379685731584,0.8880815434259134,0.8715756630631812,0.9037338461654856,0.8837892192483183,0.8790075591235665,0.8680758792828707,0.8914641942309354,0.8805043399288216,0.01206581215374428,10
Cancer,WGAN-GP,Fidelity,Wasserstein_Distance,12.39527432852784,9.648387456650177,12.20092843161619,9.30797742218863,12.17132434442713,7.26521831844111,9.987073175094569,9.217648479390316,13.15088868725353,7.150883512606253,10.249560415619575,2.145088271317524,10
Cancer,WGAN-GP,Privacy,MIA_AUC,0.8009876543209877,0.9055555555555556,0.9166666666666669,0.8182716049382716,0.8082716049382715,0.7638271604938272,0.8759259259259259,0.9133333333333332,0.9714814814814816,0.8927160493827161,0.8667037037037038,0.06547461025507516,10
Cancer,WGAN-GP,Privacy,Mahalanobis_Distance,24.79547865999215,23.97698303328515,25.80058999706958,27.09587289008847,23.36250990258486,23.85981249142076,21.42940811285719,25.80069630053135,25.11435459102023,28.08668207810321,24.932238805695295,1.9145185063619954,10
Cancer,WGAN-GP,Privacy,Mean_Distance,24.79547865999215,23.97698303328515,25.80058999706958,27.09587289008847,23.36250990258486,23.85981249142076,21.42940811285719,25.80069630053135,25.11435459102023,28.08668207810321,24.932238805695295,1.9145185063619954,10
Cancer,WGAN-GP,Privacy,Median_Distance,22.60358181601866,21.9709093477634,23.39295474228651,22.95187402603031,20.74697945170874,20.70561612512309,19.35007743415566,22.74098415269536,22.67182644859621,25.17597363753674,22.231077718191468,1.6340941012132602,10
Cancer,WGAN-GP,Privacy,NNDR,0.9265473038895928,0.9289248669426978,0.9270558527761698,0.927847865411458,0.919609988615688,0.9297231223782428,0.9281452473955528,0.9236596960323856,0.9263978201727796,0.9300326319239394,0.9267944395538507,0.003131663627893622,10
Cancer,WGAN-GP,Utility,Accuracy_Gap,0.0751461988304093,0.0666666666666667,0.0903508771929826,0.0254385964912279,0.0663742690058477,0.0514619883040935,0.0652046783625731,0.0616959064327485,0.0850877192982452,0.0576023391812864,0.06450292397660809,0.018151801442578802,10
Cancer,WGAN-GP,Utility,Accuracy_TRTR,0.958187134502924,0.958187134502924,0.958187134502924,0.9552631578947368,0.9552631578947368,0.9552631578947368,0.9552631578947368,0.9552631578947368,0.9552631578947368,0.9552631578947368,0.9561403508771932,0.0014124148875428704,10
Cancer,WGAN-GP,Utility,Accuracy_TSTR,0.8830409356725146,0.8915204678362572,0.8678362573099413,0.9298245614035088,0.888888888888889,0.9038011695906432,0.8900584795321635,0.8935672514619881,0.8701754385964915,0.8976608187134503,0.8916374269005848,0.01750331029720459,10
Cancer,WGAN-GP,Utility,F1_Gap,0.0743134870945512,0.0681184463567846,0.0954685254035266,0.0250640914994241,0.0716447973392769,0.0519847894397731,0.0683058368362248,0.0615516180812433,0.0883668033830531,0.0602133264839025,0.06650317219177602,0.019443270722612968,10
Cancer,WGAN-GP,Utility,F1_TRTR,0.9579899186677384,0.9579899186677384,0.9579899186677384,0.955026012919316,0.955026012919316,0.955026012919316,0.955026012919316,0.955026012919316,0.955026012919316,0.955026012919316,0.9559151846438427,0.0014317024946861974,10
Cancer,WGAN-GP,Utility,F1_TSTR,0.8836764315731873,0.8898714723109539,0.8625213932642118,0.929961921419892,0.883381215580039,0.9030412234795429,0.8867201760830912,0.8934743948380727,0.8666592095362629,0.8948126864354135,0.8894120124520667,0.018836255427634046,10
Cancer,WGAN-GP,Utility,Precision_Gap,0.0719617683852222,0.0651632056654183,0.0791831176839445,0.024744033991267,0.0506264734777911,0.0498183200433046,0.0600197109378258,0.0613846236941825,0.0814410324022247,0.0517313697201814,0.05960736560013621,0.016669037884275865,10
Cancer,WGAN-GP,Utility,Precision_TRTR,0.9585588829451,0.9585588829451,0.9585588829451,0.9557169942454204,0.9557169942454204,0.9557169942454204,0.9557169942454204,0.9557169942454204,0.9557169942454204,0.9557169942454204,0.9565695608553243,0.0013727626605931863,10
Cancer,WGAN-GP,Utility,Precision_TSTR,0.8865971145598777,0.8933956772796816,0.8793757652611554,0.9309729602541532,0.9050905207676292,0.9058986742021156,0.8956972833075945,0.8943323705512378,0.8742759618431956,0.9039856245252388,0.8969621952551879,0.016002116738413476,10
Cancer,WGAN-GP,Utility,ROC_AUC_Gap,0.0630235890652558,0.0369543650793652,0.0481261022927691,0.0162973985890655,0.0294312169312168,0.0276124338624338,0.0456569664902999,0.0317680776014109,0.0649636243386244,0.0384534832451499,0.04022872574955913,0.015481803956609337,10
Cancer,WGAN-GP,Utility,ROC_AUC_TRTR,0.9709325396825398,0.9709325396825398,0.9709325396825398,0.9709325396825398,0.9709325396825398,0.9709325396825398,0.9709325396825398,0.9709325396825398,0.9709325396825398,0.9709325396825398,0.9709325396825397,0.0,10
Cancer,WGAN-GP,Utility,ROC_AUC_TSTR,0.907908950617284,0.9339781746031746,0.9228064373897706,0.9546351410934742,0.9415013227513228,0.943320105820106,0.92527557319224,0.9391644620811288,0.9059689153439152,0.9324790564373898,0.9307038139329806,0.015481803956609327,10
Cancer,WGAN-GP,Utility,Recall_Gap,0.0751461988304093,0.0666666666666667,0.0903508771929826,0.0254385964912279,0.0663742690058477,0.0514619883040935,0.0652046783625731,0.0616959064327485,0.0850877192982452,0.0576023391812864,0.06450292397660809,0.018151801442578802,10
Cancer,WGAN-GP,Utility,Recall_TRTR,0.958187134502924,0.958187134502924,0.958187134502924,0.9552631578947368,0.9552631578947368,0.9552631578947368,0.9552631578947368,0.9552631578947368,0.9552631578947368,0.9552631578947368,0.9561403508771932,0.0014124148875428704,10
Cancer,WGAN-GP,Utility,Recall_TSTR,0.8830409356725146,0.8915204678362572,0.8678362573099413,0.9298245614035088,0.888888888888889,0.9038011695906432,0.8900584795321635,0.8935672514619881,0.8701754385964915,0.8976608187134503,0.8916374269005848,0.01750331029720459,10
Forest Cover,CTABGAN,Compute,evaluation_time_seconds,181.4828552131075,189.0897484000307,203.4248758261092,232.8896596841514,205.9974985579029,198.1203544158489,118.4803364589998,732.9471692449952,168.0008377410004,183.4935474160002,241.3926882958146,175.2572345803617,10
Forest Cover,CTABGAN,Compute,generation_time_seconds,0.0,0.0,0.0,0.0,0.0,0.0,0.0,0.0,0.0,0.0,0.0,0.0,10
Forest Cover,CTABGAN,Compute,total_time_seconds,1316.93647017004,1329.703885853989,1345.250088612083,1930.833787455922,1881.035550567089,1683.089572925121,2463.985854393,36492.994402067,4307.397777097,3145.077647666,5589.630503680725,10899.677366898672,10
Forest Cover,CTABGAN,Compute,training_time_seconds,1135.395488915965,1140.530451328028,1141.736594393151,1697.773460668046,1674.823652208084,1484.842962834984,2345.352482678,35759.630399715,4139.140336212,2961.349015994,5348.057484494726,10728.583055592244,10
Forest Cover,CTABGAN,Fidelity,KS_Complement,0.9676,0.9634636363636364,0.9743181818181816,0.980159090909091,0.9815545454545452,0.9777227272727276,0.9661772727272728,0.9807272727272728,0.9777636363636364,0.9640590909090908,0.9733545454545455,0.0072740958308305645,10
Forest Cover,CTABGAN,Fidelity,MMD,0.070997958343134,0.066684856328368,0.0360077651557567,0.0176887670285917,0.0168706071793712,0.0192798156357649,0.0826009040077885,0.0279514416083676,0.0148580444189941,0.0676741433581405,0.04206143030642771,0.026804777477080443,10
Forest Cover,CTABGAN,Fidelity,Quality_Score,0.0842975317681538,0.0807935257279541,0.0872380905986455,0.089285584966511,0.0880744637640226,0.0894371144744753,0.0833350208123588,0.0874456293212113,0.0877264294777423,0.0820557657557118,0.08596891566667866,0.003094272549763672,10
Forest Cover,CTABGAN,Fidelity,Wasserstein_Distance,7.671686363636362,7.330286363636364,8.721986363636365,6.088050000000002,8.004222727272726,5.122359090909091,5.02473181818182,9.389077272727269,7.510613636363636,10.17543181818182,7.5038445454545455,1.709646325494638,10
Forest Cover,CTABGAN,Privacy,MIA_AUC,1.0,1.0,1.0,1.0,1.0,1.0,1.0,1.0,1.0,1.0,1.0,0.0,10
Forest Cover,CTABGAN,Privacy,Mahalanobis_Distance,1267.571762043728,1296.811385842435,736.5693763307411,645.0935458679626,579.485605674924,602.4406677715147,1272.165447477028,650.7234512280108,635.2537425820291,1308.703199051139,899.4818183869513,335.542396250892,10
Forest Cover,CTABGAN,Privacy,Mean_Distance,1267.571762043728,1296.811385842435,736.5693763307411,645.0935458679626,579.485605674924,602.4406677715147,1272.165447477028,650.7234512280108,635.2537425820291,1308.703199051139,899.4818183869513,335.542396250892,10
Forest Cover,CTABGAN,Privacy,Median_Distance,1286.692562880811,1286.730035671938,1041.501429479291,1000.641375803722,49.16243792584407,52.01828296810655,1286.790064368328,1000.989485028084,51.99678700882601,1286.894648735994,834.3417109870945,553.547387160136,10
Forest Cover,CTABGAN,Privacy,NNDR,0.9304441938461216,0.937817362922155,0.9419431303831816,0.9391024344146566,0.9383108015457312,0.9360116090315022,0.9392365393473564,0.9269509502289996,0.9459648352707714,0.9297938315512496,0.9365575688541725,0.005883326287378901,10
Forest Cover,CTABGAN,Utility,Accuracy_Gap,0.4458666666666666,0.4103333333333332,0.2867333333333333,0.2403999999999999,0.2778666666666666,0.2204333333333333,0.2884333333333332,0.2756999999999999,0.2717999999999999,0.3807999999999999,0.30983666666666654,0.07533627567180876,10
Forest Cover,CTABGAN,Utility,Accuracy_TRTR,0.7357999999999999,0.7357999999999999,0.7357999999999999,0.7357999999999999,0.7357999999999999,0.7357999999999999,0.7357999999999999,0.7357999999999999,0.7357999999999999,0.7357999999999999,0.7358,0.0,10
Forest Cover,CTABGAN,Utility,Accuracy_TSTR,0.2899333333333333,0.3254666666666667,0.4490666666666666,0.4954,0.4579333333333333,0.5153666666666666,0.4473666666666667,0.4601,0.464,0.355,0.42596333333333336,0.07533627567180877,10
Forest Cover,CTABGAN,Utility,F1_Gap,0.4554020285686191,0.407699280805164,0.2941329454704643,0.2576872699040886,0.2733117616567287,0.2274025944120071,0.3695627214191484,0.2943801522939769,0.279532282323908,0.4020346951581158,0.3261145732012221,0.07633057668801406,10
Forest Cover,CTABGAN,Utility,F1_TRTR,0.7287120113176496,0.7287120113176496,0.7287120113176496,0.7287120113176496,0.7287120113176496,0.7287120113176496,0.7287120113176496,0.7287120113176496,0.7287120113176496,0.7287120113176496,0.7287120113176496,0.0,10
Forest Cover,CTABGAN,Utility,F1_TSTR,0.2733099827490305,0.3210127305124856,0.4345790658471854,0.471024741413561,0.455400249660921,0.5013094169056426,0.3591492898985012,0.4343318590236727,0.4491797289937416,0.3266773161595338,0.40259743811642756,0.07633057668801409,10
Forest Cover,CTABGAN,Utility,Precision_Gap,0.4123678679528768,0.3756173919570098,0.2792538805467168,0.2394798861938444,0.2597196237803771,0.2281392577797737,0.3758185356446144,0.2366706816503196,0.2787838377410938,0.3400889166739106,0.3025939879920537,0.06747271077748143,10
Forest Cover,CTABGAN,Utility,Precision_TRTR,0.7296419398965577,0.7296419398965577,0.7296419398965577,0.7296419398965577,0.7296419398965577,0.7296419398965577,0.7296419398965577,0.7296419398965577,0.7296419398965577,0.7296419398965577,0.7296419398965577,0.0,10
Forest Cover,CTABGAN,Utility,Precision_TSTR,0.3172740719436809,0.3540245479395479,0.4503880593498408,0.4901620537027133,0.4699223161161806,0.501502682116784,0.3538234042519433,0.4929712582462381,0.4508581021554638,0.3895530232226471,0.42704795190450395,0.06747271077748142,10
Forest Cover,CTABGAN,Utility,ROC_AUC_Gap,0.3854981245500011,0.3759758733194571,0.2432321814131395,0.203564068913217,0.2092825217961181,0.204583157611081,0.3247882526361923,0.2118320798219953,0.2610667059980003,0.3157043323494689,0.27355272984086704,0.07156555455432184,10
Forest Cover,CTABGAN,Utility,ROC_AUC_TRTR,0.8528716228197365,0.8528716228197365,0.8528716228197365,0.8528716228197365,0.8528716228197365,0.8528716228197365,0.8528734671027826,0.8528734671027826,0.8528734671027826,0.8528734671027826,0.8528723605329549,9.523836697442324e-07,10
Forest Cover,CTABGAN,Utility,ROC_AUC_TSTR,0.4673734982697354,0.4768957495002794,0.609639441406597,0.6493075539065195,0.6435891010236184,0.6482884652086555,0.5280852144665903,0.6410413872807873,0.5918067611047823,0.5371691347533136,0.5793196306920878,0.0715654996394593,10
Forest Cover,CTABGAN,Utility,Recall_Gap,0.4458666666666666,0.4103333333333332,0.2867333333333333,0.2403999999999999,0.2778666666666666,0.2204333333333333,0.2884333333333332,0.2756999999999999,0.2717999999999999,0.3807999999999999,0.30983666666666654,0.07533627567180876,10
Forest Cover,CTABGAN,Utility,Recall_TRTR,0.7357999999999999,0.7357999999999999,0.7357999999999999,0.7357999999999999,0.7357999999999999,0.7357999999999999,0.7357999999999999,0.7357999999999999,0.7357999999999999,0.7357999999999999,0.7358,0.0,10
Forest Cover,CTABGAN,Utility,Recall_TSTR,0.2899333333333333,0.3254666666666667,0.4490666666666666,0.4954,0.4579333333333333,0.5153666666666666,0.4473666666666667,0.4601,0.464,0.355,0.42596333333333336,0.07533627567180877,10
Forest Cover,CTGAN,Compute,evaluation_time_seconds,176.6446189258713,181.0429984340444,175.7965725939721,174.9214468130376,220.5893107051961,280.9819785370491,167.0142913019997,82.84221244200035,158.614401026,59.6175681499999,167.80653989291704,62.33546558422396,10
Forest Cover,CTGAN,Compute,generation_time_seconds,0.0,0.0,0.0,0.0,0.0,0.0,0.0,0.0,0.0,0.0,0.0,0.0,10
Forest Cover,CTGAN,Compute,total_time_seconds,465.7560484129936,542.1628757761791,536.248455631081,503.133134863805,612.6335993481334,700.3303073002025,644.161731568,528.3144946579998,754.0962037699999,467.6429788660002,575.4479830194394,98.52516584058363,10
Forest Cover,CTGAN,Compute,training_time_seconds,289.0527552431449,361.0567222959362,360.383666431997,318.752035847865,391.9792273370549,419.2750416209456,465.288323642,445.414597921,595.4186324479997,407.7138257360002,405.4334828523944,86.094382414417,10
Forest Cover,CTGAN,Fidelity,KS_Complement,0.9495,0.9428318181818182,0.9403136363636362,0.9274954545454543,0.9483999999999998,0.9394863636363636,0.939290909090909,0.9385818181818182,0.9388181818181816,0.9386318181818184,0.9403349999999999,0.006057277134998425,10
Forest Cover,CTGAN,Fidelity,MMD,0.0517710669176586,0.0463968425567969,0.04469430062624,0.0618771984195213,0.0372142266800635,0.044120206053322,0.0436090534810681,0.0532127357784689,0.0445902963160602,0.0512377101392906,0.04787236369684901,0.006831951181479717,10
Forest Cover,CTGAN,Fidelity,Quality_Score,0.8574160386213732,0.8492684430495808,0.8586781275929346,0.8322959223171607,0.8472262630697147,0.8515648966771483,0.8392109118336034,0.8276598390017134,0.8402567115308037,0.8226102882098645,0.8426187441903897,0.012338761928962367,10
Forest Cover,CTGAN,Fidelity,Wasserstein_Distance,36.74858636363637,26.9599409090909,23.23540454545455,25.03815909090909,23.26791363636363,28.95510454545455,16.57670454545455,46.43135909090908,15.43855,27.65208636363637,27.030380909090905,9.135488546825854,10
Forest Cover,CTGAN,Privacy,MIA_AUC,0.9122222222222222,0.8909876543209876,0.914074074074074,0.8946913580246914,0.8419753086419753,0.8509876543209877,0.8595061728395061,0.8512345679012345,0.8725925925925926,0.8261728395061728,0.8714444444444445,0.03035196616347928,10
Forest Cover,CTGAN,Privacy,Mahalanobis_Distance,1161.175346508211,1317.029475177156,1313.057367941442,1215.466610904692,1261.055668203273,1189.201901942364,1292.637258954026,1251.661348635786,1252.129633845763,1296.894684093688,1255.03092962064,52.853500766958796,10
Forest Cover,CTGAN,Privacy,Mean_Distance,1161.175346508211,1317.029475177156,1313.057367941442,1215.466610904692,1261.055668203273,1189.201901942364,1292.637258954026,1251.661348635786,1252.129633845763,1296.894684093688,1255.03092962064,52.853500766958796,10
Forest Cover,CTGAN,Privacy,Median_Distance,1043.756289377021,1287.218306504263,1286.770286896968,1286.484215256899,1286.502334733611,1286.46651255282,1286.677933226496,1286.542034468825,1286.6325952321,1286.711121023328,1262.3761629272333,76.81550760089559,10
Forest Cover,CTGAN,Privacy,NNDR,0.9374364658376948,0.9368210820053944,0.9373706255615304,0.9328640073483304,0.9404658730387724,0.9309777019263158,0.9276539986682532,0.9356148016698316,0.93974662058472,0.9369753070380904,0.9355926483678931,0.003982619547326727,10
Forest Cover,CTGAN,Utility,Accuracy_Gap,0.2954666666666667,0.2868999999999999,0.3077666666666665,0.3577333333333332,0.3100999999999999,0.2808333333333333,0.3928,0.2689333333333332,0.2970666666666665,0.3806999999999999,0.31782999999999995,0.04342806866702858,10
Forest Cover,CTGAN,Utility,Accuracy_TRTR,0.7357999999999999,0.7357999999999999,0.7357999999999999,0.7357999999999999,0.7357999999999999,0.7357999999999999,0.7357999999999999,0.7357999999999999,0.7357999999999999,0.7357999999999999,0.7358,0.0,10
Forest Cover,CTGAN,Utility,Accuracy_TSTR,0.4403333333333332,0.4489,0.4280333333333334,0.3780666666666667,0.4257,0.4549666666666666,0.3429999999999999,0.4668666666666667,0.4387333333333334,0.3551,0.41796999999999995,0.043428068667028565,10
Forest Cover,CTGAN,Utility,F1_Gap,0.3801294413968874,0.3958943454127554,0.3421770059116085,0.4078324217644064,0.3703278639512869,0.3821139724388002,0.4817430154060018,0.3692009872369378,0.4006248033360836,0.4684953201718903,0.3998539177026658,0.043892763556412556,10
Forest Cover,CTGAN,Utility,F1_TRTR,0.7287120113176496,0.7287120113176496,0.7287120113176496,0.7287120113176496,0.7287120113176496,0.7287120113176496,0.7287120113176496,0.7287120113176496,0.7287120113176496,0.7287120113176496,0.7287120113176496,0.0,10
Forest Cover,CTGAN,Utility,F1_TSTR,0.3485825699207622,0.3328176659048942,0.3865350054060411,0.3208795895532432,0.3583841473663628,0.3465980388788494,0.2469689959116478,0.3595110240807118,0.328087207981566,0.2602166911457593,0.32885809361498375,0.04389276355641257,10
Forest Cover,CTGAN,Utility,Precision_Gap,0.4051833228941156,0.4222430764572664,0.3590102331859271,0.36067132424955,0.3521192066566527,0.343829489374929,0.4213721954496119,0.3137748206847062,0.4181424973963991,0.3889383907311545,0.37852845570803123,0.037901939551954755,10
Forest Cover,CTGAN,Utility,Precision_TRTR,0.7296419398965577,0.7296419398965577,0.7296419398965577,0.7296419398965577,0.7296419398965577,0.7296419398965577,0.7296419398965577,0.7296419398965577,0.7296419398965577,0.7296419398965577,0.7296419398965577,0.0,10
Forest Cover,CTGAN,Utility,Precision_TSTR,0.3244586170024421,0.3073988634392913,0.3706317067106306,0.3689706156470077,0.377522733239905,0.3858124505216287,0.3082697444469458,0.4158671192118515,0.3114994425001585,0.3407035491654031,0.35111348418852645,0.03790193955195477,10
Forest Cover,CTGAN,Utility,ROC_AUC_Gap,0.3544056667988631,0.3715135384907491,0.3598596808926635,0.3128868817259851,0.330400714115279,0.328677909404922,0.3561752772442143,0.2856462365873668,0.3182148275680331,0.353648017465751,0.33714287502938267,0.02655328428204758,10
Forest Cover,CTGAN,Utility,ROC_AUC_TRTR,0.8528716228197365,0.8528716228197365,0.8528716228197365,0.8528716228197365,0.8528716228197365,0.8528716228197365,0.8528734671027826,0.8528734671027826,0.8528734671027826,0.8528734671027826,0.8528723605329549,9.523836697442324e-07,10
Forest Cover,CTGAN,Utility,ROC_AUC_TSTR,0.4984659560208734,0.4813580843289874,0.493011941927073,0.5399847410937514,0.5224709087044574,0.5241937134148145,0.4966981898585682,0.5672272305154158,0.5346586395347495,0.4992254496370316,0.5157294855035721,0.02655355353318754,10
Forest Cover,CTGAN,Utility,Recall_Gap,0.2954666666666667,0.2868999999999999,0.3077666666666665,0.3577333333333332,0.3100999999999999,0.2808333333333333,0.3928,0.2689333333333332,0.2970666666666665,0.3806999999999999,0.31782999999999995,0.04342806866702858,10
Forest Cover,CTGAN,Utility,Recall_TRTR,0.7357999999999999,0.7357999999999999,0.7357999999999999,0.7357999999999999,0.7357999999999999,0.7357999999999999,0.7357999999999999,0.7357999999999999,0.7357999999999999,0.7357999999999999,0.7358,0.0,10
Forest Cover,CTGAN,Utility,Recall_TSTR,0.4403333333333332,0.4489,0.4280333333333334,0.3780666666666667,0.4257,0.4549666666666666,0.3429999999999999,0.4668666666666667,0.4387333333333334,0.3551,0.41796999999999995,0.043428068667028565,10
Forest Cover,CopulaGAN,Compute,evaluation_time_seconds,165.1442425481509,222.2341968561523,209.014847928891,279.7640634879936,250.2342955798376,233.755215540994,136.4159336900002,151.6234527919996,158.1557967969998,152.8242874800003,195.91663327010193,49.4511272049227,10
Forest Cover,CopulaGAN,Compute,generation_time_seconds,0.0,0.0,0.0,0.0,0.0,0.0,0.0,0.0,0.0,0.0,0.0,0.0,10
Forest Cover,CopulaGAN,Compute,total_time_seconds,502.3757772219833,558.7919029719196,546.5892631530296,693.2945519329514,762.0935495309532,797.6567601689603,1307.099969214,710.5951762040004,737.5999210250002,628.7248861420003,724.4821757564798,227.33970812321738,10
Forest Cover,CopulaGAN,Compute,training_time_seconds,336.9998962930404,336.5157010711264,337.5304574158508,413.3973152341787,511.7499076661188,563.5495158750564,1170.430986214,558.7883043310003,579.2937579690001,475.7273897610003,528.3983231830372,245.65443489349505,10
Forest Cover,CopulaGAN,Fidelity,KS_Complement,0.937081818181818,0.946918181818182,0.944968181818182,0.94045,0.9343681818181816,0.9254409090909091,0.9380909090909092,0.941968181818182,0.9292,0.942931818181818,0.938141818181818,0.006857051426814083,10
Forest Cover,CopulaGAN,Fidelity,MMD,0.0739434024413463,0.0433606200630195,0.090942971731426,0.0588563575292241,0.0659173150832633,0.0748951617826578,0.0812476519445268,0.0852880994000674,0.0570457752505758,0.053700846342644,0.0685198201568751,0.01527680677208671,10
Forest Cover,CopulaGAN,Fidelity,Quality_Score,0.8337113644064581,0.8577883491862484,0.8576690945949026,0.8577661012882611,0.8398827013348463,0.8222024660939538,0.8434211199900403,0.8512833665428317,0.8302664944337457,0.8407937611037619,0.843478481897505,0.012534223292933029,10
Forest Cover,CopulaGAN,Fidelity,Wasserstein_Distance,29.97223181818183,23.30659545454545,19.00840454545455,25.05314090909091,28.86566818181819,28.03613181818182,43.52261363636363,35.15340454545454,43.51935,39.40257727272726,31.584011818181818,8.50321191112978,10
Forest Cover,CopulaGAN,Privacy,MIA_AUC,0.8925925925925926,0.8279012345679012,0.8050617283950618,0.8762962962962962,0.9433333333333334,0.9474074074074076,0.9041975308641976,0.8955555555555555,0.901358024691358,0.870246913580247,0.8863950617283951,0.044754890460776936,10
Forest Cover,CopulaGAN,Privacy,Mahalanobis_Distance,1313.383340228656,1251.51547655769,1255.095826453401,1258.654367152463,1163.092479508367,1177.79595324512,1443.095007370789,1212.554202453232,1248.772900075905,1215.957996132077,1253.9917549177699,79.28559056792827,10
Forest Cover,CopulaGAN,Privacy,Mean_Distance,1313.383340228656,1251.51547655769,1255.095826453401,1258.654367152463,1163.092479508367,1177.79595324512,1443.095007370789,1212.554202453232,1248.772900075905,1215.957996132077,1253.9917549177699,79.28559056792827,10
Forest Cover,CopulaGAN,Privacy,Median_Distance,1286.821788095,1286.559634672665,1286.59798163123,1286.622605428792,1047.288236499515,1166.941851314495,1287.706790818261,1286.58115418354,1286.543858773755,1286.500908536332,1250.8164809953587,80.81864472689776,10
Forest Cover,CopulaGAN,Privacy,NNDR,0.93741362843594,0.9362391672258988,0.940827505351532,0.9361505689475664,0.9355867098836258,0.9323411275612866,0.938551850109982,0.9414445522805568,0.9431878629601048,0.9317402841981248,0.9373483256954618,0.0037524362581313644,10
Forest Cover,CopulaGAN,Utility,Accuracy_Gap,0.3194333333333332,0.2863666666666666,0.3876666666666665,0.3135333333333332,0.3267,0.2985999999999999,0.3615666666666665,0.2867999999999999,0.3321,0.3811333333333333,0.3293899999999999,0.03664691740863827,10
Forest Cover,CopulaGAN,Utility,Accuracy_TRTR,0.7357999999999999,0.7357999999999999,0.7357999999999999,0.7357999999999999,0.7357999999999999,0.7357999999999999,0.7357999999999999,0.7357999999999999,0.7357999999999999,0.7357999999999999,0.7358,0.0,10
Forest Cover,CopulaGAN,Utility,Accuracy_TSTR,0.4163666666666667,0.4494333333333333,0.3481333333333334,0.4222666666666667,0.4090999999999999,0.4372,0.3742333333333334,0.449,0.4036999999999999,0.3546666666666666,0.40641,0.03664691740863827,10
Forest Cover,CopulaGAN,Utility,F1_Gap,0.3759770836997881,0.3761361817277604,0.4809064918270363,0.3655488079511538,0.4227466852438025,0.4044694100246533,0.3748260780010818,0.3655291620239704,0.3383525937031112,0.4338011145997067,0.3938293608802065,0.04190045067169135,10
Forest Cover,CopulaGAN,Utility,F1_TRTR,0.7287120113176496,0.7287120113176496,0.7287120113176496,0.7287120113176496,0.7287120113176496,0.7287120113176496,0.7287120113176496,0.7287120113176496,0.7287120113176496,0.7287120113176496,0.7287120113176496,0.0,10
Forest Cover,CopulaGAN,Utility,F1_TSTR,0.3527349276178615,0.3525758295898892,0.2478055194906134,0.3631632033664958,0.3059653260738471,0.3242426012929964,0.3538859333165678,0.3631828492936792,0.3903594176145384,0.294910896717943,0.33488265043744325,0.04190045067169131,10
Forest Cover,CopulaGAN,Utility,Precision_Gap,0.3728935874798469,0.3803725374652797,0.4491352446781907,0.3744046033014032,0.3987417109245346,0.4453553712899767,0.383811680315342,0.3251529913562638,0.3372834210396563,0.3606646826614513,0.38278158305119453,0.04031558635009858,10
Forest Cover,CopulaGAN,Utility,Precision_TRTR,0.7296419398965577,0.7296419398965577,0.7296419398965577,0.7296419398965577,0.7296419398965577,0.7296419398965577,0.7296419398965577,0.7296419398965577,0.7296419398965577,0.7296419398965577,0.7296419398965577,0.0,10
Forest Cover,CopulaGAN,Utility,Precision_TSTR,0.3567483524167108,0.349269402431278,0.280506695218367,0.3552373365951544,0.330900228972023,0.284286568606581,0.3458302595812157,0.4044889485402939,0.3923585188569014,0.3689772572351064,0.34686035684536315,0.04031558635009857,10
Forest Cover,CopulaGAN,Utility,ROC_AUC_Gap,0.3458228331602969,0.343695668995701,0.3522496083248591,0.3682415393019375,0.3944423313272612,0.3932080789785314,0.3859128336544506,0.3265530227744116,0.3179244391546424,0.3714341557323125,0.35994845114044044,0.027029010968522147,10
Forest Cover,CopulaGAN,Utility,ROC_AUC_TRTR,0.8528716228197365,0.8528716228197365,0.8528716228197365,0.8528716228197365,0.8528716228197365,0.8528716228197365,0.8528734671027826,0.8528734671027826,0.8528734671027826,0.8528734671027826,0.8528723605329549,9.523836697442324e-07,10
Forest Cover,CopulaGAN,Utility,ROC_AUC_TSTR,0.5070487896594396,0.5091759538240355,0.5006220144948774,0.484630083517799,0.4584292914924753,0.4596635438412051,0.466960633448332,0.526320444328371,0.5349490279481401,0.4814393113704701,0.4929239093925144,0.02702929884826761,10
Forest Cover,CopulaGAN,Utility,Recall_Gap,0.3194333333333332,0.2863666666666666,0.3876666666666665,0.3135333333333332,0.3267,0.2985999999999999,0.3615666666666665,0.2867999999999999,0.3321,0.3811333333333333,0.3293899999999999,0.03664691740863827,10
Forest Cover,CopulaGAN,Utility,Recall_TRTR,0.7357999999999999,0.7357999999999999,0.7357999999999999,0.7357999999999999,0.7357999999999999,0.7357999999999999,0.7357999999999999,0.7357999999999999,0.7357999999999999,0.7357999999999999,0.7358,0.0,10
Forest Cover,CopulaGAN,Utility,Recall_TSTR,0.4163666666666667,0.4494333333333333,0.3481333333333334,0.4222666666666667,0.4090999999999999,0.4372,0.3742333333333334,0.449,0.4036999999999999,0.3546666666666666,0.40641,0.03664691740863827,10
Forest Cover,ForestDiffusion,Compute,evaluation_time_seconds,291.1118815320078,282.0946822289843,132.1537759110797,214.5438415929675,228.7213552130852,246.2541376689915,157.0716973470003,401.0865734880008,1662.709489059998,154.1840432099998,376.9931477252115,458.67574649764356,10
Forest Cover,ForestDiffusion,Compute,generation_time_seconds,0.0,0.0,0.0,0.0,0.0,0.0,0.0,0.0,0.0,0.0,0.0,0.0,10
Forest Cover,ForestDiffusion,Compute,total_time_seconds,770.4996699709445,766.3127394630574,286.0115140769631,989.0446716928856,989.0309624071232,858.9800535801332,1066.332740473,5754.051693746,38436.655029602,1065.923089956,5098.284216496811,11817.081537927097,10
Forest Cover,ForestDiffusion,Compute,training_time_seconds,479.3460044940002,484.1729056248441,153.8270016608294,774.3407106241211,760.2515660051722,612.6785770470742,909.116881463,5352.814858696,36773.805463351,911.4577767240004,4721.181174569004,11361.572401346008,10
Forest Cover,ForestDiffusion,Fidelity,KS_Complement,0.9770363636363636,0.9768363636363636,0.9762954545454546,0.9772136363636365,0.9773227272727272,0.9750909090909092,0.9763454545454546,0.9774045454545456,0.9770681818181816,0.9784681818181818,0.9769081818181817,0.0008810910258173522,10
Forest Cover,ForestDiffusion,Fidelity,MMD,0.0172516611241008,0.0096176177330211,0.0143786113743325,0.0122241144214612,0.017072655784818,0.016988298876657,0.0138548309838995,0.0128239162232036,0.0111632419549537,0.0102394445005805,0.013561439297702791,0.0028502767970184314,10
Forest Cover,ForestDiffusion,Fidelity,Quality_Score,0.8272658042665905,0.8388174857742392,0.8283358792097846,0.8128667046737283,0.8235659607653414,0.8313731827062962,0.8156083214345835,0.8399557159619928,0.8355370474737158,0.845029247497751,0.8298355349764023,0.010473929857445987,10
Forest Cover,ForestDiffusion,Fidelity,Wasserstein_Distance,9.24699642037907,9.48559929670214,11.06113956106147,10.17363069410258,11.09854300849941,10.41374026280819,10.5851290136648,9.463886123213983,8.17968447063852,9.04587292061929,9.875422177168947,0.9465886017809667,10
Forest Cover,ForestDiffusion,Privacy,MIA_AUC,0.8162962962962963,0.8339506172839507,0.7887654320987654,0.7492592592592592,0.8029629629629629,0.7482716049382716,0.812962962962963,0.8748148148148148,0.7569135802469136,0.7256790123456791,0.7909876543209876,0.04611191450059731,10
Forest Cover,ForestDiffusion,Privacy,Mahalanobis_Distance,451.2577716725591,416.0757781005858,547.1038136186967,437.196043450873,460.9395725816534,467.5260664001943,465.5228897829376,433.9985410751073,446.6540857857898,476.5094547988468,460.2784017267243,35.47590998823581,10
Forest Cover,ForestDiffusion,Privacy,Mean_Distance,451.2577716725591,416.0757781005858,547.1038136186967,437.196043450873,460.9395725816534,467.5260664001943,465.5228897829376,433.9985410751073,446.6540857857898,476.5094547988468,460.2784017267243,35.47590998823581,10
Forest Cover,ForestDiffusion,Privacy,Median_Distance,8.649411201271313,7.57247736186873,15.78342934510232,7.759950724431174,8.482461866961179,8.633056759429184,9.084912257712867,7.591436202846753,8.159948710155232,8.375017063405643,9.00921014931844,2.4313363031061113,10
Forest Cover,ForestDiffusion,Privacy,NNDR,0.8994749654864399,0.8861839585281232,0.9045310088763991,0.8911780099984825,0.8929516961124117,0.8932008193669708,0.8997584603774875,0.8965768660725205,0.8979618278820998,0.9041047822001448,0.896592239490108,0.005793434119088853,10
Forest Cover,ForestDiffusion,Utility,Accuracy_Gap,0.0852333333333332,0.0815666666666665,0.0653,0.0752666666666665,0.0742666666666665,0.0620666666666667,0.0644333333333333,0.0551333333333332,0.0827333333333333,0.0518999999999999,0.06978999999999992,0.011728998041679768,10
Forest Cover,ForestDiffusion,Utility,Accuracy_TRTR,0.7357999999999999,0.7357999999999999,0.7357999999999999,0.7357999999999999,0.7357999999999999,0.7357999999999999,0.7357999999999999,0.7357999999999999,0.7357999999999999,0.7357999999999999,0.7358,0.0,10
Forest Cover,ForestDiffusion,Utility,Accuracy_TSTR,0.6505666666666666,0.6542333333333333,0.6704999999999999,0.6605333333333333,0.6615333333333333,0.6737333333333332,0.6713666666666666,0.6806666666666666,0.6530666666666666,0.6839,0.66601,0.011728998041679779,10
Forest Cover,ForestDiffusion,Utility,F1_Gap,0.0792630789028638,0.0742763327912304,0.057850152695172,0.0691531091206636,0.0676970511592408,0.0538375384627909,0.0586800270112777,0.0520739449744356,0.075801717106956,0.0466777489738848,0.06353107011985157,0.011193045541841095,10
Forest Cover,ForestDiffusion,Utility,F1_TRTR,0.7287120113176496,0.7287120113176496,0.7287120113176496,0.7287120113176496,0.7287120113176496,0.7287120113176496,0.7287120113176496,0.7287120113176496,0.7287120113176496,0.7287120113176496,0.7287120113176496,0.0,10
Forest Cover,ForestDiffusion,Utility,F1_TSTR,0.6494489324147857,0.6544356785264192,0.6708618586224776,0.659558902196986,0.6610149601584088,0.6748744728548587,0.6700319843063719,0.676638066343214,0.6529102942106936,0.6820342623437647,0.6651809411977979,0.011193045541841104,10
Forest Cover,ForestDiffusion,Utility,Precision_Gap,0.0730554259911336,0.0691099959199623,0.0478921077260178,0.0639815644518867,0.0612657411285684,0.0459159102127823,0.0547308300012276,0.050872589136853,0.0663199731855281,0.0413549610049761,0.05744990987589358,0.010798546688921225,10
Forest Cover,ForestDiffusion,Utility,Precision_TRTR,0.7296419398965577,0.7296419398965577,0.7296419398965577,0.7296419398965577,0.7296419398965577,0.7296419398965577,0.7296419398965577,0.7296419398965577,0.7296419398965577,0.7296419398965577,0.7296419398965577,0.0,10
Forest Cover,ForestDiffusion,Utility,Precision_TSTR,0.656586513905424,0.6605319439765953,0.6817498321705399,0.6656603754446709,0.6683761987679893,0.6837260296837754,0.67491110989533,0.6787693507597047,0.6633219667110295,0.6882869788915815,0.672192030020664,0.010798546688921246,10
Forest Cover,ForestDiffusion,Utility,ROC_AUC_Gap,0.0588797796963591,0.053269829816002,0.0491078915276985,0.0519651708113911,0.0502087133376131,0.0442745993068195,0.0471370945940397,0.0347600204744146,0.0555670158575768,0.0421056550922493,0.048727577051416365,0.007028503487502469,10
Forest Cover,ForestDiffusion,Utility,ROC_AUC_TRTR,0.8528716228197365,0.8528716228197365,0.8528716228197365,0.8528716228197365,0.8528716228197365,0.8528716228197365,0.8528734671027826,0.8528734671027826,0.8528734671027826,0.8528734671027826,0.8528723605329549,9.523836697442324e-07,10
Forest Cover,ForestDiffusion,Utility,ROC_AUC_TSTR,0.7939918431233773,0.7996017930037345,0.8037637312920379,0.8009064520083453,0.8026629094821234,0.808597023512917,0.8057363725087429,0.8181134466283679,0.7973064512452057,0.8107678120105332,0.8041447834815385,0.007028950800145523,10
Forest Cover,ForestDiffusion,Utility,Recall_Gap,0.0852333333333332,0.0815666666666665,0.0653,0.0752666666666665,0.0742666666666665,0.0620666666666667,0.0644333333333333,0.0551333333333332,0.0827333333333333,0.0518999999999999,0.06978999999999992,0.011728998041679768,10
Forest Cover,ForestDiffusion,Utility,Recall_TRTR,0.7357999999999999,0.7357999999999999,0.7357999999999999,0.7357999999999999,0.7357999999999999,0.7357999999999999,0.7357999999999999,0.7357999999999999,0.7357999999999999,0.7357999999999999,0.7358,0.0,10
Forest Cover,ForestDiffusion,Utility,Recall_TSTR,0.6505666666666666,0.6542333333333333,0.6704999999999999,0.6605333333333333,0.6615333333333333,0.6737333333333332,0.6713666666666666,0.6806666666666666,0.6530666666666666,0.6839,0.66601,0.011728998041679779,10
Forest Cover,GaussianCopula,Compute,evaluation_time_seconds,203.2002395899035,228.7557024969719,215.1696381571237,249.2100338861346,244.04480388714,237.3442589810584,104.7773431889946,133.9270831930044,142.4650699810009,114.3754178850068,187.32695912463387,57.049859318769684,10
Forest Cover,GaussianCopula,Compute,generation_time_seconds,0.0,0.0,0.0,0.0,0.0,0.0,0.0,0.0,0.0,0.0,0.0,0.0,10
Forest Cover,GaussianCopula,Compute,total_time_seconds,265.3610235631932,249.3386519199703,268.91128411307,266.6128300440032,314.1249487560708,273.1211821360048,130.2097797650058,160.8967761280073,169.3231785610114,142.5495648379874,224.0449219824324,65.93210774455639,10
Forest Cover,GaussianCopula,Compute,training_time_seconds,61.77942684688605,20.40976657602005,53.57184270094149,17.34486410813406,69.87050860607997,35.32330316700973,25.26333268299641,26.85509409299993,26.68396911300079,28.04530591001094,36.51474138040794,18.43429346940927,10
Forest Cover,GaussianCopula,Fidelity,KS_Complement,0.9765954545454544,0.9765954545454544,0.9765954545454544,0.9765954545454544,0.9765954545454544,0.9765954545454544,0.9765954545454544,0.9765954545454544,0.9765954545454544,0.9765954545454544,0.9765954545454545,0.0,10
Forest Cover,GaussianCopula,Fidelity,MMD,0.021781639144594,0.021781639144594,0.021781639144594,0.021781639144594,0.021781639144594,0.021781639144594,0.021781639144594,0.021781639144594,0.021781639144594,0.021781639144594,0.021781639144594,0.0,10
Forest Cover,GaussianCopula,Fidelity,Quality_Score,0.9220989336183832,0.9220989336183832,0.9220989336183832,0.9220989336183832,0.9220989336183832,0.9220989336183832,0.9220989336183832,0.9220989336183832,0.9220989336183832,0.9220989336183832,0.9220989336183832,0.0,10
Forest Cover,GaussianCopula,Fidelity,Wasserstein_Distance,6.416240909090908,6.416240909090908,6.416240909090908,6.416240909090908,6.416240909090908,6.416240909090908,6.416240909090908,6.416240909090908,6.416240909090908,6.416240909090908,6.416240909090908,0.0,10
Forest Cover,GaussianCopula,Privacy,MIA_AUC,0.5166666666666666,0.5166666666666666,0.5166666666666666,0.5166666666666666,0.5166666666666666,0.5166666666666666,0.5166666666666666,0.5166666666666666,0.5166666666666666,0.5166666666666666,0.5166666666666666,0.0,10
Forest Cover,GaussianCopula,Privacy,Mahalanobis_Distance,1004.076676288463,1004.076676288463,1004.076676288463,1004.076676288463,1004.076676288463,1004.076676288463,1004.076676288463,1004.076676288463,1004.076676288463,1004.076676288463,1004.076676288463,0.0,10
Forest Cover,GaussianCopula,Privacy,Mean_Distance,1004.076676288463,1004.076676288463,1004.076676288463,1004.076676288463,1004.076676288463,1004.076676288463,1004.076676288463,1004.076676288463,1004.076676288463,1004.076676288463,1004.076676288463,0.0,10
Forest Cover,GaussianCopula,Privacy,Median_Distance,1041.435786799589,1041.435786799589,1041.435786799589,1041.435786799589,1041.435786799589,1041.435786799589,1041.435786799589,1041.435786799589,1041.435786799589,1041.435786799589,1041.435786799589,0.0,10
Forest Cover,GaussianCopula,Privacy,NNDR,0.9377329116226886,0.9377329116226886,0.9377329116226886,0.9377329116226886,0.9377329116226886,0.9377329116226886,0.9377329116226886,0.9377329116226886,0.9377329116226886,0.9377329116226886,0.9377329116226886,0.0,10
Forest Cover,GaussianCopula,Utility,Accuracy_Gap,0.1924333333333331,0.1924333333333331,0.1924333333333331,0.1924333333333331,0.1924333333333331,0.1924333333333331,0.1924333333333331,0.1924333333333331,0.1924333333333331,0.1924333333333331,0.19243333333333307,0.0,10
Forest Cover,GaussianCopula,Utility,Accuracy_TRTR,0.7357999999999999,0.7357999999999999,0.7357999999999999,0.7357999999999999,0.7357999999999999,0.7357999999999999,0.7357999999999999,0.7357999999999999,0.7357999999999999,0.7357999999999999,0.7358,0.0,10
Forest Cover,GaussianCopula,Utility,Accuracy_TSTR,0.5433666666666668,0.5433666666666668,0.5433666666666668,0.5433666666666668,0.5433666666666668,0.5433666666666668,0.5433666666666668,0.5433666666666668,0.5433666666666668,0.5433666666666668,0.5433666666666668,0.0,10
Forest Cover,GaussianCopula,Utility,F1_Gap,0.2225496466401143,0.2225496466401143,0.2225496466401143,0.2225496466401143,0.2225496466401143,0.2225496466401143,0.2225496466401143,0.2225496466401143,0.2225496466401143,0.2225496466401143,0.2225496466401143,0.0,10
Forest Cover,GaussianCopula,Utility,F1_TRTR,0.7287120113176496,0.7287120113176496,0.7287120113176496,0.7287120113176496,0.7287120113176496,0.7287120113176496,0.7287120113176496,0.7287120113176496,0.7287120113176496,0.7287120113176496,0.7287120113176496,0.0,10
Forest Cover,GaussianCopula,Utility,F1_TSTR,0.5061623646775353,0.5061623646775353,0.5061623646775353,0.5061623646775353,0.5061623646775353,0.5061623646775353,0.5061623646775353,0.5061623646775353,0.5061623646775353,0.5061623646775353,0.5061623646775353,0.0,10
Forest Cover,GaussianCopula,Utility,Precision_Gap,0.2356668549433081,0.2356668549433081,0.2356668549433081,0.2356668549433081,0.2356668549433081,0.2356668549433081,0.2356668549433081,0.2356668549433081,0.2356668549433081,0.2356668549433081,0.23566685494330813,0.0,10
Forest Cover,GaussianCopula,Utility,Precision_TRTR,0.7296419398965577,0.7296419398965577,0.7296419398965577,0.7296419398965577,0.7296419398965577,0.7296419398965577,0.7296419398965577,0.7296419398965577,0.7296419398965577,0.7296419398965577,0.7296419398965577,0.0,10
Forest Cover,GaussianCopula,Utility,Precision_TSTR,0.4939750849532495,0.4939750849532495,0.4939750849532495,0.4939750849532495,0.4939750849532495,0.4939750849532495,0.4939750849532495,0.4939750849532495,0.4939750849532495,0.4939750849532495,0.4939750849532495,0.0,10
Forest Cover,GaussianCopula,Utility,ROC_AUC_Gap,0.1977225355806009,0.1977225355806009,0.1977225355806009,0.1977225355806009,0.1977225355806009,0.1977225355806009,0.197724379863647,0.197724379863647,0.197724379863647,0.197724379863647,0.19772327329381936,9.523836697585653e-07,10
Forest Cover,GaussianCopula,Utility,ROC_AUC_TRTR,0.8528716228197365,0.8528716228197365,0.8528716228197365,0.8528716228197365,0.8528716228197365,0.8528716228197365,0.8528734671027826,0.8528734671027826,0.8528734671027826,0.8528734671027826,0.8528723605329549,9.523836697442324e-07,10
Forest Cover,GaussianCopula,Utility,ROC_AUC_TSTR,0.6551490872391356,0.6551490872391356,0.6551490872391356,0.6551490872391356,0.6551490872391356,0.6551490872391356,0.6551490872391356,0.6551490872391356,0.6551490872391356,0.6551490872391356,0.6551490872391356,0.0,10
Forest Cover,GaussianCopula,Utility,Recall_Gap,0.1924333333333331,0.1924333333333331,0.1924333333333331,0.1924333333333331,0.1924333333333331,0.1924333333333331,0.1924333333333331,0.1924333333333331,0.1924333333333331,0.1924333333333331,0.19243333333333307,0.0,10
Forest Cover,GaussianCopula,Utility,Recall_TRTR,0.7357999999999999,0.7357999999999999,0.7357999999999999,0.7357999999999999,0.7357999999999999,0.7357999999999999,0.7357999999999999,0.7357999999999999,0.7357999999999999,0.7357999999999999,0.7358,0.0,10
Forest Cover,GaussianCopula,Utility,Recall_TSTR,0.5433666666666668,0.5433666666666668,0.5433666666666668,0.5433666666666668,0.5433666666666668,0.5433666666666668,0.5433666666666668,0.5433666666666668,0.5433666666666668,0.5433666666666668,0.5433666666666668,0.0,10
Forest Cover,TVAE,Compute,evaluation_time_seconds,165.0033743118402,236.1106370999478,235.6513154038694,304.0322130089626,285.4854055850301,297.6646305939648,57.51727890099983,153.3688149310001,59.71879123400004,190.3932327359998,198.49456938056147,90.48807884732196,10
Forest Cover,TVAE,Compute,generation_time_seconds,0.0,0.0,0.0,0.0,0.0,0.0,0.0,0.0,0.0,0.0,0.0,0.0,10
Forest Cover,TVAE,Compute,total_time_seconds,360.8621972780675,388.565553202061,407.8479145390447,488.3132554038893,485.5414140860084,490.6963465798181,201.5869372940001,383.8851637940002,170.2435805280002,327.4142986650004,370.495666136989,112.56877719030726,10
Forest Cover,TVAE,Compute,training_time_seconds,195.4454989109654,152.3962202281691,172.0904287451413,184.2159022090491,199.6070671770722,192.8146353468765,143.9891197670004,230.3125040350001,110.4005262720002,136.9001011280002,171.81720038192745,35.73009421428504,10
Forest Cover,TVAE,Fidelity,KS_Complement,0.9811727272727272,0.9819272727272728,0.9803227272727276,0.978659090909091,0.9784045454545456,0.9808772727272728,0.97685,0.978940909090909,0.9782318181818184,0.9805863636363636,0.9795972727272728,0.0016055290715625973,10
Forest Cover,TVAE,Fidelity,MMD,0.0121199206668071,0.0137971804736448,0.0155801049586425,0.0136637739087066,0.0141549657068041,0.0139374837238674,0.0185887837576947,0.0148530201221059,0.0219341029063762,0.0125589875926296,0.01511883238172789,0.0029908520299585344,10
Forest Cover,TVAE,Fidelity,Quality_Score,0.9217489928145514,0.9333624359360528,0.9337643140697334,0.945509801744556,0.9273585206023732,0.942593087849444,0.9396562431467028,0.9493084994497778,0.9245975719915618,0.9316985162393752,0.9349597983844129,0.009139710358486092,10
Forest Cover,TVAE,Fidelity,Wasserstein_Distance,13.51946818181818,9.328577272727273,11.79148636363636,15.21817727272728,14.13525,10.82666818181818,16.51714090909091,9.90413181818182,14.65586818181819,11.90028636363637,12.779705454545457,2.393575290341143,10
Forest Cover,TVAE,Privacy,MIA_AUC,0.7591358024691358,0.6862962962962963,0.7346913580246913,0.7522222222222222,0.7690123456790123,0.7938271604938272,0.7767901234567901,0.7666666666666666,0.7327160493827161,0.6493827160493827,0.742074074074074,0.04403668304385239,10
Forest Cover,TVAE,Privacy,Mahalanobis_Distance,468.9212915771039,512.3451103664762,457.5190163010716,510.8996248446927,521.1139956806593,527.1228881773318,551.078687543899,544.3917031448268,550.2008328160721,479.2447675623617,512.2837918014495,33.73889784428222,10
Forest Cover,TVAE,Privacy,Mean_Distance,468.9212915771039,512.3451103664762,457.5190163010716,510.8996248446927,521.1139956806593,527.1228881773318,551.078687543899,544.3917031448268,550.2008328160721,479.2447675623617,512.2837918014495,33.73889784428222,10
Forest Cover,TVAE,Privacy,Median_Distance,13.65868093114145,14.4147469266878,11.54265771164843,13.27612463571532,17.21741146264413,13.54922804464485,1041.390903008124,21.19545088256013,536.016988188437,11.53567042187532,169.37978622134784,347.4798598936174,10
Forest Cover,TVAE,Privacy,NNDR,0.8966728449966717,0.8925426828877868,0.8947448811743167,0.8913869263856813,0.898065588594139,0.8933352690950117,0.9066502781754324,0.9056654331128734,0.8965331204355802,0.8881589250237164,0.8963755949881209,0.00590511982363076,10
Forest Cover,TVAE,Utility,Accuracy_Gap,0.0501333333333331,0.0682666666666668,0.0611333333333333,0.0569666666666663,0.0642333333333332,0.0522,0.0858999999999998,0.0649999999999998,0.0636666666666665,0.0497333333333331,0.061723333333333186,0.010749137777652837,10
Forest Cover,TVAE,Utility,Accuracy_TRTR,0.7357999999999999,0.7357999999999999,0.7357999999999999,0.7357999999999999,0.7357999999999999,0.7357999999999999,0.7357999999999999,0.7357999999999999,0.7357999999999999,0.7357999999999999,0.7358,0.0,10
Forest Cover,TVAE,Utility,Accuracy_TSTR,0.6856666666666668,0.6675333333333331,0.6746666666666665,0.6788333333333335,0.6715666666666666,0.6835999999999999,0.6499,0.6708000000000001,0.6721333333333334,0.6860666666666667,0.6740766666666665,0.010749137777652837,10
Forest Cover,TVAE,Utility,F1_Gap,0.0650030556631511,0.0790626685895447,0.0739677513145007,0.0661890400397184,0.0789376269112958,0.0669892161282748,0.0992221175445128,0.0748934539575689,0.0763198520610067,0.0637850092524517,0.07443697914620255,0.010466298939170664,10
Forest Cover,TVAE,Utility,F1_TRTR,0.7287120113176496,0.7287120113176496,0.7287120113176496,0.7287120113176496,0.7287120113176496,0.7287120113176496,0.7287120113176496,0.7287120113176496,0.7287120113176496,0.7287120113176496,0.7287120113176496,0.0,10
Forest Cover,TVAE,Utility,F1_TSTR,0.6637089556544985,0.6496493427281049,0.6547442600031489,0.6625229712779311,0.6497743844063538,0.6617227951893748,0.6294898937731368,0.6538185573600807,0.6523921592566428,0.6649270020651978,0.654275032171447,0.010466298939170652,10
Forest Cover,TVAE,Utility,Precision_Gap,0.0756934544284676,0.0882159785860033,0.0858395904485045,0.0728377296536051,0.0919895062420468,0.0854400650665291,0.1006914965961764,0.0886444150607248,0.0859369093588638,0.0697984933856797,0.08450876388266011,0.009331441447754649,10
Forest Cover,TVAE,Utility,Precision_TRTR,0.7296419398965577,0.7296419398965577,0.7296419398965577,0.7296419398965577,0.7296419398965577,0.7296419398965577,0.7296419398965577,0.7296419398965577,0.7296419398965577,0.7296419398965577,0.7296419398965577,0.0,10
Forest Cover,TVAE,Utility,Precision_TSTR,0.65394848546809,0.6414259613105543,0.6438023494480531,0.6568042102429525,0.6376524336545109,0.6442018748300286,0.6289504433003813,0.6409975248358328,0.6437050305376938,0.6598434465108779,0.6451331760138974,0.00933144144775463,10
Forest Cover,TVAE,Utility,ROC_AUC_Gap,,0.0636425402262411,0.0535791779604736,0.0516008516051409,0.0772945739561248,,0.0659189603084596,0.0554437455113281,0.0535709159665321,,0.06015010936204289,0.009319441819031073,7
Forest Cover,TVAE,Utility,ROC_AUC_TRTR,0.8528716228197365,0.8528716228197365,0.8528716228197365,0.8528716228197365,0.8528716228197365,0.8528716228197365,0.8528734671027826,0.8528734671027826,0.8528734671027826,0.8528734671027826,0.8528723605329549,9.523836697442324e-07,10
Forest Cover,TVAE,Utility,ROC_AUC_TSTR,,0.7892290825934953,0.7992924448592629,0.8012707712145956,0.7755770488636117,,0.7869545067943229,0.7974297215914544,0.7993025511362504,,0.7927223038647133,0.009319623825353375,7
Forest Cover,TVAE,Utility,Recall_Gap,0.0501333333333331,0.0682666666666668,0.0611333333333333,0.0569666666666663,0.0642333333333332,0.0522,0.0858999999999998,0.0649999999999998,0.0636666666666665,0.0497333333333331,0.061723333333333186,0.010749137777652837,10
Forest Cover,TVAE,Utility,Recall_TRTR,0.7357999999999999,0.7357999999999999,0.7357999999999999,0.7357999999999999,0.7357999999999999,0.7357999999999999,0.7357999999999999,0.7357999999999999,0.7357999999999999,0.7357999999999999,0.7358,0.0,10
Forest Cover,TVAE,Utility,Recall_TSTR,0.6856666666666668,0.6675333333333331,0.6746666666666665,0.6788333333333335,0.6715666666666666,0.6835999999999999,0.6499,0.6708000000000001,0.6721333333333334,0.6860666666666667,0.6740766666666665,0.010749137777652837,10
Forest Cover,TabDDPM,Compute,evaluation_time_seconds,181.3196725538,193.3216972639784,188.531033545034,280.7477816950995,355.2045423700474,292.4917968770023,155.114890799,162.4169155730001,142.007187102,196.3515771029997,214.75070948819612,70.17144287736933,10
Forest Cover,TabDDPM,Compute,generation_time_seconds,0.0,0.0,0.0,0.0,0.0,0.0,0.0,0.0,0.0,0.0,0.0,0.0,10
Forest Cover,TabDDPM,Compute,total_time_seconds,189.9807986111846,201.2411206748802,195.2941463431343,291.6940239539836,380.2707009150181,304.4931630969513,185.574272024,188.1361082539997,162.333404039,217.990068999,231.7007806911152,69.91271083884638,10
Forest Cover,TabDDPM,Compute,training_time_seconds,8.617329668952152,7.884822254069149,6.707019966794178,10.85798533400521,24.90607433510013,11.76206304994412,30.26729497699989,25.49750170300013,20.14067730699981,21.50486238300027,16.814563097886502,8.595928144664631,10
Forest Cover,TabDDPM,Fidelity,KS_Complement,0.6199363636363636,0.6729181818181819,0.6841636363636364,0.6984818181818183,0.6706227272727273,0.6559409090909091,0.6954863636363636,0.6490818181818182,0.6773681818181817,0.6702818181818183,0.6694281818181819,0.023245015441667922,10
Forest Cover,TabDDPM,Fidelity,MMD,0.3195424913073986,0.3025554518413326,0.317667552604884,0.2790443731659736,0.3095869825008234,0.3193769360270122,0.3380164237178309,0.3149817104344915,0.3014710960410891,0.3163787908755133,0.311862180851635,0.015420446683637,10
Forest Cover,TabDDPM,Fidelity,Quality_Score,0.4477077470762897,0.4797370614877169,0.4744271249680261,0.4971723891247007,0.4797253425718715,0.4611190476727639,0.4877734419343688,0.4685079332607072,0.4814721469556456,0.4746891253908651,0.4752331360442956,0.013828348904843723,10
Forest Cover,TabDDPM,Fidelity,Wasserstein_Distance,128.1786931073336,100.1590344481213,96.59380276997994,98.42509125188444,103.6279281170834,93.64164577813102,119.0333622689616,137.5114035986923,100.3600979079698,97.6287113700362,107.51597706181937,15.172947171047698,10
Forest Cover,TabDDPM,Privacy,MIA_AUC,0.9848148148148148,0.9214814814814816,0.9750617283950618,0.9153086419753086,0.9501234567901234,0.9902469135802467,0.9770370370370368,0.9851851851851852,0.9630864197530864,0.9720987654320988,0.9634444444444444,0.026453028927134265,10
Forest Cover,TabDDPM,Privacy,Mahalanobis_Distance,12105.80864158033,7949.515945920376,8199.376429429787,7549.088355174521,10384.40097236177,9381.040046257323,8042.163052974724,10181.1684644672,9851.368101136552,8916.360134918978,9256.029014422156,1412.1059767006675,10
Forest Cover,TabDDPM,Privacy,Mean_Distance,12105.80864158033,7949.515945920376,8199.376429429787,7549.088355174521,10384.40097236177,9381.040046257323,8042.163052974724,10181.1684644672,9851.368101136552,8916.360134918978,9256.029014422156,1412.1059767006675,10
Forest Cover,TabDDPM,Privacy,Median_Distance,1041.810448806453,56.33462840409,1287.18467067451,1042.224116843061,1042.100020898593,1043.427630958695,67.08095606634649,1655.43865809677,1041.845153421828,1287.018044221039,956.4464328391384,510.4755678878036,10
Forest Cover,TabDDPM,Privacy,NNDR,0.9657657644460244,0.9563619082423308,0.9551631287059176,0.961161198959284,0.9615420065857804,0.9467999987722512,0.9614554497527849,0.961620632720288,0.9573965986859096,0.9573884603737188,0.958465514724429,0.005192274671249912,10
Forest Cover,TabDDPM,Utility,Accuracy_Gap,0.2896666666666666,0.3779333333333332,0.3692666666666666,0.3718666666666666,0.3005999999999998,0.3025666666666667,0.3627333333333333,0.2906999999999998,0.3788999999999998,0.4427,0.34869333333333324,0.05060750151782387,10
Forest Cover,TabDDPM,Utility,Accuracy_TRTR,0.7357999999999999,0.7357999999999999,0.7357999999999999,0.7357999999999999,0.7357999999999999,0.7357999999999999,0.7357999999999999,0.7357999999999999,0.7357999999999999,0.7357999999999999,0.7358,0.0,10
Forest Cover,TabDDPM,Utility,Accuracy_TSTR,0.4461333333333333,0.3578666666666667,0.3665333333333333,0.3639333333333333,0.4352000000000001,0.4332333333333332,0.3730666666666666,0.4451000000000001,0.3569000000000001,0.2930999999999999,0.3871066666666666,0.050607501517823866,10
Forest Cover,TabDDPM,Utility,F1_Gap,0.3542731010340556,0.4155176116743783,0.3867808538622373,0.3948472004356989,0.3655228091105679,0.3884442115255665,0.3818139248892221,0.3247902683962773,0.3875091101956757,0.4642971400124165,0.38637962311360957,0.03693461279435113,10
Forest Cover,TabDDPM,Utility,F1_TRTR,0.7287120113176496,0.7287120113176496,0.7287120113176496,0.7287120113176496,0.7287120113176496,0.7287120113176496,0.7287120113176496,0.7287120113176496,0.7287120113176496,0.7287120113176496,0.7287120113176496,0.0,10
Forest Cover,TabDDPM,Utility,F1_TSTR,0.3744389102835941,0.3131943996432713,0.3419311574554123,0.3338648108819507,0.3631892022070817,0.3402677997920831,0.3468980864284276,0.4039217429213723,0.3412029011219739,0.2644148713052332,0.34233238820404005,0.036934612794351104,10
Forest Cover,TabDDPM,Utility,Precision_Gap,0.3359486830312085,0.3176968527576491,0.3428926300995729,0.4078714669886202,0.371274201107988,0.4032529991460352,0.3983931263079173,0.3189301986353774,0.3352918729777689,0.431074587129248,0.36626266181813855,0.041339960483136366,10
Forest Cover,TabDDPM,Utility,Precision_TRTR,0.7296419398965577,0.7296419398965577,0.7296419398965577,0.7296419398965577,0.7296419398965577,0.7296419398965577,0.7296419398965577,0.7296419398965577,0.7296419398965577,0.7296419398965577,0.7296419398965577,0.0,10
Forest Cover,TabDDPM,Utility,Precision_TSTR,0.3936932568653492,0.4119450871389086,0.3867493097969847,0.3217704729079375,0.3583677387885696,0.3263889407505224,0.3312488135886403,0.4107117412611803,0.3943500669187888,0.2985673527673097,0.3633792780784192,0.04133996048313638,10
Forest Cover,TabDDPM,Utility,ROC_AUC_Gap,0.3078733062616404,0.3344301077530617,0.3389435573579154,0.4107921985931659,0.3546079685383266,0.3592390083864824,,0.3092615293425189,0.3315560390645286,0.3658152089109291,0.34583543602317435,0.031692743717910914,9
Forest Cover,TabDDPM,Utility,ROC_AUC_TRTR,0.8528716228197365,0.8528716228197365,0.8528716228197365,0.8528716228197365,0.8528716228197365,0.8528716228197365,0.8528734671027826,0.8528734671027826,0.8528734671027826,0.8528734671027826,0.8528723605329549,9.523836697442324e-07,10
Forest Cover,TabDDPM,Utility,ROC_AUC_TSTR,0.544998316558096,0.5184415150666748,0.5139280654618211,0.4420794242265706,0.4982636542814099,0.4936326144332541,,0.5436119377602636,0.521317428038254,0.4870582581918535,0.5070368015575775,0.03169296830689514,9
Forest Cover,TabDDPM,Utility,Recall_Gap,0.2896666666666666,0.3779333333333332,0.3692666666666666,0.3718666666666666,0.3005999999999998,0.3025666666666667,0.3627333333333333,0.2906999999999998,0.3788999999999998,0.4427,0.34869333333333324,0.05060750151782387,10
Forest Cover,TabDDPM,Utility,Recall_TRTR,0.7357999999999999,0.7357999999999999,0.7357999999999999,0.7357999999999999,0.7357999999999999,0.7357999999999999,0.7357999999999999,0.7357999999999999,0.7357999999999999,0.7357999999999999,0.7358,0.0,10
Forest Cover,TabDDPM,Utility,Recall_TSTR,0.4461333333333333,0.3578666666666667,0.3665333333333333,0.3639333333333333,0.4352000000000001,0.4332333333333332,0.3730666666666666,0.4451000000000001,0.3569000000000001,0.2930999999999999,0.3871066666666666,0.050607501517823866,10
Forest Cover,WGAN-GP,Compute,evaluation_time_seconds,243.6985676309559,244.731432201108,250.4756792359985,317.2547468710691,330.7964725608472,260.7985997761134,160.1277382839999,221.5048749719999,173.8705906739997,169.088210892,237.23469130980916,58.53530932229977,10
Forest Cover,WGAN-GP,Compute,generation_time_seconds,0.0,0.0,0.0,0.0,0.0,0.0,0.0,0.0,0.0,0.0,0.0,0.0,10
Forest Cover,WGAN-GP,Compute,total_time_seconds,401.0811799529474,401.4328138669953,401.9499908820726,650.2715195179917,680.630000539124,643.974086540984,596.6089752880002,705.580121685,603.8444625950001,625.8258803009999,571.1199031169115,121.41910457759293,10
Forest Cover,WGAN-GP,Compute,training_time_seconds,157.3509265198372,156.6682385310996,151.441674428992,332.8185366748367,349.7760977731086,382.7974260877818,436.2746067610001,484.0046173659998,429.7552800659996,456.3827640509999,333.7270168259655,131.53698708815534,10
Forest Cover,WGAN-GP,Fidelity,KS_Complement,0.5528545454545455,0.55705,0.5592818181818182,0.5534909090909091,0.5571590909090909,0.5532590909090909,0.5542318181818182,0.5625499999999999,0.5431181818181817,0.5551454545454546,0.554814090909091,0.005115933468344299,10
Forest Cover,WGAN-GP,Fidelity,MMD,0.334484855433916,0.334484855433916,0.334484855433916,0.334484855433916,0.334484855433916,0.334484855433916,0.334484855433916,0.334484855433916,0.334484855433916,0.334484855433916,0.334484855433916,0.0,10
Forest Cover,WGAN-GP,Fidelity,Quality_Score,0.1718863497692949,0.1742844913304423,0.1773619803628986,0.1715389896394955,0.1741049284993462,0.1737868560478553,0.1736104121240453,0.1745584930468697,0.1736085187253511,0.1746174654303779,0.17393584849759766,0.0015958779225866133,10
Forest Cover,WGAN-GP,Fidelity,Wasserstein_Distance,18.88010414722348,16.78090977072794,15.37776969167741,15.3017196024024,18.90722639145338,18.00965451603962,15.74320026795532,15.0452496095147,18.53700401133536,17.48545637330523,17.006829438163486,1.55469439046346,10
Forest Cover,WGAN-GP,Privacy,MIA_AUC,0.655679012345679,0.6029629629629629,0.6859259259259259,0.6148148148148149,0.7464197530864197,0.5055555555555555,0.6722222222222222,0.5967901234567902,0.6514814814814814,0.6071604938271606,0.6339012345679013,0.06455420071973972,10
Forest Cover,WGAN-GP,Privacy,Mahalanobis_Distance,235.5381858669227,244.9715369681327,266.0279337624332,267.2327642203595,267.6430825060385,226.116206523943,292.1745075503783,284.4398779171864,267.0096538762041,212.2211729753348,256.3374922166933,25.71149890055847,10
Forest Cover,WGAN-GP,Privacy,Mean_Distance,235.5381858669227,244.9715369681327,266.0279337624332,267.2327642203595,267.6430825060385,226.116206523943,292.1745075503783,284.4398779171864,267.0096538762041,212.2211729753348,256.3374922166933,25.71149890055847,10
Forest Cover,WGAN-GP,Privacy,Median_Distance,214.5851275093952,219.8187843331706,245.8366584164328,243.3850715720189,253.0595278987732,203.0620806627981,265.1931678750174,254.2051026786278,247.5597164073288,188.6751335467021,233.5380370900265,25.263029391278895,10
Forest Cover,WGAN-GP,Privacy,NNDR,0.9492199094431047,0.9511993365034416,0.9484878770202392,0.9520566791317252,0.9553993466709708,0.9501409896816364,0.957184473367476,0.9545942973046132,0.9532807164749436,0.9599264724934286,0.953149009809158,0.003660536862675727,10
Forest Cover,WGAN-GP,Utility,Accuracy_Gap,0.2972333333333333,0.2952333333333332,0.2469333333333332,0.2946333333333333,0.3239666666666665,0.3017999999999999,0.2872999999999999,0.3271666666666666,0.3579999999999999,0.2953666666666665,0.3027633333333332,0.029176311421222324,10
Forest Cover,WGAN-GP,Utility,Accuracy_TRTR,0.7357999999999999,0.7357999999999999,0.7357999999999999,0.7357999999999999,0.7357999999999999,0.7357999999999999,0.7357999999999999,0.7357999999999999,0.7357999999999999,0.7357999999999999,0.7358,0.0,10
Forest Cover,WGAN-GP,Utility,Accuracy_TSTR,0.4385666666666666,0.4405666666666667,0.4888666666666667,0.4411666666666666,0.4118333333333334,0.434,0.4485,0.4086333333333333,0.3778,0.4404333333333334,0.4330366666666666,0.02917631142122233,10
Forest Cover,WGAN-GP,Utility,F1_Gap,0.2943806145888095,0.3158011221117584,0.26878225001034,0.3315903084882106,0.3730036299888569,0.3118240124957116,0.3113790273694813,0.3464875439527083,0.3798574451095966,0.3124165856445067,0.324552253975998,0.034183997413258546,10
Forest Cover,WGAN-GP,Utility,F1_TRTR,0.7287120113176496,0.7287120113176496,0.7287120113176496,0.7287120113176496,0.7287120113176496,0.7287120113176496,0.7287120113176496,0.7287120113176496,0.7287120113176496,0.7287120113176496,0.7287120113176496,0.0,10
Forest Cover,WGAN-GP,Utility,F1_TSTR,0.4343313967288401,0.4129108892058912,0.4599297613073096,0.397121702829439,0.3557083813287927,0.416887998821938,0.4173329839481684,0.3822244673649413,0.3488545662080531,0.4162954256731429,0.40415975734165166,0.03418399741325853,10
Forest Cover,WGAN-GP,Utility,Precision_Gap,0.2774844370878457,0.2908258804368007,0.2372276402888626,0.2959054283899689,0.3535057974501074,0.3128723553095754,0.2753747297772299,0.2687123796112322,0.3539790062304545,0.3044237593294491,0.29703114139115266,0.036525939434794034,10
Forest Cover,WGAN-GP,Utility,Precision_TRTR,0.7296419398965577,0.7296419398965577,0.7296419398965577,0.7296419398965577,0.7296419398965577,0.7296419398965577,0.7296419398965577,0.7296419398965577,0.7296419398965577,0.7296419398965577,0.7296419398965577,0.0,10
Forest Cover,WGAN-GP,Utility,Precision_TSTR,0.452157502808712,0.438816059459757,0.4924142996076951,0.4337365115065888,0.3761361424464503,0.4167695845869823,0.4542672101193278,0.4609295602853255,0.3756629336661031,0.4252181805671086,0.432610798505405,0.036525939434794055,10
Forest Cover,WGAN-GP,Utility,ROC_AUC_Gap,0.2553826355341386,0.2533219263520761,0.2183494112965028,0.2680260520788487,0.3097796394387662,0.2827414236258605,0.2606305027263821,0.2559368157339761,0.2960647954470288,0.268932607410003,0.26691658096435833,0.02534049821539967,10
Forest Cover,WGAN-GP,Utility,ROC_AUC_TRTR,0.8528716228197365,0.8528716228197365,0.8528716228197365,0.8528716228197365,0.8528716228197365,0.8528716228197365,0.8528734671027826,0.8528734671027826,0.8528734671027826,0.8528734671027826,0.8528723605329549,9.523836697442324e-07,10
Forest Cover,WGAN-GP,Utility,ROC_AUC_TSTR,0.5974889872855979,0.5995496964676604,0.6345222115232337,0.5848455707408878,0.5430919833809703,0.570130199193876,0.5922429643764004,0.5969366513688065,0.5568086716557538,0.5839408596927795,0.5859557795685966,0.02534038584124334,10
Forest Cover,WGAN-GP,Utility,Recall_Gap,0.2972333333333333,0.2952333333333332,0.2469333333333332,0.2946333333333333,0.3239666666666665,0.3017999999999999,0.2872999999999999,0.3271666666666666,0.3579999999999999,0.2953666666666665,0.3027633333333332,0.029176311421222324,10
Forest Cover,WGAN-GP,Utility,Recall_TRTR,0.7357999999999999,0.7357999999999999,0.7357999999999999,0.7357999999999999,0.7357999999999999,0.7357999999999999,0.7357999999999999,0.7357999999999999,0.7357999999999999,0.7357999999999999,0.7358,0.0,10
Forest Cover,WGAN-GP,Utility,Recall_TSTR,0.4385666666666666,0.4405666666666667,0.4888666666666667,0.4411666666666666,0.4118333333333334,0.434,0.4485,0.4086333333333333,0.3778,0.4404333333333334,0.4330366666666666,0.02917631142122233,10
MAGIC Gamma,CTABGAN,Compute,evaluation_time_seconds,9.307534481980838,9.781477262964472,9.472818108974025,9.389306243043391,8.42960019299062,9.501242835016456,7.796223190031014,8.626549296022858,9.738408977980724,7.50261376099661,8.9545774350001,0.8173348364996614,10
MAGIC Gamma,CTABGAN,Compute,generation_time_seconds,0.0,0.0,0.0,0.0,0.0,0.0,0.0,0.0,0.0,0.0,0.0,0.0,10
MAGIC Gamma,CTABGAN,Compute,total_time_seconds,79.53102614998352,86.3556627369835,84.58768493297976,84.25871001998894,74.38245211000321,75.7266845839913,85.70633097697282,83.9365020270343,86.82410106499447,68.10853981500259,80.94176944179344,6.296207532292852,10
MAGIC Gamma,CTABGAN,Compute,training_time_seconds,70.18052938301116,76.54101485200226,75.07305120397359,74.84026083705248,65.92016712704208,66.19484994694358,77.88107656803913,75.25790605699876,77.05479249195196,60.57445477996953,71.95181032469846,5.9008281073977304,10
MAGIC Gamma,CTABGAN,Fidelity,KS_Complement,0.920575,0.925925,0.9182749999999998,0.916875,0.91075,0.917175,0.9156,0.916875,0.9127500000000002,0.91485,0.916965,0.004187534411135545,10
MAGIC Gamma,CTABGAN,Fidelity,MMD,0.0422557105122463,0.043930916534206,0.0228708853982194,0.0297496296256104,0.0390764669519055,0.0441939865177791,0.0582414620953478,0.0281527776690137,0.0341680656232832,0.0303751562256402,0.03730150571532516,0.010351582859726507,10
MAGIC Gamma,CTABGAN,Fidelity,Quality_Score,0.8810742663159032,0.8716216113910362,0.8589633478121204,0.8776739455859155,0.8721494627433973,0.8554242229396818,0.8687590959905742,0.8484160322241923,0.8739888189374037,0.8680747714528623,0.8676145575393088,0.010291101491403947,10
MAGIC Gamma,CTABGAN,Fidelity,Wasserstein_Distance,2.22556000508346,3.396560529708791,2.789336005436418,3.491219011982692,4.447531337561314,3.479275064160183,3.267227314094652,3.848775060354467,4.12109318863237,4.054447001078588,3.512102451809293,0.6587693324849816,10
MAGIC Gamma,CTABGAN,Privacy,MIA_AUC,0.6135802469135803,0.659753086419753,0.5814814814814815,0.5330864197530863,0.6516049382716049,0.6108641975308642,0.7072839506172839,0.6012345679012345,0.6569135802469136,0.6900000000000001,0.6305802469135803,0.05255190921156809,10
MAGIC Gamma,CTABGAN,Privacy,Mahalanobis_Distance,6.165860687429655,6.337804334688599,5.990552412284,5.718721235981862,6.027259513663925,5.840300795897049,6.287810577468125,6.002903689858718,5.960678346555,6.106611454008101,6.043850304783503,0.18962023896409877,10
MAGIC Gamma,CTABGAN,Privacy,Mean_Distance,6.165860687429655,6.337804334688599,5.990552412284,5.718721235981862,6.027259513663925,5.840300795897049,6.287810577468125,6.002903689858718,5.960678346555,6.106611454008101,6.043850304783503,0.18962023896409877,10
MAGIC Gamma,CTABGAN,Privacy,Median_Distance,5.512190145017927,5.646176092184934,5.223748873811614,5.198761220517968,5.394262829065939,5.168337196559163,5.794493300971071,5.106101810990305,5.349055993124775,5.378231250380805,5.377135871262451,0.22067924661083205,10
MAGIC Gamma,CTABGAN,Privacy,NNDR,0.929348258674194,0.9262914958481312,0.9232583196253396,0.9235706429745774,0.928890906801042,0.9269088703494496,0.9287245974807916,0.9267196606771158,0.923205893803927,0.9264789390016784,0.9263397585236245,0.0023266852109578586,10
MAGIC Gamma,CTABGAN,Utility,Accuracy_Gap,0.1348333333333335,0.1238333333333336,0.1483333333333334,0.1641666666666668,0.1841666666666667,0.1215000000000001,0.2018333333333333,0.1645000000000001,0.1513333333333334,0.1428333333333334,0.15373333333333342,0.025622280042336167,10
MAGIC Gamma,CTABGAN,Utility,Accuracy_TRTR,0.7931666666666667,0.7931666666666667,0.7931666666666667,0.7931666666666667,0.7931666666666667,0.7931666666666667,0.7931666666666667,0.7931666666666667,0.7931666666666667,0.7931666666666667,0.7931666666666668,0.0,10
MAGIC Gamma,CTABGAN,Utility,Accuracy_TSTR,0.6583333333333332,0.6693333333333331,0.6448333333333333,0.6289999999999999,0.609,0.6716666666666666,0.5913333333333334,0.6286666666666666,0.6418333333333333,0.6503333333333333,0.6394333333333333,0.02562228004233618,10
MAGIC Gamma,CTABGAN,Utility,F1_Gap,0.1723177919288876,0.1518294158869637,0.1859604655219629,0.2304774865102416,0.2366874471408104,0.1711495470238601,0.2033208120788977,0.227899579492676,0.1981175962119852,0.1579361104565666,0.19356962522528517,0.030803759372492086,10
MAGIC Gamma,CTABGAN,Utility,F1_TRTR,0.7877237737478027,0.7877237737478027,0.7877237737478027,0.7877237737478027,0.7877237737478027,0.7877237737478027,0.7877237737478027,0.7877237737478027,0.7877237737478027,0.7877237737478027,0.7877237737478027,0.0,10
MAGIC Gamma,CTABGAN,Utility,F1_TSTR,0.615405981818915,0.6358943578608389,0.6017633082258398,0.5572462872375611,0.5510363266069923,0.6165742267239426,0.5844029616689049,0.5598241942551266,0.5896061775358175,0.629787663291236,0.5941541485225175,0.03080375937249207,10
MAGIC Gamma,CTABGAN,Utility,Precision_Gap,0.1159793245359271,0.1012931588714908,0.1465556084338069,0.251726591579484,0.21217244121981,0.0925237598259183,0.201653469341378,0.1413843677457627,0.1209971146036257,0.1493667622319188,0.15336525983891225,0.05220630576947428,10
MAGIC Gamma,CTABGAN,Utility,Precision_TRTR,0.791226876583324,0.791226876583324,0.791226876583324,0.791226876583324,0.791226876583324,0.791226876583324,0.791226876583324,0.791226876583324,0.791226876583324,0.791226876583324,0.791226876583324,0.0,10
MAGIC Gamma,CTABGAN,Utility,Precision_TSTR,0.675247552047397,0.6899337177118332,0.6446712681495171,0.5395002850038401,0.579054435363514,0.6987031167574057,0.5895734072419461,0.6498425088375613,0.6702297619796983,0.6418601143514052,0.6378616167444118,0.052206305769474264,10
MAGIC Gamma,CTABGAN,Utility,ROC_AUC_Gap,0.2499981561382159,0.1615942028985506,0.2387911642143304,0.2184810266622415,0.2791127337094812,0.1740623962827748,0.2601338643655273,0.2126507357008519,0.2328188958955637,0.2022956079212305,0.22299387837887683,0.03700449766838017,10
MAGIC Gamma,CTABGAN,Utility,ROC_AUC_TRTR,0.8099974185935023,0.8099974185935023,0.8099974185935023,0.8099974185935023,0.8099974185935023,0.8099974185935023,0.8099974185935023,0.8099974185935023,0.8099974185935023,0.8099974185935023,0.8099974185935024,0.0,10
MAGIC Gamma,CTABGAN,Utility,ROC_AUC_TSTR,0.5599992624552864,0.6484032156949516,0.5712062543791718,0.5915163919312608,0.5308846848840211,0.6359350223107275,0.549863554227975,0.5973466828926504,0.5771785226979386,0.6077018106722718,0.5870035402146254,0.03700449766838017,10
MAGIC Gamma,CTABGAN,Utility,Recall_Gap,0.1348333333333335,0.1238333333333336,0.1483333333333334,0.1641666666666668,0.1841666666666667,0.1215000000000001,0.2018333333333333,0.1645000000000001,0.1513333333333334,0.1428333333333334,0.15373333333333342,0.025622280042336167,10
MAGIC Gamma,CTABGAN,Utility,Recall_TRTR,0.7931666666666667,0.7931666666666667,0.7931666666666667,0.7931666666666667,0.7931666666666667,0.7931666666666667,0.7931666666666667,0.7931666666666667,0.7931666666666667,0.7931666666666667,0.7931666666666668,0.0,10
MAGIC Gamma,CTABGAN,Utility,Recall_TSTR,0.6583333333333332,0.6693333333333331,0.6448333333333333,0.6289999999999999,0.609,0.6716666666666666,0.5913333333333334,0.6286666666666666,0.6418333333333333,0.6503333333333333,0.6394333333333333,0.02562228004233618,10
MAGIC Gamma,CTGAN,Compute,evaluation_time_seconds,7.086018729023635,11.50120360299479,9.470946512999944,13.23681721003959,8.346107630000915,7.875030944007449,9.746360080025624,8.455773327033967,8.12401722202776,7.260243782016914,9.110251904017058,1.9525101738162909,10
MAGIC Gamma,CTGAN,Compute,generation_time_seconds,0.0,0.0,0.0,0.0,0.0,0.0,0.0,0.0,0.0,0.0,0.0,0.0,10
MAGIC Gamma,CTGAN,Compute,total_time_seconds,28.06868772197049,34.08706268202513,30.94957306300057,31.80956814298406,35.31201006396441,33.06317156500882,33.09067867900012,39.11033838900039,35.3924187910161,27.18051288899733,32.806402198696745,3.5438532158861826,10
MAGIC Gamma,CTGAN,Compute,training_time_seconds,20.94165988604072,22.54944241797784,21.4417890770128,16.23886778700398,26.93182506901212,25.1350186150521,21.11827850400005,30.61716555594467,27.22143189195776,19.86193071003072,23.20574095140328,4.234842364807732,10
MAGIC Gamma,CTGAN,Fidelity,KS_Complement,0.7697,0.730925,0.743325,0.7413000000000001,0.7947749999999999,0.7396749999999999,0.7311249999999999,0.726275,0.8419500000000001,0.7491249999999999,0.7568175,0.03635247784998066,10
MAGIC Gamma,CTGAN,Fidelity,MMD,0.1482722547155223,0.1499864628852968,0.1505433070624506,0.1573115132844127,0.0937690686542627,0.167729991823406,0.1551009355018904,0.1955856073098104,0.1111935957360608,0.1637187864991178,0.14932115234722304,0.028531872736190157,10
MAGIC Gamma,CTGAN,Fidelity,Quality_Score,0.6992394269247861,0.7024630120921487,0.6930245415636431,0.7058974896885775,0.7369252561842268,0.7016427827227392,0.7077604875152474,0.7002311162615353,0.7596578637334191,0.7082928979505383,0.7115134874636861,0.02059871379864735,10
MAGIC Gamma,CTGAN,Fidelity,Wasserstein_Distance,10.501831775,15.552091275,14.59147084,17.099977595,11.555608515,23.072707355,13.42457596,19.34371246,12.30876487,18.62816215,15.607890279500001,3.946987049289294,10
MAGIC Gamma,CTGAN,Privacy,MIA_AUC,0.8848148148148148,0.8645679012345678,0.8983950617283951,0.9166666666666666,0.7638271604938272,0.9060493827160494,0.9314814814814814,0.925432098765432,0.7522222222222221,0.8445679012345679,0.8688024691358024,0.06425817674663942,10
MAGIC Gamma,CTGAN,Privacy,Mahalanobis_Distance,10.31134102397746,8.172900898112378,8.841392786463867,10.67901369609298,9.267075917880089,9.717128105109056,10.5051606609391,11.38718024415031,9.024645375062567,9.406309610318836,9.731214831810664,0.9784702025249227,10
MAGIC Gamma,CTGAN,Privacy,Mean_Distance,10.31134102397746,8.172900898112378,8.841392786463867,10.67901369609298,9.267075917880089,9.717128105109056,10.5051606609391,11.38718024415031,9.024645375062567,9.406309610318836,9.731214831810664,0.9784702025249227,10
MAGIC Gamma,CTGAN,Privacy,Median_Distance,9.189818786817586,7.478416191817681,7.892797295075509,9.65561240155241,8.115074080555615,8.841003162154514,9.85144688647502,10.46121419008412,7.892951607706543,8.645134910563137,8.802346951280214,0.9795846394746309,10
MAGIC Gamma,CTGAN,Privacy,NNDR,0.947587852015796,0.9396270654326212,0.9417218524261736,0.952402994163844,0.9503248388579376,0.9420230664603128,0.951015723745009,0.9454715484712448,0.9461815558322256,0.9423896800432384,0.9458746177448403,0.004413408770652353,10
MAGIC Gamma,CTGAN,Utility,Accuracy_Gap,0.133833333333333,0.2115000000000001,0.1918333333333333,0.2035,0.2455000000000002,0.122,0.3135000000000001,0.1826666666666668,0.3405,0.3815,0.23263333333333333,0.0868966961539341,10
MAGIC Gamma,CTGAN,Utility,Accuracy_TRTR,0.7931666666666667,0.7931666666666667,0.7931666666666667,0.7931666666666667,0.7931666666666667,0.7931666666666667,0.7931666666666667,0.7931666666666667,0.7931666666666667,0.7931666666666667,0.7931666666666668,0.0,10
MAGIC Gamma,CTGAN,Utility,Accuracy_TSTR,0.6593333333333337,0.5816666666666666,0.6013333333333334,0.5896666666666667,0.5476666666666665,0.6711666666666667,0.4796666666666666,0.6104999999999999,0.4526666666666667,0.4116666666666667,0.5605333333333333,0.08689669615393408,10
MAGIC Gamma,CTGAN,Utility,F1_Gap,0.1448563234030767,0.2095445554624566,0.1897779454469516,0.2090508654723854,0.2294577496135279,0.2006801344005812,0.2964924983603888,0.2260968114575742,0.3305932452896393,0.3681935415257854,0.2404743670432367,0.06923415889944645,10
MAGIC Gamma,CTGAN,Utility,F1_TRTR,0.7877237737478027,0.7877237737478027,0.7877237737478027,0.7877237737478027,0.7877237737478027,0.7877237737478027,0.7877237737478027,0.7877237737478027,0.7877237737478027,0.7877237737478027,0.7877237737478027,0.0,10
MAGIC Gamma,CTGAN,Utility,F1_TSTR,0.6428674503447259,0.578179218285346,0.5979458283008511,0.5786729082754173,0.5582660241342747,0.5870436393472215,0.4912312753874138,0.5616269622902285,0.4571305284581633,0.4195302322220173,0.547249406704566,0.06923415889944645,10
MAGIC Gamma,CTGAN,Utility,Precision_Gap,0.1507172898308468,0.205886327889909,0.1947139155262597,0.2018989895319361,0.1886740301402547,0.0579144084428159,0.2678540405948101,0.2270251698669068,0.253553099793268,0.3068463763924003,0.20550836480094076,0.06841602200150852,10
MAGIC Gamma,CTGAN,Utility,Precision_TRTR,0.791226876583324,0.791226876583324,0.791226876583324,0.791226876583324,0.791226876583324,0.791226876583324,0.791226876583324,0.791226876583324,0.791226876583324,0.791226876583324,0.791226876583324,0.0,10
MAGIC Gamma,CTGAN,Utility,Precision_TSTR,0.6405095867524773,0.585340548693415,0.5965129610570643,0.5893278870513879,0.6025528464430693,0.7333124681405081,0.5233728359885139,0.5642017067164172,0.537673776790056,0.4843805001909238,0.5857185117823833,0.0684160220015085,10
MAGIC Gamma,CTGAN,Utility,ROC_AUC_Gap,0.2212892281594572,0.2579378249806394,0.2303868422023087,0.248244643581517,0.2458107460264779,0.203589998893683,0.3351347862964192,0.3212265368587971,0.2885625253530996,0.3974019987461742,0.2749585131098573,0.06032578957595349,10
MAGIC Gamma,CTGAN,Utility,ROC_AUC_TRTR,0.8099974185935023,0.8099974185935023,0.8099974185935023,0.8099974185935023,0.8099974185935023,0.8099974185935023,0.8099974185935023,0.8099974185935023,0.8099974185935023,0.8099974185935023,0.8099974185935024,0.0,10
MAGIC Gamma,CTGAN,Utility,ROC_AUC_TSTR,0.5887081904340451,0.5520595936128628,0.5796105763911936,0.5617527750119853,0.5641866725670244,0.6064074196998193,0.474862632297083,0.4887708817347052,0.5214348932404027,0.4125954198473281,0.5350389054836449,0.06032578957595349,10
MAGIC Gamma,CTGAN,Utility,Recall_Gap,0.133833333333333,0.2115000000000001,0.1918333333333333,0.2035,0.2455000000000002,0.122,0.3135000000000001,0.1826666666666668,0.3405,0.3815,0.23263333333333333,0.0868966961539341,10
MAGIC Gamma,CTGAN,Utility,Recall_TRTR,0.7931666666666667,0.7931666666666667,0.7931666666666667,0.7931666666666667,0.7931666666666667,0.7931666666666667,0.7931666666666667,0.7931666666666667,0.7931666666666667,0.7931666666666667,0.7931666666666668,0.0,10
MAGIC Gamma,CTGAN,Utility,Recall_TSTR,0.6593333333333337,0.5816666666666666,0.6013333333333334,0.5896666666666667,0.5476666666666665,0.6711666666666667,0.4796666666666666,0.6104999999999999,0.4526666666666667,0.4116666666666667,0.5605333333333333,0.08689669615393408,10
MAGIC Gamma,CopulaGAN,Compute,evaluation_time_seconds,8.619304438994732,7.235126357991248,7.685635173984338,7.202073565975297,8.237932129995897,9.634614629030692,8.626113382983021,8.711601355986204,8.160871236003004,9.87978139403276,8.39930536649772,0.9003741532923981,10
MAGIC Gamma,CopulaGAN,Compute,generation_time_seconds,0.0,0.0,0.0,0.0,0.0,0.0,0.0,0.0,0.0,0.0,0.0,0.0,10
MAGIC Gamma,CopulaGAN,Compute,total_time_seconds,26.99285951803904,30.07019008800853,30.86161901894957,28.96795135404682,28.76167269196594,28.69195469003171,40.57411547400989,31.19934956403449,29.95759727299446,30.84983073599869,30.692714040807914,3.7009849980949046,10
MAGIC Gamma,CopulaGAN,Compute,training_time_seconds,18.32562116504414,22.7745285499841,23.12127588200383,21.7282489889767,20.48521829303354,19.00022338598501,29.71378983999602,22.42812320200028,21.75365411100211,20.91425048100064,22.024493389902638,3.120624369365141,10
MAGIC Gamma,CopulaGAN,Fidelity,KS_Complement,0.72575,0.784725,0.740975,0.772425,0.705375,0.7034499999999999,0.6925250000000001,0.679025,0.7551250000000002,0.796275,0.735565,0.040772114313039454,10
MAGIC Gamma,CopulaGAN,Fidelity,MMD,0.1533014018560138,0.1296481326484125,0.1235227088210848,0.1991713272787086,0.1802356719494273,0.1746466867244299,0.1873967360983031,0.1876563846838579,0.1965372885813682,0.1445255525803764,0.16766418912219824,0.027804059188128793,10
MAGIC Gamma,CopulaGAN,Fidelity,Quality_Score,0.6946303559254196,0.7249399209035096,0.7145990652560592,0.7286310360257597,0.6911353478870856,0.6975203353460091,0.6837606202167827,0.6737566371741444,0.7110002444366144,0.7285452293676989,0.7048518792539082,0.019497270973785823,10
MAGIC Gamma,CopulaGAN,Fidelity,Wasserstein_Distance,17.115955765,11.534087865,13.33725404,14.981887865,17.648541755,21.482250955,14.961390515,21.237832735,22.296023,12.27393505,16.686915954499998,3.9357025922294584,10
MAGIC Gamma,CopulaGAN,Privacy,MIA_AUC,0.9079012345679012,0.7961728395061729,0.9023456790123456,0.9166666666666666,0.9222222222222222,0.902716049382716,0.9485185185185184,0.9419753086419752,0.8683950617283951,0.8302469135802469,0.8937160493827159,0.048548315963363974,10
MAGIC Gamma,CopulaGAN,Privacy,Mahalanobis_Distance,9.607141630916384,9.696102168379106,9.10187111104402,11.88077920360931,12.26310071830576,9.492768550997424,12.20948483962629,11.26860551311169,10.86644219651046,11.33569300885687,10.77219889413573,1.2033580738628005,10
MAGIC Gamma,CopulaGAN,Privacy,Mean_Distance,9.607141630916384,9.696102168379106,9.10187111104402,11.88077920360931,12.26310071830576,9.492768550997424,12.20948483962629,11.26860551311169,10.86644219651046,11.33569300885687,10.77219889413573,1.2033580738628005,10
MAGIC Gamma,CopulaGAN,Privacy,Median_Distance,8.54688208450197,8.44472423854426,8.090936771944365,11.60781690004323,11.4253385652637,8.363726565101176,11.35613700098831,10.04574507184251,10.30001289557842,10.23754548021486,9.841886557402281,1.3826966368138003,10
MAGIC Gamma,CopulaGAN,Privacy,NNDR,0.9371209254445916,0.952356691872224,0.9461695965882418,0.9581569367384524,0.9563343574313904,0.9433078208970695,0.955353149604236,0.9479904484560464,0.9457052144885886,0.9506151708428008,0.9493110312363641,0.006534633006153093,10
MAGIC Gamma,CopulaGAN,Utility,Accuracy_Gap,0.1436666666666667,0.2555000000000001,0.3918333333333334,0.1395000000000001,0.1391666666666668,0.1285000000000002,0.1968333333333334,0.2118333333333333,0.282,0.3478333333333333,0.22366666666666674,0.09348473170378353,10
MAGIC Gamma,CopulaGAN,Utility,Accuracy_TRTR,0.7931666666666667,0.7931666666666667,0.7931666666666667,0.7931666666666667,0.7931666666666667,0.7931666666666667,0.7931666666666667,0.7931666666666667,0.7931666666666667,0.7931666666666667,0.7931666666666668,0.0,10
MAGIC Gamma,CopulaGAN,Utility,Accuracy_TSTR,0.6495,0.5376666666666666,0.4013333333333333,0.6536666666666666,0.6539999999999999,0.6646666666666665,0.5963333333333333,0.5813333333333334,0.5111666666666667,0.4453333333333334,0.5695,0.09348473170378352,10
MAGIC Gamma,CopulaGAN,Utility,F1_Gap,0.1375641841234991,0.2447842243128595,0.4480473638902143,0.129399577819919,0.182052629925856,0.1382284187357705,0.2005581957389883,0.2035558806998141,0.2658293717645707,0.3344324246803613,0.2284452271691853,0.10048816288285918,10
MAGIC Gamma,CopulaGAN,Utility,F1_TRTR,0.7877237737478027,0.7877237737478027,0.7877237737478027,0.7877237737478027,0.7877237737478027,0.7877237737478027,0.7877237737478027,0.7877237737478027,0.7877237737478027,0.7877237737478027,0.7877237737478027,0.0,10
MAGIC Gamma,CopulaGAN,Utility,F1_TSTR,0.6501595896243035,0.5429395494349432,0.3396764098575884,0.6583241959278837,0.6056711438219466,0.6494953550120321,0.5871655780088144,0.5841678930479886,0.521894401983232,0.4532913490674414,0.5592785465786174,0.10048816288285917,10
MAGIC Gamma,CopulaGAN,Utility,Precision_Gap,0.1382612000285214,0.2372110956458918,0.2214282145663469,0.1241211475010295,0.156115693401251,0.137801300449631,0.1917236814884521,0.1203321351652595,0.2435195991789346,0.2721096712292351,0.18426237386545527,0.05601599162339019,10
MAGIC Gamma,CopulaGAN,Utility,Precision_TRTR,0.791226876583324,0.791226876583324,0.791226876583324,0.791226876583324,0.791226876583324,0.791226876583324,0.791226876583324,0.791226876583324,0.791226876583324,0.791226876583324,0.791226876583324,0.0,10
MAGIC Gamma,CopulaGAN,Utility,Precision_TSTR,0.6529656765548026,0.5540157809374322,0.5697986620169772,0.6671057290822945,0.635111183182073,0.653425576133693,0.5995031950948719,0.6708947414180645,0.5477072774043894,0.5191172053540889,0.6069645027178686,0.056015991623390195,10
MAGIC Gamma,CopulaGAN,Utility,ROC_AUC_Gap,0.1712652579562638,0.294667551720323,0.3049009846221928,0.1632665855367482,0.1914997971752038,0.1577202492901132,0.244315374119556,0.1641627023638308,0.3173931482096102,0.3503872109746653,0.23595788619685068,0.07506808375593484,10
MAGIC Gamma,CopulaGAN,Utility,ROC_AUC_TRTR,0.8099974185935023,0.8099974185935023,0.8099974185935023,0.8099974185935023,0.8099974185935023,0.8099974185935023,0.8099974185935023,0.8099974185935023,0.8099974185935023,0.8099974185935023,0.8099974185935024,0.0,10
MAGIC Gamma,CopulaGAN,Utility,ROC_AUC_TSTR,0.6387321606372385,0.5153298668731793,0.5050964339713094,0.646730833056754,0.6184976214182984,0.6522771693033891,0.5656820444739463,0.6458347162296715,0.4926042703838921,0.459610207618837,0.5740395323966516,0.07506808375593484,10
MAGIC Gamma,CopulaGAN,Utility,Recall_Gap,0.1436666666666667,0.2555000000000001,0.3918333333333334,0.1395000000000001,0.1391666666666668,0.1285000000000002,0.1968333333333334,0.2118333333333333,0.282,0.3478333333333333,0.22366666666666674,0.09348473170378353,10
MAGIC Gamma,CopulaGAN,Utility,Recall_TRTR,0.7931666666666667,0.7931666666666667,0.7931666666666667,0.7931666666666667,0.7931666666666667,0.7931666666666667,0.7931666666666667,0.7931666666666667,0.7931666666666667,0.7931666666666667,0.7931666666666668,0.0,10
MAGIC Gamma,CopulaGAN,Utility,Recall_TSTR,0.6495,0.5376666666666666,0.4013333333333333,0.6536666666666666,0.6539999999999999,0.6646666666666665,0.5963333333333333,0.5813333333333334,0.5111666666666667,0.4453333333333334,0.5695,0.09348473170378352,10
MAGIC Gamma,ForestDiffusion,Compute,evaluation_time_seconds,10.75860495399684,8.348713550018147,9.7143767499947,8.398263112991117,8.556043769989628,8.18320784700336,8.915555178013165,8.561761385004502,8.419692868017592,10.1728459779988,9.002906539302785,0.8922479095643906,10
MAGIC Gamma,ForestDiffusion,Compute,generation_time_seconds,0.0,0.0,0.0,0.0,0.0,0.0,0.0,0.0,0.0,0.0,0.0,0.0,10
MAGIC Gamma,ForestDiffusion,Compute,total_time_seconds,20.35376700700726,15.78513911203481,16.82767940196209,15.28760743897874,15.73830475599971,15.86853756301571,16.06272797903512,14.06793685699813,15.70653856900753,17.47813051898265,16.317636920302174,1.675928783229724,10
MAGIC Gamma,ForestDiffusion,Compute,training_time_seconds,9.563679325045086,7.406290974002331,7.08021467801882,6.845325035974383,7.138172833947465,7.647485842986498,7.11190987698501,5.463166011031717,7.254475875000935,7.27384991501458,7.278457036800683,0.9969377272919404,10
MAGIC Gamma,ForestDiffusion,Fidelity,KS_Complement,0.8942249999999999,0.8877499999999999,0.8958999999999999,0.893275,0.896575,0.893375,0.9,0.8907,0.8885249999999999,0.88785,0.8928174999999999,0.004095730331020897,10
MAGIC Gamma,ForestDiffusion,Fidelity,MMD,0.0205297095516472,0.0210345066869613,0.015591552664837,0.0131669690551604,0.0086086163508621,0.012303279684613,0.0180814712801002,0.0218197566269203,0.0173653553902843,0.0174454452336466,0.01659466625250324,0.004229197858477458,10
MAGIC Gamma,ForestDiffusion,Fidelity,Quality_Score,0.9030002722910776,0.8781252721582271,0.90419703550719,0.9069738433884942,0.9319362346430754,0.8845571386132989,0.8934538075719358,0.9021516803708146,0.8918750168325995,0.9017346628564122,0.8998004964233125,0.014637352353417132,10
MAGIC Gamma,ForestDiffusion,Fidelity,Wasserstein_Distance,5.532139801606957,5.723655160741884,4.700478618183149,4.704319285849293,4.588838163186603,5.08786705489536,5.048476192643601,5.646741420307298,5.91219376042845,5.416877160218535,5.236158661806113,0.47487585187040665,10
MAGIC Gamma,ForestDiffusion,Privacy,MIA_AUC,0.5693827160493828,0.5124691358024691,0.5119753086419754,0.5041975308641975,0.4972839506172839,0.4995061728395062,0.498395061728395,0.5493827160493826,0.6276543209876543,0.5054320987654322,0.5275679012345679,0.042563101855803004,10
MAGIC Gamma,ForestDiffusion,Privacy,Mahalanobis_Distance,2.393985454781455,2.349747938797594,2.407563709162825,2.468293950848835,2.466656825830114,2.397911872920331,2.463537548110868,2.348070928266356,2.413204803702892,2.321496650274568,2.403046968269584,0.052396099988677905,10
MAGIC Gamma,ForestDiffusion,Privacy,Mean_Distance,2.393985454781455,2.349747938797594,2.407563709162825,2.468293950848835,2.466656825830114,2.397911872920331,2.463537548110868,2.348070928266356,2.413204803702892,2.321496650274568,2.403046968269584,0.052396099988677905,10
MAGIC Gamma,ForestDiffusion,Privacy,Median_Distance,2.112648004351501,2.07398090515915,2.10328870948379,2.176021791452132,2.1065503031241,2.145600270064143,2.084457949549099,2.063592348326874,2.131482018623132,2.054362286259193,2.105198458639311,0.03818105393954805,10
MAGIC Gamma,ForestDiffusion,Privacy,NNDR,0.8738973872701963,0.868924189016856,0.8724111366486005,0.8698240646320902,0.8692713288085682,0.8658596992011159,0.8693975269430462,0.8537819890237459,0.8762961876835075,0.8725718787333724,0.86922353879611,0.006177729318299754,10
MAGIC Gamma,ForestDiffusion,Utility,Accuracy_Gap,0.0351666666666665,0.0273333333333332,0.0285000000000001,0.0015000000000001,0.0345,0.0605000000000001,0.0176666666666668,0.0415,0.0036666666666667,0.0116666666666667,0.02620000000000002,0.018160770364907788,10
MAGIC Gamma,ForestDiffusion,Utility,Accuracy_TRTR,0.7931666666666667,0.7931666666666667,0.7931666666666667,0.7931666666666667,0.7931666666666667,0.7931666666666667,0.7931666666666667,0.7931666666666667,0.7931666666666667,0.7931666666666667,0.7931666666666668,0.0,10
MAGIC Gamma,ForestDiffusion,Utility,Accuracy_TSTR,0.7580000000000001,0.7658333333333335,0.7646666666666665,0.7916666666666665,0.7586666666666666,0.7326666666666666,0.7754999999999999,0.7516666666666666,0.7895,0.7815,0.7669666666666667,0.018160770364907795,10
MAGIC Gamma,ForestDiffusion,Utility,F1_Gap,0.0285795167764738,0.0211811316375178,0.0217019155351939,-0.0033917122109968,0.0274571740990756,0.0520777604593901,0.0132682143751955,0.0336372560930319,-0.0012834206062698,0.0065411745552234,0.01997690107138354,0.016915063599724396,10
MAGIC Gamma,ForestDiffusion,Utility,F1_TRTR,0.7877237737478027,0.7877237737478027,0.7877237737478027,0.7877237737478027,0.7877237737478027,0.7877237737478027,0.7877237737478027,0.7877237737478027,0.7877237737478027,0.7877237737478027,0.7877237737478027,0.0,10
MAGIC Gamma,ForestDiffusion,Utility,F1_TSTR,0.7591442569713288,0.7665426421102848,0.7660218582126087,0.7911154859587995,0.760266599648727,0.7356460132884125,0.7744555593726071,0.7540865176547707,0.7890071943540725,0.7811825991925793,0.7677468726764191,0.016915063599724434,10
MAGIC Gamma,ForestDiffusion,Utility,Precision_Gap,0.0288281066237773,0.0226342907581218,0.0214672880329004,-0.000798387529685,0.0254539580301054,0.0473104980765365,0.0165907616362749,0.0308035810267456,0.0005880757002703,0.0085494286296216,0.020142760098466883,0.014648794528484384,10
MAGIC Gamma,ForestDiffusion,Utility,Precision_TRTR,0.791226876583324,0.791226876583324,0.791226876583324,0.791226876583324,0.791226876583324,0.791226876583324,0.791226876583324,0.791226876583324,0.791226876583324,0.791226876583324,0.791226876583324,0.0,10
MAGIC Gamma,ForestDiffusion,Utility,Precision_TSTR,0.7623987699595467,0.7685925858252022,0.7697595885504236,0.7920252641130091,0.7657729185532186,0.7439163785067875,0.7746361149470491,0.7604232955565784,0.7906388008830537,0.7826774479537024,0.7710841164848571,0.01464879452848441,10
MAGIC Gamma,ForestDiffusion,Utility,ROC_AUC_Gap,0.0191706309695023,0.0153667441088617,0.0060736807168935,-0.0032636353578936,0.0115093852564813,0.0380296492974885,0.0144024043957666,0.0225190839694655,-0.0016557878821403,0.0002692038204815,0.0122421359294907,0.012686670968634664,10
MAGIC Gamma,ForestDiffusion,Utility,ROC_AUC_TRTR,0.8099974185935023,0.8099974185935023,0.8099974185935023,0.8099974185935023,0.8099974185935023,0.8099974185935023,0.8099974185935023,0.8099974185935023,0.8099974185935023,0.8099974185935023,0.8099974185935024,0.0,10
MAGIC Gamma,ForestDiffusion,Utility,ROC_AUC_TSTR,0.7908267876239999,0.7946306744846405,0.8039237378766088,0.8132610539513959,0.7984880333370209,0.7719677692960137,0.7955950141977356,0.7874783346240367,0.8116532064756427,0.8097282147730207,0.7977552826640115,0.01268667096863469,10
MAGIC Gamma,ForestDiffusion,Utility,Recall_Gap,0.0351666666666665,0.0273333333333332,0.0285000000000001,0.0015000000000001,0.0345,0.0605000000000001,0.0176666666666668,0.0415,0.0036666666666667,0.0116666666666667,0.02620000000000002,0.018160770364907788,10
MAGIC Gamma,ForestDiffusion,Utility,Recall_TRTR,0.7931666666666667,0.7931666666666667,0.7931666666666667,0.7931666666666667,0.7931666666666667,0.7931666666666667,0.7931666666666667,0.7931666666666667,0.7931666666666667,0.7931666666666667,0.7931666666666668,0.0,10
MAGIC Gamma,ForestDiffusion,Utility,Recall_TSTR,0.7580000000000001,0.7658333333333335,0.7646666666666665,0.7916666666666665,0.7586666666666666,0.7326666666666666,0.7754999999999999,0.7516666666666666,0.7895,0.7815,0.7669666666666667,0.018160770364907795,10
MAGIC Gamma,GaussianCopula,Compute,evaluation_time_seconds,7.885646579030436,8.206004809006117,9.796906344010496,6.520288205996621,7.156202387006488,7.043173584970646,6.64282056002412,8.06133494200185,7.976727481989656,10.25507628300693,7.954418117704336,1.2477658642822727,10
MAGIC Gamma,GaussianCopula,Compute,generation_time_seconds,0.0,0.0,0.0,0.0,0.0,0.0,0.0,0.0,0.0,0.0,0.0,0.0,10
MAGIC Gamma,GaussianCopula,Compute,total_time_seconds,9.279270643019116,9.46085531701101,11.70735254703322,8.586250176012982,9.11393627198413,8.536816167004872,8.738423248985782,9.374197867990006,9.20240547094727,12.26145450898912,9.62609622189775,1.2903652507236414,10
MAGIC Gamma,GaussianCopula,Compute,training_time_seconds,1.363302103010938,1.201686251966748,1.857241651974618,2.037013884983025,1.910350323014427,1.453515204018913,2.066100105002988,1.28255976800574,1.195272281009238,1.951897238031961,1.6318938811018597,0.3628729289140066,10
MAGIC Gamma,GaussianCopula,Fidelity,KS_Complement,0.91345,0.91345,0.91345,0.91345,0.91345,0.91345,0.91345,0.91345,0.91345,0.91345,0.9134499999999999,0.0,10
MAGIC Gamma,GaussianCopula,Fidelity,MMD,0.0279867169207934,0.0279867169207934,0.0279867169207934,0.0279867169207934,0.0279867169207934,0.0279867169207934,0.0279867169207934,0.0279867169207934,0.0279867169207934,0.0279867169207934,0.0279867169207934,0.0,10
MAGIC Gamma,GaussianCopula,Fidelity,Quality_Score,0.8893182921814837,0.8893182921814837,0.8893182921814837,0.8893182921814837,0.8893182921814837,0.8893182921814837,0.8893182921814837,0.8893182921814837,0.8893182921814837,0.8893182921814837,0.8893182921814837,0.0,10
MAGIC Gamma,GaussianCopula,Fidelity,Wasserstein_Distance,5.203521939999999,5.203521939999999,5.203521939999999,5.203521939999999,5.203521939999999,5.203521939999999,5.203521939999999,5.203521939999999,5.203521939999999,5.203521939999999,5.20352194,0.0,10
MAGIC Gamma,GaussianCopula,Privacy,MIA_AUC,0.5151851851851852,0.5151851851851852,0.5151851851851852,0.5151851851851852,0.5151851851851852,0.5151851851851852,0.5151851851851852,0.5151851851851852,0.5151851851851852,0.5151851851851852,0.5151851851851852,0.0,10
MAGIC Gamma,GaussianCopula,Privacy,Mahalanobis_Distance,3.218485400316415,3.218485400316415,3.218485400316415,3.218485400316415,3.218485400316415,3.218485400316415,3.218485400316415,3.218485400316415,3.218485400316415,3.218485400316415,3.218485400316415,0.0,10
MAGIC Gamma,GaussianCopula,Privacy,Mean_Distance,3.218485400316415,3.218485400316415,3.218485400316415,3.218485400316415,3.218485400316415,3.218485400316415,3.218485400316415,3.218485400316415,3.218485400316415,3.218485400316415,3.218485400316415,0.0,10
MAGIC Gamma,GaussianCopula,Privacy,Median_Distance,3.123835628485976,3.123835628485976,3.123835628485976,3.123835628485976,3.123835628485976,3.123835628485976,3.123835628485976,3.123835628485976,3.123835628485976,3.123835628485976,3.1238356284859763,0.0,10
MAGIC Gamma,GaussianCopula,Privacy,NNDR,0.9164697607326696,0.9164697607326696,0.9164697607326696,0.9164697607326696,0.9164697607326696,0.9164697607326696,0.9164697607326696,0.9164697607326696,0.9164697607326696,0.9164697607326696,0.9164697607326696,0.0,10
MAGIC Gamma,GaussianCopula,Utility,Accuracy_Gap,0.0841666666666666,0.0841666666666666,0.0841666666666666,0.0841666666666666,0.0841666666666666,0.0841666666666666,0.0841666666666666,0.0841666666666666,0.0841666666666666,0.0841666666666666,0.0841666666666666,0.0,10
MAGIC Gamma,GaussianCopula,Utility,Accuracy_TRTR,0.7931666666666667,0.7931666666666667,0.7931666666666667,0.7931666666666667,0.7931666666666667,0.7931666666666667,0.7931666666666667,0.7931666666666667,0.7931666666666667,0.7931666666666667,0.7931666666666668,0.0,10
MAGIC Gamma,GaussianCopula,Utility,Accuracy_TSTR,0.7090000000000001,0.7090000000000001,0.7090000000000001,0.7090000000000001,0.7090000000000001,0.7090000000000001,0.7090000000000001,0.7090000000000001,0.7090000000000001,0.7090000000000001,0.709,0.0,10
MAGIC Gamma,GaussianCopula,Utility,F1_Gap,0.1242553389599573,0.1242553389599573,0.1242553389599573,0.1242553389599573,0.1242553389599573,0.1242553389599573,0.1242553389599573,0.1242553389599573,0.1242553389599573,0.1242553389599573,0.12425533895995729,0.0,10
MAGIC Gamma,GaussianCopula,Utility,F1_TRTR,0.7877237737478027,0.7877237737478027,0.7877237737478027,0.7877237737478027,0.7877237737478027,0.7877237737478027,0.7877237737478027,0.7877237737478027,0.7877237737478027,0.7877237737478027,0.7877237737478027,0.0,10
MAGIC Gamma,GaussianCopula,Utility,F1_TSTR,0.6634684347878453,0.6634684347878453,0.6634684347878453,0.6634684347878453,0.6634684347878453,0.6634684347878453,0.6634684347878453,0.6634684347878453,0.6634684347878453,0.6634684347878453,0.6634684347878455,0.0,10
MAGIC Gamma,GaussianCopula,Utility,Precision_Gap,0.0639890968527467,0.0639890968527467,0.0639890968527467,0.0639890968527467,0.0639890968527467,0.0639890968527467,0.0639890968527467,0.0639890968527467,0.0639890968527467,0.0639890968527467,0.0639890968527467,0.0,10
MAGIC Gamma,GaussianCopula,Utility,Precision_TRTR,0.791226876583324,0.791226876583324,0.791226876583324,0.791226876583324,0.791226876583324,0.791226876583324,0.791226876583324,0.791226876583324,0.791226876583324,0.791226876583324,0.791226876583324,0.0,10
MAGIC Gamma,GaussianCopula,Utility,Precision_TSTR,0.7272377797305772,0.7272377797305772,0.7272377797305772,0.7272377797305772,0.7272377797305772,0.7272377797305772,0.7272377797305772,0.7272377797305772,0.7272377797305772,0.7272377797305772,0.7272377797305773,0.0,10
MAGIC Gamma,GaussianCopula,Utility,ROC_AUC_Gap,0.0880831212892282,0.0880831212892282,0.0880831212892282,0.0880831212892282,0.0880831212892282,0.0880831212892282,0.0880831212892282,0.0880831212892282,0.0880831212892282,0.0880831212892282,0.08808312128922821,0.0,10
MAGIC Gamma,GaussianCopula,Utility,ROC_AUC_TRTR,0.8099974185935023,0.8099974185935023,0.8099974185935023,0.8099974185935023,0.8099974185935023,0.8099974185935023,0.8099974185935023,0.8099974185935023,0.8099974185935023,0.8099974185935023,0.8099974185935024,0.0,10
MAGIC Gamma,GaussianCopula,Utility,ROC_AUC_TSTR,0.721914297304274,0.721914297304274,0.721914297304274,0.721914297304274,0.721914297304274,0.721914297304274,0.721914297304274,0.721914297304274,0.721914297304274,0.721914297304274,0.7219142973042739,0.0,10
MAGIC Gamma,GaussianCopula,Utility,Recall_Gap,0.0841666666666666,0.0841666666666666,0.0841666666666666,0.0841666666666666,0.0841666666666666,0.0841666666666666,0.0841666666666666,0.0841666666666666,0.0841666666666666,0.0841666666666666,0.0841666666666666,0.0,10
MAGIC Gamma,GaussianCopula,Utility,Recall_TRTR,0.7931666666666667,0.7931666666666667,0.7931666666666667,0.7931666666666667,0.7931666666666667,0.7931666666666667,0.7931666666666667,0.7931666666666667,0.7931666666666667,0.7931666666666667,0.7931666666666668,0.0,10
MAGIC Gamma,GaussianCopula,Utility,Recall_TSTR,0.7090000000000001,0.7090000000000001,0.7090000000000001,0.7090000000000001,0.7090000000000001,0.7090000000000001,0.7090000000000001,0.7090000000000001,0.7090000000000001,0.7090000000000001,0.709,0.0,10
MAGIC Gamma,TVAE,Compute,evaluation_time_seconds,8.926066984015051,8.367768745985813,9.289215546974448,7.470999062003102,8.38353588298196,6.447506432014052,8.146458922012243,8.746791174984537,8.561744538950734,8.609974774997681,8.295006206491962,0.8088809478326532,10
MAGIC Gamma,TVAE,Compute,generation_time_seconds,0.0,0.0,0.0,0.0,0.0,0.0,0.0,0.0,0.0,0.0,0.0,0.0,10
MAGIC Gamma,TVAE,Compute,total_time_seconds,21.69558384502307,29.31169129395857,27.86580745200627,26.0017137050163,28.83231884799898,23.84695240203291,26.85085863602581,31.08544382598484,29.13641458499478,29.05771873804042,27.368450333108193,2.841753343275078,10
MAGIC Gamma,TVAE,Compute,training_time_seconds,12.72546887700446,20.88595095596975,18.52253407600801,18.48300592799205,20.38933880795958,17.35018262802623,18.65154336101841,22.27838926098775,20.54214712395333,20.40700851602014,19.023556953493973,2.651950386587587,10
MAGIC Gamma,TVAE,Fidelity,KS_Complement,0.8863749999999999,0.8987999999999999,0.878675,0.887975,0.883125,0.89975,0.8922749999999999,0.877025,0.8946,0.88805,0.8886649999999999,0.007788392360144376,10
MAGIC Gamma,TVAE,Fidelity,MMD,0.0128354197578026,0.0113394502799241,0.0147030750120597,0.0125492299123892,0.013491809395812,0.0102526080514137,0.0155793808947701,0.0195717267262706,0.0153638777125912,0.0143375243311538,0.014002410207418697,0.0026001631166940407,10
MAGIC Gamma,TVAE,Fidelity,Quality_Score,0.852841043102504,0.8545817825304307,0.8501248087421198,0.8631818361830856,0.8517866432892498,0.8708578603650252,0.8758991988459099,0.823228441347835,0.8602566677818233,0.8614906568861067,0.8564248939074091,0.014348866539319303,10
MAGIC Gamma,TVAE,Fidelity,Wasserstein_Distance,6.026519834999998,5.198817499999999,5.867070619999998,6.380189824999998,5.718013854999998,5.213583999999999,5.430086904999998,6.763063034999999,5.968174034999999,5.938475174999998,5.850399478499999,0.49338273414009326,10
MAGIC Gamma,TVAE,Privacy,MIA_AUC,0.5554320987654321,0.5845679012345679,0.6245679012345678,0.6316049382716049,0.5574074074074075,0.5896296296296296,0.6041975308641976,0.6088888888888888,0.5767901234567903,0.6223456790123456,0.5955432098765433,0.027253143510885362,10
MAGIC Gamma,TVAE,Privacy,Mahalanobis_Distance,4.417541846139907,4.222913617571598,4.295221433427285,4.277318115071698,4.295417632208071,4.360490116873462,4.332539998079959,4.379923956171812,4.400353042724403,4.269571742248052,4.325129150051625,0.06333711511700535,10
MAGIC Gamma,TVAE,Privacy,Mean_Distance,4.417541846139907,4.222913617571598,4.295221433427285,4.277318115071698,4.295417632208071,4.360490116873462,4.332539998079959,4.379923956171812,4.400353042724403,4.269571742248052,4.325129150051625,0.06333711511700535,10
MAGIC Gamma,TVAE,Privacy,Median_Distance,3.871805272203827,3.818486162278687,3.905510500776564,3.854053517331762,3.940952189931832,3.907799595930741,4.055718496109177,3.946215553349575,4.002849287849617,3.820654543663311,3.9124045119425093,0.07676652522051457,10
MAGIC Gamma,TVAE,Privacy,NNDR,0.9039473773358172,0.9003662435150418,0.902039806447244,0.9024389166687484,0.8999837085320308,0.90369299072619,0.9004451763758032,0.9073837560575606,0.9010300402059545,0.892658089962167,0.9013986105826557,0.0037945141491381998,10
MAGIC Gamma,TVAE,Utility,Accuracy_Gap,0.0561666666666665,0.078,0.0474999999999999,0.0859999999999998,0.0496666666666667,0.0586666666666666,0.0520000000000001,0.0846666666666666,0.0451666666666668,0.0196666666666665,0.05774999999999995,0.020407310781514865,10
MAGIC Gamma,TVAE,Utility,Accuracy_TRTR,0.7931666666666667,0.7931666666666667,0.7931666666666667,0.7931666666666667,0.7931666666666667,0.7931666666666667,0.7931666666666667,0.7931666666666667,0.7931666666666667,0.7931666666666667,0.7931666666666668,0.0,10
MAGIC Gamma,TVAE,Utility,Accuracy_TSTR,0.7370000000000001,0.7151666666666666,0.7456666666666667,0.7071666666666668,0.7434999999999999,0.7345,0.7411666666666665,0.7085,0.7479999999999999,0.7735000000000002,0.7354166666666667,0.020407310781514882,10
MAGIC Gamma,TVAE,Utility,F1_Gap,0.0514955437153789,0.0749954428317255,0.0501834055340926,0.0830044404630129,0.0486336499840446,0.0591349400687036,0.0506239058884296,0.0801613751444808,0.0456032952970058,0.0192502050635728,0.056308620399044704,0.019086473920027533,10
MAGIC Gamma,TVAE,Utility,F1_TRTR,0.7877237737478027,0.7877237737478027,0.7877237737478027,0.7877237737478027,0.7877237737478027,0.7877237737478027,0.7877237737478027,0.7877237737478027,0.7877237737478027,0.7877237737478027,0.7877237737478027,0.0,10
MAGIC Gamma,TVAE,Utility,F1_TSTR,0.7362282300324238,0.7127283309160771,0.73754036821371,0.7047193332847898,0.739090123763758,0.728588833679099,0.737099867859373,0.7075623986033218,0.7421204784507969,0.7684735686842298,0.731415153348758,0.019086473920027526,10
MAGIC Gamma,TVAE,Utility,Precision_Gap,0.0495909129435435,0.0711400503317831,0.0436478519384171,0.0776252655661899,0.0462391232631563,0.0522793859227135,0.0476016607047511,0.0765973137084284,0.0406372398543475,0.014445187961482,0.05198039921948124,0.019135973135830677,10
MAGIC Gamma,TVAE,Utility,Precision_TRTR,0.791226876583324,0.791226876583324,0.791226876583324,0.791226876583324,0.791226876583324,0.791226876583324,0.791226876583324,0.791226876583324,0.791226876583324,0.791226876583324,0.791226876583324,0.0,10
MAGIC Gamma,TVAE,Utility,Precision_TSTR,0.7416359636397805,0.7200868262515409,0.7475790246449069,0.713601611017134,0.7449877533201676,0.7389474906606105,0.7436252158785729,0.7146295628748955,0.7505896367289765,0.7767816886218419,0.7392464773638427,0.019135973135830684,10
MAGIC Gamma,TVAE,Utility,ROC_AUC_Gap,0.0614688202972306,0.0988568056938452,0.0792399601725857,0.1044252682818897,0.0590201718479186,0.0676715713390125,0.0834955931703359,0.0800199137072683,0.0708669838108936,0.0300033189512114,0.07350684072721916,0.021244573088017995,10
MAGIC Gamma,TVAE,Utility,ROC_AUC_TRTR,0.8099974185935023,0.8099974185935023,0.8099974185935023,0.8099974185935023,0.8099974185935023,0.8099974185935023,0.8099974185935023,0.8099974185935023,0.8099974185935023,0.8099974185935023,0.8099974185935024,0.0,10
MAGIC Gamma,TVAE,Utility,ROC_AUC_TSTR,0.7485285982962716,0.711140612899657,0.7307574584209166,0.7055721503116126,0.7509772467455836,0.7423258472544897,0.7265018254231663,0.7299775048862339,0.7391304347826086,0.7799940996422908,0.7364905778662831,0.021244573088017988,10
MAGIC Gamma,TVAE,Utility,Recall_Gap,0.0561666666666665,0.078,0.0474999999999999,0.0859999999999998,0.0496666666666667,0.0586666666666666,0.0520000000000001,0.0846666666666666,0.0451666666666668,0.0196666666666665,0.05774999999999995,0.020407310781514865,10
MAGIC Gamma,TVAE,Utility,Recall_TRTR,0.7931666666666667,0.7931666666666667,0.7931666666666667,0.7931666666666667,0.7931666666666667,0.7931666666666667,0.7931666666666667,0.7931666666666667,0.7931666666666667,0.7931666666666667,0.7931666666666668,0.0,10
MAGIC Gamma,TVAE,Utility,Recall_TSTR,0.7370000000000001,0.7151666666666666,0.7456666666666667,0.7071666666666668,0.7434999999999999,0.7345,0.7411666666666665,0.7085,0.7479999999999999,0.7735000000000002,0.7354166666666667,0.020407310781514882,10
MAGIC Gamma,TabDDPM,Compute,evaluation_time_seconds,8.09820382494945,8.705015615967568,9.691457998007536,8.233283153967932,8.766529177024495,8.664321174030192,9.07994152000174,8.800696185964625,8.307624836976174,9.726836921006909,8.807391040789662,0.5593861450913538,10
MAGIC Gamma,TabDDPM,Compute,generation_time_seconds,0.0,0.0,0.0,0.0,0.0,0.0,0.0,0.0,0.0,0.0,0.0,0.0,10
MAGIC Gamma,TabDDPM,Compute,total_time_seconds,21.94491003302392,16.83695253398037,18.07892709301086,16.29810990899568,16.85621197801083,20.8142093620263,17.29303815204185,21.77720435400261,16.34861470502801,18.25401890196372,18.450219702208415,2.225542837554285,10
MAGIC Gamma,TabDDPM,Compute,training_time_seconds,13.79925190203357,8.095694369985722,8.334312257007696,8.030836965015624,8.043872840004042,12.1111464460264,8.168393439031206,12.94488753000041,8.007240272010677,8.495382400986273,9.603101842210162,2.3495393302726217,10
MAGIC Gamma,TabDDPM,Fidelity,KS_Complement,0.886575,0.7484249999999999,0.7805249999999999,0.8069749999999999,0.7728249999999999,0.8031750000000001,0.866225,0.874075,0.75875,0.8482,0.8145749999999999,0.050667819339958474,10
MAGIC Gamma,TabDDPM,Fidelity,MMD,0.0209644091101761,0.0854250090710359,0.0391039930067527,0.0462431205430694,0.0434110112876093,0.0494984384829738,0.0470661193825756,0.0213023090495266,0.0352974854164174,0.0313962570387375,0.04197081523888743,0.018331061929586185,10
MAGIC Gamma,TabDDPM,Fidelity,Quality_Score,0.8989027539724743,0.7994045382795141,0.82972987470255,0.8335563516093528,0.8228139747642547,0.8367371410736892,0.8801839656294357,0.8886262297812542,0.7964457168380983,0.8679878543261133,0.8454388400976736,0.03641470215863488,10
MAGIC Gamma,TabDDPM,Fidelity,Wasserstein_Distance,14.63218168815182,34.52205262682271,33.44361458411885,26.46392723098187,32.65385379386633,28.85829974817203,16.8491426479595,19.4543432488142,32.92867472181256,20.5610733826043,26.03671636733042,7.557760810908715,10
MAGIC Gamma,TabDDPM,Privacy,MIA_AUC,0.6834567901234567,0.7012345679012346,0.7158024691358025,0.6646913580246914,0.6495061728395062,0.635432098765432,0.6009876543209877,0.5537037037037037,0.7593827160493827,0.6514814814814814,0.6615679012345679,0.058505843001029005,10
MAGIC Gamma,TabDDPM,Privacy,Mahalanobis_Distance,4.93647437887588,6.425040684134743,6.353212198076164,5.115662072761687,6.13056261771261,6.196318295670893,4.956197430600294,4.976647931653859,6.312642958124635,4.931784642108616,5.633454320971937,0.6917121919451829,10
MAGIC Gamma,TabDDPM,Privacy,Mean_Distance,4.93647437887588,6.425040684134743,6.353212198076164,5.115662072761687,6.13056261771261,6.196318295670893,4.956197430600294,4.976647931653859,6.312642958124635,4.931784642108616,5.633454320971937,0.6917121919451829,10
MAGIC Gamma,TabDDPM,Privacy,Median_Distance,3.113241763389819,3.577216446060074,3.717998140953166,3.300543446696868,3.421994547641048,3.689481724209287,3.164509225060641,3.115824669514892,3.527566237039311,3.184262183894222,3.381263838445933,0.23674900999680082,10
MAGIC Gamma,TabDDPM,Privacy,NNDR,0.8746421272435937,0.8737004239972772,0.8714742356523787,0.8934195447733106,0.8708441346679476,0.8534479709953549,0.8583543229738322,0.8639701025303385,0.8464004504871087,0.8614648681898928,0.8667718181511035,0.013157719522883134,10
MAGIC Gamma,TabDDPM,Utility,Accuracy_Gap,0.1775,0.1731666666666668,0.1798333333333334,0.1766666666666665,0.1868333333333333,0.1825,0.1833333333333333,0.1633333333333333,0.1889999999999999,0.1898333333333334,0.18019999999999997,0.00804992140134928,10
MAGIC Gamma,TabDDPM,Utility,Accuracy_TRTR,0.7931666666666667,0.7931666666666667,0.7931666666666667,0.7931666666666667,0.7931666666666667,0.7931666666666667,0.7931666666666667,0.7931666666666667,0.7931666666666667,0.7931666666666667,0.7931666666666668,0.0,10
MAGIC Gamma,TabDDPM,Utility,Accuracy_TSTR,0.6156666666666667,0.6199999999999999,0.6133333333333333,0.6165000000000002,0.6063333333333334,0.6106666666666667,0.6098333333333333,0.6298333333333334,0.6041666666666667,0.6033333333333333,0.6129666666666668,0.00804992140134928,10
MAGIC Gamma,TabDDPM,Utility,F1_Gap,0.2548615626806651,0.2469029041208742,0.2456552487376391,0.2375139781720769,0.2602166362363314,0.2345039352826584,0.2325916965206446,0.2232063970348707,0.2625814749552621,0.2443030680544696,0.2442336901795492,0.012612619443245432,10
MAGIC Gamma,TabDDPM,Utility,F1_TRTR,0.7877237737478027,0.7877237737478027,0.7877237737478027,0.7877237737478027,0.7877237737478027,0.7877237737478027,0.7877237737478027,0.7877237737478027,0.7877237737478027,0.7877237737478027,0.7877237737478027,0.0,10
MAGIC Gamma,TabDDPM,Utility,F1_TSTR,0.5328622110671376,0.5408208696269284,0.5420685250101636,0.5502097955757258,0.5275071375114713,0.5532198384651442,0.5551320772271581,0.564517376712932,0.5251422987925406,0.5434207056933331,0.5434900835682535,0.012612619443245428,10
MAGIC Gamma,TabDDPM,Utility,Precision_Gap,0.290451578662305,0.2786284711013464,0.2761320306064079,0.2690751189754365,0.2968985430288791,0.2678303044035977,0.1526980816669556,0.2537503909260289,0.3003190047716741,0.2782889376575191,0.266407246180015,0.04235048676231639,10
MAGIC Gamma,TabDDPM,Utility,Precision_TRTR,0.791226876583324,0.791226876583324,0.791226876583324,0.791226876583324,0.791226876583324,0.791226876583324,0.791226876583324,0.791226876583324,0.791226876583324,0.791226876583324,0.791226876583324,0.0,10
MAGIC Gamma,TabDDPM,Utility,Precision_TSTR,0.500775297921019,0.5125984054819777,0.5150948459769161,0.5221517576078876,0.4943283335544449,0.5233965721797263,0.6385287949163684,0.5374764856572951,0.4909078718116499,0.512937938925805,0.5248196304033088,0.042350486762316376,10
MAGIC Gamma,TabDDPM,Utility,ROC_AUC_Gap,0.3284360364347089,0.328207397573478,0.3335472213002914,0.218995464100011,0.3359903381642513,0.2722000958808128,0.2074399822989271,0.3481745768337206,0.2669801231699672,0.2940572334697791,0.2934028469225948,0.050484438341717286,10
MAGIC Gamma,TabDDPM,Utility,ROC_AUC_TRTR,0.8099974185935023,0.8099974185935023,0.8099974185935023,0.8099974185935023,0.8099974185935023,0.8099974185935023,0.8099974185935023,0.8099974185935023,0.8099974185935023,0.8099974185935023,0.8099974185935024,0.0,10
MAGIC Gamma,TabDDPM,Utility,ROC_AUC_TSTR,0.4815613821587934,0.4817900210200243,0.4764501972932109,0.5910019544934912,0.474007080429251,0.5377973227126894,0.6025574362945751,0.4618228417597817,0.543017295423535,0.5159401851237232,0.5165945716709075,0.050484438341717265,10
MAGIC Gamma,TabDDPM,Utility,Recall_Gap,0.1775,0.1731666666666668,0.1798333333333334,0.1766666666666665,0.1868333333333334,0.1825,0.1833333333333333,0.1633333333333333,0.1889999999999999,0.1898333333333334,0.1802,0.008049921401349289,10
MAGIC Gamma,TabDDPM,Utility,Recall_TRTR,0.7931666666666667,0.7931666666666667,0.7931666666666667,0.7931666666666667,0.7931666666666667,0.7931666666666667,0.7931666666666667,0.7931666666666667,0.7931666666666667,0.7931666666666667,0.7931666666666668,0.0,10
MAGIC Gamma,TabDDPM,Utility,Recall_TSTR,0.6156666666666667,0.6199999999999999,0.6133333333333333,0.6165000000000002,0.6063333333333333,0.6106666666666667,0.6098333333333333,0.6298333333333334,0.6041666666666667,0.6033333333333333,0.6129666666666668,0.00804992140134929,10
MAGIC Gamma,WGAN-GP,Compute,evaluation_time_seconds,10.7532929169829,15.37345782504417,15.10019579000073,11.78471033199457,12.83550828701118,11.85425315296743,15.56260308297351,11.03650657099206,16.03401885501808,8.345384293992538,12.867993110697716,2.5609729067154197,10
MAGIC Gamma,WGAN-GP,Compute,generation_time_seconds,0.0,0.0,0.0,0.0,0.0,0.0,0.0,0.0,0.0,0.0,0.0,0.0,10
MAGIC Gamma,WGAN-GP,Compute,total_time_seconds,38.04588860197691,42.20761646603933,44.63832683599321,37.92980992497178,39.59041536401492,39.47184397402452,42.18944945302792,40.3143676299951,43.60305819299538,38.10219943994889,40.609297588298794,2.4198794431400974,10
MAGIC Gamma,WGAN-GP,Compute,training_time_seconds,27.25610087503446,26.77741696697194,29.47526502201799,26.11117771698628,26.72381515300367,27.587290030031,26.59474083798705,29.24634014401818,27.53792437998345,29.71869628597051,27.702876741200452,1.3082581517942438,10
MAGIC Gamma,WGAN-GP,Fidelity,KS_Complement,0.89225,0.90335,0.8871249999999999,0.904025,0.895875,0.9031,0.9165,0.8876250000000001,0.9023,0.911225,0.9003375,0.009634538923984763,10
MAGIC Gamma,WGAN-GP,Fidelity,MMD,0.0126286107113908,0.0176122973004967,0.0191222860101548,0.0158116514072503,0.0100530626359138,0.0156558278437084,0.0178128209276935,0.0128845733365678,0.0200679615950325,0.0189637215295943,0.01606128132978029,0.0032917580201436343,10
MAGIC Gamma,WGAN-GP,Fidelity,Quality_Score,0.8457104790220402,0.8507620816767618,0.8338707799032732,0.8470241916113681,0.8462602948615898,0.8508641208949623,0.8581441524790289,0.8296195575809145,0.8429875390526671,0.842508212038489,0.8447751409121096,0.008277946994237182,10
MAGIC Gamma,WGAN-GP,Fidelity,Wasserstein_Distance,4.725861822903746,4.944548484378879,6.309889350300648,4.288707756251436,5.497235025648573,4.536338040752716,4.692134399698334,6.389909542794316,5.823109305562911,6.124629938368486,5.3332363666660045,0.7902647159479184,10
MAGIC Gamma,WGAN-GP,Privacy,MIA_AUC,0.6755555555555556,0.6549382716049383,0.6022222222222222,0.6799999999999999,0.6993827160493828,0.5982716049382717,0.6517283950617284,0.6872839506172839,0.7495061728395062,0.6776543209876543,0.6676543209876544,0.04461842945824092,10
MAGIC Gamma,WGAN-GP,Privacy,Mahalanobis_Distance,2.89389066042928,2.907580916340657,2.83756403538431,2.804521925282323,2.844386631935018,2.679132050268473,2.560485309326697,2.796578535584783,2.82181591403537,2.727867811009639,2.787382378959655,0.10533849420881608,10
MAGIC Gamma,WGAN-GP,Privacy,Mean_Distance,2.89389066042928,2.907580916340657,2.83756403538431,2.804521925282323,2.844386631935018,2.679132050268473,2.560485309326697,2.796578535584783,2.82181591403537,2.727867811009639,2.787382378959655,0.10533849420881608,10
MAGIC Gamma,WGAN-GP,Privacy,Median_Distance,2.862752481628315,2.866961570920388,2.776829440089175,2.748266437682681,2.766206437853536,2.595252222580302,2.529478749953751,2.730494695850764,2.786163968131315,2.679374842825352,2.7341780847515578,0.10756288730635886,10
MAGIC Gamma,WGAN-GP,Privacy,NNDR,0.9008401994689832,0.8913131461651095,0.9009920797653828,0.8941079746137018,0.8928385919416156,0.8983292984329642,0.9004908318125756,0.8956707244737337,0.8928238726171269,0.8981130080747921,0.8965519727365987,0.0036681318938311504,10
MAGIC Gamma,WGAN-GP,Utility,Accuracy_Gap,0.0701666666666667,0.0706666666666666,0.0756666666666667,0.0444999999999999,0.0881666666666666,0.0671666666666666,0.0446666666666667,0.1005,0.0596666666666667,0.0464999999999999,0.06676666666666665,0.01870056445969243,10
MAGIC Gamma,WGAN-GP,Utility,Accuracy_TRTR,0.7931666666666667,0.7931666666666667,0.7931666666666667,0.7931666666666667,0.7931666666666667,0.7931666666666667,0.7931666666666667,0.7931666666666667,0.7931666666666667,0.7931666666666667,0.7931666666666668,0.0,10
MAGIC Gamma,WGAN-GP,Utility,Accuracy_TSTR,0.723,0.7225,0.7174999999999999,0.7486666666666667,0.7050000000000001,0.7260000000000001,0.7484999999999999,0.6926666666666667,0.7334999999999999,0.7466666666666667,0.7264000000000002,0.018700564459692412,10
MAGIC Gamma,WGAN-GP,Utility,F1_Gap,0.0737132363800282,0.0829217045904632,0.076834649331572,0.0430853442150788,0.0969046661997042,0.0747130568976573,0.0604301269541673,0.1021512167715469,0.0742001838855687,0.0549596906332325,0.07399138758590192,0.01797457334371613,10
MAGIC Gamma,WGAN-GP,Utility,F1_TRTR,0.7877237737478027,0.7877237737478027,0.7877237737478027,0.7877237737478027,0.7877237737478027,0.7877237737478027,0.7877237737478027,0.7877237737478027,0.7877237737478027,0.7877237737478027,0.7877237737478027,0.0,10
MAGIC Gamma,WGAN-GP,Utility,F1_TSTR,0.7140105373677744,0.7048020691573395,0.7108891244162306,0.7446384295327239,0.6908191075480984,0.7130107168501453,0.7272936467936353,0.6855725569762557,0.713523589862234,0.7327640831145701,0.7137323861619007,0.017974573343716126,10
MAGIC Gamma,WGAN-GP,Utility,Precision_Gap,0.077510122938224,0.0722557470642781,0.0800402420770522,0.0468911513557774,0.0986341123741554,0.0746874193512731,0.0424269395740469,0.1051106079942081,0.059022129523622,0.0496873088000806,0.07062657810527177,0.02124047890587595,10
MAGIC Gamma,WGAN-GP,Utility,Precision_TRTR,0.791226876583324,0.791226876583324,0.791226876583324,0.791226876583324,0.791226876583324,0.791226876583324,0.791226876583324,0.791226876583324,0.791226876583324,0.791226876583324,0.791226876583324,0.0,10
MAGIC Gamma,WGAN-GP,Utility,Precision_TSTR,0.7137167536451,0.7189711295190458,0.7111866345062717,0.7443357252275465,0.6925927642091686,0.7165394572320509,0.748799937009277,0.6861162685891159,0.732204747059702,0.7415395677832434,0.7206002984780521,0.021240478905875933,10
MAGIC Gamma,WGAN-GP,Utility,ROC_AUC_Gap,0.0657078585389239,0.0939410701773796,0.0700704355201534,0.0544215805583214,0.1047036914112919,0.101283327801748,0.0570712099421029,0.1042427259652616,0.0845521259726369,0.0603551277796216,0.07963491536674414,0.020367381635203293,10
MAGIC Gamma,WGAN-GP,Utility,ROC_AUC_TRTR,0.8099974185935023,0.8099974185935023,0.8099974185935023,0.8099974185935023,0.8099974185935023,0.8099974185935023,0.8099974185935023,0.8099974185935023,0.8099974185935023,0.8099974185935023,0.8099974185935024,0.0,10
MAGIC Gamma,WGAN-GP,Utility,ROC_AUC_TSTR,0.7442895600545784,0.7160563484161226,0.7399269830733488,0.7555758380351808,0.7052937271822104,0.7087140907917543,0.7529262086513994,0.7057546926282406,0.7254452926208653,0.7496422908138807,0.7303625032267581,0.02036738163520328,10
MAGIC Gamma,WGAN-GP,Utility,Recall_Gap,0.0701666666666667,0.0706666666666666,0.0756666666666667,0.0444999999999999,0.0881666666666666,0.0671666666666666,0.0446666666666667,0.1005,0.0596666666666667,0.0464999999999999,0.06676666666666665,0.01870056445969243,10
MAGIC Gamma,WGAN-GP,Utility,Recall_TRTR,0.7931666666666667,0.7931666666666667,0.7931666666666667,0.7931666666666667,0.7931666666666667,0.7931666666666667,0.7931666666666667,0.7931666666666667,0.7931666666666667,0.7931666666666667,0.7931666666666668,0.0,10
MAGIC Gamma,WGAN-GP,Utility,Recall_TSTR,0.723,0.7225,0.7174999999999999,0.7486666666666667,0.7050000000000001,0.7260000000000001,0.7484999999999999,0.6926666666666667,0.7334999999999999,0.7466666666666667,0.7264000000000002,0.018700564459692412,10
Mushroom,CTABGAN,Compute,evaluation_time_seconds,17.75526879914105,18.9890098371543,18.25683940690942,67.42074894881807,44.5136904688552,40.80729082995094,84.16600998800277,59.73166221100109,41.76639828499901,60.2854239570006,45.369234273183245,22.72610870667409,10
Mushroom,CTABGAN,Compute,generation_time_seconds,0.0,0.0,0.0,0.0,0.0,0.0,0.0,0.0,0.0,0.0,0.0,0.0,10
Mushroom,CTABGAN,Compute,total_time_seconds,702.5964257039595,669.5099850010592,682.4147424739785,1181.01824965491,1158.850850902032,1063.227653966984,5087.587590374998,4174.962284788002,2602.140195595006,2303.047503632995,1962.5355482093923,1568.7691167066932,10
Mushroom,CTABGAN,Compute,training_time_seconds,682.025456628995,650.5028681508265,664.1395135789644,1113.437902002828,1114.288598250831,1022.24673227896,5003.239337694999,4114.996746053999,2560.271785548,2242.519983247003,1916.7668923435406,1551.5333565185856,10
Mushroom,CTABGAN,Fidelity,KS_Complement,0.9194166666666668,0.928,0.9191666666666666,0.9113333333333332,0.93875,0.8769999999999999,0.91225,0.9158333333333332,0.8621666666666666,0.9158333333333334,0.909975,0.023034228757317782,10
Mushroom,CTABGAN,Fidelity,MMD,0.0150807289987108,0.0124844735240128,0.0072397337678854,0.024537773910583,0.0143632327330172,0.0339122572415553,0.0117072480536898,0.0193298847061904,0.0454912390728331,0.0251503953674706,0.020929696737594837,0.01167298623875474,10
Mushroom,CTABGAN,Fidelity,Quality_Score,0.9108194135088432,0.906824804172295,0.9135570145743164,0.9155364452139504,0.9195381270378512,0.8379866929606543,0.914839247837927,0.9217366547136748,0.8457968156352116,0.9102984470486132,0.8996933662703336,0.030825653983897503,10
Mushroom,CTABGAN,Fidelity,Wasserstein_Distance,0.9446754552235964,1.090070270995772,0.7543945844407293,1.260000774497051,0.7391609150494506,1.323480119024696,1.156425824682499,1.021901438799322,1.390951094952198,0.7609602075337726,1.0442020685199087,0.2420205596331897,10
Mushroom,CTABGAN,Privacy,MIA_AUC,0.53320987654321,0.5411111111111111,0.4845679012345678,0.8779012345679013,0.5008641975308642,0.6858024691358025,0.5250617283950617,0.9071604938271604,0.6371604938271604,0.5774074074074074,0.6270246913580246,0.1528338822591182,10
Mushroom,CTABGAN,Privacy,Mahalanobis_Distance,4.549422944069145,5.090406186162568,4.825464931466268,4.946216224107594,4.590986890857895,5.930104603933803,4.704228086247859,4.840533427916792,5.975655476288597,4.784195230521971,5.02372140015725,0.514532507935095,10
Mushroom,CTABGAN,Privacy,Mean_Distance,4.549422944069145,5.090406186162568,4.825464931466268,4.946216224107594,4.590986890857895,5.930104603933803,4.704228086247859,4.840533427916792,5.975655476288597,4.784195230521971,5.02372140015725,0.514532507935095,10
Mushroom,CTABGAN,Privacy,Median_Distance,4.188817510361341,4.574720686477541,4.487071619784668,4.604406886322522,4.254942525750253,5.423537922203121,4.300214518441031,4.550458805962178,5.442750313839554,4.352990846979933,4.617991163612214,0.45216665454679394,10
Mushroom,CTABGAN,Privacy,NNDR,0.8994000762728503,0.908926391026479,0.913193376086092,0.91579846974379,0.8868857036537379,0.9416425327500832,0.9049454251439598,0.9237121787375864,0.9436817263202292,0.9019544049380224,0.914014028467283,0.018087718703359002,10
Mushroom,CTABGAN,Utility,Accuracy_Gap,0.2475666666666666,0.2175,0.2158333333333333,0.2257333333333333,0.2220333333333334,0.3411333333333333,0.2274000000000002,0.2082666666666667,0.3748666666666667,0.2347666666666666,0.25151,0.05769574529106419,10
Mushroom,CTABGAN,Utility,Accuracy_TRTR,0.8788666666666667,0.8788666666666667,0.8788666666666667,0.8788666666666667,0.8788666666666667,0.8788666666666667,0.8788666666666667,0.8788666666666667,0.8788666666666667,0.8788666666666667,0.8788666666666668,0.0,10
Mushroom,CTABGAN,Utility,Accuracy_TSTR,0.6313000000000001,0.6613666666666667,0.6630333333333334,0.6531333333333333,0.6568333333333333,0.5377333333333334,0.6514666666666665,0.6706,0.504,0.6441000000000001,0.6273566666666666,0.05769574529106419,10
Mushroom,CTABGAN,Utility,F1_Gap,0.2550528563440426,0.2249692408250843,0.2137440209667968,0.2252281692406283,0.2225267162501534,0.4072041234358422,0.2260616276436226,0.211519168826377,0.4069128778652239,0.2327618178569784,0.26259806192547497,0.07705239356135926,10
Mushroom,CTABGAN,Utility,F1_TRTR,0.8769396803256558,0.8769396803256558,0.8769396803256558,0.8769396803256558,0.8769396803256558,0.8769396803256558,0.8769396803256558,0.8769396803256558,0.8769396803256558,0.8769396803256558,0.8769396803256558,0.0,10
Mushroom,CTABGAN,Utility,F1_TSTR,0.6218868239816132,0.6519704395005715,0.663195659358859,0.6517115110850276,0.6544129640755024,0.4697355568898137,0.6508780526820332,0.6654205114992788,0.4700268024604319,0.6441778624686775,0.614341618400181,0.07705239356135925,10
Mushroom,CTABGAN,Utility,Precision_Gap,0.2481122829036505,0.2163195845038628,0.2144812739730694,0.2245941440864171,0.2221656359268394,0.3581814639115691,0.227554403952728,0.208094024171646,0.4025368436977181,0.2333747896858795,0.25554144468133794,0.06751105097870602,10
Mushroom,CTABGAN,Utility,Precision_TRTR,0.8782332648859651,0.8782332648859651,0.8782332648859651,0.8782332648859651,0.8782332648859651,0.8782332648859651,0.8782332648859651,0.8782332648859651,0.8782332648859651,0.8782332648859651,0.8782332648859651,0.0,10
Mushroom,CTABGAN,Utility,Precision_TSTR,0.6301209819823146,0.6619136803821023,0.6637519909128957,0.653639120799548,0.6560676289591257,0.520051800974396,0.6506788609332371,0.6701392407143191,0.475696421188247,0.6448584752000855,0.6226918202046271,0.06751105097870604,10
Mushroom,CTABGAN,Utility,ROC_AUC_Gap,0.2393606414469475,0.2006387791920474,0.2089251910207126,0.2037639602423615,0.2170707372840364,0.3768316228710168,0.2190787621076344,0.191348994943391,0.4216734236328091,0.2225743299959444,0.2501266442736901,0.08039145131068688,10
Mushroom,CTABGAN,Utility,ROC_AUC_TRTR,0.9029164089857544,0.9029164089857544,0.9029164089857544,0.9029164089857544,0.9029164089857544,0.9029164089857544,0.9029164089857544,0.9029164089857544,0.9029164089857544,0.9029164089857544,0.9029164089857545,0.0,10
Mushroom,CTABGAN,Utility,ROC_AUC_TSTR,0.663555767538807,0.702277629793707,0.6939912179650418,0.6991524487433929,0.6858456717017181,0.5260847861147376,0.68383764687812,0.7115674140423635,0.4812429853529454,0.68034207898981,0.6527897647120643,0.08039145131068687,10
Mushroom,CTABGAN,Utility,Recall_Gap,0.2475666666666666,0.2175,0.2158333333333333,0.2257333333333333,0.2220333333333334,0.3411333333333333,0.2274000000000002,0.2082666666666667,0.3748666666666667,0.2347666666666666,0.25151,0.05769574529106419,10
Mushroom,CTABGAN,Utility,Recall_TRTR,0.8788666666666667,0.8788666666666667,0.8788666666666667,0.8788666666666667,0.8788666666666667,0.8788666666666667,0.8788666666666667,0.8788666666666667,0.8788666666666667,0.8788666666666667,0.8788666666666668,0.0,10
Mushroom,CTABGAN,Utility,Recall_TSTR,0.6313000000000001,0.6613666666666667,0.6630333333333334,0.6531333333333333,0.6568333333333333,0.5377333333333334,0.6514666666666665,0.6706,0.504,0.6441000000000001,0.6273566666666666,0.05769574529106419,10
Mushroom,CTGAN,Compute,evaluation_time_seconds,21.31251072604209,29.74396193097346,25.68577678711154,31.01930776494555,42.83116762316786,26.65132980095223,53.38736393900035,66.78697064299922,62.08387432000018,31.36094645599951,39.086320999119195,16.251177273783753,10
Mushroom,CTGAN,Compute,generation_time_seconds,0.0,0.0,0.0,0.0,0.0,0.0,0.0,0.0,0.0,0.0,0.0,0.0,10
Mushroom,CTGAN,Compute,total_time_seconds,139.1043448001146,188.0426356350072,160.6683044128586,249.1818590399344,226.9674080589321,206.196589096915,4438.633704505999,5577.507980071001,4407.102608070003,1297.760444574,1689.1165878264765,2201.572637899695,10
Mushroom,CTGAN,Compute,training_time_seconds,117.7263954069931,158.2652179361321,134.7869265468325,213.8326043959241,184.0171326471027,179.5027421750128,4379.700776107005,5510.388557660001,4344.762879690999,1266.305426826002,1648.9288659392005,2185.9621230658645,10
Mushroom,CTGAN,Fidelity,KS_Complement,0.83975,0.8789166666666667,0.8860833333333332,0.8693333333333332,0.8909166666666666,0.8595833333333333,0.9150833333333334,0.8470833333333333,0.87875,0.88225,0.874775,0.022000001753647525,10
Mushroom,CTGAN,Fidelity,MMD,0.0414365237984084,0.0492862938887747,0.0629457344821929,0.0437853240055817,0.0552331318978797,0.0649591158035656,0.0372968045153324,0.0409778356209219,0.0481285927084494,0.0450498770640819,0.04890992337851886,0.009369640054048766,10
Mushroom,CTGAN,Fidelity,Quality_Score,0.8452208475755263,0.8546154626249471,0.8515148982554976,0.8508213688459584,0.8582348922987413,0.8555861498324504,0.863469685097551,0.871771318067383,0.8697066508421887,0.8432196691729607,0.8564160942613205,0.009569720201550065,10
Mushroom,CTGAN,Fidelity,Wasserstein_Distance,1.264106666666667,1.223896666666667,1.448740000000001,1.382688333333334,1.339331666666667,1.517903333333334,1.084553333333334,1.19563,1.02387,0.8430250000000002,1.2323745000000004,0.20594552882106706,10
Mushroom,CTGAN,Privacy,MIA_AUC,0.6933333333333335,0.6574074074074074,0.6296296296296297,0.6790123456790123,0.6546913580246914,0.6687654320987655,0.599753086419753,0.5974074074074074,0.5977777777777777,0.6329629629629631,0.641074074074074,0.03507911477962586,10
Mushroom,CTGAN,Privacy,Mahalanobis_Distance,5.105826941919982,5.170188245168687,5.489074092778887,5.522856496464446,5.19691894165255,5.175700862950835,5.20497171049608,5.211141583396371,5.105829751200533,5.114747620749531,5.22972562467779,0.15114603831658194,10
Mushroom,CTGAN,Privacy,Mean_Distance,5.105826941919982,5.170188245168687,5.489074092778887,5.522856496464446,5.19691894165255,5.175700862950835,5.20497171049608,5.211141583396371,5.105829751200533,5.114747620749531,5.22972562467779,0.15114603831658194,10
Mushroom,CTGAN,Privacy,Median_Distance,4.677879683679789,4.755813055116777,5.042867142472006,5.026008752106071,4.789343522538966,4.71708431954718,4.813795313220544,4.849305979342566,4.697627411038869,4.801160031894651,4.817088521095743,0.12653569572440887,10
Mushroom,CTGAN,Privacy,NNDR,0.924341484346188,0.9211534813786236,0.9282614387237532,0.928653406793948,0.9209036779067774,0.9225590117708178,0.924677157555217,0.920219484588904,0.9219986981938916,0.923796694920845,0.9236564536178967,0.002930948500709857,10
Mushroom,CTGAN,Utility,Accuracy_Gap,0.3515,0.3377666666666667,0.3242333333333333,0.3146,0.3264333333333335,0.3228000000000001,0.3342666666666668,0.3244333333333334,0.3199333333333333,0.3174,0.3273366666666667,0.011034809680794596,10
Mushroom,CTGAN,Utility,Accuracy_TRTR,0.8788666666666667,0.8788666666666667,0.8788666666666667,0.8788666666666667,0.8788666666666667,0.8788666666666667,0.8788666666666667,0.8788666666666667,0.8788666666666667,0.8788666666666667,0.8788666666666668,0.0,10
Mushroom,CTGAN,Utility,Accuracy_TSTR,0.5273666666666667,0.5411,0.5546333333333334,0.5642666666666667,0.5524333333333332,0.5560666666666666,0.5445999999999999,0.5544333333333333,0.5589333333333334,0.5614666666666667,0.55153,0.01103480968079461,10
Mushroom,CTGAN,Utility,F1_Gap,0.3665899136653048,0.3764883400983621,0.4062662289029849,0.3238271344585523,0.3372419901691598,0.3357763067431014,0.3675803179025272,0.3318308540724451,0.349026909417707,0.314824386496715,0.3509452381926859,0.028010645687365467,10
Mushroom,CTGAN,Utility,F1_TRTR,0.8769396803256558,0.8769396803256558,0.8769396803256558,0.8769396803256558,0.8769396803256558,0.8769396803256558,0.8769396803256558,0.8769396803256558,0.8769396803256558,0.8769396803256558,0.8769396803256558,0.0,10
Mushroom,CTGAN,Utility,F1_TSTR,0.510349766660351,0.5004513402272938,0.470673451422671,0.5531125458671036,0.539697690156496,0.5411633735825544,0.5093593624231286,0.5451088262532108,0.5279127709079489,0.5621152938289409,0.5259944421329699,0.028010645687365467,10
Mushroom,CTGAN,Utility,Precision_Gap,0.3123962563609713,0.3573947748299384,0.3346564347769138,0.275518188699252,0.2877477275883684,0.3310937517579602,0.3500423053686742,0.3311949560993533,0.3291199921152475,0.3085855735379742,0.3217749961134654,0.025868757544786642,10
Mushroom,CTGAN,Utility,Precision_TRTR,0.8782332648859651,0.8782332648859651,0.8782332648859651,0.8782332648859651,0.8782332648859651,0.8782332648859651,0.8782332648859651,0.8782332648859651,0.8782332648859651,0.8782332648859651,0.8782332648859651,0.0,10
Mushroom,CTGAN,Utility,Precision_TSTR,0.5658370085249937,0.5208384900560267,0.5435768301090513,0.602715076186713,0.5904855372975967,0.5471395131280049,0.5281909595172909,0.5470383087866117,0.5491132727707176,0.5696476913479909,0.5564582687724997,0.025868757544786628,10
Mushroom,CTGAN,Utility,ROC_AUC_Gap,0.337521304990454,0.3424175117926909,0.3343919471514974,0.3226155589418982,0.340554057750166,0.3083297291689404,0.3189852559360924,0.3118244886465451,0.3206149445497622,0.3325458065715706,0.3269800605499617,0.012113382976078587,10
Mushroom,CTGAN,Utility,ROC_AUC_TRTR,0.9029164089857544,0.9029164089857544,0.9029164089857544,0.9029164089857544,0.9029164089857544,0.9029164089857544,0.9029164089857544,0.9029164089857544,0.9029164089857544,0.9029164089857544,0.9029164089857545,0.0,10
Mushroom,CTGAN,Utility,ROC_AUC_TSTR,0.5653951039953005,0.5604988971930636,0.568524461834257,0.5803008500438562,0.5623623512355884,0.594586679816814,0.583931153049662,0.5910919203392093,0.5823014644359922,0.5703706024141838,0.5759363484357927,0.012113382976078573,10
Mushroom,CTGAN,Utility,Recall_Gap,0.3515,0.3377666666666667,0.3242333333333333,0.3146,0.3264333333333335,0.3228000000000001,0.3342666666666668,0.3244333333333334,0.3199333333333333,0.3174,0.3273366666666667,0.011034809680794596,10
Mushroom,CTGAN,Utility,Recall_TRTR,0.8788666666666667,0.8788666666666667,0.8788666666666667,0.8788666666666667,0.8788666666666667,0.8788666666666667,0.8788666666666667,0.8788666666666667,0.8788666666666667,0.8788666666666667,0.8788666666666668,0.0,10
Mushroom,CTGAN,Utility,Recall_TSTR,0.5273666666666667,0.5411,0.5546333333333334,0.5642666666666667,0.5524333333333332,0.5560666666666666,0.5445999999999999,0.5544333333333333,0.5589333333333334,0.5614666666666667,0.55153,0.01103480968079461,10
Mushroom,CopulaGAN,Compute,evaluation_time_seconds,24.57767907902598,31.62700907816179,29.17342837783508,37.67301334999502,55.22901987307705,31.27273485111073,24.67128408099961,67.05115142499562,20.17836340599752,55.87983669000096,37.733352021119934,15.982965125780028,10
Mushroom,CopulaGAN,Compute,generation_time_seconds,0.0,0.0,0.0,0.0,0.0,0.0,0.0,0.0,0.0,0.0,0.0,0.0,10
Mushroom,CopulaGAN,Compute,total_time_seconds,177.6025348720141,215.5083540040068,183.928741376847,230.0259729099926,273.5394753599539,255.083955914015,784.2385100719985,5561.177521958001,1674.718917484002,6045.848595014002,1540.1672578964833,2296.9100559268218,10
Mushroom,CopulaGAN,Compute,training_time_seconds,152.9893005529884,183.8207147039939,154.6938617229462,192.2953363400884,218.2386853529606,223.4143847920932,759.4572221709968,5492.368545049001,1654.396932383002,5989.560164877003,1502.1235147945074,2285.379684674653,10
Mushroom,CopulaGAN,Fidelity,KS_Complement,0.8915833333333333,0.8417500000000001,0.87125,0.8973333333333332,0.8781666666666667,0.8696666666666667,0.8920833333333333,0.7959166666666665,0.8161666666666667,0.8624166666666667,0.8616333333333334,0.0338475658807156,10
Mushroom,CopulaGAN,Fidelity,MMD,0.0456473848471722,0.0832065094272884,0.0695265523538839,0.0280071914855443,0.0736791889881485,0.0503251727994723,0.0431768271151516,0.0973737526041342,0.0930762782802627,0.084219958147793,0.06682388160488512,0.02365109021743521,10
Mushroom,CopulaGAN,Fidelity,Quality_Score,0.8532288292314942,0.8449719869989043,0.8412846686565694,0.866897828132746,0.850599398715123,0.8407259627190271,0.8360946761926735,0.8377342518794311,0.8335881380537162,0.8390381885200319,0.8444163929099717,0.010028389393979048,10
Mushroom,CopulaGAN,Fidelity,Wasserstein_Distance,1.250190000000001,1.879765000000001,1.775135000000001,1.222306666666668,1.881153333333334,1.477500000000001,1.403600000000001,2.911473333333334,2.530571666666667,1.728690000000001,1.8060385000000008,0.5461537057320451,10
Mushroom,CopulaGAN,Privacy,MIA_AUC,0.6588888888888889,0.6124691358024692,0.7192592592592592,0.6239506172839506,0.6127160493827161,0.6596296296296296,0.6444444444444444,0.6923456790123457,0.5692592592592592,0.6422222222222221,0.6435185185185185,0.04272561284350864,10
Mushroom,CopulaGAN,Privacy,Mahalanobis_Distance,5.276270202825641,5.34398337548375,5.241049724880899,5.024522695434231,5.274872074584175,5.495504912735135,5.43001994680761,5.709065696479295,5.653495573953303,5.672618255155105,5.412140245833915,0.2218616116526604,10
Mushroom,CopulaGAN,Privacy,Mean_Distance,5.276270202825641,5.34398337548375,5.241049724880899,5.024522695434231,5.274872074584175,5.495504912735135,5.43001994680761,5.709065696479295,5.653495573953303,5.672618255155105,5.412140245833915,0.2218616116526604,10
Mushroom,CopulaGAN,Privacy,Median_Distance,4.861392561969438,4.950398371964164,4.794157661643023,4.612028404605375,4.911910386078387,4.987075088619926,5.032802670820674,5.273788468190125,5.003410036537225,5.22154488610225,4.96485085365306,0.19300762346327818,10
Mushroom,CopulaGAN,Privacy,NNDR,0.926110307831318,0.9297962647119508,0.9280829759079576,0.9172481172102358,0.9271798108678052,0.9222357479328273,0.9239169156191922,0.9279271025716084,0.9215177087724128,0.9327139188296945,0.9256728870255003,0.0045101140471857015,10
Mushroom,CopulaGAN,Utility,Accuracy_Gap,0.3188000000000002,0.3189666666666666,0.3363000000000002,0.3323333333333334,0.2993666666666668,0.3151666666666666,0.2969666666666667,0.3303333333333333,0.3429333333333332,0.3137666666666667,0.3204933333333334,0.015162362433601854,10
Mushroom,CopulaGAN,Utility,Accuracy_TRTR,0.8788666666666667,0.8788666666666667,0.8788666666666667,0.8788666666666667,0.8788666666666667,0.8788666666666667,0.8788666666666667,0.8788666666666667,0.8788666666666667,0.8788666666666667,0.8788666666666668,0.0,10
Mushroom,CopulaGAN,Utility,Accuracy_TSTR,0.5600666666666665,0.5599000000000001,0.5425666666666665,0.5465333333333333,0.5794999999999999,0.5637000000000001,0.5819,0.5485333333333334,0.5359333333333335,0.5650999999999999,0.5583733333333333,0.015162362433601834,10
Mushroom,CopulaGAN,Utility,F1_Gap,0.3170272903575667,0.3685800086887816,0.3350198106535095,0.341504478302563,0.2984637317128371,0.3727630373673944,0.3195312349507984,0.3339044047326108,0.3772752196007608,0.3275535813243617,0.3391622797691184,0.026169894563541247,10
Mushroom,CopulaGAN,Utility,F1_TRTR,0.8769396803256558,0.8769396803256558,0.8769396803256558,0.8769396803256558,0.8769396803256558,0.8769396803256558,0.8769396803256558,0.8769396803256558,0.8769396803256558,0.8769396803256558,0.8769396803256558,0.0,10
Mushroom,CopulaGAN,Utility,F1_TSTR,0.5599123899680891,0.5083596716368742,0.5419198696721463,0.5354352020230928,0.5784759486128187,0.5041766429582615,0.5574084453748575,0.543035275593045,0.4996644607248951,0.5493860990012941,0.5377774005565373,0.02616989456354121,10
Mushroom,CopulaGAN,Utility,Precision_Gap,0.3181117121182402,0.3260630025633233,0.3348949360933571,0.2978416770558878,0.2834836823179863,0.3017041639708954,0.3035214961195344,0.3321596882353645,0.3551256491542485,0.320444386234185,0.31733503938630225,0.021091711816657387,10
Mushroom,CopulaGAN,Utility,Precision_TRTR,0.8782332648859651,0.8782332648859651,0.8782332648859651,0.8782332648859651,0.8782332648859651,0.8782332648859651,0.8782332648859651,0.8782332648859651,0.8782332648859651,0.8782332648859651,0.8782332648859651,0.0,10
Mushroom,CopulaGAN,Utility,Precision_TSTR,0.5601215527677249,0.5521702623226418,0.543338328792608,0.5803915878300773,0.5947495825679788,0.5765291009150697,0.5747117687664307,0.5460735766506006,0.5231076157317166,0.5577888786517801,0.5608982254996628,0.021091711816657394,10
Mushroom,CopulaGAN,Utility,ROC_AUC_Gap,0.3349237466602533,0.3231982883250674,0.3354815500466858,0.3205534379686256,0.3121992543758598,0.3286384881641935,0.2767756404296972,0.335270352750011,0.3415236790232242,0.3303987351067169,0.3238963172850335,0.018647387538529143,10
Mushroom,CopulaGAN,Utility,ROC_AUC_TRTR,0.9029164089857544,0.9029164089857544,0.9029164089857544,0.9029164089857544,0.9029164089857544,0.9029164089857544,0.9029164089857544,0.9029164089857544,0.9029164089857544,0.9029164089857544,0.9029164089857545,0.0,10
Mushroom,CopulaGAN,Utility,ROC_AUC_TSTR,0.5679926623255012,0.5797181206606871,0.5674348589390686,0.5823629710171289,0.5907171546098946,0.5742779208215609,0.6261407685560573,0.5676460562357434,0.5613927299625302,0.5725176738790375,0.5790200917007209,0.018647387538529164,10
Mushroom,CopulaGAN,Utility,Recall_Gap,0.3188000000000002,0.3189666666666666,0.3363000000000002,0.3323333333333334,0.2993666666666668,0.3151666666666666,0.2969666666666667,0.3303333333333333,0.3429333333333332,0.3137666666666667,0.3204933333333334,0.015162362433601854,10
Mushroom,CopulaGAN,Utility,Recall_TRTR,0.8788666666666667,0.8788666666666667,0.8788666666666667,0.8788666666666667,0.8788666666666667,0.8788666666666667,0.8788666666666667,0.8788666666666667,0.8788666666666667,0.8788666666666667,0.8788666666666668,0.0,10
Mushroom,CopulaGAN,Utility,Recall_TSTR,0.5600666666666665,0.5599000000000001,0.5425666666666665,0.5465333333333333,0.5794999999999999,0.5637000000000001,0.5819,0.5485333333333334,0.5359333333333335,0.5650999999999999,0.5583733333333333,0.015162362433601834,10
Mushroom,ForestDiffusion,Compute,evaluation_time_seconds,33.37762719905004,35.33424928202294,46.78559507080354,33.21717676101252,43.02527427603491,67.84352131700143,66.50939094999922,47.2884449330013,64.02264023599855,47.05060165599571,48.44545216809202,13.381167732943924,10
Mushroom,ForestDiffusion,Compute,generation_time_seconds,0.0,0.0,0.0,0.0,0.0,0.0,0.0,0.0,0.0,0.0,0.0,0.0,10
Mushroom,ForestDiffusion,Compute,total_time_seconds,304.7921669289935,272.089709908003,295.9816913721152,420.9470001989976,408.8656935319304,480.8378577509429,868.3710967139996,2022.017087107,1407.935606915002,714.9768298880008,719.6814740314985,576.0777895651328,10
Mushroom,ForestDiffusion,Compute,training_time_seconds,271.2242293718737,236.6053654470015,249.074341407977,387.4471599110402,365.698393483879,412.8097768859006,801.6389682910012,1974.522431338999,1343.658927871002,667.6900751680005,671.0369669176674,571.1131767857797,10
Mushroom,ForestDiffusion,Fidelity,KS_Complement,0.8705833333333333,0.8621666666666666,0.8690000000000001,0.8609166666666667,0.8636666666666667,0.8734166666666666,0.8686666666666666,0.8594166666666667,0.8551666666666667,0.8764166666666666,0.8659416666666665,0.006727047166494854,10
Mushroom,ForestDiffusion,Fidelity,MMD,0.038075683661825,0.0551910746237243,0.0280635025634583,0.0504806964076087,0.0485439771290645,0.0313433123955926,0.0526142795984057,0.0411775436303831,0.0512049062407342,0.039248290522641,0.04359432667734374,0.00938180450808781,10
Mushroom,ForestDiffusion,Fidelity,Quality_Score,0.665216812913785,0.6698250498213906,0.6720530330211401,0.6705991855525049,0.6701614203993027,0.6831875277077539,0.6694350627518288,0.6919308955273638,0.6659852723500722,0.6934338503297239,0.6751828110374867,0.010431532365166387,10
Mushroom,ForestDiffusion,Fidelity,Wasserstein_Distance,1.83880792110197,1.799144789270355,1.652186490317146,1.818367797474075,1.834148899805662,1.658184589843516,1.864381358650346,1.752375771262151,1.892942634284616,1.768806305522066,1.7879346557531903,0.08133567940591455,10
Mushroom,ForestDiffusion,Privacy,MIA_AUC,0.984567901234568,0.97,0.9904938271604938,1.0,0.9812345679012344,0.992716049382716,0.9987654320987654,1.0,1.0,1.0,0.9917777777777778,0.010323592979167961,10
Mushroom,ForestDiffusion,Privacy,Mahalanobis_Distance,5.603606716121494,5.651294998826148,5.804058842051889,8.21499767766126,5.693467244933092,6.472534552999171,6.285702552018321,8.31891879225421,8.195615985110555,8.003657259647653,6.82438546216238,1.2036449308358685,10
Mushroom,ForestDiffusion,Privacy,Mean_Distance,5.603606716121494,5.651294998826148,5.804058842051889,8.21499767766126,5.693467244933092,6.472534552999171,6.285702552018321,8.31891879225421,8.195615985110555,8.003657259647653,6.82438546216238,1.2036449308358685,10
Mushroom,ForestDiffusion,Privacy,Median_Distance,5.442841413931168,5.474093258469038,5.686389022862459,8.108663539526166,5.578734072700461,6.348052958576755,6.169582389575508,8.185896293517285,8.138816255037664,7.921177455670241,6.7054246659866745,1.2259482583895456,10
Mushroom,ForestDiffusion,Privacy,NNDR,0.9405821306304322,0.9466818596045824,0.9423046764595472,0.9780422295773632,0.9372731974504482,0.9662614564303692,0.963961656901185,0.979783040425158,0.9781201829886222,0.9806380934527762,0.9613648523920485,0.017924203235901076,10
Mushroom,ForestDiffusion,Utility,Accuracy_Gap,0.2545333333333334,0.2425666666666666,0.2508666666666667,0.2980999999999999,0.2420666666666668,0.2931,0.3026666666666666,0.2933333333333333,0.3174333333333333,0.2671,0.2761766666666666,0.027788398191944633,10
Mushroom,ForestDiffusion,Utility,Accuracy_TRTR,0.8788666666666667,0.8788666666666667,0.8788666666666667,0.8788666666666667,0.8788666666666667,0.8788666666666667,0.8788666666666667,0.8788666666666667,0.8788666666666667,0.8788666666666667,0.8788666666666668,0.0,10
Mushroom,ForestDiffusion,Utility,Accuracy_TSTR,0.6243333333333333,0.6363000000000001,0.628,0.5807666666666668,0.6367999999999999,0.5857666666666667,0.5762,0.5855333333333334,0.5614333333333333,0.6117666666666667,0.6026900000000001,0.027788398191944657,10
Mushroom,ForestDiffusion,Utility,F1_Gap,0.2603887945570995,0.2437059092151976,0.2613840883760242,0.3498027125394294,0.2406813193251088,0.3388371845457087,0.3506744659784869,0.3475357765337252,0.369674822566029,0.2963463746724978,0.30590314483093073,0.05064430875425981,10
Mushroom,ForestDiffusion,Utility,F1_TRTR,0.8769396803256558,0.8769396803256558,0.8769396803256558,0.8769396803256558,0.8769396803256558,0.8769396803256558,0.8769396803256558,0.8769396803256558,0.8769396803256558,0.8769396803256558,0.8769396803256558,0.0,10
Mushroom,ForestDiffusion,Utility,F1_TSTR,0.6165508857685563,0.6332337711104582,0.6155555919496316,0.5271369677862264,0.636258361000547,0.5381024957799472,0.5262652143471689,0.5294039037919306,0.5072648577596268,0.580593305653158,0.5710365354947251,0.05064430875425981,10
Mushroom,ForestDiffusion,Utility,Precision_Gap,0.2566184945296816,0.2411424421621848,0.2496216727592175,0.2007851724655028,0.2410656200170422,0.1984667369977667,0.2172932575979182,0.1947653018531582,0.2203169750614125,0.2207530369642318,0.22408287104081165,0.022161271228468154,10
Mushroom,ForestDiffusion,Utility,Precision_TRTR,0.8782332648859651,0.8782332648859651,0.8782332648859651,0.8782332648859651,0.8782332648859651,0.8782332648859651,0.8782332648859651,0.8782332648859651,0.8782332648859651,0.8782332648859651,0.8782332648859651,0.0,10
Mushroom,ForestDiffusion,Utility,Precision_TSTR,0.6216147703562835,0.6370908227237803,0.6286115921267476,0.6774480924204623,0.6371676448689229,0.6797665278881984,0.6609400072880469,0.6834679630328069,0.6579162898245526,0.6574802279217333,0.6541503938451536,0.022161271228468154,10
Mushroom,ForestDiffusion,Utility,ROC_AUC_Gap,0.2418107321910491,0.2306941418518264,0.2417510445339984,0.2288078502068857,0.2254518679003014,0.2323513164294655,0.2465818374366915,0.2316561505907461,0.2452635890471127,0.2206725438124917,0.23450410740005684,0.008822361824671622,10
Mushroom,ForestDiffusion,Utility,ROC_AUC_TRTR,0.9029164089857544,0.9029164089857544,0.9029164089857544,0.9029164089857544,0.9029164089857544,0.9029164089857544,0.9029164089857544,0.9029164089857544,0.9029164089857544,0.9029164089857544,0.9029164089857545,0.0,10
Mushroom,ForestDiffusion,Utility,ROC_AUC_TSTR,0.6611056767947053,0.6722222671339281,0.661165364451756,0.6741085587788688,0.6774645410854531,0.6705650925562889,0.6563345715490629,0.6712602583950084,0.6576528199386418,0.6822438651732627,0.6684123015856975,0.008822361824671632,10
Mushroom,ForestDiffusion,Utility,Recall_Gap,0.2545333333333334,0.2425666666666666,0.2508666666666667,0.2980999999999999,0.2420666666666668,0.2931,0.3026666666666666,0.2933333333333333,0.3174333333333333,0.2671,0.2761766666666666,0.027788398191944633,10
Mushroom,ForestDiffusion,Utility,Recall_TRTR,0.8788666666666667,0.8788666666666667,0.8788666666666667,0.8788666666666667,0.8788666666666667,0.8788666666666667,0.8788666666666667,0.8788666666666667,0.8788666666666667,0.8788666666666667,0.8788666666666668,0.0,10
Mushroom,ForestDiffusion,Utility,Recall_TSTR,0.6243333333333333,0.6363000000000001,0.628,0.5807666666666668,0.6367999999999999,0.5857666666666667,0.5762,0.5855333333333334,0.5614333333333333,0.6117666666666667,0.6026900000000001,0.027788398191944657,10
Mushroom,GaussianCopula,Compute,evaluation_time_seconds,30.31143912416883,33.04516687896103,46.07112632202916,35.58073945809156,40.09887081990018,37.24734243308194,27.47893410899269,43.81345346500166,43.54131923199748,40.97048794999137,37.815887979221586,6.176227788048986,10
Mushroom,GaussianCopula,Compute,generation_time_seconds,0.0,0.0,0.0,0.0,0.0,0.0,0.0,0.0,0.0,0.0,0.0,0.0,10
Mushroom,GaussianCopula,Compute,total_time_seconds,37.35224217106588,41.92898817290552,53.79923422494903,43.19634467898868,57.41278545605019,55.18845003005117,36.15169275800872,56.77130103600211,58.91839664099098,59.50169231800828,50.02211274870206,9.28045446308002,10
Mushroom,GaussianCopula,Compute,training_time_seconds,6.979966073995456,8.818978112190962,7.607543712016195,7.434084252920002,17.17128117592074,17.74453453207389,8.505030546992202,12.83379834301013,15.25538669899106,18.42434191799839,12.077494536610903,4.713130765005804,10
Mushroom,GaussianCopula,Fidelity,KS_Complement,0.9239166666666666,0.9239166666666666,0.9239166666666666,0.9239166666666666,0.9239166666666666,0.9239166666666666,0.9239166666666666,0.9239166666666666,0.9239166666666666,0.9239166666666666,0.9239166666666666,0.0,10
Mushroom,GaussianCopula,Fidelity,MMD,0.0095325872792076,0.0095325872792076,0.0095325872792076,0.0095325872792076,0.0095325872792076,0.0095325872792076,0.0095325872792076,0.0095325872792076,0.0095325872792076,0.0095325872792076,0.0095325872792076,0.0,10
Mushroom,GaussianCopula,Fidelity,Quality_Score,0.8985806959757217,0.8985806959757217,0.8985806959757217,0.8985806959757217,0.8985806959757217,0.8985806959757217,0.8985806959757217,0.8985806959757217,0.8985806959757217,0.8985806959757217,0.8985806959757218,0.0,10
Mushroom,GaussianCopula,Fidelity,Wasserstein_Distance,0.7030033333333329,0.7030033333333329,0.7030033333333329,0.7030033333333329,0.7030033333333329,0.7030033333333329,0.7030033333333329,0.7030033333333329,0.7030033333333329,0.7030033333333329,0.703003333333333,0.0,10
Mushroom,GaussianCopula,Privacy,MIA_AUC,0.4569135802469136,0.4569135802469136,0.4569135802469136,0.4569135802469136,0.4569135802469136,0.4569135802469136,0.4569135802469136,0.4569135802469136,0.4569135802469136,0.4569135802469136,0.4569135802469136,0.0,10
Mushroom,GaussianCopula,Privacy,Mahalanobis_Distance,4.794378129434814,4.794378129434814,4.794378129434814,4.794378129434814,4.794378129434814,4.794378129434814,4.794378129434814,4.794378129434814,4.794378129434814,4.794378129434814,4.794378129434813,0.0,10
Mushroom,GaussianCopula,Privacy,Mean_Distance,4.794378129434814,4.794378129434814,4.794378129434814,4.794378129434814,4.794378129434814,4.794378129434814,4.794378129434814,4.794378129434814,4.794378129434814,4.794378129434814,4.794378129434813,0.0,10
Mushroom,GaussianCopula,Privacy,Median_Distance,4.490672237534019,4.490672237534019,4.490672237534019,4.490672237534019,4.490672237534019,4.490672237534019,4.490672237534019,4.490672237534019,4.490672237534019,4.490672237534019,4.490672237534019,0.0,10
Mushroom,GaussianCopula,Privacy,NNDR,0.923175303851946,0.923175303851946,0.923175303851946,0.923175303851946,0.923175303851946,0.923175303851946,0.923175303851946,0.923175303851946,0.923175303851946,0.923175303851946,0.9231753038519461,0.0,10
Mushroom,GaussianCopula,Utility,Accuracy_Gap,0.3172333333333334,0.3172333333333334,0.3172333333333334,0.3172333333333334,0.3172333333333334,0.3172333333333334,0.3172333333333334,0.3172333333333334,0.3172333333333334,0.3172333333333334,0.31723333333333337,0.0,10
Mushroom,GaussianCopula,Utility,Accuracy_TRTR,0.8788666666666667,0.8788666666666667,0.8788666666666667,0.8788666666666667,0.8788666666666667,0.8788666666666667,0.8788666666666667,0.8788666666666667,0.8788666666666667,0.8788666666666667,0.8788666666666668,0.0,10
Mushroom,GaussianCopula,Utility,Accuracy_TSTR,0.5616333333333333,0.5616333333333333,0.5616333333333333,0.5616333333333333,0.5616333333333333,0.5616333333333333,0.5616333333333333,0.5616333333333333,0.5616333333333333,0.5616333333333333,0.5616333333333332,0.0,10
Mushroom,GaussianCopula,Utility,F1_Gap,0.3211784912479377,0.3211784912479377,0.3211784912479377,0.3211784912479377,0.3211784912479377,0.3211784912479377,0.3211784912479377,0.3211784912479377,0.3211784912479377,0.3211784912479377,0.3211784912479377,0.0,10
Mushroom,GaussianCopula,Utility,F1_TRTR,0.8769396803256558,0.8769396803256558,0.8769396803256558,0.8769396803256558,0.8769396803256558,0.8769396803256558,0.8769396803256558,0.8769396803256558,0.8769396803256558,0.8769396803256558,0.8769396803256558,0.0,10
Mushroom,GaussianCopula,Utility,F1_TSTR,0.5557611890777181,0.5557611890777181,0.5557611890777181,0.5557611890777181,0.5557611890777181,0.5557611890777181,0.5557611890777181,0.5557611890777181,0.5557611890777181,0.5557611890777181,0.5557611890777181,0.0,10
Mushroom,GaussianCopula,Utility,Precision_Gap,0.3200597875159372,0.3200597875159372,0.3200597875159372,0.3200597875159372,0.3200597875159372,0.3200597875159372,0.3200597875159372,0.3200597875159372,0.3200597875159372,0.3200597875159372,0.3200597875159373,0.0,10
Mushroom,GaussianCopula,Utility,Precision_TRTR,0.8782332648859651,0.8782332648859651,0.8782332648859651,0.8782332648859651,0.8782332648859651,0.8782332648859651,0.8782332648859651,0.8782332648859651,0.8782332648859651,0.8782332648859651,0.8782332648859651,0.0,10
Mushroom,GaussianCopula,Utility,Precision_TSTR,0.5581734773700279,0.5581734773700279,0.5581734773700279,0.5581734773700279,0.5581734773700279,0.5581734773700279,0.5581734773700279,0.5581734773700279,0.5581734773700279,0.5581734773700279,0.5581734773700279,0.0,10
Mushroom,GaussianCopula,Utility,ROC_AUC_Gap,0.3381175078853728,0.3381175078853728,0.3381175078853728,0.3381175078853728,0.3381175078853728,0.3381175078853728,0.3381175078853728,0.3381175078853728,0.3381175078853728,0.3381175078853728,0.3381175078853728,0.0,10
Mushroom,GaussianCopula,Utility,ROC_AUC_TRTR,0.9029164089857544,0.9029164089857544,0.9029164089857544,0.9029164089857544,0.9029164089857544,0.9029164089857544,0.9029164089857544,0.9029164089857544,0.9029164089857544,0.9029164089857544,0.9029164089857545,0.0,10
Mushroom,GaussianCopula,Utility,ROC_AUC_TSTR,0.5647989011003817,0.5647989011003817,0.5647989011003817,0.5647989011003817,0.5647989011003817,0.5647989011003817,0.5647989011003817,0.5647989011003817,0.5647989011003817,0.5647989011003817,0.5647989011003817,0.0,10
Mushroom,GaussianCopula,Utility,Recall_Gap,0.3172333333333334,0.3172333333333334,0.3172333333333334,0.3172333333333334,0.3172333333333334,0.3172333333333334,0.3172333333333334,0.3172333333333334,0.3172333333333334,0.3172333333333334,0.31723333333333337,0.0,10
Mushroom,GaussianCopula,Utility,Recall_TRTR,0.8788666666666667,0.8788666666666667,0.8788666666666667,0.8788666666666667,0.8788666666666667,0.8788666666666667,0.8788666666666667,0.8788666666666667,0.8788666666666667,0.8788666666666667,0.8788666666666668,0.0,10
Mushroom,GaussianCopula,Utility,Recall_TSTR,0.5616333333333333,0.5616333333333333,0.5616333333333333,0.5616333333333333,0.5616333333333333,0.5616333333333333,0.5616333333333333,0.5616333333333333,0.5616333333333333,0.5616333333333333,0.5616333333333332,0.0,10
Mushroom,TVAE,Compute,evaluation_time_seconds,33.23495788685977,25.60294720297679,33.35775552294217,55.86736374814063,36.26066553615965,41.71604518406093,22.27775071500218,62.11430702799407,68.36925777699798,13.99169702700601,39.27927476281402,17.77961959995984,10
Mushroom,TVAE,Compute,generation_time_seconds,0.0,0.0,0.0,0.0,0.0,0.0,0.0,0.0,0.0,0.0,0.0,0.0,10
Mushroom,TVAE,Compute,total_time_seconds,84.75806187395938,84.62558651599102,100.1068075560033,138.0956211520825,128.8667990169488,119.2881001620553,1064.010077763,3064.251611235006,3047.876388790995,1919.332140920997,975.1211194987038,1249.9245865833889,10
Mushroom,TVAE,Compute,training_time_seconds,51.37642568303272,58.84774097194895,66.69152782694437,82.1599145741202,92.39766433998012,77.35728125390597,1041.637625007002,3001.717043985998,2979.122240380995,1905.167862210001,935.6475326233929,1241.7553476069004,10
Mushroom,TVAE,Fidelity,KS_Complement,0.90225,0.8930833333333332,0.8929999999999999,0.9013333333333334,0.8995833333333333,0.9101666666666668,0.901,0.8897499999999999,0.8963333333333333,0.8955833333333333,0.8982083333333332,0.005907889943139404,10
Mushroom,TVAE,Fidelity,MMD,0.011314336536827,0.0063876139757781,0.011051383498611,0.0129965993031941,0.0154246873733785,0.0088503606705685,0.0125694172991508,0.0160730006977951,0.007545239442244,0.0065470621796159,0.010875970097716299,0.0034859936770958847,10
Mushroom,TVAE,Fidelity,Quality_Score,0.8965476408398878,0.9000079381577413,0.9098630793546056,0.9029792106288428,0.8993531181272705,0.8872075910881523,0.900184478653685,0.9092059222686883,0.900974683800576,0.9047945773640308,0.9011118240283482,0.006485013065502664,10
Mushroom,TVAE,Fidelity,Wasserstein_Distance,0.883096666666666,0.8196349999999993,0.8331899999999992,0.8211666666666658,1.004779999999999,0.7790816666666659,0.9036533333333332,0.9904133333333326,0.704941666666666,0.7637749999999993,0.8503733333333325,0.09614079921053027,10
Mushroom,TVAE,Privacy,MIA_AUC,0.7865432098765431,0.9837037037037036,0.7509876543209876,0.9976543209876544,0.9955555555555556,0.6046913580246913,0.9903703703703703,0.9946913580246914,1.0,0.9996296296296296,0.9103827160493827,0.14296043327280886,10
Mushroom,TVAE,Privacy,Mahalanobis_Distance,4.102246631021005,5.186155347970352,4.163574627445411,5.11028346247535,5.00916808284734,4.114313794278846,5.097292043446789,5.036104171102527,7.236683961858536,7.179905345101498,5.2235727467547655,1.1354183203950863,10
Mushroom,TVAE,Privacy,Mean_Distance,4.102246631021005,5.186155347970352,4.163574627445411,5.11028346247535,5.00916808284734,4.114313794278846,5.097292043446789,5.036104171102527,7.236683961858536,7.179905345101498,5.2235727467547655,1.1354183203950863,10
Mushroom,TVAE,Privacy,Median_Distance,3.891873907076684,4.993530203218882,3.888132135240347,4.921335147643473,4.775562546007873,3.774261087261719,4.795589777218636,4.795012984293274,7.087365993314078,7.003237968958585,4.992590175023355,1.1774051019919494,10
Mushroom,TVAE,Privacy,NNDR,0.8783653920334,0.9561312049341428,0.8806923839222962,0.955184127268342,0.9468129188564648,0.8670839987201368,0.9464840697438608,0.950798746540828,0.968958547311774,0.9663250261646742,0.9316836415495919,0.03967758000720542,10
Mushroom,TVAE,Utility,Accuracy_Gap,0.2093666666666667,0.2232666666666667,0.2212333333333335,0.2385,0.2516666666666668,0.2165666666666666,0.2110666666666667,0.2840333333333332,0.2712,0.2415,0.23684,0.025625468619623462,10
Mushroom,TVAE,Utility,Accuracy_TRTR,0.8788666666666667,0.8788666666666667,0.8788666666666667,0.8788666666666667,0.8788666666666667,0.8788666666666667,0.8788666666666667,0.8788666666666667,0.8788666666666667,0.8788666666666667,0.8788666666666668,0.0,10
Mushroom,TVAE,Utility,Accuracy_TSTR,0.6695,0.6556,0.6576333333333332,0.6403666666666666,0.6271999999999999,0.6623000000000001,0.6678,0.5948333333333334,0.6076666666666667,0.6373666666666666,0.6420266666666666,0.025625468619623473,10
Mushroom,TVAE,Utility,F1_Gap,0.2141015569430107,0.2339518765301938,0.2278213336959138,0.2610205370642543,0.3030024240708937,0.2299852689036916,0.2135226742924674,0.3230179597943398,0.3100158144997529,0.2666499659871271,0.25830894117816455,0.04112364072863354,10
Mushroom,TVAE,Utility,F1_TRTR,0.8769396803256558,0.8769396803256558,0.8769396803256558,0.8769396803256558,0.8769396803256558,0.8769396803256558,0.8769396803256558,0.8769396803256558,0.8769396803256558,0.8769396803256558,0.8769396803256558,0.0,10
Mushroom,TVAE,Utility,F1_TSTR,0.6628381233826451,0.642987803795462,0.649118346629742,0.6159191432614015,0.5739372562547621,0.6469544114219642,0.6634170060331884,0.553921720531316,0.5669238658259029,0.6102897143385287,0.6186307391474913,0.04112364072863354,10
Mushroom,TVAE,Utility,Precision_Gap,0.2068811945469254,0.193400359923105,0.2105515970680849,0.1843610237177091,0.1528330144697306,0.2055674864804249,0.204766100238416,0.2112187003204599,0.2044140011265519,0.1915325321317873,0.1965526010023195,0.01771205510699821,10
Mushroom,TVAE,Utility,Precision_TRTR,0.8782332648859651,0.8782332648859651,0.8782332648859651,0.8782332648859651,0.8782332648859651,0.8782332648859651,0.8782332648859651,0.8782332648859651,0.8782332648859651,0.8782332648859651,0.8782332648859651,0.0,10
Mushroom,TVAE,Utility,Precision_TSTR,0.6713520703390397,0.6848329049628601,0.6676816678178802,0.693872241168256,0.7254002504162345,0.6726657784055402,0.6734671646475491,0.6670145645655052,0.6738192637594131,0.6867007327541778,0.6816806638836457,0.017712055106998203,10
Mushroom,TVAE,Utility,ROC_AUC_Gap,0.1921027031906624,0.1829164628798015,0.1950257815647328,0.1951572830394086,0.1830774713452089,0.1910036014696906,0.1912732064397995,0.2140876344151216,0.2119222389742884,0.1833235650373147,0.1939889948356029,0.011071767199300753,10
Mushroom,TVAE,Utility,ROC_AUC_TRTR,0.9029164089857544,0.9029164089857544,0.9029164089857544,0.9029164089857544,0.9029164089857544,0.9029164089857544,0.9029164089857544,0.9029164089857544,0.9029164089857544,0.9029164089857544,0.9029164089857545,0.0,10
Mushroom,TVAE,Utility,ROC_AUC_TSTR,0.7108137057950921,0.719999946105953,0.7078906274210216,0.7077591259463458,0.7198389376405455,0.7119128075160638,0.7116432025459549,0.6888287745706329,0.690994170011466,0.7195928439484397,0.7089274141501515,0.01107176719930075,10
Mushroom,TVAE,Utility,Recall_Gap,0.2093666666666667,0.2232666666666667,0.2212333333333335,0.2385,0.2516666666666668,0.2165666666666666,0.2110666666666667,0.2840333333333332,0.2712,0.2415,0.23684,0.025625468619623462,10
Mushroom,TVAE,Utility,Recall_TRTR,0.8788666666666667,0.8788666666666667,0.8788666666666667,0.8788666666666667,0.8788666666666667,0.8788666666666667,0.8788666666666667,0.8788666666666667,0.8788666666666667,0.8788666666666667,0.8788666666666668,0.0,10
Mushroom,TVAE,Utility,Recall_TSTR,0.6695,0.6556,0.6576333333333332,0.6403666666666666,0.6271999999999999,0.6623000000000001,0.6678,0.5948333333333334,0.6076666666666667,0.6373666666666666,0.6420266666666666,0.025625468619623473,10
Mushroom,TabDDPM,Compute,evaluation_time_seconds,17.09647100395523,16.7429300409276,16.75391448801383,31.62975928210653,26.31069512595423,24.02280272194184,62.61508406599751,90.76486911399844,69.69425296000554,61.01126047399885,41.66420392768996,26.879592026417104,10
Mushroom,TabDDPM,Compute,generation_time_seconds,0.0,0.0,0.0,0.0,0.0,0.0,0.0,0.0,0.0,0.0,0.0,0.0,10
Mushroom,TabDDPM,Compute,total_time_seconds,24.6592091799248,23.32029755390249,23.72835446195677,44.45310113485903,36.35013381298631,48.25707637611777,133.4245613590028,153.9771499069975,213.8522690739992,114.0458606609973,81.6068013520744,67.49051855229025,10
Mushroom,TabDDPM,Compute,training_time_seconds,7.545160726876929,6.559712643036619,6.942917392123491,12.74930925108492,9.984077433822677,24.19091343088076,70.59347664799861,62.9971339870026,143.8544594600025,52.7409220759946,39.81580830488237,44.184452591813994,10
Mushroom,TabDDPM,Fidelity,KS_Complement,0.4883333333333333,0.5034166666666666,0.4705833333333334,0.489,0.4986666666666666,0.4885833333333333,0.4975000000000001,0.4955,0.4879166666666666,0.4845833333333333,0.49040833333333333,0.009167714586566294,10
Mushroom,TabDDPM,Fidelity,MMD,0.5138661322774387,0.526805949572972,0.5370615396009326,0.5070766298192578,0.5009040080835324,0.5053898247448247,0.5462940340894806,0.5117596450555566,0.4963023895848661,0.4849783886120086,0.5130438541440869,0.018807974288972677,10
Mushroom,TabDDPM,Fidelity,Quality_Score,0.292056207574783,0.2934688911033321,0.2858882754863982,0.2905053079637046,0.3057288389187808,0.3022934942577609,0.2962608485006063,0.2988513653540575,0.2941933899939999,0.2965244671807418,0.2955771086334165,0.005760071967273028,10
Mushroom,TabDDPM,Fidelity,Wasserstein_Distance,25.03140333333333,24.71393659315239,25.12952346050436,24.68996450034394,24.88220599786186,25.52733522197844,24.73175213047628,24.78341019539973,24.40028325354202,24.28930555324147,24.817912023983382,0.35586032976850684,10
Mushroom,TabDDPM,Privacy,MIA_AUC,1.0,1.0,1.0,1.0,1.0,1.0,1.0,1.0,1.0,1.0,1.0,0.0,10
Mushroom,TabDDPM,Privacy,Mahalanobis_Distance,17.92497489024212,17.86641478261095,17.97477548925577,17.33588590224419,17.79315515877472,17.88057105746459,17.56165546371787,17.23464067932188,17.64922650852604,17.71086277330124,17.69321627054594,0.2506893346753464,10
Mushroom,TabDDPM,Privacy,Mean_Distance,17.92497489024212,17.86641478261095,17.97477548925577,17.33588590224419,17.79315515877472,17.88057105746459,17.56165546371787,17.23464067932188,17.64922650852604,17.71086277330124,17.69321627054594,0.2506893346753464,10
Mushroom,TabDDPM,Privacy,Median_Distance,17.92293198030332,17.91405349008976,17.97645280931021,17.56523510567567,17.87301459286338,18.07701549378123,17.69353276080085,17.24062571392255,17.85753778698678,18.01450055145997,17.81349002851937,0.251258051110401,10
Mushroom,TabDDPM,Privacy,NNDR,0.9783484650276618,0.979132430038286,0.9798512447597364,0.9779464101164052,0.981097965166515,0.9796870138914656,0.9779816055114302,0.980730039065072,0.9804181049569212,0.981037322447444,0.9796230600980937,0.0012229281260043088,10
Mushroom,TabDDPM,Utility,Accuracy_Gap,0.3734666666666667,0.3441333333333334,0.3622333333333334,0.4137,0.3950666666666667,0.4048333333333334,0.3966666666666666,0.3715333333333334,0.3408333333333334,0.3505666666666666,0.3753033333333334,0.026147806130383068,10
Mushroom,TabDDPM,Utility,Accuracy_TRTR,0.8788666666666667,0.8788666666666667,0.8788666666666667,0.8788666666666667,0.8788666666666667,0.8788666666666667,0.8788666666666667,0.8788666666666667,0.8788666666666667,0.8788666666666667,0.8788666666666668,0.0,10
Mushroom,TabDDPM,Utility,Accuracy_TSTR,0.5054,0.5347333333333333,0.5166333333333333,0.4651666666666667,0.4838,0.4740333333333333,0.4822000000000001,0.5073333333333333,0.5380333333333333,0.5283000000000001,0.5035633333333333,0.02614780613038306,10
Mushroom,TabDDPM,Utility,F1_Gap,0.4086346807583014,0.4095393804935297,0.3797045136878848,0.4467637724057257,0.4351673520483624,0.447210152342896,0.4639046982836342,0.396172316568713,0.3964882431242988,0.4455409320176319,0.4229126041730978,0.028214952791464784,10
Mushroom,TabDDPM,Utility,F1_TRTR,0.8769396803256558,0.8769396803256558,0.8769396803256558,0.8769396803256558,0.8769396803256558,0.8769396803256558,0.8769396803256558,0.8769396803256558,0.8769396803256558,0.8769396803256558,0.8769396803256558,0.0,10
Mushroom,TabDDPM,Utility,F1_TSTR,0.4683049995673544,0.4674002998321262,0.4972351666377711,0.4301759079199302,0.4417723282772934,0.4297295279827599,0.4130349820420216,0.4807673637569428,0.4804514372013571,0.4313987483080239,0.4540270761525581,0.02821495279146481,10
Mushroom,TabDDPM,Utility,Precision_Gap,0.3762436979285777,0.3731441101743794,0.3750803850910639,0.3765405474822672,0.3718050422150908,0.4031586854955444,0.4602059823893316,0.3607005652661093,0.4158175861158142,0.4604988268188155,0.3973195428976994,0.03692263416735635,10
Mushroom,TabDDPM,Utility,Precision_TRTR,0.8782332648859651,0.8782332648859651,0.8782332648859651,0.8782332648859651,0.8782332648859651,0.8782332648859651,0.8782332648859651,0.8782332648859651,0.8782332648859651,0.8782332648859651,0.8782332648859651,0.0,10
Mushroom,TabDDPM,Utility,Precision_TSTR,0.5019895669573874,0.5050891547115857,0.5031528797949012,0.5016927174036979,0.5064282226708743,0.4750745793904207,0.4180272824966335,0.5175326996198558,0.4624156787701509,0.4177344380671496,0.48091372198826576,0.03692263416735634,10
Mushroom,TabDDPM,Utility,ROC_AUC_Gap,0.4154213773432121,0.3849989288558159,0.4034733365939231,0.4205535727037429,0.3732174880793103,0.4208049210654314,0.3846577121707579,0.3826453758234,0.3961657753938643,0.4355189390417907,0.4017457427071248,0.020628731385226168,10
Mushroom,TabDDPM,Utility,ROC_AUC_TRTR,0.9029164089857544,0.9029164089857544,0.9029164089857544,0.9029164089857544,0.9029164089857544,0.9029164089857544,0.9029164089857544,0.9029164089857544,0.9029164089857544,0.9029164089857544,0.9029164089857545,0.0,10
Mushroom,TabDDPM,Utility,ROC_AUC_TSTR,0.4874950316425423,0.5179174801299385,0.4994430723918313,0.4823628362820115,0.5296989209064441,0.482111487920323,0.5182586968149965,0.5202710331623545,0.5067506335918901,0.4673974699439637,0.5011706662786296,0.020628731385226185,10
Mushroom,TabDDPM,Utility,Recall_Gap,0.3734666666666667,0.3441333333333334,0.3622333333333334,0.4137,0.3950666666666667,0.4048333333333334,0.3966666666666666,0.3715333333333334,0.3408333333333334,0.3505666666666666,0.3753033333333334,0.026147806130383068,10
Mushroom,TabDDPM,Utility,Recall_TRTR,0.8788666666666667,0.8788666666666667,0.8788666666666667,0.8788666666666667,0.8788666666666667,0.8788666666666667,0.8788666666666667,0.8788666666666667,0.8788666666666667,0.8788666666666667,0.8788666666666668,0.0,10
Mushroom,TabDDPM,Utility,Recall_TSTR,0.5054,0.5347333333333333,0.5166333333333333,0.4651666666666667,0.4838,0.4740333333333333,0.4822000000000001,0.5073333333333333,0.5380333333333333,0.5283000000000001,0.5035633333333333,0.02614780613038306,10
Mushroom,WGAN-GP,Compute,evaluation_time_seconds,26.53246000898071,34.95811067987233,37.06577740213834,34.80787408817559,38.27132407296449,33.80581519892439,67.00258637299703,23.96225661299832,24.60971229399729,15.3279645359944,33.63438812670429,13.785775233307563,10
Mushroom,WGAN-GP,Compute,generation_time_seconds,0.0,0.0,0.0,0.0,0.0,0.0,0.0,0.0,0.0,0.0,0.0,0.0,10
Mushroom,WGAN-GP,Compute,total_time_seconds,219.1825533160008,295.1519247828983,234.7597590880468,264.6746625639498,262.0121689140797,294.1648903600872,662.2158805450017,192.6480440209998,262.4837828109958,194.155762978,288.144942938006,136.4087353390509,10
Mushroom,WGAN-GP,Compute,training_time_seconds,192.588135309983,260.1308013428934,197.4659867119044,229.7956702529918,223.6882275058888,260.3049594841432,594.9139710130039,168.6355509540008,237.754758107003,178.7329049220061,254.40109656038186,123.82171935063171,10
Mushroom,WGAN-GP,Fidelity,KS_Complement,0.9065833333333334,0.9545,0.9425,0.936,0.94375,0.9441666666666668,0.9486666666666668,0.9254166666666668,0.92575,0.9294166666666668,0.9356750000000001,0.01412796729457366,10
Mushroom,WGAN-GP,Fidelity,MMD,0.0417211177325337,0.0057255176157464,0.0070734655428329,0.0123852292600751,0.0086529145796973,0.0140261075188873,0.008269221489523,0.0146835242842859,0.0193025798573781,0.0093746487846606,0.014121432666562031,0.010534475629828725,10
Mushroom,WGAN-GP,Fidelity,Quality_Score,0.7258814324358248,0.7298736133367392,0.7330009018748791,0.7263954402673733,0.7350310818801633,0.7337007243954181,0.733948266114087,0.7358900771185872,0.726061346012888,0.7406768331874425,0.7320459716623403,0.004897999100721627,10
Mushroom,WGAN-GP,Fidelity,Wasserstein_Distance,0.8703875617038328,0.5460114404738441,0.5294139907165364,0.5857493859452003,0.562649662854621,0.5654053915266003,0.5442604807527852,0.6157934406743876,0.612945055354833,0.5832884756496667,0.6015904885652308,0.09864604353804839,10
Mushroom,WGAN-GP,Privacy,MIA_AUC,1.0,1.0,1.0,1.0,1.0,1.0,1.0,1.0,1.0,1.0,1.0,0.0,10
Mushroom,WGAN-GP,Privacy,Mahalanobis_Distance,12.36532606028815,12.34684722417936,9.604378204340644,12.36625426816591,9.5930065207829,12.44647791601607,12.32404368055554,12.45863996012821,12.35474638742491,12.33525208341249,11.819497230529418,1.1713076084924399,10
Mushroom,WGAN-GP,Privacy,Mean_Distance,12.36532606028815,12.34684722417936,9.604378204340644,12.36625426816591,9.5930065207829,12.44647791601607,12.32404368055554,12.45863996012821,12.35474638742491,12.33525208341249,11.819497230529418,1.1713076084924399,10
Mushroom,WGAN-GP,Privacy,Median_Distance,12.30694676374747,12.28397916659254,9.544505984443628,12.32074728930819,9.501701166944244,12.39571965391994,12.28492635894511,12.39173039282561,12.27468764836179,12.27738621174984,11.758233063683836,1.1788789826201207,10
Mushroom,WGAN-GP,Privacy,NNDR,0.968439982586206,0.9692791451993078,0.9746778926595904,0.9696493765728352,0.97687848284823,0.9693585399172444,0.96817557969573,0.9696279073054012,0.9687096638321804,0.9673513715024008,0.9702147942119126,0.0030617659584350173,10
Mushroom,WGAN-GP,Utility,Accuracy_Gap,0.2280333333333334,0.2370666666666668,0.3171333333333335,0.2576333333333334,0.2615000000000001,0.2518333333333334,0.2342333333333333,0.2414333333333333,0.2566666666666667,0.2413333333333333,0.2526866666666668,0.02521004698797296,10
Mushroom,WGAN-GP,Utility,Accuracy_TRTR,0.8788666666666667,0.8788666666666667,0.8788666666666667,0.8788666666666667,0.8788666666666667,0.8788666666666667,0.8788666666666667,0.8788666666666667,0.8788666666666667,0.8788666666666667,0.8788666666666668,0.0,10
Mushroom,WGAN-GP,Utility,Accuracy_TSTR,0.6508333333333333,0.6417999999999999,0.5617333333333332,0.6212333333333333,0.6173666666666666,0.6270333333333333,0.6446333333333334,0.6374333333333334,0.6222,0.6375333333333334,0.6261800000000001,0.02521004698797296,10
Mushroom,WGAN-GP,Utility,F1_Gap,0.2265039110794714,0.2493355728361233,0.3842872692256508,0.2669417436890102,0.3130206007036738,0.2568406211601598,0.2433447784374906,0.2479116660930691,0.2705665109687948,0.2598209513046337,0.27185736254980775,0.04556025780144337,10
Mushroom,WGAN-GP,Utility,F1_TRTR,0.8769396803256558,0.8769396803256558,0.8769396803256558,0.8769396803256558,0.8769396803256558,0.8769396803256558,0.8769396803256558,0.8769396803256558,0.8769396803256558,0.8769396803256558,0.8769396803256558,0.0,10
Mushroom,WGAN-GP,Utility,F1_TSTR,0.6504357692461844,0.6276041074895325,0.492652411100005,0.6099979366366456,0.5639190796219821,0.620099059165496,0.6335949018881653,0.6290280142325867,0.606373169356861,0.6171187290210222,0.605082317775848,0.045560257801443356,10
Mushroom,WGAN-GP,Utility,Precision_Gap,0.2273614262702085,0.2313367484578508,0.2105817257020921,0.2550524274592193,0.3436715150057537,0.25240579326127,0.2303347270881181,0.2407144667641102,0.2546335690442558,0.2344762766922741,0.2480568675745153,0.03638976094171464,10
Mushroom,WGAN-GP,Utility,Precision_TRTR,0.8782332648859651,0.8782332648859651,0.8782332648859651,0.8782332648859651,0.8782332648859651,0.8782332648859651,0.8782332648859651,0.8782332648859651,0.8782332648859651,0.8782332648859651,0.8782332648859651,0.0,10
Mushroom,WGAN-GP,Utility,Precision_TSTR,0.6508718386157566,0.6468965164281143,0.667651539183873,0.6231808374267458,0.5345617498802114,0.6258274716246951,0.647898537797847,0.6375187981218549,0.6235996958417093,0.643756988193691,0.6301763973114498,0.03638976094171462,10
Mushroom,WGAN-GP,Utility,ROC_AUC_Gap,0.2130637148897127,0.2223409687724417,0.2336688237758977,0.234241650127931,0.2289419790163528,0.2450653936892765,0.2209127765269867,0.2227596581500598,0.2322716879750255,0.2258432060490679,0.22791098589727526,0.008937037511563151,10
Mushroom,WGAN-GP,Utility,ROC_AUC_TRTR,0.9029164089857544,0.9029164089857544,0.9029164089857544,0.9029164089857544,0.9029164089857544,0.9029164089857544,0.9029164089857544,0.9029164089857544,0.9029164089857544,0.9029164089857544,0.9029164089857545,0.0,10
Mushroom,WGAN-GP,Utility,ROC_AUC_TSTR,0.6898526940960418,0.6805754402133127,0.6692475852098567,0.6686747588578235,0.6739744299694016,0.6578510152964779,0.6820036324587677,0.6801567508356946,0.6706447210107289,0.6770732029366865,0.6750054230884792,0.008937037511563157,10
Mushroom,WGAN-GP,Utility,Recall_Gap,0.2280333333333334,0.2370666666666668,0.3171333333333335,0.2576333333333334,0.2615000000000001,0.2518333333333334,0.2342333333333333,0.2414333333333333,0.2566666666666667,0.2413333333333333,0.2526866666666668,0.02521004698797296,10
Mushroom,WGAN-GP,Utility,Recall_TRTR,0.8788666666666667,0.8788666666666667,0.8788666666666667,0.8788666666666667,0.8788666666666667,0.8788666666666667,0.8788666666666667,0.8788666666666667,0.8788666666666667,0.8788666666666667,0.8788666666666668,0.0,10
Mushroom,WGAN-GP,Utility,Recall_TSTR,0.6508333333333333,0.6417999999999999,0.5617333333333332,0.6212333333333333,0.6173666666666666,0.6270333333333333,0.6446333333333334,0.6374333333333334,0.6222,0.6375333333333334,0.6261800000000001,0.02521004698797296,10
Wine Quality,CTABGAN,Compute,evaluation_time_seconds,47.01306107686833,50.16111569711939,45.86470102099702,105.8681187238544,108.5255338000134,81.80496209301054,57.57751830999769,60.54700730700279,1657.910667969998,1942.464562975998,415.773724897486,733.0793050213157,10
Wine Quality,CTABGAN,Compute,generation_time_seconds,0.0,0.0,0.0,0.0,0.0,0.0,0.0,0.0,0.0,0.0,0.0,0.0,10
Wine Quality,CTABGAN,Compute,total_time_seconds,489.870176283177,475.555024873931,495.5580037981272,1045.260361088905,1088.175799392164,966.471476372797,33482.243405639,33531.626376964,35906.649778461,13018.555403635,12049.996580650808,15832.804075878104,10
Wine Quality,CTABGAN,Compute,training_time_seconds,442.836714472156,425.3774076309055,449.6783904249314,938.9993438690436,979.6100676900242,884.470875820145,33424.494175013,33470.89551313101,34248.383395837,11075.751889741,11634.049777362921,15573.529770337433,10
Wine Quality,CTABGAN,Fidelity,KS_Complement,0.918862046962736,0.9145331376552664,0.9215303301003912,0.912281563722988,0.9142247745448356,0.9385801429300664,0.9335207163518802,0.9118739152628892,0.9094316402926664,0.9214834099030116,0.9196321677726731,0.009620888041371609,10
Wine Quality,CTABGAN,Fidelity,MMD,0.0146596007242257,0.0216315584875594,0.015294324068133,0.0234901861621298,0.0151176355819235,0.0076463001564702,0.0139483378652169,0.0185010064381261,0.0183677533073475,0.0112457446239105,0.01599024474150426,0.004706348614103338,10
Wine Quality,CTABGAN,Fidelity,Quality_Score,0.8936094153171972,0.888700550107575,0.896917294149822,0.8932839978495137,0.8924090038622596,0.903209680891645,0.9009738889610446,0.885180979040457,0.8922855342818914,0.9039798086226828,0.8950550153084089,0.006168244288190007,10
Wine Quality,CTABGAN,Fidelity,Wasserstein_Distance,1.162098752097698,0.9441746046058525,0.7644061862643232,0.8424723630287433,1.805860995779703,0.5346062133014403,0.5622581555898319,0.8403124885168264,1.042196833894209,0.8893302675240679,0.9387716860602696,0.36045843107057807,10
Wine Quality,CTABGAN,Privacy,MIA_AUC,0.9858024691358024,0.9953086419753088,0.9944444444444444,0.9965432098765432,0.9964197530864196,0.995925925925926,0.9981481481481482,0.987283950617284,0.985925925925926,0.9888888888888888,0.9924691358024692,0.004891410027359228,10
Wine Quality,CTABGAN,Privacy,Mahalanobis_Distance,6.343289966883203,6.233042708083302,6.589998825245127,6.271514547566844,6.438479402307033,6.343603820583301,6.300670578400207,6.323288190596488,6.291358589488579,5.929795432970572,6.306504206212465,0.1665305163183798,10
Wine Quality,CTABGAN,Privacy,Mean_Distance,6.343289966883203,6.233042708083302,6.589998825245127,6.271514547566844,6.438479402307033,6.343603820583301,6.300670578400207,6.323288190596488,6.291358589488579,5.929795432970572,6.306504206212465,0.1665305163183798,10
Wine Quality,CTABGAN,Privacy,Median_Distance,6.054159362121391,6.004124978851527,6.152343903050181,6.010458658958815,6.038833021697956,6.02316100551839,6.06085682818184,6.110003604190355,6.02889513322458,5.733211739154109,6.021604823494915,0.11128557028779491,10
Wine Quality,CTABGAN,Privacy,NNDR,0.9386082604912168,0.9322401706821491,0.9423198265223518,0.9384308147297749,0.9355226619588808,0.9314170370562466,0.9390708155953986,0.941607336230164,0.9391254906024544,0.9321208433164035,0.937046325718504,0.003982747638541719,10
Wine Quality,CTABGAN,Utility,Accuracy_Gap,0.1255442176870749,0.1247959183673471,0.1278571428571429,0.1233673469387755,0.1262585034013606,0.1406122448979593,0.1330272108843538,0.1422448979591838,0.1363605442176871,0.149421768707483,0.1329489795918368,0.008894050892511376,10
Wine Quality,CTABGAN,Utility,Accuracy_TRTR,0.5999659863945579,0.5999659863945579,0.5999659863945579,0.5999659863945579,0.5999659863945579,0.5999659863945579,0.5999659863945579,0.5999659863945579,0.5999659863945579,0.5999659863945579,0.5999659863945579,0.0,10
Wine Quality,CTABGAN,Utility,Accuracy_TSTR,0.474421768707483,0.4751700680272108,0.4721088435374149,0.4765986394557823,0.4737074829931973,0.4593537414965986,0.4669387755102041,0.4577210884353741,0.4636054421768708,0.4505442176870749,0.4670170068027211,0.008894050892511354,10
Wine Quality,CTABGAN,Utility,F1_Gap,0.1288871001798768,0.1472454506155318,0.1422781219370204,0.1245121730892741,0.1263889393791134,0.1478462653472128,0.1557352776965774,0.1428976696542786,0.1369843736851603,0.148530377918621,0.14013057495026668,0.010570224821942463,10
Wine Quality,CTABGAN,Utility,F1_TRTR,0.5855430172344179,0.5855430172344179,0.5855430172344179,0.5855430172344179,0.5855430172344179,0.5855430172344179,0.5855430172344179,0.5855430172344179,0.5855430172344179,0.5855430172344179,0.5855430172344179,0.0,10
Wine Quality,CTABGAN,Utility,F1_TSTR,0.4566559170545411,0.4382975666188861,0.4432648952973975,0.4610308441451438,0.4591540778553045,0.4376967518872051,0.4298077395378405,0.4426453475801393,0.4485586435492577,0.4370126393157969,0.4454124422841512,0.010570224821942465,10
Wine Quality,CTABGAN,Utility,Precision_Gap,0.149581062031193,0.1377447559735943,0.1461721338860811,0.145145439353476,0.1354472606896671,0.1653108038738715,0.1605449536278675,0.1516580748104782,0.1574364095265646,0.1543761898000832,0.15034170835728766,0.009556949808697944,10
Wine Quality,CTABGAN,Utility,Precision_TRTR,0.596991784855523,0.596991784855523,0.596991784855523,0.596991784855523,0.596991784855523,0.596991784855523,0.596991784855523,0.596991784855523,0.596991784855523,0.596991784855523,0.596991784855523,0.0,10
Wine Quality,CTABGAN,Utility,Precision_TSTR,0.44741072282433,0.4592470288819286,0.4508196509694419,0.451846345502047,0.4615445241658558,0.4316809809816514,0.4364468312276555,0.4453337100450447,0.4395553753289583,0.4426155950554397,0.4466500764982353,0.009556949808697937,10
Wine Quality,CTABGAN,Utility,ROC_AUC_Gap,0.117527401277762,0.1201107613766671,,0.1056674115938436,0.1155857333321905,0.1211275212429866,0.1259095839028048,0.1210161284409126,0.1230737097986973,0.1198647653744443,0.11887589070447875,0.00577013042726035,9
Wine Quality,CTABGAN,Utility,ROC_AUC_TRTR,0.7485352439106271,0.7485352439106271,0.7485352439106271,0.7485352439106271,0.7485352439106271,0.7485352439106271,0.7485352439106271,0.7485352439106271,0.7485352439106271,0.7485352439106271,0.7485352439106271,0.0,10
Wine Quality,CTABGAN,Utility,ROC_AUC_TSTR,0.6310078426328651,0.62842448253396,,0.6428678323167835,0.6329495105784366,0.6274077226676404,0.6226256600078223,0.6275191154697145,0.6254615341119298,0.6286704785361827,0.6296593532061484,0.005770130427260347,9
Wine Quality,CTABGAN,Utility,Recall_Gap,0.1255442176870749,0.1247959183673471,0.1278571428571429,0.1233673469387755,0.1262585034013606,0.1406122448979593,0.1330272108843538,0.1422448979591838,0.1363605442176871,0.149421768707483,0.1329489795918368,0.008894050892511376,10
Wine Quality,CTABGAN,Utility,Recall_TRTR,0.5999659863945579,0.5999659863945579,0.5999659863945579,0.5999659863945579,0.5999659863945579,0.5999659863945579,0.5999659863945579,0.5999659863945579,0.5999659863945579,0.5999659863945579,0.5999659863945579,0.0,10
Wine Quality,CTABGAN,Utility,Recall_TSTR,0.474421768707483,0.4751700680272108,0.4721088435374149,0.4765986394557823,0.4737074829931973,0.4593537414965986,0.4669387755102041,0.4577210884353741,0.4636054421768708,0.4505442176870749,0.4670170068027211,0.008894050892511354,10
Wine Quality,CTGAN,Compute,evaluation_time_seconds,11.11151184421033,11.45513955503702,19.58136920304969,84.60242412704974,96.30557250697166,75.89084609202109,444.2139735519995,124.4659140149997,2311.006641229,137.0883893809987,331.5721781505337,706.7760541945502,10
Wine Quality,CTGAN,Compute,generation_time_seconds,0.0,0.0,0.0,0.0,0.0,0.0,0.0,0.0,0.0,0.0,0.0,0.0,10
Wine Quality,CTGAN,Compute,total_time_seconds,253.1204173243605,248.6754564242437,81.36462604114786,245.631067737937,271.0452531869523,261.9201022610068,2162.966173357001,2190.569311813,7988.123238986001,2201.264502766001,1590.468014989765,2430.6318731190795,10
Wine Quality,CTGAN,Compute,training_time_seconds,241.9617786277085,237.2099393173121,61.74266924988478,160.6734849540517,174.6976210640278,185.8080818101298,1718.357591937001,2065.824532164999,5676.784246584,2063.788165675001,1258.6848111384118,1766.103568571023,10
Wine Quality,CTGAN,Fidelity,KS_Complement,0.8770641058363111,0.8586211502467247,0.867748893993534,0.8640685724008849,0.832189254721797,0.8335647013782542,0.8178615790369236,0.8860589161136634,0.8247899013101923,0.8709912370256935,0.8532958312063978,0.024054935551634127,10
Wine Quality,CTGAN,Fidelity,MMD,0.055232188876982,0.0724145179460205,0.0500183724105432,0.0588611240121935,0.0748295022489371,0.0693525507475643,0.0648155401442889,0.043861047346608,0.0579317810428873,0.066221586374805,0.061353821115082974,0.009963707025505694,10
Wine Quality,CTGAN,Fidelity,Quality_Score,0.7702162726157542,0.7661413280904044,0.7803210477912075,0.7958855493060137,0.7657422088054897,0.7521570628058054,0.7643410469249867,0.7949142217589809,0.773494034686661,0.8008256013011017,0.7764038374086406,0.016100717171289195,10
Wine Quality,CTGAN,Fidelity,Wasserstein_Distance,0.8125123025936044,1.579185544196095,2.187251070201915,3.073297258729575,1.68823745436015,1.688049098835769,3.530864893957071,1.388604688839134,0.8961244299557612,1.556222456960582,1.840034919862966,0.8721425800526528,10
Wine Quality,CTGAN,Privacy,MIA_AUC,0.7030864197530864,0.8274074074074074,0.6341975308641976,0.7288888888888889,0.9012345679012346,0.8107407407407408,0.7656790123456789,0.6204938271604938,0.7765432098765432,0.7441975308641975,0.7512469135802469,0.08586187658284491,10
Wine Quality,CTGAN,Privacy,Mahalanobis_Distance,8.403662765377355,10.53575827916618,8.399813257041435,8.652550286648154,10.40638200966325,9.719631355312565,8.27688903375479,8.539502924786635,8.40257068965321,8.484599960993073,8.982136056239664,0.8847605743801216,10
Wine Quality,CTGAN,Privacy,Mean_Distance,8.403662765377355,10.53575827916618,8.399813257041435,8.652550286648154,10.40638200966325,9.719631355312565,8.27688903375479,8.539502924786635,8.40257068965321,8.484599960993073,8.982136056239664,0.8847605743801216,10
Wine Quality,CTGAN,Privacy,Median_Distance,7.185450016669174,9.140587391540349,7.533199092490411,7.590017409070732,9.351911563688072,8.330809310260914,7.068028597266389,7.512815834844278,7.273360166240552,7.385916490529171,7.837209587260004,0.8187752158689943,10
Wine Quality,CTGAN,Privacy,NNDR,0.9340123960886522,0.9305809823717044,0.9406641919728624,0.92720384422688,0.9353536921737962,0.9360605688214644,0.9313564352227868,0.931410526101206,0.934737230388199,0.934805581984666,0.9336185449352217,0.0036787475319942707,10
Wine Quality,CTGAN,Utility,Accuracy_Gap,0.2852721088435375,0.2355442176870749,0.2653061224489796,0.2960544217687075,0.2434013605442177,0.3004421768707484,0.2525510204081633,0.2953401360544218,0.1995238095238095,0.2862585034013606,0.26596938775510204,0.032949255205328674,10
Wine Quality,CTGAN,Utility,Accuracy_TRTR,0.5999659863945579,0.5999659863945579,0.5999659863945579,0.5999659863945579,0.5999659863945579,0.5999659863945579,0.5999659863945579,0.5999659863945579,0.5999659863945579,0.5999659863945579,0.5999659863945579,0.0,10
Wine Quality,CTGAN,Utility,Accuracy_TSTR,0.3146938775510204,0.3644217687074829,0.3346598639455782,0.3039115646258504,0.3565646258503402,0.2995238095238095,0.3474149659863946,0.3046258503401361,0.4004421768707483,0.3137074829931973,0.3339965986394558,0.03294925520532863,10
Wine Quality,CTGAN,Utility,F1_Gap,0.261539078402431,0.2144512550804453,0.2463063439377678,0.2507268359437935,0.2080821970931379,0.2635396427554639,0.2362493882009115,0.276671894022325,0.1748966582578658,0.2673913256877155,0.23998546193818573,0.031958286679664306,10
Wine Quality,CTGAN,Utility,F1_TRTR,0.5855430172344179,0.5855430172344179,0.5855430172344179,0.5855430172344179,0.5855430172344179,0.5855430172344179,0.5855430172344179,0.5855430172344179,0.5855430172344179,0.5855430172344179,0.5855430172344179,0.0,10
Wine Quality,CTGAN,Utility,F1_TSTR,0.3240039388319868,0.3710917621539725,0.3392366732966501,0.3348161812906244,0.3774608201412801,0.322003374478954,0.3492936290335064,0.3088711232120929,0.4106463589765521,0.3181516915467025,0.3455575552962321,0.031958286679664306,10
Wine Quality,CTGAN,Utility,Precision_Gap,0.1458379767264829,0.1728661308483333,0.1895425616770319,0.192369191318307,0.1761473695072218,0.2287747381788592,0.1936549639171875,0.1950958132408936,0.1636034856047209,0.1952370684674408,0.18531292994864787,0.022333070786913798,10
Wine Quality,CTGAN,Utility,Precision_TRTR,0.596991784855523,0.596991784855523,0.596991784855523,0.596991784855523,0.596991784855523,0.596991784855523,0.596991784855523,0.596991784855523,0.596991784855523,0.596991784855523,0.596991784855523,0.0,10
Wine Quality,CTGAN,Utility,Precision_TSTR,0.45115380812904,0.4241256540071896,0.407449223178491,0.404622593537216,0.4208444153483012,0.3682170466766638,0.4033368209383355,0.4018959716146293,0.4333882992508021,0.4017547163880822,0.4116788549068751,0.02233307078691378,10
Wine Quality,CTGAN,Utility,ROC_AUC_Gap,0.1499034709711738,0.1461362196582877,0.1447270172525451,0.1669149164847832,0.1500229759012491,0.1843942354032844,0.163905948487335,0.1645282059629446,0.1429022171812862,0.1490358900896066,0.15624710973924955,0.013238450814644979,10
Wine Quality,CTGAN,Utility,ROC_AUC_TRTR,0.7485352439106271,0.7485352439106271,0.7485352439106271,0.7485352439106271,0.7485352439106271,0.7485352439106271,0.7485352439106271,0.7485352439106271,0.7485352439106271,0.7485352439106271,0.7485352439106271,0.0,10
Wine Quality,CTGAN,Utility,ROC_AUC_TSTR,0.5986317729394532,0.6023990242523394,0.603808226658082,0.5816203274258439,0.598512268009378,0.5641410085073427,0.5846292954232921,0.5840070379476825,0.6056330267293409,0.5994993538210205,0.5922881341713775,0.013238450814644967,10
Wine Quality,CTGAN,Utility,Recall_Gap,0.2852721088435375,0.2355442176870749,0.2653061224489796,0.2960544217687075,0.2434013605442177,0.3004421768707484,0.2525510204081633,0.2953401360544218,0.1995238095238095,0.2862585034013606,0.26596938775510204,0.032949255205328674,10
Wine Quality,CTGAN,Utility,Recall_TRTR,0.5999659863945579,0.5999659863945579,0.5999659863945579,0.5999659863945579,0.5999659863945579,0.5999659863945579,0.5999659863945579,0.5999659863945579,0.5999659863945579,0.5999659863945579,0.5999659863945579,0.0,10
Wine Quality,CTGAN,Utility,Recall_TSTR,0.3146938775510204,0.3644217687074829,0.3346598639455782,0.3039115646258504,0.3565646258503402,0.2995238095238095,0.3474149659863946,0.3046258503401361,0.4004421768707483,0.3137074829931973,0.3339965986394558,0.03294925520532863,10
Wine Quality,CopulaGAN,Compute,evaluation_time_seconds,18.96348942513578,20.03109856904484,20.10056782187894,77.75488489191048,85.05665607890114,87.02289636316709,43.34531786799926,257.5615838930025,1232.414490041001,11131.844762655,1297.4095747607041,3475.219135655105,10
Wine Quality,CopulaGAN,Compute,generation_time_seconds,0.0,0.0,0.0,0.0,0.0,0.0,0.0,0.0,0.0,0.0,0.0,0.0,10
Wine Quality,CopulaGAN,Compute,total_time_seconds,73.2496444110293,74.57790331705473,74.77392667415552,298.3806915581226,262.0800264640711,274.9245339031331,496.6457860859991,27759.450960506,1348.528071781,15618.64843595,4628.125998065056,9443.685709645068,10
Wine Quality,CopulaGAN,Compute,training_time_seconds,54.27112330310047,54.53167227213271,54.65807461715304,220.4671178730205,176.8324215139728,187.7270545291249,453.183831979999,27501.616439585,116.0296341640005,4486.673333139001,3330.59907029765,8601.570300079187,10
Wine Quality,CopulaGAN,Fidelity,KS_Complement,0.8706959332993023,0.879062787136294,0.8669487408541773,0.8913163603879531,0.8541744087119278,0.8701704526118768,0.8532977709715842,0.8828298451590948,0.8790078271226816,0.8473811893823379,0.869488531563723,0.014261444352011276,10
Wine Quality,CopulaGAN,Fidelity,MMD,0.0599820763107697,0.0516301426746056,0.0466088078603768,0.043208899954525,0.0560655351910605,0.0454459439929546,0.0530200719581026,0.047482844798396,0.0386637089903583,0.0531367188609372,0.04952447505920863,0.0064030786358696065,10
Wine Quality,CopulaGAN,Fidelity,Quality_Score,0.8191019715111538,0.8222701071216583,0.8057775220614296,0.8122064700925353,0.8170416984243707,0.8074646774807868,0.8148382091785645,0.7934714573628516,0.8304531603084301,0.8332972543116759,0.8155922527853455,0.011818415592393466,10
Wine Quality,CopulaGAN,Fidelity,Wasserstein_Distance,2.031013738882235,1.572239372266977,0.9648267373980364,0.6920691865427117,1.347877793396411,1.033861220627858,1.83126250142061,1.367175309703361,1.258955275672871,2.088808901223817,1.4188090037134888,0.4634459349035602,10
Wine Quality,CopulaGAN,Privacy,MIA_AUC,0.6469135802469136,0.722716049382716,0.6003703703703703,0.6648148148148147,0.8069135802469136,0.735679012345679,0.7434567901234568,0.7266666666666667,0.6379012345679013,0.7203703703703703,0.7005802469135803,0.06152614466219775,10
Wine Quality,CopulaGAN,Privacy,Mahalanobis_Distance,8.07999654589664,8.044921711461091,8.085871098138698,8.067564884905364,8.311138918863447,8.084488607423753,8.0462362213543,8.718596213393981,7.862489566955216,7.362244771138431,8.066354853953094,0.3373806799899113,10
Wine Quality,CopulaGAN,Privacy,Mean_Distance,8.07999654589664,8.044921711461091,8.085871098138698,8.067564884905364,8.311138918863447,8.084488607423753,8.0462362213543,8.718596213393981,7.862489566955216,7.362244771138431,8.066354853953094,0.3373806799899113,10
Wine Quality,CopulaGAN,Privacy,Median_Distance,7.472889245721482,6.941177808452105,7.0662606189698,7.341123080198357,7.339435698987574,7.172371193921116,7.352952571013505,7.500949990501666,6.751594473150544,6.332686540434983,7.127144122135112,0.3672194058307714,10
Wine Quality,CopulaGAN,Privacy,NNDR,0.9286729620362952,0.9274084560615786,0.928988796842256,0.936094799811327,0.9316975155345142,0.93826979247883,0.9306338080538652,0.9323792971898786,0.9313557105112854,0.9310568936529215,0.9316558032172753,0.003325293185881209,10
Wine Quality,CopulaGAN,Utility,Accuracy_Gap,0.2493537414965987,0.2158503401360545,0.2473809523809524,0.278061224489796,0.2363605442176872,0.2645918367346939,0.2377551020408165,0.2604761904761905,0.2465646258503403,0.2344557823129252,0.2470850340136055,0.017600528487837996,10
Wine Quality,CopulaGAN,Utility,Accuracy_TRTR,0.5999659863945579,0.5999659863945579,0.5999659863945579,0.5999659863945579,0.5999659863945579,0.5999659863945579,0.5999659863945579,0.5999659863945579,0.5999659863945579,0.5999659863945579,0.5999659863945579,0.0,10
Wine Quality,CopulaGAN,Utility,Accuracy_TSTR,0.3506122448979591,0.3841156462585033,0.3525850340136054,0.3219047619047619,0.3636054421768707,0.335374149659864,0.3622108843537414,0.3394897959183674,0.3534013605442176,0.3655102040816327,0.35288095238095235,0.017600528487837986,10
Wine Quality,CopulaGAN,Utility,F1_Gap,0.2208400061796505,0.1838772046781471,0.2160197756831832,0.2479860242073201,0.2019290598849361,0.2354894667946467,0.2011473264434824,0.2141744670369707,0.2117531276150049,0.1942751835018559,0.21274916420251974,0.01904525362838391,10
Wine Quality,CopulaGAN,Utility,F1_TRTR,0.5855430172344179,0.5855430172344179,0.5855430172344179,0.5855430172344179,0.5855430172344179,0.5855430172344179,0.5855430172344179,0.5855430172344179,0.5855430172344179,0.5855430172344179,0.5855430172344179,0.0,10
Wine Quality,CopulaGAN,Utility,F1_TSTR,0.3647030110547674,0.4016658125562708,0.3695232415512347,0.3375569930270979,0.3836139573494818,0.3500535504397712,0.3843956907909356,0.3713685501974472,0.373789889619413,0.391267833732562,0.37279385303189816,0.0190452536283839,10
Wine Quality,CopulaGAN,Utility,Precision_Gap,0.1499619045818876,0.1537213422312016,0.1664380484234348,0.1919968657382405,0.1539613804396391,0.1947066157452134,0.1580400122528864,0.142379148655164,0.1478293079481428,0.1460509567508509,0.1605085582766661,0.018561902685401175,10
Wine Quality,CopulaGAN,Utility,Precision_TRTR,0.596991784855523,0.596991784855523,0.596991784855523,0.596991784855523,0.596991784855523,0.596991784855523,0.596991784855523,0.596991784855523,0.596991784855523,0.596991784855523,0.596991784855523,0.0,10
Wine Quality,CopulaGAN,Utility,Precision_TSTR,0.4470298802736352,0.4432704426243213,0.4305537364320881,0.4049949191172825,0.4430304044158839,0.4022851691103096,0.4389517726026365,0.4546126362003589,0.4491624769073802,0.450940828104672,0.4364832265788568,0.01856190268540114,10
Wine Quality,CopulaGAN,Utility,ROC_AUC_Gap,0.1366888211344443,0.1247410890234619,0.148214618172112,0.1642880960480693,0.1390396380952069,0.1557384048902554,0.1420114476437717,0.1332072969340173,0.1301903484570973,0.1248874158220089,0.13990071762204448,0.01301502185549795,10
Wine Quality,CopulaGAN,Utility,ROC_AUC_TRTR,0.7485352439106271,0.7485352439106271,0.7485352439106271,0.7485352439106271,0.7485352439106271,0.7485352439106271,0.7485352439106271,0.7485352439106271,0.7485352439106271,0.7485352439106271,0.7485352439106271,0.0,10
Wine Quality,CopulaGAN,Utility,ROC_AUC_TSTR,0.6118464227761827,0.6237941548871652,0.6003206257385151,0.5842471478625578,0.6094956058154202,0.5927968390203717,0.6065237962668554,0.6153279469766098,0.6183448954535298,0.6236478280886182,0.6086345262885826,0.01301502185549793,10
Wine Quality,CopulaGAN,Utility,Recall_Gap,0.2493537414965987,0.2158503401360545,0.2473809523809524,0.278061224489796,0.2363605442176872,0.2645918367346939,0.2377551020408165,0.2604761904761905,0.2465646258503403,0.2344557823129252,0.2470850340136055,0.017600528487837996,10
Wine Quality,CopulaGAN,Utility,Recall_TRTR,0.5999659863945579,0.5999659863945579,0.5999659863945579,0.5999659863945579,0.5999659863945579,0.5999659863945579,0.5999659863945579,0.5999659863945579,0.5999659863945579,0.5999659863945579,0.5999659863945579,0.0,10
Wine Quality,CopulaGAN,Utility,Recall_TSTR,0.3506122448979591,0.3841156462585033,0.3525850340136054,0.3219047619047619,0.3636054421768707,0.335374149659864,0.3622108843537414,0.3394897959183674,0.3534013605442176,0.3655102040816327,0.35288095238095235,0.017600528487837986,10
Wine Quality,ForestDiffusion,Compute,evaluation_time_seconds,21.00222737202421,19.18319762288593,20.90517333499156,120.0468460919801,130.1115192598663,86.45048273797147,562.3630669570048,74.58632598700206,603.032842173001,2130.116642182002,376.77983237187294,653.4770666624548,10
Wine Quality,ForestDiffusion,Compute,generation_time_seconds,0.0,0.0,0.0,0.0,0.0,0.0,0.0,0.0,0.0,0.0,0.0,0.0,10
Wine Quality,ForestDiffusion,Compute,total_time_seconds,37.47513897391036,35.50001925905235,37.38391602085903,363.5234596498776,363.6741767169442,309.5575644460041,10000.353216878,1426.118506921994,4326.947982391997,3668.475761415,2056.900974267364,3202.029769899793,10
Wine Quality,ForestDiffusion,Compute,training_time_seconds,16.45811915188096,16.30220719799399,16.46376133384183,243.1266689300537,233.3540714629926,222.9367969878949,9437.766466000998,1351.260012692997,3723.704141761002,1538.218257366003,1679.9590502885658,2964.060213198949,10
Wine Quality,ForestDiffusion,Fidelity,KS_Complement,0.8806911264250467,0.8750494299812829,0.8773218478815723,0.8851838523055982,0.8776946145992853,0.8815987748851456,0.873548706823209,0.8740350093585162,0.8796153224434234,0.877683086608814,0.8782421771311893,0.003631933290351437,10
Wine Quality,ForestDiffusion,Fidelity,MMD,0.0299670010824841,0.0374584153006731,0.0325878091075773,0.0387618736541124,0.0326754263247922,0.0325866403980709,0.0438861281692131,0.039651620328823,0.0359231781679504,0.0399244403678532,0.03634225329015497,0.0043494567600153656,10
Wine Quality,ForestDiffusion,Fidelity,Quality_Score,0.8814650582906225,0.8753595301215719,0.8802469076645058,0.8851333467811051,0.8789805557192136,0.882003649990265,0.8773005845312727,0.8739979391095354,0.8799656766143786,0.8880252510947075,0.8802478499917179,0.004245907373670695,10
Wine Quality,ForestDiffusion,Fidelity,Wasserstein_Distance,1.162427322475006,1.176293038737805,1.267173870108468,1.248469263012229,1.341284124727516,1.327765189102897,1.280125580939832,1.160808997937861,1.224578434728377,1.214172483671984,1.2403098305441975,0.06466378822046678,10
Wine Quality,ForestDiffusion,Privacy,MIA_AUC,0.9985185185185186,0.9982716049382716,0.9977777777777778,0.9892592592592592,0.9930864197530864,0.9967901234567902,0.997283950617284,0.9983950617283952,0.998641975308642,0.9974074074074074,0.9965432098765433,0.003029656348856986,10
Wine Quality,ForestDiffusion,Privacy,Mahalanobis_Distance,5.00736738299315,4.920593323939631,4.911964156821015,4.870970249538586,4.948422612083066,4.952526713653189,4.864019755794787,4.889822638536242,4.890251103884708,4.927070700536057,4.918300863778042,0.043356809925581344,10
Wine Quality,ForestDiffusion,Privacy,Mean_Distance,5.00736738299315,4.920593323939631,4.911964156821015,4.870970249538586,4.948422612083066,4.952526713653189,4.864019755794787,4.889822638536242,4.890251103884708,4.927070700536057,4.918300863778042,0.043356809925581344,10
Wine Quality,ForestDiffusion,Privacy,Median_Distance,4.85760230406413,4.789888809146792,4.881020720118769,4.833512049746397,4.955498842605033,4.873244267997986,4.851515785735165,4.792758306910923,4.752662414055215,4.745313413445567,4.833301691382597,0.06454976601054631,10
Wine Quality,ForestDiffusion,Privacy,NNDR,0.9346572353929246,0.9336282948686532,0.9325055384311972,0.931597654290002,0.9341778034752845,0.9327458559777922,0.9407189825983752,0.936974561710292,0.9284697790405642,0.9334314011373952,0.933890710692248,0.003248234498001662,10
Wine Quality,ForestDiffusion,Utility,Accuracy_Gap,0.1405782312925171,0.1468367346938776,0.1390476190476191,0.1552721088435375,0.1363605442176871,0.1256462585034014,0.127891156462585,0.1456462585034014,0.1208163265306123,0.1608163265306123,0.1398911564625851,0.01282451558455151,10
Wine Quality,ForestDiffusion,Utility,Accuracy_TRTR,0.5999659863945579,0.5999659863945579,0.5999659863945579,0.5999659863945579,0.5999659863945579,0.5999659863945579,0.5999659863945579,0.5999659863945579,0.5999659863945579,0.5999659863945579,0.5999659863945579,0.0,10
Wine Quality,ForestDiffusion,Utility,Accuracy_TSTR,0.4593877551020408,0.4531292517006803,0.4609183673469388,0.4446938775510204,0.4636054421768708,0.4743197278911565,0.4720748299319729,0.4543197278911565,0.4791496598639456,0.4391496598639456,0.46007482993197274,0.012824515584551503,10
Wine Quality,ForestDiffusion,Utility,F1_Gap,0.1276891824401888,0.13042691719905,0.1297300365062533,0.1424380570226143,0.1256202464733715,0.1167954908340758,0.1243959338870445,0.1311915145603999,0.1128961764283843,0.144707295228669,0.12858908505800512,0.00986354314334184,10
Wine Quality,ForestDiffusion,Utility,F1_TRTR,0.5855430172344179,0.5855430172344179,0.5855430172344179,0.5855430172344179,0.5855430172344179,0.5855430172344179,0.5855430172344179,0.5855430172344179,0.5855430172344179,0.5855430172344179,0.5855430172344179,0.0,10
Wine Quality,ForestDiffusion,Utility,F1_TSTR,0.4578538347942291,0.4551161000353679,0.4558129807281646,0.4431049602118037,0.4599227707610464,0.4687475264003421,0.4611470833473735,0.454351502674018,0.4726468408060336,0.4408357220057489,0.4569539321764128,0.009863543143341834,10
Wine Quality,ForestDiffusion,Utility,Precision_Gap,0.1310809692752863,0.1320663414509686,0.136130324253362,0.1470177546840878,0.1317539364381942,0.1266174278666453,0.1367013444272543,0.1351107884345037,0.1216212278052441,0.1460734415079138,0.13441735561434603,0.007828710788507014,10
Wine Quality,ForestDiffusion,Utility,Precision_TRTR,0.596991784855523,0.596991784855523,0.596991784855523,0.596991784855523,0.596991784855523,0.596991784855523,0.596991784855523,0.596991784855523,0.596991784855523,0.596991784855523,0.596991784855523,0.0,10
Wine Quality,ForestDiffusion,Utility,Precision_TSTR,0.4659108155802366,0.4649254434045543,0.4608614606021609,0.4499740301714351,0.4652378484173287,0.4703743569888777,0.4602904404282686,0.4618809964210192,0.4753705570502788,0.4509183433476091,0.46257442924117687,0.007828710788507024,10
Wine Quality,ForestDiffusion,Utility,ROC_AUC_Gap,,0.1017240512168855,0.0977345166619408,,0.1040376051082897,,0.0982198750916836,,0.0948493920466752,0.1073830453181934,0.10065808090727803,0.004604683803028623,6
Wine Quality,ForestDiffusion,Utility,ROC_AUC_TRTR,0.7485352439106271,0.7485352439106271,0.7485352439106271,0.7485352439106271,0.7485352439106271,0.7485352439106271,0.7485352439106271,0.7485352439106271,0.7485352439106271,0.7485352439106271,0.7485352439106271,0.0,10
Wine Quality,ForestDiffusion,Utility,ROC_AUC_TSTR,,0.6468111926937415,0.6508007272486862,,0.6444976388023373,,0.6503153688189435,,0.6536858518639519,0.6411521985924337,0.6478771630033491,0.004604683803028627,6
Wine Quality,ForestDiffusion,Utility,Recall_Gap,0.1405782312925171,0.1468367346938776,0.1390476190476191,0.1552721088435375,0.1363605442176871,0.1256462585034014,0.127891156462585,0.1456462585034014,0.1208163265306123,0.1608163265306123,0.1398911564625851,0.01282451558455151,10
Wine Quality,ForestDiffusion,Utility,Recall_TRTR,0.5999659863945579,0.5999659863945579,0.5999659863945579,0.5999659863945579,0.5999659863945579,0.5999659863945579,0.5999659863945579,0.5999659863945579,0.5999659863945579,0.5999659863945579,0.5999659863945579,0.0,10
Wine Quality,ForestDiffusion,Utility,Recall_TSTR,0.4593877551020408,0.4531292517006803,0.4609183673469388,0.4446938775510204,0.4636054421768708,0.4743197278911565,0.4720748299319729,0.4543197278911565,0.4791496598639456,0.4391496598639456,0.46007482993197274,0.012824515584551503,10
Wine Quality,GaussianCopula,Compute,evaluation_time_seconds,27.04533176007681,24.44642931804992,27.14039272000082,129.0459084091708,148.4789438669104,134.1056641628966,85.01585433199944,78.914529503003,71.75120339500427,72.84973401100433,79.87939914781164,45.76775248699201,10
Wine Quality,GaussianCopula,Compute,generation_time_seconds,0.0,0.0,0.0,0.0,0.0,0.0,0.0,0.0,0.0,0.0,0.0,0.0,10
Wine Quality,GaussianCopula,Compute,total_time_seconds,28.43452275590971,26.15228978102095,28.44696536101401,134.6713188160211,154.8275183190126,143.0028811278753,98.56297403600183,93.11300183099227,77.81222539900045,81.8695107550011,86.68932081818494,48.13304416945402,10
Wine Quality,GaussianCopula,Compute,training_time_seconds,1.373930125962943,1.689088541083038,1.291460969951004,5.481436805101112,6.152804967947304,8.682340626837686,13.36427515299874,14.08134718799556,5.997005426004762,8.826110542999231,6.693980034688138,4.623053056303478,10
Wine Quality,GaussianCopula,Fidelity,KS_Complement,0.8933956950825249,0.8933956950825249,0.8933956950825249,0.8933956950825249,0.8933956950825249,0.8933956950825249,0.8933956950825249,0.8933956950825249,0.8933956950825249,0.8933956950825249,0.893395695082525,0.0,10
Wine Quality,GaussianCopula,Fidelity,MMD,0.0742191093104625,0.0742191093104625,0.0742191093104625,0.0742191093104625,0.0742191093104625,0.0742191093104625,0.0742191093104625,0.0742191093104625,0.0742191093104625,0.0742191093104625,0.0742191093104625,0.0,10
Wine Quality,GaussianCopula,Fidelity,Quality_Score,0.9382852305742172,0.9382852305742172,0.9382852305742172,0.9382852305742172,0.9382852305742172,0.9382852305742172,0.9382852305742172,0.9382852305742172,0.9382852305742172,0.9382852305742172,0.9382852305742173,0.0,10
Wine Quality,GaussianCopula,Fidelity,Wasserstein_Distance,0.339739220973996,0.339739220973996,0.339739220973996,0.339739220973996,0.339739220973996,0.339739220973996,0.339739220973996,0.339739220973996,0.339739220973996,0.339739220973996,0.33973922097399606,0.0,10
Wine Quality,GaussianCopula,Privacy,MIA_AUC,0.69,0.69,0.69,0.69,0.69,0.69,0.69,0.69,0.69,0.69,0.6899999999999998,0.0,10
Wine Quality,GaussianCopula,Privacy,Mahalanobis_Distance,4.906632239160311,4.906632239160311,4.906632239160311,4.906632239160311,4.906632239160311,4.906632239160311,4.906632239160311,4.906632239160311,4.906632239160311,4.906632239160311,4.906632239160311,0.0,10
Wine Quality,GaussianCopula,Privacy,Mean_Distance,4.906632239160311,4.906632239160311,4.906632239160311,4.906632239160311,4.906632239160311,4.906632239160311,4.906632239160311,4.906632239160311,4.906632239160311,4.906632239160311,4.906632239160311,0.0,10
Wine Quality,GaussianCopula,Privacy,Median_Distance,4.706108650190693,4.706108650190693,4.706108650190693,4.706108650190693,4.706108650190693,4.706108650190693,4.706108650190693,4.706108650190693,4.706108650190693,4.706108650190693,4.706108650190693,0.0,10
Wine Quality,GaussianCopula,Privacy,NNDR,0.9254573824055352,0.9254573824055352,0.9254573824055352,0.9254573824055352,0.9254573824055352,0.9254573824055352,0.9254573824055352,0.9254573824055352,0.9254573824055352,0.9254573824055352,0.9254573824055351,0.0,10
Wine Quality,GaussianCopula,Utility,Accuracy_Gap,0.2115986394557824,0.2115986394557824,0.2115986394557824,0.2115986394557824,0.2115986394557824,0.2115986394557824,0.2115986394557824,0.2115986394557824,0.2115986394557824,0.2115986394557824,0.21159863945578242,0.0,10
Wine Quality,GaussianCopula,Utility,Accuracy_TRTR,0.5999659863945579,0.5999659863945579,0.5999659863945579,0.5999659863945579,0.5999659863945579,0.5999659863945579,0.5999659863945579,0.5999659863945579,0.5999659863945579,0.5999659863945579,0.5999659863945579,0.0,10
Wine Quality,GaussianCopula,Utility,Accuracy_TSTR,0.3883673469387755,0.3883673469387755,0.3883673469387755,0.3883673469387755,0.3883673469387755,0.3883673469387755,0.3883673469387755,0.3883673469387755,0.3883673469387755,0.3883673469387755,0.3883673469387755,0.0,10
Wine Quality,GaussianCopula,Utility,F1_Gap,0.2681541240261807,0.2681541240261807,0.2681541240261807,0.2681541240261807,0.2681541240261807,0.2681541240261807,0.2681541240261807,0.2681541240261807,0.2681541240261807,0.2681541240261807,0.2681541240261808,0.0,10
Wine Quality,GaussianCopula,Utility,F1_TRTR,0.5855430172344179,0.5855430172344179,0.5855430172344179,0.5855430172344179,0.5855430172344179,0.5855430172344179,0.5855430172344179,0.5855430172344179,0.5855430172344179,0.5855430172344179,0.5855430172344179,0.0,10
Wine Quality,GaussianCopula,Utility,F1_TSTR,0.3173888932082372,0.3173888932082372,0.3173888932082372,0.3173888932082372,0.3173888932082372,0.3173888932082372,0.3173888932082372,0.3173888932082372,0.3173888932082372,0.3173888932082372,0.31738889320823727,0.0,10
Wine Quality,GaussianCopula,Utility,Precision_Gap,0.2759078813687787,0.2759078813687787,0.2759078813687787,0.2759078813687787,0.2759078813687787,0.2759078813687787,0.2759078813687787,0.2759078813687787,0.2759078813687787,0.2759078813687787,0.27590788136877864,0.0,10
Wine Quality,GaussianCopula,Utility,Precision_TRTR,0.596991784855523,0.596991784855523,0.596991784855523,0.596991784855523,0.596991784855523,0.596991784855523,0.596991784855523,0.596991784855523,0.596991784855523,0.596991784855523,0.596991784855523,0.0,10
Wine Quality,GaussianCopula,Utility,Precision_TSTR,0.3210839034867442,0.3210839034867442,0.3210839034867442,0.3210839034867443,0.3210839034867443,0.3210839034867443,0.3210839034867443,0.3210839034867443,0.3210839034867443,0.3210839034867443,0.32108390348674426,0.0,10
Wine Quality,GaussianCopula,Utility,ROC_AUC_Gap,0.2433512922394815,0.2433512922394815,0.2433512922394815,0.2433512922394815,0.2433512922394815,0.2433512922394815,0.2433512922394815,0.2433512922394815,0.2433512922394815,0.2433512922394815,0.24335129223948151,0.0,10
Wine Quality,GaussianCopula,Utility,ROC_AUC_TRTR,0.7485352439106271,0.7485352439106271,0.7485352439106271,0.7485352439106271,0.7485352439106271,0.7485352439106271,0.7485352439106271,0.7485352439106271,0.7485352439106271,0.7485352439106271,0.7485352439106271,0.0,10
Wine Quality,GaussianCopula,Utility,ROC_AUC_TSTR,0.5051839516711456,0.5051839516711456,0.5051839516711456,0.5051839516711456,0.5051839516711456,0.5051839516711456,0.5051839516711456,0.5051839516711456,0.5051839516711456,0.5051839516711456,0.5051839516711457,0.0,10
Wine Quality,GaussianCopula,Utility,Recall_Gap,0.2115986394557824,0.2115986394557824,0.2115986394557824,0.2115986394557824,0.2115986394557824,0.2115986394557824,0.2115986394557824,0.2115986394557824,0.2115986394557824,0.2115986394557824,0.21159863945578242,0.0,10
Wine Quality,GaussianCopula,Utility,Recall_TRTR,0.5999659863945579,0.5999659863945579,0.5999659863945579,0.5999659863945579,0.5999659863945579,0.5999659863945579,0.5999659863945579,0.5999659863945579,0.5999659863945579,0.5999659863945579,0.5999659863945579,0.0,10
Wine Quality,GaussianCopula,Utility,Recall_TSTR,0.3883673469387755,0.3883673469387755,0.3883673469387755,0.3883673469387755,0.3883673469387755,0.3883673469387755,0.3883673469387755,0.3883673469387755,0.3883673469387755,0.3883673469387755,0.3883673469387755,0.0,10
Wine Quality,TVAE,Compute,evaluation_time_seconds,16.86879941797815,21.58512000786141,21.90605043713004,87.7782729419414,123.1465516579337,122.2152469630819,2311.330807965,12245.65829824,2466.312847684001,10093.955971618,2751.075796693293,4565.862460855212,10
Wine Quality,TVAE,Compute,generation_time_seconds,0.0,0.0,0.0,0.0,0.0,0.0,0.0,0.0,0.0,0.0,0.0,0.0,10
Wine Quality,TVAE,Compute,total_time_seconds,50.73694485309534,54.41910033090971,54.90152440709062,205.560445073992,254.5414223859552,252.2290677570272,5828.830229275,16886.555467025,4585.020039046,24827.795024139,5300.058926429307,8665.678158073784,10
Wine Quality,TVAE,Compute,training_time_seconds,33.85280997306108,32.81877728714608,32.98026966210455,117.6175185001921,131.3446215200238,129.7907063669991,3517.118439089001,4640.473490081,2118.519545798001,14733.677232617,2548.819341089453,4601.448172444852,10
Wine Quality,TVAE,Fidelity,KS_Complement,0.8914618002382168,0.8919763059384039,0.8917303471158755,0.8862224774544836,0.8690778883784244,0.8825194401905735,0.8900413476263401,0.8885156117066529,0.8794214310022123,0.8894185809086267,0.8860385230559811,0.007261131265110273,10
Wine Quality,TVAE,Fidelity,MMD,0.0322225108727834,0.0265371373350202,0.0257999225699776,0.031287260377871,0.0461829956851,0.0378503304231179,0.0285459122359503,0.0345484220299031,0.0256604387290959,0.0304202585175302,0.031905518877634965,0.0063704753068248784,10
Wine Quality,TVAE,Fidelity,Quality_Score,0.921173358131828,0.9181566019941688,0.9251793749586218,0.9192330148759926,0.9049066654434617,0.9168383015241476,0.919808148160394,0.9244846340851685,0.9186011503803326,0.918792826812656,0.9187174076366771,0.00554883899375995,10
Wine Quality,TVAE,Fidelity,Wasserstein_Distance,0.65546350188698,0.6719764182711591,0.5180267990551046,0.6806769763481518,0.6946662841929901,0.566047286581664,0.7809224078815814,0.5638169883546181,0.9047793639224668,0.6189096121088348,0.6655285638603552,0.11350472942589113,10
Wine Quality,TVAE,Privacy,MIA_AUC,0.7544444444444445,0.739753086419753,0.7718518518518519,0.7427160493827161,0.7803703703703704,0.7954320987654321,0.7103703703703704,0.7435802469135804,0.7049382716049383,0.7485185185185186,0.7491975308641975,0.02844054626256891,10
Wine Quality,TVAE,Privacy,Mahalanobis_Distance,3.387954072014447,3.484211920874342,3.47134436597589,3.388543685667349,3.354339701834826,3.52255774142744,3.391489168537877,3.475960317509113,3.764177261654607,3.501691801683048,3.474227003717894,0.11703537177565383,10
Wine Quality,TVAE,Privacy,Mean_Distance,3.387954072014447,3.484211920874342,3.47134436597589,3.388543685667349,3.354339701834826,3.52255774142744,3.391489168537877,3.475960317509113,3.764177261654607,3.501691801683048,3.474227003717894,0.11703537177565383,10
Wine Quality,TVAE,Privacy,Median_Distance,3.173733991259544,3.332774740105385,3.299724465998949,3.183046166554446,3.184138992119955,3.314832090315659,3.114166791849523,3.26546669447732,3.496136811330114,3.269509163761968,3.2633529907772867,0.10854347061804433,10
Wine Quality,TVAE,Privacy,NNDR,0.8979041944078866,0.8934645299040949,0.8973448285952794,0.8993087241251865,0.8905375339152685,0.8952761859808179,0.896933797698774,0.8975746445151569,0.9030038470221392,0.9002631574836658,0.897161144364827,0.0035003259002310367,10
Wine Quality,TVAE,Utility,Accuracy_Gap,0.0868367346938776,0.1059183673469389,0.0858843537414967,0.0938095238095239,0.0820068027210885,0.0949319727891158,0.0908843537414966,0.0941836734693878,0.1248979591836735,0.0968027210884355,0.09561564625850348,0.01224809366630012,10
Wine Quality,TVAE,Utility,Accuracy_TRTR,0.5999659863945579,0.5999659863945579,0.5999659863945579,0.5999659863945579,0.5999659863945579,0.5999659863945579,0.5999659863945579,0.5999659863945579,0.5999659863945579,0.5999659863945579,0.5999659863945579,0.0,10
Wine Quality,TVAE,Utility,Accuracy_TSTR,0.5131292517006802,0.4940476190476189,0.5140816326530612,0.506156462585034,0.5179591836734694,0.5050340136054421,0.5090816326530613,0.5057823129251701,0.4750680272108844,0.5031632653061223,0.5043503401360544,0.012248093666300116,10
Wine Quality,TVAE,Utility,F1_Gap,0.1034070778421577,0.1122599046777654,0.0957790694686617,0.1060302567262239,0.1011214771387423,0.1068400945514409,0.0982156188535097,0.1032881099994424,0.1292317197763065,0.1066755470610258,0.10628488760952763,0.009322566574091204,10
Wine Quality,TVAE,Utility,F1_TRTR,0.5855430172344179,0.5855430172344179,0.5855430172344179,0.5855430172344179,0.5855430172344179,0.5855430172344179,0.5855430172344179,0.5855430172344179,0.5855430172344179,0.5855430172344179,0.5855430172344179,0.0,10
Wine Quality,TVAE,Utility,F1_TSTR,0.4821359393922602,0.4732831125566525,0.4897639477657561,0.479512760508194,0.4844215400956757,0.478702922682977,0.4873273983809082,0.4822549072349755,0.4563112974581114,0.4788674701733921,0.47925812962489023,0.009322566574091204,10
Wine Quality,TVAE,Utility,Precision_Gap,0.1271675790490965,0.1385703939292531,0.1232228613788062,0.1334797196349997,0.1138021993625511,0.1307637597336737,0.1265138847451434,0.1272310816200923,0.1570440994468935,0.1349798021180335,0.13127753810185433,0.011363415997412097,10
Wine Quality,TVAE,Utility,Precision_TRTR,0.596991784855523,0.596991784855523,0.596991784855523,0.596991784855523,0.596991784855523,0.596991784855523,0.596991784855523,0.596991784855523,0.596991784855523,0.596991784855523,0.596991784855523,0.0,10
Wine Quality,TVAE,Utility,Precision_TSTR,0.4698242058064264,0.4584213909262698,0.4737689234767167,0.4635120652205233,0.4831895854929719,0.4662280251218493,0.4704779001103796,0.4697607032354307,0.4399476854086295,0.4620119827374895,0.4657142467536686,0.011363415997412099,10
Wine Quality,TVAE,Utility,ROC_AUC_Gap,,,,,,,,,,,,,0
Wine Quality,TVAE,Utility,ROC_AUC_TRTR,0.7485352439106271,0.7485352439106271,0.7485352439106271,0.7485352439106271,0.7485352439106271,0.7485352439106271,0.7485352439106271,0.7485352439106271,0.7485352439106271,0.7485352439106271,0.7485352439106271,0.0,10
Wine Quality,TVAE,Utility,ROC_AUC_TSTR,,,,,,,,,,,,,0
Wine Quality,TVAE,Utility,Recall_Gap,0.0868367346938776,0.1059183673469389,0.0858843537414967,0.0938095238095239,0.0820068027210885,0.0949319727891158,0.0908843537414966,0.0941836734693878,0.1248979591836735,0.0968027210884355,0.09561564625850348,0.01224809366630012,10
Wine Quality,TVAE,Utility,Recall_TRTR,0.5999659863945579,0.5999659863945579,0.5999659863945579,0.5999659863945579,0.5999659863945579,0.5999659863945579,0.5999659863945579,0.5999659863945579,0.5999659863945579,0.5999659863945579,0.5999659863945579,0.0,10
Wine Quality,TVAE,Utility,Recall_TSTR,0.5131292517006802,0.4940476190476189,0.5140816326530612,0.506156462585034,0.5179591836734694,0.5050340136054421,0.5090816326530613,0.5057823129251701,0.4750680272108844,0.5031632653061223,0.5043503401360544,0.012248093666300116,10
Wine Quality,TabDDPM,Compute,evaluation_time_seconds,52.12180899898522,48.23603323218413,55.36181542300619,132.2712743708398,95.61278982297516,118.826576706022,264.561117780002,259.4194480830047,264.3145609640051,275.648834130996,156.63742595120203,98.12024896308985,10
Wine Quality,TabDDPM,Compute,generation_time_seconds,0.0,0.0,0.0,0.0,0.0,0.0,0.0,0.0,0.0,0.0,0.0,0.0,10
Wine Quality,TabDDPM,Compute,total_time_seconds,57.40884365700185,53.32368885306641,60.88305621407926,152.074104122119,111.9113722990733,127.8241340238601,10339.541126533,10322.242853198,10328.594204633,9953.790671305,4150.759405483821,5238.600474819032,10
Wine Quality,TabDDPM,Compute,training_time_seconds,5.271176574984565,5.072163993027061,5.504696998978034,19.71490932791494,15.86908959387802,8.920136427972466,10074.774293875,10062.752574951,10064.01733889,9677.721787236998,3993.9618167869753,5144.42853315498,10
Wine Quality,TabDDPM,Fidelity,KS_Complement,0.7191069848562193,0.7897340054449548,0.8111260421984006,0.7265416453973114,0.7283260592138846,0.773226518631955,0.7539721371448017,0.743956185128467,0.7570240343712779,0.7295103794452952,0.7532523991832567,0.030266912742008014,10
Wine Quality,TabDDPM,Fidelity,MMD,0.1453553233917951,0.0860662507222521,0.0668367374964964,0.1113747310641606,0.1543898284956404,0.1094981238415824,0.1106713974253153,0.1126735454312688,0.1037887601286236,0.1318505743774672,0.11325052723746018,0.025983874408414816,10
Wine Quality,TabDDPM,Fidelity,Quality_Score,0.7618034618503758,0.8168221829325731,0.8121038804965786,0.7672359189170187,0.7709128199129378,0.7944372872213165,0.7810038770277938,0.7848373214363293,0.7828940670356295,0.7678811365852644,0.7839931953415816,0.01883192915563102,10
Wine Quality,TabDDPM,Fidelity,Wasserstein_Distance,9.47958383450203,7.796761595599205,8.3347393595234,13.61040267603877,14.77574819506062,10.72211047174027,11.75440006114987,11.37559865530209,14.58482826905075,13.87818962686928,11.631236274483628,2.553522310969933,10
Wine Quality,TabDDPM,Privacy,MIA_AUC,0.9962962962962963,0.9966666666666666,0.9991358024691358,0.9892592592592592,0.9933333333333334,0.9938271604938272,0.9956790123456788,0.9916049382716048,0.9982716049382716,0.9969135802469136,0.9950987654320986,0.0030718724383892596,10
Wine Quality,TabDDPM,Privacy,Mahalanobis_Distance,18.34575884079869,10.56527196069425,14.14499036970953,15.91368119266268,18.62699223843587,14.28036840803248,16.00085763978581,12.0668632139911,18.8769232179466,17.61165702984635,15.643336411190337,2.8561276862068725,10
Wine Quality,TabDDPM,Privacy,Mean_Distance,18.34575884079869,10.56527196069425,14.14499036970953,15.91368119266268,18.62699223843587,14.28036840803248,16.00085763978581,12.0668632139911,18.8769232179466,17.61165702984635,15.643336411190337,2.8561276862068725,10
Wine Quality,TabDDPM,Privacy,Median_Distance,10.88747689227007,7.480167099294478,7.566716658797557,10.10945803367992,10.62297009122067,7.779041958536045,9.210567640936182,10.07709261963387,9.025462248059796,10.28495909211398,9.304391233454258,1.3000908084831744,10
Wine Quality,TabDDPM,Privacy,NNDR,0.919192116487794,0.9318904394637708,0.9305605525539328,0.9058193677172188,0.9195504963786764,0.9236299723314946,0.9112927564244592,0.9200130352464272,0.932016865023565,0.918405170518371,0.9212370772145709,0.008663401741111958,10
Wine Quality,TabDDPM,Utility,Accuracy_Gap,0.2140476190476191,0.2042176870748301,0.191904761904762,0.1850340136054423,0.211904761904762,0.1923129251700681,0.2122108843537416,0.2006802721088436,0.1993537414965987,0.226156462585034,0.20378231292517013,0.012456771163676744,10
Wine Quality,TabDDPM,Utility,Accuracy_TRTR,0.5999659863945579,0.5999659863945579,0.5999659863945579,0.5999659863945579,0.5999659863945579,0.5999659863945579,0.5999659863945579,0.5999659863945579,0.5999659863945579,0.5999659863945579,0.5999659863945579,0.0,10
Wine Quality,TabDDPM,Utility,Accuracy_TSTR,0.3859183673469388,0.3957482993197278,0.4080612244897959,0.4149319727891156,0.3880612244897959,0.4076530612244898,0.3877551020408163,0.3992857142857142,0.4006122448979592,0.3738095238095239,0.39618367346938776,0.012456771163676736,10
Wine Quality,TabDDPM,Utility,F1_Gap,0.281737644466561,0.2741452655030264,0.2665996115022195,0.2532706434748508,0.2686309619362806,0.2591361558923552,0.2713703270259165,0.2221781848414379,0.258497461802113,0.2695857561610974,0.26251520126058586,0.016422709790898566,10
Wine Quality,TabDDPM,Utility,F1_TRTR,0.5855430172344179,0.5855430172344179,0.5855430172344179,0.5855430172344179,0.5855430172344179,0.5855430172344179,0.5855430172344179,0.5855430172344179,0.5855430172344179,0.5855430172344179,0.5855430172344179,0.0,10
Wine Quality,TabDDPM,Utility,F1_TSTR,0.303805372767857,0.3113977517313915,0.3189434057321984,0.3322723737595671,0.3169120552981374,0.3264068613420628,0.3141726902085014,0.3633648323929801,0.3270455554323049,0.3159572610733206,0.3230278159738321,0.016422709790898566,10
Wine Quality,TabDDPM,Utility,Precision_Gap,0.3191673176227645,0.3134540786385346,0.2995365194095832,0.2888310474731378,0.2573545647780306,0.2801861939234587,0.2773625567590671,0.2506598080126775,0.2770049644427734,0.2804320160243296,0.2843989067084357,0.0218815589233399,10
Wine Quality,TabDDPM,Utility,Precision_TRTR,0.596991784855523,0.596991784855523,0.596991784855523,0.596991784855523,0.596991784855523,0.596991784855523,0.596991784855523,0.596991784855523,0.596991784855523,0.596991784855523,0.596991784855523,0.0,10
Wine Quality,TabDDPM,Utility,Precision_TSTR,0.2778244672327584,0.2835377062169883,0.2974552654459398,0.3081607373823852,0.3396372200774924,0.3168055909320643,0.3196292280964558,0.3463319768428455,0.3199868204127495,0.3165597688311934,0.3125928781470872,0.021881558923339928,10
Wine Quality,TabDDPM,Utility,ROC_AUC_Gap,,,0.2305870876719902,0.2298453519030139,0.2181123542101026,0.2616004805102895,,,,0.2358811550193987,0.23520528586295902,0.016119770924724327,5
Wine Quality,TabDDPM,Utility,ROC_AUC_TRTR,0.7485352439106271,0.7485352439106271,0.7485352439106271,0.7485352439106271,0.7485352439106271,0.7485352439106271,0.7485352439106271,0.7485352439106271,0.7485352439106271,0.7485352439106271,0.7485352439106271,0.0,10
Wine Quality,TabDDPM,Utility,ROC_AUC_TSTR,,,0.5179481562386369,0.5186898920076132,0.5304228897005245,0.4869347634003376,,,,0.5126540888912284,0.5133299580476682,0.01611977092472434,5
Wine Quality,TabDDPM,Utility,Recall_Gap,0.2140476190476191,0.2042176870748301,0.191904761904762,0.1850340136054423,0.211904761904762,0.1923129251700681,0.2122108843537416,0.2006802721088436,0.1993537414965987,0.226156462585034,0.20378231292517013,0.012456771163676744,10
Wine Quality,TabDDPM,Utility,Recall_TRTR,0.5999659863945579,0.5999659863945579,0.5999659863945579,0.5999659863945579,0.5999659863945579,0.5999659863945579,0.5999659863945579,0.5999659863945579,0.5999659863945579,0.5999659863945579,0.5999659863945579,0.0,10
Wine Quality,TabDDPM,Utility,Recall_TSTR,0.3859183673469388,0.3957482993197278,0.4080612244897959,0.4149319727891156,0.3880612244897959,0.4076530612244898,0.3877551020408163,0.3992857142857142,0.4006122448979592,0.3738095238095239,0.39618367346938776,0.012456771163676736,10
Wine Quality,WGAN-GP,Compute,evaluation_time_seconds,25.78044228581712,21.72538729594089,20.23580473707989,110.4306419221684,106.8905759269837,118.0530576740857,74.25019878499734,2468.955568424004,350.5503426279975,126.1386874519958,342.30107071310704,753.3225758613451,10
Wine Quality,WGAN-GP,Compute,generation_time_seconds,0.0,0.0,0.0,0.0,0.0,0.0,0.0,0.0,0.0,0.0,0.0,0.0,10
Wine Quality,WGAN-GP,Compute,total_time_seconds,130.068836475024,125.8900276019704,123.5745656378567,323.9317352720536,317.0479347058572,424.2395916869864,23770.115528804,26284.237546505,11886.846021643,14129.380047023,7751.5331835354755,10521.865195985687,10
Wine Quality,WGAN-GP,Compute,training_time_seconds,104.2733004661277,104.1496031058487,103.3234888208099,213.2605101799127,209.8940790148918,306.1189136020839,23695.701722181,23815.067453374,11535.985009714,14003.095996476,7409.087007693468,10050.313996386734,10
Wine Quality,WGAN-GP,Fidelity,KS_Complement,0.9057029521864898,0.9218376722817764,0.9157672281776416,0.9255176110260338,0.915425216947422,0.9126947847541262,0.895741364641824,0.9119449123702568,0.9258361834269184,0.9163709800918836,0.9146838905904373,0.009119114663435667,10
Wine Quality,WGAN-GP,Fidelity,MMD,0.0161318840271628,0.0198632060316483,0.0150560886907302,0.0182681111150745,0.0169053940514671,0.0155225283753926,0.0238167198431939,0.0142003950155246,0.0184787650625052,0.0113607577006208,0.016960384991332,0.0034125244420651992,10
Wine Quality,WGAN-GP,Fidelity,Quality_Score,0.9497426854109662,0.9563215424366264,0.9505575606429432,0.9567110007010392,0.9468290400912308,0.9496749276865056,0.9387766392618032,0.949527081375292,0.956320061240497,0.9522387509092554,0.950669928975616,0.005397445715713299,10
Wine Quality,WGAN-GP,Fidelity,Wasserstein_Distance,1.901335702342168,0.6981165990131721,1.825569858550586,1.252814820720858,1.346904210022797,0.6974949604838542,2.025148999865865,1.15512406623922,1.297704613126101,1.136764022308664,1.3336977852673286,0.4630402735423491,10
Wine Quality,WGAN-GP,Privacy,MIA_AUC,0.7474074074074074,0.6202469135802469,0.7004938271604939,0.7764197530864198,0.7211111111111111,0.7720987654320988,0.7287654320987654,0.7062962962962963,0.6612345679012345,0.67,0.7104074074074075,0.04975368378773202,10
Wine Quality,WGAN-GP,Privacy,Mahalanobis_Distance,3.47080144866132,3.281046590212888,3.412574860919115,3.377837776013475,3.404645489560514,3.44067106666979,3.366973230976905,3.374927689962059,3.457902122124905,3.331577235827121,3.3918957510928096,0.058294936383753486,10
Wine Quality,WGAN-GP,Privacy,Mean_Distance,3.47080144866132,3.281046590212888,3.412574860919115,3.377837776013475,3.404645489560514,3.44067106666979,3.366973230976905,3.374927689962059,3.457902122124905,3.331577235827121,3.3918957510928096,0.058294936383753486,10
Wine Quality,WGAN-GP,Privacy,Median_Distance,3.377676610136454,3.276700882752289,3.267177345638311,3.294531810055747,3.374208803871395,3.395946657460261,3.310570377422982,3.310053855755507,3.375847805784612,3.302163019105467,3.3284877167983025,0.04743571219362897,10
Wine Quality,WGAN-GP,Privacy,NNDR,0.9083340843297526,0.903885116036156,0.9030061784754726,0.9050220786998872,0.907980092494812,0.9010234878070396,0.903294722959703,0.9053352546708118,0.907350260671391,0.9061651808852962,0.9051396457030322,0.0023742887773313074,10
Wine Quality,WGAN-GP,Utility,Accuracy_Gap,0.1443877551020409,0.1306122448979593,0.1379251700680273,0.20421768707483,0.1741156462585035,0.1578911564625851,0.1537755102040818,0.2300680272108844,0.1311904761904764,0.1827551020408164,0.16469387755102055,0.033047632583976305,10
Wine Quality,WGAN-GP,Utility,Accuracy_TRTR,0.5999659863945579,0.5999659863945579,0.5999659863945579,0.5999659863945579,0.5999659863945579,0.5999659863945579,0.5999659863945579,0.5999659863945579,0.5999659863945579,0.5999659863945579,0.5999659863945579,0.0,10
Wine Quality,WGAN-GP,Utility,Accuracy_TSTR,0.4555782312925169,0.4693537414965986,0.4620408163265306,0.3957482993197279,0.4258503401360544,0.4420748299319728,0.4461904761904761,0.3698979591836735,0.4687755102040815,0.4172108843537415,0.43527210884353734,0.0330476325839763,10
Wine Quality,WGAN-GP,Utility,F1_Gap,0.1473212729807358,0.1333913883459394,0.1406281823401607,0.2019265291488206,0.1737038772014715,0.1697957572571424,0.1526880972293478,0.2407136390259816,0.12982469401242,0.1706619001863546,0.16606553377283745,0.03417292018213309,10
Wine Quality,WGAN-GP,Utility,F1_TRTR,0.5855430172344179,0.5855430172344179,0.5855430172344179,0.5855430172344179,0.5855430172344179,0.5855430172344179,0.5855430172344179,0.5855430172344179,0.5855430172344179,0.5855430172344179,0.5855430172344179,0.0,10
Wine Quality,WGAN-GP,Utility,F1_TSTR,0.4382217442536821,0.4521516288884785,0.4449148348942571,0.3836164880855973,0.4118391400329465,0.4157472599772756,0.4328549200050701,0.3448293782084363,0.4557183232219979,0.4148811170480634,0.4194774834615805,0.03417292018213307,10
Wine Quality,WGAN-GP,Utility,Precision_Gap,0.1503282078525012,0.1322670524831856,0.1413973740466575,0.1935391926853451,0.1649348084833426,0.1677356081235999,0.1554067776149949,0.1971980684297082,0.1360320105345268,0.1616594858889693,0.1600498586142831,0.022110265559153387,10
Wine Quality,WGAN-GP,Utility,Precision_TRTR,0.596991784855523,0.596991784855523,0.596991784855523,0.596991784855523,0.596991784855523,0.596991784855523,0.596991784855523,0.596991784855523,0.596991784855523,0.596991784855523,0.596991784855523,0.0,10
Wine Quality,WGAN-GP,Utility,Precision_TSTR,0.4466635770030217,0.4647247323723373,0.4555944108088654,0.4034525921701778,0.4320569763721803,0.429256176731923,0.441585007240528,0.3997937164258148,0.4609597743209962,0.4353322989665536,0.43694192624123984,0.02211026555915338,10
Wine Quality,WGAN-GP,Utility,ROC_AUC_Gap,0.1253342719186725,,0.1154721622076757,,,0.1379521363940964,,0.161677098582992,0.0979591431970547,,0.12767896246009827,0.02397489606689965,5
Wine Quality,WGAN-GP,Utility,ROC_AUC_TRTR,0.7485352439106271,0.7485352439106271,0.7485352439106271,0.7485352439106271,0.7485352439106271,0.7485352439106271,0.7485352439106271,0.7485352439106271,0.7485352439106271,0.7485352439106271,0.7485352439106271,0.0,10
Wine Quality,WGAN-GP,Utility,ROC_AUC_TSTR,0.6232009719919546,,0.6330630817029513,,,0.6105831075165307,,0.5868581453276351,0.6505761007135723,,0.6208562814505287,0.0239748960668996,5
Wine Quality,WGAN-GP,Utility,Recall_Gap,0.1443877551020409,0.1306122448979593,0.1379251700680273,0.20421768707483,0.1741156462585035,0.1578911564625851,0.1537755102040818,0.2300680272108844,0.1311904761904764,0.1827551020408164,0.16469387755102055,0.033047632583976305,10
Wine Quality,WGAN-GP,Utility,Recall_TRTR,0.5999659863945579,0.5999659863945579,0.5999659863945579,0.5999659863945579,0.5999659863945579,0.5999659863945579,0.5999659863945579,0.5999659863945579,0.5999659863945579,0.5999659863945579,0.5999659863945579,0.0,10
Wine Quality,WGAN-GP,Utility,Recall_TSTR,0.4555782312925169,0.4693537414965986,0.4620408163265306,0.3957482993197279,0.4258503401360544,0.4420748299319728,0.4461904761904761,0.3698979591836735,0.4687755102040815,0.4172108843537415,0.43527210884353734,0.0330476325839763,10
