Dataset,Generator,metric_category,metric_name,seed_42,seed_123,seed_2024,seed_68,seed_91,seed_2025,seed_55,seed_155,seed_255,seed_355,mean,sd,n_seeds
Air Quality,CTABGAN,Compute,evaluation_time_seconds,120.5875972560607,116.8075220279861,119.1331756091677,178.8714429431129,133.357834574068,56.99222121294588,226.9302764949971,224.9045590379974,145.3618718670041,186.7872141559928,150.97337151793326,53.30713619388764,10
Air Quality,CTABGAN,Compute,generation_time_seconds,0.0,0.0,0.0,0.0,0.0,0.0,0.0,0.0,0.0,0.0,0.0,0.0,10
Air Quality,CTABGAN,Compute,total_time_seconds,1535.299389088061,1592.774699006928,1572.874293376924,1561.257398195099,1535.635936666047,1053.729969408829,3372.468759639007,1462.194227464992,3859.736168104006,3184.609196229001,2073.0580037178893,991.5879456927062,10
Air Quality,CTABGAN,Compute,training_time_seconds,1414.649529209128,1475.829319410026,1453.686154830037,1382.262249812949,1402.206240940839,996.7010930927936,3145.421221669996,1237.15651502501,3714.220999461999,2997.700163270005,1921.9833486722782,967.7251748306684,10
Air Quality,CTABGAN,Fidelity,KS_Complement,0.8834087148656289,0.889117568470274,0.8794811674631314,0.8971198294023945,0.8746078824315299,0.8608043266019216,0.8907883459226145,0.8637481116078312,0.8665109706592672,0.8478871589332512,0.8753474076357846,0.015502295700268086,10
Air Quality,CTABGAN,Fidelity,MMD,0.0448379743688005,0.0278446923385421,0.0359217469677217,0.0245756209589416,0.0315497226584065,0.0345232745869297,0.01295590360873,0.0316489422871221,0.0232564295204413,0.0447079411957576,0.031182224849139312,0.009736565767335432,10
Air Quality,CTABGAN,Fidelity,Quality_Score,0.8179558221472663,0.8257863055805921,0.8205958587467246,0.8422101214441551,0.820842799956424,0.8094914797312287,0.8219403146759943,0.8114487081188198,0.8159035126939922,0.8011613795397471,0.8187336302634944,0.010928917642143897,10
Air Quality,CTABGAN,Fidelity,Wasserstein_Distance,46.09763667945999,54.22972717769471,51.4014882798219,45.71644600707236,38.73289538554762,54.97532354881257,51.91893784484041,62.21976756695304,56.5146682389523,68.69444582130616,53.0501336550461,8.544189851953632,10
Air Quality,CTABGAN,Privacy,MIA_AUC,0.7406172839506172,0.6077777777777778,0.7176543209876544,0.6607407407407407,0.7730864197530863,0.788148148148148,0.671604938271605,0.7264197530864198,0.7567901234567901,0.7651851851851852,0.7208024691358024,0.057513736949082225,10
Air Quality,CTABGAN,Privacy,Mahalanobis_Distance,6.140941426948259,6.315532204569624,6.102139378118888,6.451075330544359,7.354337390509305,6.833182780878143,6.411069854999246,6.321335505692049,6.008073063301134,6.55869656299525,6.449638349855626,0.39783375620347855,10
Air Quality,CTABGAN,Privacy,Mean_Distance,6.140941426948259,6.315532204569624,6.102139378118888,6.451075330544359,7.354337390509305,6.833182780878143,6.411069854999246,6.321335505692049,6.008073063301134,6.55869656299525,6.449638349855626,0.39783375620347855,10
Air Quality,CTABGAN,Privacy,Median_Distance,5.469211023203197,5.693334281085649,5.480649689873967,5.819266973123804,5.467075229011867,5.888158844540936,5.707611050355236,5.561495243437993,5.220243991290385,5.964140672836254,5.627118699875927,0.22885357577580423,10
Air Quality,CTABGAN,Privacy,NNDR,0.904665592023888,0.9066259203485918,0.8998856078358295,0.908605651417192,0.9077742380275076,0.899525325258679,0.9016886090278122,0.9074437635805512,0.9007484326213784,0.8991164915333302,0.9036079631674759,0.0037981392726764047,10
Air Quality,CTABGAN,Utility,MAE_Increase,7.415860143687233,7.477030952320256,7.368989220084761,2.299794725135957,3.415278697481277,7.557458667937066,7.360157719646846,7.396029154361909,7.383595272411809,7.323436067241357,6.499763062030847,1.9386566597006436,10
Air Quality,CTABGAN,Utility,MAE_TRTR,0.37588564543533,0.37588564543533,0.37588564543533,0.37588564543533,0.37588564543533,0.37588564543533,0.37588564543533,0.37588564543533,0.37588564543533,0.37588564543533,0.37588564543533,0.0,10
Air Quality,CTABGAN,Utility,MAE_TSTR,7.791745789122563,7.852916597755586,7.744874865520091,2.675680370571286,3.791164342916606,7.933344313372396,7.736043365082176,7.771914799797239,7.75948091784714,7.699321712676688,6.875648707466178,1.938656659700644,10
Air Quality,CTABGAN,Utility,R2_Gap,1.0077023885406,1.018921878603865,1.00388921041711,0.0875088349170593,0.1351905062016294,1.01543740881012,1.003683440041794,0.9973990768250398,0.9899132440167048,0.9938210852286208,0.8253467073602543,0.3765824269536428,10
Air Quality,CTABGAN,Utility,R2_TRTR,0.9996581308880872,0.9996581308880872,0.9996581308880872,0.9996581308880872,0.9996581308880872,0.9996581308880872,0.9996581308880872,0.9996581308880872,0.9996581308880872,0.9996581308880872,0.999658130888087,0.0,10
Air Quality,CTABGAN,Utility,R2_TSTR,-0.008044257652513,-0.0192637477157775,-0.0042310795290226,0.912149295971028,0.8644676246864578,-0.0157792779220324,-0.004025309153707,0.0022590540630473,0.0097448868713825,0.0058370456594663,0.17431142352783294,0.3765824269536428,10
Air Quality,CTABGAN,Utility,RMSE_Increase,38.30107366844207,38.51825094110626,38.22666271187167,10.49486835092049,13.67056151717711,38.45146936746124,38.22155246587151,38.09988052763745,37.95168321617915,38.02897313132471,32.99649758979917,11.049284269274697,10
Air Quality,CTABGAN,Utility,RMSE_TRTR,0.5122376807670547,0.5122376807670547,0.5122376807670547,0.5122376807670547,0.5122376807670547,0.5122376807670547,0.5122376807670547,0.5122376807670547,0.5122376807670547,0.5122376807670547,0.5122376807670548,0.0,10
Air Quality,CTABGAN,Utility,RMSE_TSTR,38.81331134920913,39.03048862187332,38.73890039263873,11.00710603168755,14.18279919794416,38.9637070482283,38.73379014663857,38.61211820840451,38.46392089694621,38.54121081209177,33.50873527056623,11.049284269274697,10
Air Quality,CTGAN,Compute,evaluation_time_seconds,169.7087604179978,158.9451712761074,158.5988463230897,163.6490585629363,136.4258267551195,114.7617233810015,284.3297330590067,1236.889022817006,302.311455285002,238.6498319480015,296.42694298252684,336.3490223479254,10
Air Quality,CTGAN,Compute,generation_time_seconds,0.0,0.0,0.0,0.0,0.0,0.0,0.0,0.0,0.0,0.0,0.0,0.0,10
Air Quality,CTGAN,Compute,total_time_seconds,389.551452771062,387.3074562740512,382.7616239639465,341.6567054460756,340.8230878140312,317.9343451929744,4179.125720757002,5280.424896578996,5426.217497014994,1502.559632201002,1854.8362418014135,2196.6530501038133,10
Air Quality,CTGAN,Compute,training_time_seconds,219.7894350478891,228.2532329319511,223.9451297970954,173.8287664069794,204.3396526540164,202.9889927110635,3891.905348478002,4043.385166622,5123.787406233001,1263.730614811,1557.5953745692998,1981.8286676018804,10
Air Quality,CTGAN,Fidelity,KS_Complement,0.8840182416114281,0.8949255947793022,0.877317404038847,0.8906742202353425,0.9087649144442732,0.8911589332511176,0.8862722881660757,0.8765574225373824,0.8854603566106571,0.906282770669544,0.8901432146343969,0.010826620862945724,10
Air Quality,CTGAN,Fidelity,MMD,0.0144739699573943,0.0093816526830643,0.0164336646359574,0.0225004564203161,0.0121661320494301,0.0137755389282909,0.0120323584672854,0.0174523785435637,0.0104811909761903,0.0111289538988931,0.013982629656038558,0.0039378526718781,10
Air Quality,CTGAN,Fidelity,Quality_Score,0.8919892568448893,0.9132668511864934,0.9009759716404536,0.9050167419519002,0.9206898295371604,0.9104014672814597,0.9055800274201338,0.8885438340597167,0.8984304005844685,0.9050550554676196,0.9039949435974295,0.009622676131241814,10
Air Quality,CTGAN,Fidelity,Wasserstein_Distance,29.07537898004214,23.46042733891887,27.05521702493193,29.8200606635322,21.04181242821027,20.82583651554905,25.72272673430451,25.35605233733622,28.337904695473,21.76663590461949,25.246205262291767,3.352709970138064,10
Air Quality,CTGAN,Privacy,MIA_AUC,0.6285185185185186,0.6546913580246914,0.6588888888888889,0.7376543209876543,0.6108641975308642,0.7353086419753088,0.5972839506172839,0.7058024691358025,0.6154320987654321,0.6334567901234568,0.6577901234567902,0.05143451654401661,10
Air Quality,CTGAN,Privacy,Mahalanobis_Distance,12.39724697878754,12.20586392049251,13.30709226750076,11.41826579260609,11.6454722855261,10.65157673652799,13.12466149552687,12.4315083418651,13.77947323241458,14.32666083723809,12.528782188848563,1.1267385445579963,10
Air Quality,CTGAN,Privacy,Mean_Distance,12.39724697878754,12.20586392049251,13.30709226750076,11.41826579260609,11.6454722855261,10.65157673652799,13.12466149552687,12.4315083418651,13.77947323241458,14.32666083723809,12.528782188848563,1.1267385445579963,10
Air Quality,CTGAN,Privacy,Median_Distance,6.883197196624733,7.464597495951443,7.100047985653925,7.512729869795065,7.212946690105597,7.259917535427585,7.246385827006655,7.759771585035942,6.907572204576674,7.531416190072287,7.2878582580249915,0.2819731664671392,10
Air Quality,CTGAN,Privacy,NNDR,0.9147438331180772,0.9141148280899912,0.9109220321332032,0.9187446502828438,0.9170471925649352,0.9158672183174976,0.9198163903219788,0.9113323273517192,0.9227609869261314,0.9182600696746775,0.9163609528781056,0.0037332280763274672,10
Air Quality,CTGAN,Utility,MAE_Increase,2.471668945142719,1.86415380951538,2.200250945730265,3.236124060581508,2.962056224086879,2.228533166380795,2.825128701488597,4.065093186792381,2.684623422381294,2.770042876698888,2.7307675338798703,0.6194728155627898,10
Air Quality,CTGAN,Utility,MAE_TRTR,0.37588564543533,0.37588564543533,0.37588564543533,0.37588564543533,0.37588564543533,0.37588564543533,0.37588564543533,0.37588564543533,0.37588564543533,0.37588564543533,0.37588564543533,0.0,10
Air Quality,CTGAN,Utility,MAE_TSTR,2.847554590578048,2.24003945495071,2.576136591165595,3.612009706016838,3.337941869522209,2.604418811816124,3.201014346923927,4.440978832227711,3.060509067816624,3.145928522134218,3.106653179315201,0.6194728155627899,10
Air Quality,CTGAN,Utility,R2_Gap,0.0166686605717625,0.0124516977055109,0.0208154916558541,0.0400915477868153,0.0231240885379353,0.017612441038097,0.0189472283961412,0.04154492599606,0.0269024417845107,0.0176184977664117,0.02357770212390987,0.00987971137029844,10
Air Quality,CTGAN,Utility,R2_TRTR,0.9996581308880872,0.9996581308880872,0.9996581308880872,0.9996581308880872,0.9996581308880872,0.9996581308880872,0.9996581308880872,0.9996581308880872,0.9996581308880872,0.9996581308880872,0.999658130888087,0.0,10
Air Quality,CTGAN,Utility,R2_TSTR,0.9829894703163248,0.9872064331825764,0.978842639232233,0.959566583101272,0.9765340423501518,0.9820456898499902,0.980710902491946,0.9581132048920272,0.9727556891035763,0.9820396331216754,0.9760804287641776,0.009879711370298439,10
Air Quality,CTGAN,Utility,RMSE_Increase,4.394368587394218,3.827153286916471,5.058744495692755,7.182408327325267,4.834032277687611,4.645551486804313,4.497264153175331,7.033041186512861,5.836918794515028,4.5446764579383,5.185415905396216,1.135872483610141,10
Air Quality,CTGAN,Utility,RMSE_TRTR,0.5122376807670547,0.5122376807670547,0.5122376807670547,0.5122376807670547,0.5122376807670547,0.5122376807670547,0.5122376807670547,0.5122376807670547,0.5122376807670547,0.5122376807670547,0.5122376807670548,0.0,10
Air Quality,CTGAN,Utility,RMSE_TSTR,4.906606268161273,4.339390967683525,5.57098217645981,7.694646008092322,5.346269958454666,5.157789167571368,5.009501833942386,7.545278867279916,6.349156475282083,5.056914138705355,5.69765358616327,1.1358724836101413,10
Air Quality,CopulaGAN,Compute,evaluation_time_seconds,113.9886996231508,107.9367179030087,120.5244506120216,166.3931266081054,131.6558950110339,172.6151180909947,300.3615310380046,248.9854462509975,271.0365135949978,1250.636121809002,288.4133620541317,345.11277652863686,10
Air Quality,CopulaGAN,Compute,generation_time_seconds,0.0,0.0,0.0,0.0,0.0,0.0,0.0,0.0,0.0,0.0,0.0,0.0,10
Air Quality,CopulaGAN,Compute,total_time_seconds,374.6672465389129,376.294767037034,387.5661094619427,373.4367192930076,337.9251772579737,361.9706199110951,3641.534578485,5005.383658662999,5079.590032657004,1555.003637829002,1749.3372547133972,2020.724690905392,10
Air Quality,CopulaGAN,Compute,training_time_seconds,260.621080925921,268.2950819530524,266.8513373059686,206.9932248571422,206.2155334469862,189.2334885220043,3340.974985492998,4756.226842215001,4808.397543691004,304.2278206529954,1460.8036939063072,1999.7186024711136,10
Air Quality,CopulaGAN,Fidelity,KS_Complement,0.9168626997584912,0.8999215353784492,0.8940746107599815,0.8997407635784387,0.8944774677560248,0.8965936488361338,0.8868182005035714,0.8975036226298753,0.9068145521812856,0.887199938338215,0.8980007039720468,0.008894039349089321,10
Air Quality,CopulaGAN,Fidelity,MMD,0.0180719428501415,0.0123042686304121,0.0148813231406415,0.0101883860802167,0.0189078092259673,0.0117581548351066,0.0272899120686778,0.0077846338352655,0.0084307606398172,0.0157891903156064,0.014540638162185263,0.005872923632262227,10
Air Quality,CopulaGAN,Fidelity,Quality_Score,0.9225567107791032,0.9088400633150208,0.9087824667129828,0.9111996138749112,0.9038220820772532,0.9003265527655452,0.9095175369275704,0.9193409142105896,0.9210317420333628,0.8952624432918748,0.9100680125988214,0.008944360436118378,10
Air Quality,CopulaGAN,Fidelity,Wasserstein_Distance,17.77802730814964,28.05132218560711,31.13828740610966,22.42440923723344,24.17872713115976,21.66355995420586,27.98924550001028,26.87863071934125,18.71835542305123,24.43126209765685,24.32518269625251,4.285370430002015,10
Air Quality,CopulaGAN,Privacy,MIA_AUC,0.6424691358024691,0.6233333333333333,0.6445679012345679,0.644074074074074,0.6060493827160494,0.5648148148148148,0.6164197530864197,0.6713580246913581,0.6479012345679012,0.652962962962963,0.6313950617283951,0.030103832799301244,10
Air Quality,CopulaGAN,Privacy,Mahalanobis_Distance,11.73942380227196,15.50260437538032,14.28692360658438,12.63656569540743,13.0000827008178,13.29393869152865,11.96392549558808,13.54505391215143,12.28938938471206,12.05945419146038,13.031736185590251,1.1774168519694188,10
Air Quality,CopulaGAN,Privacy,Mean_Distance,11.73942380227196,15.50260437538032,14.28692360658438,12.63656569540743,13.0000827008178,13.29393869152865,11.96392549558808,13.54505391215143,12.28938938471206,12.05945419146038,13.031736185590251,1.1774168519694188,10
Air Quality,CopulaGAN,Privacy,Median_Distance,7.040557641520213,7.561063058568847,7.601004660344209,7.386658084112273,7.416485531311264,7.498604643370825,7.525612633751768,7.499776848503164,7.187054120172188,7.214464834959579,7.393128205661434,0.18581550868918736,10
Air Quality,CopulaGAN,Privacy,NNDR,0.9148672205933254,0.9268727456359728,0.9208294829390664,0.9193139002967572,0.9233011274506272,0.9191884968376576,0.9298652815229425,0.9255345004674388,0.9290823035891312,0.9215178465280884,0.9230372905861006,0.004793398725399322,10
Air Quality,CopulaGAN,Utility,MAE_Increase,2.609251903757404,3.787094142964461,3.457667533891768,2.743243759473037,3.401225862518937,2.59060783066695,2.018893187782074,3.426262691462628,2.277280565153394,3.231055815100718,2.9542583292771374,0.5845441120322952,10
Air Quality,CopulaGAN,Utility,MAE_TRTR,0.37588564543533,0.37588564543533,0.37588564543533,0.37588564543533,0.37588564543533,0.37588564543533,0.37588564543533,0.37588564543533,0.37588564543533,0.37588564543533,0.37588564543533,0.0,10
Air Quality,CopulaGAN,Utility,MAE_TSTR,2.985137549192734,4.162979788399791,3.833553179327098,3.119129404908367,3.777111507954267,2.96649347610228,2.394778833217404,3.802148336897958,2.653166210588723,3.606941460536048,3.330143974712467,0.5845441120322954,10
Air Quality,CopulaGAN,Utility,R2_Gap,0.0256234332261502,0.0718513083650942,0.0772482993795347,0.0281195293876386,0.0320419372263692,0.0215435320930863,0.0127397265855414,0.0467298411709258,0.0164936678276788,0.0358124723686119,0.03682037476306311,0.02213880710005322,10
Air Quality,CopulaGAN,Utility,R2_TRTR,0.9996581308880872,0.9996581308880872,0.9996581308880872,0.9996581308880872,0.9996581308880872,0.9996581308880872,0.9996581308880872,0.9996581308880872,0.9996581308880872,0.9996581308880872,0.999658130888087,0.0,10
Air Quality,CopulaGAN,Utility,R2_TSTR,0.974034697661937,0.927806822522993,0.9224098315085524,0.9715386015004486,0.967616193661718,0.9781145987950008,0.9869184043025456,0.9529282897171614,0.9831644630604084,0.9638456585194752,0.962837756125024,0.022138807100053226,10
Air Quality,CopulaGAN,Utility,RMSE_Increase,5.690660429116035,9.608484001780983,9.445855446566435,5.940739424766441,6.022323868512875,5.173267209675585,3.72795127914182,7.750599114100733,4.476589836285581,6.832596373328681,6.466906698327517,1.9646612386514917,10
Air Quality,CopulaGAN,Utility,RMSE_TRTR,0.5122376807670547,0.5122376807670547,0.5122376807670547,0.5122376807670547,0.5122376807670547,0.5122376807670547,0.5122376807670547,0.5122376807670547,0.5122376807670547,0.5122376807670547,0.5122376807670548,0.0,10
Air Quality,CopulaGAN,Utility,RMSE_TSTR,6.20289810988309,10.12072168254804,9.958093127333491,6.452977105533496,6.53456154927993,5.68550489044264,4.240188959908875,8.262836794867788,4.988827517052636,7.344834054095736,6.979144379094572,1.9646612386514923,10
Air Quality,ForestDiffusion,Compute,evaluation_time_seconds,149.7509041880257,135.609571052948,134.8646392580122,114.7508105230518,118.3316487481352,143.8110261817928,221.6659831869983,377.4673564210025,192.7166336610026,885.125416257004,247.4093989477973,237.33368647761142,10
Air Quality,ForestDiffusion,Compute,generation_time_seconds,0.0,0.0,0.0,0.0,0.0,0.0,0.0,0.0,0.0,0.0,0.0,0.0,10
Air Quality,ForestDiffusion,Compute,total_time_seconds,177.9619037779048,192.6904444589745,192.7923657209612,163.916608489817,166.1303850160912,193.7923257991206,335.3944975000049,462.6293346130042,297.2300114269965,1004.840315290996,318.7378192093871,259.61927315602463,10
Air Quality,ForestDiffusion,Compute,training_time_seconds,28.14371399302036,56.98530001193285,57.73003516788594,49.01736065698788,47.57706588692963,49.93215087801218,113.6215944259966,84.79503308099811,104.4114172059999,119.5809546210003,71.17946259287638,31.916388522354207,10
Air Quality,ForestDiffusion,Fidelity,KS_Complement,0.8598094136991933,0.8608789887467242,0.8693041981398696,0.8609980987616257,0.8567750372539951,0.8478714351780484,0.8561409999486153,0.869276707260675,0.8652013771132009,0.8562808180463493,0.8602537074148296,0.006558013423995769,10
Air Quality,ForestDiffusion,Fidelity,MMD,0.0281730845391378,0.0208164972518303,0.0266690487077465,0.0272670184888553,0.0201262849746101,0.0254634359170907,0.0245043349504836,0.0218497642181729,0.0355765678842224,0.0208384513141488,0.02512844882462984,0.004698109337728486,10
Air Quality,ForestDiffusion,Fidelity,Quality_Score,0.9075967999570562,0.91319020275717,0.9191463016985182,0.8927612724387377,0.9027828618774748,0.9060263244795344,0.8859786034336152,0.9148876171449872,0.8994445528107378,0.8993956389347553,0.9041210175532587,0.010240553336956764,10
Air Quality,ForestDiffusion,Fidelity,Wasserstein_Distance,38.35375269303886,34.8818716939789,32.48535005540275,39.69768616964466,40.45964625389227,40.10346600028437,42.25296105535233,33.634548850529,38.44504767969603,37.27784560047315,37.75921760522923,3.1780575938025537,10
Air Quality,ForestDiffusion,Privacy,MIA_AUC,0.4187654320987654,0.4149382716049383,0.49,0.4718518518518519,0.4655555555555556,0.4995061728395062,0.5260493827160494,0.4646913580246914,0.4348148148148148,0.4819753086419752,0.46681481481481485,0.03559063198938238,10
Air Quality,ForestDiffusion,Privacy,Mahalanobis_Distance,3.190327467505648,3.77702351186944,3.711217624451345,3.405119582671714,3.38742084357462,3.514596818115504,3.588198880487917,3.977371699344629,3.48515829658052,3.856568217832447,3.5893002942433783,0.24092874511525653,10
Air Quality,ForestDiffusion,Privacy,Mean_Distance,3.190327467505648,3.77702351186944,3.711217624451345,3.405119582671714,3.38742084357462,3.514596818115504,3.588198880487917,3.977371699344629,3.48515829658052,3.856568217832447,3.5893002942433783,0.24092874511525653,10
Air Quality,ForestDiffusion,Privacy,Median_Distance,2.554044809778429,2.711094694657575,2.778304828627212,2.588402943651629,2.559363196482269,2.583661394872173,2.696895673442912,2.731513089172844,2.764231562665451,2.607854143151249,2.6575366336501745,0.08750417762263407,10
Air Quality,ForestDiffusion,Privacy,NNDR,0.8851822904583282,0.8801131342794305,0.8744717072880953,0.8825615139799046,0.8892375983810855,0.8773248430348601,0.8761069596680943,0.8901640693772518,0.8768267972183984,0.884781806394838,0.8816770720080287,0.005575295198930467,10
Air Quality,ForestDiffusion,Utility,MAE_Increase,0.5385482312571195,0.8014583809508523,1.03456085084919,0.7055307351557384,0.6062102182984024,0.9134126193380524,0.863488342136696,1.224234577445462,0.8310694004257301,0.8458757656891666,0.836438912154641,0.19903014493622193,10
Air Quality,ForestDiffusion,Utility,MAE_TRTR,0.37588564543533,0.37588564543533,0.37588564543533,0.37588564543533,0.37588564543533,0.37588564543533,0.37588564543533,0.37588564543533,0.37588564543533,0.37588564543533,0.37588564543533,0.0,10
Air Quality,ForestDiffusion,Utility,MAE_TSTR,0.9144338766924496,1.177344026386182,1.41044649628452,1.081416380591068,0.9820958637337324,1.289298264773382,1.239373987572026,1.600120222880792,1.20695504586106,1.221761411124497,1.2123245575899708,0.19903014493622198,10
Air Quality,ForestDiffusion,Utility,R2_Gap,0.0018234995212761,0.0027197083006382,0.0035917214790914,0.002441777088884,0.0019134459977774,0.0064637480190725,0.0037715795222785,0.0052767292999138,0.001716031614638,0.0035234570237061,0.0033241697867276002,0.0015618068847811398,10
Air Quality,ForestDiffusion,Utility,R2_TRTR,0.9996581308880872,0.9996581308880872,0.9996581308880872,0.9996581308880872,0.9996581308880872,0.9996581308880872,0.9996581308880872,0.9996581308880872,0.9996581308880872,0.9996581308880872,0.999658130888087,0.0,10
Air Quality,ForestDiffusion,Utility,R2_TSTR,0.997834631366811,0.9969384225874488,0.9960664094089956,0.9972163537992031,0.9977446848903098,0.9931943828690146,0.9958865513658086,0.9943814015881732,0.9979420992734492,0.996134673864381,0.9963339611013595,0.0015618068847811713,10
Air Quality,ForestDiffusion,Utility,RMSE_Increase,1.194534615648897,1.61724320247679,1.908953425506726,1.424164299899958,1.31987165070906,2.408872617772496,1.95647346583396,2.376636361582484,1.202844614527925,1.885260331264553,1.7294854585222847,0.45036961480425264,10
Air Quality,ForestDiffusion,Utility,RMSE_TRTR,0.5122376807670547,0.5122376807670547,0.5122376807670547,0.5122376807670547,0.5122376807670547,0.5122376807670547,0.5122376807670547,0.5122376807670547,0.5122376807670547,0.5122376807670547,0.5122376807670548,0.0,10
Air Quality,ForestDiffusion,Utility,RMSE_TSTR,1.706772296415952,2.129480883243844,2.42119110627378,1.936401980667013,1.832109331476115,2.921110298539551,2.468711146601014,2.888874042349538,1.71508229529498,2.397498012031607,2.241723139289339,0.45036961480425236,10
Air Quality,GaussianCopula,Compute,evaluation_time_seconds,187.8995537958108,110.1808689509053,108.1351778521203,116.1554153279867,114.5411460062023,142.929861899931,205.6901424149983,196.5911988760054,197.4478149130009,81.15773970299051,146.07289197399513,46.35112097778516,10
Air Quality,GaussianCopula,Compute,generation_time_seconds,0.0,0.0,0.0,0.0,0.0,0.0,0.0,0.0,0.0,0.0,0.0,0.0,10
Air Quality,GaussianCopula,Compute,total_time_seconds,192.6842665369622,114.1840189099312,121.398526157951,136.1328056210186,120.0225856080651,147.8152447200846,220.1754790679988,216.8307740200107,217.7430223640113,86.36183059999894,157.33485536060326,50.01152744551856,10
Air Quality,GaussianCopula,Compute,training_time_seconds,4.720900757936761,3.945093240821734,13.10779358982109,19.66696007805876,5.438267966965213,4.82700448599644,14.36099227599334,20.05155704700155,20.16317611699924,5.143383809001534,11.142512936859566,7.063868382676767,10
Air Quality,GaussianCopula,Fidelity,KS_Complement,0.6350429577102924,0.6350429577102924,0.6350429577102924,0.6350429577102924,0.6350429577102924,0.6350429577102924,0.6350429577102924,0.6350429577102924,0.6350429577102924,0.6350429577102924,0.6350429577102925,0.0,10
Air Quality,GaussianCopula,Fidelity,MMD,0.234001770082493,0.234001770082493,0.234001770082493,0.234001770082493,0.234001770082493,0.234001770082493,0.234001770082493,0.234001770082493,0.234001770082493,0.234001770082493,0.234001770082493,0.0,10
Air Quality,GaussianCopula,Fidelity,Quality_Score,0.7538892658400576,0.7538892658400576,0.7538892658400576,0.7538892658400576,0.7538892658400576,0.7538892658400576,0.7538892658400576,0.7538892658400576,0.7538892658400576,0.7538892658400576,0.7538892658400576,0.0,10
Air Quality,GaussianCopula,Fidelity,Wasserstein_Distance,103.3663040262217,103.3663040262217,103.3663040262217,103.3663040262217,103.3663040262217,103.3663040262217,103.3663040262217,103.3663040262217,103.3663040262217,103.3663040262217,103.3663040262217,0.0,10
Air Quality,GaussianCopula,Privacy,MIA_AUC,1.0,1.0,1.0,1.0,1.0,1.0,1.0,1.0,1.0,1.0,1.0,0.0,10
Air Quality,GaussianCopula,Privacy,Mahalanobis_Distance,15.28669699143929,15.28669699143929,15.28669699143929,15.28669699143929,15.28669699143929,15.28669699143929,15.28669699143929,15.28669699143929,15.28669699143929,15.28669699143929,15.28669699143929,0.0,10
Air Quality,GaussianCopula,Privacy,Mean_Distance,15.28669699143929,15.28669699143929,15.28669699143929,15.28669699143929,15.28669699143929,15.28669699143929,15.28669699143929,15.28669699143929,15.28669699143929,15.28669699143929,15.28669699143929,0.0,10
Air Quality,GaussianCopula,Privacy,Median_Distance,14.47097656386145,14.47097656386145,14.47097656386145,14.47097656386145,14.47097656386145,14.47097656386145,14.47097656386145,14.47097656386145,14.47097656386145,14.47097656386145,14.47097656386145,0.0,10
Air Quality,GaussianCopula,Privacy,NNDR,0.944794129544562,0.944794129544562,0.944794129544562,0.944794129544562,0.944794129544562,0.944794129544562,0.944794129544562,0.944794129544562,0.944794129544562,0.944794129544562,0.944794129544562,0.0,10
Air Quality,GaussianCopula,Utility,MAE_Increase,3.230067111892694,3.230067111892694,3.230067111892694,3.230067111892694,3.230067111892694,3.230067111892694,3.230067111892694,3.230067111892694,3.230067111892694,3.230067111892694,3.2300671118926934,0.0,10
Air Quality,GaussianCopula,Utility,MAE_TRTR,0.37588564543533,0.37588564543533,0.37588564543533,0.37588564543533,0.37588564543533,0.37588564543533,0.37588564543533,0.37588564543533,0.37588564543533,0.37588564543533,0.37588564543533,0.0,10
Air Quality,GaussianCopula,Utility,MAE_TSTR,3.605952757328024,3.605952757328024,3.605952757328024,3.605952757328024,3.605952757328024,3.605952757328024,3.605952757328024,3.605952757328024,3.605952757328024,3.605952757328024,3.605952757328024,0.0,10
Air Quality,GaussianCopula,Utility,R2_Gap,0.074916165247085,0.074916165247085,0.074916165247085,0.074916165247085,0.074916165247085,0.074916165247085,0.074916165247085,0.074916165247085,0.074916165247085,0.074916165247085,0.074916165247085,0.0,10
Air Quality,GaussianCopula,Utility,R2_TRTR,0.9996581308880872,0.9996581308880872,0.9996581308880872,0.9996581308880872,0.9996581308880872,0.9996581308880872,0.9996581308880872,0.9996581308880872,0.9996581308880872,0.9996581308880872,0.999658130888087,0.0,10
Air Quality,GaussianCopula,Utility,R2_TSTR,0.9247419656410022,0.9247419656410022,0.9247419656410022,0.9247419656410022,0.9247419656410022,0.9247419656410022,0.9247419656410022,0.9247419656410022,0.9247419656410022,0.9247419656410022,0.9247419656410022,0.0,10
Air Quality,GaussianCopula,Utility,RMSE_Increase,9.096777018801085,9.096777018801085,9.096777018801085,9.096777018801085,9.096777018801085,9.096777018801085,9.096777018801085,9.096777018801085,9.096777018801085,9.096777018801085,9.096777018801083,0.0,10
Air Quality,GaussianCopula,Utility,RMSE_TRTR,0.5122376807670547,0.5122376807670547,0.5122376807670547,0.5122376807670547,0.5122376807670547,0.5122376807670547,0.5122376807670547,0.5122376807670547,0.5122376807670547,0.5122376807670547,0.5122376807670548,0.0,10
Air Quality,GaussianCopula,Utility,RMSE_TSTR,9.609014699568135,9.609014699568135,9.609014699568135,9.609014699568135,9.609014699568135,9.609014699568135,9.609014699568135,9.609014699568135,9.609014699568135,9.609014699568135,9.609014699568135,0.0,10
Air Quality,TVAE,Compute,evaluation_time_seconds,125.9742052729707,142.9828340450767,136.3172245589085,168.1981187809724,137.961178072961,144.1883920100518,288.0260442610015,232.9768312809974,240.0345768330008,190.0370797419964,180.66964848579374,55.340200520838835,10
Air Quality,TVAE,Compute,generation_time_seconds,0.0,0.0,0.0,0.0,0.0,0.0,0.0,0.0,0.0,0.0,0.0,0.0,10
Air Quality,TVAE,Compute,total_time_seconds,339.3206549850293,355.3191092968918,342.3167405088898,301.7952566598542,299.8219428020529,288.4206493971869,495.9133865969998,1451.087591328003,1448.585255683,387.0563392589975,570.9636926516905,466.96808440557913,10
Air Quality,TVAE,Compute,training_time_seconds,213.268187365029,212.2629196308553,205.8632996319793,133.5406766929664,161.7177745399531,144.1734865070321,207.6769242169976,1217.858608943003,1208.396355987999,196.8434097979989,390.16016433138134,434.70541099523194,10
Air Quality,TVAE,Fidelity,KS_Complement,0.9308902420225064,0.9416828528852575,0.936636041313396,0.9298610554442216,0.9317194388777554,0.9374184779816044,0.9367943579466628,0.9337357792508094,0.93161790247161,0.9341576486305944,0.9344513796824417,0.003669747254489492,10
Air Quality,TVAE,Fidelity,MMD,0.015667570179941,0.0132627715046199,0.005932589138082,0.0116287127561743,0.0056588132021151,0.0072426973950947,0.0100050982544036,0.0136448792776638,0.0082939916664777,0.0074492913764194,0.009878641475099151,0.0035113570882142637,10
Air Quality,TVAE,Fidelity,Quality_Score,0.9079687528681498,0.9139306297511688,0.9136131039716564,0.8855193870411897,0.9061376320273202,0.9199378761547152,0.9261974590297896,0.9067963270601076,0.9001308513558557,0.9056404617434152,0.9085872481003369,0.011128932283425664,10
Air Quality,TVAE,Fidelity,Wasserstein_Distance,26.72972798175839,22.88264888919377,21.89186700008221,28.86416572070295,23.25871016055701,21.01184022385797,20.35292258859257,24.69542900487642,21.06688856342942,24.85089275542367,23.560509288847435,2.7378675037159605,10
Air Quality,TVAE,Privacy,MIA_AUC,0.4853086419753087,0.5059259259259259,0.4467901234567901,0.534320987654321,0.5159259259259259,0.4549382716049383,0.5351851851851852,0.4830864197530865,0.444567901234568,0.5719753086419752,0.49780246913580256,0.042522289447210385,10
Air Quality,TVAE,Privacy,Mahalanobis_Distance,4.879811285962243,5.859423320930706,6.368768719740016,5.26090136520174,6.706792952253199,5.817385228798629,4.956119768785476,4.852385193376538,7.271330386234814,5.695815115962292,5.766873333724566,0.8206894663260403,10
Air Quality,TVAE,Privacy,Mean_Distance,4.879811285962243,5.859423320930706,6.368768719740016,5.26090136520174,6.706792952253199,5.817385228798629,4.956119768785476,4.852385193376538,7.271330386234814,5.695815115962292,5.766873333724566,0.8206894663260403,10
Air Quality,TVAE,Privacy,Median_Distance,4.268153638372901,4.355788910046908,4.399617979220107,4.463135889803658,4.263198058679047,4.377203886118656,4.26769886306993,4.192356845949043,4.303620920146058,4.474797054207201,4.336557204561351,0.09298250594462265,10
Air Quality,TVAE,Privacy,NNDR,0.8751904765817725,0.8803175431463389,0.8827003444088414,0.8789477554192993,0.8770738021807427,0.8744344830111578,0.8733204167655463,0.877510727790369,0.8867911003417794,0.8804288945843405,0.8786715544230189,0.004091151250646231,10
Air Quality,TVAE,Utility,MAE_Increase,0.7772705243438828,1.28208018972949,3.794081181471129,2.124329902828164,0.9762764821411676,1.7778780268844,1.644717344384604,0.9757347002783266,2.315141486264336,1.232972546857675,1.6900482385183175,0.8971745118487409,10
Air Quality,TVAE,Utility,MAE_TRTR,0.37588564543533,0.37588564543533,0.37588564543533,0.37588564543533,0.37588564543533,0.37588564543533,0.37588564543533,0.37588564543533,0.37588564543533,0.37588564543533,0.37588564543533,0.0,10
Air Quality,TVAE,Utility,MAE_TSTR,1.153156169779213,1.657965835164821,4.169966826906459,2.500215548263494,1.352162127576497,2.15376367231973,2.020602989819934,1.351620345713657,2.691027131699666,1.608858192293005,2.065933883953648,0.8971745118487409,10
Air Quality,TVAE,Utility,R2_Gap,0.0026888236930633,0.0098396273034058,0.1675108275645159,0.0428814415732053,0.0040362976014416,0.0203570716667259,0.0249275679190159,0.010334019991346,0.0273714531771828,0.0137527905628605,0.0323699921052763,0.04901450228262145,10
Air Quality,TVAE,Utility,R2_TRTR,0.9996581308880872,0.9996581308880872,0.9996581308880872,0.9996581308880872,0.9996581308880872,0.9996581308880872,0.9996581308880872,0.9996581308880872,0.9996581308880872,0.9996581308880872,0.999658130888087,0.0,10
Air Quality,TVAE,Utility,R2_TSTR,0.996969307195024,0.9898185035846814,0.8321473033235713,0.9567766893148818,0.9956218332866456,0.9793010592213612,0.9747305629690712,0.9893241108967412,0.9722866777109044,0.9859053403252268,0.967288138782811,0.04901450228262145,10
Air Quality,TVAE,Utility,RMSE_Increase,1.094130983401114,2.56582300250631,15.23573404953373,6.170227779180605,1.438324530626286,3.51456091110504,4.439562800232644,3.231114727031287,5.402078224683706,3.093813335877813,4.618537034417853,4.055118794996486,10
Air Quality,TVAE,Utility,RMSE_TRTR,0.5122376807670547,0.5122376807670547,0.5122376807670547,0.5122376807670547,0.5122376807670547,0.5122376807670547,0.5122376807670547,0.5122376807670547,0.5122376807670547,0.5122376807670547,0.5122376807670548,0.0,10
Air Quality,TVAE,Utility,RMSE_TSTR,1.606368664168169,3.078060683273365,15.74797173030078,6.68246545994766,1.95056221139334,4.026798591872095,4.951800480999699,3.743352407798342,5.914315905450761,3.606051016644868,5.130774715184908,4.055118794996484,10
Air Quality,TabDDPM,Compute,evaluation_time_seconds,131.5259104368743,135.8316605410073,135.9696648980025,111.377320962958,95.84542699716984,148.870302886935,321.6489964790017,182.8999843259953,391.7607533740011,202.6734301210017,185.84034510229466,96.65966938067375,10
Air Quality,TabDDPM,Compute,generation_time_seconds,0.0,0.0,0.0,0.0,0.0,0.0,0.0,0.0,0.0,0.0,0.0,0.0,10
Air Quality,TabDDPM,Compute,total_time_seconds,141.2534245299175,152.4998444418889,151.3674573779572,127.8313914439641,104.7333491279278,156.6812069460284,353.2285775319979,224.676724029996,468.1221880169978,241.4125774639979,212.18067409106735,115.68245258166289,10
Air Quality,TabDDPM,Compute,training_time_seconds,9.62798434891738,16.59555347100832,15.35837418399751,16.13626663410105,8.829930155072361,7.762315633008257,31.39431324700126,41.64012874000036,76.13970625699585,38.64020213699405,26.21247748070964,21.451428353586245,10
Air Quality,TabDDPM,Fidelity,KS_Complement,0.5675004367709777,0.5846119932172036,0.5014988952263502,0.5000621242484969,0.533390216330096,0.5400689584296798,0.5393050202970042,0.5697649144442731,0.4982756795642568,0.6094314269564772,0.5443909665484816,0.038184982747103344,10
Air Quality,TabDDPM,Fidelity,MMD,0.3039360632476171,0.2660927147122745,0.3833779719053748,0.474046989648322,0.3409527743037647,0.3715700997522809,0.4216627131639864,0.2604117339171411,0.3681490848762731,0.2931500785827393,0.3483350224109774,0.0690461746948812,10
Air Quality,TabDDPM,Fidelity,Quality_Score,0.7134300469062741,0.7303389889116458,0.6899801189000205,0.6865179806174884,0.7095954028835505,0.7241903438351117,0.7135804875851293,0.730718510506456,0.6966507775454135,0.7324399374920123,0.7127442595183102,0.0170869983806827,10
Air Quality,TabDDPM,Fidelity,Wasserstein_Distance,381.168960920327,350.8155694831175,401.5613676434825,428.7990106885303,386.662586731062,375.4806283583175,419.1575376993095,337.8662392858395,406.019467491603,354.5173628446807,384.20487311462693,30.225601200666095,10
Air Quality,TabDDPM,Privacy,MIA_AUC,0.901604938271605,0.8939506172839506,0.8976543209876543,0.8977777777777778,0.8295061728395062,0.8902469135802469,0.94320987654321,0.8865432098765431,0.9202469135802468,0.9403703703703704,0.9001111111111111,0.03197546488249058,10
Air Quality,TabDDPM,Privacy,Mahalanobis_Distance,81.91306926257688,34.65774996477223,40.02344373192889,51.77131268262044,41.45882462869181,54.35608466460332,27.61808195326891,33.83990649390522,27.63746603950991,74.17519336787555,46.74511327897532,18.82405051829306,10
Air Quality,TabDDPM,Privacy,Mean_Distance,81.91306926257688,34.65774996477223,40.02344373192889,51.77131268262044,41.45882462869181,54.35608466460332,27.61808195326891,33.83990649390522,27.63746603950991,74.17519336787555,46.74511327897532,18.82405051829306,10
Air Quality,TabDDPM,Privacy,Median_Distance,23.05458459821434,14.21309860782343,24.48929847855235,20.43450584225922,24.32974014504641,24.44215608055898,24.46776725264099,19.46414651045425,19.44645438837865,11.03613354456583,20.537788544849445,4.709965131811332,10
Air Quality,TabDDPM,Privacy,NNDR,0.9251615029347268,0.8059979967575904,0.8015050712230739,0.7583859028137305,0.7757381596744545,0.9036566892544128,0.8584889253057943,0.8224825517473373,0.895990193073001,0.7945286565614201,0.834193564934554,0.057972403091226005,10
Air Quality,TabDDPM,Utility,MAE_Increase,5.920317866627434,5.118073670311283,5.527295122376967,6.575379585666983,8.328309911575252,2.573166860416731,6.385978861733875,7.587274137228383,4.446102056905914,2.828117495171323,5.529001556801414,1.8686991389926981,10
Air Quality,TabDDPM,Utility,MAE_TRTR,0.37588564543533,0.37588564543533,0.37588564543533,0.37588564543533,0.37588564543533,0.37588564543533,0.37588564543533,0.37588564543533,0.37588564543533,0.37588564543533,0.37588564543533,0.0,10
Air Quality,TabDDPM,Utility,MAE_TSTR,6.296203512062764,5.493959315746613,5.903180767812297,6.951265231102314,8.704195557010582,2.949052505852061,6.761864507169205,7.963159782663713,4.821987702341244,3.204003140606653,5.904887202236745,1.8686991389926981,10
Air Quality,TabDDPM,Utility,R2_Gap,0.088912620047678,0.096822754135655,0.0824200289856975,0.1214125089161382,0.1542605898855605,0.0192226481396617,0.0813509595900121,0.1329537728544998,0.0509061039803263,0.0227580300191643,0.08510200165543935,0.044672306674344076,10
Air Quality,TabDDPM,Utility,R2_TRTR,0.9996581308880872,0.9996581308880872,0.9996581308880872,0.9996581308880872,0.9996581308880872,0.9996581308880872,0.9996581308880872,0.9996581308880872,0.9996581308880872,0.9996581308880872,0.999658130888087,0.0,10
Air Quality,TabDDPM,Utility,R2_TSTR,0.9107455108404092,0.9028353767524322,0.9172381019023896,0.878245621971949,0.8453975410025267,0.9804354827484254,0.918307171298075,0.8667043580335874,0.9487520269077608,0.9769001008689228,0.9145561292326478,0.044672306674344034,10
Air Quality,TabDDPM,Utility,RMSE_Increase,9.464940399246844,11.39689448465396,9.884949266996385,12.48552571319981,12.94862065714016,4.76584328939555,9.091275154090791,12.15037499811424,6.990081955314047,4.934466452762596,9.411297237091437,3.004124179488288,10
Air Quality,TabDDPM,Utility,RMSE_TRTR,0.5122376807670547,0.5122376807670547,0.5122376807670547,0.5122376807670547,0.5122376807670547,0.5122376807670547,0.5122376807670547,0.5122376807670547,0.5122376807670547,0.5122376807670547,0.5122376807670548,0.0,10
Air Quality,TabDDPM,Utility,RMSE_TSTR,9.977178080013898,11.90913216542101,10.39718694776344,12.99776339396686,13.46085833790721,5.278080970162605,9.603512834857847,12.66261267888129,7.502319636081102,5.446704133529651,9.923534917858492,3.0041241794882856,10
Air Quality,WGAN-GP,Compute,evaluation_time_seconds,178.0887227121275,156.3396401349455,138.8159009490628,147.8127329652198,196.4453973639756,160.9153368859552,202.4925794739975,380.771211831001,1048.427960828005,910.1362515060028,352.0245734650292,339.29449958350847,10
Air Quality,WGAN-GP,Compute,generation_time_seconds,0.0,0.0,0.0,0.0,0.0,0.0,0.0,0.0,0.0,0.0,0.0,0.0,10
Air Quality,WGAN-GP,Compute,total_time_seconds,548.6137580110226,539.1934366668575,535.0232380209491,485.3718970699701,512.4876718369778,550.9590919141192,680.090096449996,1109.995442177998,1903.548231584005,1360.191322518003,822.54741862499,480.9860314393353,10
Air Quality,WGAN-GP,Compute,training_time_seconds,370.3320744629018,382.7118194031063,396.1497114589438,337.4308958449401,315.9688814480323,389.8237063200213,477.4416122030016,729.0379457519957,854.9732093180064,449.9163256360043,470.37861818469537,178.41820571665198,10
Air Quality,WGAN-GP,Fidelity,KS_Complement,0.8521993731051848,0.8889569909048867,0.8671277426648168,0.8630070397204664,0.8614914444273164,0.8778918863367762,0.8779769282154052,0.8494956065978111,0.8688208725142593,0.8537765274138019,0.8660744411900725,0.01274803419616474,10
Air Quality,WGAN-GP,Fidelity,MMD,0.0109019150617155,0.004495191319513,0.0134309289798856,0.007370400095117,0.006294209437435,0.0100640880246126,0.0130020115088435,0.0090232062984394,0.0084280707895469,0.0069270364983974,0.008993705801350591,0.0028923926023993146,10
Air Quality,WGAN-GP,Fidelity,Quality_Score,0.9153255890553956,0.9287628813666108,0.9266521863004876,0.9275900088935186,0.925235243238463,0.927558370825305,0.9265159125743648,0.9090040343342268,0.9298799714695358,0.9130538944423618,0.9229578092500269,0.007503917547698977,10
Air Quality,WGAN-GP,Fidelity,Wasserstein_Distance,18.95913789156616,19.60650897799663,29.00305729868645,24.63401372523608,19.61079449570429,22.02744550963981,19.72293743473764,28.03854079123801,24.16996414898519,18.76077638257939,22.453317665636966,3.821879576441834,10
Air Quality,WGAN-GP,Privacy,MIA_AUC,0.6392592592592592,0.6134567901234569,0.657283950617284,0.6511111111111111,0.55,0.4950617283950617,0.6233333333333333,0.5448148148148148,0.5486419753086419,0.6766666666666665,0.5999629629629629,0.06076683308781606,10
Air Quality,WGAN-GP,Privacy,Mahalanobis_Distance,3.845686429549581,3.606238142732078,3.469272373178454,3.688323896690429,3.602709283330398,3.586098701315295,3.93543354106864,3.570544170279995,3.596256833949442,3.911237265963094,3.6811800638057406,0.15981102428646127,10
Air Quality,WGAN-GP,Privacy,Mean_Distance,3.845686429549581,3.606238142732078,3.469272373178454,3.688323896690429,3.602709283330398,3.586098701315295,3.93543354106864,3.570544170279995,3.596256833949442,3.911237265963094,3.6811800638057406,0.15981102428646127,10
Air Quality,WGAN-GP,Privacy,Median_Distance,3.20101587980986,3.230955222117938,3.184089026136751,3.158263434460196,3.268383729896531,3.10982388950372,3.395663217102629,3.076395592051449,3.20577774197007,3.387425643767302,3.2217793376816446,0.10527367832670179,10
Air Quality,WGAN-GP,Privacy,NNDR,0.8899170332994045,0.8795975320277507,0.883730117280785,0.8939533467291658,0.8761308396035142,0.8888059047989109,0.8804135706292519,0.890932103921867,0.8880283214243802,0.880875363950643,0.8852384133665673,0.0058701310706258955,10
Air Quality,WGAN-GP,Utility,MAE_Increase,0.5300538532477407,0.6030254788102818,0.2926910591889748,0.7606049329876466,0.5435058475282429,0.6269204041234352,0.562417432959549,0.7606833687592073,0.5215446214236896,0.8636912081233669,0.6065138207152134,0.16039750600676878,10
Air Quality,WGAN-GP,Utility,MAE_TRTR,0.37588564543533,0.37588564543533,0.37588564543533,0.37588564543533,0.37588564543533,0.37588564543533,0.37588564543533,0.37588564543533,0.37588564543533,0.37588564543533,0.37588564543533,0.0,10
Air Quality,WGAN-GP,Utility,MAE_TSTR,0.9059394986830708,0.9789111242456118,0.6685767046243047,1.136490578422977,0.9193914929635728,1.002806049558765,0.938303078394879,1.136569014194537,0.8974302668590196,1.239576853558697,0.9823994661505436,0.16039750600676883,10
Air Quality,WGAN-GP,Utility,R2_Gap,0.0016006310731402,0.0013615736832426,0.0006839778904426,0.0025162598522217,0.0005716882431328,0.0021031171090306,0.0019796099919096,0.001868322222079,0.0011737807354388,0.0022699230870608,0.0016128883887698699,0.0006575144512738943,10
Air Quality,WGAN-GP,Utility,R2_TRTR,0.9996581308880872,0.9996581308880872,0.9996581308880872,0.9996581308880872,0.9996581308880872,0.9996581308880872,0.9996581308880872,0.9996581308880872,0.9996581308880872,0.9996581308880872,0.999658130888087,0.0,10
Air Quality,WGAN-GP,Utility,R2_TSTR,0.998057499814947,0.9982965572048446,0.9989741529976446,0.9971418710358656,0.9990864426449544,0.9975550137790564,0.9976785208961776,0.9977898086660082,0.9984843501526484,0.9973882078010264,0.9980452424993173,0.0006575144512738803,10
Air Quality,WGAN-GP,Utility,RMSE_Increase,1.009288164935495,0.9749914863198312,0.6935663939331541,1.540882265949261,0.6308578809445492,1.319504557369696,1.299389048647129,1.243295256848017,0.957188621457326,1.434926897879986,1.1103890574284445,0.3061370621938363,10
Air Quality,WGAN-GP,Utility,RMSE_TRTR,0.5122376807670547,0.5122376807670547,0.5122376807670547,0.5122376807670547,0.5122376807670547,0.5122376807670547,0.5122376807670547,0.5122376807670547,0.5122376807670547,0.5122376807670547,0.5122376807670548,0.0,10
Air Quality,WGAN-GP,Utility,RMSE_TSTR,1.52152584570255,1.487229167086886,1.205804074700209,2.053119946716316,1.143095561711604,1.831742238136751,1.811626729414184,1.755532937615072,1.469426302224381,1.94716457864704,1.6226267381954993,0.3061370621938363,10
Concrete,CTABGAN,Compute,evaluation_time_seconds,33.87247591093183,21.41922712000087,21.17826572596096,20.64386072894558,19.88864296092652,21.36977832601406,86.85535079499823,52.71541179099586,82.24696667600074,78.72738597399439,43.891736600876904,28.584236910015246,10
Concrete,CTABGAN,Compute,generation_time_seconds,0.0,0.0,0.0,0.0,0.0,0.0,0.0,0.0,0.0,0.0,0.0,0.0,10
Concrete,CTABGAN,Compute,total_time_seconds,178.6210655937903,174.695899757091,178.1774514440913,165.5458227701019,143.0684860630427,139.8121011049952,485.965409181008,232.245060702,495.3092431670084,274.8849177640077,246.83254575471364,134.71073392417907,10
Concrete,CTABGAN,Compute,training_time_seconds,144.7049592330586,153.2319345639553,156.9161436569411,144.84457118297,123.1052007540129,118.3809714901727,398.9021330889955,179.2733098919998,412.8564568150032,195.9343618059938,202.8150042483103,109.52139406027975,10
Concrete,CTABGAN,Fidelity,KS_Complement,0.7642189859762676,0.7581078748651564,0.779076591154261,0.7752761596548003,0.8016558791801511,0.7811165048543689,0.7993883495145631,0.7894854368932038,0.7748414239482201,0.7980183387270766,0.7821185544768069,0.014884618835125811,10
Concrete,CTABGAN,Fidelity,MMD,0.0469932015510269,0.0465880686770637,0.0498665930187571,0.031465144883913,0.0304037354033705,0.0408337641963603,0.0398474936102872,0.0341830761425286,0.0414615762607837,0.0399886921763372,0.04016313459204282,0.006591361761724445,10
Concrete,CTABGAN,Fidelity,Quality_Score,0.7448335258877042,0.7410689409223763,0.7480791977786498,0.7286437040537554,0.751654247159922,0.746148952685145,0.764977079443167,0.7396449182227687,0.7139966525644613,0.74256379028612,0.7421611009004069,0.013549906541713395,10
Concrete,CTABGAN,Fidelity,Wasserstein_Distance,15.01217558561934,13.50192079924863,13.79039478809402,12.69144491784315,9.490681479736818,11.45316012197087,11.09374952476208,9.31249779634834,11.74064263846416,8.701785275268684,11.67884529273561,2.0967258040345493,10
Concrete,CTABGAN,Privacy,MIA_AUC,0.6432098765432099,0.7055555555555555,0.628148148148148,0.9180246913580248,0.9181481481481482,0.9433333333333332,0.934567901234568,0.9025925925925926,0.9466666666666668,0.9381481481481482,0.8478395061728395,0.13241886847222206,10
Concrete,CTABGAN,Privacy,Mahalanobis_Distance,5.723035360467645,5.405772055118402,5.783898024555074,5.489163860352614,5.611159218210698,5.537150951042627,5.382542992909952,5.722138458639696,5.775584342611285,5.696965350947856,5.612741061485585,0.1505006482377223,10
Concrete,CTABGAN,Privacy,Mean_Distance,5.723035360467645,5.405772055118402,5.783898024555074,5.489163860352614,5.611159218210698,5.537150951042627,5.382542992909952,5.722138458639696,5.775584342611285,5.696965350947856,5.612741061485585,0.1505006482377223,10
Concrete,CTABGAN,Privacy,Median_Distance,5.21543174136519,5.004887078431745,5.345954524453803,4.940152330718485,5.194673138677317,4.922144456006747,4.638717804856364,5.13453964485673,5.175387697191603,5.193393738813617,5.07652821553716,0.20327380474405762,10
Concrete,CTABGAN,Privacy,NNDR,0.9361362466222952,0.9293855716857188,0.9401301865134842,0.9329669382540898,0.9347315600656064,0.933562688654444,0.9362473620023176,0.9355135921434478,0.9321249415030376,0.9330266251112704,0.9343825712555713,0.002897712036796,10
Concrete,CTABGAN,Utility,MAE_Increase,7.174773994201848,6.772485682548981,6.697027257987965,8.940232516109749,9.502645605374092,7.424115710308113,8.758559370868964,17.44786701712739,7.992961821476309,9.161595987681856,8.987226496368526,3.141124139842732,10
Concrete,CTABGAN,Utility,MAE_TRTR,5.792161381602034,5.792161381602034,5.792161381602034,5.792161381602034,5.792161381602034,5.792161381602034,5.792161381602034,5.792161381602034,5.792161381602034,5.792161381602034,5.792161381602034,0.0,10
Concrete,CTABGAN,Utility,MAE_TSTR,12.96693537580388,12.56464706415101,12.48918863959,14.73239389771178,15.29480698697613,13.21627709191015,14.550720752471,23.24002839872943,13.78512320307834,14.95375736928389,14.77938787797056,3.1411241398427343,10
Concrete,CTABGAN,Utility,R2_Gap,0.7475536963803568,0.6754040174990278,0.6487060295112602,1.256708445207374,1.233356341054977,0.7386757316384752,1.034161581835593,6.573939327469464,0.8463711909627852,1.004007437149534,1.4758883798708848,1.8046246434060702,10
Concrete,CTABGAN,Utility,R2_TRTR,0.75311790277688,0.75311790277688,0.75311790277688,0.75311790277688,0.75311790277688,0.75311790277688,0.75311790277688,0.75311790277688,0.75311790277688,0.75311790277688,0.7531179027768801,0.0,10
Concrete,CTABGAN,Utility,R2_TSTR,0.0055642063965231,0.0777138852778522,0.1044118732656198,-0.5035905424304941,-0.4802384382780971,0.0144421711384046,-0.2810436790587126,-5.820821424692585,-0.0932532881859052,-0.2508895343726539,-0.7227704770940048,1.8046246434060702,10
Concrete,CTABGAN,Utility,RMSE_Increase,8.259142120156195,7.722002429459922,7.464642507033284,11.53972624939426,11.59564582019009,8.234994448668544,10.39393066288446,28.84469499642044,9.051832541402067,10.24825715138332,11.335486892699256,6.3340621985987084,10
Concrete,CTABGAN,Utility,RMSE_TRTR,7.693575465093256,7.693575465093256,7.693575465093256,7.693575465093256,7.693575465093256,7.693575465093256,7.693575465093256,7.693575465093256,7.693575465093256,7.693575465093256,7.693575465093256,0.0,10
Concrete,CTABGAN,Utility,RMSE_TSTR,15.95271758524945,15.41557789455318,15.15821797212654,19.23330171448751,19.28922128528335,15.9285699137618,18.08750612797772,36.5382704615137,16.74540800649532,17.94183261647657,19.029062357792515,6.3340621985987084,10
Concrete,CTGAN,Compute,evaluation_time_seconds,20.45183646096848,46.95592276519164,40.80778368702158,15.08590364409611,16.35444003902376,39.81930934195407,48.89579888699518,49.96109639900533,49.26476003800053,49.0460527299947,37.66429039922514,14.539202027753719,10
Concrete,CTGAN,Compute,generation_time_seconds,0.0,0.0,0.0,0.0,0.0,0.0,0.0,0.0,0.0,0.0,0.0,0.0,10
Concrete,CTGAN,Compute,total_time_seconds,46.34714109194465,78.09006950794719,60.51763742300682,36.55590277607553,29.31776079698466,57.15415080590174,150.8646243830008,156.0455856379995,117.986839903002,117.3330297940047,85.02127421198675,47.00246593371594,10
Concrete,CTGAN,Compute,training_time_seconds,25.81474388903007,31.06176726892591,19.66150518297218,19.90062040812336,12.9105321879033,17.24038536986336,99.8759180720008,105.8973079170028,68.50602362399513,68.06393944499723,46.89327433648141,35.59522248851469,10
Concrete,CTGAN,Fidelity,KS_Complement,0.7413182308522115,0.7939439050701186,0.7519093851132687,0.7054929881337649,0.785225458468177,0.7009115426105718,0.795950377562028,0.7582804746494067,0.7487389428263215,0.8153505933117583,0.7597121898597627,0.03822520516545735,10
Concrete,CTGAN,Fidelity,MMD,0.0732446730568874,0.0668807245684069,0.0936474273927703,0.0649371848537336,0.0734470576038627,0.0952410303815671,0.052315430354979,0.0642994920797888,0.0499224152474139,0.0662425611707856,0.07001779967101954,0.014968659498584407,10
Concrete,CTGAN,Fidelity,Quality_Score,0.6838711930691771,0.7374092701343957,0.7049527726016083,0.7111074922744491,0.7212114013067685,0.6792327510956584,0.7473591504230724,0.7324282830588151,0.7264377682455248,0.7429150223900545,0.7186925104599524,0.023640216094726507,10
Concrete,CTGAN,Fidelity,Wasserstein_Distance,17.34687670981661,13.76370604099245,22.40075730312837,25.30203997842503,18.89114860841424,27.04194510248112,15.95610037756203,25.677839600863,18.34009036677454,15.62167059331176,20.034217468176916,4.727326917385435,10
Concrete,CTGAN,Privacy,MIA_AUC,0.7519753086419753,0.7920987654320988,0.8567901234567902,0.837283950617284,0.7658024691358025,0.884074074074074,0.6901234567901234,0.7580246913580246,0.7801234567901235,0.7998765432098766,0.7916172839506173,0.056518538594251426,10
Concrete,CTGAN,Privacy,Mahalanobis_Distance,7.630429133747626,6.829370926341999,7.252851636357904,7.440741480859629,7.137222353896352,6.824624683318976,6.625387423197378,6.944257003490114,6.861176388366013,6.486033303689505,7.003209433326549,0.35918136432780606,10
Concrete,CTGAN,Privacy,Mean_Distance,7.630429133747626,6.829370926341999,7.252851636357904,7.440741480859629,7.137222353896352,6.824624683318976,6.625387423197378,6.944257003490114,6.861176388366013,6.486033303689505,7.003209433326549,0.35918136432780606,10
Concrete,CTGAN,Privacy,Median_Distance,6.993409309696004,6.222140964528295,6.537033060805776,6.375133866113254,6.495355087085086,6.475339219034126,6.071612173854556,6.351953186181406,6.168024989166691,6.208813889280044,6.389881574574523,0.2619205117312077,10
Concrete,CTGAN,Privacy,NNDR,0.9488527899705128,0.9442947623979424,0.9495422150541674,0.9498221245272762,0.9506167275569852,0.953769540047057,0.940787742458532,0.9457608555884888,0.9448357411680752,0.9473964644034708,0.9475678963172509,0.003739125517715677,10
Concrete,CTGAN,Utility,MAE_Increase,11.30810586390882,10.1903756792727,8.681554174228763,10.45682643977227,9.17991887629266,13.16250480223487,9.274509296958746,8.339409933523601,9.005562821497973,9.737296884564826,9.933606477225522,1.440141840039887,10
Concrete,CTGAN,Utility,MAE_TRTR,5.792161381602034,5.792161381602034,5.792161381602034,5.792161381602034,5.792161381602034,5.792161381602034,5.792161381602034,5.792161381602034,5.792161381602034,5.792161381602034,5.792161381602034,0.0,10
Concrete,CTGAN,Utility,MAE_TSTR,17.10026724551086,15.98253706087474,14.4737155558308,16.24898782137431,14.97208025789469,18.9546661838369,15.06667067856078,14.13157131512564,14.79772420310001,15.52945826616686,15.725767858827558,1.440141840039886,10
Concrete,CTGAN,Utility,R2_Gap,1.391705855685744,1.243555756826147,1.02490146180059,1.339293491350779,1.068121340375035,1.795803069243649,1.100357295503457,0.9031628291343864,1.060794552890024,1.11296533272945,1.204066098553926,0.25514974358385434,10
Concrete,CTGAN,Utility,R2_TRTR,0.75311790277688,0.75311790277688,0.75311790277688,0.75311790277688,0.75311790277688,0.75311790277688,0.75311790277688,0.75311790277688,0.75311790277688,0.75311790277688,0.7531179027768801,0.0,10
Concrete,CTGAN,Utility,R2_TSTR,-0.6385879529088645,-0.4904378540492667,-0.2717835590237097,-0.5861755885738988,-0.3150034375981552,-1.042685166466769,-0.3472393927265769,-0.1500449263575065,-0.3076766501131441,-0.3598474299525701,-0.45094819577704615,0.25514974358385434,10
Concrete,CTGAN,Utility,RMSE_Increase,12.85143141748217,11.89681035303242,10.40715236934725,12.46553750089355,10.71324123974685,15.17866936507812,10.93406119874003,9.519285794786724,10.66125193649742,11.02446078318181,11.565190195878634,1.6121984755180898,10
Concrete,CTGAN,Utility,RMSE_TRTR,7.693575465093256,7.693575465093256,7.693575465093256,7.693575465093256,7.693575465093256,7.693575465093256,7.693575465093256,7.693575465093256,7.693575465093256,7.693575465093256,7.693575465093256,0.0,10
Concrete,CTGAN,Utility,RMSE_TSTR,20.54500688257543,19.59038581812568,18.10072783444051,20.15911296598681,18.40681670484011,22.87224483017137,18.62763666383329,17.21286125987998,18.35482740159068,18.71803624827507,19.258765660971893,1.6121984755180876,10
Concrete,CopulaGAN,Compute,evaluation_time_seconds,51.49711180385202,32.9765841900371,23.48444558284245,17.96321155596524,15.25380013883114,23.36162125295959,28.02284947299631,73.08532421100244,29.39757240800827,29.92338615799963,32.49659067744942,17.37857717818281,10
Concrete,CopulaGAN,Compute,generation_time_seconds,0.0,0.0,0.0,0.0,0.0,0.0,0.0,0.0,0.0,0.0,0.0,0.0,10
Concrete,CopulaGAN,Compute,total_time_seconds,93.30739905196242,83.61428670887835,72.16598407784477,47.0913997089956,36.81269442499615,36.73469011997804,796.3360252880084,855.4490829389979,793.7971790730007,73.68790974200238,288.8996651134665,364.03382992450577,10
Concrete,CopulaGAN,Compute,training_time_seconds,41.75903563410975,50.31622331100516,48.480322138872,28.86531271901913,21.51031980104744,13.29778987914324,768.1827574359922,782.2181887639963,763.9899038790027,43.67690945100912,256.2296763013197,355.7652833448047,10
Concrete,CopulaGAN,Fidelity,KS_Complement,0.7523279395900755,0.7651294498381876,0.7489730312837108,0.7726094929881339,0.7379083063646171,0.7576213592233009,0.7384023732470335,0.7365242718446603,0.758093851132686,0.7885846817691479,0.7556174757281553,0.016685607630152494,10
Concrete,CopulaGAN,Fidelity,MMD,0.0923486476212439,0.0600878719912902,0.0751362010449172,0.0647869031940785,0.1345509114890229,0.0968252623277399,0.1236287371173748,0.1270858544005776,0.0731624916558779,0.0652199540217325,0.09128328348638554,0.028236282796577725,10
Concrete,CopulaGAN,Fidelity,Quality_Score,0.7247633421048926,0.722565453405555,0.7249068399415911,0.7173772779643177,0.7145399071748437,0.7066107740368053,0.7062210183119124,0.6947014702687199,0.7337030135887719,0.7306321950640885,0.7176021291861499,0.012213403227815108,10
Concrete,CopulaGAN,Fidelity,Wasserstein_Distance,24.05519964401294,20.79146049622438,27.31393318230852,18.70824706580366,26.28637716289105,18.97822241639698,35.57312793959007,21.25487514563106,22.99055660194175,14.74000284789644,23.069200250269688,5.766801423219327,10
Concrete,CopulaGAN,Privacy,MIA_AUC,0.8274074074074074,0.7483950617283951,0.8253086419753086,0.7430864197530864,0.8817283950617284,0.8844444444444444,0.9003703703703704,0.9112345679012346,0.775925925925926,0.7674074074074074,0.8265308641975307,0.06511069573774338,10
Concrete,CopulaGAN,Privacy,Mahalanobis_Distance,7.335304938307459,6.779264982321172,6.433305551082547,6.983892579987351,6.561245376195603,7.06469139023917,7.643684857250932,6.702879709484415,6.84828390324147,6.536453364196141,6.888900665230627,0.37952006112781417,10
Concrete,CopulaGAN,Privacy,Mean_Distance,7.335304938307459,6.779264982321172,6.433305551082547,6.983892579987351,6.561245376195603,7.06469139023917,7.643684857250932,6.702879709484415,6.84828390324147,6.536453364196141,6.888900665230627,0.37952006112781417,10
Concrete,CopulaGAN,Privacy,Median_Distance,6.892211882845292,6.134850743993305,5.871126611108268,6.138733980758968,6.107249746427559,6.534746861318933,7.121768315617732,6.227844340365298,6.23138980130379,5.836267566910037,6.309618985064918,0.41893072042652585,10
Concrete,CopulaGAN,Privacy,NNDR,0.9520315131106876,0.9463763608976514,0.937801383890688,0.9459860173756874,0.9441997016948992,0.950154278151406,0.9375985815634033,0.9574599636349216,0.9456265970568422,0.9401364781285716,0.9457370875504759,0.0063243891904626775,10
Concrete,CopulaGAN,Utility,MAE_Increase,8.114757566465238,8.396998980589075,9.278048147032,7.555376043532863,7.641818775433379,13.72309401027795,8.885748749212135,16.44020629430629,8.835693258580426,8.193475422820104,9.706521724824945,2.9537031180163034,10
Concrete,CopulaGAN,Utility,MAE_TRTR,5.792161381602034,5.792161381602034,5.792161381602034,5.792161381602034,5.792161381602034,5.792161381602034,5.792161381602034,5.792161381602034,5.792161381602034,5.792161381602034,5.792161381602034,0.0,10
Concrete,CopulaGAN,Utility,MAE_TSTR,13.90691894806727,14.18916036219111,15.07020952863403,13.3475374251349,13.43398015703541,19.51525539187998,14.67791013081417,22.23236767590832,14.62785464018246,13.98563680442214,15.49868310642698,2.9537031180163016,10
Concrete,CopulaGAN,Utility,R2_Gap,0.87121124213652,0.9789141887530548,1.037290935176633,0.7974545197558638,0.8005655052936574,1.889527197248151,1.036351035433986,2.348467093758146,0.9891501199895564,0.8674648964001868,1.1616396733945755,0.5235109600340154,10
Concrete,CopulaGAN,Utility,R2_TRTR,0.75311790277688,0.75311790277688,0.75311790277688,0.75311790277688,0.75311790277688,0.75311790277688,0.75311790277688,0.75311790277688,0.75311790277688,0.75311790277688,0.7531179027768801,0.0,10
Concrete,CopulaGAN,Utility,R2_TSTR,-0.11809333935964,-0.2257962859761748,-0.2841730323997527,-0.0443366169789837,-0.0474476025167774,-1.136409294471271,-0.2832331326571056,-1.595349190981266,-0.2360322172126763,-0.1143469936233068,-0.40852177061769535,0.5235109600340154,10
Concrete,CopulaGAN,Utility,RMSE_Increase,9.26971661045887,10.07311979492844,10.45372011589131,8.709442826519789,8.727777054957764,15.7662143173657,10.48908528218658,18.1552118154509,10.1468254934982,9.250521111526842,11.104163442278438,3.204441887547287,10
Concrete,CopulaGAN,Utility,RMSE_TRTR,7.693575465093256,7.693575465093256,7.693575465093256,7.693575465093256,7.693575465093256,7.693575465093256,7.693575465093256,7.693575465093256,7.693575465093256,7.693575465093256,7.693575465093256,0.0,10
Concrete,CopulaGAN,Utility,RMSE_TSTR,16.96329207555213,17.76669526002169,18.14729558098457,16.40301829161304,16.42135252005102,23.45978978245896,18.18266074727983,25.84878728054416,17.84040095859145,16.9440965766201,18.797738907371695,3.204441887547288,10
Concrete,ForestDiffusion,Compute,evaluation_time_seconds,14.07097673998214,16.32270607096143,20.11599346995354,16.37041438999586,22.04202137421817,17.20382154593244,22.28072268499818,21.50112318800529,21.58406860899413,19.39596041200275,19.088780848504392,2.903592017490873,10
Concrete,ForestDiffusion,Compute,generation_time_seconds,0.0,0.0,0.0,0.0,0.0,0.0,0.0,0.0,0.0,0.0,0.0,0.0,10
Concrete,ForestDiffusion,Compute,total_time_seconds,18.47421300201677,21.76413963595405,35.18229143810458,31.31778157502413,34.27944032591768,30.48063595499843,30.99832000098831,29.56331106399011,28.39039065998804,28.41718176900758,28.88677054259897,5.182247181966137,10
Concrete,ForestDiffusion,Compute,training_time_seconds,4.344043940072879,5.40117460116744,15.00763165298849,14.9003540079575,12.18324895203114,13.205016996013,8.640685803999077,7.985323795990553,6.714645637010108,8.949253361002775,9.733137874823296,3.8637878830820123,10
Concrete,ForestDiffusion,Fidelity,KS_Complement,0.8131305285868392,0.8123721682847896,0.8117313915857606,0.8161046386192017,0.8109395900755124,0.8015911542610571,0.8200409924487595,0.8136914778856527,0.8182524271844659,0.8096947141316073,0.8127549083063645,0.0050993717667299565,10
Concrete,ForestDiffusion,Fidelity,MMD,0.0193609077117331,0.0292719893331675,0.0284738240237471,0.0199989616803523,0.0235318204113993,0.0246609447455511,0.0307569308231873,0.0274150495181939,0.0291898880028891,0.0313272129435375,0.026398752919375816,0.004299819202711767,10
Concrete,ForestDiffusion,Fidelity,Quality_Score,0.8953560906447171,0.8891225600524355,0.892908704242881,0.8970622452786261,0.8933192182094616,0.8869427856024827,0.895077805668687,0.8944642128898319,0.8961745645315771,0.8921888325694801,0.8932617019690181,0.0031692934887062874,10
Concrete,ForestDiffusion,Fidelity,Wasserstein_Distance,9.415790288028466,9.895769548371412,9.231447963085444,8.91724231592638,9.322344504747612,9.175667064352664,9.374651529740328,9.23586585022382,9.659865752670466,9.181391295006668,9.341003611215326,0.2732426661429996,10
Concrete,ForestDiffusion,Privacy,MIA_AUC,0.4806172839506173,0.4634567901234568,0.5734567901234567,0.5265432098765432,0.5155555555555555,0.5685185185185185,0.5125925925925925,0.5690123456790123,0.5623456790123457,0.5050617283950617,0.5277160493827161,0.03929996983355528,10
Concrete,ForestDiffusion,Privacy,Mahalanobis_Distance,2.42959779874076,2.420195190922177,2.432880576399698,2.442770723996137,2.468584551316102,2.4206826781566,2.436396711653122,2.412790077144905,2.436750469368294,2.42407510189404,2.432472387959184,0.015634402386995993,10
Concrete,ForestDiffusion,Privacy,Mean_Distance,2.42959779874076,2.420195190922177,2.432880576399698,2.442770723996137,2.468584551316102,2.4206826781566,2.436396711653122,2.412790077144905,2.436750469368294,2.42407510189404,2.432472387959184,0.015634402386995993,10
Concrete,ForestDiffusion,Privacy,Median_Distance,2.30096906966348,2.283366968928188,2.343364654465418,2.281580758370834,2.324274607487469,2.289444066219786,2.319861547477145,2.29327763538601,2.284716801592059,2.286993141665565,2.3007849251255954,0.021172066348955482,10
Concrete,ForestDiffusion,Privacy,NNDR,0.8848848764481961,0.8786950072068537,0.8817072027657628,0.8862636026171162,0.8758439566644006,0.8953659303279342,0.8809828525756583,0.885138981815231,0.8782489312238883,0.8822008777632468,0.8829332219408288,0.005480714903811695,10
Concrete,ForestDiffusion,Utility,MAE_Increase,1.42712366903959,1.540450012701759,1.393330303543415,1.368941614038106,1.52257559974136,1.588524910199047,1.377450186618017,1.555758619295981,1.31207252042145,1.61485646174355,1.4701083897342275,0.106222693940749,10
Concrete,ForestDiffusion,Utility,MAE_TRTR,5.792161381602034,5.792161381602034,5.792161381602034,5.792161381602034,5.792161381602034,5.792161381602034,5.792161381602034,5.792161381602034,5.792161381602034,5.792161381602034,5.792161381602034,0.0,10
Concrete,ForestDiffusion,Utility,MAE_TSTR,7.219285050641624,7.332611394303792,7.185491685145449,7.16110299564014,7.314736981343394,7.380686291801081,7.16961156822005,7.347920000898014,7.104233902023483,7.407017843345583,7.262269771336261,0.10622269394074904,10
Concrete,ForestDiffusion,Utility,R2_Gap,0.0891460185962953,0.0951779850608625,0.0904354359746338,0.0907887888115974,0.0822648793216165,0.1269414045360887,0.081683453424789,0.1069335654601976,0.0816980207628537,0.1026673363416173,0.09477368882905518,0.01418240643984833,10
Concrete,ForestDiffusion,Utility,R2_TRTR,0.75311790277688,0.75311790277688,0.75311790277688,0.75311790277688,0.75311790277688,0.75311790277688,0.75311790277688,0.75311790277688,0.75311790277688,0.75311790277688,0.7531179027768801,0.0,10
Concrete,ForestDiffusion,Utility,R2_TSTR,0.6639718841805846,0.6579399177160175,0.6626824668022461,0.6623291139652825,0.6708530234552634,0.6261764982407912,0.671434449352091,0.6461843373166823,0.6714198820140262,0.6504505664352627,0.6583442139478247,0.014182406439848319,10
Concrete,ForestDiffusion,Utility,RMSE_Increase,1.576049661352407,1.66954907542293,1.547625945882576,1.577714507814862,1.468189371473798,2.031599821276709,1.453882830924213,1.81420401903449,1.451603421219511,1.736566762549227,1.6326985416950723,0.18544735480724683,10
Concrete,ForestDiffusion,Utility,RMSE_TRTR,7.693575465093256,7.693575465093256,7.693575465093256,7.693575465093256,7.693575465093256,7.693575465093256,7.693575465093256,7.693575465093256,7.693575465093256,7.693575465093256,7.693575465093256,0.0,10
Concrete,ForestDiffusion,Utility,RMSE_TSTR,9.269625126445662,9.363124540516186,9.241201410975831,9.271289972908118,9.161764836567054,9.725175286369964,9.147458296017469,9.507779484127743,9.145178886312769,9.430142227642484,9.326274006788328,0.18544735480724653,10
Concrete,GaussianCopula,Compute,evaluation_time_seconds,16.76691342401318,18.85562889417633,21.13965287292376,15.15313682705164,29.33250173204578,36.63744859886356,33.82399799799896,38.28935823800566,32.78393759900064,35.98158441099804,27.876416059507754,8.97229040859348,10
Concrete,GaussianCopula,Compute,generation_time_seconds,0.0,0.0,0.0,0.0,0.0,0.0,0.0,0.0,0.0,0.0,0.0,0.0,10
Concrete,GaussianCopula,Compute,total_time_seconds,18.5813260031864,20.03745099087246,22.29104032902978,16.82005866803229,30.8104845401831,39.98777241306379,39.22524286700354,44.4596423519979,37.43378973599465,38.91967428200587,30.85664821813698,10.460824349475097,10
Concrete,GaussianCopula,Compute,training_time_seconds,1.755191569915041,1.123722665011883,1.094058062881231,1.614934381097555,1.428799089044333,3.189025826985016,5.252059527992969,5.771737447998021,4.494279774997267,2.775200082003721,2.849900842792704,1.7618739784988326,10
Concrete,GaussianCopula,Fidelity,KS_Complement,0.770665587918015,0.770665587918015,0.770665587918015,0.770665587918015,0.770665587918015,0.770665587918015,0.770665587918015,0.770665587918015,0.770665587918015,0.770665587918015,0.770665587918015,0.0,10
Concrete,GaussianCopula,Fidelity,MMD,0.0296080172083909,0.0296080172083909,0.0296080172083909,0.0296080172083909,0.0296080172083909,0.0296080172083909,0.0296080172083909,0.0296080172083909,0.0296080172083909,0.0296080172083909,0.029608017208390895,0.0,10
Concrete,GaussianCopula,Fidelity,Quality_Score,0.8490976018837287,0.8490976018837287,0.8490976018837287,0.8490976018837287,0.8490976018837287,0.8490976018837287,0.8490976018837287,0.8490976018837287,0.8490976018837287,0.8490976018837287,0.8490976018837287,0.0,10
Concrete,GaussianCopula,Fidelity,Wasserstein_Distance,12.50151179072276,12.50151179072276,12.50151179072276,12.50151179072276,12.50151179072276,12.50151179072276,12.50151179072276,12.50151179072276,12.50151179072276,12.50151179072276,12.50151179072276,0.0,10
Concrete,GaussianCopula,Privacy,MIA_AUC,0.7964197530864198,0.7964197530864198,0.7964197530864198,0.7964197530864198,0.7964197530864198,0.7964197530864198,0.7964197530864198,0.7964197530864198,0.7964197530864198,0.7964197530864198,0.7964197530864199,0.0,10
Concrete,GaussianCopula,Privacy,Mahalanobis_Distance,4.773443731055067,4.773443731055067,4.773443731055067,4.773443731055067,4.773443731055067,4.773443731055067,4.773443731055067,4.773443731055067,4.773443731055067,4.773443731055067,4.773443731055067,0.0,10
Concrete,GaussianCopula,Privacy,Mean_Distance,4.773443731055067,4.773443731055067,4.773443731055067,4.773443731055067,4.773443731055067,4.773443731055067,4.773443731055067,4.773443731055067,4.773443731055067,4.773443731055067,4.773443731055067,0.0,10
Concrete,GaussianCopula,Privacy,Median_Distance,4.260656729701209,4.260656729701209,4.260656729701209,4.260656729701209,4.260656729701209,4.260656729701209,4.260656729701209,4.260656729701209,4.260656729701209,4.260656729701209,4.260656729701209,0.0,10
Concrete,GaussianCopula,Privacy,NNDR,0.927033317797953,0.927033317797953,0.927033317797953,0.927033317797953,0.927033317797953,0.927033317797953,0.927033317797953,0.927033317797953,0.927033317797953,0.927033317797953,0.9270333177979528,0.0,10
Concrete,GaussianCopula,Utility,MAE_Increase,6.582174093992501,6.582174093992501,6.582174093992501,6.582174093992501,6.582174093992501,6.582174093992501,6.582174093992501,6.582174093992501,6.582174093992501,6.582174093992501,6.582174093992501,0.0,10
Concrete,GaussianCopula,Utility,MAE_TRTR,5.792161381602034,5.792161381602034,5.792161381602034,5.792161381602034,5.792161381602034,5.792161381602034,5.792161381602034,5.792161381602034,5.792161381602034,5.792161381602034,5.792161381602034,0.0,10
Concrete,GaussianCopula,Utility,MAE_TSTR,12.37433547559453,12.37433547559453,12.37433547559453,12.37433547559453,12.37433547559453,12.37433547559453,12.37433547559453,12.37433547559453,12.37433547559453,12.37433547559453,12.374335475594531,0.0,10
Concrete,GaussianCopula,Utility,R2_Gap,0.9027790240778382,0.9027790240778382,0.9027790240778382,0.9027790240778382,0.9027790240778382,0.9027790240778382,0.9027790240778382,0.9027790240778382,0.9027790240778382,0.9027790240778382,0.9027790240778379,0.0,10
Concrete,GaussianCopula,Utility,R2_TRTR,0.75311790277688,0.75311790277688,0.75311790277688,0.75311790277688,0.75311790277688,0.75311790277688,0.75311790277688,0.75311790277688,0.75311790277688,0.75311790277688,0.7531179027768801,0.0,10
Concrete,GaussianCopula,Utility,R2_TSTR,-0.1496611213009582,-0.1496611213009582,-0.1496611213009582,-0.1496611213009582,-0.1496611213009582,-0.1496611213009582,-0.1496611213009582,-0.1496611213009582,-0.1496611213009582,-0.1496611213009582,-0.1496611213009582,0.0,10
Concrete,GaussianCopula,Utility,RMSE_Increase,8.093266346757641,8.093266346757641,8.093266346757641,8.093266346757641,8.093266346757641,8.093266346757641,8.093266346757641,8.093266346757641,8.093266346757641,8.093266346757641,8.093266346757641,0.0,10
Concrete,GaussianCopula,Utility,RMSE_TRTR,7.693575465093256,7.693575465093256,7.693575465093256,7.693575465093256,7.693575465093256,7.693575465093256,7.693575465093256,7.693575465093256,7.693575465093256,7.693575465093256,7.693575465093256,0.0,10
Concrete,GaussianCopula,Utility,RMSE_TSTR,15.7868418118509,15.7868418118509,15.7868418118509,15.7868418118509,15.7868418118509,15.7868418118509,15.7868418118509,15.7868418118509,15.7868418118509,15.7868418118509,15.7868418118509,0.0,10
Concrete,TVAE,Compute,evaluation_time_seconds,24.68734255293384,17.49663903191686,17.8942120699212,15.83018315304071,26.70804427680559,25.1276457500644,28.22167419400648,68.84455829199578,27.05459603200143,24.2049182470073,27.60698135996936,15.142009739164429,10
Concrete,TVAE,Compute,generation_time_seconds,0.0,0.0,0.0,0.0,0.0,0.0,0.0,0.0,0.0,0.0,0.0,0.0,10
Concrete,TVAE,Compute,total_time_seconds,63.12137226597406,46.51357101183385,44.14544846117496,42.63658655015752,50.88302245107479,48.89300953014754,770.5583843359927,819.2801768310092,53.33544855100627,48.00973521800188,198.73767552063728,314.4761653687491,10
Concrete,TVAE,Compute,training_time_seconds,38.25516960490495,28.83953354484402,26.20445156795904,26.70142020308413,24.13734519691207,23.68990041408688,742.1582525229969,750.2324215129993,26.14355189799971,23.70178483500786,171.00638313007948,303.18670923474565,10
Concrete,TVAE,Fidelity,KS_Complement,0.8466569579288026,0.8638371089536138,0.8613948220064724,0.8623365695792882,0.8537907227615966,0.849888888888889,0.851472491909385,0.859437971952535,0.8664412081984898,0.8590722761596549,0.8574329018338727,0.006586510868479325,10
Concrete,TVAE,Fidelity,MMD,0.022549275942222,0.0193203450710179,0.0194842588708693,0.0261557293705677,0.0221916509926773,0.0309516798119386,0.0315409900479169,0.0318290825752798,0.0231546567228017,0.0260005699410435,0.02531782393463347,0.004785977050396839,10
Concrete,TVAE,Fidelity,Quality_Score,0.8781347168333375,0.9005488991876799,0.898033761747285,0.8859039795861844,0.8817338193853206,0.8812270093150958,0.8838981323953202,0.8858930802436378,0.8792575334093342,0.9165238356886984,0.8891154767791892,0.01221960287685651,10
Concrete,TVAE,Fidelity,Wasserstein_Distance,11.23006254584682,9.16890062567422,9.153063171521032,9.823198047464942,9.53203652642934,11.84916569579288,10.43785265372168,11.08327318230852,9.51818659115426,11.27294781014024,10.306868685005394,0.9925722288547125,10
Concrete,TVAE,Privacy,MIA_AUC,0.7085185185185185,0.6612345679012346,0.6834567901234568,0.7049382716049383,0.6872839506172839,0.7559259259259259,0.6996296296296296,0.6953086419753086,0.6835802469135802,0.7024691358024692,0.6982345679012346,0.024561665565124614,10
Concrete,TVAE,Privacy,Mahalanobis_Distance,4.317793254477789,4.37723502687001,4.174791393371158,4.116759403236046,4.327533588518906,4.313993183946605,4.246985580289044,4.318013414683316,4.269755183476231,4.45144131592409,4.291430134479319,0.09588179957134382,10
Concrete,TVAE,Privacy,Mean_Distance,4.317793254477789,4.37723502687001,4.174791393371158,4.116759403236046,4.327533588518906,4.313993183946605,4.246985580289044,4.318013414683316,4.269755183476231,4.45144131592409,4.291430134479319,0.09588179957134382,10
Concrete,TVAE,Privacy,Median_Distance,3.85281151115753,4.036368431883219,3.858385977101352,3.686154537471729,3.975331943941987,3.941463123980846,3.739769461939927,3.884795024673853,3.758500359342508,3.913416499887857,3.8646996871380805,0.11021436202199024,10
Concrete,TVAE,Privacy,NNDR,0.9087035450550752,0.9129614968190822,0.9160410799429092,0.9076563150869776,0.9144414621668352,0.9114970362156626,0.91096136838335,0.9117687593812196,0.906062294776624,0.9036209257914746,0.910371428361921,0.0038481991042431,10
Concrete,TVAE,Utility,MAE_Increase,3.745165435367195,3.491223487260211,3.605630279908274,3.433817605305757,3.398913555191568,3.76148007870257,3.874533344440232,3.174057806693883,3.464057424378975,3.945306292944272,3.5894185310192936,0.24047583616522553,10
Concrete,TVAE,Utility,MAE_TRTR,5.792161381602034,5.792161381602034,5.792161381602034,5.792161381602034,5.792161381602034,5.792161381602034,5.792161381602034,5.792161381602034,5.792161381602034,5.792161381602034,5.792161381602034,0.0,10
Concrete,TVAE,Utility,MAE_TSTR,9.537326816969228,9.283384868862244,9.397791661510308,9.22597898690779,9.1910749367936,9.553641460304604,9.666694726042266,8.966219188295916,9.256218805981009,9.737467674546306,9.381579912621328,0.2404758361652259,10
Concrete,TVAE,Utility,R2_Gap,0.2619424766473784,0.2394328306266247,0.2813087143093553,0.2427161137686626,0.2417758933014009,0.2745875238316393,0.2924686335008152,0.2301059924195334,0.2330152188274848,0.3113229763759784,0.2608676373608873,0.027942504144092762,10
Concrete,TVAE,Utility,R2_TRTR,0.75311790277688,0.75311790277688,0.75311790277688,0.75311790277688,0.75311790277688,0.75311790277688,0.75311790277688,0.75311790277688,0.75311790277688,0.75311790277688,0.7531179027768801,0.0,10
Concrete,TVAE,Utility,R2_TSTR,0.4911754261295016,0.5136850721502553,0.4718091884675246,0.5104017890082173,0.511342009475479,0.4785303789452406,0.4606492692760648,0.5230119103573465,0.5201026839493952,0.4417949264009016,0.4922502654159927,0.02794250414409274,10
Concrete,TVAE,Utility,RMSE_Increase,3.756056175482597,3.499899454604867,3.964583035829246,3.535921209235509,3.526382728961961,3.896684647091485,4.081703662631545,3.389697168864197,3.424261684565359,4.299384079977928,3.7374573847244696,0.3113026810413342,10
Concrete,TVAE,Utility,RMSE_TRTR,7.693575465093256,7.693575465093256,7.693575465093256,7.693575465093256,7.693575465093256,7.693575465093256,7.693575465093256,7.693575465093256,7.693575465093256,7.693575465093256,7.693575465093256,0.0,10
Concrete,TVAE,Utility,RMSE_TSTR,11.44963164057585,11.19347491969812,11.6581585009225,11.22949667432876,11.21995819405522,11.59026011218474,11.7752791277248,11.08327263395745,11.11783714965861,11.99295954507118,11.431032849817722,0.3113026810413345,10
Concrete,TabDDPM,Compute,evaluation_time_seconds,17.6858651121147,12.51889546494931,14.73213688400574,13.04232398513705,15.9512559750583,15.44771377788857,41.46951567199721,18.07327614100359,18.08838769298745,73.15205262000381,24.016142332514573,19.168118077534203,10
Concrete,TabDDPM,Compute,generation_time_seconds,0.0,0.0,0.0,0.0,0.0,0.0,0.0,0.0,0.0,0.0,0.0,0.0,10
Concrete,TabDDPM,Compute,total_time_seconds,26.68664017086849,28.91817562980577,29.97477771202102,23.16092966496944,24.25124853593297,23.19233756302856,190.821436364,51.32879733599839,44.82794541500334,220.411718806994,66.3574007198622,74.32260862168226,10
Concrete,TabDDPM,Compute,training_time_seconds,8.934638481820002,16.21621249383315,15.0812082469929,10.06605900195427,8.184163099853322,7.665410161018372,149.1085622659884,33.18064418999711,26.68689580401406,147.005836078999,42.21296298244706,56.40644470498257,10
Concrete,TabDDPM,Fidelity,KS_Complement,0.7799892125134844,0.6831952535059331,0.8540269687162891,0.552638619201726,0.8526936353829558,0.7316040992448758,0.6834422869471414,0.7118176914778857,0.7493247033441208,0.7834649406688242,0.7382197411003235,0.08921894101216424,10
Concrete,TabDDPM,Fidelity,MMD,0.0611655591156112,0.1049534727682327,0.0420344814882004,0.2986213322290708,0.0356322274323698,0.0974094516638407,0.1164031395029245,0.1225605488554929,0.0809288939423392,0.0478380248081236,0.10075471318062057,0.07626702425805262,10
Concrete,TabDDPM,Fidelity,Quality_Score,0.8327952884616499,0.81992217466651,0.8108869758404434,0.7621561591729265,0.8841292311357021,0.8407032278729258,0.7411203831538481,0.8453996944313225,0.8223319083719678,0.8502831999068234,0.8209728243014119,0.04205029934893109,10
Concrete,TabDDPM,Fidelity,Wasserstein_Distance,33.85941205029656,47.15045527982996,20.73668987022514,65.75715595625323,23.09775244923425,39.47006690306739,39.44397471868735,32.6749086676021,35.07484866947757,30.13986015361301,36.74051247182865,12.817140622529921,10
Concrete,TabDDPM,Privacy,MIA_AUC,0.7209876543209877,0.7917283950617284,0.6254320987654322,0.8755555555555555,0.6841975308641975,0.6890123456790124,0.7507407407407407,0.7004938271604939,0.6876543209876543,0.7041975308641975,0.7230000000000001,0.06916972149521187,10
Concrete,TabDDPM,Privacy,Mahalanobis_Distance,5.25959312994553,8.221001096634772,5.051042817932773,12.58950740754047,5.363364595129887,5.204696907603942,8.17282073051684,7.37649995987072,5.359530172044634,5.149468507547139,6.77475253247667,2.4172546429618644,10
Concrete,TabDDPM,Privacy,Mean_Distance,5.25959312994553,8.221001096634772,5.051042817932773,12.58950740754047,5.363364595129887,5.204696907603942,8.17282073051684,7.37649995987072,5.359530172044634,5.149468507547139,6.77475253247667,2.4172546429618644,10
Concrete,TabDDPM,Privacy,Median_Distance,4.616395753892634,7.009867327670555,3.83108959668266,11.50444629475502,4.024613202916997,4.585107261945786,5.504252965968404,5.575808013118166,4.407698520818505,4.01345462391985,5.507273356168858,2.3171117936151924,10
Concrete,TabDDPM,Privacy,NNDR,0.8944986772905184,0.9291039313219406,0.903898665033941,0.9457684672604438,0.9043276383321824,0.8936147288828644,0.9269110156159892,0.914361308714638,0.8915385943306815,0.8832931049153164,0.9087316131698515,0.019903965792469277,10
Concrete,TabDDPM,Utility,MAE_Increase,2.602670286389777,3.093006022609442,2.329324550196056,2.435377144163983,2.776346058394461,2.308673310220881,2.686059848824458,2.911393393095084,2.061961986944141,3.073517199131381,2.627832979996966,0.344758524427984,10
Concrete,TabDDPM,Utility,MAE_TRTR,5.792161381602034,5.792161381602034,5.792161381602034,5.792161381602034,5.792161381602034,5.792161381602034,5.792161381602034,5.792161381602034,5.792161381602034,5.792161381602034,5.792161381602034,0.0,10
Concrete,TabDDPM,Utility,MAE_TSTR,8.394831667991811,8.885167404211476,8.12148593179809,8.227538525766017,8.568507439996495,8.100834691822914,8.478221230426492,8.703554774697118,7.854123368546174,8.865678580733414,8.419994361598999,0.34475852442798405,10
Concrete,TabDDPM,Utility,R2_Gap,0.2028800965752096,0.2680764300507376,0.160832055703013,0.1843190192896962,0.2354503170346625,0.1664562394506761,0.1966548538692049,0.2366995479677583,0.1402710360192061,0.2499641846607419,0.20416037806209064,0.042234205996487105,10
Concrete,TabDDPM,Utility,R2_TRTR,0.75311790277688,0.75311790277688,0.75311790277688,0.75311790277688,0.75311790277688,0.75311790277688,0.75311790277688,0.75311790277688,0.75311790277688,0.75311790277688,0.7531179027768801,0.0,10
Concrete,TabDDPM,Utility,R2_TSTR,0.5502378062016704,0.4850414727261423,0.592285847073867,0.5687988834871838,0.5176675857422175,0.5866616633262038,0.5564630489076751,0.5164183548091217,0.6128468667576739,0.5031537181161381,0.5489575247147893,0.04223420599648712,10
Concrete,TabDDPM,Utility,RMSE_Increase,2.629769971109354,3.375738501612636,2.35484704669148,2.75417793593803,2.919983667982004,2.300689260737499,2.63222179665253,3.204268114534353,2.090308983165153,3.221051293636696,2.7483056572059734,0.43079073389944067,10
Concrete,TabDDPM,Utility,RMSE_TRTR,7.693575465093256,7.693575465093256,7.693575465093256,7.693575465093256,7.693575465093256,7.693575465093256,7.693575465093256,7.693575465093256,7.693575465093256,7.693575465093256,7.693575465093256,0.0,10
Concrete,TabDDPM,Utility,RMSE_TSTR,10.32334543620261,11.06931396670589,10.04842251178474,10.44775340103129,10.61355913307526,9.994264725830757,10.32579726174579,10.89784357962761,9.783884448258409,10.91462675872995,10.441881122299229,0.43079073389943956,10
Concrete,WGAN-GP,Compute,evaluation_time_seconds,18.19585383683443,16.94805481215008,31.96961448318325,22.85060554300435,16.86048200516962,16.12356164888479,20.64495349899516,60.04264186799992,21.4506986829947,20.4054901789932,24.54919565582095,13.283224816641098,10
Concrete,WGAN-GP,Compute,generation_time_seconds,0.0,0.0,0.0,0.0,0.0,0.0,0.0,0.0,0.0,0.0,0.0,0.0,10
Concrete,WGAN-GP,Compute,total_time_seconds,57.36067660199478,56.81529523991048,69.6299540749751,68.21326555707492,51.14105365099385,49.58569311792962,64.4023212739994,157.7593742530007,55.30514818200027,56.19045669100888,68.6403238642888,32.02519635330506,10
Concrete,WGAN-GP,Compute,training_time_seconds,39.09307957696728,39.8277307159733,37.55788381700404,45.20844969991595,34.19913719198667,33.41818828880787,43.66077009399305,97.51411369799462,33.78125856099359,35.71749210001144,43.99781037436478,19.233583386758507,10
Concrete,WGAN-GP,Fidelity,KS_Complement,0.8022815533980582,0.8188036677454152,0.8127367853290184,0.7973764832793959,0.8009697950377563,0.8130614886731391,0.8032038834951456,0.8044822006472492,0.8126720604099245,0.8024239482200648,0.8068011866235167,0.006941703065792646,10
Concrete,WGAN-GP,Fidelity,MMD,0.0208100451943311,0.0186864216342262,0.0192228235272584,0.0269479199848556,0.0246522508544351,0.0195732636141234,0.0259069491951579,0.0256811792994721,0.0207330473470112,0.0258081029425972,0.02280220035934682,0.003265999853264417,10
Concrete,WGAN-GP,Fidelity,Quality_Score,0.8794220727253736,0.894268996111897,0.8911403364836699,0.880608013799389,0.8884067829016451,0.8883175534349279,0.8878783366031867,0.8817366472721722,0.9013675442419798,0.9007588529131708,0.8893905136487412,0.007739073360671718,10
Concrete,WGAN-GP,Fidelity,Wasserstein_Distance,13.620697157765,10.73381049834162,13.12286882751784,14.51211654263013,12.36538193636509,13.12750861959041,14.99051026120951,13.4271921355297,12.24588939666896,12.88696505032471,13.103294042594296,1.1954013213285104,10
Concrete,WGAN-GP,Privacy,MIA_AUC,0.8048148148148148,0.7355555555555556,0.7296296296296296,0.7496296296296296,0.788641975308642,0.7506172839506173,0.7801234567901235,0.8259259259259258,0.6914814814814815,0.7554320987654323,0.7611851851851852,0.03943628935663774,10
Concrete,WGAN-GP,Privacy,Mahalanobis_Distance,3.017229774668384,2.908966224309685,2.878291860047955,2.940334603897099,2.948536993248891,2.903727567413906,2.816714085826229,2.855442612448898,2.944424871113449,2.774424242283045,2.898809283525754,0.07066480945586757,10
Concrete,WGAN-GP,Privacy,Mean_Distance,3.017229774668384,2.908966224309685,2.878291860047955,2.940334603897099,2.948536993248891,2.903727567413906,2.816714085826229,2.855442612448898,2.944424871113449,2.774424242283045,2.898809283525754,0.07066480945586757,10
Concrete,WGAN-GP,Privacy,Median_Distance,3.017731444609206,2.924172175120324,2.857160827850016,2.877638691906436,2.938091520395603,2.850326544256807,2.791352045552106,2.85738194846653,2.935158941025374,2.755394280796526,2.880440841997893,0.0764785088669257,10
Concrete,WGAN-GP,Privacy,NNDR,0.928264505065582,0.932732097407544,0.9337756700205828,0.9283298015589856,0.93104915685885,0.9312283913603387,0.926996358458724,0.9306507586800488,0.9293568951655,0.9265399595916636,0.9298923594167819,0.002400142800591524,10
Concrete,WGAN-GP,Utility,MAE_Increase,4.045721813324784,3.838067011929262,2.949088365127873,3.876108966434371,3.134984014164946,3.924457298758501,4.043663934178928,4.859579958066018,2.737697840930041,3.634730024442838,3.7044099227357563,0.623245500614859,10
Concrete,WGAN-GP,Utility,MAE_TRTR,5.792161381602034,5.792161381602034,5.792161381602034,5.792161381602034,5.792161381602034,5.792161381602034,5.792161381602034,5.792161381602034,5.792161381602034,5.792161381602034,5.792161381602034,0.0,10
Concrete,WGAN-GP,Utility,MAE_TSTR,9.837883194926818,9.630228393531295,8.741249746729906,9.668270348036405,8.92714539576698,9.716618680360536,9.835825315780962,10.65174133966805,8.529859222532075,9.426891406044872,9.49657130433779,0.6232455006148587,10
Concrete,WGAN-GP,Utility,R2_Gap,0.4441012237394625,0.477944128310931,0.5062660595263287,0.9092973095745436,0.4705724848378198,0.6092509395305101,0.5503330467555567,0.9700252619075136,0.399296765209233,0.6377078631209862,0.5974795082512886,0.1947978001323775,10
Concrete,WGAN-GP,Utility,R2_TRTR,0.75311790277688,0.75311790277688,0.75311790277688,0.75311790277688,0.75311790277688,0.75311790277688,0.75311790277688,0.75311790277688,0.75311790277688,0.75311790277688,0.7531179027768801,0.0,10
Concrete,WGAN-GP,Utility,R2_TSTR,0.3090166790374174,0.2751737744659489,0.2468518432505512,-0.1561794067976637,0.2825454179390602,0.1438669632463699,0.2027848560213232,-0.2169073591306337,0.353821137567647,0.1154100396558938,0.15563839452559142,0.1947978001323775,10
Concrete,WGAN-GP,Utility,RMSE_Increase,5.41557351342408,5.844801094965499,5.67058047767288,8.148325213501945,5.587036875824666,6.870564798205693,6.106460938580407,9.110296746329356,4.800255515204842,6.860024294255174,6.441391946796453,1.3305771915060698,10
Concrete,WGAN-GP,Utility,RMSE_TRTR,7.693575465093256,7.693575465093256,7.693575465093256,7.693575465093256,7.693575465093256,7.693575465093256,7.693575465093256,7.693575465093256,7.693575465093256,7.693575465093256,7.693575465093256,0.0,10
Concrete,WGAN-GP,Utility,RMSE_TSTR,13.10914897851734,13.53837656005875,13.36415594276614,15.8419006785952,13.28061234091792,14.56414026329895,13.80003640367366,16.80387221142261,12.4938309802981,14.55359975934843,14.13496741188971,1.3305771915060698,10
Energy Efficiency,CTABGAN,Compute,evaluation_time_seconds,18.22706666099839,18.83041413500905,10.18551488290541,19.01757901208475,15.33808114915155,33.05088487989269,27.28128023899626,28.53077992900216,40.38395353099622,35.2379007779964,24.60834551970329,9.746689021015472,10
Energy Efficiency,CTABGAN,Compute,generation_time_seconds,0.0,0.0,0.0,0.0,0.0,0.0,0.0,0.0,0.0,0.0,0.0,0.0,10
Energy Efficiency,CTABGAN,Compute,total_time_seconds,162.2634144998156,168.8756265759002,159.6006986289285,171.3655585460365,170.1681143550668,146.359386205906,390.288135861003,229.0780265079957,402.4070702189929,199.6519288520067,220.00579602516518,95.82020136198179,10
Energy Efficiency,CTABGAN,Compute,training_time_seconds,143.9742696019821,149.9853558838367,149.3607546410058,152.2905014739372,154.6974400191102,113.2449080280494,362.7646518420079,200.4130589000124,361.8892507889977,164.2844209890027,195.2904612167942,90.5624900847978,10
Energy Efficiency,CTABGAN,Fidelity,KS_Complement,0.6847504885993485,0.6913107491856677,0.7094938110749186,0.7480628664495115,0.7146345276872964,0.6987758957654723,0.6971254071661238,0.673415635179153,0.7085964169381108,0.7068892508143322,0.7033055048859935,0.020141108768668006,10
Energy Efficiency,CTABGAN,Fidelity,MMD,0.178298274800284,0.1851671842507182,0.136987677587619,0.1012236942173594,0.1513698541291104,0.164238236264296,0.1324951220736771,0.1726214693595724,0.1151824692357891,0.1244182743145367,0.14620022562329624,0.028540477160693835,10
Energy Efficiency,CTABGAN,Fidelity,Quality_Score,0.6336288228408038,0.6422648026456887,0.6463055726489804,0.5543981306932892,0.5380702610596491,0.5358836163473508,0.5358994610135817,0.5206546258867201,0.5328758043124386,0.531861940442538,0.567184303789104,0.05150131837502704,10
Energy Efficiency,CTABGAN,Fidelity,Wasserstein_Distance,11.1720050163934,9.972815079223938,10.26906515970681,7.745067579369199,9.563047175796786,10.90876040260611,11.79474056245101,12.05803028729232,9.653539422448857,10.61143617236235,10.374850685765079,1.2513799231460438,10
Energy Efficiency,CTABGAN,Privacy,MIA_AUC,0.8334567901234567,0.9058024691358024,0.8275308641975309,0.8708641975308642,0.9644444444444444,0.9420987654320988,0.921358024691358,0.932716049382716,0.9130864197530864,0.9564197530864196,0.9067777777777779,0.04820015656849734,10
Energy Efficiency,CTABGAN,Privacy,Mahalanobis_Distance,564.3484245631342,636.6305106047184,546.7800213811021,625.7960325244646,592.0384291306405,528.2508038468424,557.2826559395309,508.2172001327801,595.5434133032235,565.2832311575952,572.0170722584031,40.77784107521503,10
Energy Efficiency,CTABGAN,Privacy,Mean_Distance,564.3484245631342,636.6305106047184,546.7800213811021,625.7960325244646,592.0384291306405,528.2508038468424,557.2826559395309,508.2172001327801,595.5434133032235,565.2832311575952,572.0170722584031,40.77784107521503,10
Energy Efficiency,CTABGAN,Privacy,Median_Distance,451.1039363360798,537.4706773376091,460.4799321555241,474.4566255777492,525.3827585531961,441.7026238323003,442.5955920738555,395.6115858466623,480.5451021425284,434.7033147282375,464.4052148583743,42.44802686844747,10
Energy Efficiency,CTABGAN,Privacy,NNDR,0.9094759334568154,0.9243740206678668,0.920035270481176,0.9447412381397826,0.9380067035667432,0.9352862705490552,0.94460907417669,0.9329932757870888,0.9316706613445552,0.9332615216075404,0.9314453969777314,0.010936495996053095,10
Energy Efficiency,CTABGAN,Utility,MAE_Increase,6.350793242231235,5.895793695956977,8.056802958035657,6.149222072461754,5.439839185397068,5.219970582286001,5.810575219350352,6.982873400486855,8.023544811321447,8.378538139631175,6.630795330715851,1.1587310194966116,10
Energy Efficiency,CTABGAN,Utility,MAE_TRTR,0.903683526153806,0.903683526153806,0.903683526153806,0.903683526153806,0.903683526153806,0.903683526153806,0.903683526153806,0.903683526153806,0.903683526153806,0.903683526153806,0.9036835261538061,0.0,10
Energy Efficiency,CTABGAN,Utility,MAE_TSTR,7.254476768385041,6.799477222110783,8.960486484189463,7.05290559861556,6.343522711550874,6.123654108439807,6.714258745504158,7.886556926640661,8.927228337475253,9.28222166578498,7.534478856869657,1.1587310194966114,10
Energy Efficiency,CTABGAN,Utility,R2_Gap,0.7411688631307758,0.5639835271035796,0.9543499686889066,0.6469103837516823,0.4648667609573006,0.4578019009409641,0.5508901536961393,0.8546526389452489,1.195146471200202,1.078334934781982,0.750810560319678,0.2604049698328056,10
Energy Efficiency,CTABGAN,Utility,R2_TRTR,0.9781020698741224,0.9781020698741224,0.9781020698741224,0.9781020698741224,0.9781020698741224,0.9781020698741224,0.9781020698741224,0.9781020698741224,0.9781020698741224,0.9781020698741224,0.9781020698741225,0.0,10
Energy Efficiency,CTABGAN,Utility,R2_TSTR,0.2369332067433465,0.4141185427705427,0.0237521011852156,0.33119168612244,0.5132353089168217,0.5203001689331582,0.427211916177983,0.1234494309288734,-0.2170444013260793,-0.1002328649078593,0.22729150955444424,0.2604049698328055,10
Energy Efficiency,CTABGAN,Utility,RMSE_Increase,7.363448466193598,6.162521767984622,8.66421575648481,6.825153301413212,5.68403170641208,5.590682459394682,6.27850959431718,8.11667283539634,9.843216524984276,9.238659522369378,7.376711193495017,1.5200682940652672,10
Energy Efficiency,CTABGAN,Utility,RMSE_TRTR,1.414706716782129,1.414706716782129,1.414706716782129,1.414706716782129,1.414706716782129,1.414706716782129,1.414706716782129,1.414706716782129,1.414706716782129,1.414706716782129,1.414706716782129,0.0,10
Energy Efficiency,CTABGAN,Utility,RMSE_TSTR,8.778155182975727,7.577228484766751,10.07892247326694,8.23986001819534,7.098738423194209,7.005389176176811,7.693216311099309,9.53137955217847,11.25792324176641,10.65336623915151,8.791417910277147,1.5200682940652686,10
Energy Efficiency,CTGAN,Compute,evaluation_time_seconds,14.20903803291731,14.98114601382986,12.68943844502792,14.81430522399023,13.3833066909574,17.18788028811105,46.83813501200348,13.30238990900398,13.92599882499781,14.78397961099108,17.61156180518301,10.343790325810648,10
Energy Efficiency,CTGAN,Compute,generation_time_seconds,0.0,0.0,0.0,0.0,0.0,0.0,0.0,0.0,0.0,0.0,0.0,0.0,10
Energy Efficiency,CTGAN,Compute,total_time_seconds,36.1743999409955,37.28936889301986,34.2537014388945,41.4907766750548,38.0996439489536,31.6318434830755,192.9442130060052,38.200501438012,27.06249983698945,28.60159031300282,50.574853897400324,50.227327983344466,10
Energy Efficiency,CTGAN,Compute,training_time_seconds,21.90565747115761,22.25439386698417,21.39437657897361,25.27126328111626,24.59419477009214,14.37838356895372,143.799690490996,24.84495066400268,13.06265204898955,13.73794023599476,32.52435029772605,39.38377714447909,10
Energy Efficiency,CTGAN,Fidelity,KS_Complement,0.8349348534201955,0.7981833876221499,0.7924925081433225,0.801871009771987,0.7920889250814331,0.8059781758957655,0.7847188925081432,0.8090973941368078,0.8053850162866449,0.7788,0.800355016286645,0.015547003033819893,10
Energy Efficiency,CTGAN,Fidelity,MMD,0.0855002933064842,0.090817240087642,0.1032331987445138,0.0951148696822752,0.1078972539036566,0.0941519372145743,0.0975542371503038,0.0999041503117037,0.0996154195757039,0.1106615186008246,0.0984450118577682,0.007609030063338797,10
Energy Efficiency,CTGAN,Fidelity,Quality_Score,0.7114581380852956,0.6938742927283503,0.6889075148481869,0.6860077409410552,0.6899615823070524,0.6901601342625833,0.6781662338478501,0.6834756166949929,0.6882858514741301,0.6731743790109325,0.6883471484200429,0.010186848010883952,10
Energy Efficiency,CTGAN,Fidelity,Wasserstein_Distance,4.064759521172639,9.223305149837136,6.55471142019544,4.40014161563518,7.266100671009771,7.800067071661237,6.035053205211727,5.181517117263844,4.220597697068404,5.564033019543973,6.031028648859936,1.6951961777964046,10
Energy Efficiency,CTGAN,Privacy,MIA_AUC,0.6513580246913581,0.8483950617283951,0.8362962962962963,0.7106172839506173,0.7816049382716049,0.6795061728395062,0.7961728395061728,0.7596296296296297,0.7780246913580247,0.7775308641975309,0.7619135802469137,0.06388078051699202,10
Energy Efficiency,CTGAN,Privacy,Mahalanobis_Distance,835.2479523194171,765.0889192970204,864.2534805170475,814.4657713799648,841.0952420605818,837.8875857525074,884.8562110890155,807.0087465010633,793.411213409696,854.5991614961462,829.791428382246,35.468523847169195,10
Energy Efficiency,CTGAN,Privacy,Mean_Distance,835.2479523194171,765.0889192970204,864.2534805170475,814.4657713799648,841.0952420605818,837.8875857525074,884.8562110890155,807.0087465010633,793.411213409696,854.5991614961462,829.791428382246,35.468523847169195,10
Energy Efficiency,CTGAN,Privacy,Median_Distance,703.1006756863355,685.4830939668675,709.0825425299679,667.5396182217789,732.4908108554598,750.3900974172556,729.8679542820797,716.0937909597963,709.8232412249522,745.0620756046956,714.8933900749189,25.84440465863386,10
Energy Efficiency,CTGAN,Privacy,NNDR,0.969027552756821,0.9670998959944898,0.9670792989972384,0.967738828090954,0.9695705317292956,0.9654653115476624,0.9688823497357713,0.9673190860526474,0.969628519377475,0.966627538648945,0.96784389129313,0.0013827259531545605,10
Energy Efficiency,CTGAN,Utility,MAE_Increase,6.601913590635287,8.909542939276495,7.228999711956549,6.794069101824602,7.766279345476883,7.846265163083732,8.26898186964423,9.16514947800158,9.505675615547286,9.177416310228194,8.126429312567485,1.0452184011314734,10
Energy Efficiency,CTGAN,Utility,MAE_TRTR,0.903683526153806,0.903683526153806,0.903683526153806,0.903683526153806,0.903683526153806,0.903683526153806,0.903683526153806,0.903683526153806,0.903683526153806,0.903683526153806,0.9036835261538061,0.0,10
Energy Efficiency,CTGAN,Utility,MAE_TSTR,7.505597116789093,9.8132264654303,8.132683238110355,7.697752627978407,8.66996287163069,8.749948689237538,9.172665395798036,10.06883300415539,10.40935914170109,10.081099836382,9.03011283872129,1.0452184011314736,10
Energy Efficiency,CTGAN,Utility,R2_Gap,0.6798415392865242,1.183161073657054,0.8151782304995786,0.7346677406423325,0.9291277883210796,0.9218647454445418,1.08680243557479,1.188415942883898,1.460790044455437,1.294953939420485,1.0294803480185721,0.2550397167784604,10
Energy Efficiency,CTGAN,Utility,R2_TRTR,0.9781020698741224,0.9781020698741224,0.9781020698741224,0.9781020698741224,0.9781020698741224,0.9781020698741224,0.9781020698741224,0.9781020698741224,0.9781020698741224,0.9781020698741224,0.9781020698741225,0.0,10
Energy Efficiency,CTGAN,Utility,R2_TSTR,0.298260530587598,-0.2050590037829315,0.1629238393745437,0.2434343292317897,0.0489742815530427,0.0562373244295804,-0.1087003657006672,-0.2103138730097761,-0.4826879745813145,-0.3168518695463626,-0.05137827814444974,0.2550397167784603,10
Energy Efficiency,CTGAN,Utility,RMSE_Increase,7.129053497493909,9.788754777725671,7.92219456120658,7.463446333259182,8.514148954026796,8.4614704886581,9.324627886325334,9.816106143404694,11.01593572135648,10.28924012169665,8.97249784851534,1.2763353645541915,10
Energy Efficiency,CTGAN,Utility,RMSE_TRTR,1.414706716782129,1.414706716782129,1.414706716782129,1.414706716782129,1.414706716782129,1.414706716782129,1.414706716782129,1.414706716782129,1.414706716782129,1.414706716782129,1.414706716782129,0.0,10
Energy Efficiency,CTGAN,Utility,RMSE_TSTR,8.543760214276038,11.2034614945078,9.336901277988709,8.87815305004131,9.928855670808924,9.876177205440229,10.73933460310746,11.23081286018682,12.43064243813861,11.70394683847878,10.38720456529747,1.276335364554192,10
Energy Efficiency,CopulaGAN,Compute,evaluation_time_seconds,9.93674402590841,9.268429465824738,14.83659513900056,14.18408128805459,16.76318053994328,11.14270282187499,15.56886740100163,17.38272625200625,17.23420187800366,22.07299135198991,14.839052016360801,3.914761950359647,10
Energy Efficiency,CopulaGAN,Compute,generation_time_seconds,0.0,0.0,0.0,0.0,0.0,0.0,0.0,0.0,0.0,0.0,0.0,0.0,10
Energy Efficiency,CopulaGAN,Compute,total_time_seconds,31.50311218714342,31.88013934181072,28.66914932895452,38.25500260107219,38.81431049387902,29.91000510798767,42.59814297399134,41.02613990099053,113.3609021160082,56.67857598699629,45.26954800388339,25.304578183878494,10
Energy Efficiency,CopulaGAN,Compute,training_time_seconds,21.52957325917669,22.57614567293786,13.80179991596378,24.03325903392397,21.99762879894115,18.7087293069344,26.97057041600056,23.56160600499425,96.02110503800212,34.49654458499572,30.36969620318705,23.675221449908868,10
Energy Efficiency,CopulaGAN,Fidelity,KS_Complement,0.7972221498371337,0.7703403908794788,0.7263315960912051,0.737055700325733,0.8090960912052116,0.7253224755700325,0.7582635179153094,0.7523058631921825,0.8277609120521173,0.7629172638436481,0.7666615960912051,0.03493465236132665,10
Energy Efficiency,CopulaGAN,Fidelity,MMD,0.1074282611923488,0.1095784602748934,0.141054416073236,0.1352734093507409,0.1070184417266702,0.1510182867156232,0.113292224515001,0.133804024381823,0.1005208510339196,0.1217164689508609,0.1220704844215117,0.017155942721732806,10
Energy Efficiency,CopulaGAN,Fidelity,Quality_Score,0.6853168462868118,0.6766744051731667,0.6488758775462649,0.6555006632055072,0.6937297297665155,0.6424943802938037,0.6711092263444103,0.6639948030282128,0.6952257696128841,0.6645120452400115,0.669743374649759,0.018130279399032712,10
Energy Efficiency,CopulaGAN,Fidelity,Wasserstein_Distance,6.657428788273616,7.355525006514659,8.136188563517914,8.724551612377851,5.770210394136807,11.02138586644951,8.75947274592834,8.70070441693811,6.962306237785016,7.156329426710099,7.9244103058631925,1.4780369102862205,10
Energy Efficiency,CopulaGAN,Privacy,MIA_AUC,0.8334567901234567,0.8244444444444443,0.8412345679012345,0.8766666666666667,0.7316049382716049,0.9153086419753088,0.7907407407407407,0.8508641975308642,0.7895061728395062,0.8564197530864197,0.8310246913580247,0.051218287859200906,10
Energy Efficiency,CopulaGAN,Privacy,Mahalanobis_Distance,799.3833125666396,890.2737785722067,946.6677292201882,922.1905566337904,867.9156544196089,1020.271050417262,903.8439814430958,899.5908919334299,978.2159828079222,753.6746708755728,898.2027608889717,78.80681760969446,10
Energy Efficiency,CopulaGAN,Privacy,Mean_Distance,799.3833125666396,890.2737785722067,946.6677292201882,922.1905566337904,867.9156544196089,1020.271050417262,903.8439814430958,899.5908919334299,978.2159828079222,753.6746708755728,898.2027608889717,78.80681760969446,10
Energy Efficiency,CopulaGAN,Privacy,Median_Distance,668.0309164314963,797.6026442301486,823.0159324217786,848.3701737315066,775.0234691875169,784.0093523524578,841.2163759567122,794.7981556017241,822.6794654749563,659.8900730333855,781.4636558421682,66.33715161696148,10
Energy Efficiency,CopulaGAN,Privacy,NNDR,0.9714878123561824,0.9736062080271164,0.9728874025541772,0.9747943521299136,0.9735763219176162,0.9790046372350816,0.9702216125041891,0.9748400809031572,0.9753674531655268,0.9697817620135134,0.9735567642806474,0.002712967892353339,10
Energy Efficiency,CopulaGAN,Utility,MAE_Increase,7.41424480745493,6.805329074730105,8.317144433313931,8.832604404788864,6.91374668412297,9.08027246560022,6.888510614861883,7.747791594884644,9.26594533263828,7.953142324395477,7.9218731736791295,0.9281933627506911,10
Energy Efficiency,CopulaGAN,Utility,MAE_TRTR,0.903683526153806,0.903683526153806,0.903683526153806,0.903683526153806,0.903683526153806,0.903683526153806,0.903683526153806,0.903683526153806,0.903683526153806,0.903683526153806,0.9036835261538061,0.0,10
Energy Efficiency,CopulaGAN,Utility,MAE_TSTR,8.317928333608736,7.709012600883911,9.220827959467735,9.73628793094267,7.817430210276775,9.983955991754026,7.792194141015689,8.65147512103845,10.16962885879209,8.856825850549283,8.825556699832937,0.9281933627506916,10
Energy Efficiency,CopulaGAN,Utility,R2_Gap,0.8350248934381294,0.7193738244303486,1.0112255952108,1.18459873560839,0.707253058092969,1.221863655002485,0.7415167338993377,1.001937077027578,1.179782324904025,0.9148447334290484,0.9517420631043111,0.19949852880071367,10
Energy Efficiency,CopulaGAN,Utility,R2_TRTR,0.9781020698741224,0.9781020698741224,0.9781020698741224,0.9781020698741224,0.9781020698741224,0.9781020698741224,0.9781020698741224,0.9781020698741224,0.9781020698741224,0.9781020698741224,0.9781020698741225,0.0,10
Energy Efficiency,CopulaGAN,Utility,R2_TSTR,0.1430771764359929,0.2587282454437737,-0.0331235253366775,-0.2064966657342677,0.2708490117811532,-0.2437615851283625,0.2365853359747846,-0.0238350071534555,-0.2016802550299025,0.0632573364450738,0.02636000676981126,0.19949852880071356,10
Energy Efficiency,CopulaGAN,Utility,RMSE_Increase,8.03229676401895,7.374204765690453,8.95360387133328,9.789754403934827,7.289206264965171,9.966089772437543,7.504266745377643,8.914687344033254,9.776201296738932,8.457088826137928,8.6057400054668,1.0356424066188723,10
Energy Efficiency,CopulaGAN,Utility,RMSE_TRTR,1.414706716782129,1.414706716782129,1.414706716782129,1.414706716782129,1.414706716782129,1.414706716782129,1.414706716782129,1.414706716782129,1.414706716782129,1.414706716782129,1.414706716782129,0.0,10
Energy Efficiency,CopulaGAN,Utility,RMSE_TSTR,9.44700348080108,8.788911482472582,10.36831058811541,11.20446112071696,8.7039129817473,11.38079648921967,8.918973462159771,10.32939406081538,11.19090801352106,9.871795542920058,10.020446722248927,1.0356424066188723,10
Energy Efficiency,ForestDiffusion,Compute,evaluation_time_seconds,12.10431793308817,10.54040289693512,10.26460825791582,23.85262259701267,19.78824407211505,13.92773181898519,34.01802001601027,30.92276974199922,32.8903871789953,30.14399774999765,21.845310226305447,9.713601374735479,10
Energy Efficiency,ForestDiffusion,Compute,generation_time_seconds,0.0,0.0,0.0,0.0,0.0,0.0,0.0,0.0,0.0,0.0,0.0,0.0,10
Energy Efficiency,ForestDiffusion,Compute,total_time_seconds,15.05584881897084,14.84588590008207,14.39718258008361,38.48440098296851,37.43649338698015,38.89927199296653,49.05913958800375,145.9830119319959,50.30628215700563,41.21820453699911,44.568572187605604,38.201187280741905,10
Energy Efficiency,ForestDiffusion,Compute,training_time_seconds,2.922710849205032,4.274789412971586,4.099685377907008,14.5197504570242,17.59682302502915,24.91997520904988,14.90968443000747,114.9534761810064,17.22821404700517,10.93130185100017,22.635641084020605,33.19016354320116,10
Energy Efficiency,ForestDiffusion,Fidelity,KS_Complement,0.8398840390879478,0.8331055374592834,0.8328211726384364,0.8230254071661237,0.8353390879478827,0.833327687296417,0.8314221498371335,0.8345394136807818,0.8315374592833876,0.8212342019543973,0.8316236156351791,0.005567688734077762,10
Energy Efficiency,ForestDiffusion,Fidelity,MMD,0.0074513021468393,0.0140506593549774,0.0072193648965561,0.0136814339906794,0.0156774576978188,0.0093709137800287,0.0079418888084605,0.0141620618654473,0.008323942879728,0.0134381798577254,0.01113172052782609,0.003336644696359404,10
Energy Efficiency,ForestDiffusion,Fidelity,Quality_Score,0.8133357472271934,0.8120368423793795,0.8100401907538256,0.8035335808726389,0.8106255384735984,0.8090574959662626,0.8072369786884621,0.8103153345793359,0.8090855140939467,0.8046887289357139,0.8089955951970357,0.0030743212020176085,10
Energy Efficiency,ForestDiffusion,Fidelity,Wasserstein_Distance,2.225151516656554,2.286667253523288,2.546774454693133,3.150652153983121,2.61061302067091,2.723997961428141,2.519637200473608,2.641914364225198,2.591087491848257,2.95206007277681,2.6248555490279015,0.27614215691511457,10
Energy Efficiency,ForestDiffusion,Privacy,MIA_AUC,0.4662962962962963,0.5744444444444444,0.5195061728395062,0.5758024691358025,0.5424691358024691,0.491358024691358,0.508395061728395,0.518641975308642,0.5165432098765432,0.5244444444444444,0.5237901234567902,0.0338497341399654,10
Energy Efficiency,ForestDiffusion,Privacy,Mahalanobis_Distance,86.35721809321855,70.2869758071121,73.02197265888725,82.68882112964742,76.50393891610575,93.1876550548312,93.65183050969104,95.59730109324045,80.99005827817432,79.84556587427514,83.2131337415183,8.845754995649523,10
Energy Efficiency,ForestDiffusion,Privacy,Mean_Distance,86.35721809321855,70.2869758071121,73.02197265888725,82.68882112964742,76.50393891610575,93.1876550548312,93.65183050969104,95.59730109324045,80.99005827817432,79.84556587427514,83.2131337415183,8.845754995649523,10
Energy Efficiency,ForestDiffusion,Privacy,Median_Distance,41.59250492870488,34.38099812442161,37.03808332218631,44.85726118683168,39.14824248180811,43.97508243464473,42.61212623815707,44.96947600831368,40.86328547623682,45.67833142989952,41.51153916312044,3.7217388469967796,10
Energy Efficiency,ForestDiffusion,Privacy,NNDR,0.7262014877787286,0.7507255119573983,0.7277186064578589,0.747861199315695,0.7519100286006213,0.7338875011156573,0.7367670747547538,0.7390955945685934,0.7370154312970606,0.7365554559618942,0.7387737891808261,0.00890869993778703,10
Energy Efficiency,ForestDiffusion,Utility,MAE_Increase,0.3527537805530816,0.3175594713902801,0.3488464355549743,0.370094163818302,0.3373156195359797,0.3310657013295,0.3913935871846077,0.3670835051833665,0.3492597261349,0.3340916585425369,0.34994636492275283,0.021713662579801365,10
Energy Efficiency,ForestDiffusion,Utility,MAE_TRTR,0.903683526153806,0.903683526153806,0.903683526153806,0.903683526153806,0.903683526153806,0.903683526153806,0.903683526153806,0.903683526153806,0.903683526153806,0.903683526153806,0.9036835261538061,0.0,10
Energy Efficiency,ForestDiffusion,Utility,MAE_TSTR,1.256437306706887,1.221242997544086,1.25252996170878,1.273777689972108,1.240999145689786,1.234749227483306,1.295077113338414,1.270767031337172,1.252943252288706,1.237775184696343,1.2536298910765589,0.02171366257980138,10
Energy Efficiency,ForestDiffusion,Utility,R2_Gap,0.0104913334128417,0.0079205419299416,0.0104322070073571,0.0105806122922086,0.0102289024836304,0.0078056071121122,0.0108191484436351,0.0103645097838432,0.0097977088863274,0.0094415561247205,0.00978821274766178,0.0010885943444750863,10
Energy Efficiency,ForestDiffusion,Utility,R2_TRTR,0.9781020698741224,0.9781020698741224,0.9781020698741224,0.9781020698741224,0.9781020698741224,0.9781020698741224,0.9781020698741224,0.9781020698741224,0.9781020698741224,0.9781020698741224,0.9781020698741225,0.0,10
Energy Efficiency,ForestDiffusion,Utility,R2_TSTR,0.9676107364612806,0.9701815279441808,0.9676698628667652,0.9675214575819135,0.967873167390492,0.97029646276201,0.9672829214304872,0.967737560090279,0.9683043609877948,0.9686605137494018,0.9683138571264605,0.0010885943444750908,10
Energy Efficiency,ForestDiffusion,Utility,RMSE_Increase,0.4179251402754249,0.3351196229836044,0.4169178861951401,0.417463785987918,0.4075436099621246,0.325867496954714,0.4264253399441869,0.4060514222990026,0.3962752832742928,0.3825034250708461,0.3932093012947254,0.035384071733437716,10
Energy Efficiency,ForestDiffusion,Utility,RMSE_TRTR,1.414706716782129,1.414706716782129,1.414706716782129,1.414706716782129,1.414706716782129,1.414706716782129,1.414706716782129,1.414706716782129,1.414706716782129,1.414706716782129,1.414706716782129,0.0,10
Energy Efficiency,ForestDiffusion,Utility,RMSE_TSTR,1.832631857057554,1.749826339765733,1.831624602977269,1.832170502770047,1.822250326744253,1.740574213736843,1.841132056726316,1.820758139081131,1.810982000056422,1.797210141852975,1.8079160180768543,0.03538407173343777,10
Energy Efficiency,GaussianCopula,Compute,evaluation_time_seconds,14.26300352416001,16.3394005750306,15.17629173700698,14.63623282103799,15.74570411490276,15.80498115811497,39.4445755360066,27.37898717599455,27.92953940900043,26.65902770200046,21.337774375325534,8.536934818990767,10
Energy Efficiency,GaussianCopula,Compute,generation_time_seconds,0.0,0.0,0.0,0.0,0.0,0.0,0.0,0.0,0.0,0.0,0.0,0.0,10
Energy Efficiency,GaussianCopula,Compute,total_time_seconds,18.28325275704265,17.38108884706162,16.56179443816654,16.52144461194985,17.85749684018083,18.13426185701974,44.92095889199118,32.96124056899862,36.59280754000065,30.44249646700337,24.965684281941503,10.374292801770418,10
Energy Efficiency,GaussianCopula,Compute,training_time_seconds,2.16044715186581,0.9805847168900071,1.324711020104587,1.835500431945547,2.039545820793137,2.273630048846826,5.319437283003936,5.419042862005881,8.385594778999803,3.620477211996331,3.3358971326451865,2.3543939288991607,10
Energy Efficiency,GaussianCopula,Fidelity,KS_Complement,0.7611771986970685,0.7611771986970685,0.7611771986970685,0.7611771986970685,0.7611771986970685,0.7611771986970685,0.7611771986970685,0.7611771986970685,0.7611771986970685,0.7611771986970685,0.7611771986970685,0.0,10
Energy Efficiency,GaussianCopula,Fidelity,MMD,0.0584817574367001,0.0584817574367001,0.0584817574367001,0.0584817574367001,0.0584817574367001,0.0584817574367001,0.0584817574367001,0.0584817574367001,0.0584817574367001,0.0584817574367001,0.05848175743670011,0.0,10
Energy Efficiency,GaussianCopula,Fidelity,Quality_Score,0.8001880437833089,0.8001880437833089,0.8001880437833089,0.8001880437833089,0.8001880437833089,0.8001880437833089,0.8001880437833089,0.8001880437833089,0.8001880437833089,0.8001880437833089,0.8001880437833089,0.0,10
Energy Efficiency,GaussianCopula,Fidelity,Wasserstein_Distance,6.538456381107492,6.538456381107492,6.538456381107492,6.538456381107492,6.538456381107492,6.538456381107492,6.538456381107492,6.538456381107492,6.538456381107492,6.538456381107492,6.538456381107492,0.0,10
Energy Efficiency,GaussianCopula,Privacy,MIA_AUC,0.8809876543209877,0.8809876543209877,0.8809876543209877,0.8809876543209877,0.8809876543209877,0.8809876543209877,0.8809876543209877,0.8809876543209877,0.8809876543209877,0.8809876543209877,0.8809876543209876,0.0,10
Energy Efficiency,GaussianCopula,Privacy,Mahalanobis_Distance,415.3891970836409,415.3891970836409,415.3891970836409,415.3891970836409,415.3891970836409,415.3891970836409,415.3891970836409,415.3891970836409,415.3891970836409,415.3891970836409,415.3891970836409,0.0,10
Energy Efficiency,GaussianCopula,Privacy,Mean_Distance,415.3891970836409,415.3891970836409,415.3891970836409,415.3891970836409,415.3891970836409,415.3891970836409,415.3891970836409,415.3891970836409,415.3891970836409,415.3891970836409,415.3891970836409,0.0,10
Energy Efficiency,GaussianCopula,Privacy,Median_Distance,339.0231341867594,339.0231341867594,339.0231341867594,339.0231341867594,339.0231341867594,339.0231341867594,339.0231341867594,339.0231341867594,339.0231341867594,339.0231341867594,339.0231341867594,0.0,10
Energy Efficiency,GaussianCopula,Privacy,NNDR,0.939812263271673,0.939812263271673,0.939812263271673,0.939812263271673,0.939812263271673,0.939812263271673,0.939812263271673,0.939812263271673,0.939812263271673,0.939812263271673,0.939812263271673,0.0,10
Energy Efficiency,GaussianCopula,Utility,MAE_Increase,2.01019545726001,2.01019545726001,2.01019545726001,2.01019545726001,2.01019545726001,2.01019545726001,2.01019545726001,2.01019545726001,2.01019545726001,2.01019545726001,2.01019545726001,0.0,10
Energy Efficiency,GaussianCopula,Utility,MAE_TRTR,0.903683526153806,0.903683526153806,0.903683526153806,0.903683526153806,0.903683526153806,0.903683526153806,0.903683526153806,0.903683526153806,0.903683526153806,0.903683526153806,0.9036835261538061,0.0,10
Energy Efficiency,GaussianCopula,Utility,MAE_TSTR,2.913878983413816,2.913878983413816,2.913878983413816,2.913878983413816,2.913878983413816,2.913878983413816,2.913878983413816,2.913878983413816,2.913878983413816,2.913878983413816,2.913878983413816,0.0,10
Energy Efficiency,GaussianCopula,Utility,R2_Gap,0.0872007041346722,0.0872007041346722,0.0872007041346722,0.0872007041346722,0.0872007041346722,0.0872007041346722,0.0872007041346722,0.0872007041346722,0.0872007041346722,0.0872007041346722,0.0872007041346722,0.0,10
Energy Efficiency,GaussianCopula,Utility,R2_TRTR,0.9781020698741224,0.9781020698741224,0.9781020698741224,0.9781020698741224,0.9781020698741224,0.9781020698741224,0.9781020698741224,0.9781020698741224,0.9781020698741224,0.9781020698741224,0.9781020698741225,0.0,10
Energy Efficiency,GaussianCopula,Utility,R2_TSTR,0.89090136573945,0.89090136573945,0.89090136573945,0.89090136573945,0.89090136573945,0.89090136573945,0.89090136573945,0.89090136573945,0.89090136573945,0.89090136573945,0.8909013657394501,0.0,10
Energy Efficiency,GaussianCopula,Utility,RMSE_Increase,1.957251009285786,1.957251009285786,1.957251009285786,1.957251009285786,1.957251009285786,1.957251009285786,1.957251009285786,1.957251009285786,1.957251009285786,1.957251009285786,1.9572510092857862,0.0,10
Energy Efficiency,GaussianCopula,Utility,RMSE_TRTR,1.414706716782129,1.414706716782129,1.414706716782129,1.414706716782129,1.414706716782129,1.414706716782129,1.414706716782129,1.414706716782129,1.414706716782129,1.414706716782129,1.414706716782129,0.0,10
Energy Efficiency,GaussianCopula,Utility,RMSE_TSTR,3.371957726067914,3.371957726067914,3.371957726067914,3.371957726067914,3.371957726067914,3.371957726067914,3.371957726067914,3.371957726067914,3.371957726067914,3.371957726067914,3.371957726067914,0.0,10
Energy Efficiency,TVAE,Compute,evaluation_time_seconds,12.19741084007546,15.33712669694796,16.9990563809406,13.64086725004017,13.6469887921121,13.13242491194978,34.41827127199213,26.19446770098875,18.18969106399163,30.24383915100771,19.40001440600463,7.9614555090948205,10
Energy Efficiency,TVAE,Compute,generation_time_seconds,0.0,0.0,0.0,0.0,0.0,0.0,0.0,0.0,0.0,0.0,0.0,0.0,10
Energy Efficiency,TVAE,Compute,total_time_seconds,32.76792664104141,38.89311142382212,40.20396759384312,35.75200816220604,36.12698833597824,28.1376476790756,110.5164992580103,100.9163403010025,70.40368994099845,94.84128128898736,58.855946062496514,32.12335842128151,10
Energy Efficiency,TVAE,Compute,training_time_seconds,20.54070922592655,23.49623298901133,23.14297144603916,22.07376977801323,22.44361316319555,14.9632590408437,75.86036889899697,74.53006516300957,52.10928873700323,64.33043451499543,39.34907129570347,24.504584320763637,10
Energy Efficiency,TVAE,Fidelity,KS_Complement,0.8780250814332249,0.857956351791531,0.8689387622149838,0.8576964169381108,0.860628664495114,0.8538381107491857,0.8687817589576546,0.8752022801302932,0.8548973941368079,0.8641697068403908,0.8640134527687297,0.008453965169158008,10
Energy Efficiency,TVAE,Fidelity,MMD,0.0256324312884065,0.0222467757356314,0.0208962752742223,0.0252198309856475,0.0255788880135523,0.0230685500798056,0.0249503421415789,0.0266065035844067,0.0275536394423485,0.0264722097732671,0.024822544631886677,0.002105326504344011,10
Energy Efficiency,TVAE,Fidelity,Quality_Score,0.9073003355855436,0.8774633918772676,0.8963603072209221,0.8685645205671502,0.8860269056291158,0.8826203571491927,0.8986575967615357,0.8906923377648951,0.875059794644742,0.8770443427326571,0.8859789889933023,0.012163026203913536,10
Energy Efficiency,TVAE,Fidelity,Wasserstein_Distance,2.897078221498372,3.107530061889251,3.639447384364821,3.169359866449512,2.773610358306189,3.132494390879478,2.849018697068403,3.357872553745929,2.732746762214984,2.869355394136808,3.0528513690553742,0.2867376103130666,10
Energy Efficiency,TVAE,Privacy,MIA_AUC,0.64,0.6133333333333334,0.6718518518518518,0.6418518518518518,0.671358024691358,0.6011111111111112,0.6370370370370371,0.6635802469135802,0.6176543209876543,0.6771604938271605,0.6434938271604937,0.02697266704584325,10
Energy Efficiency,TVAE,Privacy,Mahalanobis_Distance,317.6039939158339,343.0334539306749,340.3036307066423,367.4925588280072,340.5804199892906,315.7154328453578,365.6096073579378,381.7596407696685,364.5482741788344,328.8235567580614,346.5470569280309,22.49791025799586,10
Energy Efficiency,TVAE,Privacy,Mean_Distance,317.6039939158339,343.0334539306749,340.3036307066423,367.4925588280072,340.5804199892906,315.7154328453578,365.6096073579378,381.7596407696685,364.5482741788344,328.8235567580614,346.5470569280309,22.49791025799586,10
Energy Efficiency,TVAE,Privacy,Median_Distance,247.334348499632,271.0732473190566,264.3579397485707,296.8644660127972,271.9015659775856,253.5788472524139,298.3265007944628,305.4993144215842,298.3306667503684,251.9553168974376,275.92222136739093,22.06502608633015,10
Energy Efficiency,TVAE,Privacy,NNDR,0.8341204365405146,0.830280440080311,0.8496763909067185,0.8557429771044645,0.8546178592217316,0.841379741153052,0.8526020209083998,0.8654726806133228,0.8621252971367278,0.8429916744678132,0.8489009518133056,0.011546891456432607,10
Energy Efficiency,TVAE,Utility,MAE_Increase,1.552903060990628,1.751952753535647,1.820978233017378,1.531584540440737,1.977442300293341,1.871138205352262,1.684698418790022,1.922692448422033,1.398120855754629,1.449983728350329,1.6961494544947004,0.2046448319124955,10
Energy Efficiency,TVAE,Utility,MAE_TRTR,0.903683526153806,0.903683526153806,0.903683526153806,0.903683526153806,0.903683526153806,0.903683526153806,0.903683526153806,0.903683526153806,0.903683526153806,0.903683526153806,0.9036835261538061,0.0,10
Energy Efficiency,TVAE,Utility,MAE_TSTR,2.456586587144434,2.655636279689453,2.724661759171184,2.435268066594543,2.881125826447147,2.774821731506068,2.588381944943828,2.826375974575839,2.301804381908434,2.353667254504135,2.5998329806485065,0.20464483191249566,10
Energy Efficiency,TVAE,Utility,R2_Gap,0.083526092261167,0.1003422944518884,0.1056292282507133,0.0814822257185149,0.122342477973065,0.1118709426150435,0.1006513685254251,0.1362469813704779,0.076116667682656,0.0841122719531002,0.10023205508020512,0.019501485658968868,10
Energy Efficiency,TVAE,Utility,R2_TRTR,0.9781020698741224,0.9781020698741224,0.9781020698741224,0.9781020698741224,0.9781020698741224,0.9781020698741224,0.9781020698741224,0.9781020698741224,0.9781020698741224,0.9781020698741224,0.9781020698741225,0.0,10
Energy Efficiency,TVAE,Utility,R2_TSTR,0.8945759776129553,0.8777597754222339,0.872472841623409,0.8966198441556074,0.8557595919010573,0.8662311272590788,0.8774507013486972,0.8418550885036444,0.9019854021914664,0.8939897979210221,0.8778700147939172,0.01950148565896886,10
Energy Efficiency,TVAE,Utility,RMSE_Increase,1.897600358970817,2.15312790020205,2.224025364448849,1.863940309440519,2.457226248945427,2.310673049515835,2.158944956162955,2.627480504131195,1.770924878905024,1.896042614698325,2.1359986185420996,0.2799858367051161,10
Energy Efficiency,TVAE,Utility,RMSE_TRTR,1.414706716782129,1.414706716782129,1.414706716782129,1.414706716782129,1.414706716782129,1.414706716782129,1.414706716782129,1.414706716782129,1.414706716782129,1.414706716782129,1.414706716782129,0.0,10
Energy Efficiency,TVAE,Utility,RMSE_TSTR,3.312307075752945,3.567834616984179,3.638732081230978,3.278647026222648,3.871932965727556,3.725379766297964,3.573651672945084,4.042187220913323,3.185631595687153,3.310749331480454,3.5507053353242286,0.2799858367051162,10
Energy Efficiency,TabDDPM,Compute,evaluation_time_seconds,8.143871234031394,5.548957090126351,5.612221708055586,8.185942463111132,7.885115156183019,8.291771542048082,18.95274088598671,15.36426555099024,19.61184038499778,17.58461107999028,11.518133709552057,5.666515663955914,10
Energy Efficiency,TabDDPM,Compute,generation_time_seconds,0.0,0.0,0.0,0.0,0.0,0.0,0.0,0.0,0.0,0.0,0.0,0.0,10
Energy Efficiency,TabDDPM,Compute,total_time_seconds,20.49040177813731,14.47186948498711,13.58209521789104,28.86968351411633,17.47330996813253,16.2043453308288,39.76449678100471,114.4877615300065,33.3483293360041,32.42085000600491,33.111314294711335,30.006323153549864,10
Energy Efficiency,TabDDPM,Compute,training_time_seconds,12.29769481788389,8.889804729027674,7.909176629967988,20.49296593898907,9.482457377016544,7.854989998973906,20.62878484399698,98.98791206600436,13.55482160199608,14.67595870800142,21.47745667118579,27.63824950447953,10
Energy Efficiency,TabDDPM,Fidelity,KS_Complement,0.5970384364820847,0.7468244299674268,0.7308530944625408,0.6384553745928339,0.630943973941368,0.7302586319218242,0.6171892508143321,0.6635589576547232,0.7176729641693811,0.6627612377850162,0.6735556351791531,0.053861106574637024,10
Energy Efficiency,TabDDPM,Fidelity,MMD,0.1666986195477536,0.0853637436089401,0.0798699333819706,0.1268706815878418,0.2004387876179272,0.1348721751968459,0.2361539810680966,0.14351771778768,0.1188070478816063,0.1371288584213682,0.14297215461000304,0.04806487791916216,10
Energy Efficiency,TabDDPM,Fidelity,Quality_Score,0.6617496538502448,0.7104587123759623,0.7687328673177846,0.7288581192256559,0.6777556347948808,0.702939759218101,0.7002223078866199,0.7213787376745622,0.7161023147230943,0.695238667476096,0.7083436774543002,0.029203901652061784,10
Energy Efficiency,TabDDPM,Fidelity,Wasserstein_Distance,11.66567562757833,8.513405671687645,8.225668837212268,12.7313886560918,11.42946512034708,10.16966721576398,17.55883360067444,13.39804803278146,11.168256047657,10.31883039403456,11.517923920382856,2.682734324893524,10
Energy Efficiency,TabDDPM,Privacy,MIA_AUC,0.7885185185185185,0.7911111111111111,0.5998765432098765,0.6755555555555556,0.8372839506172839,0.788641975308642,0.874567901234568,0.8251851851851852,0.7223456790123457,0.8041975308641975,0.7707283950617284,0.08228673573146014,10
Energy Efficiency,TabDDPM,Privacy,Mahalanobis_Distance,369.5512896622678,325.3674489791805,478.8219909069476,248.5432454174839,469.637942175852,431.1820664092561,981.8000367277511,680.9630547415364,491.0815397862827,592.5326642418797,506.9481279048438,208.13674313373483,10
Energy Efficiency,TabDDPM,Privacy,Mean_Distance,369.5512896622678,325.3674489791805,478.8219909069476,248.5432454174839,469.637942175852,431.1820664092561,981.8000367277511,680.9630547415364,491.0815397862827,592.5326642418797,506.9481279048438,208.13674313373483,10
Energy Efficiency,TabDDPM,Privacy,Median_Distance,366.8019293665405,209.4531640235193,216.9611248147003,366.7861129157202,366.8597076730861,366.8017828440248,1271.085475009925,366.7859556225968,234.0478250665872,366.8489403416912,413.2432017678392,309.29945432734854,10
Energy Efficiency,TabDDPM,Privacy,NNDR,0.7704212670586997,0.801071363546047,0.7784086275856064,0.7822381284428597,0.8328548881932705,0.8524704065942508,0.8778805393121835,0.8129239381117865,0.8168082980631576,0.8040908816974636,0.8129168338605325,0.033917420564067866,10
Energy Efficiency,TabDDPM,Utility,MAE_Increase,0.5569572847021513,1.571842867810507,0.5665588144828448,0.6304802068143023,1.876282636513521,1.31877451512977,0.8222578149523803,2.41573359338773,0.4649199629033764,0.7940877298353928,1.1017895426531976,0.6648465982978741,10
Energy Efficiency,TabDDPM,Utility,MAE_TRTR,0.903683526153806,0.903683526153806,0.903683526153806,0.903683526153806,0.903683526153806,0.903683526153806,0.903683526153806,0.903683526153806,0.903683526153806,0.903683526153806,0.9036835261538061,0.0,10
Energy Efficiency,TabDDPM,Utility,MAE_TSTR,1.460640810855957,2.475526393964313,1.470242340636651,1.534163732968108,2.779966162667327,2.222458041283576,1.725941341106186,3.319417119541536,1.368603489057182,1.697771255989199,2.005473068807004,0.6648465982978742,10
Energy Efficiency,TabDDPM,Utility,R2_Gap,0.0189186205939309,0.093315360273956,0.017505926245812,0.019086758840959,0.1338126004552211,0.0595061705910552,0.0284914824490659,0.1796530215984182,0.0129977557036777,0.0352085189472038,0.05984962156992998,0.057599200461994654,10
Energy Efficiency,TabDDPM,Utility,R2_TRTR,0.9781020698741224,0.9781020698741224,0.9781020698741224,0.9781020698741224,0.9781020698741224,0.9781020698741224,0.9781020698741224,0.9781020698741224,0.9781020698741224,0.9781020698741224,0.9781020698741225,0.0,10
Energy Efficiency,TabDDPM,Utility,R2_TSTR,0.9591834492801914,0.8847867096001663,0.9605961436283104,0.9590153110331632,0.8442894694189012,0.9185958992830672,0.9496105874250564,0.7984490482757041,0.9651043141704444,0.9428935509269184,0.9182524483041922,0.05759920046199465,10
Energy Efficiency,TabDDPM,Utility,RMSE_Increase,0.6458910725808387,1.79008201448614,0.6024136523516346,0.6335260783269765,2.283247724697818,1.380581737417646,0.8755188375594762,2.661683458438732,0.4844730915041615,1.023595326108531,1.2381012993471954,0.768089828668339,10
Energy Efficiency,TabDDPM,Utility,RMSE_TRTR,1.414706716782129,1.414706716782129,1.414706716782129,1.414706716782129,1.414706716782129,1.414706716782129,1.414706716782129,1.414706716782129,1.414706716782129,1.414706716782129,1.414706716782129,0.0,10
Energy Efficiency,TabDDPM,Utility,RMSE_TSTR,2.060597789362967,3.204788731268268,2.017120369133763,2.048232795109105,3.697954441479947,2.795288454199775,2.290225554341605,4.076390175220861,1.89917980828629,2.43830204289066,2.652808016129325,0.7680898286683392,10
Energy Efficiency,WGAN-GP,Compute,evaluation_time_seconds,39.83303142106161,42.59278960688971,33.93593213288113,40.57640482112765,43.65950069390237,17.2167151181493,28.97726345199044,32.10663126400323,28.80912146999617,29.61958623200189,33.73269762120035,8.167207911366136,10
Energy Efficiency,WGAN-GP,Compute,generation_time_seconds,0.0,0.0,0.0,0.0,0.0,0.0,0.0,0.0,0.0,0.0,0.0,0.0,10
Energy Efficiency,WGAN-GP,Compute,total_time_seconds,100.8556685771327,97.3659613688942,99.85323504917324,80.14292491483502,89.58559350902215,65.34560257103294,90.32956938999996,80.52804609399755,74.20427172500058,83.96867506101262,86.2179548260101,11.580788328065728,10
Energy Efficiency,WGAN-GP,Compute,training_time_seconds,60.84175956086256,54.70338466111571,65.73334048106335,39.51488562999293,45.88588666194119,47.95635399688035,61.25861344199802,48.23706626800413,45.24667606998992,54.20027144699998,52.357823821884814,8.384847246186894,10
Energy Efficiency,WGAN-GP,Fidelity,KS_Complement,0.7877364820846905,0.8168074918566776,0.798158306188925,0.7965273615635179,0.7844644951140066,0.8002381107491857,0.7902732899022802,0.81031661237785,0.7897697068403908,0.7941631921824104,0.7968455048859935,0.010165330657765094,10
Energy Efficiency,WGAN-GP,Fidelity,MMD,0.0157563916914537,0.0164870348399862,0.017822001441527,0.0346238237238053,0.0187225760625806,0.0210844058747059,0.0149717933996991,0.0134958089019069,0.0168946821430257,0.0134913649587587,0.018334988303744908,0.006179058133877525,10
Energy Efficiency,WGAN-GP,Fidelity,Quality_Score,0.7777639881649465,0.7863608117646004,0.7842749448977966,0.7886294612253357,0.7765175658321307,0.7842484471538596,0.778277795479464,0.791242677656607,0.781485385096305,0.7808449586908446,0.782964603596189,0.00486226341500135,10
Energy Efficiency,WGAN-GP,Fidelity,Wasserstein_Distance,4.885574920305368,3.771136986438134,3.980736487971089,4.149019879250019,4.393412800722483,4.172463730654713,4.487709308548219,4.03280856813696,4.253412987591323,3.95788542175392,4.208416109137223,0.3187253087972467,10
Energy Efficiency,WGAN-GP,Privacy,MIA_AUC,0.8387654320987653,0.561604938271605,0.6260493827160495,0.6509876543209875,0.6532098765432098,0.5549382716049382,0.7419753086419754,0.6474074074074074,0.6433333333333333,0.6479012345679013,0.6566172839506172,0.08242495715882671,10
Energy Efficiency,WGAN-GP,Privacy,Mahalanobis_Distance,143.5106219064934,78.37342392141868,87.76177161304113,112.3072488398878,111.4520552763088,113.8582420208173,110.6845481028833,100.9927029712587,107.0450034701356,96.31812093469892,106.23037390569436,17.56095354991383,10
Energy Efficiency,WGAN-GP,Privacy,Mean_Distance,143.5106219064934,78.37342392141868,87.76177161304113,112.3072488398878,111.4520552763088,113.8582420208173,110.6845481028833,100.9927029712587,107.0450034701356,96.31812093469892,106.23037390569436,17.56095354991383,10
Energy Efficiency,WGAN-GP,Privacy,Median_Distance,127.6858402124854,60.91248210391812,70.91703600520258,93.26475842451576,95.65308368076316,96.81230769022338,91.9250677817839,84.39921791812537,90.06967951174535,82.40069950854803,89.40401728373111,17.66593148956793,10
Energy Efficiency,WGAN-GP,Privacy,NNDR,0.9309880012440992,0.9219950639870436,0.926546302715322,0.9253071742320604,0.9191195928254928,0.9264170110132286,0.9276857452359738,0.9268748605234342,0.9216986131081516,0.9123023881192972,0.9238934753004104,0.005318428959932705,10
Energy Efficiency,WGAN-GP,Utility,MAE_Increase,1.005895102887656,0.6943016459280047,0.7516107776224257,0.7564054982413864,0.7157146128472516,0.7954720232638486,0.7667778871604731,0.7965591543783819,0.6676485556515634,0.627714069994775,0.7578099327975766,0.1029813030100847,10
Energy Efficiency,WGAN-GP,Utility,MAE_TRTR,0.903683526153806,0.903683526153806,0.903683526153806,0.903683526153806,0.903683526153806,0.903683526153806,0.903683526153806,0.903683526153806,0.903683526153806,0.903683526153806,0.9036835261538061,0.0,10
Energy Efficiency,WGAN-GP,Utility,MAE_TSTR,1.909578629041462,1.597985172081811,1.655294303776232,1.660089024395192,1.619398139001057,1.699155549417654,1.670461413314279,1.700242680532188,1.571332081805369,1.531397596148581,1.6614934589513826,0.10298130301008472,10
Energy Efficiency,WGAN-GP,Utility,R2_Gap,0.0335949035254131,0.0208151892649917,0.0298274159336793,0.0263577558172232,0.0267788934657768,0.0258010235200846,0.0308141570596867,0.0264371209227428,0.0255280227392683,0.0229239018244351,0.02688783840733016,0.003729133732955579,10
Energy Efficiency,WGAN-GP,Utility,R2_TRTR,0.9781020698741224,0.9781020698741224,0.9781020698741224,0.9781020698741224,0.9781020698741224,0.9781020698741224,0.9781020698741224,0.9781020698741224,0.9781020698741224,0.9781020698741224,0.9781020698741225,0.0,10
Energy Efficiency,WGAN-GP,Utility,R2_TSTR,0.9445071663487092,0.9572868806091306,0.948274653940443,0.9517443140568992,0.9513231764083454,0.9523010463540376,0.9472879128144356,0.9516649489513794,0.952574047134854,0.9551781680496872,0.9512142314667923,0.0037291337329555777,10
Energy Efficiency,WGAN-GP,Utility,RMSE_Increase,0.9836092960062006,0.6935795717803133,0.8966758517844287,0.8252484714737232,0.836911257726024,0.8058406567843399,0.9292477475481726,0.8296652957884854,0.8035951392981777,0.7459907987177588,0.8350364086907625,0.08475937870210383,10
Energy Efficiency,WGAN-GP,Utility,RMSE_TRTR,1.414706716782129,1.414706716782129,1.414706716782129,1.414706716782129,1.414706716782129,1.414706716782129,1.414706716782129,1.414706716782129,1.414706716782129,1.414706716782129,1.414706716782129,0.0,10
Energy Efficiency,WGAN-GP,Utility,RMSE_TSTR,2.398316012788329,2.108286288562442,2.311382568566557,2.239955188255852,2.251617974508153,2.220547373566469,2.343954464330301,2.244372012570614,2.218301856080307,2.160697515499888,2.249743125472891,0.08475937870210358,10
Metro Interstate,CTABGAN,Compute,evaluation_time_seconds,28.64070147508755,26.97291984106414,31.73244709288701,18.41098613897339,22.2432738149073,19.73526972811669,85.2950784229979,62.79311980299826,44.67458209899632,41.89725051099958,38.239562892702814,21.408117301951634,10
Metro Interstate,CTABGAN,Compute,generation_time_seconds,0.0,0.0,0.0,0.0,0.0,0.0,0.0,0.0,0.0,0.0,0.0,0.0,10
Metro Interstate,CTABGAN,Compute,total_time_seconds,818.1892832708545,790.2193255939055,822.6592921682168,754.9431142329704,744.0171522330493,754.1848392821848,3142.905117183,4479.087582294,772.0323032590022,3804.607475228004,1688.2845484745187,1497.0729550349402,10
Metro Interstate,CTABGAN,Compute,training_time_seconds,789.5119142408948,763.1918908420485,790.8424644749612,736.2940940621775,721.6411785960663,734.4108873170335,3057.448264531995,4416.093782683995,727.306674044994,3762.647937202004,1649.938908799617,1481.2480368887318,10
Metro Interstate,CTABGAN,Fidelity,KS_Complement,0.5526500000000001,0.5364,0.557,0.56315,0.56395,0.5396,0.5493,0.5563,0.5458000000000001,0.5389999999999999,0.550315,0.009969371149230601,10
Metro Interstate,CTABGAN,Fidelity,MMD,0.38320617885924,0.3832110529298132,0.3832709284118043,0.3831980847676021,0.3832074675516289,0.3831948834310488,0.3831934190099896,0.3832489246540157,0.3832097802473018,0.3832260703029133,0.3832166790165358,2.518188521248302e-05,10
Metro Interstate,CTABGAN,Fidelity,Quality_Score,0.7004374999999999,0.66721875,0.6878906250000001,0.7234732142857143,0.7140625,0.6607232142857142,0.71475,0.7107321428571428,0.6846071428571429,0.6534821428571429,0.6917377232142858,0.024863607071725382,10
Metro Interstate,CTABGAN,Fidelity,Wasserstein_Distance,31.09604240602624,21.21758805055153,29.31336950617852,35.89891368056637,37.79965898309935,48.81321563779504,35.19626150477839,48.16100275393233,72.00259166821803,79.3446136120144,43.88432578031602,18.727754821296102,10
Metro Interstate,CTABGAN,Privacy,MIA_AUC,0.7191358024691358,0.724320987654321,0.7180246913580247,0.8909876543209876,0.8744444444444445,0.8681481481481481,0.8835802469135803,0.8561728395061728,0.8598765432098767,0.87,0.8264691358024692,0.07384012438306954,10
Metro Interstate,CTABGAN,Privacy,Mahalanobis_Distance,8.280031394793317,10.41199587006356,4.253138308443252,10.60893256464612,32.44082130314736,22.26457785103804,16.44131676830617,28.42466894143808,22.60551977618093,38.36023523646737,19.409123801452417,11.300838381338032,10
Metro Interstate,CTABGAN,Privacy,Mean_Distance,8.280031394793317,10.41199587006356,4.253138308443252,10.60893256464612,32.44082130314736,22.26457785103804,16.44131676830617,28.42466894143808,22.60551977618093,38.36023523646737,19.409123801452417,11.300838381338032,10
Metro Interstate,CTABGAN,Privacy,Median_Distance,2.101736400635783,2.146323703133979,2.097199135386629,2.366977968965042,2.251597825082735,2.016318110653833,2.327492634333285,2.259937139248993,2.318971214552878,2.214613432297548,2.2101167564290702,0.11574827038645273,10
Metro Interstate,CTABGAN,Privacy,NNDR,0.8512926191185808,0.8694019460576226,0.8795100204840937,0.8433602139991613,0.8968203832899665,0.9068866966416522,0.8997440330988918,0.8935405089629699,0.8759011206147184,0.898891440273578,0.8815348982541235,0.021623718048522145,10
Metro Interstate,CTABGAN,Utility,MAE_Increase,193.4149809369158,65.87476370271861,104.2495039852295,317.1007163268471,59.57982924847056,64.44641907775258,117.0053860844521,130.2093996506621,78.18539698141763,62.79060348149869,119.28569994759646,81.15988465991387,10
Metro Interstate,CTABGAN,Utility,MAE_TRTR,1739.021880184634,1739.021880184634,1739.021880184634,1739.021880184634,1739.021880184634,1739.021880184634,1739.021880184634,1739.021880184634,1739.021880184634,1739.021880184634,1739.0218801846343,0.0,10
Metro Interstate,CTABGAN,Utility,MAE_TSTR,1932.43686112155,1804.896643887353,1843.271384169864,2056.122596511481,1798.601709433105,1803.468299262387,1856.027266269086,1869.231279835296,1817.207277166052,1801.812483666133,1858.307580132231,81.15988465991367,10
Metro Interstate,CTABGAN,Utility,R2_Gap,4.366577273885207,0.3470611874943732,1.790406740412114,16.05585165887232,0.0390541893022805,0.519996441661867,4.205408969855967,0.5794509857819894,0.0842693821348294,0.098464404937963,2.808654123433891,4.939724954547311,10
Metro Interstate,CTABGAN,Utility,R2_TRTR,-0.0676403707254291,-0.0676403707254291,-0.0676403707254291,-0.0676403707254291,-0.0676403707254291,-0.0676403707254291,-0.0676403707254291,-0.0676403707254291,-0.0676403707254291,-0.0676403707254291,-0.06764037072542908,0.0,10
Metro Interstate,CTABGAN,Utility,R2_TSTR,-4.434217644610636,-0.4147015582198024,-1.858047111137543,-16.12349202959775,-0.1066945600277097,-0.5876368123872961,-4.273049340581396,-0.6470913565074186,-0.1519097528602587,-0.1661047756633922,-2.8762944941593203,4.939724954547311,10
Metro Interstate,CTABGAN,Utility,RMSE_Increase,2112.383056035117,298.4407939993862,1127.07017904407,4752.910043417476,37.46299932256625,419.7985669661803,2018.055029841931,473.4191220762091,80.39509277644538,93.17519993458608,1141.3110083413965,1486.054172978153,10
Metro Interstate,CTABGAN,Utility,RMSE_TRTR,2054.865815593252,2054.865815593252,2054.865815593252,2054.865815593252,2054.865815593252,2054.865815593252,2054.865815593252,2054.865815593252,2054.865815593252,2054.865815593252,2054.8658155932526,0.0,10
Metro Interstate,CTABGAN,Utility,RMSE_TSTR,4167.248871628369,2353.306609592638,3181.935994637322,6807.775859010728,2092.328814915818,2474.664382559432,4072.920845435183,2528.284937669461,2135.260908369697,2148.041015527838,3196.1768239346484,1486.0541729781532,10
Metro Interstate,CTGAN,Compute,evaluation_time_seconds,17.33483268599957,18.89301308407448,15.92410600814037,21.69708132790402,17.53730410104617,16.68755200901069,44.77600567100308,17.21634355800052,17.96776689899707,494.4244287359979,68.2458434080174,149.98981906487884,10
Metro Interstate,CTGAN,Compute,generation_time_seconds,0.0,0.0,0.0,0.0,0.0,0.0,0.0,0.0,0.0,0.0,0.0,0.0,10
Metro Interstate,CTGAN,Compute,total_time_seconds,172.0252943518572,175.5284938199911,158.8045951798558,142.1264988069888,132.1850756900385,129.2522676368244,228.4713069639984,109.8611793110031,103.0622440229999,704.1992043520004,205.55161601355576,178.97024333609116,10
Metro Interstate,CTGAN,Compute,training_time_seconds,154.6327106629033,156.6028641790617,142.714476402849,118.0406156859826,114.597235084977,112.5254973799456,179.7484678309993,92.5856247289994,85.04201525700046,209.6281074089929,136.61176146217113,39.385866787129004,10
Metro Interstate,CTGAN,Fidelity,KS_Complement,0.8958999999999999,0.8429,0.88695,0.8354000000000001,0.81425,0.86445,0.8739000000000001,0.8599500000000001,0.85405,0.88445,0.86122,0.02546693062690426,10
Metro Interstate,CTGAN,Fidelity,MMD,0.0240229061553503,0.0160256062803674,0.0169263027760197,0.0382333714932566,0.0359488518373766,0.039007338740483,0.0058045242450105,0.0141822576125837,0.0230685085351403,0.0099865447601339,0.022320621243572203,0.011929038753497252,10
Metro Interstate,CTGAN,Fidelity,Quality_Score,0.759328125,0.755109375,0.7659374999999999,0.7457343750000001,0.7430937500000001,0.755609375,0.75753125,0.7575000000000001,0.753640625,0.75390625,0.7547390625,0.006509616825867523,10
Metro Interstate,CTGAN,Fidelity,Wasserstein_Distance,51.54161495368179,50.29115725319028,73.67750770608014,149.4114792043,186.1988369007898,192.390515720571,61.19497373140281,86.13411081263766,38.67390341486262,46.32651460048281,93.58406142979987,59.48667666984625,10
Metro Interstate,CTGAN,Privacy,MIA_AUC,0.6504938271604939,0.6692592592592592,0.6570370370370371,0.755925925925926,0.7132098765432099,0.7195061728395062,0.6332098765432098,0.6275308641975309,0.6733333333333333,0.6460493827160494,0.6745555555555556,0.04187899261995649,10
Metro Interstate,CTGAN,Privacy,Mahalanobis_Distance,232.5183852638324,240.5219292054624,222.336349174956,224.3445334770608,228.2392866159769,228.3388614373805,228.4159056782509,220.2053700999873,228.4032055991142,220.3470594290333,227.36708859810545,6.1326042706949,10
Metro Interstate,CTGAN,Privacy,Mean_Distance,232.5183852638324,240.5219292054624,222.336349174956,224.3445334770608,228.2392866159769,228.3388614373805,228.4159056782509,220.2053700999873,228.4032055991142,220.3470594290333,227.36708859810545,6.1326042706949,10
Metro Interstate,CTGAN,Privacy,Median_Distance,2.308672176802792,2.437490893301076,2.356868680566973,2.268112586302294,2.261571845459046,2.422663343926591,2.329712579053381,2.311170455712372,2.29548851707206,2.267167492694136,2.325891857089072,0.062498787713998756,10
Metro Interstate,CTGAN,Privacy,NNDR,0.8110967080360489,0.8364341698066592,0.8255145177906847,0.8115041060457262,0.7919535915485053,0.789189823119589,0.8047048374131436,0.7974847598684626,0.8062800608184918,0.7946921592475676,0.8068854733694879,0.015046233105611555,10
Metro Interstate,CTGAN,Utility,MAE_Increase,44.56026353070524,45.24293620879826,47.20240411742816,72.75458372258618,138.6761868112524,90.52685063043396,19.59734445343497,35.99242905975734,25.92491103152156,38.87125709711063,55.93491666630287,35.83212357383172,10
Metro Interstate,CTGAN,Utility,MAE_TRTR,1739.021880184634,1739.021880184634,1739.021880184634,1739.021880184634,1739.021880184634,1739.021880184634,1739.021880184634,1739.021880184634,1739.021880184634,1739.021880184634,1739.0218801846343,0.0,10
Metro Interstate,CTGAN,Utility,MAE_TSTR,1783.582143715339,1784.264816393433,1786.224284302062,1811.77646390722,1877.698066995887,1829.548730815068,1758.619224638069,1775.014309244392,1764.946791216156,1777.893137281745,1794.956796850937,35.83212357383176,10
Metro Interstate,CTGAN,Utility,R2_Gap,0.0349564678460094,0.015848807267792,0.0906420964576189,0.0607928732556943,0.1361455809348391,0.1014499003442792,-0.0153095641605423,-0.0129243428554784,0.0009793210166687,0.0242434552958723,0.04368245954027532,0.051769957810636105,10
Metro Interstate,CTGAN,Utility,R2_TRTR,-0.0676403707254291,-0.0676403707254291,-0.0676403707254291,-0.0676403707254291,-0.0676403707254291,-0.0676403707254291,-0.0676403707254291,-0.0676403707254291,-0.0676403707254291,-0.0676403707254291,-0.06764037072542908,0.0,10
Metro Interstate,CTGAN,Utility,R2_TSTR,-0.1025968385714386,-0.0834891779932212,-0.1582824671830481,-0.1284332439811235,-0.2037859516602683,-0.1690902710697084,-0.0523308065648868,-0.0547160278699507,-0.0686196917420979,-0.0918838260213014,-0.11132283026570447,0.05176995781063612,10
Metro Interstate,CTGAN,Utility,RMSE_Increase,32.89000384819246,15.12897893240552,85.22263762503553,58.92136141653873,127.3894227435594,96.66668202893608,-14.53895300209115,-11.64131238708842,0.8483973671613967,23.03886093095798,41.392607950360755,48.71995468810067,10
Metro Interstate,CTGAN,Utility,RMSE_TRTR,2054.865815593252,2054.865815593252,2054.865815593252,2054.865815593252,2054.865815593252,2054.865815593252,2054.865815593252,2054.865815593252,2054.865815593252,2054.865815593252,2054.8658155932526,0.0,10
Metro Interstate,CTGAN,Utility,RMSE_TSTR,2087.755819441444,2069.994794525657,2140.088453218287,2113.78717700979,2182.255238336811,2151.532497622188,2040.326862591161,2043.224503206163,2055.714212960413,2077.90467652421,2096.2584235436125,48.719954688100664,10
Metro Interstate,CopulaGAN,Compute,evaluation_time_seconds,24.57697969512083,30.94721470400691,25.27530728513375,37.08171520708129,25.60627705580555,24.73053936497308,137.3537866439947,25.8755003260012,18.08194426000409,33.19342694400257,38.272269148612395,35.213053856495094,10
Metro Interstate,CopulaGAN,Compute,generation_time_seconds,0.0,0.0,0.0,0.0,0.0,0.0,0.0,0.0,0.0,0.0,0.0,0.0,10
Metro Interstate,CopulaGAN,Compute,total_time_seconds,155.5770978620276,132.6703869060148,154.3491516071372,156.6060303549748,152.8189000631683,118.7067460049875,1227.118838811002,120.294373359,674.0455557759997,559.8355041739997,345.2022584918312,368.7815181548219,10
Metro Interstate,CopulaGAN,Compute,training_time_seconds,130.943611681927,101.4988454349805,129.0427937810309,119.4721175469458,127.1624108119868,93.92650242615493,1089.487795955996,94.35725210799863,655.9038247739954,526.564431326995,306.8359585848011,340.7915887381742,10
Metro Interstate,CopulaGAN,Fidelity,KS_Complement,0.548,0.5349,0.55435,0.5652,0.5321,0.53585,0.55085,0.54875,0.55035,0.5121499999999999,0.54325,0.014839923629632804,10
Metro Interstate,CopulaGAN,Fidelity,MMD,0.7757156226130136,0.7762019164190089,0.7647155252797564,0.7921234308526959,0.7982588932705014,0.7311811972914326,0.7921181341001622,0.7802268492518574,0.7819023627330837,0.7714977503339683,0.776394168214548,0.01892330835625253,10
Metro Interstate,CopulaGAN,Fidelity,Quality_Score,0.631875,0.64971875,0.63234375,0.6514375,0.646765625,0.64196875,0.64590625,0.643703125,0.6391875,0.6396093749999999,0.6422515625,0.006652220064950869,10
Metro Interstate,CopulaGAN,Fidelity,Wasserstein_Distance,71.85623906533937,83.59463672418451,57.79438071408456,28.10718274540782,103.0370282432042,62.17874238230786,36.7861896777075,27.01711045566225,55.79492860901977,110.145521492012,63.631196010892985,29.06578487376511,10
Metro Interstate,CopulaGAN,Privacy,MIA_AUC,1.0,1.0,1.0,1.0,1.0,1.0,1.0,1.0,1.0,1.0,1.0,0.0,10
Metro Interstate,CopulaGAN,Privacy,Mahalanobis_Distance,234.7288395412563,230.6175827207358,222.7429711515038,226.6327489002632,228.7130914380432,230.7607321918662,230.5701034998443,222.7080842123086,224.6098362554801,230.7115163045756,228.2795506215877,3.9782567438236285,10
Metro Interstate,CopulaGAN,Privacy,Mean_Distance,234.7288395412563,230.6175827207358,222.7429711515038,226.6327489002632,228.7130914380432,230.7607321918662,230.5701034998443,222.7080842123086,224.6098362554801,230.7115163045756,228.2795506215877,3.9782567438236285,10
Metro Interstate,CopulaGAN,Privacy,Median_Distance,5.061950144363579,5.027593387066291,5.06917058838422,5.036100365321324,5.026782472528724,5.104980657232308,5.030093730627706,5.047031237303996,5.048440174664961,5.06305159943043,5.051519435692354,0.024317948047227887,10
Metro Interstate,CopulaGAN,Privacy,NNDR,0.9940771886295142,0.994724997369251,0.9938139874126038,0.9957024517022364,0.9936368726935718,0.9937403104174444,0.9952418569173218,0.9943659459366206,0.995263851570122,0.9937885345695104,0.9944355997218196,0.0007516289085678256,10
Metro Interstate,CopulaGAN,Utility,MAE_Increase,34.99356580438712,26.96335542113798,29.07230275828192,40.78852316760936,46.91628175131336,49.68601972146348,31.51963008128473,64.21365400945206,39.60347941790155,41.35248467344832,40.51092968062799,11.12705620826697,10
Metro Interstate,CopulaGAN,Utility,MAE_TRTR,1739.021880184634,1739.021880184634,1739.021880184634,1739.021880184634,1739.021880184634,1739.021880184634,1739.021880184634,1739.021880184634,1739.021880184634,1739.021880184634,1739.0218801846343,0.0,10
Metro Interstate,CopulaGAN,Utility,MAE_TSTR,1774.015445989021,1765.985235605772,1768.094182942916,1779.810403352244,1785.938161935948,1788.707899906098,1770.541510265919,1803.235534194086,1778.625359602536,1780.374364858083,1779.5328098652622,11.127056208267051,10
Metro Interstate,CopulaGAN,Utility,R2_Gap,-0.0105294403522792,-0.0250362625008191,-0.0174581705847854,0.0350499013674845,-0.003400956341398,0.0405465651706729,0.0175812118613193,0.0530097211624777,0.0145438570467038,0.0061420301174948,0.01104484569468713,0.02598086690700724,10
Metro Interstate,CopulaGAN,Utility,R2_TRTR,-0.0676403707254291,-0.0676403707254291,-0.0676403707254291,-0.0676403707254291,-0.0676403707254291,-0.0676403707254291,-0.0676403707254291,-0.0676403707254291,-0.0676403707254291,-0.0676403707254291,-0.06764037072542908,0.0,10
Metro Interstate,CopulaGAN,Utility,R2_TSTR,-0.0571109303731499,-0.04260410822461,-0.0501822001406436,-0.1026902720929137,-0.0642394143840311,-0.1081869358961021,-0.0852215825867484,-0.1206500918879069,-0.082184227772133,-0.0737824008429239,-0.07868521642011625,0.025980866907007297,10
Metro Interstate,CopulaGAN,Utility,RMSE_Increase,-9.589169486636138,-23.59275865433187,-16.29129378547145,33.28397806279281,-2.990470051857301,37.14538531230846,16.36381378705209,51.13337014961098,13.94438765754103,6.4601265782685,10.586736956927712,24.513732150455777,10
Metro Interstate,CopulaGAN,Utility,RMSE_TRTR,2054.865815593252,2054.865815593252,2054.865815593252,2054.865815593252,2054.865815593252,2054.865815593252,2054.865815593252,2054.865815593252,2054.865815593252,2054.865815593252,2054.8658155932526,0.0,10
Metro Interstate,CopulaGAN,Utility,RMSE_TSTR,2045.276646106616,2031.27305693892,2038.57452180778,2088.149793656044,2051.875345541394,2092.01120090556,2071.229629380304,2105.999185742863,2068.810203250793,2061.32594217152,2065.4525525501795,24.513732150455798,10
Metro Interstate,ForestDiffusion,Compute,evaluation_time_seconds,25.46009832504205,25.45138666499406,25.91001093294472,47.51258524903096,38.1758026520256,41.87176246498711,38.91596837600082,113.1713744579974,50.88061173199821,87.59572714800015,49.49453280030211,28.91053902125563,10
Metro Interstate,ForestDiffusion,Compute,generation_time_seconds,0.0,0.0,0.0,0.0,0.0,0.0,0.0,0.0,0.0,0.0,0.0,0.0,10
Metro Interstate,ForestDiffusion,Compute,total_time_seconds,106.0073876099195,100.7804450930562,104.2151352430228,110.4548206750769,117.5680827950127,127.0711770600174,291.8100727380006,1148.446368564997,2467.620879324997,1110.367220464999,568.43415895691,786.6526186592757,10
Metro Interstate,ForestDiffusion,Compute,training_time_seconds,80.44703161693178,75.28726006112993,78.26530717895366,62.89042981690727,79.16662620799616,85.14702874911018,252.7567015079985,1034.988200147003,2416.673633840997,1022.523639388994,518.814585851602,772.08266378042,10
Metro Interstate,ForestDiffusion,Fidelity,KS_Complement,0.71105,0.71085,0.7210500000000001,0.7084,0.7142999999999999,0.70055,0.7078500000000001,0.7050500000000001,0.69435,0.69855,0.7072,0.007895357285561348,10
Metro Interstate,ForestDiffusion,Fidelity,MMD,0.0738381865716238,0.0744658452545647,0.0481966033241489,0.0689369051655095,0.0629216737897999,0.05713818289019,0.0591108609614415,0.06584431552394,0.0859140034036712,0.078134340915085,0.06745009177999745,0.011140359649831264,10
Metro Interstate,ForestDiffusion,Fidelity,Quality_Score,0.6598906250000001,0.670015625,0.70103125,0.69796875,0.69484375,0.6643281249999999,0.6637031250000001,0.658625,0.6662812499999999,0.6650937499999999,0.6741781249999999,0.016763537168074546,10
Metro Interstate,ForestDiffusion,Fidelity,Wasserstein_Distance,52.74061413025841,63.13875691933249,57.06529186753949,48.9499427346742,55.93030823917304,56.01149200684803,57.6796824521965,52.0843579393222,52.90543581712082,60.33756657744021,55.68434486839054,4.189624822483023,10
Metro Interstate,ForestDiffusion,Privacy,MIA_AUC,0.7254320987654321,0.8303703703703704,0.7745679012345679,0.7461728395061727,0.8087654320987654,0.7535802469135803,0.7638271604938272,0.7746913580246915,0.8030864197530864,0.8041975308641977,0.7784691358024691,0.0326579549944634,10
Metro Interstate,ForestDiffusion,Privacy,Mahalanobis_Distance,2.282835649019714,4.28752872067082,2.220794200656639,4.194216317139881,6.33888929473282,2.357128501629872,2.272720178240108,2.262487521624652,2.316822244718344,2.249536878929136,3.078295950736199,1.4066634860114697,10
Metro Interstate,ForestDiffusion,Privacy,Mean_Distance,2.282835649019714,4.28752872067082,2.220794200656639,4.194216317139881,6.33888929473282,2.357128501629872,2.272720178240108,2.262487521624652,2.316822244718344,2.249536878929136,3.078295950736199,1.4066634860114697,10
Metro Interstate,ForestDiffusion,Privacy,Median_Distance,2.273418107377283,2.199388305490757,2.181398925162414,2.129543472865859,2.264559740632682,2.346971667896343,2.179884508710305,2.17120198749655,2.224418510195015,2.188954487242073,2.2159739713069277,0.06313116332930556,10
Metro Interstate,ForestDiffusion,Privacy,NNDR,0.8674289839939033,0.8776486481100915,0.8638604911298187,0.8753582629151686,0.8817674165774743,0.8639950835788618,0.8763409693014723,0.8756556935508556,0.8787468725160186,0.8711470954862691,0.8731949517159933,0.006271530110991016,10
Metro Interstate,ForestDiffusion,Utility,MAE_Increase,-19.9147736329503,6.155211531602845,8.227826924423653,-17.34579892744227,-24.20538842189535,-7.813796524062127,4.030274175509703,-3.994484494850667,5.732136863600545,-35.52365627584618,-8.465244878191015,15.130535038691837,10
Metro Interstate,ForestDiffusion,Utility,MAE_TRTR,1739.021880184634,1739.021880184634,1739.021880184634,1739.021880184634,1739.021880184634,1739.021880184634,1739.021880184634,1739.021880184634,1739.021880184634,1739.021880184634,1739.0218801846343,0.0,10
Metro Interstate,ForestDiffusion,Utility,MAE_TSTR,1719.107106551684,1745.177091716237,1747.249707109058,1721.676081257192,1714.816491762739,1731.208083660572,1743.052154360144,1735.027395689784,1744.754017048235,1703.498223908788,1730.5566353064435,15.130535038691875,10
Metro Interstate,ForestDiffusion,Utility,R2_Gap,-0.0571385301321048,0.0023405337333431,0.0968124628879192,-0.0327693951735533,-0.0692012361655597,-0.0372532377376097,-0.0387996360150405,-0.0408559598274287,-0.0284507449196102,-0.0658949822917123,-0.02712107256413569,0.04814801228017944,10
Metro Interstate,ForestDiffusion,Utility,R2_TRTR,-0.0676403707254291,-0.0676403707254291,-0.0676403707254291,-0.0676403707254291,-0.0676403707254291,-0.0676403707254291,-0.0676403707254291,-0.0676403707254291,-0.0676403707254291,-0.0676403707254291,-0.06764037072542908,0.0,10
Metro Interstate,ForestDiffusion,Utility,R2_TSTR,-0.0105018405933243,-0.0699809044587722,-0.1644528336133484,-0.0348709755518758,0.0015608654401305,-0.0303871329878193,-0.0288407347103886,-0.0267844108980004,-0.0391896258058189,-0.0017453884337167,-0.04051929816129341,0.048148012280179474,10
Metro Interstate,ForestDiffusion,Utility,RMSE_Increase,-54.44299835237075,3.599646303773625,90.68877809389596,-30.43154353359455,-66.37914549214292,-34.9295368132257,-36.56166305033003,-38.79082433602957,-26.81927558041139,-63.09840666024684,-25.716496942068215,45.561408998117294,10
Metro Interstate,ForestDiffusion,Utility,RMSE_TRTR,2054.865815593252,2054.865815593252,2054.865815593252,2054.865815593252,2054.865815593252,2054.865815593252,2054.865815593252,2054.865815593252,2054.865815593252,2054.865815593252,2054.8658155932526,0.0,10
Metro Interstate,ForestDiffusion,Utility,RMSE_TSTR,2000.422817240881,2058.465461897025,2145.554593687148,2024.434272059657,1988.486670101109,2019.936278780026,2018.304152542922,2016.074991257222,2028.04654001284,1991.767408933005,2029.1493186511839,45.561408998117344,10
Metro Interstate,GaussianCopula,Compute,evaluation_time_seconds,24.25711388303898,24.74288629204966,68.83722525206394,24.86232546996325,51.26704294607043,50.53113803314045,55.05062061799981,58.95449705800274,68.22573770300369,57.02946556500683,48.37580528203398,17.480629985526555,10
Metro Interstate,GaussianCopula,Compute,generation_time_seconds,0.0,0.0,0.0,0.0,0.0,0.0,0.0,0.0,0.0,0.0,0.0,0.0,10
Metro Interstate,GaussianCopula,Compute,total_time_seconds,26.537605245132,28.31339110992849,71.30988369090483,28.8095983969979,52.82160138292238,54.41460408899002,61.18047147100151,65.13476495799841,72.51340925099794,68.87289758499537,52.99082271798689,18.496369331806545,10
Metro Interstate,GaussianCopula,Compute,training_time_seconds,2.219936395063996,3.509255914017558,2.438833840889856,3.847088301088661,1.496266148984432,3.747257871087641,5.984339072994771,6.023164653001004,4.230277238995768,11.46219163699425,4.495861107311794,2.857971031778307,10
Metro Interstate,GaussianCopula,Fidelity,KS_Complement,0.52965,0.52965,0.52965,0.52965,0.52965,0.52965,0.52965,0.52965,0.52965,0.52965,0.52965,0.0,10
Metro Interstate,GaussianCopula,Fidelity,MMD,0.4242136372063369,0.4242136372063369,0.4242136372063369,0.4242136372063369,0.4242136372063369,0.4242136372063369,0.4242136372063369,0.4242136372063369,0.4242136372063369,0.4242136372063369,0.42421363720633687,0.0,10
Metro Interstate,GaussianCopula,Fidelity,Quality_Score,0.5787031249999999,0.5787031249999999,0.5787031249999999,0.5787031249999999,0.5787031249999999,0.5787031249999999,0.5787031249999999,0.5787031249999999,0.5787031249999999,0.5787031249999999,0.5787031249999999,0.0,10
Metro Interstate,GaussianCopula,Fidelity,Wasserstein_Distance,61.45270668942703,61.45270668942703,61.45270668942703,61.45270668942703,61.45270668942703,61.45270668942703,61.45270668942703,61.45270668942703,61.45270668942703,61.45270668942703,61.45270668942703,0.0,10
Metro Interstate,GaussianCopula,Privacy,MIA_AUC,1.0,1.0,1.0,1.0,1.0,1.0,1.0,1.0,1.0,1.0,1.0,0.0,10
Metro Interstate,GaussianCopula,Privacy,Mahalanobis_Distance,33.30069609009472,33.30069609009472,33.30069609009472,33.30069609009472,33.30069609009472,33.30069609009472,33.30069609009472,33.30069609009472,33.30069609009472,33.30069609009472,33.30069609009472,0.0,10
Metro Interstate,GaussianCopula,Privacy,Mean_Distance,33.30069609009472,33.30069609009472,33.30069609009472,33.30069609009472,33.30069609009472,33.30069609009472,33.30069609009472,33.30069609009472,33.30069609009472,33.30069609009472,33.30069609009472,0.0,10
Metro Interstate,GaussianCopula,Privacy,Median_Distance,15.28110329348659,15.28110329348659,15.28110329348659,15.28110329348659,15.28110329348659,15.28110329348659,15.28110329348659,15.28110329348659,15.28110329348659,15.28110329348659,15.28110329348659,0.0,10
Metro Interstate,GaussianCopula,Privacy,NNDR,0.8206064033763387,0.8206064033763387,0.8206064033763387,0.8206064033763387,0.8206064033763387,0.8206064033763387,0.8206064033763387,0.8206064033763387,0.8206064033763387,0.8206064033763387,0.8206064033763386,0.0,10
Metro Interstate,GaussianCopula,Utility,MAE_Increase,15.36391767065106,15.36391767065106,15.36391767065106,15.36391767065106,15.36391767065106,15.36391767065106,15.36391767065106,15.36391767065106,15.36391767065106,15.36391767065106,15.363917670651059,0.0,10
Metro Interstate,GaussianCopula,Utility,MAE_TRTR,1739.021880184634,1739.021880184634,1739.021880184634,1739.021880184634,1739.021880184634,1739.021880184634,1739.021880184634,1739.021880184634,1739.021880184634,1739.021880184634,1739.0218801846343,0.0,10
Metro Interstate,GaussianCopula,Utility,MAE_TSTR,1754.385797855285,1754.385797855285,1754.385797855285,1754.385797855285,1754.385797855285,1754.385797855285,1754.385797855285,1754.385797855285,1754.385797855285,1754.385797855285,1754.3857978552849,0.0,10
Metro Interstate,GaussianCopula,Utility,R2_Gap,0.0161029576532008,0.0161029576532008,0.0161029576532008,0.0161029576532008,0.0161029576532008,0.0161029576532008,0.0161029576532008,0.0161029576532008,0.0161029576532008,0.0161029576532008,0.0161029576532008,0.0,10
Metro Interstate,GaussianCopula,Utility,R2_TRTR,-0.0676403707254291,-0.0676403707254291,-0.0676403707254291,-0.0676403707254291,-0.0676403707254291,-0.0676403707254291,-0.0676403707254291,-0.0676403707254291,-0.0676403707254291,-0.0676403707254291,-0.06764037072542908,0.0,10
Metro Interstate,GaussianCopula,Utility,R2_TSTR,-0.08374332837863,-0.08374332837863,-0.08374332837863,-0.08374332837863,-0.08374332837863,-0.08374332837863,-0.08374332837863,-0.08374332837863,-0.08374332837863,-0.08374332837863,-0.08374332837863,0.0,10
Metro Interstate,GaussianCopula,Utility,RMSE_Increase,16.491714798673,16.491714798673,16.491714798673,16.491714798673,16.491714798673,16.491714798673,16.491714798673,16.491714798673,16.491714798673,16.491714798673,16.491714798673,0.0,10
Metro Interstate,GaussianCopula,Utility,RMSE_TRTR,2054.865815593252,2054.865815593252,2054.865815593252,2054.865815593252,2054.865815593252,2054.865815593252,2054.865815593252,2054.865815593252,2054.865815593252,2054.865815593252,2054.8658155932526,0.0,10
Metro Interstate,GaussianCopula,Utility,RMSE_TSTR,2071.357530391925,2071.357530391925,2071.357530391925,2071.357530391925,2071.357530391925,2071.357530391925,2071.357530391925,2071.357530391925,2071.357530391925,2071.357530391925,2071.357530391925,0.0,10
Metro Interstate,TVAE,Compute,evaluation_time_seconds,15.3926501669921,21.76396871404722,23.76288900291547,25.73546198708937,47.70800684811547,50.76647896599025,29.37766436499805,20.60191811899858,21.83819178999693,18.76646437800082,27.571369433714427,12.044598097421257,10
Metro Interstate,TVAE,Compute,generation_time_seconds,0.0,0.0,0.0,0.0,0.0,0.0,0.0,0.0,0.0,0.0,0.0,0.0,10
Metro Interstate,TVAE,Compute,total_time_seconds,84.23547538695857,90.22658704104832,75.74775593006052,68.73414370813407,101.4861006229185,99.9673745529726,535.0598806880007,74.26678720999917,67.53384510899923,56.10522038499766,125.33631706340893,144.68847216652412,10
Metro Interstate,TVAE,Compute,training_time_seconds,68.79335959581658,68.39665401889943,51.83307210705243,42.96291017904878,53.68099099700339,49.09257357800379,505.5516956159991,53.59310557699791,45.56900242100528,37.28079715700005,97.67541612468267,143.66283744630348,10
Metro Interstate,TVAE,Fidelity,KS_Complement,0.8803000000000001,0.8626000000000001,0.88605,0.8899000000000001,0.91945,0.86635,0.8853,0.8861500000000001,0.8692499999999999,0.8997999999999999,0.884515,0.016831683912589764,10
Metro Interstate,TVAE,Fidelity,MMD,0.0352172616143746,0.0720752906657756,0.0298085718177771,0.0226208753535697,0.0149623793443881,0.0577912230698812,0.0433098440212382,0.0334766707386182,0.070689211822977,0.0209805932912972,0.04009319217398969,0.020434164486077093,10
Metro Interstate,TVAE,Fidelity,Quality_Score,0.832515625,0.8436406249999999,0.845734375,0.8460156249999999,0.8770156250000001,0.840953125,0.858734375,0.852265625,0.845625,0.861046875,0.8503546875,0.012531046622241318,10
Metro Interstate,TVAE,Fidelity,Wasserstein_Distance,200.6146442695896,309.3035648349675,134.3590052459718,141.8145502138777,97.17013496959066,276.8963120388609,222.1657230033277,173.8962865292332,254.9814510064834,101.0640205606392,191.22656926725418,74.04445963749458,10
Metro Interstate,TVAE,Privacy,MIA_AUC,0.7906172839506175,0.8044444444444445,0.7845679012345679,0.7667901234567901,0.7458024691358025,0.8324691358024691,0.8192592592592592,0.7265432098765432,0.7980246913580247,0.7490123456790122,0.781753086419753,0.03412625971388173,10
Metro Interstate,TVAE,Privacy,Mahalanobis_Distance,2.208156035933941,2.285187413877155,2.29053011239181,2.198775706634742,2.25194032961681,2.296934254350862,2.207511288922501,2.285106649865974,2.255678886919708,2.247250403429463,2.252707108194296,0.03721793459537484,10
Metro Interstate,TVAE,Privacy,Mean_Distance,2.208156035933941,2.285187413877155,2.29053011239181,2.198775706634742,2.25194032961681,2.296934254350862,2.207511288922501,2.285106649865974,2.255678886919708,2.247250403429463,2.252707108194296,0.03721793459537484,10
Metro Interstate,TVAE,Privacy,Median_Distance,2.17927584524044,2.255570472670363,2.294020107096931,2.146180355784472,2.193072526517511,2.297190679491668,2.203827949708496,2.256622138658087,2.264682257253495,2.202466958242831,2.2292909290664293,0.05118478023574379,10
Metro Interstate,TVAE,Privacy,NNDR,0.8819190805131841,0.8777703218923902,0.8833393821268364,0.8700026259456562,0.8570894117938518,0.8552470526137854,0.8588362223020396,0.8732596839186436,0.8571686771391092,0.8701134478040179,0.8684745906049514,0.01075668629117206,10
Metro Interstate,TVAE,Utility,MAE_Increase,276.5407127611561,403.6277510682355,336.3195853291879,235.2777570581241,94.183971483719,448.825747222839,285.8668990258914,234.9610953332842,402.0712207167996,148.5796589123318,286.6254398911569,114.16077331058668,10
Metro Interstate,TVAE,Utility,MAE_TRTR,1739.021880184634,1739.021880184634,1739.021880184634,1739.021880184634,1739.021880184634,1739.021880184634,1739.021880184634,1739.021880184634,1739.021880184634,1739.021880184634,1739.0218801846343,0.0,10
Metro Interstate,TVAE,Utility,MAE_TSTR,2015.56259294579,2142.64963125287,2075.341465513822,1974.299637242758,1833.205851668353,2187.847627407473,2024.888779210526,1973.982975517918,2141.093100901434,1887.601539096966,2025.6473200757907,114.16077331058675,10
Metro Interstate,TVAE,Utility,R2_Gap,0.5801046671063927,0.8291653083873418,1.572301016051913,0.5735789452793494,0.2066474948349457,0.9813525106297613,0.5773086661494262,0.93687254450167,1.027303233716807,0.2995981221817843,0.7584232508839392,0.39930271402877854,10
Metro Interstate,TVAE,Utility,R2_TRTR,-0.0676403707254291,-0.0676403707254291,-0.0676403707254291,-0.0676403707254291,-0.0676403707254291,-0.0676403707254291,-0.0676403707254291,-0.0676403707254291,-0.0676403707254291,-0.0676403707254291,-0.06764037072542908,0.0,10
Metro Interstate,TVAE,Utility,R2_TSTR,-0.6477450378318219,-0.896805679112771,-1.639941386777342,-0.6412193160047786,-0.2742878655603749,-1.04899288135519,-0.6449490368748554,-1.004512915227099,-1.094943604442236,-0.3672384929072135,-0.8260636216093683,0.3993027140287784,10
Metro Interstate,TVAE,Utility,RMSE_Increase,497.3313554740466,683.2206192714152,1110.185930662024,491.7171492008006,190.5223090362274,788.1634652760999,497.4739039878241,744.869877353105,811.6132816869681,271.7712733585636,608.6869165307074,274.0270435242556,10
Metro Interstate,TVAE,Utility,RMSE_TRTR,2054.865815593252,2054.865815593252,2054.865815593252,2054.865815593252,2054.865815593252,2054.865815593252,2054.865815593252,2054.865815593252,2054.865815593252,2054.865815593252,2054.8658155932526,0.0,10
Metro Interstate,TVAE,Utility,RMSE_TSTR,2552.197171067298,2738.086434864667,3165.051746255276,2546.582964794052,2245.388124629479,2843.029280869352,2552.339719581076,2799.735692946357,2866.47909728022,2326.637088951815,2663.5527321239592,274.0270435242558,10
Metro Interstate,TabDDPM,Compute,evaluation_time_seconds,51.08807332115248,52.01866278005764,38.02387255220674,52.43252331996337,22.83220424200408,23.65991903608665,27.68705493000016,28.71053988600033,27.73594907900406,28.48986640200019,35.26786655484757,12.136343833729624,10
Metro Interstate,TabDDPM,Compute,generation_time_seconds,0.0,0.0,0.0,0.0,0.0,0.0,0.0,0.0,0.0,0.0,0.0,0.0,10
Metro Interstate,TabDDPM,Compute,total_time_seconds,78.73163188900799,78.62797896703705,64.66076906700619,78.60679444600828,36.16345688304864,32.39039951004088,76.9085103010002,70.97231688399916,92.87392602900218,87.98056362100033,69.7916347597151,20.296188277302885,10
Metro Interstate,TabDDPM,Compute,training_time_seconds,27.44533371203579,26.40497354418039,26.43194407084957,25.97836203104816,13.1964323730208,8.674625509884208,49.12841885800299,42.18041403799725,65.01505357499991,59.3880741049943,34.38436318170134,18.848023703591497,10
Metro Interstate,TabDDPM,Fidelity,KS_Complement,0.56315,0.4405,0.4791,0.41585,0.5384,0.4960000000000001,0.3985,0.4999499999999999,0.4206,0.5395000000000001,0.4791550000000001,0.058078957032646525,10
Metro Interstate,TabDDPM,Fidelity,MMD,0.3099137723029545,0.425610165041004,0.3893758254774177,0.3717595793145504,0.2872717928929151,0.3568378896188892,0.4014520362534825,0.3165510295710542,0.4026275664288351,0.3625783642058359,0.36239780211069383,0.04532143105239628,10
Metro Interstate,TabDDPM,Fidelity,Quality_Score,0.4328125,0.3388593750000001,0.3613281250000001,0.382109375,0.4160781250000001,0.4305625000000001,0.367203125,0.458515625,0.330671875,0.3943125,0.39124531250000005,0.04268098911857311,10
Metro Interstate,TabDDPM,Fidelity,Wasserstein_Distance,400.5567788281406,361.7741293366058,359.0382749590195,385.4279199513891,358.0100967610855,342.5566151481035,493.4514465916021,417.1510887729852,362.4608433802033,384.0613178424662,386.44885115716005,43.803673486705165,10
Metro Interstate,TabDDPM,Privacy,MIA_AUC,0.9416049382716049,0.9611111111111112,0.9982716049382716,0.945432098765432,0.9044444444444444,0.952962962962963,0.9825925925925928,0.93320987654321,0.9814814814814816,0.97320987654321,0.9574320987654321,0.02779016946587226,10
Metro Interstate,TabDDPM,Privacy,Mahalanobis_Distance,1107.550471105489,2352.429501187266,1397.644199392333,684.1620551710962,793.7070483596772,178.7865147724112,1864.532758454733,264.6768446820323,2382.980610099314,2348.146647887905,1337.4616651112256,862.4837246484173,10
Metro Interstate,TabDDPM,Privacy,Mean_Distance,1107.550471105489,2352.429501187266,1397.644199392333,684.1620551710962,793.7070483596772,178.7865147724112,1864.532758454733,264.6768446820323,2382.980610099314,2348.146647887905,1337.4616651112256,862.4837246484173,10
Metro Interstate,TabDDPM,Privacy,Median_Distance,1000.230594264977,3000.365865104897,2000.003103147651,58.69842096062535,47.08151656209598,47.44565236861398,1002.931481406884,4.310652961648294,3000.363995676866,3000.002219421897,1316.1433501876154,1320.6200825256215,10
Metro Interstate,TabDDPM,Privacy,NNDR,0.913589364457976,0.9115133944842198,0.9174046308734032,0.8783314024330328,0.8826086864321033,0.8776869627971536,0.8727633611837889,0.8563880267732318,0.9164510668018154,0.949687961493084,0.8976424857729809,0.02831920996583056,10
Metro Interstate,TabDDPM,Utility,MAE_Increase,188.9669186352603,200.7112529647688,254.0366336492086,294.2483191824263,184.4820111329434,234.1378986893039,250.2928893412889,179.6437144229574,222.2279673511919,517.1410164593269,252.58886218286767,99.82847400124483,10
Metro Interstate,TabDDPM,Utility,MAE_TRTR,1739.021880184634,1739.021880184634,1739.021880184634,1739.021880184634,1739.021880184634,1739.021880184634,1739.021880184634,1739.021880184634,1739.021880184634,1739.021880184634,1739.0218801846343,0.0,10
Metro Interstate,TabDDPM,Utility,MAE_TSTR,1927.988798819895,1939.733133149403,1993.058513833843,2033.270199367061,1923.503891317578,1973.159778873938,1989.314769525923,1918.665594607592,1961.249847535826,2256.162896643961,1991.6107423675016,99.82847400124474,10
Metro Interstate,TabDDPM,Utility,R2_Gap,0.3055027830883639,0.3524251303811295,0.450744069170385,0.4562137175560022,0.3379321293639556,0.3997004797961053,0.3996227957714982,0.2465920076395768,0.3753143849850832,0.8413307127506092,0.41653782105027093,0.16226243552966926,10
Metro Interstate,TabDDPM,Utility,R2_TRTR,-0.0676403707254291,-0.0676403707254291,-0.0676403707254291,-0.0676403707254291,-0.0676403707254291,-0.0676403707254291,-0.0676403707254291,-0.0676403707254291,-0.0676403707254291,-0.0676403707254291,-0.06764037072542908,0.0,10
Metro Interstate,TabDDPM,Utility,R2_TSTR,-0.373143153813793,-0.4200655011065587,-0.5183844398958142,-0.5238540882814313,-0.4055725000893847,-0.4673408505215345,-0.4672631664969273,-0.314232378365006,-0.4429547557105124,-0.9089710834760384,-0.48417819177570004,0.16226243552966926,10
Metro Interstate,TabDDPM,Utility,RMSE_Increase,268.3201187123786,316.5377674636156,395.0195467819226,400.7042075611766,304.2089314264308,355.7173265140796,353.3678341885307,226.4494152450106,331.2167483920884,683.5732913865186,363.51151876717523,124.54046162137152,10
Metro Interstate,TabDDPM,Utility,RMSE_TRTR,2054.865815593252,2054.865815593252,2054.865815593252,2054.865815593252,2054.865815593252,2054.865815593252,2054.865815593252,2054.865815593252,2054.865815593252,2054.865815593252,2054.8658155932526,0.0,10
Metro Interstate,TabDDPM,Utility,RMSE_TSTR,2323.18593430563,2371.403583056867,2449.885362375174,2455.570023154428,2359.074747019682,2410.583142107331,2408.233649781782,2281.315230838262,2386.08256398534,2738.43910697977,2418.3773343604266,124.54046162137149,10
Metro Interstate,WGAN-GP,Compute,evaluation_time_seconds,46.8863090609666,49.19176997593604,57.44980676984414,27.58822378492914,19.34290578891523,19.62632886297069,34.94641696900362,32.32274771000084,87.17018791800365,38.48714231300255,41.30118391535725,20.3500568514017,10
Metro Interstate,WGAN-GP,Compute,generation_time_seconds,0.0,0.0,0.0,0.0,0.0,0.0,0.0,0.0,0.0,0.0,0.0,0.0,10
Metro Interstate,WGAN-GP,Compute,total_time_seconds,247.2295063270722,246.3786671629641,245.0274558579549,209.2690236091148,234.7482586388942,258.24374811491,216.6849343209979,251.3608143059973,740.0251902809978,240.3678828240008,288.9335481442904,159.22594073070087,10
Metro Interstate,WGAN-GP,Compute,training_time_seconds,200.288155032089,197.0079158279113,187.3962444539648,181.6400749809109,215.2349877739325,238.564942387864,181.653118809998,218.9553621419982,652.4345185509956,201.792463273996,247.49677832336602,143.39572964695432,10
Metro Interstate,WGAN-GP,Fidelity,KS_Complement,0.70145,0.70375,0.72175,0.7212,0.7197,0.7177,0.69135,0.7151,0.7167,0.7325999999999999,0.71413,0.011962724513160756,10
Metro Interstate,WGAN-GP,Fidelity,MMD,0.3831795839152295,0.3832163612998325,0.3831707641337503,0.3831836045119097,0.3831894089112934,0.3831985155055162,0.3831724716353858,0.3832240542077484,0.3831962704070824,0.3831707641337505,0.3831901798661499,1.8747274342921958e-05,10
Metro Interstate,WGAN-GP,Fidelity,Quality_Score,0.510484375,0.4640624999999999,0.476515625,0.5238437499999999,0.465578125,0.462109375,0.4588437499999999,0.48271875,0.5131874999999999,0.472984375,0.4830328125,0.02394300964887261,10
Metro Interstate,WGAN-GP,Fidelity,Wasserstein_Distance,58.59299644890662,32.7073478010924,44.71022889446085,31.92557788082905,34.02106937026111,49.24521932864418,63.45175712962745,57.18543937836631,48.9317816347609,50.69106619612987,47.14624840630788,11.235844079349421,10
Metro Interstate,WGAN-GP,Privacy,MIA_AUC,0.5928395061728395,0.5453086419753086,0.5185185185185185,0.5623456790123457,0.4366666666666667,0.5075308641975309,0.5854320987654321,0.5675308641975308,0.5045679012345679,0.5995061728395064,0.5420246913580247,0.05065180662192211,10
Metro Interstate,WGAN-GP,Privacy,Mahalanobis_Distance,2.199185400443389,2.110214937460569,2.158435576349405,2.191587959768905,2.161695816201688,2.124379451008902,2.129670990349704,2.154955839892962,2.183500091346345,2.167766260723465,2.158139232354533,0.02945661763200219,10
Metro Interstate,WGAN-GP,Privacy,Mean_Distance,2.199185400443389,2.110214937460569,2.158435576349405,2.191587959768905,2.161695816201688,2.124379451008902,2.129670990349704,2.154955839892962,2.183500091346345,2.167766260723465,2.158139232354533,0.02945661763200219,10
Metro Interstate,WGAN-GP,Privacy,Median_Distance,2.136163230666845,2.071719986260744,2.101881730259716,2.102681322930748,2.120236517795711,2.067508807723846,2.093206334554091,2.081360809366586,2.144422470440419,2.111132981821307,2.103031419182001,0.025782079301889894,10
Metro Interstate,WGAN-GP,Privacy,NNDR,0.8813243669086614,0.8662732592374631,0.8767085254453052,0.867475398160959,0.8560479736315635,0.8557064458332659,0.8753479244643567,0.8690006733162673,0.8624191341576805,0.8622491906917508,0.8672552891847275,0.008591220895947431,10
Metro Interstate,WGAN-GP,Utility,MAE_Increase,14.99596094491449,183.0422240125695,0.9541481652074708,6.758263121851996,99.28834737958528,45.25493736447083,88.66626429704047,-18.0206766343058,16.30970138332964,130.4908385397043,56.77400085743682,65.76857506579233,10
Metro Interstate,WGAN-GP,Utility,MAE_TRTR,1739.021880184634,1739.021880184634,1739.021880184634,1739.021880184634,1739.021880184634,1739.021880184634,1739.021880184634,1739.021880184634,1739.021880184634,1739.021880184634,1739.0218801846343,0.0,10
Metro Interstate,WGAN-GP,Utility,MAE_TSTR,1754.017841129549,1922.064104197204,1739.976028349842,1745.780143306486,1838.31022756422,1784.276817549105,1827.688144481675,1721.001203550328,1755.331581567964,1869.512718724339,1795.795881042071,65.76857506579252,10
Metro Interstate,WGAN-GP,Utility,R2_Gap,0.0974257628124715,2.386766163052553,-9.239581134598553e-05,0.0881104089198981,3.729509617047608,0.1589606382745289,1.440029102472819,-0.0007427515276229,0.0810846714196023,1.82371336554984,0.9804764582210351,1.309845923816006,10
Metro Interstate,WGAN-GP,Utility,R2_TRTR,-0.0676403707254291,-0.0676403707254291,-0.0676403707254291,-0.0676403707254291,-0.0676403707254291,-0.0676403707254291,-0.0676403707254291,-0.0676403707254291,-0.0676403707254291,-0.0676403707254291,-0.06764037072542908,0.0,10
Metro Interstate,WGAN-GP,Utility,R2_TSTR,-0.1650661335379008,-2.454406533777982,-0.0675479749140831,-0.1557507796453274,-3.797149987773037,-0.226601008999958,-1.507669473198249,-0.0668976191978062,-0.1487250421450315,-1.891353736275269,-1.0481168289464642,1.309845923816006,10
Metro Interstate,WGAN-GP,Utility,RMSE_Increase,92.5531551914778,1380.532831569676,1.030547698624105,83.39085788706143,1879.541201952718,143.4386370929396,936.184558626816,0.3288163608326613,75.97298776615435,1147.706837219167,574.0680431365467,697.4991189742997,10
Metro Interstate,WGAN-GP,Utility,RMSE_TRTR,2054.865815593252,2054.865815593252,2054.865815593252,2054.865815593252,2054.865815593252,2054.865815593252,2054.865815593252,2054.865815593252,2054.865815593252,2054.865815593252,2054.8658155932526,0.0,10
Metro Interstate,WGAN-GP,Utility,RMSE_TSTR,2147.418970784729,3435.398647162927,2055.896363291876,2138.256673480313,3934.40701754597,2198.304452686191,2991.050374220068,2055.194631954084,2130.838803359406,3202.572652812419,2628.933858729798,697.4991189742997,10
Online Shopping,CTABGAN,Compute,evaluation_time_seconds,15.71731659700163,21.44017137819901,17.02818254800513,21.81233350117691,17.82230580714531,42.87013700208627,56.08456984599616,49.15232234099676,44.35275286999968,29.12389119499858,31.540398308560544,15.1171916536376,10
Online Shopping,CTABGAN,Compute,generation_time_seconds,0.0,0.0,0.0,0.0,0.0,0.0,0.0,0.0,0.0,0.0,0.0,0.0,10
Online Shopping,CTABGAN,Compute,total_time_seconds,1003.63627909706,1085.2090393689,1075.138956533978,1198.376514985925,1194.959238969954,1189.855821665144,7346.355471793002,6540.371632458999,6535.940200045996,6477.951777360999,3364.7794932279953,2902.700694622497,10
Online Shopping,CTABGAN,Compute,training_time_seconds,987.889921021182,1063.733230918879,1058.066188768018,1176.512147549074,1177.090810117079,1146.860265597934,7289.978247412,6491.020264036,6491.401442718998,6448.714304818001,3333.1266822957164,2890.9047412931054,10
Online Shopping,CTABGAN,Fidelity,KS_Complement,0.941427395021373,0.9515690218757856,0.9494773908306092,0.9498745285391,0.953231036794904,0.9579228689967312,0.9513371259743524,0.9412034825245158,0.9595002723996312,0.9482942335093454,0.9503837356466349,0.00596574118704954,10
Online Shopping,CTABGAN,Fidelity,MMD,0.0145866398545319,0.0113428194761525,0.013873762033594,0.0115407112970129,0.0114098187672757,0.0099916896759318,0.0084983304937529,0.009448568381495,0.0079245230565339,0.0241876848982811,0.01228045479345617,0.004694680982110398,10
Online Shopping,CTABGAN,Fidelity,Quality_Score,0.1065159916045036,0.1044476769200681,0.0987407090771938,0.100545473626128,0.1050796999413293,0.1016109455759506,0.1027180841924398,0.1040182825552482,0.1023521938647221,0.0946067949738775,0.10206358523314611,0.0034655774167019785,10
Online Shopping,CTABGAN,Fidelity,Wasserstein_Distance,0.63413862478327,0.6034070080130498,0.695583177165858,0.5549219788318682,0.5007147613379898,0.343611368354438,0.4833781866912458,0.6479536904292617,0.4547338895520276,1.102744724541667,0.6021187409700677,0.2048434980499038,10
Online Shopping,CTABGAN,Privacy,MIA_AUC,1.0,1.0,1.0,1.0,1.0,1.0,1.0,1.0,1.0,1.0,1.0,0.0,10
Online Shopping,CTABGAN,Privacy,Mahalanobis_Distance,2008000.000023907,2008000.000023467,2008000.000026116,2008000.000024432,2008000.000026374,2008000.000024501,2008000.000024888,2008000.000023405,2008000.00002337,2008000.000030432,2008000.0000250891,2.1573780995984137e-06,10
Online Shopping,CTABGAN,Privacy,Mean_Distance,2008000.000023907,2008000.000023467,2008000.000026116,2008000.000024432,2008000.000026374,2008000.000024501,2008000.000024888,2008000.000023405,2008000.00002337,2008000.000030432,2008000.0000250891,2.1573780995984137e-06,10
Online Shopping,CTABGAN,Privacy,Median_Distance,2008000.000020614,2008000.000020767,2008000.000022016,2008000.000020979,2008000.000022466,2008000.000021272,2008000.000020962,2008000.00001961,2008000.000020777,2008000.000024672,2008000.0000214137,1.3830647107299123e-06,10
Online Shopping,CTABGAN,Privacy,NNDR,0.9999997229392532,0.999999690115816,0.9999996752953908,0.9999997272987784,0.99999965819993,0.9999997679101164,0.9999997037559754,0.9999997205667523,0.9999997083988826,0.999999684095901,0.9999997058576795,3.1191048126338524e-08,10
Online Shopping,CTABGAN,Utility,MAE_Increase,14.36809903493206,13.75591675357348,13.87414742486451,14.59304728263389,14.13020554368945,14.18039137356341,15.1849606738346,14.66734233456993,14.76224328516663,7.661481147638118,13.717783485446606,2.1710971127975576,10
Online Shopping,CTABGAN,Utility,MAE_TRTR,3.18271244416741,3.18271244416741,3.18271244416741,3.18271244416741,3.18271244416741,3.18271244416741,3.18271244416741,3.18271244416741,3.18271244416741,3.18271244416741,3.18271244416741,0.0,10
Online Shopping,CTABGAN,Utility,MAE_TSTR,17.55081147909947,16.93862919774089,17.05685986903192,17.7757597268013,17.31291798785686,17.36310381773082,18.36767311800201,17.85005477873734,17.94495572933404,10.84419359180553,16.900495929614017,2.171097112797557,10
Online Shopping,CTABGAN,Utility,R2_Gap,2.222883197643359,2.055892109027992,2.094631864181573,2.282086064601021,2.1746020417176,2.201841128718471,2.474933806390442,2.317861364688373,2.254654758752152,0.8798979694304125,2.0959284305151398,0.4430459261700024,10
Online Shopping,CTABGAN,Utility,R2_TRTR,0.8374507580454648,0.8374507580454648,0.8374507580454648,0.8374507580454648,0.8374507580454648,0.8374507580454648,0.8374507580454648,0.8374507580454648,0.8374507580454648,0.8374507580454648,0.8374507580454648,0.0,10
Online Shopping,CTABGAN,Utility,R2_TSTR,-1.385432439597894,-1.218441350982527,-1.257181106136108,-1.444635306555556,-1.337151283672135,-1.364390370673006,-1.637483048344977,-1.480410606642908,-1.417204000706688,-0.0424472113849478,-1.2584776724696747,0.44304592617000227,10
Online Shopping,CTABGAN,Utility,RMSE_Increase,14.70539361153278,14.03131362169157,14.13837357500675,14.93612273518417,14.46386934581483,14.55377216018918,15.47090184510899,15.08436459728618,14.92944822118269,8.13828411416915,14.04518438271663,2.120231689187399,10
Online Shopping,CTABGAN,Utility,RMSE_TRTR,5.260367164373164,5.260367164373164,5.260367164373164,5.260367164373164,5.260367164373164,5.260367164373164,5.260367164373164,5.260367164373164,5.260367164373164,5.260367164373164,5.260367164373164,0.0,10
Online Shopping,CTABGAN,Utility,RMSE_TSTR,19.96576077590595,19.29168078606473,19.39874073937991,20.19648989955734,19.724236510188,19.81413932456234,20.73126900948215,20.34473176165934,20.18981538555585,13.39865127854231,19.30555154708979,2.1202316891873996,10
Online Shopping,CTGAN,Compute,evaluation_time_seconds,19.07870967499912,15.73313304199837,23.24639258999377,27.96660123998299,31.1975468210876,21.58412406104617,28.75822034900193,209.8414580780009,50.6266148049981,28.39904683499481,45.64318474961037,58.47149841637323,10
Online Shopping,CTGAN,Compute,generation_time_seconds,0.0,0.0,0.0,0.0,0.0,0.0,0.0,0.0,0.0,0.0,0.0,0.0,10
Online Shopping,CTGAN,Compute,total_time_seconds,163.6611795909703,131.9841138720512,157.5598365750629,202.5321389108431,212.6205290651415,185.0917297969572,1156.104981741999,1255.446488289999,3569.932404387,2305.437156457003,934.0370558687027,1175.5587723814456,10
Online Shopping,CTGAN,Compute,training_time_seconds,144.3835172960535,116.0887183349114,134.2605353810359,174.1667822781019,181.2475661989301,163.4146827198565,1126.562950437001,1045.505228342998,3519.061624895003,2276.913980519006,888.1605586402897,1163.5340642400115,10
Online Shopping,CTGAN,Fidelity,KS_Complement,0.9094719218841671,0.9255893680328554,0.9352252116335596,0.9136756349006788,0.9179032562232838,0.9178346115162184,0.9090478794736402,0.9277750607660716,0.939150532226972,0.933860929511357,0.9229534406168804,0.010929125305183383,10
Online Shopping,CTGAN,Fidelity,MMD,0.0298671915335087,0.0175206823086296,0.0158447876332937,0.0217138687018389,0.0131763306827168,0.0217083373151318,0.0184942223429828,0.0223433634091983,0.0115989504775776,0.0159364567643566,0.01882041911692348,0.005313788401424758,10
Online Shopping,CTGAN,Fidelity,Quality_Score,0.7032202285393762,0.7043266308747826,0.717301291492013,0.7040500791639841,0.7166426333284519,0.7194086167164493,0.7041152188269362,0.7273758147811453,0.7195529859881129,0.7219981113932585,0.7137991611104509,0.008987256628599616,10
Online Shopping,CTGAN,Fidelity,Wasserstein_Distance,0.767137310367949,0.5571107409269969,0.3920935797502305,0.8303199647975862,0.6545049451009973,0.5364990361243818,0.8724138379012656,0.4322321473472467,0.5195337985080883,0.4089243357639762,0.5970769696588718,0.1758485856657273,10
Online Shopping,CTGAN,Privacy,MIA_AUC,0.6644444444444444,0.581604938271605,0.5944444444444444,0.5892592592592594,0.6034567901234569,0.6661728395061729,0.5704938271604938,0.5667901234567903,0.5845679012345679,0.617037037037037,0.6038271604938272,0.03556517550092586,10
Online Shopping,CTGAN,Privacy,Mahalanobis_Distance,5.897527692780971,6.063810705923974,6.076472642252257,6.311576155130275,5.888798266726657,5.7511224610193,6.135603550390432,5.761022566167383,5.972471934987771,5.751468636965254,5.960987461234428,0.18696713555946015,10
Online Shopping,CTGAN,Privacy,Mean_Distance,5.897527692780971,6.063810705923974,6.076472642252257,6.311576155130275,5.888798266726657,5.7511224610193,6.135603550390432,5.761022566167383,5.972471934987771,5.751468636965254,5.960987461234428,0.18696713555946015,10
Online Shopping,CTGAN,Privacy,Median_Distance,5.108462559588734,5.573890287105115,5.337156671258983,5.498669612583738,5.086953797824167,5.15215123059914,5.36145307241272,5.035054868714845,5.102680128639604,4.989864804434659,5.2246337033161705,0.20333094086360065,10
Online Shopping,CTGAN,Privacy,NNDR,0.8913593205611271,0.8936120729249847,0.8973765938715311,0.8974427592761904,0.8896506609855157,0.9012787157536176,0.8879937936881883,0.8923114682753926,0.900249799953584,0.8954910903949538,0.8946766275685085,0.004446032698591279,10
Online Shopping,CTGAN,Utility,MAE_Increase,4.745413557076218,4.700629017612509,4.97272984962303,4.498341230514528,4.696577195638655,4.398477571977712,5.076976702808532,4.275691155465256,5.361712868901139,4.051110855614826,4.67776600052324,0.39216848313210084,10
Online Shopping,CTGAN,Utility,MAE_TRTR,3.18271244416741,3.18271244416741,3.18271244416741,3.18271244416741,3.18271244416741,3.18271244416741,3.18271244416741,3.18271244416741,3.18271244416741,3.18271244416741,3.18271244416741,0.0,10
Online Shopping,CTGAN,Utility,MAE_TSTR,7.928126001243628,7.883341461779919,8.15544229379044,7.681053674681938,7.879289639806065,7.581190016145122,8.259689146975942,7.458403599632666,8.54442531306855,7.233823299782236,7.860478444690649,0.39216848313210084,10
Online Shopping,CTGAN,Utility,R2_Gap,0.5078829144125249,0.4227084030381285,0.4610663561367187,0.4445840718219575,0.4662558316851534,0.3864281621110143,0.5053013353383553,0.4070012542355859,0.5293731566893146,0.3378645847080399,0.44684660701767925,0.05984686988768933,10
Online Shopping,CTGAN,Utility,R2_TRTR,0.8374507580454648,0.8374507580454648,0.8374507580454648,0.8374507580454648,0.8374507580454648,0.8374507580454648,0.8374507580454648,0.8374507580454648,0.8374507580454648,0.8374507580454648,0.8374507580454648,0.0,10
Online Shopping,CTGAN,Utility,R2_TSTR,0.3295678436329399,0.4147423550073362,0.3763844019087461,0.3928666862235073,0.3711949263603114,0.4510225959344504,0.3321494227071095,0.4304495038098789,0.3080776013561501,0.4995861733374248,0.39060415102778545,0.059846869887689294,10
Online Shopping,CTGAN,Utility,RMSE_Increase,5.475865687135271,4.765411810756082,5.093503792145888,4.964145365264375,5.139510935068864,4.457348410155428,5.46206370027116,4.627689757637014,5.642453838489897,4.025091318801095,4.965308461572508,0.5064823081507247,10
Online Shopping,CTGAN,Utility,RMSE_TRTR,5.260367164373164,5.260367164373164,5.260367164373164,5.260367164373164,5.260367164373164,5.260367164373164,5.260367164373164,5.260367164373164,5.260367164373164,5.260367164373164,5.260367164373164,0.0,10
Online Shopping,CTGAN,Utility,RMSE_TSTR,10.73623285150843,10.02577897512925,10.35387095651905,10.22451252963754,10.39987809944203,9.717715574528592,10.72243086464432,9.888056922010175,10.90282100286306,9.285458483174258,10.225675625945671,0.5064823081507238,10
Online Shopping,CopulaGAN,Compute,evaluation_time_seconds,17.43815944786184,17.87862237705849,32.43974266480654,20.48770073801279,12.04411167395301,42.26616856991313,46.89072585100075,22.87546861400187,703.9861616870039,22.62892580100015,93.89357874246124,214.6568002480286,10
Online Shopping,CopulaGAN,Compute,generation_time_seconds,0.0,0.0,0.0,0.0,0.0,0.0,0.0,0.0,0.0,0.0,0.0,0.0,10
Online Shopping,CopulaGAN,Compute,total_time_seconds,149.7701624520123,147.7321091631893,160.8329583511222,190.8382985468488,171.6342676409986,177.7245305690449,3526.263780098001,845.4815610529986,2962.181424037997,1395.672188650002,972.8131280562214,1272.6057191504892,10
Online Shopping,CopulaGAN,Compute,training_time_seconds,132.1963015680667,129.7917602569796,128.3488558360841,170.3121093690861,159.5467204248998,135.4071132231038,3479.194135881,822.5204996050015,2257.944629329999,1372.922440217,878.818456571122,1162.60887835033,10
Online Shopping,CopulaGAN,Fidelity,KS_Complement,0.9048490277428548,0.9304995809236444,0.9151096722822896,0.9280866440365432,0.902914487469617,0.935710711591652,0.9261390704886432,0.9178055695247674,0.9301232084485794,0.9181285726259324,0.9209366545134523,0.011093319103158448,10
Online Shopping,CopulaGAN,Fidelity,MMD,0.0251793371108267,0.011119551881688,0.0179102414019578,0.0134047271567955,0.0211392251700688,0.0120889005399005,0.0184139132098494,0.0136801067557142,0.0122607510105617,0.0238720770581165,0.01690688312954791,0.00515437131705318,10
Online Shopping,CopulaGAN,Fidelity,Quality_Score,0.6917279314851607,0.7194135634292788,0.7053719622720753,0.7264574434868627,0.7051545977281455,0.7326303290624387,0.7119802359445935,0.709600174906813,0.7071043472494315,0.722424518591793,0.7131865104156592,0.012090656335152187,10
Online Shopping,CopulaGAN,Fidelity,Wasserstein_Distance,0.6766752367781409,0.4933748847540023,0.8470817827508172,0.5507428337943172,0.7599256977621321,0.5531283421339368,0.6869376414382701,0.5122255259408263,0.5478000586706898,0.5174055820970579,0.6145297586120191,0.12073612583161508,10
Online Shopping,CopulaGAN,Privacy,MIA_AUC,0.6904938271604939,0.6340740740740741,0.6554320987654322,0.6167901234567901,0.6981481481481482,0.6667901234567901,0.6785185185185185,0.5796296296296296,0.5761728395061728,0.6317283950617284,0.6427777777777777,0.04301670518839698,10
Online Shopping,CopulaGAN,Privacy,Mahalanobis_Distance,6.233875587461988,6.102946042583643,6.095263768141873,6.138942944928307,6.034628476762351,5.961814763365232,6.016800837741217,6.047166896895913,6.228819390589433,5.938441943945099,6.079870065241506,0.10066206839925518,10
Online Shopping,CopulaGAN,Privacy,Mean_Distance,6.233875587461988,6.102946042583643,6.095263768141873,6.138942944928307,6.034628476762351,5.961814763365232,6.016800837741217,6.047166896895913,6.228819390589433,5.938441943945099,6.079870065241506,0.10066206839925518,10
Online Shopping,CopulaGAN,Privacy,Median_Distance,5.614510979457878,5.239067259960239,5.319128393414009,5.470407887685151,5.320068865349317,5.164398156115549,5.255407689770632,5.297518792926004,5.539515359928735,5.266568472109533,5.348659185671704,0.14438684911113658,10
Online Shopping,CopulaGAN,Privacy,NNDR,0.9082601258647756,0.9058303535549852,0.8969860591412487,0.8930428290892233,0.8977739112269578,0.9025747999400432,0.8934498130788746,0.8964172463214654,0.8988773428045592,0.9047162879904588,0.8997928769012591,0.005271618335181733,10
Online Shopping,CopulaGAN,Utility,MAE_Increase,4.212088379744695,4.694683758154677,4.445820861048389,4.989123224204357,5.035620813659654,4.262517931001454,4.563129482502982,4.587435140171668,4.16144903246775,4.350316085664069,4.5302184708619695,0.3065543038273521,10
Online Shopping,CopulaGAN,Utility,MAE_TRTR,3.18271244416741,3.18271244416741,3.18271244416741,3.18271244416741,3.18271244416741,3.18271244416741,3.18271244416741,3.18271244416741,3.18271244416741,3.18271244416741,3.18271244416741,0.0,10
Online Shopping,CopulaGAN,Utility,MAE_TSTR,7.394800823912105,7.877396202322087,7.628533305215799,8.171835668371767,8.218333257827064,7.445230375168864,7.745841926670392,7.770147584339078,7.34416147663516,7.533028529831479,7.71293091502938,0.306554303827352,10
Online Shopping,CopulaGAN,Utility,R2_Gap,0.3610917438885793,0.4688009515223741,0.4318351900231786,0.5234336479062294,0.5198252013329332,0.4102842602622747,0.4255297778432174,0.4248146765464949,0.3831193222861247,0.4286729181866658,0.4377407689798072,0.05280108140860735,10
Online Shopping,CopulaGAN,Utility,R2_TRTR,0.8374507580454648,0.8374507580454648,0.8374507580454648,0.8374507580454648,0.8374507580454648,0.8374507580454648,0.8374507580454648,0.8374507580454648,0.8374507580454648,0.8374507580454648,0.8374507580454648,0.0,10
Online Shopping,CopulaGAN,Utility,R2_TSTR,0.4763590141568854,0.3686498065230907,0.4056155680222862,0.3140171101392354,0.3176255567125316,0.42716649778319,0.4119209802022473,0.4126360814989699,0.4543314357593401,0.408777839858799,0.3997099890656576,0.05280108140860733,10
Online Shopping,CopulaGAN,Utility,RMSE_Increase,4.218826114808615,5.15887981733722,4.851114897276587,5.554293257438066,5.544257044431657,4.668049819980088,4.775287855574127,4.762544449480022,4.419990975681645,4.82728458191793,4.878052881392595,0.4340635705666778,10
Online Shopping,CopulaGAN,Utility,RMSE_TRTR,5.260367164373164,5.260367164373164,5.260367164373164,5.260367164373164,5.260367164373164,5.260367164373164,5.260367164373164,5.260367164373164,5.260367164373164,5.260367164373164,5.260367164373164,0.0,10
Online Shopping,CopulaGAN,Utility,RMSE_TSTR,9.47919327918178,10.41924698171038,10.11148206164975,10.81466042181123,10.80462420880482,9.928416984353252,10.03565501994729,10.02291161385319,9.680358140054809,10.08765174629109,10.13842004576576,0.4340635705666771,10
Online Shopping,ForestDiffusion,Compute,evaluation_time_seconds,35.32868725107983,29.50630758004263,27.6155418320559,26.4152623959817,20.39176527387463,18.65471473312937,27.73863539101148,39.20498454099288,42.46653882598912,53.43469821299368,32.07571360371512,10.64355625662193,10
Online Shopping,ForestDiffusion,Compute,generation_time_seconds,0.0,0.0,0.0,0.0,0.0,0.0,0.0,0.0,0.0,0.0,0.0,0.0,10
Online Shopping,ForestDiffusion,Compute,total_time_seconds,407.6724661500193,433.6861702289898,431.9810721818358,492.6297058740165,503.3732555669267,498.7297479030676,7885.783502599006,8817.361139105007,8322.720710157002,820.09885135699,2861.403662112286,3790.0609798764776,10
Online Shopping,ForestDiffusion,Compute,training_time_seconds,372.0966800351162,404.1220414198469,404.3082011090592,466.1500173488166,482.9231720240787,480.0115084759891,7857.918251032999,8777.984100105008,8280.112175198003,766.5044890329882,2829.2130635781905,3786.6631842432475,10
Online Shopping,ForestDiffusion,Fidelity,KS_Complement,0.7460805674293857,0.751554521833878,0.7484131045176431,0.7567905037297796,0.751436090855754,0.7530554438018608,0.7474783756600454,0.7537845109378929,0.7502170815522589,0.7454761336015423,0.750428633392004,0.0036080481003642885,10
Online Shopping,ForestDiffusion,Fidelity,MMD,0.0202465504194794,0.0205265339399882,0.0201859821273455,0.0169539443329611,0.0242122477157269,0.0164608432943078,0.022928446117476,0.0254283281223006,0.0199582641661504,0.0228593236746269,0.020976046391036278,0.0029176299672406983,10
Online Shopping,ForestDiffusion,Fidelity,Quality_Score,0.3293898063134907,0.3326508627506416,0.3353125865028804,0.3304329130342781,0.3359021906719073,0.3349458657251627,0.3328588408859085,0.3380140025310271,0.3369483352532459,0.3289924800998543,0.3335447883768397,0.0031823167967812284,10
Online Shopping,ForestDiffusion,Fidelity,Wasserstein_Distance,0.8096120050060627,0.7655956304128129,0.7758876755736689,0.7176854814498347,0.7627679492318714,0.78734343651265,0.8024533830749131,0.8172832741399566,0.7368229795550375,0.7852358292293994,0.7760687644186206,0.03156396782525819,10
Online Shopping,ForestDiffusion,Privacy,MIA_AUC,0.9438271604938272,0.9220987654320988,0.9346913580246914,0.9598765432098766,0.924074074074074,0.9311111111111112,0.9428395061728396,0.911358024691358,0.9520987654320988,0.958148148148148,0.9380123456790124,0.01617838311674922,10
Online Shopping,ForestDiffusion,Privacy,Mahalanobis_Distance,5.799643717008468,5.58293369112961,6.093400550310169,5.741709719035232,5.809504554337646,5.805481062168871,5.692231360524847,5.638657209488531,6.030131066871393,5.826657639530371,5.802035057040515,0.15916274919247905,10
Online Shopping,ForestDiffusion,Privacy,Mean_Distance,5.799643717008468,5.58293369112961,6.093400550310169,5.741709719035232,5.809504554337646,5.805481062168871,5.692231360524847,5.638657209488531,6.030131066871393,5.826657639530371,5.802035057040515,0.15916274919247905,10
Online Shopping,ForestDiffusion,Privacy,Median_Distance,4.988843211773963,4.808777280930824,5.281588444214369,4.970718934204376,4.958626767189234,4.822063094424548,4.911754946343982,4.770221315060716,5.148515132783782,5.120211409666702,4.97813205365925,0.16415582439841458,10
Online Shopping,ForestDiffusion,Privacy,NNDR,0.9101536756454772,0.898412644377699,0.9024917103205576,0.9062393023687652,0.8979598821640682,0.9031485435433552,0.9004751857097361,0.8987960550787109,0.9010143732914784,0.9046101737027232,0.9023301546202571,0.00386568209616473,10
Online Shopping,ForestDiffusion,Utility,MAE_Increase,0.8413946450427892,1.107057554858882,0.9183550996380604,0.9925970904633116,0.8276987563913956,1.326134224456042,0.8613297271418814,0.8982802178788463,0.944559755838231,0.8818871245952957,0.9599294196304733,0.1527281677271737,10
Online Shopping,ForestDiffusion,Utility,MAE_TRTR,3.18271244416741,3.18271244416741,3.18271244416741,3.18271244416741,3.18271244416741,3.18271244416741,3.18271244416741,3.18271244416741,3.18271244416741,3.18271244416741,3.18271244416741,0.0,10
Online Shopping,ForestDiffusion,Utility,MAE_TSTR,4.024107089210199,4.289769999026292,4.10106754380547,4.175309534630721,4.010411200558806,4.508846668623452,4.044042171309291,4.080992662046256,4.127272200005641,4.064599568762706,4.142641863797884,0.15272816772717362,10
Online Shopping,ForestDiffusion,Utility,R2_Gap,0.0197003922987074,0.0402359207042013,0.0220770975389653,0.0296053057670854,0.0198610823302181,0.0643197885669389,0.0181870825580638,0.0250543335368459,0.0189172598973794,0.0209925228481785,0.027895078604658403,0.014445642035936401,10
Online Shopping,ForestDiffusion,Utility,R2_TRTR,0.8374507580454648,0.8374507580454648,0.8374507580454648,0.8374507580454648,0.8374507580454648,0.8374507580454648,0.8374507580454648,0.8374507580454648,0.8374507580454648,0.8374507580454648,0.8374507580454648,0.0,10
Online Shopping,ForestDiffusion,Utility,R2_TSTR,0.8177503657467573,0.7972148373412634,0.8153736605064994,0.8078454522783793,0.8175896757152467,0.7731309694785258,0.8192636754874009,0.8123964245086188,0.8185334981480853,0.8164582351972862,0.8095556794408063,0.014445642035936406,10
Online Shopping,ForestDiffusion,Utility,RMSE_Increase,0.3139833937388996,0.6402540433458084,0.3457368094231095,0.4677804772484029,0.3176899311236498,0.9915691822914594,0.2922052629086078,0.401550759083058,0.2929729770816385,0.3275969964171273,0.43913398326617614,0.22170876693382616,10
Online Shopping,ForestDiffusion,Utility,RMSE_TRTR,5.260367164373164,5.260367164373164,5.260367164373164,5.260367164373164,5.260367164373164,5.260367164373164,5.260367164373164,5.260367164373164,5.260367164373164,5.260367164373164,5.260367164373164,0.0,10
Online Shopping,ForestDiffusion,Utility,RMSE_TSTR,5.574350558112063,5.900621207718972,5.606103973796273,5.728147641621566,5.578057095496813,6.251936346664623,5.552572427281771,5.661917923456222,5.553340141454802,5.587964160790291,5.6995011476393405,0.22170876693382616,10
Online Shopping,GaussianCopula,Compute,evaluation_time_seconds,17.97739423601888,18.71520543703809,28.2781504841987,18.69995061215013,20.12810112885199,20.93672382994555,35.79968533600913,40.9375723030098,36.59325286600506,33.88003124899114,27.19460674822185,8.914613674071122,10
Online Shopping,GaussianCopula,Compute,generation_time_seconds,0.0,0.0,0.0,0.0,0.0,0.0,0.0,0.0,0.0,0.0,0.0,0.0,10
Online Shopping,GaussianCopula,Compute,total_time_seconds,21.23027634387836,22.06230492098257,31.87927267607301,21.47975198505446,22.98921357211657,23.40760770998895,44.30291335700895,50.35475702000258,43.03555418799806,40.16101010300918,32.09026618761127,11.338338338156742,10
Online Shopping,GaussianCopula,Compute,training_time_seconds,2.958427574951202,3.285738527076319,3.511712720151991,2.730999439954758,2.804736136924475,2.41063062986359,8.401907262013992,9.256659703009063,6.269714538007975,6.101978958002292,4.7732505489955654,2.5385602752523644,10
Online Shopping,GaussianCopula,Fidelity,KS_Complement,0.9131975735479004,0.9131975735479004,0.9131975735479004,0.9131975735479004,0.9131975735479004,0.9131975735479004,0.9131975735479004,0.9131975735479004,0.9131975735479004,0.9131975735479004,0.9131975735479004,0.0,10
Online Shopping,GaussianCopula,Fidelity,MMD,0.0153910498986694,0.0153910498986694,0.0153910498986694,0.0153910498986694,0.0153910498986694,0.0153910498986694,0.0153910498986694,0.0153910498986694,0.0153910498986694,0.0153910498986694,0.015391049898669401,0.0,10
Online Shopping,GaussianCopula,Fidelity,Quality_Score,0.6985660618611964,0.6985660618611964,0.6985660618611964,0.6985660618611964,0.6985660618611964,0.6985660618611964,0.6985660618611964,0.6985660618611964,0.6985660618611964,0.6985660618611964,0.6985660618611964,0.0,10
Online Shopping,GaussianCopula,Fidelity,Wasserstein_Distance,1.106754044086833,1.106754044086833,1.106754044086833,1.106754044086833,1.106754044086833,1.106754044086833,1.106754044086833,1.106754044086833,1.106754044086833,1.106754044086833,1.1067540440868329,0.0,10
Online Shopping,GaussianCopula,Privacy,MIA_AUC,0.5802469135802469,0.5802469135802469,0.5802469135802469,0.5802469135802469,0.5802469135802469,0.5802469135802469,0.5802469135802469,0.5802469135802469,0.5802469135802469,0.5802469135802469,0.5802469135802469,0.0,10
Online Shopping,GaussianCopula,Privacy,Mahalanobis_Distance,6.261048531659884,6.261048531659884,6.261048531659884,6.261048531659884,6.261048531659884,6.261048531659884,6.261048531659884,6.261048531659884,6.261048531659884,6.261048531659884,6.261048531659883,0.0,10
Online Shopping,GaussianCopula,Privacy,Mean_Distance,6.261048531659884,6.261048531659884,6.261048531659884,6.261048531659884,6.261048531659884,6.261048531659884,6.261048531659884,6.261048531659884,6.261048531659884,6.261048531659884,6.261048531659883,0.0,10
Online Shopping,GaussianCopula,Privacy,Median_Distance,5.7662751122708,5.7662751122708,5.7662751122708,5.7662751122708,5.7662751122708,5.7662751122708,5.7662751122708,5.7662751122708,5.7662751122708,5.7662751122708,5.766275112270799,0.0,10
Online Shopping,GaussianCopula,Privacy,NNDR,0.9203966264408556,0.9203966264408556,0.9203966264408556,0.9203966264408556,0.9203966264408556,0.9203966264408556,0.9203966264408556,0.9203966264408556,0.9203966264408556,0.9203966264408556,0.9203966264408555,0.0,10
Online Shopping,GaussianCopula,Utility,MAE_Increase,4.04746190020483,4.04746190020483,4.04746190020483,4.04746190020483,4.04746190020483,4.04746190020483,4.04746190020483,4.04746190020483,4.04746190020483,4.04746190020483,4.04746190020483,0.0,10
Online Shopping,GaussianCopula,Utility,MAE_TRTR,3.18271244416741,3.18271244416741,3.18271244416741,3.18271244416741,3.18271244416741,3.18271244416741,3.18271244416741,3.18271244416741,3.18271244416741,3.18271244416741,3.18271244416741,0.0,10
Online Shopping,GaussianCopula,Utility,MAE_TSTR,7.23017434437224,7.23017434437224,7.23017434437224,7.23017434437224,7.23017434437224,7.23017434437224,7.23017434437224,7.23017434437224,7.23017434437224,7.23017434437224,7.23017434437224,0.0,10
Online Shopping,GaussianCopula,Utility,R2_Gap,0.3547480059005064,0.3547480059005064,0.3547480059005064,0.3547480059005064,0.3547480059005064,0.3547480059005064,0.3547480059005064,0.3547480059005064,0.3547480059005064,0.3547480059005064,0.3547480059005065,0.0,10
Online Shopping,GaussianCopula,Utility,R2_TRTR,0.8374507580454648,0.8374507580454648,0.8374507580454648,0.8374507580454648,0.8374507580454648,0.8374507580454648,0.8374507580454648,0.8374507580454648,0.8374507580454648,0.8374507580454648,0.8374507580454648,0.0,10
Online Shopping,GaussianCopula,Utility,R2_TSTR,0.4827027521449584,0.4827027521449584,0.4827027521449584,0.4827027521449584,0.4827027521449584,0.4827027521449584,0.4827027521449584,0.4827027521449584,0.4827027521449584,0.4827027521449584,0.4827027521449584,0.0,10
Online Shopping,GaussianCopula,Utility,RMSE_Increase,4.175204052033199,4.175204052033199,4.175204052033199,4.175204052033199,4.175204052033199,4.175204052033199,4.175204052033199,4.175204052033199,4.175204052033199,4.175204052033199,4.1752040520332,0.0,10
Online Shopping,GaussianCopula,Utility,RMSE_TRTR,5.260367164373164,5.260367164373164,5.260367164373164,5.260367164373164,5.260367164373164,5.260367164373164,5.260367164373164,5.260367164373164,5.260367164373164,5.260367164373164,5.260367164373164,0.0,10
Online Shopping,GaussianCopula,Utility,RMSE_TSTR,9.435571216406364,9.435571216406364,9.435571216406364,9.435571216406364,9.435571216406364,9.435571216406364,9.435571216406364,9.435571216406364,9.435571216406364,9.435571216406364,9.435571216406363,0.0,10
Online Shopping,TVAE,Compute,evaluation_time_seconds,40.32948356610723,33.33985307603143,29.88808318297379,21.74131462699734,13.21091560600325,15.14829619089141,53.32732242000202,16.79168503400433,67.71691449599894,22.99521291099518,31.44890811100049,17.819404558095275,10
Online Shopping,TVAE,Compute,generation_time_seconds,0.0,0.0,0.0,0.0,0.0,0.0,0.0,0.0,0.0,0.0,0.0,0.0,10
Online Shopping,TVAE,Compute,total_time_seconds,110.961737669073,121.6884100411553,119.9356791640166,81.72362483781762,67.5024152030237,57.58147699921392,1386.192968800999,106.2560841820014,893.0854293969969,750.2714467519982,369.51992730462956,469.50759789723566,10
Online Shopping,TVAE,Compute,training_time_seconds,70.57724149990827,88.31286377599463,89.99031230108812,59.9247858079616,54.22965435800143,42.38251747190952,1332.572994021997,89.36046253300447,825.1195782259965,727.2041605539998,337.96745705498614,457.0887276211495,10
Online Shopping,TVAE,Fidelity,KS_Complement,0.8936509303495098,0.9126951638588552,0.9056993336685945,0.9049609420836476,0.9049025018858438,0.8982967060598441,0.907861327633895,0.9058442502723996,0.9185135152124716,0.9134833207610428,0.9065907991786103,0.007238988081479851,10
Online Shopping,TVAE,Fidelity,MMD,0.0417146428977397,0.0233066858913411,0.0314306904880384,0.0220382362182667,0.0337953984671283,0.0262186182865167,0.0290317556606699,0.0289806404199847,0.0207627898178148,0.023107430772902,0.028038688892040232,0.006433562240201501,10
Online Shopping,TVAE,Fidelity,Quality_Score,0.7323673574979207,0.759607616045006,0.7485724619860904,0.7532255765984078,0.7450703164072539,0.7284996829295924,0.757023094330864,0.7304111408455765,0.7508049236406038,0.7674781615166327,0.7473060331797947,0.013202822543504732,10
Online Shopping,TVAE,Fidelity,Wasserstein_Distance,1.040084946777303,1.049386346492331,1.096503184980303,0.9585449668929678,1.068932088676557,1.00160550247255,0.9575863506830944,0.9708235688542454,0.9163722445729612,1.103752346827592,1.0163591547229907,0.06460437072161274,10
Online Shopping,TVAE,Privacy,MIA_AUC,0.7674074074074074,0.8172839506172839,0.7676543209876544,0.8417283950617284,0.7893827160493828,0.8070370370370371,0.799135802469136,0.758641975308642,0.7919753086419754,0.7809876543209876,0.7921234567901234,0.02544593228522018,10
Online Shopping,TVAE,Privacy,Mahalanobis_Distance,4.105754634159957,4.111278274045242,4.094311871030037,4.114951459130298,4.090548662289248,4.180013361855534,3.842985769507373,4.118428659480989,4.004019452225177,4.050328389991666,4.0712620533715524,0.09233059615363394,10
Online Shopping,TVAE,Privacy,Mean_Distance,4.105754634159957,4.111278274045242,4.094311871030037,4.114951459130298,4.090548662289248,4.180013361855534,3.842985769507373,4.118428659480989,4.004019452225177,4.050328389991666,4.0712620533715524,0.09233059615363394,10
Online Shopping,TVAE,Privacy,Median_Distance,3.527252311072654,3.547340429845456,3.537486370677501,3.54320698308563,3.703619743057062,3.712794397495891,3.425376803678339,3.668045445706861,3.535514278928845,3.534052557523032,3.573468932107127,0.09143924855280007,10
Online Shopping,TVAE,Privacy,NNDR,0.8534758904472979,0.8512948219414354,0.8558262183191364,0.8449092101794218,0.8362104486322153,0.8471974512750955,0.8442790624256878,0.8544615633965454,0.8493273337754048,0.8455474318614684,0.8482529432253709,0.005906830220197944,10
Online Shopping,TVAE,Utility,MAE_Increase,2.629430723424199,1.793294744350969,1.276901065748993,1.576122062909087,2.041203173454278,1.724442800427368,1.500065902973206,1.874757605449587,1.931866680245312,1.568361811681704,1.7916446570664704,0.37141442691095994,10
Online Shopping,TVAE,Utility,MAE_TRTR,3.18271244416741,3.18271244416741,3.18271244416741,3.18271244416741,3.18271244416741,3.18271244416741,3.18271244416741,3.18271244416741,3.18271244416741,3.18271244416741,3.18271244416741,0.0,10
Online Shopping,TVAE,Utility,MAE_TSTR,5.812143167591609,4.976007188518379,4.459613509916403,4.758834507076497,5.223915617621688,4.907155244594778,4.682778347140616,5.057470049616997,5.114579124412722,4.751074255849113,4.974357101233879,0.37141442691096005,10
Online Shopping,TVAE,Utility,R2_Gap,0.1943465042370923,0.0935859503006654,0.0553865864746578,0.0936365815798874,0.1377748831152035,0.099346755511288,0.0886047242620543,0.1191333141765377,0.1181544631274427,0.0749925090369353,0.10749622718217644,0.03842681661284428,10
Online Shopping,TVAE,Utility,R2_TRTR,0.8374507580454648,0.8374507580454648,0.8374507580454648,0.8374507580454648,0.8374507580454648,0.8374507580454648,0.8374507580454648,0.8374507580454648,0.8374507580454648,0.8374507580454648,0.8374507580454648,0.0,10
Online Shopping,TVAE,Utility,R2_TSTR,0.6431042538083724,0.7438648077447994,0.7820641715708069,0.7438141764655773,0.6996758749302613,0.7381040025341767,0.7488460337834104,0.718317443868927,0.719296294918022,0.7624582490085294,0.7299545308632883,0.038426816612844264,10
Online Shopping,TVAE,Utility,RMSE_Increase,2.516106816872344,1.382118375032594,0.8582108112185614,1.383636929126213,1.881625665286777,1.457680037735788,1.316693832857897,1.702266540734743,1.684054443349546,1.125730546800233,1.5308123999014696,0.4543865855025932,10
Online Shopping,TVAE,Utility,RMSE_TRTR,5.260367164373164,5.260367164373164,5.260367164373164,5.260367164373164,5.260367164373164,5.260367164373164,5.260367164373164,5.260367164373164,5.260367164373164,5.260367164373164,5.260367164373164,0.0,10
Online Shopping,TVAE,Utility,RMSE_TSTR,7.776473981245507,6.642485539405757,6.118577975591725,6.644004093499376,7.141992829659941,6.718047202108951,6.577060997231061,6.962633705107907,6.94442160772271,6.386097711173397,6.791179564274633,0.45438658550259314,10
Online Shopping,TabDDPM,Compute,evaluation_time_seconds,13.0363508190494,20.19832428917289,19.84716661204584,23.94116480904631,12.83299578586593,13.59441162901931,26.00666183900466,25.36251549000008,25.21310549999907,42.57427202899999,22.260696880220348,8.863086206277162,10
Online Shopping,TabDDPM,Compute,generation_time_seconds,0.0,0.0,0.0,0.0,0.0,0.0,0.0,0.0,0.0,0.0,0.0,0.0,10
Online Shopping,TabDDPM,Compute,total_time_seconds,22.25996489613317,39.98656168510206,40.75176918809302,38.71280192700215,34.34081006003544,23.81761250598356,94.16580498399708,85.83148702399922,87.65598263999709,115.5638025380031,58.308659744834586,33.78723872988028,10
Online Shopping,TabDDPM,Compute,training_time_seconds,9.173129606992006,19.72414381615818,20.84381222492084,14.73111857101321,21.29298705211841,10.17155350395478,68.0142112149988,60.32888153699605,62.33475113200257,72.87793794599565,35.94925266051505,26.289720341969417,10
Online Shopping,TabDDPM,Fidelity,KS_Complement,0.6407951135696923,0.6425022420585031,0.6328221020870003,0.6429899631212806,0.6420942502723996,0.65714893973682,0.6487450339451849,0.6515684770765234,0.6460419914508423,0.6463437683345906,0.6451051881652837,0.006601787746450065,10
Online Shopping,TabDDPM,Fidelity,MMD,0.2094108101994754,0.2131975168452155,0.2049833990274054,0.2110419093139818,0.2130274660048278,0.209981100934027,0.2188215392393826,0.2075733400101348,0.2192538611094571,0.2073445806883744,0.2114635523372282,0.004725375969666995,10
Online Shopping,TabDDPM,Fidelity,Quality_Score,0.3965351305722188,0.3931060666137986,0.3940807189416066,0.396948931631607,0.4036872297302898,0.4010011791703393,0.4027009618493149,0.3988871657635801,0.3966710826261995,0.4025277868347393,0.3986146253733694,0.0037310845978739283,10
Online Shopping,TabDDPM,Fidelity,Wasserstein_Distance,10.83162350180203,11.04234687635312,10.68576858902665,10.53422315815942,10.51407702623418,10.63955919453524,10.7929693655184,10.98383924230995,10.75955649149275,10.8364693655184,10.762043281095014,0.1742655260027076,10
Online Shopping,TabDDPM,Privacy,MIA_AUC,0.7704938271604939,0.851358024691358,0.8127160493827161,0.8739506172839506,0.8677777777777778,0.8155555555555555,0.8493827160493828,0.8243209876543209,0.8649382716049383,0.8479012345679012,0.8378395061728394,0.03196846243924992,10
Online Shopping,TabDDPM,Privacy,Mahalanobis_Distance,13.92025034451077,13.84266835085778,13.70583886169258,13.71898691920713,13.95579278054323,13.64473303725952,14.1946467553583,13.96826585545588,13.84182402245362,14.03839463284991,13.883140156018872,0.1678647759224271,10
Online Shopping,TabDDPM,Privacy,Mean_Distance,13.92025034451077,13.84266835085778,13.70583886169258,13.71898691920713,13.95579278054323,13.64473303725952,14.1946467553583,13.96826585545588,13.84182402245362,14.03839463284991,13.883140156018872,0.1678647759224271,10
Online Shopping,TabDDPM,Privacy,Median_Distance,15.26408022888191,15.34778860905498,14.7236030460106,14.93239251739468,15.33010903127225,14.89530014860978,15.30632193243699,15.37521703251661,15.04110013704569,15.47927556701572,15.169518825023923,0.25171506840809205,10
Online Shopping,TabDDPM,Privacy,NNDR,0.919822777818524,0.915144274267778,0.9263512605465252,0.9203319238836926,0.9182746611150978,0.918240054899883,0.9155379545209482,0.9148585818399614,0.9172107246893904,0.921099235229406,0.9186871448811207,0.0034677704152433243,10
Online Shopping,TabDDPM,Utility,MAE_Increase,9.10290973514018,9.793456775644596,8.59873145193437,10.96474050058553,11.02585457040155,10.28768761624072,11.57046938491266,11.01364388742609,12.12693795120804,9.521910596597046,10.400634247009076,1.1312753439708625,10
Online Shopping,TabDDPM,Utility,MAE_TRTR,3.18271244416741,3.18271244416741,3.18271244416741,3.18271244416741,3.18271244416741,3.18271244416741,3.18271244416741,3.18271244416741,3.18271244416741,3.18271244416741,3.18271244416741,0.0,10
Online Shopping,TabDDPM,Utility,MAE_TSTR,12.28562217930759,12.97616921981201,11.78144389610178,14.14745294475294,14.20856701456896,13.47040006040813,14.75318182908007,14.1963563315935,15.30965039537545,12.70462304076445,13.58334669117649,1.131275343970863,10
Online Shopping,TabDDPM,Utility,R2_Gap,1.169833248121817,1.288684396923684,1.035567359888131,1.501614699476277,1.505454567330368,1.359411441392509,1.643865295388883,1.434645084396258,1.782533351661591,1.213613462581706,1.3935222907161224,0.2267145424449299,10
Online Shopping,TabDDPM,Utility,R2_TRTR,0.8374507580454648,0.8374507580454648,0.8374507580454648,0.8374507580454648,0.8374507580454648,0.8374507580454648,0.8374507580454648,0.8374507580454648,0.8374507580454648,0.8374507580454648,0.8374507580454648,0.0,10
Online Shopping,TabDDPM,Utility,R2_TSTR,-0.3323824900763526,-0.4512336388782193,-0.1981166018426666,-0.6641639414308119,-0.6680038092849031,-0.5219606833470443,-0.8064145373434188,-0.5971943263507936,-0.9450825936161266,-0.3761627045362409,-0.5560715326706578,0.2267145424449299,10
Online Shopping,TabDDPM,Utility,RMSE_Increase,9.830905334846843,10.45579999649846,9.001573374962941,11.6387475470834,11.6452912792228,10.81689149949804,12.36195371129535,11.25379538789282,12.98490324266567,9.952256335551748,10.994211770951807,1.223436670761127,10
Online Shopping,TabDDPM,Utility,RMSE_TRTR,5.260367164373164,5.260367164373164,5.260367164373164,5.260367164373164,5.260367164373164,5.260367164373164,5.260367164373164,5.260367164373164,5.260367164373164,5.260367164373164,5.260367164373164,0.0,10
Online Shopping,TabDDPM,Utility,RMSE_TSTR,15.09127249922001,15.71616716087162,14.2619405393361,16.89911471145657,16.90565844359597,16.07725866387121,17.62232087566851,16.51416255226598,18.24527040703883,15.21262349992491,16.254578935324975,1.2234366707611277,10
Online Shopping,WGAN-GP,Compute,evaluation_time_seconds,24.92984648700804,22.76615996286273,22.17081514699385,21.36703795287758,22.59108808008023,32.91121056908742,63.28358453600231,57.04186886300158,44.15883124099491,161.7459682479966,47.29664110869052,43.052965540864946,10
Online Shopping,WGAN-GP,Compute,generation_time_seconds,0.0,0.0,0.0,0.0,0.0,0.0,0.0,0.0,0.0,0.0,0.0,0.0,10
Online Shopping,WGAN-GP,Compute,total_time_seconds,210.9648496089503,205.4645308807958,205.3914855979383,251.2367961900309,230.7537928770762,255.1074940550607,569.4493298939997,538.9815599690046,291.6211067540062,536.1275858310037,329.50985316578664,153.41898475530522,10
Online Shopping,WGAN-GP,Compute,training_time_seconds,185.9730974740814,182.646957923891,183.0628107490484,229.8116645449772,208.0010268548504,222.1389364050701,505.8899871379981,481.5685585320025,247.3593196669972,374.2637491280038,282.071610841692,124.8690151342389,10
Online Shopping,WGAN-GP,Fidelity,KS_Complement,0.7197340122370296,0.7308469114072583,0.7094530634481603,0.6985778224792557,0.7271093998826587,0.7124957254211717,0.6850157153633393,0.7169799052887437,0.7307658829938815,0.7323881904282961,0.7163366628949795,0.015502414705999463,10
Online Shopping,WGAN-GP,Fidelity,MMD,0.2319365902322481,0.2318479783446257,0.2318422148298509,0.2318442615185957,0.2289302632357747,0.2319823154464337,0.2319215837430312,0.2300126604816584,0.2288044279756094,0.2291910413002397,0.23083133371080677,0.00141026658699333,10
Online Shopping,WGAN-GP,Fidelity,Quality_Score,0.2033553556327695,0.2055530040617857,0.2019565000980602,0.1966226303981097,0.2045658734481197,0.2033757624568983,0.2010885824990638,0.20287565453,0.2067020297368901,0.205856559063485,0.20319519519251822,0.002908797392054507,10
Online Shopping,WGAN-GP,Fidelity,Wasserstein_Distance,0.799667594060632,0.7449363672009658,0.703037553792618,0.7226864998619825,0.708004636598762,0.7142697955339844,0.7901744580238005,0.7520822107941835,0.7362838418590765,0.7026580832306258,0.737380104095663,0.03486380168173628,10
Online Shopping,WGAN-GP,Privacy,MIA_AUC,0.5723456790123457,0.590246913580247,0.5693827160493827,0.5554320987654321,0.5866666666666667,0.5739506172839506,0.625679012345679,0.5495061728395062,0.5487654320987654,0.6529629629629629,0.5824938271604938,0.033688741861621005,10
Online Shopping,WGAN-GP,Privacy,Mahalanobis_Distance,28.82754264217272,38.26920304347313,31.9408267846783,31.38544407647127,39.07799531319682,33.67644310098656,35.54910305887711,29.42672997181102,28.74618017045326,36.32510461689515,33.322457277901535,3.8540000019685334,10
Online Shopping,WGAN-GP,Privacy,Mean_Distance,28.82754264217272,38.26920304347313,31.9408267846783,31.38544407647127,39.07799531319682,33.67644310098656,35.54910305887711,29.42672997181102,28.74618017045326,36.32510461689515,33.322457277901535,3.8540000019685334,10
Online Shopping,WGAN-GP,Privacy,Median_Distance,23.97320910574583,29.76918779081005,25.6132145009827,27.19514425056501,32.80142741782585,28.38945794383918,27.93189075778599,24.95539418821217,22.99999527838893,29.67272906928341,27.330165030343913,3.0088856406622426,10
Online Shopping,WGAN-GP,Privacy,NNDR,0.9041925875302128,0.8879834285006465,0.8873538512184452,0.8938247496525935,0.8969644141855299,0.9001381826096244,0.8994664030998726,0.8917579434417768,0.8953844774290963,0.8915071449141387,0.8948573182581937,0.005441043153908021,10
Online Shopping,WGAN-GP,Utility,MAE_Increase,1.202929457574833,1.304308922285524,1.433374371366676,1.354597084355501,1.304966184116662,1.60555581334622,1.194472709845754,1.654089103687121,1.078495522459024,1.261970287947674,1.3394759456984988,0.18105920812716658,10
Online Shopping,WGAN-GP,Utility,MAE_TRTR,3.18271244416741,3.18271244416741,3.18271244416741,3.18271244416741,3.18271244416741,3.18271244416741,3.18271244416741,3.18271244416741,3.18271244416741,3.18271244416741,3.18271244416741,0.0,10
Online Shopping,WGAN-GP,Utility,MAE_TSTR,4.385641901742243,4.487021366452934,4.616086815534086,4.537309528522911,4.487678628284072,4.78826825751363,4.377185154013164,4.836801547854531,4.261207966626434,4.444682732115083,4.522188389865909,0.18105920812716672,10
Online Shopping,WGAN-GP,Utility,R2_Gap,0.0264302191538584,0.0223521852784079,0.0319694058958278,0.0203568363817725,0.0272734260848768,0.0438647649950828,0.0169480688167368,0.0549957118401726,0.0162690245068974,0.0266171035908865,0.028707674654451946,0.012230147765384763,10
Online Shopping,WGAN-GP,Utility,R2_TRTR,0.8374507580454648,0.8374507580454648,0.8374507580454648,0.8374507580454648,0.8374507580454648,0.8374507580454648,0.8374507580454648,0.8374507580454648,0.8374507580454648,0.8374507580454648,0.8374507580454648,0.0,10
Online Shopping,WGAN-GP,Utility,R2_TSTR,0.8110205388916063,0.8150985727670568,0.8054813521496369,0.8170939216636922,0.8101773319605879,0.7935859930503819,0.8205026892287279,0.7824550462052922,0.8211817335385673,0.8108336544545782,0.8087430833910128,0.012230147765384747,10
Online Shopping,WGAN-GP,Utility,RMSE_Increase,0.4266370406683642,0.3743950669987468,0.519426976069961,0.3392043484557812,0.4431812723471298,0.6930781977602694,0.2805737416265233,0.8565756219275658,0.2790374729385876,0.430411235437016,0.4642520974229945,0.18381176856362028,10
Online Shopping,WGAN-GP,Utility,RMSE_TRTR,5.260367164373164,5.260367164373164,5.260367164373164,5.260367164373164,5.260367164373164,5.260367164373164,5.260367164373164,5.260367164373164,5.260367164373164,5.260367164373164,5.260367164373164,0.0,10
Online Shopping,WGAN-GP,Utility,RMSE_TSTR,5.687004205041528,5.63476223137191,5.779794140443125,5.599571512828945,5.703548436720293,5.953445362133433,5.540940905999687,6.116942786300729,5.539404637311751,5.69077839981018,5.724619261796158,0.18381176856362025,10
Real Estate,CTABGAN,Compute,evaluation_time_seconds,10.72104455693625,10.04842425207607,11.80618578311987,10.58923211297952,9.68535680603236,24.19630982191302,15.26123136399838,13.68958973100234,30.44105380200199,13.61903440600145,15.005746263606124,6.891369211536147,10
Real Estate,CTABGAN,Compute,generation_time_seconds,0.0,0.0,0.0,0.0,0.0,0.0,0.0,0.0,0.0,0.0,0.0,0.0,10
Real Estate,CTABGAN,Compute,total_time_seconds,50.99378116708249,50.66911361599341,52.42690788884647,57.80635574297048,53.12907614489086,61.90206224378198,99.92134184499446,58.58402403100627,217.0588313960034,49.9167900350003,75.24082841105701,51.986329732817815,10
Real Estate,CTABGAN,Compute,training_time_seconds,40.20152050000615,40.55669772205874,40.58285111910664,47.16442512208596,43.3839173419401,37.64331808895804,84.55991038199863,44.76919683499727,186.3489552529936,36.18799334799405,60.13987857121392,46.49224061097309,10
Real Estate,CTABGAN,Fidelity,KS_Complement,0.8711329305135952,0.8744556898288015,0.8817185297079556,0.8922900302114805,0.9032129909365558,0.9107376636455188,0.9117653575025176,0.8835699899295065,0.8896832829808661,0.8796958710976838,0.8898262336354481,0.014518577955178084,10
Real Estate,CTABGAN,Fidelity,MMD,0.0391355027038494,0.0299088776356825,0.030073138394155,0.0361080609841768,0.0338024991706084,0.0191526671469395,0.0179867092244651,0.0321446429356568,0.0457861396678225,0.0406316365000813,0.032472987436343734,0.00883741403462033,10
Real Estate,CTABGAN,Fidelity,Quality_Score,0.8557910623855352,0.9124549901997868,0.8491902629100165,0.8716938721492192,0.8795105238269314,0.8844799974082844,0.8831295422065484,0.8278072766682382,0.8228976201356283,0.8428717859715916,0.8629826933861781,0.02819596877186007,10
Real Estate,CTABGAN,Fidelity,Wasserstein_Distance,35.55759952748173,25.38429291833503,28.82071853527869,41.92185777000835,22.08632039051233,18.66698460222022,31.48193593591556,49.83459618395625,42.02647040733175,29.48254657414125,32.52633228451812,9.794920254272501,10
Real Estate,CTABGAN,Privacy,MIA_AUC,0.6819753086419754,0.6923456790123457,0.6090123456790123,0.6960493827160494,0.648395061728395,0.6193827160493828,0.6298765432098765,0.6555555555555556,0.6271604938271604,0.6611111111111112,0.6520864197530865,0.030900360158989403,10
Real Estate,CTABGAN,Privacy,Mahalanobis_Distance,2.641748290647757,2.738061230210426,2.779326699828101,2.886417418247206,2.969890962371209,2.904128115312999,2.952967965078243,2.97841369749466,3.037150067293493,2.980163133783916,2.886826758026801,0.1269390359442555,10
Real Estate,CTABGAN,Privacy,Mean_Distance,2.641748290647757,2.738061230210426,2.779326699828101,2.886417418247206,2.969890962371209,2.904128115312999,2.952967965078243,2.97841369749466,3.037150067293493,2.980163133783916,2.886826758026801,0.1269390359442555,10
Real Estate,CTABGAN,Privacy,Median_Distance,2.436926153113607,2.45894312578231,2.458549080830609,2.722578642692074,2.800113526816343,2.70461798008621,2.780951194132646,2.78221885044065,2.818053098867487,2.721320863485957,2.6684272516247893,0.15416600546167944,10
Real Estate,CTABGAN,Privacy,NNDR,0.9078565044852608,0.91194707759294,0.9215901375902452,0.9207970756003068,0.9272923988345244,0.9213271394885936,0.9144691097632032,0.9103847719551096,0.9138266880193676,0.9311130532826848,0.9180603956612237,0.007582514468564005,10
Real Estate,CTABGAN,Utility,MAE_Increase,3.409291056760908,1.576898784226842,4.34969941342799,2.800902207043104,1.615177879951398,2.589418325151938,2.043379131976506,2.776029053603857,3.663208531705694,3.076141237745787,2.7900145621594024,0.8888422536382075,10
Real Estate,CTABGAN,Utility,MAE_TRTR,4.772128029274763,4.772128029274763,4.772128029274763,4.772128029274763,4.772128029274763,4.772128029274763,4.772128029274763,4.772128029274763,4.772128029274763,4.772128029274763,4.7721280292747625,0.0,10
Real Estate,CTABGAN,Utility,MAE_TSTR,8.181419086035671,6.349026813501604,9.121827442702752,7.573030236317867,6.387305909226161,7.3615463544267,6.815507161251269,7.548157082878619,8.435336560980456,7.84826926702055,7.562142591434165,0.8888422536382075,10
Real Estate,CTABGAN,Utility,R2_Gap,0.3375681261163671,0.128362523677917,0.4500260260815082,0.2540939724704546,0.1298129743437891,0.2356248218678014,0.1739928877056139,0.2827514738262468,0.3666524876749904,0.2625747779398216,0.262146007170451,0.1034316758578023,10
Real Estate,CTABGAN,Utility,R2_TRTR,0.7345880007247932,0.7345880007247932,0.7345880007247932,0.7345880007247932,0.7345880007247932,0.7345880007247932,0.7345880007247932,0.7345880007247932,0.7345880007247932,0.7345880007247932,0.7345880007247932,0.0,10
Real Estate,CTABGAN,Utility,R2_TSTR,0.3970198746084262,0.6062254770468762,0.284561974643285,0.4804940282543386,0.6047750263810041,0.4989631788569919,0.5605951130191793,0.4518365268985464,0.3679355130498028,0.4720132227849717,0.47244199355434213,0.1034316758578023,10
Real Estate,CTABGAN,Utility,RMSE_Increase,3.427175732567633,1.46006949296984,4.310619239842673,2.689339335323108,1.511840778256056,2.537748684576773,1.956436144875033,2.950511971414318,3.667019824895302,2.780235440434865,2.72909966451556,0.9217862271310918,10
Real Estate,CTABGAN,Utility,RMSE_TRTR,6.629082150351707,6.629082150351707,6.629082150351707,6.629082150351707,6.629082150351707,6.629082150351707,6.629082150351707,6.629082150351707,6.629082150351707,6.629082150351707,6.629082150351707,0.0,10
Real Estate,CTABGAN,Utility,RMSE_TSTR,10.05625788291934,8.089151643321546,10.93970139019438,9.318421485674817,8.140922928607763,9.16683083492848,8.58551829522674,9.579594121766023,10.29610197524701,9.409317590786571,9.358181814867269,0.9217862271310919,10
Real Estate,CTGAN,Compute,evaluation_time_seconds,7.490230381023139,12.41388131305575,9.242143651936203,17.44357537804171,17.19811988295987,16.04045891296118,23.23191299900645,23.36570925799606,21.99516800399579,19.10722952600918,16.752842930698534,5.587182902904612,10
Real Estate,CTGAN,Compute,generation_time_seconds,0.0,0.0,0.0,0.0,0.0,0.0,0.0,0.0,0.0,0.0,0.0,0.0,10
Real Estate,CTGAN,Compute,total_time_seconds,18.75475306110457,22.06576458201744,14.19495653221384,37.69558459799737,34.84674130403437,22.73214127589017,66.40665816100955,67.95567254399066,54.92958664499747,47.64626994900755,38.722812865226295,19.75634944550306,10
Real Estate,CTGAN,Compute,training_time_seconds,11.22984134103172,9.613074630033225,4.921468566870317,18.8976602149196,17.60716509190388,6.653565308079123,41.67085791399586,44.45802703200025,32.78130005800631,28.39737841598981,21.62303385728301,14.424479648043558,10
Real Estate,CTGAN,Fidelity,KS_Complement,0.6395302114803626,0.6050835850956697,0.5921414904330313,0.6072598187311178,0.6144279959718025,0.5470518630412892,0.6126938569989929,0.5804582074521653,0.6142396777442095,0.5989038267875126,0.6011790533736153,0.024602840585266995,10
Real Estate,CTGAN,Fidelity,MMD,0.2911469351633473,0.2911469351633473,0.2911469351633473,0.2911469351633473,0.2911469351633473,0.2911469351633473,0.2911469351633473,0.2911469351633473,0.2911469351633473,0.2911469351633473,0.2911469351633472,0.0,10
Real Estate,CTGAN,Fidelity,Quality_Score,0.7609258067566198,0.7500373836814477,0.7189289183203658,0.7320152503062274,0.7389331919521872,0.6907706704246677,0.7336692729200911,0.7146694502661066,0.7269099876332923,0.7214940285831618,0.7288353960844167,0.0194938753668312,10
Real Estate,CTGAN,Fidelity,Wasserstein_Distance,57.85680220698666,72.23518195624145,78.95598209020416,84.73572877471074,149.7519729082001,97.12094587834616,172.8449074341367,137.9838733090008,101.5841514590914,77.02455714769663,103.00941031646148,37.85249271721815,10
Real Estate,CTGAN,Privacy,MIA_AUC,0.8871604938271604,0.9190123456790124,0.921111111111111,0.9144444444444444,0.9116049382716048,0.9539506172839504,0.8887654320987655,0.9323456790123456,0.9165432098765433,0.9130864197530864,0.9158024691358022,0.019282108074103292,10
Real Estate,CTGAN,Privacy,Mahalanobis_Distance,16259.61409055923,16259.47740217629,16259.80075102024,16259.45604603315,16260.2193253636,16259.94628202746,16258.85748284423,16260.09061305354,16259.86725535386,16259.7770290949,16259.71062775265,0.3876052198990582,10
Real Estate,CTGAN,Privacy,Mean_Distance,16259.61409055923,16259.47740217629,16259.80075102024,16259.45604603315,16260.2193253636,16259.94628202746,16258.85748284423,16260.09061305354,16259.86725535386,16259.7770290949,16259.71062775265,0.3876052198990582,10
Real Estate,CTGAN,Privacy,Median_Distance,15566.26082844145,15566.43829555233,15565.95737458155,15566.9673126233,15565.93405710471,15566.71651335776,15565.53294353675,15567.2378231654,15565.48267170421,15566.82952432342,15566.335734439088,0.6050065126719965,10
Real Estate,CTGAN,Privacy,NNDR,0.99994029378994,0.9999398922673284,0.9999398263412846,0.9999403215540366,0.999940253107054,0.9999403240635664,0.9999402789398774,0.9999403219602516,0.9999400258987524,0.9999401426255992,0.999940168054769,1.887409137681743e-07,10
Real Estate,CTGAN,Utility,MAE_Increase,5.998164494899466,6.644805571960024,12.29426296774276,5.982639353434783,8.489241567735036,12.00831859466855,7.133629367502584,7.18710069813285,9.823930197601342,8.998819883209018,8.456091269688642,2.316987613726494,10
Real Estate,CTGAN,Utility,MAE_TRTR,4.772128029274763,4.772128029274763,4.772128029274763,4.772128029274763,4.772128029274763,4.772128029274763,4.772128029274763,4.772128029274763,4.772128029274763,4.772128029274763,4.7721280292747625,0.0,10
Real Estate,CTGAN,Utility,MAE_TSTR,10.77029252417423,11.41693360123479,17.06639099701752,10.75476738270955,13.2613695970098,16.78044662394331,11.90575739677735,11.95922872740761,14.5960582268761,13.77094791248378,13.228219298963404,2.3169876137264915,10
Real Estate,CTGAN,Utility,R2_Gap,0.7767766539672628,0.9084076612926604,2.384037141653141,0.7122159822147314,1.248506234981941,2.131958693141513,0.9216747754418396,1.034103182862325,1.573907270698149,1.437033834559116,1.3128621430812681,0.5723752548182718,10
Real Estate,CTGAN,Utility,R2_TRTR,0.7345880007247932,0.7345880007247932,0.7345880007247932,0.7345880007247932,0.7345880007247932,0.7345880007247932,0.7345880007247932,0.7345880007247932,0.7345880007247932,0.7345880007247932,0.7345880007247932,0.0,10
Real Estate,CTGAN,Utility,R2_TSTR,-0.0421886532424695,-0.1738196605678672,-1.649449140928348,0.0223720185100618,-0.5139182342571478,-1.39737069241672,-0.1870867747170463,-0.2995151821375316,-0.839319269973356,-0.7024458338343227,-0.5782741423564748,0.572375254818272,10
Real Estate,CTGAN,Utility,RMSE_Increase,6.589297926897553,7.275751681622733,14.35110086912078,6.175975999556565,9.290480341113572,13.31549445299795,7.47987387018278,8.124214597722318,10.93154438776387,10.26725320558926,9.380098733256737,2.8101326081371805,10
Real Estate,CTGAN,Utility,RMSE_TRTR,6.629082150351707,6.629082150351707,6.629082150351707,6.629082150351707,6.629082150351707,6.629082150351707,6.629082150351707,6.629082150351707,6.629082150351707,6.629082150351707,6.629082150351707,0.0,10
Real Estate,CTGAN,Utility,RMSE_TSTR,13.21838007724926,13.90483383197444,20.98018301947248,12.80505814990827,15.91956249146528,19.94457660334965,14.10895602053449,14.75329674807402,17.56062653811557,16.89633535594097,16.009180883608444,2.8101326081371782,10
Real Estate,CopulaGAN,Compute,evaluation_time_seconds,17.82266402593814,17.80155350011773,22.89005824900232,28.4810428970959,31.49322188203223,12.8469554069452,16.09185967300436,51.56103108900425,56.05563427999732,52.06944540499535,30.711346640813282,16.551654996063785,10
Real Estate,CopulaGAN,Compute,generation_time_seconds,0.0,0.0,0.0,0.0,0.0,0.0,0.0,0.0,0.0,0.0,0.0,0.0,10
Real Estate,CopulaGAN,Compute,total_time_seconds,27.81971525703557,27.43096503103152,37.96397643396631,45.44209086918272,48.89115120400675,23.06152121303603,42.37771595698723,104.6765303389984,110.5679978889966,110.2379522139963,57.84696164072375,35.93643357667284,10
Real Estate,CopulaGAN,Compute,training_time_seconds,9.955313057871535,9.599592881975695,15.00734556699172,16.84356406400912,17.34758519101888,10.15688855084591,26.10797577000631,52.9673406189977,54.38733393899747,58.03860434300441,27.041154398371873,20.015756449150768,10
Real Estate,CopulaGAN,Fidelity,KS_Complement,0.5514884189325276,0.5990125881168177,0.5775845921450151,0.5803610271903323,0.5654909365558912,0.6191324269889226,0.5908202416918429,0.6023041289023162,0.6161203423967775,0.5879833836858007,0.5890298086606244,0.021317191714916982,10
Real Estate,CopulaGAN,Fidelity,MMD,0.2911469351633473,0.2911469351633473,0.2911469351633473,0.2911469351633473,0.2911469351633473,0.2911469351633473,0.2911469351633473,0.2911469351633473,0.2911469351633473,0.2911469351633473,0.2911469351633472,0.0,10
Real Estate,CopulaGAN,Fidelity,Quality_Score,0.7011992875125421,0.7336422039770191,0.7385819201507653,0.7316789398349368,0.6922084046491126,0.7644539350907416,0.7092870152729986,0.7394950754367082,0.7302092248798735,0.7318277515788493,0.7272583758383546,0.021034090896917434,10
Real Estate,CopulaGAN,Fidelity,Wasserstein_Distance,147.7076496811256,68.418795188608,118.659315474751,96.06761893615582,260.88237138746,83.60543125088896,99.33949432516891,78.87404460508834,69.3874120565939,57.00821623357275,107.99503491394134,59.98324373090509,10
Real Estate,CopulaGAN,Privacy,MIA_AUC,0.9323456790123456,0.8739506172839506,0.9602469135802468,0.9212345679012346,0.9296296296296296,0.9016049382716048,0.8939506172839506,0.918641975308642,0.9051851851851852,0.9324691358024692,0.9169259259259259,0.0242356052459032,10
Real Estate,CopulaGAN,Privacy,Mahalanobis_Distance,16258.88089265568,16259.74151504436,16260.0050797319,16259.90974672995,16258.32555114209,16259.73771981942,16259.77131433322,16259.8101266743,16259.76165067032,16259.45856561574,16259.540216241696,0.5295969760271245,10
Real Estate,CopulaGAN,Privacy,Mean_Distance,16258.88089265568,16259.74151504436,16260.0050797319,16259.90974672995,16258.32555114209,16259.73771981942,16259.77131433322,16259.8101266743,16259.76165067032,16259.45856561574,16259.540216241696,0.5295969760271245,10
Real Estate,CopulaGAN,Privacy,Median_Distance,15566.26906096722,15564.51546479693,15566.97027872305,15566.70249877323,15565.89574897154,15567.06024445905,15566.80937903197,15566.19695094998,15566.83537926205,15567.21251338018,15566.446751931522,0.7966756561145795,10
Real Estate,CopulaGAN,Privacy,NNDR,0.9999399725284224,0.9999399645912664,0.9999403182119428,0.999940156721447,0.999940157589528,0.9999401093010168,0.9999401427998644,0.9999403063256792,0.999940241340184,0.9999403215491064,0.9999401690958457,1.3103950840874809e-07,10
Real Estate,CopulaGAN,Utility,MAE_Increase,7.377874361430004,5.782687819610567,4.933630068232524,5.134562523750679,8.513037517872478,5.218445093775935,9.455384862143523,6.322833354470784,9.570306000836087,9.074551915302967,7.138331351742555,1.8869126020557838,10
Real Estate,CopulaGAN,Utility,MAE_TRTR,4.772128029274763,4.772128029274763,4.772128029274763,4.772128029274763,4.772128029274763,4.772128029274763,4.772128029274763,4.772128029274763,4.772128029274763,4.772128029274763,4.7721280292747625,0.0,10
Real Estate,CopulaGAN,Utility,MAE_TSTR,12.15000239070477,10.55481584888533,9.705758097507289,9.906690553025442,13.28516554714724,9.990573123050698,14.22751289141829,11.09496138374555,14.34243403011085,13.84667994457773,11.910459381017318,1.8869126020557838,10
Real Estate,CopulaGAN,Utility,R2_Gap,1.081232480258684,0.7808660567092406,0.642032571628623,0.5958410496816031,1.32605419098476,0.6147708764856337,1.498667116767547,0.827641620252617,1.681877842372486,1.408178704149365,1.0457162509290558,0.4068660912354229,10
Real Estate,CopulaGAN,Utility,R2_TRTR,0.7345880007247932,0.7345880007247932,0.7345880007247932,0.7345880007247932,0.7345880007247932,0.7345880007247932,0.7345880007247932,0.7345880007247932,0.7345880007247932,0.7345880007247932,0.7345880007247932,0.0,10
Real Estate,CopulaGAN,Utility,R2_TSTR,-0.3466444795338912,-0.0462780559844473,0.0925554290961701,0.1387469510431902,-0.5914661902599663,0.1198171242391596,-0.7640791160427536,-0.0930536195278237,-0.9472898416476928,-0.6735907034245716,-0.3111282502042627,0.4068660912354228,10
Real Estate,CopulaGAN,Utility,RMSE_Increase,8.399494129992396,6.449578886682541,5.695233867818605,5.364606079903691,9.683167916681462,5.498822593177941,10.55985309098195,6.902535659172297,11.41179558234763,10.11309676746778,8.007818457422628,2.3039044991597284,10
Real Estate,CopulaGAN,Utility,RMSE_TRTR,6.629082150351707,6.629082150351707,6.629082150351707,6.629082150351707,6.629082150351707,6.629082150351707,6.629082150351707,6.629082150351707,6.629082150351707,6.629082150351707,6.629082150351707,0.0,10
Real Estate,CopulaGAN,Utility,RMSE_TSTR,15.0285762803441,13.07866103703425,12.32431601817031,11.9936882302554,16.31225006703317,12.12790474352965,17.18893524133366,13.531617809524,18.04087773269934,16.74217891781949,14.636900607774336,2.3039044991597297,10
Real Estate,ForestDiffusion,Compute,evaluation_time_seconds,28.2714016858954,29.88856576709077,20.04595660185441,11.45256607001647,24.75835579703562,14.80068370001391,25.50606467900798,26.42276315399795,17.29132758399646,20.61023505800404,21.9047920096913,6.072991202564701,10
Real Estate,ForestDiffusion,Compute,generation_time_seconds,0.0,0.0,0.0,0.0,0.0,0.0,0.0,0.0,0.0,0.0,0.0,0.0,10
Real Estate,ForestDiffusion,Compute,total_time_seconds,31.02147485804744,37.98090679198503,47.82839911594056,20.73469105502591,35.95776307908818,33.72676420002244,69.01268177499878,65.19756686799519,22.35258226899896,27.70058854999661,39.15134185620991,16.683250173889093,10
Real Estate,ForestDiffusion,Compute,training_time_seconds,2.716897204983979,8.05919049307704,27.66303769801743,9.2196115211118,11.14553605602123,18.87950394605286,43.33077271399088,38.60434852199978,4.999078014006955,7.015440148999915,17.16334163182619,14.527718437140583,10
Real Estate,ForestDiffusion,Fidelity,KS_Complement,0.8903091641490434,0.8863434038267873,0.8756545820745217,0.8783141993957703,0.8847990936555892,0.8845372608257804,0.879563947633434,0.8808846928499497,0.8867260825780464,0.8850699899295066,0.8832202416918429,0.004473110975602418,10
Real Estate,ForestDiffusion,Fidelity,MMD,0.0162343331367481,0.0121863464558595,0.0170509053480556,0.0140547547213495,0.0189439858390514,0.0217360600988889,0.014484234838144,0.0121886796780532,0.019702854066914,0.0110940958507908,0.0157676250033855,0.0035764574914129254,10
Real Estate,ForestDiffusion,Fidelity,Quality_Score,0.945870600492986,0.93015879424905,0.9349160648740042,0.9330072743966576,0.9403711327188564,0.9366952680751396,0.9381293733214708,0.9246240136080076,0.9277161699701404,0.9316829696013088,0.9343171661307622,0.0062730158421145,10
Real Estate,ForestDiffusion,Fidelity,Wasserstein_Distance,21.51230376400755,28.03168474478122,23.48858975729581,27.84947231251225,31.55631260872869,25.31438053426733,35.90558994092436,31.55649088547566,32.07536343521362,31.0110918664925,28.8301279849699,4.425402869265269,10
Real Estate,ForestDiffusion,Privacy,MIA_AUC,0.4754320987654321,0.4907407407407407,0.5765432098765433,0.5198765432098765,0.4971604938271605,0.4882716049382716,0.4851851851851852,0.5029629629629631,0.497037037037037,0.5348148148148149,0.5068024691358025,0.02995412446373678,10
Real Estate,ForestDiffusion,Privacy,Mahalanobis_Distance,1.861521888440019,1.795008305661654,1.813158624177583,1.874445475915588,1.769592760006713,1.813179456003598,1.766308032029882,1.820102698065296,1.806528596775377,1.828493111113678,1.8148338948189386,0.03466785114274767,10
Real Estate,ForestDiffusion,Privacy,Mean_Distance,1.861521888440019,1.795008305661654,1.813158624177583,1.874445475915588,1.769592760006713,1.813179456003598,1.766308032029882,1.820102698065296,1.806528596775377,1.828493111113678,1.8148338948189386,0.03466785114274767,10
Real Estate,ForestDiffusion,Privacy,Median_Distance,1.73898506828197,1.785031889289114,1.707963400314111,1.781069456362254,1.704993034250224,1.706644056054123,1.677783657402196,1.725986083368581,1.720644915623417,1.743208532801164,1.7292310093747154,0.033948518673093724,10
Real Estate,ForestDiffusion,Privacy,NNDR,0.85415453577023,0.8775721915349843,0.8762112132191107,0.8818000343995082,0.8754644923104672,0.8640748109962149,0.8787811688558916,0.8721428536986434,0.8674600900086826,0.8737810734035614,0.8721442464197293,0.008217027199225664,10
Real Estate,ForestDiffusion,Utility,MAE_Increase,1.026351550291104,0.2601097555475551,0.3783365284508973,0.6105452967637035,0.6018073471216736,0.5462404820213846,0.3675711110955637,0.5785977708541257,0.2562058829428873,0.3966351701508142,0.5022400895239709,0.22801149207858784,10
Real Estate,ForestDiffusion,Utility,MAE_TRTR,4.772128029274763,4.772128029274763,4.772128029274763,4.772128029274763,4.772128029274763,4.772128029274763,4.772128029274763,4.772128029274763,4.772128029274763,4.772128029274763,4.7721280292747625,0.0,10
Real Estate,ForestDiffusion,Utility,MAE_TSTR,5.798479579565867,5.032237784822318,5.15046455772566,5.382673326038466,5.373935376396436,5.318368511296147,5.139699140370326,5.350725800128888,5.02833391221765,5.168763199425577,5.2743681187987335,0.22801149207858792,10
Real Estate,ForestDiffusion,Utility,R2_Gap,0.1388208154389304,0.0270761867848743,0.0355981779646555,0.0617627631004344,0.0594276226856261,0.0530119226062927,0.0321597640960881,0.050328813939047,0.0373124664626336,0.0395074086623323,0.05350059417409144,0.03218915243228518,10
Real Estate,ForestDiffusion,Utility,R2_TRTR,0.7345880007247932,0.7345880007247932,0.7345880007247932,0.7345880007247932,0.7345880007247932,0.7345880007247932,0.7345880007247932,0.7345880007247932,0.7345880007247932,0.7345880007247932,0.7345880007247932,0.0,10
Real Estate,ForestDiffusion,Utility,R2_TSTR,0.5957671852858628,0.7075118139399189,0.6989898227601377,0.6728252376243588,0.6751603780391671,0.6815760781185005,0.7024282366287051,0.6842591867857462,0.6972755342621596,0.6950805920624609,0.6810874065507018,0.03218915243228518,10
Real Estate,ForestDiffusion,Utility,RMSE_Increase,1.563923469944921,0.3664460204400815,0.4701045218797848,0.7767336057314722,0.752680228635187,0.6791151955163546,0.4294060272859683,0.6470014218014599,0.492060667992348,0.5197978119040227,0.66972689711316,0.3435355896207368,10
Real Estate,ForestDiffusion,Utility,RMSE_TRTR,6.629082150351707,6.629082150351707,6.629082150351707,6.629082150351707,6.629082150351707,6.629082150351707,6.629082150351707,6.629082150351707,6.629082150351707,6.629082150351707,6.629082150351707,0.0,10
Real Estate,ForestDiffusion,Utility,RMSE_TSTR,8.193005620296628,6.995528170791788,7.099186672231491,7.405815756083179,7.381762378986894,7.308197345868061,7.058488177637675,7.276083572153166,7.121142818344055,7.148879962255729,7.298809047464867,0.34353558962073694,10
Real Estate,GaussianCopula,Compute,evaluation_time_seconds,12.73105952492915,16.06393409194425,12.18983050808311,16.37712265504524,19.59899173979647,14.04563008295372,22.53172506000556,21.13280196300184,21.1493398189923,20.11109746700095,17.59315329117526,3.788381549498799,10
Real Estate,GaussianCopula,Compute,generation_time_seconds,0.0,0.0,0.0,0.0,0.0,0.0,0.0,0.0,0.0,0.0,0.0,0.0,10
Real Estate,GaussianCopula,Compute,total_time_seconds,17.46458840789273,16.81006387714297,12.61486233188771,20.82028652587906,24.10489535494708,15.27224701200612,34.32678614300676,31.48101312300423,33.51244511498953,22.11138872998708,22.851857662074327,7.844337126493844,10
Real Estate,GaussianCopula,Compute,training_time_seconds,4.70261782896705,0.6932701200712472,0.3913469149265438,4.394564138026908,4.459977179998532,1.118076908867806,11.69011124999088,10.20762598799774,12.19116009799473,1.901616582996212,5.175036700983766,4.576350895180741,10
Real Estate,GaussianCopula,Fidelity,KS_Complement,0.619444612286002,0.619444612286002,0.619444612286002,0.619444612286002,0.619444612286002,0.619444612286002,0.619444612286002,0.619444612286002,0.619444612286002,0.619444612286002,0.619444612286002,0.0,10
Real Estate,GaussianCopula,Fidelity,MMD,0.2911469351633473,0.2911469351633473,0.2911469351633473,0.2911469351633473,0.2911469351633473,0.2911469351633473,0.2911469351633473,0.2911469351633473,0.2911469351633473,0.2911469351633473,0.2911469351633472,0.0,10
Real Estate,GaussianCopula,Fidelity,Quality_Score,0.8655543323682668,0.8655543323682668,0.8655543323682668,0.8655543323682668,0.8655543323682668,0.8655543323682668,0.8655543323682668,0.8655543323682668,0.8655543323682668,0.8655543323682668,0.8655543323682668,0.0,10
Real Estate,GaussianCopula,Fidelity,Wasserstein_Distance,64.00031021804405,64.00031021804405,64.00031021804405,64.00031021804405,64.00031021804405,64.00031021804405,64.00031021804405,64.00031021804405,64.00031021804405,64.00031021804405,64.00031021804406,0.0,10
Real Estate,GaussianCopula,Privacy,MIA_AUC,0.9422222222222224,0.9422222222222224,0.9422222222222224,0.9422222222222224,0.9422222222222224,0.9422222222222224,0.9422222222222224,0.9422222222222224,0.9422222222222224,0.9422222222222224,0.9422222222222224,0.0,10
Real Estate,GaussianCopula,Privacy,Mahalanobis_Distance,16259.66201988781,16259.66201988781,16259.66201988781,16259.66201988781,16259.66201988781,16259.66201988781,16259.66201988781,16259.66201988781,16259.66201988781,16259.66201988781,16259.662019887812,1.9173831849720224e-12,10
Real Estate,GaussianCopula,Privacy,Mean_Distance,16259.66201988781,16259.66201988781,16259.66201988781,16259.66201988781,16259.66201988781,16259.66201988781,16259.66201988781,16259.66201988781,16259.66201988781,16259.66201988781,16259.662019887812,1.9173831849720224e-12,10
Real Estate,GaussianCopula,Privacy,Median_Distance,15565.66017557031,15565.66017557031,15565.66017557031,15565.66017557031,15565.66017557031,15565.66017557031,15565.66017557031,15565.66017557031,15565.66017557031,15565.66017557031,15565.66017557031,0.0,10
Real Estate,GaussianCopula,Privacy,NNDR,0.9999401502175032,0.9999401502175032,0.9999401502175032,0.9999401502175032,0.9999401502175032,0.9999401502175032,0.9999401502175032,0.9999401502175032,0.9999401502175032,0.9999401502175032,0.9999401502175032,0.0,10
Real Estate,GaussianCopula,Utility,MAE_Increase,1.553241212660327,1.553241212660327,1.553241212660327,1.553241212660327,1.553241212660327,1.553241212660327,1.553241212660327,1.553241212660327,1.553241212660327,1.553241212660327,1.553241212660327,0.0,10
Real Estate,GaussianCopula,Utility,MAE_TRTR,4.772128029274763,4.772128029274763,4.772128029274763,4.772128029274763,4.772128029274763,4.772128029274763,4.772128029274763,4.772128029274763,4.772128029274763,4.772128029274763,4.7721280292747625,0.0,10
Real Estate,GaussianCopula,Utility,MAE_TSTR,6.325369241935089,6.325369241935089,6.325369241935089,6.325369241935089,6.325369241935089,6.325369241935089,6.325369241935089,6.325369241935089,6.325369241935089,6.325369241935089,6.32536924193509,0.0,10
Real Estate,GaussianCopula,Utility,R2_Gap,0.204315233863313,0.204315233863313,0.204315233863313,0.204315233863313,0.204315233863313,0.204315233863313,0.204315233863313,0.204315233863313,0.204315233863313,0.204315233863313,0.20431523386331302,0.0,10
Real Estate,GaussianCopula,Utility,R2_TRTR,0.7345880007247932,0.7345880007247932,0.7345880007247932,0.7345880007247932,0.7345880007247932,0.7345880007247932,0.7345880007247932,0.7345880007247932,0.7345880007247932,0.7345880007247932,0.7345880007247932,0.0,10
Real Estate,GaussianCopula,Utility,R2_TSTR,0.5302727668614803,0.5302727668614803,0.5302727668614803,0.5302727668614803,0.5302727668614803,0.5302727668614803,0.5302727668614803,0.5302727668614803,0.5302727668614803,0.5302727668614803,0.5302727668614803,0.0,10
Real Estate,GaussianCopula,Utility,RMSE_Increase,2.24757800879282,2.24757800879282,2.24757800879282,2.24757800879282,2.24757800879282,2.24757800879282,2.24757800879282,2.24757800879282,2.24757800879282,2.24757800879282,2.2475780087928205,0.0,10
Real Estate,GaussianCopula,Utility,RMSE_TRTR,6.629082150351707,6.629082150351707,6.629082150351707,6.629082150351707,6.629082150351707,6.629082150351707,6.629082150351707,6.629082150351707,6.629082150351707,6.629082150351707,6.629082150351707,0.0,10
Real Estate,GaussianCopula,Utility,RMSE_TSTR,8.876660159144526,8.876660159144526,8.876660159144526,8.876660159144526,8.876660159144526,8.876660159144526,8.876660159144526,8.876660159144526,8.876660159144526,8.876660159144526,8.876660159144524,0.0,10
Real Estate,TVAE,Compute,evaluation_time_seconds,12.9854359170422,15.18704110593535,17.23141617700458,34.12493023904972,32.91541636595502,18.02024758211337,16.52410551501089,52.93521060200874,16.34044963000633,52.91067561600357,26.917492875012975,15.510113311063218,10
Real Estate,TVAE,Compute,generation_time_seconds,0.0,0.0,0.0,0.0,0.0,0.0,0.0,0.0,0.0,0.0,0.0,0.0,10
Real Estate,TVAE,Compute,total_time_seconds,32.26131335808896,33.69706294802018,32.89030948909931,51.67525627603754,49.38546998798847,23.28006468294188,35.52666258798854,102.2935798040126,34.57235774998844,98.30134199200256,49.388341887616846,28.090555659770985,10
Real Estate,TVAE,Compute,training_time_seconds,19.16402517305687,18.37167583312839,15.43308814289048,17.39738599094562,16.29156644479372,5.228699282044545,18.89807843399467,49.20405289799965,18.10556422600348,45.19449599500513,22.328863241986255,13.748255620988006,10
Real Estate,TVAE,Fidelity,KS_Complement,0.6767432024169184,0.6797089627391742,0.6795800604229608,0.6839088620342397,0.6762255790533737,0.67082527693857,0.6890332326283987,0.6923323262839879,0.6799627391742195,0.673420443101712,0.6801740684793555,0.006677019493565702,10
Real Estate,TVAE,Fidelity,MMD,0.2911469351633473,0.2911469351633473,0.2911469351633473,0.2911469351633473,0.2911469351633473,0.2911469351633473,0.2911469351633473,0.2911469351633473,0.2911469351633473,0.2911469351633473,0.2911469351633472,0.0,10
Real Estate,TVAE,Fidelity,Quality_Score,0.9032178147234646,0.9019094426228071,0.899825314107034,0.9069284525887568,0.9150982606330568,0.90839860079296,0.9169552616507546,0.9167748892536184,0.918283652621008,0.902159961027422,0.9089551650020884,0.007198870531467925,10
Real Estate,TVAE,Fidelity,Wasserstein_Distance,105.4242139065889,95.1679752144791,93.73083004854756,101.4058620420974,104.020761527606,101.5316930752847,96.13386335920217,87.23763291797354,98.6626637316694,96.51979315993732,97.98352889833862,5.412186700198453,10
Real Estate,TVAE,Privacy,MIA_AUC,0.8855555555555555,0.8822222222222222,0.8875308641975309,0.884567901234568,0.8830864197530864,0.8959259259259259,0.8798765432098765,0.8723456790123456,0.8776543209876544,0.868641975308642,0.8817407407407407,0.007741319388632299,10
Real Estate,TVAE,Privacy,Mahalanobis_Distance,16259.97867118602,16259.82631436405,16259.9050924838,16259.86278525461,16259.94952237349,16259.89066711888,16259.9001446699,16259.83276753245,16259.9355098801,16259.9281625562,16259.900963741951,0.04959187440152319,10
Real Estate,TVAE,Privacy,Mean_Distance,16259.97867118602,16259.82631436405,16259.9050924838,16259.86278525461,16259.94952237349,16259.89066711888,16259.9001446699,16259.83276753245,16259.9355098801,16259.9281625562,16259.900963741951,0.04959187440152319,10
Real Estate,TVAE,Privacy,Median_Distance,15566.70575081242,15566.61300408581,15566.55349862594,15566.86038499748,15566.58161456903,15566.44983945876,15566.84326640681,15566.21762994625,15566.86106503147,15566.63592403745,15566.632197797144,0.20239268374363908,10
Real Estate,TVAE,Privacy,NNDR,0.9999401593472842,0.9999401821682228,0.9999403499914028,0.9999401347996328,0.9999401571518712,0.9999403463810588,0.9999402976002852,0.9999401763846224,0.9999402093586716,0.9999403235963784,0.999940233677943,8.569170428167278e-08,10
Real Estate,TVAE,Utility,MAE_Increase,1.364630847878358,1.762560701122072,1.668067363121625,1.900563436089577,1.902446885535414,1.540800694222426,1.338934493712985,1.072231786231081,2.295523999010906,1.329438125864164,1.6175198332788607,0.3609181566386919,10
Real Estate,TVAE,Utility,MAE_TRTR,4.772128029274763,4.772128029274763,4.772128029274763,4.772128029274763,4.772128029274763,4.772128029274763,4.772128029274763,4.772128029274763,4.772128029274763,4.772128029274763,4.7721280292747625,0.0,10
Real Estate,TVAE,Utility,MAE_TSTR,6.13675887715312,6.534688730396835,6.440195392396387,6.672691465364339,6.674574914810177,6.312928723497189,6.111062522987748,5.844359815505843,7.067652028285669,6.101566155138927,6.389647862553623,0.360918156638692,10
Real Estate,TVAE,Utility,R2_Gap,0.1304104785661215,0.1796132487504025,0.1673492257896135,0.1916334251949523,0.2662946665990453,0.1824669743140762,0.1484288000213291,0.1065745467256882,0.2679773224389976,0.1201571288301997,0.1760905817230426,0.055541661205836736,10
Real Estate,TVAE,Utility,R2_TRTR,0.7345880007247932,0.7345880007247932,0.7345880007247932,0.7345880007247932,0.7345880007247932,0.7345880007247932,0.7345880007247932,0.7345880007247932,0.7345880007247932,0.7345880007247932,0.7345880007247932,0.0,10
Real Estate,TVAE,Utility,R2_TSTR,0.6041775221586717,0.5549747519743907,0.5672387749351797,0.5429545755298409,0.4682933341257479,0.552121026410717,0.5861592007034642,0.628013453999105,0.4666106782857956,0.6144308718945936,0.5584974190017507,0.05554166120583674,10
Real Estate,TVAE,Utility,RMSE_Increase,1.51444278663924,1.965969766615851,1.861174919676175,2.105884135662242,2.673838059437536,2.022795190989219,1.701317620637361,1.268309447895888,2.826414897342838,1.410798414913465,1.9350945239809818,0.5093089194026369,10
Real Estate,TVAE,Utility,RMSE_TRTR,6.629082150351707,6.629082150351707,6.629082150351707,6.629082150351707,6.629082150351707,6.629082150351707,6.629082150351707,6.629082150351707,6.629082150351707,6.629082150351707,6.629082150351707,0.0,10
Real Estate,TVAE,Utility,RMSE_TSTR,8.143524936990946,8.595051916967558,8.490257070027882,8.734966286013949,9.302920209789242,8.651877341340926,8.330399770989068,7.897391598247594,9.455497047694545,8.039880565265172,8.564176674332689,0.5093089194026368,10
Real Estate,TabDDPM,Compute,evaluation_time_seconds,4.884974233107641,5.038199480157346,5.923058224841952,11.1836322711315,7.057098533026874,17.68715533195063,23.49655150099716,30.15776677799295,9.134734978011693,11.13339607301168,12.569656740422943,8.570315663857397,10
Real Estate,TabDDPM,Compute,generation_time_seconds,0.0,0.0,0.0,0.0,0.0,0.0,0.0,0.0,0.0,0.0,0.0,0.0,10
Real Estate,TabDDPM,Compute,total_time_seconds,11.46059864386916,11.66550998692401,11.51426366413943,24.9120563599281,15.23305527516641,26.55026888893917,106.015493177998,65.50893800798804,19.59710180399998,20.82896461899509,31.328625042794737,30.7161764540982,10
Real Estate,TabDDPM,Compute,training_time_seconds,6.520892104832456,6.590156010817736,5.560602454002947,13.67295946809463,8.130115492967889,8.790741427103058,82.20395321799151,35.05140146099438,10.39761228799762,9.642237362000742,18.6560671286803,23.930184490417005,10
Real Estate,TabDDPM,Fidelity,KS_Complement,0.6067361530715005,0.6507361530715005,0.5262467270896273,0.6867854984894262,0.6316163141993958,0.7339310171198387,0.6890765357502519,0.7072432024169185,0.6129108761329306,0.67672306143001,0.65220055387714,0.06033957977137029,10
Real Estate,TabDDPM,Fidelity,MMD,0.1738893238445178,0.1736562043757545,0.2856162313676227,0.1163720003446628,0.176527861376702,0.1074872933509509,0.148449776267588,0.1361439108581971,0.2510123460024511,0.1435529510482046,0.17127078988366515,0.05684185262494413,10
Real Estate,TabDDPM,Fidelity,Quality_Score,0.7288716087918088,0.7447799246677271,0.7492563100015588,0.8200757846983179,0.7295963566511432,0.8486482252343563,0.8403408999104809,0.8189946846127797,0.6899352387249402,0.7542918612096456,0.7724790894502759,0.0548000947659416,10
Real Estate,TabDDPM,Fidelity,Wasserstein_Distance,419.088043755655,302.3741203483517,415.5081050085901,223.6324953338642,324.7213138781312,153.6957666862266,211.3263776471375,285.7078353058286,404.6101889785348,321.7415868331139,306.2405833775434,90.96495384366835,10
Real Estate,TabDDPM,Privacy,MIA_AUC,0.8271604938271605,0.7466666666666667,0.7598765432098766,0.6733333333333335,0.7695061728395063,0.6759259259259259,0.6565432098765432,0.6862962962962963,0.7465432098765433,0.707037037037037,0.7248888888888889,0.0539053245040793,10
Real Estate,TabDDPM,Privacy,Mahalanobis_Distance,7.273481282099812,5.339612012340122,4.712120900120785,4.17733314025685,5.156362916769012,3.561714043641727,5.141432686264865,4.282206538713437,5.630737252247917,5.003177635168367,5.027817840762291,1.0034471898383523,10
Real Estate,TabDDPM,Privacy,Mean_Distance,7.273481282099812,5.339612012340122,4.712120900120785,4.17733314025685,5.156362916769012,3.561714043641727,5.141432686264865,4.282206538713437,5.630737252247917,5.003177635168367,5.027817840762291,1.0034471898383523,10
Real Estate,TabDDPM,Privacy,Median_Distance,9.006621620097146,4.70925965232112,5.287436066538287,3.519741163060176,4.409807118080399,2.666967161597825,5.295760593805728,2.975881040681754,4.6976350790127,4.53739955232823,4.710650904752336,1.759274754511658,10
Real Estate,TabDDPM,Privacy,NNDR,0.938129989692071,0.9247653611760516,0.925333434439733,0.9075142202372736,0.9084916207749651,0.912173516369576,0.9071438963081347,0.9043655084424675,0.9390154743899388,0.9242225635743396,0.919115558540455,0.012956142780945652,10
Real Estate,TabDDPM,Utility,MAE_Increase,2.330083260935811,4.640774396907725,3.745065324818709,3.779655690217583,3.813197743335715,2.861447314981628,4.438066415755189,1.712360573374535,3.900161199580189,2.366939606347298,3.358775152625438,0.9794733087852706,10
Real Estate,TabDDPM,Utility,MAE_TRTR,4.772128029274763,4.772128029274763,4.772128029274763,4.772128029274763,4.772128029274763,4.772128029274763,4.772128029274763,4.772128029274763,4.772128029274763,4.772128029274763,4.7721280292747625,0.0,10
Real Estate,TabDDPM,Utility,MAE_TSTR,7.102211290210573,9.412902426182487,8.517193354093472,8.551783719492345,8.585325772610478,7.63357534425639,9.210194445029952,6.484488602649297,8.672289228854952,7.139067635622061,8.1309031819002,0.9794733087852707,10
Real Estate,TabDDPM,Utility,R2_Gap,0.3126175763037104,0.7229772614741792,0.5036290291862716,0.4948419325327947,0.5062283104340157,0.3782399373758636,0.7011623263286172,0.2249375009239077,0.5409965831397315,0.3353167553315493,0.47209472130306407,0.1622326919728432,10
Real Estate,TabDDPM,Utility,R2_TRTR,0.7345880007247932,0.7345880007247932,0.7345880007247932,0.7345880007247932,0.7345880007247932,0.7345880007247932,0.7345880007247932,0.7345880007247932,0.7345880007247932,0.7345880007247932,0.7345880007247932,0.0,10
Real Estate,TabDDPM,Utility,R2_TSTR,0.4219704244210828,0.011610739250614,0.2309589715385216,0.2397460681919985,0.2283596902907775,0.3563480633489296,0.033425674396176,0.5096504998008855,0.1935914175850617,0.3992712453932439,0.2624932794217291,0.1622326919728432,10
Real Estate,TabDDPM,Utility,RMSE_Increase,2.988060111672398,5.819662208255394,4.505600567909232,4.423452717669127,4.698465081413051,3.446989620509919,5.460113866479732,2.304816232201189,4.752920715558798,3.138091522250052,4.15381726439189,1.1373736709957782,10
Real Estate,TabDDPM,Utility,RMSE_TRTR,6.629082150351707,6.629082150351707,6.629082150351707,6.629082150351707,6.629082150351707,6.629082150351707,6.629082150351707,6.629082150351707,6.629082150351707,6.629082150351707,6.629082150351707,0.0,10
Real Estate,TabDDPM,Utility,RMSE_TSTR,9.617142262024103,12.4487443586071,11.13468271826094,11.05253486802083,11.32754723176476,10.07607177086163,12.08919601683144,8.933898382552895,11.3820028659105,9.76717367260176,10.782899414743593,1.1373736709957778,10
Real Estate,WGAN-GP,Compute,evaluation_time_seconds,13.08536276593804,12.41920265904628,6.884901323821396,10.06603029207326,12.7091515827924,9.677044223994017,29.76704480200715,29.04377809099969,39.14711013100168,37.21152163999795,20.001114751167187,12.36358240008423,10
Real Estate,WGAN-GP,Compute,generation_time_seconds,0.0,0.0,0.0,0.0,0.0,0.0,0.0,0.0,0.0,0.0,0.0,0.0,10
Real Estate,WGAN-GP,Compute,total_time_seconds,27.72939119604416,27.46545173204504,23.98151015699841,29.36341846385039,33.66116570401937,28.16369761107489,111.3574783999939,98.7641122549976,103.8611085299926,99.19251250399977,58.35398465530161,38.89602707999543,10
Real Estate,WGAN-GP,Compute,training_time_seconds,14.56494558905251,15.00249882298522,17.0446633847896,19.24861028208397,20.85658080899157,18.29826992400922,81.27789622799901,69.23816536300001,64.42690449600923,61.50962680899829,38.146816170791865,27.183635059461245,10
Real Estate,WGAN-GP,Fidelity,KS_Complement,0.7748580060422962,0.8009008056394764,0.7971465256797584,0.7558519637462237,0.8249113796576033,0.8221782477341391,0.8113892245720041,0.8217200402819738,0.7915438066465258,0.7989486404833838,0.7999448640483384,0.022052036917929233,10
Real Estate,WGAN-GP,Fidelity,MMD,0.0584686475310728,0.0428189227049211,0.0529096139030569,0.1289105224305483,0.032786280358547,0.0405155480797424,0.048798021997677,0.0464405917724801,0.0719945409029797,0.0705296033152216,0.059417229299624695,0.02744162641077502,10
Real Estate,WGAN-GP,Fidelity,Quality_Score,0.8731865744266415,0.8663784655504148,0.8929445521229075,0.8692306849951621,0.8928796483442953,0.8965187313988761,0.8618629456129385,0.9049481691782116,0.8527675490502439,0.8601254538554648,0.8770842774535156,0.018126763053952402,10
Real Estate,WGAN-GP,Fidelity,Wasserstein_Distance,88.36492216213945,79.86053241823551,92.393253287723,111.0089366460218,84.42304366600044,71.6658161509772,76.66011676033726,64.1847412818194,78.30159702031266,144.6224647109273,89.1485424104494,23.279525225858485,10
Real Estate,WGAN-GP,Privacy,MIA_AUC,0.9107407407407409,0.761358024691358,0.7550617283950618,0.91679012345679,0.7092592592592593,0.7232098765432099,0.69,0.7235802469135802,0.8466666666666667,0.8801234567901234,0.791679012345679,0.08780776769630401,10
Real Estate,WGAN-GP,Privacy,Mahalanobis_Distance,2.683444034384967,2.32739639335831,2.427022268400772,3.014437090262017,2.25014306725066,2.223182953491249,2.385249893610918,2.415267429295063,2.385731300418643,2.776210817105492,2.4888085247578093,0.25405939976229813,10
Real Estate,WGAN-GP,Privacy,Mean_Distance,2.683444034384967,2.32739639335831,2.427022268400772,3.014437090262017,2.25014306725066,2.223182953491249,2.385249893610918,2.415267429295063,2.385731300418643,2.776210817105492,2.4888085247578093,0.25405939976229813,10
Real Estate,WGAN-GP,Privacy,Median_Distance,2.587359847341378,2.29887545910929,2.401753666985029,2.972281444799359,2.267076260063624,2.187382226470181,2.37440891261603,2.384623679230507,2.388530543265561,2.733128663297878,2.459542070317884,0.23857425100888277,10
Real Estate,WGAN-GP,Privacy,NNDR,0.938889564696504,0.9145411039049736,0.9357954628999644,0.9435348722131356,0.9205559931932316,0.9302317975835864,0.9365383983684532,0.9392706858676548,0.9209427877093264,0.9349377072555104,0.9315238373692342,0.009637395300074068,10
Real Estate,WGAN-GP,Utility,MAE_Increase,2.227440948028962,2.811404603154728,0.9036901380349888,2.386756414217133,2.418725526028418,1.813106757857888,1.984329049897862,2.141727892824335,5.657306747287322,1.877679213585361,2.4222167290916996,1.2427729090815003,10
Real Estate,WGAN-GP,Utility,MAE_TRTR,4.772128029274763,4.772128029274763,4.772128029274763,4.772128029274763,4.772128029274763,4.772128029274763,4.772128029274763,4.772128029274763,4.772128029274763,4.772128029274763,4.7721280292747625,0.0,10
Real Estate,WGAN-GP,Utility,MAE_TSTR,6.999568977303724,7.58353263242949,5.675818167309751,7.158884443491895,7.190853555303181,6.58523478713265,6.756457079172624,6.913855922099097,10.42943477656208,6.649807242860123,7.19434475836646,1.2427729090814987,10
Real Estate,WGAN-GP,Utility,R2_Gap,0.1916048742553753,0.323767957949378,0.0729732217168283,0.2650156980704447,0.2531137347756052,0.2686448514017366,0.2692867794324754,0.2021688630784207,0.6196413005417788,0.1885277718620303,0.2654745053084073,0.1419904925807093,10
Real Estate,WGAN-GP,Utility,R2_TRTR,0.7345880007247932,0.7345880007247932,0.7345880007247932,0.7345880007247932,0.7345880007247932,0.7345880007247932,0.7345880007247932,0.7345880007247932,0.7345880007247932,0.7345880007247932,0.7345880007247932,0.0,10
Real Estate,WGAN-GP,Utility,R2_TSTR,0.5429831264694179,0.4108200427754152,0.661614779007965,0.4695723026543486,0.4814742659491881,0.4659431493230566,0.4653012212923179,0.5324191376463725,0.1149467001830145,0.546060228862763,0.4691134954163859,0.14199049258070928,10
Real Estate,WGAN-GP,Utility,RMSE_Increase,2.118659115431653,3.282909795998673,0.9047409326864172,2.802290761026423,2.66915212731487,2.784738048767744,2.839159805112351,2.225917818973299,5.554639656147124,2.085283564760847,2.72674916262194,1.1871113282988985,10
Real Estate,WGAN-GP,Utility,RMSE_TRTR,6.629082150351707,6.629082150351707,6.629082150351707,6.629082150351707,6.629082150351707,6.629082150351707,6.629082150351707,6.629082150351707,6.629082150351707,6.629082150351707,6.629082150351707,0.0,10
Real Estate,WGAN-GP,Utility,RMSE_TSTR,8.74774126578336,9.91199194635038,7.533823083038124,9.43137291137813,9.298234277666577,9.413820199119453,9.468241955464055,8.854999969325005,12.18372180649883,8.714365715112553,9.355831312973645,1.1871113282988985,10
