fixed_acidity,volatile_acidity,citric_acid,residual_sugar,chlorides,free_sulfur_dioxide,total_sulfur_dioxide,density,pH,sulphates,alcohol
7.24,0.707,0.09,1.37,0.103,8.9,16.6,0.997717,3.45,0.5,10.030950008
5.98,0.372,0.26,1.26,0.047,21.0,122.6,0.992866,3.6,0.44,9.952914531
6.67,0.217,0.33,3.88,0.057,41.8,149.3,0.994727,3.09,0.71,11.121284116
6.84,0.299,0.23,1.03,0.046,45.8,194.0,0.994915,3.04,0.5,9.283827986
7.81,0.213,0.55,12.74,0.095,9.8,16.8,0.997509,3.12,0.48,10.526364491
6.22,0.179,0.5,12.93,0.036,31.0,152.1,0.992952,3.19,0.5,10.733040488
8.04,0.403,0.44,2.24,0.11,7.7,32.7,1.000712,3.28,1.05,10.460022114
9.3,0.776,0.0,1.67,0.088,3.4,6.0,0.99675,3.52,0.76,10.325660922
6.07,0.171,0.27,1.15,0.032,25.0,113.1,0.991813,3.41,0.48,11.930866529
6.05,0.186,0.23,5.47,0.032,87.0,170.9,0.992296,3.15,0.44,11.82404791
8.2,0.823,0.0,2.79,0.075,4.3,84.9,0.995756,3.36,0.56,10.784532476
10.32,0.635,0.6,4.32,0.051,14.1,50.4,0.995519,3.33,0.54,9.715750409
6.09,0.306,0.24,17.28,0.048,91.9,183.3,0.99791,3.21,0.55,9.092743229
5.75,0.285,0.18,1.72,0.032,26.8,102.3,0.991191,3.35,0.39,10.26926011
6.86,0.727,0.16,7.48,0.206,9.1,88.2,0.995184,3.39,0.71,11.184424831
6.19,0.242,0.3,2.09,0.038,16.4,86.9,0.990321,3.46,0.59,10.159341758
6.53,0.57,0.43,6.44,0.046,24.7,123.0,0.998335,3.05,0.58,10.402117541
5.98,0.214,0.33,1.05,0.051,29.9,65.7,0.991422,2.92,0.61,8.895696084
7.63,0.465,0.21,1.68,0.077,22.4,15.7,0.994026,3.31,0.53,10.340494922
7.77,0.772,0.1,3.15,0.095,7.1,30.4,0.995534,3.74,0.88,10.525615619
6.72,0.299,0.22,3.97,0.04,31.1,209.8,0.998259,3.25,0.45,9.926360866
8.99,0.361,0.24,11.19,0.053,62.8,212.4,0.99431,3.21,0.52,10.497561372
6.99,0.198,0.39,14.01,0.058,25.8,203.0,0.999886,3.04,0.47,8.733250874
8.23,0.259,0.29,10.16,0.057,52.3,118.0,0.993532,3.08,0.52,9.88298656
6.05,0.282,0.28,7.68,0.043,20.7,51.9,0.992876,3.14,0.58,10.148330751
6.85,0.767,0.05,1.72,0.09,3.0,21.1,0.998947,3.35,0.95,11.110265673
5.54,0.338,0.48,2.96,0.036,14.2,84.1,0.993604,3.53,0.55,12.374105946
7.12,0.823,0.56,1.31,0.078,14.6,66.9,0.998086,3.19,0.56,9.028607828
5.94,0.217,0.34,5.16,0.046,26.8,69.8,0.993549,3.25,0.54,10.742554733
6.34,0.238,0.28,9.67,0.035,16.5,173.5,0.996941,3.09,0.6,10.339165413
6.7,0.768,0.48,2.36,0.076,12.1,31.4,0.993886,3.19,0.49,10.00015468
5.81,0.16,0.34,1.08,0.023,24.7,136.8,0.989479,3.74,0.35,11.63862882
7.18,0.306,0.25,1.15,0.051,67.7,176.0,0.998279,3.08,0.51,8.777293769
6.15,0.242,0.35,1.24,0.039,32.6,82.1,0.999653,3.13,0.55,12.409072855
5.94,0.31,0.26,1.92,0.035,35.1,115.6,0.990896,3.17,0.55,11.938498309
9.46,0.87,0.11,1.35,0.109,6.4,21.3,0.995851,3.11,0.66,10.084337931
7.37,0.399,0.28,1.72,0.048,48.4,145.7,0.992962,3.23,0.43,11.803815138
7.35,0.241,0.23,1.78,0.047,56.7,160.8,0.999823,3.37,0.55,9.346042797
7.82,0.202,0.22,15.66,0.051,53.3,226.7,0.996524,2.99,0.63,9.246447297
7.18,0.26,0.45,8.88,0.048,19.1,148.1,0.996479,3.29,0.53,8.58135252
7.52,0.766,0.52,2.32,0.091,7.5,23.9,0.99702,3.35,0.42,10.702330398
5.84,0.275,0.28,2.39,0.03,15.0,142.9,0.992901,3.32,0.55,10.694701893
6.34,0.249,0.32,9.86,0.047,13.5,160.0,0.993231,3.33,0.6,10.858523834
6.3,0.264,0.25,5.41,0.034,27.2,93.3,0.991387,3.52,0.56,11.897701449
6.94,0.286,0.33,15.59,0.031,25.2,102.2,0.994012,3.19,0.43,8.9448868
6.19,0.184,0.26,10.12,0.038,45.1,193.8,0.998422,3.48,0.46,8.893913888
8.58,0.296,0.28,10.23,0.049,41.6,172.9,0.994832,2.98,0.98,10.95524897
6.9,0.299,0.32,4.89,0.046,17.3,101.4,0.993465,3.3,0.43,12.336574092
5.51,0.246,0.31,1.22,0.018,14.9,122.2,0.990844,3.38,0.45,11.938751794
5.73,0.421,0.27,1.55,0.026,15.4,58.4,0.993871,3.39,0.85,12.593040548
5.95,0.189,0.32,2.0,0.051,26.8,74.8,0.991531,3.12,0.5,9.054466236
8.54,0.81,0.12,2.14,0.087,2.8,10.1,0.998941,3.4,0.95,11.099249483
5.96,0.26,0.52,14.56,0.116,10.0,118.6,0.991635,3.67,1.02,12.37264337
7.95,0.187,0.3,13.99,0.064,40.7,153.0,0.9961,3.08,0.48,9.003869458
5.07,0.826,0.36,1.67,0.043,58.0,147.2,0.995127,3.46,0.56,11.681522265
6.96,0.185,0.3,2.06,0.019,24.1,142.2,0.990436,3.56,0.58,11.306955576
7.74,0.377,0.33,3.3,0.056,31.2,206.0,0.999076,3.21,0.89,9.39687178
7.37,0.404,0.29,12.38,0.048,28.4,195.3,0.997046,3.32,0.47,8.977880426
6.04,0.178,0.31,7.32,0.028,56.4,109.6,0.996064,3.31,0.53,10.126364467
8.63,0.32,0.23,11.53,0.052,38.9,176.1,0.99913,3.07,0.53,9.467032122
10.25,0.811,0.07,2.59,0.077,7.6,50.5,0.996378,3.48,0.7,10.89468367
5.82,0.428,0.47,1.77,0.039,27.5,126.4,0.990515,3.54,0.52,11.722112979
6.95,0.208,0.23,5.24,0.048,38.5,88.5,0.995832,3.27,0.46,9.393414629
6.76,0.351,0.39,8.02,0.035,37.3,106.3,0.990521,3.5,0.61,11.699407428
7.65,0.696,0.6,1.8,0.093,8.8,19.8,0.997215,3.37,0.66,10.27038573
7.64,0.97,0.12,1.57,0.075,7.3,6.0,0.99959,3.42,0.75,9.036664626
6.19,0.202,0.27,9.27,0.056,77.8,202.1,0.999152,3.02,0.39,9.228386562
5.59,0.287,0.34,7.5,0.05,33.0,104.5,0.998033,3.51,0.5,9.043473193
8.33,0.951,0.11,1.47,0.09,5.4,24.7,0.998116,3.39,0.52,11.373580014
6.6,0.178,0.51,4.24,0.056,29.5,115.5,0.99525,3.2,0.71,10.74920791
5.94,0.219,0.23,8.11,0.029,26.4,186.7,0.991886,3.21,0.47,10.652449149
5.66,0.241,0.36,2.29,0.034,14.8,84.2,0.995659,3.39,0.85,10.183838738
5.56,0.28,0.21,1.77,0.038,20.5,93.4,0.989828,3.36,0.41,10.914881942
7.25,0.796,0.06,1.41,0.081,3.4,6.0,0.995598,3.57,0.68,10.189325098
7.48,0.258,0.32,2.42,0.023,19.3,124.3,0.993081,3.46,0.53,11.210756229
5.98,0.185,0.27,14.08,0.046,40.5,204.1,0.996193,2.9,0.48,8.852408414
6.06,0.429,0.23,1.06,0.034,27.9,105.7,0.996819,3.33,0.59,10.858583358
5.76,0.284,0.2,2.75,0.027,15.0,112.6,0.990643,3.39,0.76,11.400768034
7.61,0.367,0.19,7.76,0.056,58.0,174.0,0.997039,3.04,0.49,9.095219733
5.48,0.196,0.2,1.47,0.021,37.2,69.4,0.98888,3.46,0.33,11.552779874
9.65,0.704,0.05,1.89,0.103,7.8,35.6,1.001239,3.29,0.45,10.591359367
6.44,0.198,0.42,3.92,0.023,26.8,118.4,0.993321,3.48,0.53,12.138256515
5.93,0.209,0.51,2.93,0.037,30.9,143.4,1.000143,3.04,0.47,10.371065771
5.38,0.316,0.45,5.05,0.023,40.7,93.1,0.98929,3.56,0.6,11.93099211
8.89,0.759,0.51,2.38,0.081,4.7,23.4,0.998103,3.29,0.41,9.239726742
5.78,0.258,0.29,2.5,0.032,20.4,86.7,0.990255,3.17,0.45,11.983125662
7.18,0.269,0.32,1.77,0.025,35.4,140.6,0.991024,3.56,0.44,12.16122307
5.68,0.246,0.38,8.12,0.055,21.7,109.7,0.99591,3.18,0.58,9.776673324
6.24,0.289,0.27,6.4,0.047,24.0,174.3,0.99287,3.01,0.49,8.799554973
7.86,0.517,0.06,1.67,0.1,14.5,18.5,0.991841,3.26,0.72,10.961298849
6.76,0.204,0.21,1.69,0.044,41.9,112.5,0.990494,3.0,0.47,12.113676569
5.93,0.277,0.26,11.5,0.044,38.3,162.8,0.994975,3.4,0.4,10.37099094
6.04,0.334,0.28,4.72,0.024,43.2,122.4,0.993214,3.28,0.52,10.924455911
6.53,0.28,0.3,15.09,0.051,58.7,141.2,0.992231,3.27,0.54,10.090169893
7.7,0.782,0.19,1.69,0.08,19.8,43.5,0.998443,3.26,0.37,10.443024813
5.82,0.263,0.26,3.18,0.043,44.3,185.3,0.993581,3.24,0.47,10.286497847
9.59,0.249,0.28,7.95,0.051,53.6,222.5,0.992309,3.11,0.58,9.654161134
6.22,0.267,0.29,7.62,0.047,25.9,86.3,0.991855,3.13,0.44,12.46266196
5.09,0.173,0.28,2.05,0.035,15.1,97.3,0.992399,3.3,0.47,12.230505044
5.55,0.325,0.25,5.38,0.034,16.8,97.3,0.990092,3.22,0.54,11.342133905
6.19,0.262,0.31,8.89,0.057,38.5,144.4,0.995979,2.86,0.55,8.697026972
8.24,0.239,0.41,1.42,0.037,18.7,76.6,0.991539,3.35,0.56,12.734207507
8.17,0.61,0.3,1.34,0.101,12.7,18.0,0.996078,3.43,0.64,10.859492215
5.82,0.614,0.32,2.19,0.073,13.0,99.5,0.999096,3.66,0.53,10.288816572
8.0,0.599,0.2,2.08,0.09,5.4,27.3,0.994753,3.29,0.85,11.141419579
8.51,0.846,0.12,1.08,0.116,19.2,25.0,0.994651,3.03,0.56,9.951661056
5.73,0.355,0.29,8.93,0.05,35.3,172.0,0.997663,3.19,0.45,9.238024507
7.32,0.547,0.08,1.91,0.105,15.4,6.0,0.997125,3.45,0.54,10.016979353
7.98,0.604,0.48,1.61,0.084,20.0,30.4,0.995255,3.35,0.53,10.55472
9.0,0.254,0.31,1.43,0.076,19.2,91.1,0.997305,3.54,0.51,9.554988519
8.64,0.218,0.28,10.91,0.053,31.2,209.2,0.993761,2.97,0.76,9.382679681
7.28,0.722,0.15,1.04,0.086,21.0,11.2,0.99537,3.05,0.5,10.779679348
6.34,0.263,0.26,2.3,0.046,39.3,125.3,0.99113,3.47,0.43,9.348049652
9.37,0.715,0.02,2.52,0.085,7.8,14.4,0.996074,3.37,0.64,10.413679828
8.74,0.237,0.64,1.0,0.051,8.0,61.3,0.995953,3.17,0.47,10.183730933
7.57,0.292,0.32,0.8,0.263,53.0,28.0,0.997919,3.48,0.48,11.056242478
6.26,0.242,0.19,12.54,0.04,51.3,155.4,0.995395,2.89,0.52,8.640023526
6.93,0.279,0.27,2.25,0.025,14.9,141.0,0.991547,3.48,0.54,11.75995534
6.5,0.586,0.28,2.02,0.04,35.0,50.4,0.993026,3.18,0.4,10.641800922
6.48,0.553,0.14,1.29,0.066,27.3,6.0,0.996391,3.38,0.45,8.941410767
5.61,0.34,0.3,4.07,0.023,31.2,92.8,0.989989,3.23,0.38,11.569175334
5.85,0.272,0.58,13.72,0.056,18.0,46.5,0.992588,3.5,0.46,11.912534653
5.97,0.35,0.27,8.65,0.052,40.8,107.6,0.992549,3.32,0.49,9.614633816
6.96,0.278,0.3,14.69,0.049,49.0,188.1,0.997584,2.98,0.54,8.798584314
5.72,0.284,0.26,1.22,0.033,49.9,84.4,0.98975,3.24,0.35,11.730222209
5.8,0.366,0.14,1.45,0.036,19.9,86.8,0.991846,3.25,0.79,11.791824743
6.8,0.262,0.32,1.85,0.027,53.1,123.8,0.991309,3.27,0.34,12.589078319
6.24,0.206,0.41,1.88,0.032,12.1,99.5,0.99415,2.98,0.46,11.861251696
6.32,0.24,0.29,2.39,0.036,32.4,96.4,0.990802,3.32,0.31,12.137935098
8.2,0.335,0.45,10.2,0.033,37.0,103.4,0.991684,3.44,0.53,9.411136239
8.77,0.774,0.07,1.5,0.088,6.5,8.0,0.999364,3.36,0.56,10.243329784
6.07,0.2,0.49,6.39,0.056,16.7,183.8,0.997456,3.17,0.41,9.033236087
7.17,0.812,0.21,1.47,0.091,22.8,19.0,0.996297,3.32,0.49,9.874929474
6.21,0.274,0.33,13.65,0.041,14.7,78.7,0.990964,3.61,0.83,10.832504389
7.88,0.31,0.31,1.73,0.044,19.2,153.3,0.998391,2.98,0.55,10.305599479
11.18,0.695,0.14,2.47,0.054,8.3,182.2,0.993771,3.29,0.47,11.167112968
8.03,0.245,0.28,1.64,0.056,49.4,159.3,0.996444,3.29,0.42,9.221212209
7.48,0.256,0.3,6.62,0.048,47.7,125.3,0.996439,3.23,0.56,10.866481919
7.53,1.151,0.43,2.91,0.089,11.3,23.3,0.999056,3.44,0.57,11.224014355
5.76,0.316,0.49,3.05,0.028,49.3,133.4,0.997392,3.48,0.57,11.930810915
6.15,0.32,0.3,3.78,0.032,50.2,94.2,0.990602,3.48,0.49,12.152046508
6.75,0.22,0.31,1.28,0.029,38.4,91.0,0.990582,3.31,0.56,11.458830186
5.95,0.291,0.23,5.47,0.02,27.3,115.6,0.989825,3.58,0.62,11.356123821
4.76,0.179,0.3,5.05,0.03,25.2,120.8,0.99071,3.29,0.36,11.763648047
6.29,0.279,0.47,9.46,0.058,33.5,198.8,0.99828,3.12,0.53,9.423736876
6.13,0.284,0.25,1.21,0.047,31.0,145.6,0.993547,3.31,0.42,11.601537646
6.82,0.325,0.41,1.84,0.026,37.0,112.5,0.993387,3.26,0.44,12.752958428
5.96,0.351,0.26,1.62,0.052,37.8,125.7,0.993568,3.34,0.43,10.963048838
6.96,0.206,0.41,6.09,0.032,10.8,109.3,0.992565,3.27,0.54,12.79051771
6.93,0.211,0.27,14.75,0.053,51.2,228.4,0.992335,2.97,0.49,8.756026436
7.79,0.738,0.07,2.05,0.065,5.7,6.1,0.995369,3.53,0.71,10.405539323
6.45,0.117,0.45,4.04,0.041,49.6,35.2,0.994819,3.29,0.39,11.886988555
6.66,0.189,0.32,11.3,0.048,47.8,153.0,0.995659,3.16,0.46,8.896011461
7.37,0.705,0.3,3.8,0.103,8.8,18.2,0.994001,3.51,0.65,10.502917133
5.11,0.172,0.35,2.39,0.031,17.2,47.9,0.991276,3.44,0.48,10.811720322
7.77,0.628,0.34,1.98,0.075,6.1,15.0,0.997071,3.49,0.6,10.200119024
6.09,0.157,0.3,1.85,0.034,33.0,126.0,0.990525,3.28,0.59,10.939224196
7.14,0.633,0.09,3.39,0.091,21.9,42.2,0.997101,3.32,0.53,9.358467409
7.36,0.675,0.15,0.86,0.08,5.6,151.6,0.998115,3.18,0.68,8.601928674
5.91,0.166,0.31,13.23,0.042,134.3,195.7,0.996102,3.04,0.39,8.841219909
9.36,0.445,0.48,1.8,0.044,20.6,6.0,0.994694,3.21,0.52,10.056771452
5.96,0.178,0.28,12.44,0.067,47.2,178.2,0.998332,3.12,0.39,8.845103208
6.82,0.201,0.43,1.13,0.038,15.6,85.5,0.995979,3.42,0.56,9.964489205
5.83,0.22,0.33,9.9,0.042,16.4,191.4,0.997898,3.04,0.43,9.45757808
9.87,0.221,0.33,11.33,0.043,41.2,150.6,0.998321,3.09,0.47,9.249322825
6.22,0.241,0.22,2.76,0.043,20.3,91.2,0.991368,3.4,0.85,11.503328948
6.79,0.959,0.05,1.83,0.088,4.3,18.9,0.998889,3.54,0.64,10.639485439
5.63,0.214,0.22,1.86,0.031,67.1,165.5,0.992367,3.2,0.4,10.655861434
6.72,0.269,0.38,4.61,0.047,28.6,103.3,0.993022,3.39,0.49,11.601537773
8.12,0.543,0.28,2.06,0.048,34.3,157.2,0.997338,3.31,0.76,10.282209685
6.69,0.203,0.29,12.05,0.044,54.3,201.7,0.995252,3.03,0.4,8.660940608
6.85,0.272,0.5,2.01,0.047,36.0,105.3,0.995475,3.17,0.43,11.077390789
5.89,0.225,0.29,1.09,0.037,34.9,161.7,0.992735,3.01,0.46,11.345302862
6.53,0.291,0.33,15.1,0.055,42.9,217.6,1.00027,3.16,0.5,8.854027377
7.36,0.268,0.23,15.5,0.058,58.7,219.6,0.996223,3.01,0.44,8.804483347
8.97,0.497,0.09,1.64,0.093,4.4,23.9,0.999187,3.71,0.57,11.05787774
5.47,0.797,0.46,1.99,0.132,11.9,31.3,1.000771,3.59,0.52,10.55398963
6.72,0.244,0.24,1.43,0.037,11.3,99.3,0.996776,2.91,0.42,11.207209811
8.51,1.113,0.06,1.73,0.076,5.5,31.5,0.998935,3.21,0.53,10.08715468
7.8,0.711,0.03,1.0,0.09,6.8,12.8,0.995645,3.29,0.58,9.950888528
5.43,0.326,0.28,11.96,0.045,13.2,151.6,0.996046,3.02,0.37,11.358839635
4.94,0.34,0.35,4.45,0.025,24.3,82.7,0.989843,3.44,0.63,11.51851077
5.67,0.294,0.27,3.55,0.023,17.4,118.2,0.990315,3.32,0.5,12.629278578
7.97,0.822,0.12,2.66,0.088,4.4,15.9,0.995359,3.66,0.93,9.388678371
6.08,0.169,0.43,1.24,0.043,12.0,147.0,0.992845,3.35,0.41,10.565076103
7.26,0.532,0.08,1.26,0.071,4.7,6.0,0.999052,3.51,0.7,9.765016114
6.32,0.254,0.42,3.66,0.053,34.6,109.1,0.993762,3.37,0.46,9.872976984
6.55,0.268,0.32,1.22,0.045,58.8,89.9,0.992709,3.31,0.59,9.849815719
6.47,0.185,0.38,4.13,0.048,50.7,14.1,0.99273,3.23,0.65,11.359290052
7.86,1.022,0.12,1.96,0.07,2.7,97.2,1.00134,3.53,0.83,10.186150224
7.59,0.835,0.1,1.48,0.091,4.3,27.4,0.999246,3.4,0.58,10.57929245
5.62,0.314,0.47,11.65,0.052,31.9,169.6,0.993556,3.4,0.52,10.587097699
8.93,0.653,0.08,2.02,0.088,8.7,20.0,0.998449,3.29,0.58,10.213446635
7.1,0.273,0.31,12.17,0.045,35.0,193.9,0.991688,3.23,0.52,9.642322455
6.99,0.156,0.14,1.8,0.101,7.6,11.6,0.995139,3.09,0.8,10.749023772
7.2,0.176,0.27,1.37,0.048,36.2,191.5,0.995113,3.01,0.65,11.236193303
6.49,0.41,0.25,1.71,0.047,28.7,183.8,0.993492,3.36,0.47,9.387870386
6.02,0.273,0.24,2.0,0.034,54.8,104.7,0.993077,3.21,0.5,10.91292502
7.05,0.952,0.0,2.63,0.079,7.1,6.0,0.996519,3.36,0.47,11.455888111
6.48,0.197,0.28,9.51,0.049,22.3,152.0,0.997635,3.0,0.41,9.36468212
6.95,0.604,0.3,1.64,0.035,20.4,124.7,0.992626,3.3,0.55,12.035334149
7.43,0.714,0.01,1.6,0.079,8.0,23.2,0.997446,3.22,0.41,10.950629919
6.2,0.32,0.57,1.33,0.048,173.9,196.2,0.993627,3.09,0.51,9.163879908
9.17,1.015,0.5,2.87,0.088,4.7,15.4,0.99619,3.43,0.61,10.99169317
5.77,0.355,0.33,1.64,0.029,12.3,105.7,0.992829,3.55,1.13,12.132945063
5.71,0.337,0.27,1.37,0.022,34.8,113.6,0.991419,3.23,0.44,10.19169004
6.13,0.295,0.22,2.49,0.047,16.7,124.7,0.991103,3.26,0.69,12.218357689
9.44,0.288,0.29,2.61,0.036,19.6,81.5,0.991577,3.39,0.35,10.329152275
9.25,0.63,0.1,2.65,0.071,14.8,6.0,1.000224,2.91,0.42,10.797114203
6.99,0.214,0.2,12.38,0.049,64.2,218.0,0.99894,3.17,0.49,8.629694416
6.62,0.232,0.33,4.74,0.038,35.2,172.0,0.992574,3.06,0.44,9.323302839
7.77,0.55,0.61,2.89,0.077,6.1,14.3,0.996746,3.41,0.88,10.961336485
6.39,0.222,0.29,9.68,0.043,59.8,161.8,0.997264,3.23,0.47,10.566102001
7.5,0.177,0.21,1.92,0.031,43.4,109.4,0.991593,3.53,0.63,12.138441404
5.36,0.308,0.33,1.5,0.032,36.9,94.7,0.990379,3.33,0.89,12.144620341
6.6,0.488,0.28,14.14,0.044,30.3,196.9,0.997565,3.2,0.43,9.281634786
9.52,0.304,0.24,2.22,0.042,48.3,166.2,0.997796,3.49,0.42,8.995879262
7.87,0.279,0.49,2.24,0.043,16.7,118.6,0.993064,3.27,0.43,10.554585175
6.33,0.161,0.41,2.24,0.038,8.4,104.8,0.989203,3.15,0.38,11.800618192
6.17,0.316,0.23,15.24,0.052,103.0,235.9,0.996056,3.09,0.53,9.136267927
6.44,0.167,0.31,1.72,0.055,16.6,187.7,0.995338,2.96,0.56,10.136797073
7.18,0.278,0.3,1.24,0.04,22.9,84.0,0.996511,3.27,0.47,10.861272197
7.09,0.144,0.33,1.36,0.036,22.0,100.2,0.992276,3.6,0.74,11.506749515
5.87,0.876,0.53,1.67,0.063,11.3,73.4,0.995448,3.08,0.72,11.355368
7.53,0.226,0.29,10.54,0.059,44.1,213.8,0.996107,3.17,0.52,8.501413793
9.61,0.841,0.54,1.96,0.087,26.0,20.9,0.995946,2.98,0.46,10.419428738
6.52,0.372,0.64,13.75,0.056,12.2,196.5,0.997713,3.09,0.5,8.999823426
6.1,0.354,0.22,9.13,0.047,14.9,182.1,0.988973,3.47,0.93,12.887660089
9.65,0.985,0.05,2.46,0.1,10.7,18.7,0.998738,3.09,0.96,9.628085955
6.16,0.201,0.23,4.79,0.026,32.1,123.9,0.991013,3.49,0.45,11.690952224
7.32,0.293,0.32,1.4,0.031,9.9,67.6,0.991334,3.5,0.43,12.392195562
6.56,0.256,0.47,1.39,0.084,24.2,16.6,1.000728,3.02,0.43,9.994115748
6.59,0.321,0.28,1.97,0.027,10.6,85.8,0.993126,3.46,0.75,9.429710124
6.53,0.47,0.33,1.84,0.05,13.9,109.6,0.993379,3.09,0.59,11.74676443
6.69,0.335,0.29,12.75,0.055,31.4,133.5,0.99959,3.01,0.49,9.394011917
7.61,0.273,0.23,1.89,0.048,45.1,68.6,0.99647,2.89,0.5,9.839186966
7.55,0.231,0.65,4.15,0.1,5.3,101.5,0.993915,3.29,0.35,10.84563638
6.3,0.268,0.23,5.93,0.029,25.9,116.7,0.99292,3.53,0.45,12.502039043
5.45,0.383,0.3,1.18,0.063,45.5,169.3,0.998655,3.17,0.49,8.983009287
6.77,0.183,0.12,1.68,0.055,14.6,94.9,0.991935,3.16,0.51,9.34981277
6.69,0.216,0.36,1.39,0.05,35.5,130.0,0.99351,3.02,0.48,10.303913865
5.69,0.172,0.25,3.29,0.028,62.3,127.8,0.989922,3.29,0.61,10.748517462
6.36,0.164,0.47,1.6,0.043,47.5,126.7,0.991175,3.5,0.39,12.421231251
6.43,0.201,0.3,13.39,0.046,35.7,230.2,0.999128,3.09,0.37,9.007406216
5.89,0.285,0.3,2.12,0.043,44.0,201.1,0.993973,3.33,0.78,12.515507824
6.8,0.592,0.19,1.67,0.07,9.4,6.0,0.997591,3.27,0.47,9.256028044
6.83,0.195,0.3,9.52,0.058,42.1,242.4,0.998502,3.18,0.51,9.264301233
6.6,0.198,0.49,1.38,0.041,27.5,106.8,0.990613,3.13,0.67,8.700147605
7.58,0.18,0.27,1.66,0.041,42.3,83.6,0.993295,3.27,0.67,11.611020373
6.65,0.214,0.3,1.25,0.027,32.7,88.0,0.990364,3.24,0.64,12.245696872
6.15,0.622,0.23,6.49,0.07,13.6,158.0,0.995607,3.11,0.55,10.097036974
6.26,0.276,0.45,4.39,0.05,48.4,89.1,0.997299,3.46,0.54,10.359787805
6.14,0.232,0.3,1.54,0.044,28.0,120.3,0.989846,3.27,0.49,9.380294831
5.84,0.389,0.25,5.72,0.054,101.8,165.7,0.998773,3.0,0.37,9.423048216
6.43,0.244,0.33,9.2,0.046,41.6,140.1,0.998347,2.99,0.39,9.410103737
6.08,0.317,0.39,2.86,0.031,45.0,104.9,0.990436,3.06,0.45,11.377865698
6.67,0.307,0.54,13.55,0.048,44.8,173.7,0.998799,3.13,0.61,9.046521362
8.4,0.656,0.15,1.15,0.193,11.2,29.5,0.992194,3.07,0.54,9.08344107
6.87,0.168,0.2,6.73,0.056,40.1,198.2,0.998733,3.1,0.5,9.251073826
6.81,0.903,0.63,14.26,0.08,18.4,60.6,0.997445,3.47,0.7,10.612727453
7.08,0.17,0.22,1.36,0.041,16.1,85.7,0.994412,3.26,0.47,11.565800574
6.82,0.412,0.23,2.0,0.055,43.6,179.8,0.995909,3.11,0.57,9.098873424
4.98,0.219,0.28,14.5,0.05,49.4,167.4,0.994935,3.32,0.36,12.476859463
6.88,0.2,0.3,9.04,0.045,15.6,128.2,0.996492,3.14,0.56,8.744251222
8.15,0.373,0.22,15.61,0.049,8.3,131.2,0.992895,3.59,0.58,10.55018649
7.32,0.549,0.11,1.51,0.074,18.2,138.6,0.994207,3.25,0.48,10.830035622
6.23,0.206,0.27,1.7,0.04,27.1,143.8,0.992067,3.05,0.61,10.297684755
6.4,0.291,0.24,1.84,0.021,20.8,136.0,0.991149,3.71,0.59,12.646562138
8.03,0.221,0.37,9.17,0.04,34.4,36.3,0.99555,3.31,0.61,10.273589011
5.07,0.418,0.29,13.4,0.061,46.3,156.0,0.994962,3.07,0.46,9.215662946
6.05,0.172,0.27,12.69,0.051,56.5,175.3,0.999009,3.17,0.63,9.351954884
6.91,0.226,0.59,16.57,0.061,49.7,246.6,0.997962,3.08,0.9,8.976625688
5.72,0.252,0.21,6.41,0.053,63.1,225.8,0.998413,3.27,0.68,9.064330202
10.0,0.294,0.54,12.17,0.047,49.3,146.5,0.995965,3.12,0.59,9.180528364
8.59,0.66,0.13,3.01,0.092,8.3,15.3,0.99796,3.28,0.74,10.15352816
7.93,0.217,0.2,11.29,0.049,44.0,210.7,0.991873,3.08,0.49,9.368035341
6.75,0.412,0.22,2.15,0.029,29.4,71.9,0.990663,3.24,0.48,11.988760453
5.89,0.21,0.29,4.81,0.048,29.5,107.7,0.998702,3.26,0.46,9.249459963
4.76,0.206,0.15,1.72,0.037,53.0,161.0,0.989606,3.51,0.72,10.468926153
6.05,0.154,0.25,2.75,0.039,26.9,106.5,0.992788,3.22,0.77,10.736956402
6.19,0.223,0.28,8.47,0.029,59.1,82.6,0.989939,3.4,0.48,11.715443674
6.77,0.383,0.65,0.91,0.051,14.8,172.2,0.997315,3.45,0.52,9.046730487
6.34,0.173,0.27,1.58,0.039,32.2,113.0,0.991217,3.21,0.59,9.443865296
6.95,0.892,0.5,1.41,0.078,50.4,23.8,0.995272,3.55,0.6,10.369007767
11.16,0.24,0.47,7.54,0.097,7.3,198.2,0.99978,3.38,0.85,10.392871341
7.28,0.242,0.12,1.16,0.049,59.5,31.1,0.996928,3.17,0.5,9.790754904
6.36,0.379,0.25,3.82,0.02,23.8,124.4,0.991493,3.55,0.41,10.265437284
7.6,0.223,0.47,13.56,0.046,20.5,123.7,0.998205,3.31,0.83,9.428024558
6.07,0.33,0.31,2.79,0.047,31.3,93.1,0.991468,3.24,0.53,9.552012914
7.98,0.631,0.12,4.2,0.092,5.6,16.1,0.993527,3.29,1.14,9.722321176
10.73,0.711,0.16,1.9,0.084,9.4,42.6,0.998209,3.37,0.59,10.022275425
7.63,0.169,0.64,4.64,0.047,13.8,150.3,0.996585,3.1,0.43,9.909728696
6.12,0.354,0.22,0.9,0.034,26.8,133.8,0.99387,3.27,0.38,11.479864019
8.28,0.179,0.23,17.22,0.046,51.5,134.7,0.992079,3.13,0.62,12.265169065
8.98,0.659,0.57,1.27,0.082,4.9,63.6,0.9966,3.32,0.49,10.442891105
5.65,0.243,0.15,2.6,0.03,27.6,108.1,0.993111,3.38,0.59,11.270917992
7.89,0.296,0.28,2.07,0.039,11.6,96.3,0.991003,3.09,0.83,12.772007
7.44,0.28,0.27,12.65,0.04,10.6,182.9,0.995149,3.2,0.5,9.385110471
6.39,0.31,0.27,4.05,0.046,12.9,73.5,0.992815,3.43,0.62,11.726341337
5.66,0.328,0.28,15.47,0.044,44.7,194.2,0.995809,3.44,0.53,8.830729011
5.89,0.2,0.25,2.93,0.021,22.7,94.8,0.989356,3.14,0.34,11.802441398
7.24,0.247,0.33,1.2,0.053,22.9,89.4,0.994304,3.08,0.69,10.59080307
7.48,0.818,0.07,2.12,0.093,4.1,6.0,0.996059,3.59,0.66,11.431992725
7.07,0.953,0.11,2.31,0.092,6.3,66.5,0.998488,3.24,0.63,9.304463172
7.05,0.387,0.4,4.18,0.038,40.4,87.3,0.989836,3.14,0.6,11.412317405
7.56,0.294,0.2,7.75,0.226,37.1,136.3,0.996175,3.09,0.47,9.330454936
7.7,0.756,0.34,1.02,0.031,13.0,22.2,0.999325,3.49,0.74,9.804203601
6.4,0.391,0.49,4.67,0.023,14.4,91.9,0.992089,3.43,0.6,11.94315124
7.95,0.38,0.2,1.17,0.041,52.9,156.8,0.990975,3.23,0.72,11.341839233
9.03,0.302,0.56,11.57,0.047,30.7,220.3,0.995697,3.21,0.51,9.193879939
8.15,0.483,0.13,1.18,0.312,3.4,60.0,0.999992,3.26,0.44,9.054821713
6.29,0.426,0.26,1.54,0.052,14.9,113.1,0.994572,3.22,0.66,10.526165097
6.6,0.342,0.36,2.15,0.027,25.0,28.2,0.99296,3.64,0.6,12.290370283
5.97,0.329,0.24,14.78,0.049,55.3,232.7,0.998092,3.07,0.62,8.982252798
6.4,0.278,0.31,2.66,0.041,55.9,92.5,0.990809,3.41,0.41,11.626990343
6.6,0.415,0.1,0.99,0.049,34.4,166.3,0.997122,2.98,0.9,10.426453313
5.82,0.213,0.32,2.93,0.035,14.3,91.9,0.995255,3.55,0.56,12.149823334
6.56,0.213,0.29,0.94,0.042,36.7,71.2,0.990034,3.46,0.38,10.913532175
8.41,0.768,0.51,1.93,0.122,13.2,9.5,0.994178,3.51,1.2,13.023637909
5.64,0.652,0.12,1.66,0.087,7.6,19.6,0.997815,3.34,0.46,10.94882797
6.87,0.596,0.56,1.18,0.051,21.0,23.8,0.994895,3.27,0.63,11.214334404
5.63,0.2,0.29,5.63,0.052,49.5,192.2,0.997959,3.17,0.56,9.298159625
5.03,0.274,0.37,1.87,0.036,49.2,79.6,0.989712,3.43,0.67,12.24791004
9.04,0.595,0.11,2.64,0.083,4.0,20.8,0.999292,3.31,0.53,9.435622289
6.15,0.266,0.35,7.07,0.048,22.4,110.1,0.992867,3.21,0.57,10.027640992
5.94,0.219,0.37,12.56,0.052,30.8,211.0,0.996911,3.13,0.63,9.059055778
9.19,0.887,0.18,1.71,0.094,4.0,8.1,0.997288,3.37,0.53,11.168673936
6.96,0.252,0.31,11.89,0.053,19.7,219.2,0.994411,3.14,0.57,9.381886482
7.91,0.17,0.28,1.25,0.04,36.0,85.7,0.999072,3.29,0.47,10.701409795
7.39,0.418,0.05,1.16,0.08,4.6,61.2,0.996532,3.32,0.52,10.143828816
7.07,0.662,0.5,2.14,0.083,4.8,22.9,0.998072,3.16,0.77,8.786892303
5.44,0.176,0.23,15.21,0.044,77.2,216.8,0.996697,2.9,0.47,8.912212471
6.87,0.248,0.16,2.1,0.035,25.9,122.6,0.990232,3.48,0.5,12.703137094
7.88,0.725,0.34,1.64,0.283,6.1,19.3,0.996299,3.37,0.52,9.364331869
6.47,0.202,0.64,1.91,0.051,38.8,107.6,0.996602,3.07,0.52,11.414906751
10.34,1.079,0.13,2.16,0.065,4.7,14.3,0.996639,3.11,0.49,10.232912082
10.24,0.64,0.14,3.86,0.101,4.7,14.9,0.995666,3.46,0.71,10.081796688
6.67,0.356,0.49,3.39,0.073,19.4,111.2,0.993004,3.45,0.69,12.373736451
6.79,0.69,0.32,2.09,0.049,19.9,97.7,0.996397,3.33,0.81,9.459691159
7.69,0.31,0.28,14.2,0.042,39.7,199.2,0.998599,3.06,0.44,9.195635434
5.87,0.25,0.27,9.3,0.046,37.9,194.9,0.992942,3.12,0.51,10.796812726
7.79,0.721,0.12,1.72,0.09,7.1,11.7,0.997365,3.55,0.66,9.389199362
7.61,0.538,0.46,1.53,0.094,5.1,18.1,0.997664,3.37,0.68,11.286830144
6.6,0.259,0.25,11.05,0.047,53.0,156.1,0.995583,3.23,0.52,9.479367351
6.67,0.607,0.28,1.18,0.087,10.1,11.8,0.997212,3.41,0.51,9.874024628
7.99,0.275,0.26,12.29,0.056,17.5,245.9,0.998654,3.09,1.0,9.193226906
7.01,0.675,0.2,0.85,0.05,19.8,141.3,0.994297,3.2,1.0,9.828746234
8.21,0.274,0.28,7.43,0.05,60.0,243.8,0.998147,3.41,0.62,9.640249221
7.4,0.232,0.14,11.78,0.063,29.1,190.4,0.994908,2.99,0.48,11.134306986
5.79,0.184,0.3,12.8,0.046,51.1,164.9,0.996,2.98,0.5,10.797073984
7.45,0.258,0.27,12.12,0.058,27.6,170.2,0.999375,2.99,0.39,8.730997136
5.93,0.212,0.17,1.15,0.042,16.7,112.3,0.993418,3.34,0.49,10.293830312
6.68,0.308,0.27,2.43,0.029,2.9,135.7,0.993945,3.56,0.4,11.86858767
6.46,0.257,0.28,6.95,0.048,27.5,105.1,0.989774,3.19,0.53,12.642180633
6.46,0.169,0.09,9.53,0.059,38.8,188.1,0.998601,3.12,0.48,9.521362967
5.36,0.137,0.31,4.37,0.024,28.2,127.5,0.990677,3.53,0.51,11.330863584
5.62,0.199,0.26,4.62,0.039,10.5,203.3,0.999649,3.05,0.52,10.00367455
5.62,0.291,0.2,5.72,0.027,37.5,136.3,0.989027,3.17,0.43,11.059480373
6.11,0.24,0.26,1.91,0.05,24.1,175.4,0.993499,3.18,0.47,12.169861144
8.09,0.2,0.31,11.98,0.054,58.2,215.4,0.995556,3.0,0.65,8.745716766
7.23,0.225,0.43,1.94,0.03,22.4,148.3,0.990737,3.61,0.47,12.192256452
7.87,0.342,0.33,5.2,0.041,11.9,123.9,0.991976,3.23,0.82,11.979131264
7.12,0.289,0.39,2.07,0.047,16.8,114.1,0.993335,3.37,0.44,9.247395605
5.41,0.34,0.35,5.21,0.089,31.3,105.1,0.992954,3.54,0.64,12.56387539
7.43,0.713,0.07,2.78,0.096,5.3,6.0,1.000024,2.95,0.67,10.900169008
6.62,0.297,0.35,1.76,0.043,58.4,134.4,0.990573,3.39,0.33,12.360720174
8.89,0.258,0.39,14.61,0.046,46.0,214.8,0.997155,2.95,0.37,12.223497613
8.62,0.628,0.18,1.07,0.076,13.1,51.5,0.992869,3.3,0.53,9.98673333
7.1,0.578,0.34,1.77,0.09,10.5,22.0,0.998403,3.32,0.7,8.878739158
6.71,0.248,0.3,8.05,0.053,11.8,191.7,0.999554,3.02,0.5,9.527419462
7.17,0.743,0.21,1.68,0.084,4.8,151.0,0.995583,3.29,0.57,9.295989903
6.07,0.282,0.28,2.99,0.024,14.9,97.7,0.992795,3.33,0.41,12.941600919
8.81,0.379,0.51,1.63,0.054,41.6,205.8,0.997885,3.16,0.51,10.77903231
6.7,0.269,0.22,10.63,0.051,19.9,168.6,0.99852,3.12,0.49,9.039339245
7.34,0.397,0.25,2.09,0.052,18.4,148.2,0.993499,3.07,0.5,10.484336524
9.13,1.062,0.14,2.99,0.084,4.9,6.0,0.996818,3.36,0.61,11.116669087
6.78,0.29,0.34,2.68,0.028,22.3,113.6,0.98925,3.4,0.56,12.261858222
6.11,0.231,0.39,1.93,0.026,14.1,94.6,0.991373,3.05,0.31,11.387420322
7.49,0.728,0.44,4.9,0.083,5.8,23.3,0.999103,3.56,0.45,10.170201379
5.57,0.392,0.14,7.02,0.084,4.7,13.3,0.993772,3.37,0.68,10.4146624
7.24,0.266,0.5,15.44,0.065,54.2,192.6,0.999687,3.0,0.43,8.738557115
6.26,0.4,0.23,1.42,0.044,52.5,113.3,0.993829,3.16,0.43,10.137398538
6.1,0.348,0.16,7.18,0.039,44.2,123.1,0.995797,3.13,0.5,11.19621565
5.75,0.809,0.09,1.16,0.077,3.7,15.1,0.994703,3.3,0.59,10.682793827
6.42,0.21,0.22,13.26,0.093,45.2,214.8,0.995971,3.19,0.52,8.502875461
6.26,0.287,0.52,1.63,0.059,13.6,33.0,0.992423,3.04,0.92,10.887522843
7.47,0.206,0.25,9.4,0.037,33.9,166.3,0.995741,3.03,0.52,11.01355767
8.26,0.194,0.25,8.85,0.042,33.3,147.0,0.999975,3.16,0.53,10.130421317
9.41,0.175,0.39,13.44,0.049,47.5,82.7,0.990678,3.2,0.5,9.229202074
5.86,0.298,0.25,1.87,0.026,26.2,73.8,0.992224,3.45,0.47,10.354415112
8.31,0.708,0.42,1.18,0.07,11.6,17.0,0.997127,3.37,0.36,10.552888349
5.88,0.316,0.34,4.84,0.023,25.0,80.2,0.991048,3.23,0.34,11.837359847
7.41,0.471,0.2,1.29,0.089,8.7,143.0,0.997171,3.48,0.82,10.0913569
7.96,0.38,0.08,4.47,0.09,6.4,134.6,0.99614,3.36,0.73,10.769784395
6.41,0.184,0.5,1.08,0.052,9.5,126.0,0.994618,3.16,0.42,9.502166981
6.0,0.224,0.31,11.76,0.03,20.4,143.6,0.992929,3.16,0.4,9.392671749
7.95,0.766,0.48,3.03,0.094,26.5,6.0,0.999801,3.27,0.61,10.444425411
7.15,0.338,0.14,1.99,0.212,19.7,138.7,0.993251,3.32,0.49,11.037781208
6.94,0.436,0.3,1.57,0.043,27.5,193.5,0.995892,3.31,0.41,8.81020658
7.97,0.771,0.09,1.95,0.083,10.3,23.8,0.997651,3.35,0.55,12.6344739
5.6,0.148,0.39,2.01,0.043,16.0,86.5,0.991842,3.21,0.42,9.940886706
7.19,0.167,0.35,5.49,0.041,64.5,138.3,0.996235,3.14,0.47,8.782473759
6.27,0.181,0.29,1.81,0.014,32.0,113.8,0.990586,3.54,0.9,12.043284986
9.93,0.766,0.1,2.43,0.086,5.0,6.0,0.997106,3.56,0.77,10.729358192
5.17,0.296,0.4,1.66,0.026,33.9,148.3,0.999259,3.28,0.57,11.97582895
9.87,0.714,0.17,13.45,0.048,35.4,242.1,0.995211,3.15,0.5,8.912441524
6.32,0.38,0.38,2.73,0.025,27.4,100.7,0.990017,3.45,0.92,12.235617139
6.74,0.125,0.33,1.74,0.07,28.9,70.3,0.993612,3.49,0.52,11.716048437
6.07,0.425,0.25,8.79,0.037,59.4,204.7,0.995522,3.03,0.51,9.939032972
6.56,0.302,0.32,2.55,0.051,43.3,94.2,0.996919,3.3,0.57,11.809533284
6.71,0.24,0.2,14.49,0.058,57.0,147.0,0.994705,3.14,0.51,9.158769497
8.7,0.717,0.01,1.59,0.084,4.6,10.5,0.996219,3.57,0.8,11.27397145
7.79,0.711,0.11,1.61,0.093,5.2,32.5,0.993986,3.47,1.02,10.830590512
7.71,0.754,0.05,0.87,0.098,5.2,22.4,0.996906,3.72,0.82,10.876710108
8.44,0.171,0.63,16.07,0.074,34.0,182.3,0.999378,2.99,0.45,8.660621338
6.53,0.245,0.26,7.93,0.171,50.8,131.7,0.994458,3.32,0.52,10.205508354
6.87,0.254,0.19,4.52,0.03,10.4,121.8,0.991805,3.54,0.5,11.555926579
5.78,0.258,0.34,1.48,0.02,20.3,80.3,0.990971,3.49,0.7,11.558599462
6.41,0.17,0.25,9.96,0.054,26.0,243.5,0.998046,3.0,0.53,9.662962243
8.57,0.282,0.26,3.63,0.047,28.0,192.5,0.991922,3.37,0.9,8.897044999
5.92,0.204,0.32,2.29,0.033,29.7,92.5,0.993782,3.31,0.44,9.139230878
5.4,0.428,0.33,3.8,0.034,44.5,142.7,0.994646,3.19,0.54,9.372627627
8.69,0.466,0.47,2.11,0.088,3.3,59.4,0.997298,3.46,0.64,8.782088629
4.77,0.22,0.19,8.09,0.037,27.7,102.8,0.990772,3.59,0.77,11.537485681
6.25,0.357,0.32,2.39,0.029,27.3,101.2,0.991798,3.46,0.35,12.349394285
6.75,0.19,0.32,2.35,0.033,22.6,84.7,0.990632,3.3,0.71,12.151058509
8.92,0.263,0.29,10.45,0.047,7.3,163.5,0.99874,3.03,0.55,9.154711058
10.06,0.269,0.29,1.94,0.038,21.9,100.9,0.993109,3.42,0.45,10.519339095
6.42,0.439,0.22,1.88,0.153,15.6,20.8,0.994955,3.45,0.39,10.677052818
6.36,0.381,0.44,2.51,0.021,30.2,125.0,0.989488,3.59,0.39,12.361293208
6.19,0.216,0.33,5.74,0.035,36.1,139.9,0.994167,3.26,0.48,9.533472302
9.07,0.317,0.47,3.03,0.039,48.6,70.4,0.99083,3.44,0.45,12.000650853
7.91,0.311,0.32,2.06,0.042,33.3,131.2,0.990124,3.42,0.52,12.520480739
6.0,0.324,0.31,3.06,0.029,42.3,89.5,0.989498,3.46,0.49,12.174060797
7.07,0.678,0.31,1.09,0.034,12.7,76.0,0.992849,3.51,0.65,10.627981677
8.34,0.212,0.33,16.6,0.046,32.2,182.2,0.997053,3.03,0.49,9.461560634
5.47,0.212,0.27,11.48,0.051,41.5,96.4,0.992983,2.91,0.45,11.028931907
7.44,0.72,0.45,2.18,0.079,6.4,9.5,0.995281,3.5,0.48,10.894440879
5.73,0.181,0.54,11.44,0.041,46.9,150.6,0.997721,3.0,0.45,9.08662095
6.36,0.389,0.29,8.1,0.031,35.8,83.8,0.99009,3.2,0.47,11.956966723
6.02,0.321,0.24,5.42,0.048,42.4,54.0,0.990311,3.37,0.52,11.601232423
5.12,0.201,0.45,2.87,0.041,34.9,88.8,0.989778,3.45,0.58,12.294221196
9.81,0.812,0.01,1.04,0.094,20.2,54.7,0.993321,3.31,0.53,10.433692634
6.34,0.269,0.23,1.81,0.035,47.8,84.8,0.99067,3.13,0.45,11.121848455
5.18,0.455,0.26,5.96,0.022,15.0,105.9,0.996895,3.3,0.67,12.306018379
5.67,0.644,0.26,1.38,0.05,49.3,116.2,0.993188,3.32,0.46,8.704582614
6.85,0.397,0.28,11.5,0.054,52.0,194.2,0.995658,3.06,0.46,8.836223783
6.29,0.379,0.27,2.13,0.029,25.6,115.3,0.990481,3.6,0.69,13.168667088
6.6,0.318,0.16,1.63,0.043,55.6,179.2,0.991342,3.23,0.76,11.8203316
7.13,0.245,0.31,1.38,0.043,39.6,76.5,0.991237,3.23,0.83,10.497423668
5.41,0.27,0.31,1.35,0.027,35.4,93.0,0.990081,3.18,0.76,11.327372902
7.54,0.691,0.06,1.2,0.093,3.9,14.1,0.994279,3.47,0.69,10.861749834
6.44,0.379,0.38,1.63,0.046,11.6,82.3,0.992615,3.22,0.7,12.205039599
6.75,0.278,0.25,1.73,0.047,68.1,127.1,0.996983,3.02,0.5,8.969752875
6.36,0.211,0.27,1.62,0.023,5.8,104.2,0.989072,3.52,0.58,11.696753571
7.29,0.766,0.31,1.43,0.085,22.5,80.5,0.996708,3.54,0.51,10.13505548
8.79,0.82,0.28,1.16,0.088,76.3,50.2,0.995465,3.36,0.45,11.270522393
8.96,0.496,0.02,2.56,0.112,9.1,41.0,0.998603,3.3,0.65,10.512537188
6.49,0.253,0.25,15.73,0.047,37.5,93.7,0.993141,2.95,0.46,10.952378005
9.57,0.356,0.29,5.26,0.06,29.9,89.8,0.998835,3.19,0.57,10.651348634
6.51,0.277,0.27,1.63,0.05,44.6,138.2,0.995079,3.32,0.42,11.662732786
5.68,0.168,0.15,5.02,0.032,30.4,100.8,0.989782,3.34,0.39,12.150898366
6.77,0.244,0.36,2.59,0.091,32.1,149.9,0.997759,3.33,0.53,11.513359667
8.26,0.272,0.29,12.68,0.054,46.3,147.2,0.996802,3.08,0.49,9.300419301
5.9,0.167,0.48,2.66,0.03,26.3,105.1,0.992755,3.46,0.56,11.80035792
9.41,0.176,0.25,2.91,0.045,26.2,77.8,0.99161,3.03,0.98,11.746668579
6.43,0.135,0.31,4.94,0.038,21.4,82.6,0.992549,3.23,0.5,12.061089874
6.65,0.283,0.25,7.38,0.045,35.6,210.3,0.993236,3.41,0.43,10.600153728
6.04,0.194,0.22,10.75,0.055,57.0,141.9,0.996267,3.1,0.42,8.99183925
7.35,0.19,0.3,6.39,0.041,23.5,194.4,0.996223,2.9,0.43,9.541207803
7.21,0.338,0.0,2.27,0.097,5.9,11.6,0.999069,3.28,0.54,10.053458637
6.06,0.314,0.52,4.25,0.036,17.4,94.7,0.989726,3.49,0.85,10.498681955
5.92,0.264,0.35,1.86,0.038,29.6,159.0,0.989697,3.33,0.57,10.575415495
6.37,0.18,0.19,14.41,0.053,29.0,168.8,0.99794,3.05,0.54,9.452022241
6.02,0.194,0.46,2.01,0.022,18.6,116.3,0.991321,3.52,0.9,11.141686476
7.03,0.194,0.31,4.77,0.027,22.7,132.9,0.992742,3.11,0.53,11.937962018
7.21,0.343,0.13,1.82,0.034,51.1,142.1,0.990815,3.25,0.56,10.098639603
6.11,0.235,0.14,1.52,0.033,22.8,100.2,0.992638,3.49,0.6,12.220622169
6.09,0.203,0.42,11.49,0.05,18.6,204.1,0.99858,2.94,0.42,8.649080999
7.51,0.361,0.24,12.34,0.048,39.9,134.2,0.998046,3.1,0.49,9.536384949
6.73,0.179,0.51,1.98,0.039,20.4,129.1,0.992089,3.33,0.42,12.536556061
6.57,0.25,0.55,8.07,0.045,51.9,35.7,0.996414,3.2,0.52,9.266967457
5.87,0.325,0.52,15.17,0.051,42.3,172.0,0.99639,3.08,0.5,9.782018059
5.23,0.288,0.55,2.15,0.078,32.1,166.4,0.996962,3.23,0.5,10.113929734
7.19,0.309,0.12,1.25,0.114,8.3,27.0,0.996615,3.25,0.41,10.986821625
6.3,0.268,0.29,13.65,0.05,30.9,140.5,1.000585,3.23,0.46,8.833690279
7.43,0.208,0.45,1.61,0.037,21.3,115.4,0.993144,3.61,0.48,12.520300732
8.33,0.222,0.63,1.86,0.048,29.9,75.5,0.994668,3.2,0.69,9.89371996
5.84,0.239,0.22,1.34,0.033,29.6,142.2,0.991133,3.12,0.35,11.185663094
6.19,0.145,0.31,2.14,0.028,32.4,94.6,0.997528,3.2,0.42,10.561937162
6.7,0.256,0.53,9.44,0.06,49.9,159.2,0.996392,3.08,0.4,9.386306919
5.9,0.383,0.38,3.54,0.035,10.7,88.4,0.991617,3.34,0.51,10.804327532
6.24,0.427,0.38,2.66,0.024,16.3,124.5,0.993393,3.59,0.48,12.419790484
6.11,0.175,0.26,4.34,0.042,18.6,89.8,0.994222,2.96,0.45,9.996666387
5.81,0.271,0.3,13.38,0.102,13.8,170.6,0.997228,3.08,0.58,10.523745915
6.74,0.19,0.22,11.58,0.04,29.6,154.4,0.995766,3.31,0.54,9.100237068
6.82,0.331,0.33,2.22,0.035,23.9,103.2,0.990104,3.27,0.85,12.787691427
7.53,0.305,0.33,12.73,0.073,11.9,189.2,0.995662,3.2,0.48,9.526264109
5.8,0.157,0.41,2.18,0.046,27.4,86.7,0.991685,3.12,0.31,9.611318671
6.46,0.123,0.36,3.58,0.052,23.6,66.4,0.993876,3.48,0.56,12.457613968
7.82,0.274,0.45,10.29,0.05,47.7,82.7,0.997085,2.98,0.49,8.991028731
6.44,0.206,0.25,13.85,0.05,38.0,210.2,0.993371,3.53,0.57,9.070507799
11.21,1.059,0.05,1.77,0.096,4.0,13.8,0.996463,3.45,1.13,10.252239502
8.48,0.633,0.02,1.15,0.091,19.4,99.9,0.9945,3.37,0.68,9.362914188
5.92,0.196,0.49,1.53,0.033,44.7,91.5,0.990122,3.36,0.57,11.225672263
6.35,0.407,0.26,0.94,0.039,19.8,81.0,0.99235,3.22,0.85,9.889515829
8.31,0.835,0.62,1.51,0.143,7.0,65.2,0.996355,3.34,0.43,10.888884766
8.87,0.207,0.29,1.83,0.031,35.6,143.8,0.99308,3.3,0.47,10.212818239
5.66,0.23,0.28,2.41,0.029,26.9,119.3,0.990583,3.49,0.51,12.125718738
6.82,0.452,0.43,1.74,0.034,36.1,112.9,0.995699,3.25,0.57,12.233363521
4.8,0.202,0.25,4.15,0.023,39.2,90.4,0.990385,3.15,0.48,11.982344547
5.87,0.343,0.29,4.15,0.046,38.0,69.7,0.992986,3.31,0.49,12.045256812
10.09,0.644,0.07,4.09,0.082,3.9,10.0,0.9917,3.3,0.71,9.628359986
5.98,0.347,0.26,12.45,0.039,36.0,208.7,0.992415,3.11,0.5,8.699634428
7.2,0.251,0.78,14.58,0.04,15.8,169.8,0.993883,3.22,0.42,10.785959002
9.88,1.089,0.06,2.91,0.093,7.4,64.7,0.997807,3.31,0.65,9.425822638
5.33,0.31,0.27,4.65,0.043,28.3,59.9,0.989061,3.36,0.82,11.730561722
5.93,0.185,0.19,1.12,0.026,36.3,117.2,0.989176,3.54,0.5,12.342678265
7.56,0.348,0.29,8.3,0.056,41.6,184.6,0.995188,3.15,0.53,8.762924006
6.48,0.203,0.38,4.77,0.028,59.6,106.9,0.990428,3.45,0.44,11.9520062
5.77,0.326,0.37,14.83,0.054,60.1,202.0,0.997208,3.18,0.47,9.161820667
6.2,0.19,0.24,1.81,0.044,31.6,89.9,0.99065,3.13,0.57,11.31928197
8.73,0.373,0.41,1.85,0.037,31.1,71.1,0.990715,3.42,0.63,12.612957158
8.12,0.248,0.5,12.83,0.044,44.5,175.2,0.999327,3.32,0.56,8.71226433
7.2,0.282,0.47,2.13,0.042,35.5,18.1,0.998345,3.48,0.52,9.688807073
6.06,0.199,0.29,5.27,0.048,65.3,161.0,0.990383,2.94,0.4,12.452904288
7.46,0.22,0.31,11.64,0.049,55.1,152.5,0.993408,3.11,0.58,11.385230214
8.08,0.317,0.3,2.73,0.035,23.8,107.1,0.991645,3.05,0.52,11.859629733
6.49,0.374,0.39,2.2,0.041,36.4,66.7,0.991489,3.18,0.83,12.32691798
5.91,0.196,0.25,1.9,0.041,31.3,93.0,0.990288,3.5,0.37,11.736004679
6.83,0.38,0.61,7.32,0.107,38.3,89.1,0.998307,3.43,0.77,10.052516504
6.41,0.205,0.3,6.39,0.042,50.1,60.6,0.993451,3.12,0.39,8.715619254
9.21,0.697,0.18,1.6,0.091,17.0,61.1,1.000783,3.35,0.63,9.270170993
9.59,0.236,0.28,1.73,0.043,71.3,152.8,0.994815,3.02,0.61,10.055121777
5.62,0.392,0.23,2.77,0.045,15.4,102.0,0.991846,3.25,0.72,12.313447654
9.78,0.273,0.34,3.02,0.038,37.5,97.8,0.996314,3.07,0.51,10.144645665
7.55,0.246,0.31,9.31,0.061,46.6,210.2,0.996179,3.03,0.9,9.001897685
5.77,0.185,0.49,11.93,0.046,38.0,135.8,0.997314,3.15,0.42,9.098157536
6.07,0.2,0.35,3.59,0.044,44.4,128.6,0.991551,3.11,0.54,9.654435447
4.97,0.383,0.33,3.71,0.031,19.7,145.4,0.990762,3.44,0.55,11.334335422
7.89,0.288,0.3,5.53,0.064,28.4,167.5,0.992906,2.98,0.42,9.571636745
8.7,0.405,0.29,15.63,0.057,54.0,187.7,0.998302,3.19,0.38,8.804016011
6.86,0.443,0.33,2.94,0.05,26.5,103.6,0.989821,3.46,0.5,13.295190375
6.67,0.214,0.25,1.17,0.031,38.8,97.8,0.99321,3.32,0.49,12.173136211
6.9,0.17,0.63,1.11,0.035,33.4,202.7,0.992163,3.09,0.5,9.734504569
8.33,0.21,0.24,2.12,0.043,46.3,190.5,0.991704,3.19,0.64,9.423733378
6.95,0.286,0.29,4.75,0.04,11.7,129.9,0.989051,3.48,0.45,12.104857359
9.28,0.218,0.2,4.17,0.028,25.8,112.8,0.992231,3.0,0.43,12.642249809
5.77,0.289,0.35,5.63,0.03,31.6,112.2,0.99224,3.42,0.8,10.002940074
7.32,0.171,0.28,2.09,0.052,12.1,96.1,0.993908,3.08,0.48,11.33052899
5.92,0.544,0.49,1.41,0.034,27.8,83.0,0.99615,3.23,0.41,9.529305016
6.58,0.207,0.31,12.6,0.059,58.6,195.0,0.998991,3.17,1.02,9.31468729
6.05,0.48,0.25,4.58,0.043,20.7,121.2,0.992285,3.16,0.55,10.926757174
7.58,1.088,0.08,1.21,0.077,5.3,11.0,0.998356,3.38,0.58,10.090184916
5.88,0.267,0.28,5.61,0.048,17.6,95.9,0.992615,3.4,0.46,11.749414641
8.28,0.735,0.48,1.81,0.094,4.3,14.2,0.999953,3.45,0.87,10.784835486
6.42,0.348,0.27,2.25,0.033,13.4,142.3,0.989233,3.44,0.67,11.661428145
6.16,0.213,0.4,4.05,0.029,3.6,77.2,0.990264,3.19,0.51,11.704541123
6.4,0.353,0.39,5.82,0.032,37.9,100.5,0.9947,3.38,0.47,12.216295534
6.12,0.424,0.5,2.01,0.043,23.5,116.8,0.990741,3.47,0.39,9.718902596
5.93,0.182,0.28,2.56,0.046,17.3,132.0,0.993389,3.55,0.5,11.978721399
6.29,0.191,0.31,2.99,0.034,14.3,213.3,0.992884,3.12,0.48,10.178732485
7.19,0.186,0.27,13.19,0.051,60.8,167.6,0.995111,2.98,0.46,8.833269163
5.96,0.246,0.25,4.0,0.043,38.8,108.7,0.991465,3.46,0.41,11.157822393
7.18,0.239,0.29,1.23,0.04,17.6,175.9,0.992429,3.33,0.57,9.384976185
5.76,0.259,0.41,1.76,0.036,18.0,136.2,0.993075,3.05,0.78,12.319357621
7.87,0.744,0.04,1.72,0.158,6.1,78.1,0.999499,3.37,0.54,10.915048116
7.21,0.881,0.08,1.24,0.079,4.6,14.3,0.996012,3.32,0.47,9.8361665
6.32,0.202,0.31,14.38,0.051,37.4,173.9,1.000111,3.04,0.41,8.647748992
6.35,0.424,0.32,11.69,0.052,47.5,125.9,0.998461,3.13,0.51,10.349196839
9.03,0.586,0.27,11.1,0.05,29.8,52.5,0.996432,2.88,0.63,9.103153132
6.63,0.224,0.3,13.89,0.045,64.2,203.9,0.992395,3.02,0.45,8.806546245
6.03,0.295,0.26,7.74,0.046,22.6,153.2,0.992663,3.09,0.44,12.404957479
6.02,0.399,0.13,1.91,0.04,30.2,112.8,0.994609,3.2,0.42,12.012600298
6.33,0.261,0.25,8.28,0.054,74.0,140.7,0.997162,3.0,0.56,8.955614864
5.69,1.129,0.07,2.12,0.093,7.3,11.8,0.996679,3.6,1.21,10.535824366
9.6,1.064,0.09,8.68,0.096,6.9,23.2,0.997646,3.11,0.65,11.391272654
5.96,0.209,0.41,3.5,0.043,21.6,116.3,0.99153,3.26,0.49,10.497194927
5.88,0.212,0.21,7.38,0.036,55.1,100.7,0.992463,3.02,0.37,9.477870652
9.53,0.657,0.12,1.56,0.087,7.7,19.6,0.99565,3.23,0.57,9.976345712
6.93,0.181,0.23,9.85,0.051,40.4,168.0,0.999304,3.11,0.47,8.706767713
8.28,0.781,0.1,2.36,0.085,50.7,6.7,0.996098,3.51,0.68,9.291906736
7.24,0.262,0.27,11.66,0.045,13.9,59.1,0.994573,3.4,0.33,9.249725104
6.54,0.149,0.31,2.61,0.038,12.3,121.6,0.991788,3.45,0.66,12.254295254
8.81,0.721,0.08,2.09,0.083,4.7,14.4,0.998546,3.39,0.68,10.676859417
6.61,0.224,0.29,8.98,0.057,28.7,242.5,0.998194,3.04,0.59,8.91812232
6.37,0.408,0.21,2.27,0.052,40.0,154.1,0.996601,3.52,0.57,12.270422384
6.73,0.204,0.26,6.37,0.034,40.4,160.8,0.995213,3.05,0.5,9.389598266
7.98,0.269,0.27,13.82,0.049,30.4,205.7,0.9946,3.26,0.82,9.583895274
6.27,0.331,0.2,2.19,0.04,41.8,107.3,0.991685,3.31,0.61,11.764838342
7.53,0.773,0.01,1.54,0.086,4.7,28.4,0.995581,3.7,0.66,10.824452474
7.1,0.281,0.32,6.75,0.047,18.7,149.3,0.992466,3.15,0.77,9.488749225
7.73,0.539,0.62,1.68,0.09,6.4,45.5,0.997594,3.09,0.49,9.96759992
7.51,0.186,0.26,5.47,0.04,8.5,64.6,0.993346,3.21,0.48,11.115303616
8.6,0.226,0.33,11.06,0.055,44.2,149.6,0.998188,3.08,0.48,9.060404319
6.42,0.193,0.3,1.65,0.051,10.8,122.3,0.992237,2.94,0.42,10.33283065
10.2,0.726,0.0,1.69,0.083,3.7,6.0,0.995999,3.44,1.04,10.279422243
6.11,0.209,0.47,11.65,0.058,40.3,181.5,0.998706,3.11,0.44,9.0056161
8.71,0.646,0.05,6.31,0.084,10.8,6.0,0.997748,3.56,0.62,9.687594953
8.0,0.217,0.12,1.52,0.055,36.6,205.5,0.998215,3.33,0.68,9.631873276
6.76,0.233,0.22,3.3,0.046,51.3,88.0,0.99538,3.37,0.54,9.23755637
7.55,0.226,0.29,9.5,0.044,43.9,187.7,0.997605,3.19,0.56,8.638273811
5.72,0.241,0.21,8.81,0.029,23.1,87.1,0.990809,3.56,0.54,12.639903389
6.05,0.285,0.27,2.65,0.029,24.1,92.0,0.991875,3.18,0.77,11.664778161
7.44,0.398,0.1,1.09,0.094,6.4,39.4,0.996658,3.17,0.82,10.202922741
5.39,0.327,0.28,3.4,0.047,28.4,68.3,0.993385,3.24,0.44,10.302097642
6.29,0.383,0.23,12.17,0.028,42.8,132.6,0.995501,3.27,0.43,11.2319562
5.5,0.197,0.2,2.81,0.044,34.2,99.7,0.989792,3.5,0.56,12.074821925
9.59,0.313,0.36,2.6,0.079,12.9,71.9,0.995217,3.41,0.71,11.232959468
6.01,0.322,0.34,5.31,0.041,30.1,98.6,0.992573,3.21,0.39,12.066539399
8.76,0.89,0.27,1.69,0.084,6.0,19.4,0.998468,3.54,0.55,10.566047918
6.31,0.247,0.35,13.39,0.037,57.1,32.0,0.995214,3.05,0.59,10.84879276
10.48,0.862,0.63,9.85,0.046,32.1,168.6,0.994782,3.42,0.74,9.228977284
6.18,0.218,0.6,14.3,0.097,43.6,153.0,0.99824,3.03,0.62,9.364973682
8.54,0.26,0.28,3.27,0.1,15.4,172.4,0.994333,3.3,0.58,10.305596234
5.54,0.106,0.24,2.16,0.03,33.8,91.7,0.990265,3.29,0.39,10.96977545
8.22,0.63,0.1,1.53,0.092,15.1,23.4,0.995418,3.4,0.79,10.374969989
7.3,0.689,0.13,1.58,0.082,2.7,15.0,0.996312,3.34,0.67,10.182027856
5.89,0.14,0.45,1.93,0.021,20.9,89.1,0.993066,3.39,0.56,11.419942172
8.49,0.309,0.38,17.16,0.039,13.5,232.3,0.998477,3.28,0.54,9.397340935
6.2,0.483,0.28,10.36,0.036,18.5,112.5,0.999359,3.01,0.47,10.11845149
6.81,0.263,0.26,11.62,0.041,67.3,241.9,0.996255,3.1,0.38,9.442887279
6.88,0.177,0.25,4.09,0.023,25.9,132.5,0.991397,3.28,0.47,12.516491082
5.75,0.31,0.28,1.79,0.043,13.6,58.8,0.991883,3.46,0.65,8.910178805
7.23,0.252,0.24,8.52,0.044,48.7,153.6,0.993371,3.19,0.34,10.66398312
8.59,1.044,0.25,1.74,0.081,4.4,24.6,0.997067,3.31,0.49,10.035572797
7.28,0.272,0.56,11.59,0.052,54.4,222.6,0.994873,3.29,0.51,9.404390801
6.98,0.391,0.44,2.0,0.023,29.7,125.4,0.991146,3.21,0.32,12.003340031
6.21,0.331,0.45,5.81,0.025,23.7,72.3,0.992873,2.99,0.59,12.521647712
7.86,0.214,0.24,9.84,0.059,61.2,208.9,0.99575,3.13,0.51,9.223507445
5.81,0.212,0.48,1.09,0.04,33.5,143.4,0.997289,2.95,0.51,9.327040195
7.12,0.234,0.3,10.28,0.06,14.8,217.0,0.99933,3.22,0.46,9.005052906
9.55,1.127,0.52,2.84,0.1,3.0,16.8,0.997854,3.48,0.65,11.017609916
5.92,0.479,0.27,13.19,0.048,28.6,169.9,0.996799,3.17,0.72,11.159287831
6.66,0.319,0.26,7.76,0.046,29.5,160.9,0.996366,3.08,0.55,8.90627743
8.77,0.325,0.3,1.64,0.032,24.7,126.0,0.993787,2.99,0.5,9.192634648
8.45,0.216,0.25,1.11,0.044,13.4,188.3,0.993439,3.04,0.52,11.210108472
7.34,0.294,0.29,7.33,0.06,30.4,171.1,0.998041,2.85,0.42,9.288485105
6.68,0.196,0.5,1.63,0.034,31.5,74.6,0.995853,3.34,0.79,11.94658044
7.95,0.763,0.02,6.41,0.143,20.9,47.7,0.995536,3.11,0.47,9.755137148
6.09,0.251,0.15,1.93,0.06,31.8,106.2,0.991557,3.24,0.47,10.731248756
7.1,0.298,0.33,1.73,0.038,8.7,125.4,0.992973,3.08,0.45,12.097315175
7.61,0.948,0.34,1.21,0.089,18.5,21.6,0.993032,3.33,0.49,10.37506686
6.13,0.464,0.3,5.28,0.035,16.0,93.8,0.991485,3.48,1.18,12.12035296
5.49,0.197,0.25,10.29,0.053,39.2,168.1,0.996592,2.98,0.41,9.184830704
9.5,0.282,0.22,5.23,0.05,29.3,113.8,0.997275,3.11,0.54,9.18630899
8.42,0.173,0.31,1.59,0.037,34.1,139.8,0.993475,3.22,0.46,9.853371908
7.53,1.04,0.13,1.8,0.088,6.6,15.5,0.99686,3.38,0.56,10.632759003
6.8,0.329,0.25,2.29,0.048,41.5,132.2,0.99249,3.0,0.48,9.449408613
10.18,0.776,0.46,1.65,0.042,16.2,138.6,0.996188,3.06,0.57,10.369045605
6.14,0.177,0.36,5.78,0.045,33.0,172.6,0.995573,3.26,0.37,9.567482587
6.64,0.214,0.23,3.15,0.036,25.6,196.7,0.991368,3.27,0.64,10.517371431
7.07,0.288,0.26,11.15,0.044,53.4,41.7,0.996447,3.17,0.35,9.439405307
7.41,0.627,0.05,1.98,0.129,18.9,24.4,0.997024,3.1,0.48,10.275129959
7.99,0.872,0.1,1.78,0.198,3.0,12.5,0.996852,3.4,0.44,9.401697222
8.34,0.23,0.32,0.95,0.043,47.9,120.0,0.997675,3.27,0.62,10.094831144
7.67,1.332,0.07,1.39,0.086,3.9,6.0,1.000546,3.62,0.64,11.373214908
7.04,1.05,0.59,1.65,0.093,8.0,20.3,0.996396,3.5,0.53,9.098053483
9.22,0.686,0.57,1.27,0.172,20.9,62.6,0.995583,3.41,0.55,9.350638052
6.09,0.214,0.34,4.14,0.033,15.0,75.0,0.989847,3.3,0.45,12.115660991
7.06,0.248,0.28,1.51,0.051,41.9,231.9,0.999424,3.32,0.52,9.322551678
8.53,0.616,0.52,3.45,0.085,3.7,28.4,0.99592,3.21,0.59,10.486788863
9.38,0.251,0.21,1.84,0.047,29.5,150.8,0.995614,3.27,0.4,10.107333682
5.77,0.371,0.32,4.5,0.05,39.5,187.0,0.990808,3.14,0.46,12.419695995
7.07,0.166,0.49,14.07,0.049,43.3,214.5,0.99896,3.2,0.61,9.171332531
8.95,0.259,0.38,3.11,0.051,5.2,96.2,0.99681,3.2,0.5,9.48843712
5.85,0.167,0.33,2.15,0.049,33.7,99.7,0.994351,3.29,0.53,9.683072091
6.04,0.174,0.27,11.87,0.038,29.8,47.8,0.992627,3.46,0.5,11.172661387
6.02,0.253,0.28,1.89,0.046,51.3,45.4,0.989871,3.23,0.47,12.002841299
6.86,0.338,0.27,2.16,0.081,5.6,47.6,0.99877,3.31,0.53,10.442506119
6.15,0.143,0.34,10.81,0.043,25.7,86.1,0.989944,3.2,0.56,11.640315612
5.95,0.258,0.43,1.74,0.031,19.6,104.2,0.993519,3.21,0.55,10.134321853
7.13,0.22,0.24,2.07,0.031,23.5,118.4,0.989975,3.36,0.56,12.189708802
8.09,0.599,0.57,2.39,0.053,29.9,14.9,0.994296,3.51,0.67,10.725803978
7.07,0.322,0.32,10.12,0.051,13.0,126.8,0.993179,3.3,0.5,9.529083672
7.34,0.298,0.31,5.62,0.044,28.9,194.8,0.993945,3.29,0.55,11.923860183
8.5,0.273,0.26,0.9,0.049,45.7,253.5,0.997574,3.09,0.51,9.085796031
6.06,0.242,0.22,1.11,0.036,40.7,158.8,0.995203,3.22,0.43,13.325828559
5.9,0.246,0.27,4.39,0.031,44.2,101.4,0.991496,3.35,0.37,11.523740182
7.44,0.477,0.46,3.67,0.14,5.0,16.9,0.995825,3.25,0.67,9.335695767
5.84,0.115,0.34,6.43,0.043,42.4,25.0,0.993619,3.14,0.39,9.956132973
5.95,0.223,0.31,1.27,0.034,30.9,89.2,0.992112,3.12,0.81,11.050904011
10.79,0.668,0.17,2.65,0.122,6.7,19.8,0.992648,3.2,0.61,9.14043812
6.42,0.228,0.28,10.42,0.053,43.2,106.0,0.997117,3.16,0.48,8.767820529
6.37,0.8,0.27,1.74,0.029,6.0,97.2,0.996337,3.39,0.71,9.900105258
8.19,1.122,0.15,2.61,0.093,8.0,11.5,0.997699,3.45,0.62,10.9857638
6.29,0.205,0.25,2.76,0.033,31.9,96.6,0.99139,3.23,0.41,12.333435082
5.31,0.15,0.48,1.93,0.033,24.3,89.0,0.991615,3.06,0.53,9.769865228
6.62,0.361,0.24,1.95,0.024,24.1,141.6,0.990652,3.56,0.57,12.644676125
6.22,0.172,0.23,4.77,0.045,31.5,130.9,0.991954,3.01,0.6,12.084589742
7.8,0.682,0.7,1.52,0.083,5.8,48.7,0.997914,3.14,0.47,10.717328733
7.22,0.227,0.22,4.66,0.055,39.1,152.8,0.995455,3.22,0.41,9.370319135
10.72,0.563,0.38,2.69,0.092,9.1,26.7,0.998942,3.53,0.63,10.962234306
6.52,0.4,0.34,10.06,0.053,35.9,77.3,0.993981,3.17,0.59,8.871781485
7.16,0.16,0.31,2.63,0.045,12.6,127.5,0.993129,3.41,0.59,12.299432937
6.84,0.232,0.28,8.24,0.052,16.7,79.0,0.992356,3.24,0.77,9.461882811
9.38,0.766,0.48,3.05,0.095,4.2,23.6,0.998492,3.35,0.55,10.108622806
6.67,0.206,0.26,15.08,0.047,56.3,221.7,0.991767,3.29,0.57,9.354245506
9.76,0.74,0.48,1.48,0.086,11.8,22.2,0.996732,3.25,0.44,9.941532272
7.05,0.212,0.27,11.86,0.06,25.0,149.9,0.997435,3.04,0.95,9.563599349
6.85,0.687,0.31,7.47,0.042,33.5,167.9,0.99755,3.34,0.44,10.305716598
7.13,0.233,0.3,11.65,0.044,40.3,151.1,0.993953,3.32,0.45,9.500739288
6.2,0.24,0.23,11.06,0.057,29.7,197.4,0.99785,2.84,0.39,8.749344481
5.74,0.308,0.31,1.23,0.034,35.8,203.5,0.997757,2.96,0.43,10.680351668
6.75,0.206,0.36,12.39,0.043,23.3,190.8,0.997318,3.11,0.51,9.426973307
9.05,0.558,0.13,2.49,0.089,42.5,36.1,0.996621,3.49,0.96,10.214748146
6.94,0.345,0.4,1.43,0.057,43.3,143.4,0.997787,3.11,0.47,9.162290706
5.56,0.357,0.22,2.66,0.019,43.5,98.0,0.991437,3.41,0.41,11.763120381
6.01,0.381,0.29,1.14,0.054,22.9,89.3,0.993631,3.22,0.54,12.347812806
6.72,0.346,0.27,6.35,0.038,34.9,82.3,0.991053,3.15,0.76,9.426703229
5.08,0.172,0.46,3.5,0.039,27.0,108.6,0.990233,3.51,0.5,11.352581978
6.4,0.212,0.37,2.11,0.031,22.3,86.6,0.992789,3.05,0.56,10.392461428
6.91,0.24,0.3,13.9,0.06,44.5,205.9,0.998991,3.11,0.51,9.23780251
6.17,0.158,0.3,5.47,0.032,36.2,155.1,0.992228,3.24,0.58,12.18994044
5.66,0.346,0.19,3.42,0.032,49.1,117.0,0.993685,3.11,0.73,10.08468359
6.93,0.276,0.46,4.25,0.025,10.0,100.6,0.991305,3.57,0.5,12.551625852
6.8,0.288,0.46,1.03,0.031,29.7,87.6,0.993305,3.48,0.54,11.157845813
5.74,0.225,0.33,13.74,0.27,26.2,181.2,0.997517,3.13,0.64,9.435274093
7.18,0.404,0.24,2.06,0.051,35.2,163.5,0.991446,2.99,0.78,9.724310733
9.13,0.883,0.02,1.45,0.082,8.1,14.4,0.997751,3.16,0.68,11.077743239
4.9,0.179,0.25,2.08,0.021,16.6,101.0,0.991896,3.37,0.36,12.872417669
6.8,0.366,0.49,2.36,0.048,20.8,107.7,0.99239,3.49,0.38,12.055841933
7.43,0.53,0.21,0.89,0.16,35.9,72.6,0.995675,3.22,0.31,10.403582968
6.6,0.174,0.34,15.25,0.059,41.4,149.4,0.993124,3.32,0.41,9.1108927
8.89,0.856,0.57,1.75,0.098,7.4,61.8,1.000798,3.53,0.48,10.756115268
8.2,0.621,0.1,2.46,0.08,32.4,28.3,1.001418,3.34,0.62,10.369891087
8.0,0.392,0.04,1.72,0.07,49.0,99.0,0.996364,3.04,0.51,9.986595148
9.28,0.762,0.04,1.74,0.084,16.3,20.2,0.995679,3.31,0.63,9.948876276
7.95,0.791,0.16,3.36,0.081,4.7,27.8,0.995825,3.38,0.91,9.831417063
6.64,0.214,0.34,1.18,0.056,45.2,157.9,0.998697,3.1,0.46,11.637882605
8.8,0.658,0.01,3.34,0.091,9.2,20.8,0.99539,3.55,0.6,10.317375164
5.69,0.176,0.29,2.45,0.034,47.7,161.1,0.990767,3.52,0.35,11.660556856
9.08,0.399,0.44,1.27,0.043,18.7,30.9,0.991683,3.01,0.6,9.447274216
7.95,0.695,0.07,2.09,0.102,17.7,11.4,0.996308,3.47,0.97,10.820877555
7.11,0.308,0.07,11.15,0.073,45.5,159.4,0.994872,3.07,0.45,8.921362448
6.17,0.841,0.29,2.13,0.055,37.6,105.6,0.99272,3.21,0.45,13.050815664
6.26,0.299,0.27,2.27,0.049,24.7,105.3,0.995165,3.35,0.4,9.38163065
6.15,0.301,0.25,2.0,0.038,29.8,109.5,0.991175,3.55,0.51,11.623239386
6.32,0.484,0.34,1.48,0.04,33.5,99.8,0.989268,3.43,0.81,12.243215104
9.03,0.604,0.42,1.32,0.082,3.9,50.6,1.000119,3.28,0.45,9.768943152
6.62,0.245,0.22,2.74,0.031,7.4,109.9,0.998329,3.23,0.72,9.794898146
7.86,0.695,0.51,1.03,0.073,7.1,10.9,0.994726,3.25,0.68,10.5679473
6.33,0.385,0.36,2.43,0.034,40.5,82.6,0.993641,3.42,0.44,11.247323658
7.27,0.334,0.54,14.18,0.057,30.5,251.6,0.996134,3.12,0.53,9.339398059
5.78,0.2,0.36,1.26,0.035,32.6,81.1,0.991099,3.54,0.31,12.382237826
5.93,0.167,0.36,4.39,0.037,24.7,98.0,0.991752,3.24,0.54,11.505080494
5.74,0.244,0.29,8.22,0.044,52.8,140.1,0.994414,3.21,0.49,11.399437965
6.97,0.277,0.21,1.91,0.023,18.6,114.8,0.992064,3.13,0.61,10.232722133
6.44,0.167,0.38,2.11,0.043,20.2,104.2,0.994234,3.34,0.39,9.537228427
7.96,0.227,0.5,2.74,0.033,12.7,54.4,0.990261,2.99,0.52,11.291905091
5.61,0.225,0.35,2.57,0.034,30.0,70.1,0.990995,3.45,0.63,12.182534808
6.52,0.217,0.32,2.28,0.038,31.3,179.4,0.993106,3.17,0.89,9.636870479
6.95,0.226,0.34,6.65,0.057,48.0,152.6,0.992362,3.18,0.49,9.821684276
6.74,0.219,0.26,12.44,0.047,22.7,134.9,0.994927,3.15,0.53,10.352094505
5.83,0.329,0.3,2.06,0.03,38.3,162.0,0.991021,3.14,0.4,11.462124047
7.03,0.538,0.52,9.05,0.055,28.8,116.9,0.991373,3.24,0.53,10.424229458
6.23,0.566,0.33,1.1,0.054,16.7,65.1,0.997235,3.54,0.56,11.231709538
8.42,0.682,0.5,2.54,0.049,9.5,88.5,0.990629,3.29,0.58,10.714016013
7.55,0.789,0.37,1.97,0.09,8.5,37.9,0.999588,3.5,0.79,10.854823369
7.22,1.101,0.11,4.24,0.078,9.2,9.4,0.997826,3.28,0.68,9.470893708
5.71,0.41,0.29,1.48,0.03,28.7,118.9,0.989674,3.27,0.49,12.138489609
6.67,0.254,0.28,7.36,0.017,23.3,123.1,0.991706,3.25,0.49,12.44392655
6.79,0.269,0.44,1.75,0.024,27.0,138.2,0.991838,3.67,0.63,12.058979087
6.04,0.201,0.06,1.93,0.045,19.0,169.6,0.99553,3.06,0.53,9.292423929
6.1,0.159,0.26,5.09,0.023,22.1,127.3,0.989783,3.52,0.57,11.740446033
5.93,0.246,0.29,6.64,0.049,28.8,130.3,0.993198,3.21,0.45,10.613008154
5.97,0.26,0.24,6.76,0.048,38.5,140.0,0.998302,2.99,0.39,9.522574342
6.69,0.208,0.25,12.12,0.06,33.0,189.2,0.998137,3.12,0.5,9.156120339
5.36,0.156,0.29,2.31,0.048,32.7,128.2,0.996127,3.04,0.44,9.904831213
5.8,0.32,0.28,1.18,0.033,33.3,76.3,0.991221,3.49,0.52,11.970757897
6.96,0.973,0.14,1.28,0.101,27.7,24.1,0.995808,3.41,0.55,10.592093451
7.01,0.236,0.2,1.67,0.046,47.6,199.9,0.997632,3.14,0.42,8.880290823
5.97,0.336,0.39,1.62,0.057,10.3,109.8,0.995951,3.2,0.55,9.336324971
5.96,0.21,0.37,1.27,0.046,48.6,170.9,0.996454,3.08,0.38,9.429603831
5.81,0.456,0.11,14.28,0.214,40.6,54.4,0.996418,3.15,0.54,10.833767708
6.38,0.142,0.47,4.78,0.026,62.4,111.3,0.99108,3.15,0.47,10.654184519
6.36,0.213,0.27,1.29,0.031,32.3,97.4,0.993039,3.16,0.74,12.091182118
7.06,0.832,0.27,1.95,0.095,3.9,7.3,0.996604,3.25,0.63,9.765929876
6.33,0.336,0.26,1.1,0.034,27.6,122.3,0.990104,3.54,0.53,12.058373354
5.65,0.338,0.32,4.26,0.026,17.6,58.3,0.990562,3.44,0.9,12.247111215
6.83,0.214,0.3,5.12,0.034,30.0,116.1,0.990554,3.59,0.44,12.583352511
7.82,0.272,0.27,1.44,0.088,21.5,25.0,0.996023,3.1,0.39,10.895975034
6.53,0.249,0.28,14.27,0.031,27.6,114.7,0.997782,3.17,0.53,11.976381637
7.82,0.846,0.09,1.91,0.19,5.1,18.7,0.998574,3.38,0.53,10.557186623
6.99,0.261,0.29,8.29,0.051,42.6,134.1,0.994278,3.1,0.58,9.956929563
6.15,0.247,0.26,11.06,0.051,58.5,203.2,0.994727,2.91,0.54,8.652383455
6.42,0.17,0.61,1.53,0.054,40.0,110.6,0.999926,3.27,0.47,9.393122395
6.0,0.368,0.51,6.02,0.057,39.8,118.1,0.991003,3.05,0.42,10.153245928
7.44,0.511,0.0,1.35,0.077,6.8,20.2,0.996545,3.45,0.7,11.104348223
8.3,0.688,0.19,0.95,0.088,8.2,22.7,0.998275,3.32,0.48,10.04147917
6.2,0.354,0.3,1.36,0.043,19.7,110.3,0.99237,3.12,0.47,12.557820273
6.73,0.228,0.26,2.15,0.026,47.9,74.4,0.992911,3.12,0.56,12.100539733
7.83,0.687,0.22,2.18,0.166,12.5,98.0,0.992153,3.17,0.67,11.063174413
8.61,0.302,0.34,6.65,0.091,13.1,126.4,0.996969,3.29,0.61,10.833355844
7.47,0.861,0.14,1.62,0.115,5.5,6.0,0.996863,3.37,0.48,10.060138463
8.27,0.335,0.56,13.84,0.113,11.3,123.9,0.994085,3.28,0.52,8.952513929
6.35,0.322,0.25,6.88,0.034,22.7,163.2,0.992085,3.44,0.58,10.111203337
5.86,0.257,0.26,10.65,0.051,41.9,202.0,0.996202,3.16,0.5,9.27572823
7.68,0.753,0.68,2.04,0.089,12.4,13.8,0.996577,3.24,0.47,10.261639716
8.39,0.353,0.48,1.34,0.053,36.1,144.8,0.995069,3.05,0.44,10.432980728
5.19,0.188,0.23,5.44,0.018,42.8,105.6,0.990095,3.28,0.47,11.125182087
10.02,0.755,0.09,1.35,0.044,6.4,11.8,0.999208,3.41,0.66,10.889909715
6.17,0.241,0.27,11.23,0.045,36.9,161.0,0.993792,3.22,0.62,8.9851476
5.46,0.172,0.29,4.61,0.036,34.7,90.3,0.991765,3.18,0.39,11.415252829
6.48,0.217,0.3,3.74,0.03,35.7,95.2,0.990621,3.46,0.42,12.363756745
7.17,0.386,0.33,6.5,0.036,9.9,73.0,0.990623,3.48,0.81,12.003940846
8.12,0.521,0.51,1.9,0.107,3.6,19.2,0.999237,3.35,0.52,10.262746586
8.1,0.419,0.23,8.5,0.05,43.2,158.9,0.995447,2.94,0.44,9.14321554
6.12,0.323,0.33,1.98,0.033,37.5,102.5,0.992137,3.55,0.41,12.106133153
8.95,0.965,0.04,2.04,0.089,4.6,26.9,1.00051,3.31,0.82,10.199497453
10.6,0.51,0.05,1.14,0.119,4.2,14.3,0.99804,3.21,0.76,9.622621967
7.97,0.702,0.0,1.82,0.075,5.7,9.0,1.00054,3.69,1.27,10.134491147
6.21,0.298,0.34,12.77,0.05,54.6,117.1,0.997889,3.09,0.41,9.015368627
5.63,0.384,0.24,5.58,0.031,38.4,78.9,0.991695,3.22,0.37,11.724736954
5.45,0.16,0.28,1.34,0.03,23.8,77.0,0.990547,3.4,0.67,10.936552885
7.61,0.265,0.0,1.53,0.052,11.2,91.6,0.993352,3.08,0.48,10.932272398
6.85,0.381,0.4,12.86,0.033,27.2,142.6,0.992123,3.3,0.45,9.826581644
5.88,0.219,0.29,4.64,0.042,39.7,50.0,0.993807,3.19,0.42,11.72331022
6.51,0.231,0.25,1.2,0.024,27.2,131.7,0.991483,3.46,0.38,12.246123617
5.79,0.32,0.34,5.61,0.036,48.2,97.8,0.996954,3.16,0.37,10.49627936
9.89,0.792,0.14,1.22,0.098,3.7,6.0,0.998781,3.31,0.68,10.913004376
8.87,0.476,0.05,1.74,0.088,4.7,75.4,0.997824,3.54,0.59,11.152735697
5.63,0.203,0.26,14.72,0.043,44.9,203.1,0.999277,3.05,0.4,8.79506912
8.69,0.246,0.29,1.98,0.034,72.0,118.5,0.991231,3.34,0.75,10.03944473
6.13,0.411,0.28,1.95,0.043,36.5,89.0,0.991684,3.01,0.38,11.924031132
6.6,0.279,0.48,1.81,0.038,12.4,165.4,0.993017,3.01,0.48,10.787559368
8.48,0.229,0.42,2.54,0.05,16.9,137.7,0.992023,3.31,0.72,11.397520003
8.29,0.555,0.16,1.27,0.131,58.8,13.3,0.99359,3.35,0.43,10.181179153
6.64,0.232,0.24,13.11,0.053,58.7,189.6,0.997913,3.02,0.56,8.763692471
7.53,0.639,0.26,2.2,0.08,5.7,18.0,0.996074,3.61,0.63,9.828072087
7.71,0.256,0.26,6.44,0.049,55.6,163.2,0.991244,3.28,0.47,10.516718569
6.22,0.275,0.33,11.38,0.057,33.6,211.1,0.998493,3.01,0.51,8.900165501
7.76,0.34,0.31,2.27,0.033,16.2,123.7,0.991058,3.42,0.81,12.765220308
6.07,0.228,0.27,1.2,0.026,11.2,89.1,0.990395,3.46,0.87,11.849098577
8.57,0.281,0.17,1.35,0.074,11.1,14.5,0.994277,3.38,0.53,10.580676101
7.22,0.357,0.27,1.75,0.036,26.2,127.0,0.990858,3.39,0.57,11.381593132
6.77,0.158,0.2,6.45,0.076,16.2,109.4,0.993189,3.16,0.51,11.618401242
7.48,0.757,0.15,1.25,0.076,6.7,18.5,0.995659,3.44,0.55,10.819098324
8.31,0.205,0.33,13.43,0.056,28.0,239.6,0.997818,3.08,0.41,8.926391004
5.84,0.387,0.13,3.15,0.032,129.6,81.4,0.99411,3.26,0.47,12.086059518
7.65,0.581,0.32,1.43,0.086,5.1,6.5,0.996752,3.29,0.7,10.099261295
6.84,0.296,0.29,8.48,0.054,64.2,175.6,0.997407,2.92,0.48,8.830044164
5.81,0.289,0.33,1.57,0.038,38.1,105.6,0.990206,3.32,0.35,11.877997176
6.95,0.181,0.27,4.55,0.029,16.9,88.6,0.99374,3.32,0.43,11.365799381
6.79,0.22,0.22,2.75,0.022,22.7,83.8,0.991842,3.46,0.46,11.239624159
5.49,0.415,0.21,4.4,0.049,24.8,139.7,0.995419,2.97,0.43,9.047005208
7.17,0.409,0.42,4.65,0.043,14.2,97.0,0.991911,3.2,0.41,12.438448548
6.6,0.222,0.41,11.52,0.056,47.0,158.6,0.997174,3.03,0.5,9.597123083
6.44,0.104,0.32,1.7,0.043,61.1,176.2,0.99054,3.26,0.53,12.097950601
5.64,0.206,0.4,9.27,0.044,31.3,119.2,0.994986,3.07,0.37,8.686161182
7.1,0.217,0.32,13.3,0.06,55.1,157.2,0.995491,3.16,0.63,8.90372792
6.94,0.133,0.28,1.88,0.041,25.8,90.0,0.992762,3.05,0.65,10.689989252
6.86,0.762,0.59,2.2,0.187,3.3,108.6,0.997123,3.6,0.89,10.384063868
8.81,0.293,0.51,10.6,0.033,38.0,85.5,0.993404,3.25,0.38,9.417562052
8.0,0.927,0.47,1.27,0.109,9.9,34.7,0.99763,3.33,0.73,9.877638778
8.84,0.732,0.12,1.22,0.096,4.0,17.3,1.000314,3.42,0.88,9.741456384
6.41,0.227,0.31,7.49,0.046,24.5,151.5,0.993097,2.98,0.83,9.051069561
7.73,0.201,0.33,3.83,0.048,18.5,130.2,0.992551,3.1,0.44,9.932909871
10.41,1.006,0.06,1.92,0.097,7.2,29.1,0.994901,3.39,0.88,9.454080738
5.7,0.294,0.11,1.29,0.043,31.6,92.8,0.997399,3.2,0.46,9.403748721
8.13,0.156,0.31,1.9,0.05,10.5,102.0,0.997776,3.35,0.48,11.720461749
5.44,0.314,0.41,5.31,0.036,18.5,145.0,0.991599,3.2,0.64,12.352847929
6.22,0.19,0.38,2.29,0.037,49.8,55.8,0.989879,3.15,0.38,11.741476794
7.31,0.712,0.59,1.97,0.083,19.6,11.4,0.995571,3.55,0.52,10.72049406
5.96,0.202,0.29,2.25,0.033,28.7,119.7,0.98992,3.29,0.6,11.858715883
6.35,0.257,0.39,13.12,0.05,82.5,174.7,0.99528,3.15,0.51,8.754827167
6.61,0.235,0.42,7.36,0.047,27.0,155.8,0.993713,3.31,0.44,9.516028708
7.38,0.282,0.46,10.13,0.055,33.7,169.0,0.998563,3.15,0.42,9.081413482
5.83,0.182,0.3,3.97,0.021,8.3,111.7,0.989448,3.5,0.46,11.897428655
8.57,0.165,0.22,4.75,0.054,37.4,119.9,0.994516,2.94,0.45,11.232598229
8.94,0.275,0.32,1.8,0.076,13.2,149.1,0.994536,3.21,0.5,9.634189233
8.45,0.26,0.25,12.02,0.049,53.1,171.6,0.997892,3.09,0.57,9.164829753
7.21,0.781,0.53,2.44,0.085,4.9,6.0,0.999566,3.57,0.88,9.924098392
7.03,0.244,0.11,1.17,0.096,14.8,105.6,0.990482,3.3,0.48,11.385889234
7.06,0.258,0.3,10.4,0.055,53.3,183.0,0.99789,3.16,0.46,8.901547142
8.5,0.216,0.3,13.61,0.035,64.3,111.8,0.995219,3.06,0.47,9.013432918
8.06,0.625,0.15,1.99,0.132,11.6,9.8,0.998829,3.44,0.52,10.497245833
6.15,0.35,0.32,3.45,0.047,9.1,140.3,0.992003,3.28,0.46,11.360747111
5.86,0.198,0.56,2.74,0.041,36.1,95.5,0.997065,3.45,0.94,9.730883557
6.35,0.138,0.28,5.75,0.031,24.1,134.7,0.993371,3.38,0.59,12.094487618
9.33,0.54,0.16,1.26,0.195,13.8,23.4,0.995585,3.41,0.7,10.251297317
6.38,0.383,0.27,11.25,0.051,49.4,125.3,0.99824,3.11,0.38,12.419241784
9.03,0.585,0.32,8.61,0.15,14.9,173.2,0.9976,3.15,0.47,9.431250629
5.44,0.346,0.33,1.09,0.032,31.0,50.1,0.990666,3.26,0.38,11.687507043
4.49,0.173,0.28,2.13,0.026,39.0,82.3,0.990386,3.42,0.44,11.730422982
6.65,0.897,0.43,1.7,0.088,20.4,29.3,0.996718,3.5,0.48,9.421420772
5.85,0.28,0.2,14.04,0.05,56.8,185.1,0.996288,3.11,0.55,8.626037428
7.0,0.759,0.19,2.53,0.034,13.5,134.8,0.998491,3.43,0.49,10.949336785
6.02,0.197,0.33,2.54,0.046,16.2,159.2,0.991747,3.29,0.51,11.505801057
5.9,0.407,0.32,2.29,0.031,48.4,92.0,0.991575,3.45,0.39,11.368655954
6.99,0.324,0.32,6.08,0.047,8.5,129.3,0.993506,3.11,0.54,9.561839096
6.65,0.176,0.29,13.72,0.043,51.4,117.8,0.992289,3.12,0.44,9.209053655
6.34,0.228,0.32,9.67,0.046,32.7,155.8,0.997282,3.24,0.5,10.083735035
6.69,0.332,0.32,4.3,0.048,23.8,88.9,0.993857,3.51,0.5,11.61981346
6.15,0.381,0.37,2.04,0.041,40.5,132.4,0.991294,3.06,0.39,12.597644031
6.03,0.253,0.32,13.08,0.044,30.1,221.3,0.999078,3.51,0.63,10.722052763
6.65,0.243,0.58,1.52,0.049,35.0,194.4,0.995924,3.32,0.55,8.657191925
11.89,1.025,0.0,1.32,0.098,6.4,21.1,0.997533,3.43,0.8,10.876204881
5.8,0.263,0.31,3.02,0.045,11.2,44.7,0.990626,3.5,0.43,10.498592958
9.33,0.841,0.0,4.51,0.095,3.9,14.8,0.998782,3.51,0.6,10.394535344
5.48,0.249,0.29,11.72,0.056,136.7,183.8,0.997707,3.17,0.57,8.924124223
8.39,0.608,0.02,1.13,0.085,5.6,25.8,0.996113,3.39,0.69,9.366301058
6.78,0.308,0.29,4.29,0.025,20.0,130.4,0.991542,3.43,0.56,12.208938538
6.28,0.186,0.27,2.04,0.143,14.7,96.7,0.993773,3.17,0.49,8.816858476
6.73,0.203,0.28,2.31,0.042,50.5,174.7,0.992101,3.23,0.72,9.904815759
5.67,0.227,0.3,1.09,0.043,34.9,170.0,0.993851,2.92,0.31,11.679219569
6.34,0.244,0.21,11.5,0.034,18.4,107.6,0.991466,3.09,0.47,12.831910763
5.41,0.36,0.19,1.14,0.031,23.4,98.9,0.99029,3.26,0.55,11.483313159
9.39,0.191,0.22,14.0,0.051,59.8,223.3,0.997803,3.58,0.51,8.928524241
8.95,0.216,0.25,6.51,0.045,11.1,154.6,0.997206,3.04,0.43,9.388921141
6.97,0.261,0.29,2.78,0.032,10.5,145.1,0.990391,3.61,0.54,8.712256243
6.82,0.266,0.3,2.5,0.036,20.8,96.3,0.992018,3.55,0.82,12.80520317
5.61,0.198,0.4,13.39,0.048,33.3,192.2,0.993437,2.99,0.46,9.197301444
7.01,0.218,0.23,10.84,0.059,51.8,169.2,1.000625,3.14,0.41,8.711687417
5.75,0.227,0.31,4.52,0.048,31.4,115.8,0.996363,3.18,0.5,9.496994499
7.92,0.486,0.12,2.09,0.044,36.4,98.6,0.998548,2.95,0.46,9.921292697
10.46,0.744,0.61,2.16,0.083,16.2,27.4,0.995415,3.13,0.62,10.534988212
6.25,0.138,0.37,12.16,0.035,19.9,102.8,0.993376,2.99,0.42,10.157675471
5.86,0.352,0.28,2.57,0.038,12.4,124.7,0.991603,3.42,0.34,12.289707293
8.86,0.631,0.12,7.92,0.087,16.1,16.3,0.996832,3.02,0.85,9.933893428
5.71,0.253,0.22,13.05,0.053,40.7,170.6,0.999432,2.98,0.48,8.687362613
6.14,0.172,0.22,1.5,0.051,46.0,103.5,0.990697,3.3,0.39,11.59579728
7.11,0.245,0.67,1.57,0.063,66.3,138.9,0.995685,3.11,0.37,10.611154364
6.54,0.281,0.27,13.71,0.044,58.3,98.5,0.994158,2.96,0.43,11.141858595
7.4,0.254,0.22,10.27,0.056,49.6,217.3,0.995967,3.16,0.53,9.417478455
6.37,0.258,0.29,4.63,0.032,15.5,95.1,0.990949,3.37,0.57,12.70750268
6.21,0.261,0.29,0.96,0.04,20.8,116.8,0.991295,3.12,0.48,10.266305926
7.12,0.848,0.33,2.34,0.065,7.0,17.2,0.996407,3.5,0.53,10.505131034
6.93,0.25,0.35,1.06,0.042,46.8,102.5,0.994774,3.13,0.44,11.400447449
8.47,0.608,0.11,1.56,0.1,4.3,14.9,1.001292,3.4,0.9,11.058925384
7.29,0.193,0.25,1.9,0.05,27.4,109.9,0.991815,3.06,0.37,11.440760347
6.38,0.241,0.49,1.28,0.038,22.4,69.8,0.998798,3.2,0.55,9.261574981
7.99,0.361,0.42,8.69,0.057,46.6,111.4,0.992117,3.21,0.97,12.431666099
4.86,0.238,0.27,5.0,0.03,26.4,121.6,0.990447,3.48,0.57,11.427434796
5.77,0.228,0.23,10.14,0.07,10.7,139.1,0.995475,2.98,0.65,9.325350459
6.25,0.369,0.23,4.28,0.032,37.7,110.2,0.990959,3.52,0.43,12.198121516
6.06,0.165,0.32,2.48,0.038,22.7,172.8,0.995397,3.12,0.56,10.714313919
7.31,0.266,0.3,4.14,0.024,18.1,136.3,0.990254,3.65,0.58,12.60645737
8.46,0.946,0.07,1.27,0.09,4.8,6.0,0.99849,3.39,0.53,10.074284649
5.43,0.334,0.3,1.43,0.031,28.8,110.7,0.98985,3.15,0.42,11.955018612
7.61,0.172,0.35,2.54,0.032,54.1,224.1,0.991558,3.4,0.5,11.148719182
8.77,0.282,0.59,7.31,0.066,45.0,250.3,0.999894,3.04,0.53,8.787369818
9.98,0.61,0.06,2.47,0.086,4.1,38.1,0.996171,3.31,0.51,10.26109742
5.92,0.194,0.21,13.13,0.047,46.1,121.4,0.990733,3.34,0.54,10.015598581
6.96,0.405,0.56,1.1,0.035,17.8,161.2,0.991441,3.31,0.57,11.913902204
7.49,0.258,0.29,11.78,0.053,57.3,214.4,0.997623,3.01,0.46,9.102128916
6.33,0.361,0.47,1.79,0.03,30.9,74.1,0.989782,3.2,0.64,12.920958649
6.79,0.195,0.35,1.87,0.037,28.1,179.7,0.995949,3.26,0.43,12.30012829
5.01,0.223,0.26,4.0,0.041,33.2,101.6,0.989871,3.46,0.49,11.586962717
6.09,0.326,0.36,1.01,0.022,27.6,129.7,0.990541,3.57,0.5,12.090617021
5.9,0.151,0.27,13.21,0.047,35.3,169.7,0.99278,3.11,0.52,9.100583112
6.04,0.281,0.32,12.24,0.056,45.9,175.5,0.992935,3.28,0.47,9.104288869
6.15,0.416,0.34,6.32,0.038,47.7,106.6,0.991204,3.46,0.52,12.853182649
6.79,0.206,0.37,1.98,0.02,16.4,131.4,0.990611,3.45,0.54,12.568873544
6.93,0.205,0.28,2.16,0.025,20.6,120.7,0.99317,3.27,0.45,12.075322013
6.87,0.274,0.27,13.98,0.042,46.8,198.8,0.997699,3.2,0.55,9.236799793
7.51,0.722,0.0,3.71,0.073,5.9,31.0,0.998919,3.54,1.07,10.423167332
6.62,0.439,0.3,1.96,0.038,23.1,108.4,0.992162,3.15,0.48,13.349578844
8.91,0.621,0.53,1.6,0.101,5.1,26.0,0.994636,3.39,0.88,8.755939472
5.8,0.211,0.28,4.31,0.032,41.4,131.6,0.989913,3.3,0.4,11.448674248
7.22,0.905,0.1,2.67,0.096,4.0,6.0,0.997607,3.49,0.62,10.882638071
6.66,0.295,0.25,16.75,0.047,45.4,205.7,0.997958,3.07,0.55,8.943690444
6.77,0.358,0.43,1.55,0.05,32.2,142.2,0.993255,3.16,0.44,9.513006383
6.67,0.334,0.31,2.53,0.042,28.1,131.5,0.989629,3.19,0.74,10.826206262
5.09,0.239,0.3,1.97,0.034,31.5,86.9,0.992239,3.04,0.52,12.018783083
6.08,0.346,0.2,5.7,0.039,27.2,83.3,0.99251,3.09,0.45,10.327641625
6.0,0.245,0.26,1.75,0.03,26.3,104.5,0.992639,3.49,0.54,11.802793686
8.55,0.443,0.27,1.26,0.095,12.0,177.4,0.999949,3.39,0.54,10.225501448
7.59,0.25,0.72,8.61,0.051,40.5,129.1,0.991913,3.22,0.46,10.355782896
5.52,0.137,0.37,1.31,0.033,16.6,82.6,0.990544,3.49,0.46,11.243039658
6.54,0.368,0.28,0.98,0.04,11.8,68.0,0.992015,3.45,0.38,9.850434306
9.66,0.198,0.3,14.58,0.071,25.7,248.8,0.998899,3.21,0.51,8.645684622
5.76,0.234,0.22,11.01,0.057,31.9,202.2,0.998386,3.13,0.44,9.305458326
8.26,0.253,0.19,12.0,0.051,35.2,216.5,0.996386,3.16,0.58,9.251214636
6.63,0.325,0.28,7.68,0.044,66.8,193.5,0.997718,3.24,0.59,9.393984143
6.02,0.165,0.28,3.02,0.047,56.9,94.2,0.993306,3.13,0.52,9.39223052
9.82,0.632,0.06,1.7,0.093,6.5,9.5,0.997051,3.57,0.58,10.481719458
8.12,0.381,0.12,15.65,0.054,44.3,170.0,0.992706,3.33,0.52,9.394027142
8.1,0.255,0.39,2.87,0.172,25.5,174.3,0.999253,3.07,0.56,11.693005232
8.62,0.806,0.11,1.72,0.085,5.6,20.9,0.997024,3.34,0.6,10.608562741
6.91,0.69,0.1,1.63,0.081,20.6,10.9,0.993874,2.9,0.47,10.346100875
5.62,0.371,0.25,1.82,0.044,14.0,80.3,0.991292,3.28,0.6,11.744049539
6.74,0.262,0.28,2.46,0.053,21.1,107.3,0.99204,3.28,0.45,9.183645215
9.36,0.403,0.14,3.05,0.093,12.1,19.3,0.996992,3.45,0.98,9.593512716
7.43,0.521,0.17,2.58,0.089,4.7,6.0,0.99777,3.26,0.73,10.064006648
5.38,0.201,0.65,2.47,0.031,16.4,84.5,0.995614,3.34,0.77,11.880196072
5.91,0.179,0.27,5.44,0.033,26.6,123.0,0.990526,3.36,0.35,12.204409072
8.47,0.664,0.14,1.54,0.095,5.6,37.2,0.997472,3.43,0.55,10.509550812
6.89,0.411,0.31,11.61,0.05,51.0,133.6,0.994087,3.41,0.7,9.873187352
6.09,0.317,0.39,13.23,0.042,26.7,126.2,0.995554,3.32,0.61,10.836535177
6.76,0.259,0.26,7.94,0.064,38.5,164.1,0.999573,2.99,0.37,9.281730642
7.8,0.649,0.56,2.66,0.087,13.6,15.6,0.998907,3.33,0.69,10.369146355
6.02,0.245,0.52,7.52,0.046,58.0,128.7,0.992774,3.15,0.54,9.931295622
5.88,0.363,0.27,1.24,0.048,38.1,123.2,0.992316,3.49,0.44,9.493983419
9.06,0.294,0.26,9.5,0.05,46.5,74.2,0.999148,3.02,0.38,9.30179374
6.23,0.206,0.31,1.73,0.036,19.0,96.1,0.992698,3.1,0.43,11.508206703
8.71,0.745,0.56,1.05,0.08,7.6,19.6,0.996453,3.32,0.54,10.166878798
5.25,0.178,0.37,4.68,0.033,25.1,96.9,0.993011,3.29,0.48,11.940994406
9.04,0.202,0.34,7.36,0.047,45.8,188.7,0.99357,2.99,0.37,10.451031081
6.2,0.286,0.31,2.41,0.057,34.5,133.2,0.98994,3.43,0.51,11.869827837
7.49,0.161,0.3,1.26,0.039,28.1,100.6,0.996029,3.38,0.51,11.930669517
7.93,0.308,0.26,11.73,0.058,38.1,187.4,1.001261,3.0,0.56,9.761247483
6.64,0.179,0.35,10.9,0.048,51.5,185.1,0.999143,3.15,0.58,8.884118985
7.29,0.241,0.32,1.12,0.042,24.1,75.0,0.991801,3.31,0.51,10.760426605
8.78,0.217,0.45,5.92,0.044,17.4,117.8,0.995166,3.49,0.62,10.620606538
6.5,0.386,0.3,1.61,0.04,18.7,34.8,0.991487,3.26,0.7,12.159124868
7.16,0.307,0.22,2.69,0.046,30.1,94.4,0.993153,3.54,0.54,10.424927523
7.37,0.433,0.26,3.22,0.026,7.1,131.1,0.992219,3.51,0.52,11.673358283
6.84,0.227,0.19,1.47,0.054,47.4,162.0,0.996374,3.05,0.37,9.324193416
5.31,0.388,0.17,1.06,0.021,26.7,75.9,0.990745,3.24,0.34,12.293173296
8.47,0.278,0.27,7.47,0.05,33.2,173.9,0.999281,3.04,0.46,9.492587163
6.54,0.557,0.26,1.59,0.046,32.6,114.8,0.993433,3.14,0.65,11.114533802
5.92,0.513,0.35,6.75,0.094,14.2,18.7,0.998347,3.09,0.55,10.207290161
6.07,0.352,0.47,5.33,0.041,21.8,98.0,0.989601,3.16,0.53,11.498385898
5.88,0.149,0.33,7.71,0.036,29.9,134.2,0.996688,3.14,0.54,9.895931418
8.83,0.262,0.22,13.27,0.054,25.0,171.0,0.99589,3.08,0.49,9.646604189
6.9,0.324,0.26,11.56,0.049,52.3,179.3,0.995464,3.3,0.44,9.066107859
6.48,0.162,0.34,1.29,0.183,8.5,82.7,0.998964,3.0,0.44,10.649646678
5.4,0.3,0.3,7.32,0.059,50.8,180.4,0.996805,3.07,0.47,9.422708571
7.6,0.313,0.22,2.29,0.057,39.7,55.6,0.992176,3.43,0.31,11.178852528
6.46,0.313,0.37,4.38,0.047,21.0,119.8,0.990809,3.45,0.59,12.269761874
6.06,0.196,0.34,1.1,0.028,17.3,77.8,0.991315,3.28,0.38,12.014955259
6.31,0.182,0.25,7.29,0.039,51.2,168.6,0.998699,2.94,0.49,9.572573029
7.23,0.903,0.07,2.69,0.093,3.0,11.3,0.999071,3.38,0.97,10.879002826
6.08,0.291,0.34,4.67,0.04,38.5,161.9,0.995029,3.25,0.58,12.148796097
6.28,0.251,0.33,4.65,0.03,40.2,104.5,0.992194,3.34,0.33,11.939700069
5.84,0.2,0.35,3.31,0.031,29.8,116.3,0.990063,3.63,0.59,10.052471346
7.61,0.286,0.29,2.05,0.049,46.0,115.2,0.992904,3.3,0.39,12.298834429
6.73,0.455,0.31,2.01,0.031,24.2,41.5,0.996665,3.37,0.71,11.955399778
6.37,0.37,0.42,4.1,0.03,35.1,95.8,0.990124,3.46,0.37,12.213219839
6.02,0.662,0.58,0.92,0.085,20.8,64.3,0.993143,3.1,0.48,10.900321439
5.56,0.703,0.36,1.22,0.04,26.8,23.8,0.99543,3.15,0.55,9.854788456
9.89,0.323,0.31,1.71,0.113,16.9,157.1,0.998018,3.21,0.71,10.371420415
5.81,0.359,0.2,1.92,0.025,18.7,110.1,0.989652,3.42,0.51,12.751498875
7.72,0.295,0.3,10.26,0.041,36.8,162.4,0.991903,3.14,0.58,10.520622806
6.0,0.337,0.66,2.0,0.047,17.6,108.8,0.997136,3.24,0.33,12.22814469
6.22,0.222,0.31,6.18,0.051,34.3,193.1,0.991608,2.9,0.48,10.633516039
7.18,0.378,0.21,3.39,0.046,32.5,103.0,0.995241,3.06,0.52,8.801045405
7.94,0.266,0.33,1.62,0.043,50.8,170.7,0.997492,2.92,0.86,9.02361476
5.9,0.296,0.45,2.63,0.049,31.7,120.8,0.993055,3.44,0.64,11.234896029
5.89,0.364,0.26,2.01,0.041,16.7,98.2,0.990974,3.41,0.52,12.154174819
7.81,0.255,0.28,6.45,0.044,36.8,75.2,0.993744,3.17,0.47,11.969564806
6.18,0.189,0.29,11.33,0.046,33.9,133.3,0.991927,3.17,0.48,9.48800313
5.89,0.228,0.28,5.34,0.041,52.2,179.5,0.992552,3.56,0.42,11.653871275
5.66,0.276,0.28,4.57,0.027,18.9,92.3,0.991564,3.16,0.35,11.290333111
6.08,0.416,0.32,2.52,0.032,40.5,115.3,0.992969,3.3,0.34,12.304850635
7.08,0.228,0.51,4.74,0.047,31.8,111.4,0.992261,3.53,0.68,11.828134773
7.73,0.362,0.24,12.59,0.042,49.5,205.2,0.991812,3.18,0.55,9.271800268
6.74,0.419,0.32,4.4,0.049,16.9,87.7,0.996584,3.39,0.41,12.486437863
6.3,0.416,0.28,1.4,0.047,12.3,84.1,0.991492,3.21,0.81,8.748072549
7.31,0.314,0.3,1.35,0.067,47.4,212.5,0.997949,3.14,0.42,8.918594128
10.42,0.301,0.25,0.85,0.078,11.0,19.4,0.993931,3.55,0.57,10.326521909
8.27,0.194,0.26,10.21,0.051,41.4,174.3,1.000667,3.11,0.6,9.403847331
4.77,0.223,0.28,1.24,0.022,45.4,79.8,0.990963,3.35,0.72,11.763507379
6.17,0.207,0.24,1.71,0.022,8.3,101.7,0.989808,3.41,0.46,12.146720007
5.86,0.348,0.29,4.37,0.028,30.0,97.0,0.994351,3.16,0.96,10.932295118
7.08,0.797,0.09,1.72,0.092,6.5,6.0,0.996349,3.53,0.76,9.758346449
8.48,0.66,0.36,1.83,0.107,16.6,130.4,0.994404,3.13,0.54,10.714993136
7.68,0.64,0.09,1.19,0.092,14.3,20.0,0.997791,3.33,0.55,10.542266634
6.77,0.206,0.3,12.27,0.046,40.2,181.9,0.996942,2.88,0.56,8.70961148
7.13,0.319,0.37,1.95,0.049,25.7,69.0,0.992479,3.35,0.85,9.406943463
9.92,0.197,0.25,14.25,0.051,60.0,169.7,0.993255,3.0,0.51,9.191504702
6.0,0.291,0.31,1.63,0.037,11.2,161.4,0.99716,3.09,0.54,9.154001814
6.75,0.54,0.27,12.84,0.053,58.8,228.1,0.997157,3.2,0.43,8.512534801
6.27,0.346,0.28,1.63,0.143,23.4,149.6,0.994775,3.5,0.53,10.943450465
6.75,0.408,0.36,6.4,0.051,30.5,143.8,0.994947,3.28,0.78,10.915035316
5.64,0.206,0.35,1.98,0.049,39.2,109.5,0.991626,3.33,0.67,13.065117752
7.42,0.297,0.36,5.64,0.042,8.3,87.1,0.991339,3.26,0.67,10.634215799
8.57,0.21,0.34,1.23,0.05,37.4,144.4,0.996622,3.11,0.73,8.912474018
7.49,0.637,0.42,3.62,0.034,11.2,101.1,0.993141,3.05,0.57,10.005911014
5.49,0.218,0.29,14.74,0.041,45.9,190.2,0.996894,3.3,0.6,9.037194348
9.1,0.771,0.13,2.26,0.073,5.1,6.0,1.000698,3.61,0.64,9.807610881
5.97,0.431,0.52,2.2,0.033,40.0,118.1,0.990007,3.32,0.74,12.664456688
7.39,0.171,0.33,1.48,0.048,24.3,118.4,0.992929,3.23,0.74,11.057700993
7.24,0.276,0.32,11.15,0.05,29.4,177.3,0.99502,2.97,0.81,9.12886908
7.31,0.433,0.1,3.62,0.074,13.3,40.7,0.996136,3.23,0.54,11.208874786
5.49,0.178,0.3,12.76,0.059,49.6,183.7,0.997941,2.97,0.49,9.159985917
6.7,0.159,0.3,6.01,0.042,46.0,62.6,0.997144,3.11,0.54,9.033514421
6.18,0.305,0.32,1.76,0.043,13.9,56.3,0.992106,2.99,0.46,8.568688195
5.76,0.195,0.27,2.11,0.05,15.6,88.6,0.995867,3.35,0.5,12.022223872
5.57,0.219,0.3,12.05,0.048,19.5,168.0,0.995348,2.99,0.55,9.392336362
7.27,0.224,0.29,2.47,0.024,27.5,112.3,0.992256,3.35,0.43,12.228013122
6.85,0.174,0.3,2.4,0.032,11.9,127.4,0.99007,3.19,0.67,10.599303544
6.23,0.202,0.36,1.22,0.031,37.2,52.4,0.989894,3.15,0.32,10.172093559
6.53,0.202,0.48,2.18,0.038,44.7,112.6,0.9916,3.17,0.46,10.093985688
7.59,0.671,0.07,1.14,0.101,7.9,31.9,0.998595,3.14,0.58,10.329159511
5.87,0.277,0.3,4.4,0.033,35.2,110.1,0.990366,3.58,0.88,11.69227127
6.7,0.219,0.32,11.8,0.038,19.0,85.0,0.991356,3.35,0.62,9.346132041
5.39,0.252,0.23,2.12,0.078,29.9,139.5,0.997249,3.24,0.99,9.593526177
6.21,0.354,0.33,5.66,0.04,46.4,55.2,0.99133,3.31,0.45,8.950222367
5.79,0.214,0.31,10.76,0.066,28.8,186.2,0.996088,2.97,0.4,9.179338639
6.94,0.876,0.12,9.54,0.101,8.9,22.5,0.996192,3.46,0.86,10.042972186
6.48,0.385,0.11,3.86,0.02,20.0,123.0,0.992422,3.48,0.51,12.498988602
6.36,0.207,0.3,1.59,0.037,28.5,140.2,0.991899,3.23,0.73,11.061251009
6.34,0.163,0.37,6.8,0.03,59.4,93.6,0.990001,3.31,0.61,12.383864885
5.48,0.159,0.27,1.78,0.028,21.9,95.1,0.989541,3.31,0.43,11.009164551
6.99,0.265,0.23,3.0,0.111,13.3,101.2,0.991111,3.51,0.93,11.057011552
6.3,0.329,0.21,3.0,0.045,42.1,13.4,0.994951,3.05,0.51,10.322808273
6.41,0.277,0.57,10.96,0.046,30.2,143.3,0.997141,3.04,0.43,9.139768634
5.53,0.222,0.44,5.11,0.041,14.5,89.7,0.989531,3.28,0.58,12.568066414
6.52,0.185,0.19,1.55,0.048,45.5,132.9,0.996451,3.28,0.39,9.021431986
6.11,0.214,0.36,1.04,0.044,20.5,88.0,0.991423,3.12,0.43,9.181220686
9.45,0.845,0.56,1.23,0.103,3.3,26.2,0.997251,3.23,0.72,9.353738899
5.84,0.38,0.28,2.04,0.037,18.5,108.9,0.993433,3.31,0.38,10.377349189
9.65,0.331,0.26,10.74,0.04,56.9,205.7,0.997997,3.06,0.4,9.119577475
6.08,0.181,0.29,1.98,0.039,10.8,110.5,0.992504,3.6,0.86,11.745845489
5.33,0.276,0.19,1.27,0.034,38.5,81.9,0.990307,3.54,0.53,11.676659413
8.07,0.709,0.48,1.81,0.115,8.4,16.1,0.999386,3.42,0.73,9.151316378
5.5,0.234,0.35,1.93,0.029,28.5,64.9,0.992113,3.48,0.38,12.43878342
7.21,0.329,0.44,4.0,0.022,20.0,112.4,0.992047,3.31,0.49,11.443871848
5.8,0.253,0.27,2.1,0.036,26.3,128.6,0.992429,3.26,0.58,9.577544763
6.18,0.259,0.28,1.41,0.039,39.9,145.9,0.992685,2.85,0.48,10.277868607
7.93,0.342,0.17,6.58,0.031,50.3,131.1,0.995928,3.06,0.45,10.826940727
10.53,0.78,0.09,1.65,0.104,9.6,12.9,1.000361,3.2,0.71,9.397346257
6.3,0.218,0.25,8.04,0.025,102.2,93.0,0.997274,3.23,0.51,12.628544815
7.85,0.261,0.28,2.3,0.038,52.9,153.0,0.996066,3.36,0.44,9.061560592
6.22,0.267,0.34,2.44,0.049,45.4,154.6,0.995587,3.32,0.54,9.743669505
7.05,0.172,0.17,13.19,0.042,51.6,139.9,0.998737,3.15,0.44,8.856672243
5.74,0.287,0.25,5.03,0.037,19.3,127.0,0.993053,3.41,0.65,11.268300871
6.06,0.237,0.21,7.87,0.056,17.0,200.5,0.993182,3.26,0.39,9.326686865
7.01,0.302,0.18,2.18,0.049,54.7,105.5,0.995781,3.37,0.52,9.267690216
6.63,0.183,0.5,4.94,0.044,58.1,148.4,0.997629,3.09,0.8,8.972352401
8.69,0.297,0.29,12.35,0.051,40.0,110.7,0.992532,3.29,0.43,9.316209004
8.8,0.316,0.48,1.23,0.051,58.1,91.9,0.99622,3.26,0.54,10.310588931
6.41,0.301,0.4,4.21,0.022,15.6,74.9,0.993686,3.1,0.75,10.42441759
6.99,0.264,0.21,12.24,0.057,16.3,178.2,0.99619,3.09,0.6,9.824479548
5.33,0.157,0.21,4.41,0.021,41.4,77.0,0.990255,3.24,0.32,11.053156927
8.55,0.281,0.22,13.54,0.047,26.8,162.4,0.995412,3.3,0.47,10.580904253
7.43,0.203,0.27,10.34,0.061,46.9,246.5,0.997225,2.96,0.62,9.105573671
7.93,0.33,0.24,13.81,0.063,46.3,213.9,0.990826,3.19,0.94,8.937277054
6.61,0.194,0.11,1.59,0.035,32.4,97.5,0.992229,3.24,0.64,10.356601422
5.67,0.354,0.44,3.97,0.037,67.4,127.9,0.991045,3.29,0.41,11.526867458
6.02,0.335,0.34,7.65,0.031,19.7,178.5,0.992928,3.2,0.9,13.151655737
6.49,0.199,0.45,1.38,0.038,7.4,114.9,0.991164,3.39,0.53,12.32923479
10.36,0.697,0.08,1.46,0.089,6.9,11.7,0.998025,3.4,0.6,9.717048763
4.96,0.296,0.28,2.29,0.042,26.6,81.9,0.98979,3.08,0.41,11.854297999
8.18,0.422,0.19,1.4,0.082,8.6,22.4,0.998251,3.24,0.62,9.433363205
7.24,0.735,0.02,1.84,0.098,9.8,23.2,0.996509,3.41,0.51,10.435481252
6.02,0.265,0.31,1.17,0.052,17.6,153.8,0.994522,3.14,0.57,10.645649299
6.22,0.179,0.28,1.86,0.025,26.8,100.1,0.992201,3.16,0.59,10.962311224
10.54,0.788,0.12,1.5,0.085,4.1,6.0,0.995974,3.44,0.85,9.316507284
6.6,0.256,0.29,15.06,0.057,79.1,211.9,0.997774,2.97,0.4,9.039100948
5.9,0.3,0.35,2.72,0.034,13.2,135.6,0.994346,3.06,0.5,10.614691753
6.31,0.666,0.22,1.42,0.041,13.9,53.0,0.993875,3.26,0.43,8.933409717
6.71,0.329,0.23,4.3,0.041,38.6,156.4,0.989288,3.04,0.53,9.460314401
6.56,0.257,0.31,1.32,0.055,27.4,102.0,0.992354,3.3,0.68,12.201637039
6.37,0.199,0.26,1.22,0.044,61.2,181.5,0.99581,3.21,0.48,8.684561443
7.86,0.749,0.0,2.89,0.087,15.0,6.1,0.99562,3.4,0.95,10.913806788
7.39,0.169,0.34,12.16,0.05,18.3,143.9,0.999073,2.94,0.6,8.824139349
6.95,0.277,0.22,10.27,0.064,32.6,101.7,0.998598,3.19,0.49,9.238660067
7.47,0.194,0.25,9.71,0.052,46.5,166.2,0.993952,3.07,0.37,9.147409938
6.3,0.308,0.53,9.14,0.053,49.3,224.8,0.994261,3.03,0.57,9.111409072
6.21,0.225,0.29,12.38,0.029,18.8,86.8,0.993402,3.27,0.38,12.681111799
5.7,0.27,0.38,2.02,0.05,6.0,79.9,0.992919,3.42,0.92,9.43573546
9.53,0.262,0.32,1.02,0.045,34.9,123.0,0.990744,3.38,0.64,12.325835674
6.17,0.233,0.21,12.47,0.04,27.8,184.4,0.997929,3.2,0.48,8.677698554
5.74,0.267,0.3,1.81,0.042,14.7,109.7,0.989293,3.49,0.8,11.828409272
6.38,0.306,0.3,4.11,0.036,44.9,111.7,0.990562,3.41,0.35,12.476134118
5.31,0.204,0.27,1.27,0.037,25.5,160.0,0.995874,3.3,0.44,9.044470913
6.39,0.193,0.22,10.21,0.06,53.1,135.1,0.99547,3.26,0.6,9.12613477
6.75,0.832,0.01,2.23,0.103,7.3,15.0,0.997427,3.48,0.57,10.454053724
6.06,0.634,0.08,1.29,0.08,26.0,67.4,0.997562,3.13,0.51,9.559483047
5.9,0.577,0.66,14.21,0.045,54.0,162.4,0.995532,3.38,0.78,9.42668516
6.21,0.17,0.31,3.43,0.025,28.6,84.8,0.991053,3.39,0.61,11.963240145
5.62,0.226,0.32,1.7,0.062,43.1,76.7,0.994239,3.23,0.39,10.582266477
6.25,0.207,0.24,9.81,0.044,40.0,183.3,0.99832,3.03,0.56,9.353182113
6.36,0.246,0.37,4.67,0.041,23.9,200.1,0.990553,3.13,0.53,9.735435132
9.66,0.627,0.19,1.89,0.178,12.5,34.1,0.998762,3.3,0.67,10.686815213
6.3,0.268,0.35,1.66,0.055,17.9,103.8,0.997064,3.01,0.45,9.659756966
5.92,0.244,0.29,2.11,0.037,48.1,122.1,0.990105,3.2,0.51,10.460270217
6.63,0.405,0.29,5.56,0.028,13.5,140.5,0.998309,3.28,0.81,12.28666522
7.14,0.165,0.31,1.42,0.037,9.7,54.1,0.995186,3.09,0.49,9.643812864
7.06,0.204,0.3,5.81,0.035,24.2,140.4,0.993151,3.29,0.51,11.131614268
8.47,0.29,0.13,1.31,0.037,49.4,116.5,0.995653,3.55,0.58,9.934567919
8.37,0.451,0.11,1.72,0.08,4.0,32.7,0.998741,3.42,0.73,10.718956789
9.78,1.202,0.07,3.1,0.079,4.1,6.3,1.000832,3.43,0.71,9.988050138
5.44,0.239,0.27,1.99,0.046,36.5,112.8,0.990271,3.18,0.43,12.183007792
8.91,0.382,0.3,1.64,0.048,13.8,102.0,0.993366,3.36,0.63,10.325410973
6.33,0.76,0.25,1.36,0.059,6.4,59.9,0.996506,3.39,0.62,9.52685021
7.41,0.633,0.09,1.65,0.133,9.2,6.3,0.996116,3.16,0.77,10.453384872
5.7,0.254,0.31,3.02,0.043,50.1,112.1,0.991481,3.27,0.31,12.217666851
8.25,0.55,0.26,11.64,0.089,7.2,70.3,0.999197,3.09,0.54,9.085095401
6.55,0.282,0.3,2.36,0.031,29.6,93.0,0.992306,3.29,0.54,12.08945869
9.22,0.779,0.05,1.67,0.072,6.5,14.8,1.000285,3.4,0.42,10.608134026
9.14,0.857,0.53,1.24,0.082,10.5,34.8,0.996208,3.38,0.79,9.672616879
6.29,0.234,0.28,6.2,0.035,30.3,94.6,0.992462,3.17,0.63,9.882358538
7.18,0.615,0.43,10.58,0.048,41.1,155.7,0.997451,3.43,0.43,9.348069492
8.33,0.877,0.17,1.04,0.075,4.9,31.1,0.997763,3.46,0.44,10.477883578
8.54,0.789,0.75,2.1,0.093,10.1,118.1,0.998628,3.23,0.8,11.247524993
5.67,0.435,0.29,1.11,0.019,15.0,123.8,0.99039,3.43,0.54,12.091251647
5.95,0.196,0.25,4.89,0.026,13.9,108.0,0.991805,3.7,0.59,10.306456889
6.65,0.708,0.2,1.72,0.067,12.2,70.3,0.999302,3.66,0.47,11.369276414
6.8,0.234,0.27,16.36,0.045,90.2,213.7,0.996378,3.22,0.4,9.15520597
7.95,0.304,0.44,8.48,0.026,18.3,98.1,0.989323,3.5,0.6,11.560624168
7.16,0.249,0.31,1.58,0.035,20.4,128.6,0.994036,3.37,0.41,10.927167853
7.55,0.82,0.14,1.7,0.093,3.3,13.4,0.996082,3.32,0.43,9.869166764
5.54,0.243,0.3,3.58,0.034,23.9,105.0,0.989619,3.36,0.5,10.444267653
7.0,0.23,0.24,14.81,0.054,52.6,202.0,0.998041,3.07,0.5,9.09403711
6.4,0.212,0.45,1.95,0.035,35.9,117.4,0.992948,3.13,0.68,9.276899728
6.39,0.428,0.35,0.92,0.029,36.0,73.2,0.99018,3.17,0.35,12.461958873
9.06,0.73,0.54,2.58,0.094,5.0,16.4,0.994876,3.55,0.92,9.668845412
7.58,0.291,0.3,11.2,0.038,18.3,76.0,0.993667,3.2,0.73,11.255823124
7.76,0.63,0.45,1.41,0.079,7.2,13.6,0.995855,3.28,0.43,10.492147816
8.44,1.02,0.1,1.97,0.079,25.9,18.7,1.001525,3.21,0.63,10.848238288
8.19,0.263,0.43,10.62,0.029,58.8,142.5,0.995942,3.33,0.57,8.962256191
6.28,0.186,0.33,12.92,0.064,62.5,199.9,0.996772,2.89,0.51,8.753403075
6.08,0.201,0.27,2.32,0.045,30.4,94.5,0.991482,3.27,0.35,11.712378828
7.0,0.232,0.14,1.32,0.09,15.0,42.6,0.996183,2.98,0.49,9.583909185
6.37,0.2,0.23,2.31,0.04,40.1,132.1,0.99284,3.3,0.59,9.938651515
9.49,0.76,0.13,2.49,0.048,4.2,6.0,0.995712,3.48,0.89,9.100855182
7.33,0.199,0.55,11.21,0.141,30.6,166.8,0.995127,3.14,0.53,9.337323625
9.06,0.855,0.34,1.71,0.083,11.5,12.9,0.998462,3.42,0.51,9.875927101
8.51,0.733,0.32,2.22,0.127,14.9,52.2,0.997231,3.22,0.53,10.64745131
9.58,0.835,0.01,1.19,0.093,7.1,23.8,0.996784,3.33,1.11,10.060659577
7.73,0.285,0.33,1.07,0.088,22.5,21.8,0.998757,3.33,0.43,10.633122562
6.07,0.353,0.28,3.03,0.04,53.1,92.5,0.992809,3.46,0.6,12.794030354
6.24,0.411,0.27,1.26,0.027,34.8,75.6,0.991055,3.17,0.51,11.996837371
8.49,0.261,0.35,2.62,0.05,28.5,72.0,0.992781,3.15,0.82,11.59606566
6.98,0.36,0.31,1.07,0.034,19.6,56.5,0.990728,3.13,0.64,12.917437305
5.95,0.338,0.44,1.74,0.041,61.0,101.3,0.992458,3.22,0.51,10.943168169
5.48,0.221,0.45,1.76,0.038,24.8,131.4,0.989426,3.25,0.63,11.799104244
8.21,0.571,0.57,2.15,0.093,4.8,20.6,0.997926,3.48,0.62,10.824778566
5.84,0.223,0.28,2.44,0.034,36.7,105.0,0.990011,3.42,0.31,11.836949341
5.04,0.425,0.38,1.54,0.037,17.1,82.5,0.991281,3.22,0.57,10.415154782
7.5,0.681,0.11,1.35,0.081,28.4,16.7,0.996662,3.27,0.47,10.036488933
11.74,0.547,0.25,2.48,0.221,6.1,127.0,0.992896,3.33,0.77,10.506712126
5.86,0.24,0.27,1.8,0.031,88.4,88.4,0.991684,3.29,0.39,12.827663267
5.77,0.425,0.34,1.97,0.042,52.4,53.8,0.990883,3.22,0.49,10.727358686
8.2,0.529,0.39,1.76,0.038,19.3,95.9,0.99153,3.04,0.51,10.36420867
5.88,0.276,0.3,1.74,0.043,31.4,151.7,0.990358,3.41,1.04,11.540525568
6.57,0.176,0.43,5.38,0.033,18.1,90.9,0.991332,3.28,0.63,11.106205333
6.77,0.179,0.39,1.14,0.022,22.9,95.9,0.992984,3.33,0.55,11.656707967
5.77,0.416,0.25,6.14,0.042,35.9,158.1,0.988741,3.4,0.49,12.370404298
5.96,0.188,0.46,2.77,0.033,12.4,88.4,0.990067,3.16,0.52,12.549945388
7.39,0.25,0.25,8.81,0.049,46.4,198.1,0.998989,3.15,0.52,9.166438814
6.71,0.297,0.5,12.48,0.051,51.7,164.3,0.994936,3.29,0.45,9.388701745
5.95,0.159,0.23,11.32,0.05,26.5,197.0,0.99356,2.94,0.38,8.683086378
6.75,0.295,0.15,3.6,0.039,53.5,98.4,0.992227,3.27,0.48,10.752622914
5.78,0.307,0.24,2.59,0.03,58.0,60.9,0.990883,3.54,0.37,11.624169186
6.5,0.171,0.3,12.05,0.055,44.3,193.1,0.995518,2.98,0.4,8.751776196
5.96,0.192,0.09,3.36,0.031,36.2,109.6,0.992791,3.21,0.59,10.356839901
6.03,0.189,0.21,6.64,0.041,31.7,167.5,0.991896,3.29,0.73,12.204785977
5.99,0.284,0.3,5.15,0.032,18.9,86.0,0.991968,3.01,0.44,12.229179545
8.4,1.038,0.12,1.01,0.082,4.2,42.7,0.998176,3.32,0.72,10.450471825
7.63,0.607,0.1,1.3,0.093,5.4,6.0,0.99884,3.55,0.91,10.682626613
6.09,0.157,0.27,10.89,0.041,21.2,98.7,0.991575,3.15,0.58,9.422886647
7.78,1.115,0.13,1.14,0.082,5.0,22.5,0.99943,3.16,0.86,10.633451586
4.89,0.206,0.19,6.05,0.035,11.3,154.8,0.991107,3.35,0.62,11.251541335
6.15,0.288,0.46,4.24,0.031,39.4,104.9,0.989466,3.43,0.8,11.727454816
6.7,0.212,0.29,11.53,0.045,36.7,153.7,0.992139,3.2,0.48,9.170632412
5.91,0.388,0.25,11.73,0.051,14.3,97.3,0.994296,3.34,0.47,10.968887722
7.49,0.305,0.41,1.74,0.068,26.5,202.3,0.992455,3.38,0.58,9.687739224
6.99,0.421,0.24,14.28,0.046,57.0,161.5,0.996603,3.03,0.46,8.94743521
6.99,0.274,0.3,7.53,0.036,12.3,94.9,0.991187,2.98,0.36,11.924128267
9.8,0.916,0.09,2.32,0.092,5.9,20.1,0.995462,3.65,0.45,11.204607614
5.88,0.354,0.28,1.43,0.06,20.5,77.9,0.997386,3.07,0.33,9.305954172
5.77,0.647,0.11,1.31,0.101,6.2,21.7,0.999747,3.45,0.82,9.672974025
7.4,0.815,0.27,1.82,0.087,12.3,17.3,0.997011,3.0,0.43,10.520974302
6.73,0.255,0.27,13.06,0.04,14.6,162.5,0.991279,3.33,0.31,9.098646938
6.19,0.22,0.31,1.45,0.046,53.4,129.1,0.991551,3.14,0.51,10.35713374
6.06,0.378,0.3,9.68,0.036,49.8,199.4,0.997059,3.14,0.42,10.112624592
5.86,0.325,0.25,12.7,0.049,55.7,150.8,0.995387,3.29,0.59,9.332240672
6.81,0.273,0.19,4.4,0.028,13.7,80.4,0.989331,3.13,0.74,12.937690011
7.14,0.4,0.42,3.91,0.022,21.4,115.1,0.989876,3.58,0.73,12.911101195
6.43,0.214,0.29,1.93,0.037,30.8,90.2,0.989556,3.2,0.46,12.510289373
5.9,0.237,0.32,1.03,0.044,27.9,104.5,0.995384,3.33,0.51,11.043083444
6.7,0.205,0.21,1.7,0.055,46.0,151.3,0.990653,3.13,0.41,9.345616002
5.81,0.231,0.26,15.39,0.04,44.1,112.0,0.992462,3.31,0.59,11.101844338
13.4,0.668,0.18,2.65,0.085,27.2,21.5,0.999246,3.27,0.56,10.156670881
6.87,0.194,0.37,2.16,0.028,27.4,123.1,0.991441,3.54,0.59,11.648238974
7.38,0.265,0.28,11.93,0.048,18.1,131.8,0.993413,3.28,0.51,9.1849163
5.89,0.417,0.15,2.29,0.087,13.4,22.1,0.997311,3.52,1.23,11.187005477
8.6,0.531,0.08,2.04,0.049,4.3,18.2,0.996502,3.09,0.53,10.539893394
7.81,0.238,0.37,2.29,0.028,37.8,66.0,0.990785,3.0,0.5,8.872544498
7.53,0.259,0.24,15.72,0.042,54.2,172.1,0.998085,3.33,0.45,9.395320364
8.39,0.317,0.32,2.91,0.034,28.3,148.9,0.994322,3.18,0.37,10.608078012
5.89,0.154,0.29,2.77,0.05,35.9,184.9,0.993623,3.02,0.43,11.305080469
5.12,0.295,0.24,4.19,0.021,27.4,144.1,0.989394,3.16,0.52,12.904522778
9.54,0.338,0.38,1.83,0.043,33.0,153.0,0.999615,2.96,0.42,9.511570716
5.92,0.306,0.35,1.13,0.044,11.9,86.5,0.993676,3.08,0.38,9.321316165
6.12,0.185,0.3,6.07,0.056,39.1,111.5,0.996072,3.17,0.7,9.562830122
8.11,0.321,0.3,1.9,0.131,33.7,155.2,0.997119,3.21,0.46,9.404347525
7.8,0.304,0.3,12.46,0.061,47.0,146.9,0.997972,3.15,0.42,8.680475683
6.28,0.36,0.3,3.36,0.027,12.9,95.8,0.989571,3.49,0.51,11.943641299
6.89,0.255,0.31,1.88,0.046,26.8,97.2,0.99314,3.07,0.31,12.118164945
7.38,0.796,0.03,2.03,0.095,5.5,112.4,0.996878,3.44,0.69,10.810352113
9.46,0.752,0.1,2.81,0.096,3.5,15.4,0.997631,3.46,0.6,11.032042207
9.26,0.209,0.27,1.57,0.059,22.0,86.4,0.993085,3.31,0.43,10.693432937
6.62,0.27,0.29,1.07,0.038,7.6,93.9,0.995673,3.58,0.54,12.348468884
6.23,0.253,0.3,5.55,0.051,28.4,222.9,0.993574,3.33,0.45,9.719162607
9.04,0.967,0.25,1.28,0.1,3.7,18.0,1.00004,3.4,0.63,10.764953681
7.36,0.308,0.25,12.09,0.043,39.6,207.7,0.998271,3.13,0.43,9.1885985
6.83,0.222,0.17,13.89,0.061,39.0,244.4,0.999093,3.28,0.56,8.963221375
6.0,0.277,0.24,1.93,0.026,21.8,133.8,0.988874,3.34,0.37,11.01432905
8.43,0.19,0.49,8.77,0.053,25.9,154.7,0.99876,3.26,0.52,9.896122925
7.9,0.252,0.31,3.32,0.028,37.0,116.1,0.989931,3.6,0.6,11.864572826
6.85,0.313,0.34,1.76,0.03,26.9,62.9,0.994113,3.47,0.54,11.485973435
6.69,0.505,0.26,1.98,0.039,21.3,127.3,0.992745,3.18,0.56,9.520448591
6.28,0.198,0.31,12.68,0.066,45.9,202.1,0.99516,3.29,0.49,8.895015208
6.07,0.217,0.25,2.94,0.027,36.5,115.7,0.990048,3.2,0.36,9.638450512
11.69,0.299,0.37,2.22,0.09,32.7,113.4,0.992908,3.24,0.58,10.667644173
7.16,0.347,0.17,4.07,0.031,19.5,156.0,0.994228,3.41,0.58,10.514519639
6.22,0.205,0.25,7.55,0.06,35.7,179.6,0.997782,2.89,0.55,8.817604613
6.25,0.286,0.3,15.12,0.054,61.3,196.1,0.996049,3.15,0.46,9.098761937
6.68,0.211,0.05,14.15,0.053,15.3,232.6,0.997859,3.2,0.58,9.122157444
6.73,0.288,0.37,2.1,0.049,28.2,71.9,0.994182,3.35,0.59,12.038522186
6.04,0.305,0.36,2.38,0.038,28.7,109.4,0.992376,3.13,0.36,11.880483576
8.15,0.729,0.21,2.09,0.076,4.7,8.2,0.997751,3.1,0.6,10.696870122
7.85,0.205,0.13,1.01,0.041,17.7,94.8,0.999942,3.31,0.47,9.655799198
7.89,0.454,0.06,2.32,0.088,2.4,27.2,0.997067,3.34,1.17,9.811215665
8.7,0.809,0.22,1.53,0.09,8.2,19.9,0.99712,3.28,0.5,10.895728378
6.28,0.152,0.48,6.61,0.023,20.3,103.4,0.991741,3.4,0.34,12.901217603
8.44,0.6,0.02,1.36,0.095,3.1,17.3,0.99668,3.13,0.93,9.013674017
10.1,0.867,0.1,1.27,0.081,6.7,16.8,0.996773,3.18,0.53,11.688615992
7.77,0.267,0.26,1.34,0.037,38.4,79.5,0.992909,3.22,0.6,10.042355163
10.96,0.691,0.1,2.06,0.163,4.8,64.7,0.995966,3.22,0.55,8.978169519
6.23,0.354,0.31,0.99,0.043,16.2,88.4,0.991592,3.37,0.45,12.041001886
6.41,0.269,0.34,2.47,0.02,16.0,116.7,0.991766,3.41,0.54,10.851926364
5.49,0.37,0.25,9.99,0.049,52.9,63.2,0.99038,3.39,0.45,12.147934714
6.81,0.218,0.3,10.92,0.048,40.1,132.6,0.996376,3.08,0.54,8.911343959
5.98,0.226,0.35,10.39,0.049,44.5,136.9,0.998252,3.19,0.58,8.595620836
6.31,0.291,0.24,5.51,0.049,60.9,193.3,0.993524,3.07,0.39,8.801130398
9.31,0.273,0.49,12.36,0.053,16.3,189.1,0.99593,3.13,0.57,9.434970891
7.15,0.197,0.29,11.86,0.049,54.8,181.7,0.995992,2.96,0.56,8.798229285
8.12,0.253,0.25,10.59,0.044,27.6,152.1,0.992185,3.18,0.47,10.20699658
6.33,0.288,0.31,11.59,0.051,18.4,183.3,0.995562,3.01,0.51,9.704097931
6.02,0.291,0.28,6.62,0.045,30.2,190.1,0.99926,3.16,0.77,10.316698428
6.55,0.35,0.41,1.54,0.036,16.0,51.0,0.990737,2.97,0.5,12.996245121
6.02,0.36,0.32,3.47,0.027,44.2,95.0,0.991138,3.36,0.51,11.801008493
6.77,0.318,0.25,1.28,0.019,23.1,102.7,0.992227,3.29,0.45,11.12932497
7.23,0.317,0.43,1.32,0.046,32.1,175.3,0.996297,3.22,0.48,9.425506663
9.22,1.124,0.14,2.45,0.074,5.1,33.9,0.994063,3.52,0.62,10.727150773
6.84,0.242,0.21,14.82,0.047,49.0,194.6,0.998566,3.27,0.53,8.633198282
6.01,0.254,0.43,6.81,0.038,23.0,96.4,0.998255,3.05,0.52,11.06049013
5.76,0.21,0.3,6.67,0.044,38.8,86.4,0.99596,3.85,0.44,10.280472482
5.58,0.371,0.28,1.94,0.024,16.2,110.5,0.990356,3.26,0.51,11.60246442
10.07,0.181,0.24,1.21,0.04,15.6,83.5,0.99746,3.48,0.66,12.360994224
7.54,0.851,0.15,2.92,0.093,21.1,31.6,0.994389,3.39,0.53,9.327941816
7.43,0.304,0.32,1.47,0.049,12.3,37.4,0.998418,3.14,0.62,9.859860832
6.71,0.221,0.21,9.08,0.041,49.5,196.6,0.996174,3.13,0.48,8.750516614
8.88,0.214,0.44,1.01,0.052,14.5,146.2,0.996453,3.4,0.65,9.324142893
11.0,0.197,0.3,8.18,0.048,35.4,159.9,0.997202,2.92,0.49,10.590193381
6.34,0.203,0.24,6.75,0.048,44.4,213.8,0.995586,3.07,0.49,9.514642856
10.58,0.674,0.54,1.76,0.076,19.0,69.4,0.995941,3.41,0.55,10.745523851
7.36,0.188,0.17,3.04,0.027,32.8,155.8,0.99025,3.4,0.57,11.89637354
9.89,0.755,0.32,9.25,0.053,25.9,108.3,0.996444,3.12,0.74,10.56377262
5.36,1.076,0.11,1.93,0.1,16.9,32.7,0.99608,3.43,0.68,11.242940315
9.22,0.737,0.1,1.35,0.086,19.1,57.2,0.996809,3.0,0.79,9.475371911
5.67,0.308,0.31,1.23,0.029,26.7,123.1,0.997819,3.54,0.49,11.73286866
6.55,0.535,0.43,4.55,0.038,25.8,50.3,0.989697,3.59,0.52,12.25566497
5.96,0.219,0.29,1.71,0.046,42.1,134.4,0.992024,3.09,0.52,9.771768186
5.82,0.167,0.92,4.15,0.041,46.7,122.4,0.993913,3.27,0.78,9.750457103
5.41,0.289,0.31,15.01,0.051,34.0,201.9,0.999867,3.11,0.42,8.834193119
7.11,0.206,0.3,1.8,0.043,52.2,129.7,0.996156,3.33,0.51,10.262305683
6.11,0.426,0.27,4.26,0.021,15.9,83.2,0.989933,3.56,0.43,12.178734636
5.97,0.387,0.26,14.47,0.03,38.7,121.1,0.994244,3.34,0.35,9.482929442
6.25,0.204,0.25,11.5,0.055,28.1,195.8,0.993054,3.04,0.63,9.105804599
6.45,0.545,0.58,1.79,0.095,17.9,13.4,0.996492,3.24,0.42,10.621916365
7.09,0.248,0.29,6.08,0.032,55.6,80.4,0.99014,3.48,0.35,12.349846841
6.89,0.226,0.19,12.39,0.053,31.6,209.9,0.998005,3.13,0.41,9.130367044
7.56,0.234,0.47,1.73,0.048,24.3,187.4,0.992888,3.2,0.58,10.208276543
6.19,0.267,0.26,7.02,0.035,31.7,78.2,0.992499,3.27,0.53,11.254811545
5.67,0.229,0.26,5.0,0.027,33.0,110.3,0.991095,3.44,0.54,10.568077602
9.23,0.708,0.05,2.3,0.077,5.8,31.5,0.993352,3.32,0.52,9.270560463
6.37,0.214,0.46,3.73,0.036,41.7,112.9,0.991149,3.32,0.4,11.879634249
6.52,0.232,0.36,11.59,0.054,35.5,161.1,0.99294,2.9,0.39,9.891633044
6.34,0.183,0.41,1.85,0.029,14.4,99.6,0.990607,3.5,0.44,11.215857142
6.18,0.192,0.33,2.28,0.033,30.8,103.5,0.990402,3.0,0.63,11.416790069
5.4,0.218,0.32,4.5,0.048,35.5,88.7,0.994645,3.39,0.44,10.518483174
6.1,0.353,0.29,2.53,0.029,35.4,106.3,0.990797,3.37,0.55,11.485359555
6.59,0.239,0.26,4.1,0.045,44.2,170.2,0.995037,3.18,0.54,10.447309054
11.07,0.146,0.35,2.22,0.037,14.9,191.2,0.993226,3.16,0.56,9.456353054
8.47,0.34,0.61,14.42,0.051,26.6,172.8,0.995259,3.36,0.42,10.442249519
6.75,0.774,0.18,2.11,0.077,6.7,26.9,0.996317,3.18,0.43,9.516681553
4.84,0.275,0.28,6.75,0.052,56.9,205.8,0.993198,3.39,0.5,8.725697444
5.84,0.175,0.22,1.98,0.037,29.0,95.5,0.988922,3.46,0.38,11.595175702
5.64,0.325,0.27,9.44,0.039,35.3,177.0,0.996482,3.51,0.57,9.904243586
7.66,0.321,0.27,11.9,0.034,53.4,166.7,0.990965,3.05,0.64,10.428713185
9.51,0.724,0.35,2.15,0.096,2.8,36.7,1.000907,3.71,0.65,10.372415951
5.83,0.189,0.25,8.75,0.036,17.0,89.4,0.989593,2.93,0.4,12.456086064
6.92,0.195,0.33,1.41,0.044,51.6,162.9,0.992667,3.02,0.56,10.232453638
7.32,0.202,0.31,13.04,0.055,45.7,225.7,0.995696,3.12,0.41,9.419902602
4.6,0.259,0.26,1.93,0.016,16.1,110.1,0.990209,3.65,0.34,12.416455165
5.27,0.307,0.27,8.81,0.043,17.7,120.8,0.99312,3.25,0.39,12.151048293
6.6,0.194,0.31,1.69,0.083,13.1,173.8,0.997971,3.21,0.48,8.862435256
9.12,0.297,0.21,12.13,0.04,37.1,164.2,0.995191,3.25,0.47,9.225005811
6.22,0.281,0.48,1.22,0.035,4.3,128.7,0.99434,3.36,0.43,9.505881385
6.11,0.172,0.28,1.89,0.047,34.3,86.9,0.993549,3.33,0.49,10.746674554
5.86,0.615,0.28,1.99,0.039,21.8,117.5,0.993474,3.16,0.63,12.422195341
9.9,1.117,0.08,1.76,0.076,14.5,10.0,0.999336,3.44,0.56,10.349594646
9.39,0.888,0.13,3.01,0.101,5.6,14.5,0.999844,3.61,1.24,10.065947076
10.49,0.537,0.21,1.49,0.095,10.3,21.7,0.997953,3.23,0.61,10.230921323
9.47,0.558,0.14,1.85,0.099,9.0,16.4,0.995732,3.27,0.49,10.557677611
6.63,0.11,0.27,3.71,0.039,31.1,107.1,0.992161,3.5,0.4,12.595023405
6.91,0.323,0.36,3.3,0.033,13.5,119.2,0.990825,3.41,0.58,11.592276901
5.51,0.19,0.22,10.19,0.039,57.0,122.5,0.993323,3.41,0.55,11.033962984
6.07,0.265,0.31,4.75,0.039,42.8,96.3,0.992884,3.25,0.43,12.524942764
5.98,0.213,0.35,4.54,0.022,13.3,55.2,0.98949,3.33,0.8,11.903860924
8.65,0.272,0.31,2.14,0.016,16.1,88.6,0.98977,3.2,0.31,11.880401421
7.23,0.276,0.32,10.21,0.05,32.5,70.7,0.995897,3.07,0.47,9.182982657
6.86,0.298,0.23,2.68,0.044,15.6,85.9,0.993783,3.55,0.64,10.679618291
7.26,0.715,0.41,1.22,0.204,14.4,70.0,0.998114,3.35,0.56,10.142225939
5.75,0.246,0.23,5.38,0.041,59.6,142.5,0.99177,3.15,0.35,11.558619822
6.0,0.177,0.31,1.55,0.053,12.4,166.7,0.993349,3.26,0.5,10.555755473
6.33,0.25,0.33,6.92,0.044,41.1,75.4,0.993023,3.19,0.42,12.501929912
8.19,0.745,0.16,1.72,0.083,8.9,6.0,1.000359,3.29,0.68,10.320287901
7.14,0.265,0.24,2.27,0.054,33.0,152.8,0.993947,3.22,0.48,10.287262096
6.72,0.175,0.3,16.96,0.047,47.7,192.3,0.998333,3.13,0.55,9.105931589
6.99,0.285,0.24,10.34,0.061,51.4,232.4,0.99818,3.02,0.49,8.716220349
5.67,0.319,0.55,7.64,0.047,68.8,164.8,0.997718,3.03,0.38,9.060708848
6.04,0.293,0.29,4.18,0.037,21.5,41.1,0.991752,3.14,0.37,12.27811814
7.21,0.271,0.28,14.15,0.045,31.2,179.1,0.999184,2.92,0.47,8.726710151
7.09,0.277,0.5,0.97,0.057,12.9,35.8,0.99862,3.16,0.46,10.071397671
8.76,0.561,0.17,1.2,0.093,4.2,23.7,0.999699,2.82,0.55,10.765972025
5.99,0.156,0.29,1.39,0.049,38.1,111.0,0.993367,3.34,0.57,9.129196511
6.06,0.16,0.38,2.41,0.053,12.0,58.2,0.99212,3.06,0.5,11.227906434
6.51,0.316,0.6,1.32,0.045,27.0,180.9,0.991151,3.28,0.49,9.720004129
5.58,0.261,0.27,10.19,0.043,14.6,191.6,0.99102,3.12,0.47,10.711894572
7.86,0.827,0.09,4.82,0.092,11.3,22.3,0.999661,3.4,1.03,10.977873813
6.24,0.207,0.36,1.89,0.05,30.6,149.4,0.998908,3.22,0.59,9.693903839
7.77,0.26,0.24,12.7,0.063,44.5,192.2,0.996508,3.04,0.53,8.811377408
5.36,0.284,0.25,2.72,0.035,24.7,144.9,0.989721,3.41,0.45,10.868406502
7.12,0.724,0.28,8.92,0.05,57.4,220.9,0.997421,3.07,0.49,10.187240625
7.55,0.316,0.46,6.52,0.05,56.6,161.3,0.998511,3.51,0.42,9.053247825
10.47,0.738,0.0,2.03,0.073,5.1,6.0,0.996245,3.19,0.56,10.403596668
6.87,0.194,0.54,13.72,0.025,42.0,170.5,0.998819,3.06,0.31,9.227730758
7.52,0.325,0.25,8.79,0.049,41.4,74.7,0.993837,3.15,0.67,8.902009556
5.76,0.365,0.28,1.28,0.034,19.3,94.5,0.990927,3.32,0.43,11.783508108
8.44,0.294,0.26,11.21,0.056,47.4,225.0,0.996766,3.01,0.39,9.403163319
6.87,0.111,0.29,13.35,0.052,44.4,205.9,0.996627,3.1,0.51,8.915670511
6.67,0.359,0.21,4.0,0.041,17.5,101.8,0.991523,3.47,0.54,9.339538273
8.19,0.783,0.09,1.51,0.069,4.9,22.4,0.996817,3.52,0.77,10.749529004
6.78,0.249,0.23,11.89,0.059,53.8,186.5,0.999441,3.13,0.52,9.113725522
7.28,0.184,0.24,12.82,0.059,40.0,124.9,0.997797,2.94,0.43,8.699901061
5.08,0.388,0.22,6.4,0.029,32.4,101.0,0.990072,3.32,0.53,12.434271278
5.8,0.654,0.17,1.79,0.032,33.8,112.7,0.990422,3.16,0.79,9.431680512
7.27,0.212,0.35,2.14,0.044,18.0,185.4,0.996169,3.26,0.54,10.213404552
6.28,0.291,0.26,5.58,0.029,19.5,101.1,0.995502,3.02,0.31,11.681764419
6.58,0.201,0.27,8.41,0.054,36.3,167.2,0.999098,2.93,0.49,9.439332883
7.78,0.263,0.33,12.1,0.049,63.5,188.0,0.995104,3.32,0.54,9.358264752
6.3,0.159,0.39,1.97,0.032,13.9,88.8,0.99168,3.12,0.49,11.96549297
5.37,0.144,0.34,1.95,0.031,41.9,116.7,0.990991,3.38,0.39,11.668141496
7.11,0.229,0.22,2.93,0.027,20.5,137.5,0.992043,3.31,0.66,11.525607273
7.08,0.603,0.1,1.59,0.085,6.3,8.7,0.998088,3.69,0.97,10.993333843
6.23,0.18,0.3,6.2,0.032,54.0,126.1,0.991802,3.13,0.45,11.964482305
6.17,0.369,0.36,2.9,0.045,21.3,69.7,0.993078,3.2,0.55,12.802002416
7.41,0.339,0.29,12.4,0.03,33.9,174.7,0.991817,3.23,0.57,9.070497598
7.7,0.431,0.38,1.54,0.039,25.3,97.9,0.993754,3.39,0.77,10.573720671
7.0,0.204,0.26,10.55,0.054,48.0,193.7,0.99753,2.92,0.53,9.053212171
5.7,0.199,0.22,11.64,0.052,27.5,195.2,0.996229,3.05,0.69,8.636885031
5.56,0.225,0.33,1.58,0.049,11.6,97.1,0.997196,3.51,0.53,9.15680276
9.6,0.265,0.39,4.66,0.023,30.6,89.3,0.992022,3.34,0.5,9.174018904
6.23,0.217,0.17,15.36,0.047,40.8,121.6,0.991934,3.3,0.47,10.420580819
7.72,0.788,0.17,2.12,0.088,4.2,32.5,0.996454,3.46,0.87,10.605456471
6.05,0.226,0.24,5.42,0.03,23.8,132.0,0.990004,3.45,0.57,12.283487914
7.58,0.462,0.26,6.21,0.048,33.7,88.9,0.99411,2.96,0.51,9.433255337
5.35,0.691,0.5,1.38,0.08,18.5,59.8,0.995683,3.52,0.83,11.236773067
7.32,0.314,0.25,18.67,0.06,65.4,206.7,0.996566,2.92,0.51,8.751956896
5.95,0.223,0.26,2.92,0.047,41.5,96.3,0.993372,3.55,0.83,12.37160663
7.28,0.226,0.24,1.91,0.022,23.2,102.7,0.990946,3.58,0.62,12.888784397
6.55,0.392,0.28,2.96,0.037,28.3,168.1,0.991819,3.17,0.44,9.600954118
6.46,0.173,0.42,3.77,0.061,30.5,6.0,0.999399,3.23,0.5,11.287624985
6.71,0.191,0.3,1.12,0.035,22.6,112.3,0.995886,3.32,0.55,9.408021181
5.83,0.205,0.32,5.3,0.04,28.2,127.5,0.990589,3.06,0.41,11.686148275
6.8,0.319,0.31,4.7,0.033,28.4,149.2,0.993083,3.21,0.57,11.686861433
9.25,0.989,0.09,2.37,0.086,3.5,18.5,0.996216,3.48,1.23,11.217476418
7.55,0.238,0.37,5.26,0.049,34.3,95.2,0.997539,3.14,0.53,9.141535899
6.77,1.21,0.5,1.29,0.095,3.3,20.3,0.994008,3.58,1.53,10.834864565
6.36,0.189,0.32,6.79,0.057,31.8,202.5,0.993761,3.0,0.4,10.306569699
9.09,0.169,0.3,10.39,0.061,48.8,222.1,0.997816,2.99,0.55,9.019397762
8.0,0.184,0.23,1.12,0.047,52.8,123.6,0.991186,3.14,0.46,9.26933642
6.34,0.267,0.37,9.77,0.039,15.2,89.9,0.99658,3.25,0.49,12.037719148
8.61,0.676,0.14,1.55,0.208,11.7,43.4,0.997055,3.31,0.77,11.027175663
7.33,0.223,0.32,2.08,0.039,35.2,94.2,0.997707,3.09,0.53,10.704090957
6.51,0.238,0.28,14.21,0.049,47.8,216.1,0.997964,2.91,0.53,8.882584968
6.16,0.379,0.4,2.0,0.053,46.7,74.6,0.992719,3.54,0.56,12.438231837
7.54,0.829,0.02,2.14,0.086,6.7,50.9,0.999504,3.33,0.5,10.126014263
7.56,0.78,0.11,1.32,0.044,5.6,67.3,0.998174,3.22,0.56,11.972111944
9.74,0.363,0.49,1.37,0.091,18.1,8.3,0.994177,3.5,0.44,11.064714357
6.17,0.368,0.25,11.42,0.038,58.3,172.8,0.997794,3.27,0.58,9.257445587
6.68,0.216,0.25,11.82,0.048,27.2,210.0,1.000513,3.06,0.37,10.221031859
8.08,0.334,0.4,1.55,0.051,42.3,159.7,0.995917,3.16,0.51,10.477173226
6.85,0.23,0.26,1.7,0.035,46.1,95.9,0.989398,3.45,0.55,10.605086828
6.75,0.254,0.5,15.12,0.055,39.7,159.9,0.994332,2.95,0.64,10.005965942
5.92,0.201,0.1,15.35,0.046,37.0,180.0,0.99616,3.39,0.79,8.982003108
6.21,0.206,0.5,5.74,0.043,36.3,107.1,0.990199,3.46,0.52,11.584823686
6.58,0.322,0.53,1.41,0.031,19.0,102.7,0.993377,3.27,0.55,10.040701345
6.12,0.433,0.23,10.2,0.053,21.8,128.7,0.999405,2.98,0.55,9.472901338
7.03,0.275,0.3,15.21,0.049,53.3,141.4,0.997117,3.29,0.44,9.049446701
5.67,0.241,0.72,10.63,0.038,34.6,160.6,0.999107,3.2,0.41,9.565603711
11.03,0.889,0.08,1.42,0.104,3.9,28.2,0.992598,3.42,0.61,9.903483452
6.33,0.162,0.3,2.13,0.022,43.5,126.7,0.989402,3.52,0.56,11.557477441
6.88,1.077,0.07,1.24,0.096,7.2,11.9,0.998208,3.53,0.51,10.48951457
6.55,0.157,0.38,1.67,0.038,29.2,79.8,0.990422,3.16,0.48,11.868780971
5.94,0.252,0.31,2.06,0.052,67.7,178.3,0.996986,2.88,0.46,11.858320093
9.31,0.351,0.56,15.38,0.061,32.1,172.9,0.996753,3.18,0.48,9.491508304
8.16,0.218,0.69,8.09,0.053,29.6,160.2,0.996536,3.02,0.51,8.829714894
9.45,0.187,0.32,6.84,0.04,14.7,163.0,0.998853,3.04,0.62,9.368392829
8.95,0.295,0.29,15.6,0.063,40.2,148.4,0.996163,2.93,0.43,8.743462055
6.42,0.264,0.31,1.39,0.045,37.6,58.6,0.991045,3.2,0.47,10.080956984
5.67,0.193,0.31,1.89,0.042,17.1,104.6,0.991014,3.16,0.46,10.638914236
7.88,0.564,0.08,2.27,0.094,5.9,12.6,1.00023,3.57,0.89,9.624246984
8.03,1.121,0.11,2.95,0.091,8.3,6.0,0.99947,3.53,0.63,10.030940174
6.41,0.336,0.17,4.39,0.045,10.0,64.2,0.991534,3.42,0.61,12.083518606
6.79,0.205,0.28,1.22,0.049,13.7,197.0,0.996151,3.0,0.52,9.297448005
5.94,0.366,0.5,5.42,0.032,41.8,97.0,0.990916,3.42,0.45,12.16432703
5.85,0.162,0.25,6.02,0.03,22.3,67.5,0.990689,3.37,0.4,12.415541318
6.05,0.171,0.31,10.57,0.025,48.1,59.7,0.992486,3.19,0.44,11.000221256
8.31,0.34,0.48,11.87,0.101,38.5,181.3,1.000297,3.0,0.45,8.804995205
6.5,0.324,0.32,1.62,0.037,11.8,99.2,0.991513,3.3,0.54,11.24642688
7.94,0.637,0.09,1.38,0.095,14.5,121.9,0.996332,3.41,0.53,10.424379768
5.59,0.336,0.26,4.53,0.022,28.4,112.4,0.989077,3.59,0.62,11.651121303
6.57,0.22,0.28,8.34,0.054,9.3,116.5,0.996936,3.17,0.56,8.774467154
7.39,0.244,0.24,12.89,0.055,45.3,138.5,0.993609,3.12,0.41,9.360772932
7.65,0.266,0.34,5.4,0.044,14.9,112.2,0.993039,3.21,0.41,12.204331977
5.91,0.393,0.49,1.05,0.043,11.2,86.8,0.990343,3.19,0.42,12.321156662
7.22,0.613,0.09,1.94,0.172,4.6,21.8,0.99914,3.45,0.72,9.893072066
6.69,0.303,0.3,3.25,0.03,33.9,78.2,0.993417,3.13,0.66,10.847868718
6.2,0.18,0.29,1.84,0.043,13.4,162.6,0.993372,3.26,0.53,11.312482509
5.66,0.222,0.29,4.89,0.044,32.6,110.6,0.991421,3.13,0.9,11.520348682
6.25,0.378,0.2,1.98,0.074,19.3,169.3,0.997572,3.31,0.62,10.967451671
5.19,0.233,0.26,11.83,0.051,13.3,126.8,0.993912,3.17,0.54,10.134555071
9.49,0.236,0.26,1.28,0.031,32.8,114.5,0.994176,2.94,0.43,9.319639687
6.12,0.362,0.24,7.62,0.052,17.7,100.7,0.994314,3.4,0.4,10.122458745
8.18,0.269,0.33,13.97,0.056,56.5,199.2,0.997374,3.2,0.44,9.313166777
8.2,0.259,0.28,11.0,0.045,19.4,202.9,0.997641,3.22,0.46,9.260572179
6.41,0.187,0.42,4.26,0.032,22.2,155.6,0.993926,3.01,0.59,13.016984885
5.74,0.289,0.3,1.25,0.028,29.5,114.0,0.989996,3.52,0.49,11.831809913
6.81,0.335,0.31,8.33,0.038,46.2,159.1,0.995619,3.23,0.66,9.933797466
7.24,0.18,0.3,6.92,0.033,11.8,110.9,0.992573,3.18,0.91,12.542410883
6.18,0.184,0.29,7.11,0.049,49.9,152.5,0.995607,3.08,0.59,9.889200546
9.47,0.615,0.11,1.65,0.088,6.4,17.8,0.994464,3.2,0.59,10.297697492
7.58,0.194,0.42,1.87,0.037,18.9,147.1,0.996604,3.24,0.42,10.651857408
6.18,0.199,0.18,3.63,0.043,33.0,152.7,0.994944,3.38,0.53,11.766810386
6.41,0.309,0.37,2.4,0.03,25.8,102.4,0.990715,3.63,0.31,11.807980478
6.67,0.298,0.48,3.59,0.052,41.7,146.1,0.995556,3.17,0.44,12.458517126
10.24,0.515,0.53,1.27,0.074,22.7,31.1,0.998615,3.33,0.44,10.031135726
6.86,0.251,0.5,1.35,0.048,43.4,63.0,0.991072,3.19,0.5,10.145153568
5.99,0.179,0.29,4.8,0.037,14.6,82.5,0.991058,3.26,0.35,8.865373287
6.61,0.37,0.32,1.34,0.046,29.1,94.2,0.993999,3.3,0.5,9.720931924
6.61,0.192,0.26,7.61,0.03,21.0,130.1,0.992834,3.45,0.34,12.252746844
5.85,0.131,0.31,4.07,0.021,34.5,102.4,0.990118,3.45,0.53,11.385712446
6.16,0.185,0.32,2.01,0.041,62.9,140.1,0.995225,2.94,0.49,11.443833585
5.6,0.471,0.01,2.49,0.086,3.8,47.4,0.998288,3.45,0.61,10.667431493
5.73,0.399,0.5,1.16,0.055,11.8,175.2,0.998379,3.07,0.39,10.194314574
7.06,0.729,0.21,1.66,0.076,48.2,191.9,0.995798,3.13,0.51,9.799914445
7.24,0.408,0.33,1.59,0.076,49.8,136.2,0.993545,3.41,0.45,9.539870745
6.9,0.707,0.32,1.01,0.037,31.5,209.1,0.992645,3.56,0.57,10.480281135
6.0,0.22,0.32,4.13,0.032,30.7,98.0,0.991951,3.18,0.39,11.725599948
5.31,0.393,0.31,4.42,0.034,9.1,50.1,0.989991,3.17,0.4,11.677816397
5.45,0.262,0.24,5.62,0.032,23.1,98.0,0.992467,2.94,0.8,11.894162536
5.74,0.219,0.25,2.66,0.045,18.9,59.3,0.992599,3.11,0.37,10.302208902
6.4,1.106,0.08,1.57,0.074,7.5,32.9,0.993168,3.34,0.61,9.343110785
5.86,0.176,0.3,11.57,0.03,33.9,104.8,0.996486,3.15,0.71,11.313345284
5.81,0.348,0.46,2.74,0.044,29.3,77.1,0.993477,3.47,0.96,11.376428436
5.85,0.255,0.63,11.41,0.078,24.8,192.3,0.99834,3.19,0.57,11.500316516
7.0,0.534,0.26,13.51,0.063,33.2,188.9,0.996261,3.13,0.52,9.165505935
8.84,1.068,0.01,1.32,0.075,7.9,26.1,0.998726,3.27,0.61,10.612774119
6.24,0.271,0.39,1.62,0.044,20.4,93.0,0.993451,3.26,0.55,11.737445834
6.76,0.425,0.46,1.94,0.026,21.5,73.8,0.99174,3.37,0.46,11.568397057
12.57,0.814,0.13,5.09,0.087,19.5,51.7,1.001245,3.3,0.58,11.098948122
6.54,0.188,0.33,1.56,0.02,38.4,90.3,0.989838,3.15,0.51,12.248254932
6.03,0.181,0.29,5.86,0.05,36.3,158.4,0.995517,3.08,0.42,9.351774447
10.3,0.448,0.35,10.6,0.068,52.2,89.9,0.999208,3.24,0.54,9.989331433
6.72,0.19,0.25,1.73,0.05,14.7,140.1,0.992435,3.37,0.57,10.3522739
6.27,0.414,0.48,10.09,0.039,38.2,190.6,0.990728,3.34,0.53,9.597856552
9.0,0.701,0.12,7.85,0.087,6.9,16.6,0.992245,3.45,0.52,10.270047974
10.2,0.289,0.21,3.36,0.087,47.2,168.5,0.999452,3.26,0.62,10.907211212
5.74,0.879,0.58,1.12,0.073,8.1,10.7,0.996418,3.28,0.65,10.999544473
12.55,0.672,0.1,1.61,0.084,3.4,6.0,0.998472,3.43,0.52,10.886163
7.86,0.234,0.27,2.09,0.047,14.5,143.3,0.993888,3.02,0.45,11.008833824
6.9,0.227,0.22,3.17,0.024,30.1,143.1,0.994957,3.45,0.96,11.440133309
5.65,0.303,0.25,9.34,0.041,54.7,107.7,0.99749,3.11,0.64,8.658078155
8.08,0.634,0.23,1.31,0.047,8.2,45.9,0.993743,3.27,0.45,10.209349954
6.66,0.322,0.48,2.4,0.048,8.2,228.3,0.996735,2.98,0.57,9.76311576
5.97,0.278,0.49,10.7,0.047,36.8,136.5,0.996996,3.27,0.57,9.457609836
5.83,0.391,0.3,3.5,0.047,44.8,143.5,0.993162,3.04,0.43,11.015839573
7.52,0.538,0.09,1.4,0.084,7.0,14.1,0.994858,3.23,0.75,10.090612365
7.27,0.393,0.5,1.03,0.031,8.2,83.7,0.994595,3.16,0.53,9.464865236
7.53,0.397,0.25,2.62,0.022,22.2,126.6,0.99308,3.58,0.57,12.744738107
6.32,0.185,0.35,12.12,0.038,12.9,92.3,0.99347,3.18,0.35,11.653974744
6.05,0.469,0.46,1.66,0.031,27.6,104.1,0.992127,3.05,0.85,11.770433513
8.85,0.244,0.23,2.34,0.085,43.8,70.9,0.991964,3.32,0.51,10.393884237
6.27,0.397,0.03,5.79,0.046,14.9,87.7,0.996621,3.46,0.52,11.021044676
5.94,0.238,0.58,1.73,0.074,31.8,91.0,0.995923,2.99,0.43,9.182922918
5.6,0.133,0.29,1.35,0.035,42.2,84.2,0.990256,3.28,0.56,11.43545864
6.56,0.166,0.21,4.61,0.053,40.2,149.5,0.999622,3.2,0.49,10.394160587
5.89,0.166,0.27,14.69,0.053,44.6,188.4,0.995422,3.16,0.66,9.267858094
8.46,0.284,0.25,10.97,0.05,31.3,219.3,0.995387,3.14,0.72,8.883973697
8.12,0.944,0.14,2.86,0.246,8.8,36.1,0.996102,3.35,0.78,10.872707201
6.81,0.305,0.26,11.29,0.057,48.0,123.2,1.000501,3.15,0.45,9.468249995
6.71,0.32,0.23,1.77,0.018,33.1,86.6,0.991617,3.32,0.39,11.873315595
6.07,0.188,0.22,6.07,0.036,32.7,113.1,0.997595,2.96,0.47,8.780189374
5.84,0.162,0.29,13.19,0.053,43.4,205.5,0.998154,3.32,0.54,8.734309863
9.34,0.643,0.1,2.18,0.076,12.1,19.1,0.995203,3.39,0.5,10.247685379
7.14,0.279,0.49,1.73,0.051,25.3,97.7,0.996702,3.2,0.59,10.189293403
10.38,0.366,0.27,6.03,0.05,16.1,87.1,0.998732,3.29,0.55,9.025997822
7.41,0.225,0.28,11.95,0.036,47.5,155.0,0.99741,3.14,0.61,9.889704832
5.97,0.34,0.39,0.85,0.037,36.4,112.8,0.991198,3.26,0.4,11.921184979
5.93,0.267,0.29,9.36,0.053,88.6,183.2,0.998327,3.01,0.51,9.310987116
7.47,0.234,0.17,12.84,0.039,56.0,111.1,0.995896,3.0,0.43,8.712164333
5.05,0.402,0.31,3.58,0.033,16.3,99.1,0.990986,3.29,0.58,11.447614731
6.85,0.202,0.27,11.27,0.052,47.4,208.6,0.997706,3.25,0.48,9.258931365
9.15,0.663,0.18,4.96,0.073,17.8,12.1,0.998516,3.39,0.43,11.157334716
9.56,0.804,0.12,2.15,0.076,6.9,15.3,0.998789,3.24,0.54,10.43441258
7.36,0.445,0.16,1.61,0.1,14.9,19.8,0.994941,3.42,0.49,10.64771139
7.85,0.383,0.33,12.46,0.045,13.6,203.7,0.991206,3.49,0.45,10.422641046
7.63,0.273,0.03,3.21,0.088,9.3,33.1,0.999045,3.25,0.48,9.654594074
6.8,0.212,0.29,11.76,0.045,42.3,200.5,0.997206,2.99,0.51,9.1574477
9.82,0.665,0.17,1.82,0.078,6.3,6.0,0.995851,3.15,0.5,11.096443221
6.35,0.678,0.28,3.53,0.093,4.1,10.9,0.995846,3.55,0.56,10.411726953
6.74,0.159,0.24,6.53,0.032,41.7,100.2,0.991639,3.4,0.52,12.248929642
7.13,0.226,0.15,11.03,0.041,58.9,200.8,0.99577,3.15,0.4,9.257221411
6.24,0.333,0.24,3.2,0.051,18.4,149.2,0.992614,3.17,0.48,10.299841183
6.85,0.283,0.26,1.22,0.027,6.9,96.9,0.990683,2.95,0.47,10.799061762
6.77,0.361,0.18,1.38,0.025,8.5,109.0,0.991104,3.41,0.5,11.580043186
11.53,0.515,0.55,1.78,0.091,12.1,24.9,0.994932,3.2,0.41,9.364373402
6.08,0.215,0.3,12.42,0.047,25.1,150.7,0.998709,3.09,0.37,8.522128976
8.76,0.199,0.28,10.19,0.053,29.4,204.3,0.997211,3.12,0.45,8.666009664
8.34,0.274,0.26,1.61,0.051,31.3,148.7,0.992008,3.33,0.48,9.886253665
8.88,0.877,0.1,2.68,0.079,6.9,29.1,0.998933,3.46,0.53,10.431782571
6.54,0.248,0.2,16.01,0.044,61.8,165.4,0.998142,3.15,0.34,8.806496337
6.62,0.4,0.55,5.74,0.048,60.4,207.6,0.996792,3.12,0.73,9.231686707
8.51,1.122,0.01,1.46,0.089,5.3,15.3,0.996176,3.46,0.83,10.133941506
9.58,0.288,0.47,1.44,0.035,16.7,134.4,0.992041,3.28,0.35,9.701053521
10.1,0.832,0.08,1.99,0.076,5.0,11.3,0.996296,3.45,0.7,10.372282243
7.07,0.272,0.28,9.24,0.048,57.8,124.0,0.997062,3.47,0.38,10.442866771
9.01,0.602,0.16,1.39,0.09,14.0,33.8,0.996366,3.47,0.44,9.061891656
6.9,0.662,0.0,1.06,0.109,5.2,25.6,0.997343,3.31,0.62,10.111515822
5.49,0.192,0.44,1.09,0.047,29.2,110.7,0.991992,3.59,0.58,10.30162464
7.17,0.342,0.64,10.78,0.046,32.7,167.6,0.99676,3.17,0.44,10.112178282
7.19,0.143,0.35,2.56,0.045,20.3,90.6,0.992425,3.06,0.51,10.923203435
6.75,0.27,0.49,1.59,0.046,40.0,138.7,0.997199,3.11,0.5,9.355444933
6.65,0.219,0.21,4.4,0.046,24.7,50.8,0.997607,3.24,0.37,10.098723944
5.96,0.19,0.36,3.04,0.043,20.5,87.3,0.990713,3.1,0.51,12.471632659
8.63,1.232,0.1,2.23,0.092,2.1,14.5,0.999035,3.62,0.7,9.989554655
7.36,0.658,0.08,1.52,0.081,10.0,46.7,0.991172,3.37,0.8,10.770839369
6.65,0.226,0.28,10.33,0.062,28.0,164.6,0.993217,2.99,0.45,8.933643863
6.43,0.205,0.36,5.88,0.038,25.6,144.6,0.993597,3.24,0.5,10.144237103
7.35,0.599,0.67,1.01,0.094,7.1,31.7,0.993351,3.35,0.43,11.012915268
6.64,0.645,0.07,2.78,0.195,9.3,28.4,0.997742,3.19,0.97,9.726447154
7.49,0.317,0.0,1.7,0.078,6.4,12.6,0.997485,3.48,0.6,10.143612457
7.04,0.198,0.48,1.83,0.06,51.0,172.6,0.995913,3.12,0.59,10.04869862
6.48,0.385,0.26,5.89,0.023,14.1,115.9,0.990677,3.47,0.68,11.828180578
5.8,0.126,0.3,13.86,0.049,43.1,111.5,0.991435,3.21,0.49,11.409651994
10.4,0.629,0.61,1.1,0.083,4.3,53.1,0.996177,3.3,0.47,10.875743281
7.76,0.496,0.1,3.09,0.096,13.3,20.0,0.999405,3.66,0.64,10.228374203
5.91,0.211,0.28,9.03,0.037,56.5,185.9,0.994084,3.15,0.62,9.32556287
6.62,0.163,0.25,7.23,0.025,13.8,127.9,0.992243,3.27,0.73,10.348462407
5.89,0.152,0.3,4.66,0.035,49.2,61.9,0.990927,3.2,0.62,11.941536839
6.5,0.25,0.49,1.52,0.088,17.2,55.3,0.997856,3.4,0.43,10.774650978
6.98,0.793,0.38,2.23,0.087,5.8,33.3,0.996812,3.3,0.52,10.057513522
8.6,0.295,0.28,12.18,0.055,50.5,190.1,0.998297,3.07,0.53,8.958100274
7.6,0.226,0.3,7.64,0.037,37.1,109.8,0.991596,3.35,0.44,10.255333049
6.99,0.195,0.46,1.24,0.035,28.7,99.2,0.99666,3.12,1.05,10.948199858
7.26,0.267,0.54,9.0,0.048,24.8,181.7,0.997358,3.16,0.74,9.15299996
5.69,0.36,0.26,1.71,0.045,34.8,109.4,0.989542,3.55,0.49,12.781039721
5.38,0.401,0.26,11.97,0.051,45.9,122.9,0.999631,3.28,0.61,9.349205048
6.89,0.415,0.26,1.54,0.025,21.1,118.8,0.991116,3.12,0.54,12.426605496
7.16,0.371,0.38,1.5,0.05,30.5,188.8,0.997836,3.19,0.74,9.130623392
6.51,0.3,0.23,6.18,0.053,16.4,129.2,0.997091,3.28,0.45,10.505908491
6.89,0.238,0.46,9.71,0.058,61.3,67.1,0.999613,3.1,0.42,8.708430451
7.12,0.358,0.3,2.79,0.038,29.3,149.9,0.997727,3.08,0.48,10.169109069
5.45,0.228,0.26,10.14,0.053,19.0,191.6,0.995945,3.0,0.75,9.29300749
8.13,0.187,0.33,12.65,0.04,19.5,200.5,0.99682,3.24,0.54,8.975464427
5.97,0.195,0.28,4.35,0.023,52.0,74.7,0.990682,3.11,0.64,11.512447202
5.94,0.221,0.32,2.74,0.038,46.9,128.9,0.992558,3.45,0.41,10.889691602
5.91,0.298,0.26,1.32,0.041,47.9,159.6,0.993002,3.07,0.43,9.033494777
6.38,0.161,0.33,1.94,0.025,25.8,61.9,0.990777,3.29,0.76,12.098669965
7.99,0.417,0.0,0.99,0.078,21.7,17.2,0.998373,3.48,0.45,9.18786106
6.87,0.234,0.51,1.91,0.125,8.2,16.9,0.998661,3.43,0.6,8.732738868
5.99,0.204,0.36,4.79,0.018,34.2,101.8,0.989657,3.38,0.37,12.595056087
6.15,0.178,0.34,4.1,0.052,21.8,57.6,0.992577,3.51,0.38,11.444880779
5.82,0.214,0.15,1.94,0.056,27.2,168.8,0.995967,3.16,0.55,11.152709923
7.17,0.322,0.22,12.53,0.051,47.6,168.3,0.99649,3.04,0.58,8.990229706
8.41,0.352,0.33,13.1,0.051,56.4,211.6,0.995946,3.57,0.42,9.631925572
8.45,0.44,0.09,1.37,0.163,8.1,58.7,0.993121,3.54,0.93,10.209464424
5.86,0.404,0.49,10.2,0.038,13.3,85.2,0.989972,3.46,0.35,11.9718976
6.0,0.431,0.35,2.16,0.023,14.7,96.5,0.991244,3.15,0.91,10.545531246
7.6,0.369,0.28,4.69,0.028,22.1,124.0,0.991657,3.58,0.54,12.367667993
10.74,0.715,0.03,2.36,0.085,8.1,34.2,0.999312,3.54,0.66,10.841939178
6.2,0.253,0.31,11.27,0.053,45.3,195.0,0.996137,3.27,0.48,9.001629195
6.05,0.419,0.29,1.65,0.031,22.8,86.2,0.990901,3.15,0.67,11.719480196
7.95,0.362,0.24,10.0,0.05,57.0,168.7,0.995998,2.97,0.48,8.704689743
7.25,0.418,0.25,2.04,0.054,62.5,213.8,0.999522,3.38,0.52,9.371037446
6.84,0.258,0.3,2.82,0.046,19.7,201.7,0.990852,3.63,0.96,12.582588489
6.55,0.183,0.25,1.58,0.038,10.1,144.5,0.994385,3.19,0.62,8.758056505
12.2,0.78,0.28,0.94,0.046,15.8,57.0,0.997006,3.09,0.73,12.006614551
6.43,1.133,0.06,1.6,0.09,5.0,16.0,0.996078,3.51,1.29,10.236529777
9.64,0.758,0.07,1.88,0.082,5.0,13.8,0.993381,3.4,0.42,11.102478746
8.4,0.182,0.38,10.71,0.051,36.8,208.1,0.996308,3.04,0.46,10.681502175
8.33,0.63,0.11,1.38,0.254,5.4,65.0,0.996117,3.29,0.49,9.277952292
6.22,0.25,0.25,13.29,0.056,34.0,69.0,0.990348,3.38,0.48,9.240246029
6.0,0.175,0.23,4.34,0.035,31.6,126.9,0.996878,3.26,0.55,11.569543989
6.11,0.273,0.32,6.6,0.086,40.0,168.8,0.995313,3.37,0.57,10.786753446
9.97,0.688,0.09,2.19,0.091,4.8,26.7,0.998335,3.48,1.12,9.88396752
8.46,0.781,0.21,2.0,0.076,4.8,11.2,0.99888,3.51,0.74,10.560382955
5.61,0.423,0.33,2.14,0.028,40.7,39.9,0.99362,3.13,0.34,12.554859846
6.83,0.249,0.16,10.69,0.069,51.2,196.4,0.996879,3.05,0.76,8.846799517
6.75,0.221,0.39,1.36,0.041,35.8,106.6,0.993837,3.27,0.47,12.395991572
5.67,0.195,0.25,14.71,0.06,48.0,121.2,0.993646,3.27,0.66,8.715080555
6.05,0.272,0.35,1.16,0.054,52.7,157.9,0.998172,3.13,0.66,9.736652007
5.65,0.213,0.22,12.76,0.064,49.8,192.9,0.998944,3.06,0.48,9.475415531
6.33,0.411,0.29,11.64,0.049,28.1,176.0,0.993793,3.23,0.55,9.452356993
9.32,0.569,0.25,1.49,0.092,5.8,9.8,0.996582,3.28,0.97,10.30202628
6.31,0.277,0.29,2.19,0.049,46.9,182.7,0.99398,3.12,0.44,10.42954596
6.37,0.283,0.5,1.67,0.038,21.7,144.5,0.990818,3.39,0.46,12.348656529
7.19,0.284,0.65,2.69,0.041,31.9,159.5,0.990289,3.38,0.59,11.007044963
5.81,0.336,0.17,9.87,0.023,20.9,110.4,0.994944,3.08,0.56,9.213724174
6.45,0.198,0.25,1.55,0.058,58.1,221.0,0.996387,3.3,0.49,8.78152554
6.86,0.146,0.24,5.29,0.054,44.7,178.2,0.996131,3.11,0.67,9.082391115
7.05,0.265,0.26,12.94,0.04,12.4,105.0,0.994325,3.26,0.5,10.001320499
7.67,0.399,0.29,10.75,0.299,13.8,171.9,0.992948,3.01,0.46,11.252222166
5.91,0.214,0.34,2.84,0.023,11.2,138.4,0.993042,3.54,0.52,11.522379847
7.81,0.648,0.44,1.73,0.089,3.0,36.5,0.997983,3.63,0.7,10.893142925
6.08,0.191,0.29,12.45,0.048,17.7,215.7,0.995559,3.09,0.45,8.930573241
6.38,0.39,0.34,5.18,0.039,29.5,79.7,0.989383,3.41,0.67,12.050215914
7.1,0.343,0.29,2.33,0.029,17.4,104.3,0.990052,3.27,0.52,12.695431106
5.98,0.427,0.38,1.42,0.034,24.6,67.0,0.990309,3.53,0.63,12.793246511
5.97,0.407,0.24,2.94,0.048,33.4,134.9,0.990516,3.44,0.77,12.912343557
6.85,0.154,0.28,1.55,0.05,31.7,108.9,0.99179,3.19,0.56,11.733886431
8.27,0.52,0.21,1.31,0.098,3.9,22.4,0.999129,3.32,0.71,9.066670585
5.64,0.197,0.3,12.63,0.055,16.2,225.7,0.998633,3.11,0.57,9.235725315
8.38,0.281,0.11,1.31,0.047,58.7,216.5,0.996873,3.32,0.46,8.918344525
7.63,0.798,0.12,2.08,0.104,3.1,6.0,0.997854,3.33,1.19,10.480097725
7.85,0.298,0.27,3.99,0.039,30.1,170.9,0.993153,3.06,0.65,9.839245524
7.3,0.727,0.33,1.4,0.079,23.7,13.0,0.996435,3.26,0.74,10.468238925
5.97,0.285,0.27,11.98,0.049,31.7,125.1,0.992496,3.12,0.55,9.166313111
6.14,0.346,0.38,3.78,0.026,29.3,84.4,0.989963,3.27,0.36,11.742737981
6.19,0.242,0.24,8.66,0.052,55.8,201.2,0.996627,3.19,0.44,8.87706667
7.42,0.194,0.32,4.66,0.024,43.1,128.9,0.990653,3.1,0.61,11.863314944
7.94,0.387,0.3,9.24,0.036,31.6,155.0,0.993249,3.26,0.73,10.964208801
7.23,0.235,0.3,2.38,0.044,33.3,139.4,0.995741,3.39,0.76,10.847010184
9.9,0.693,0.17,1.82,0.087,6.4,205.8,0.999481,3.24,0.44,10.483447395
5.9,0.286,0.26,6.11,0.041,25.2,107.4,0.994123,3.32,0.49,9.332923675
7.82,0.915,0.61,2.01,0.091,12.0,57.0,0.995323,3.19,0.49,11.726176427
6.61,0.248,0.28,1.68,0.036,30.9,121.8,0.990561,3.38,0.78,11.862541452
6.58,0.289,0.29,1.88,0.044,29.3,102.7,0.992187,3.43,0.5,10.723923953
6.62,0.523,0.53,1.92,0.053,18.2,145.4,0.995111,3.16,0.48,10.548920294
7.05,0.353,0.33,1.21,0.044,37.9,116.5,0.992747,3.15,0.31,11.270491417
7.03,0.356,0.41,1.4,0.035,13.0,104.1,0.991829,3.51,0.83,10.388980094
6.01,0.383,0.26,1.11,0.036,33.5,93.8,0.991309,3.55,0.49,12.286187183
10.3,0.878,0.09,2.22,0.076,3.7,6.0,1.000124,3.54,0.6,10.024423621
7.71,0.195,0.35,1.74,0.044,27.3,196.5,0.997654,3.15,0.71,11.846044002
7.34,0.194,0.37,10.5,0.038,44.1,101.7,0.99779,3.07,0.53,8.845229498
9.59,0.851,0.14,1.22,0.095,4.4,20.2,0.994326,3.58,0.96,9.477961606
6.05,0.24,0.26,11.91,0.05,25.1,212.4,0.997928,2.94,0.66,9.911561951
5.6,0.345,0.29,13.57,0.064,42.0,161.3,0.994963,3.34,0.6,9.104530107
6.46,0.332,0.23,3.45,0.048,33.4,88.2,0.99686,3.3,0.53,9.906690294
5.88,0.217,0.19,7.71,0.026,50.8,181.5,0.995038,3.18,0.47,11.652212705
8.26,0.183,0.3,13.23,0.045,66.4,199.8,0.996446,3.11,0.55,9.276106786
6.69,0.217,0.31,2.7,0.028,39.2,43.3,0.993243,3.51,0.96,10.803870291
7.46,0.283,0.3,1.99,0.049,6.7,194.6,0.998872,3.17,0.61,9.86564206
7.1,0.163,0.28,2.09,0.036,33.5,196.9,0.995273,3.28,0.57,11.292654084
7.39,0.41,0.15,12.73,0.078,47.5,194.7,0.997553,3.3,0.59,9.33496767
8.67,0.226,0.42,0.94,0.043,61.0,146.6,0.995215,3.08,0.51,12.065067617
6.31,0.262,0.25,9.6,0.05,41.4,131.4,0.995825,3.35,0.46,11.850818987
5.85,0.278,0.43,8.03,0.045,40.9,199.0,0.998113,2.99,0.52,8.818841372
7.09,0.194,0.37,2.19,0.032,21.2,210.3,0.990428,3.37,0.56,11.838651379
8.74,0.64,0.21,1.42,0.099,3.2,6.0,0.995699,3.42,0.47,10.441500124
10.81,0.386,0.25,1.97,0.083,7.3,14.8,0.996266,3.03,0.57,9.998097103
7.96,0.41,0.46,13.55,0.047,45.0,108.7,0.995291,3.19,0.59,9.20827558
6.41,0.314,0.35,5.57,0.03,8.3,124.2,0.992471,3.65,0.4,11.95465866
6.59,0.387,0.48,1.97,0.04,47.4,85.1,0.990853,3.15,0.5,11.693523583
6.15,0.278,0.3,14.24,0.051,52.1,121.5,0.996254,3.03,0.39,10.06622167
6.83,0.413,0.18,4.75,0.023,24.6,101.4,0.990511,3.53,0.57,12.826828321
6.99,0.507,0.54,1.97,0.116,28.5,61.8,0.997637,3.38,0.52,10.641074779
5.86,0.639,0.19,1.89,0.03,3.4,84.5,0.996602,3.22,0.83,9.862996563
6.9,0.236,0.25,11.21,0.05,45.2,170.2,0.993574,3.16,0.49,9.087984713
6.11,0.169,0.28,1.43,0.057,18.7,144.3,0.995256,3.07,0.41,9.736869444
5.69,0.226,0.47,5.22,0.029,69.6,96.2,0.992227,3.26,0.43,12.593059676
6.57,0.477,0.61,1.07,0.089,10.2,29.4,0.995608,3.07,0.53,10.244307973
8.78,0.622,0.3,2.06,0.089,6.4,13.4,0.997855,2.95,0.61,8.905966215
6.17,0.167,0.19,3.1,0.036,27.6,66.5,0.991366,3.51,0.44,11.938434833
5.71,0.309,0.34,12.44,0.052,32.5,192.9,0.992757,3.47,0.55,9.476372155
8.94,0.244,0.18,16.02,0.063,44.0,221.6,0.997729,3.32,0.61,9.832535835
6.04,0.27,0.24,1.34,0.087,21.4,73.1,0.997458,3.33,0.67,9.231559314
5.57,0.246,0.22,1.94,0.037,17.9,111.0,0.991844,2.97,0.54,10.867166825
6.48,0.274,0.22,4.02,0.047,12.4,89.1,0.990286,3.2,0.31,11.709973238
8.82,1.269,0.06,1.61,0.076,7.1,6.3,0.998105,3.69,1.29,8.909725335
5.56,0.175,0.35,4.99,0.037,22.6,67.6,0.993318,3.13,0.76,11.826740675
7.59,0.375,0.44,2.02,0.044,12.5,34.6,0.998032,3.16,0.51,9.635498989
8.38,0.782,0.16,1.08,0.087,19.5,29.3,0.995951,3.07,0.48,9.607867084
9.45,0.71,0.52,1.78,0.08,15.8,19.7,0.997205,3.15,0.59,10.754923127
7.77,0.295,0.32,7.45,0.038,19.7,124.2,0.995809,3.33,0.42,10.963481675
6.24,0.433,0.25,0.98,0.101,10.5,73.0,0.995497,3.35,0.49,10.43515868
6.43,0.289,0.29,4.04,0.024,28.3,77.3,0.992423,3.51,0.6,11.485285154
5.92,0.314,0.17,2.14,0.052,32.1,138.2,0.99256,3.32,0.4,11.571574455
6.66,0.521,0.42,1.14,0.045,17.8,74.8,0.997804,3.29,0.47,9.967197855
6.14,0.162,0.32,4.0,0.035,18.7,95.5,0.992718,3.09,0.72,12.938265333
5.89,0.343,0.28,1.68,0.036,16.3,199.6,0.998122,3.47,0.48,10.993219418
6.56,0.315,0.29,3.37,0.036,22.9,54.8,0.991729,3.16,0.6,10.738044898
5.5,0.28,0.33,3.73,0.052,12.4,64.1,0.997192,3.59,0.98,10.140623488
5.97,0.482,0.61,4.45,0.056,13.2,38.0,0.998117,3.28,0.45,9.304963589
8.49,0.224,0.29,11.29,0.052,13.0,118.0,0.997424,3.04,0.55,9.29782111
6.11,0.348,0.31,2.32,0.048,28.9,75.7,0.991058,3.3,0.88,12.082799474
6.22,0.257,0.28,1.47,0.051,48.2,105.7,0.997894,3.12,0.43,10.269616445
5.66,0.227,0.17,11.81,0.044,56.2,179.2,0.993237,3.16,0.4,9.147572663
6.39,0.181,0.2,10.04,0.061,35.0,189.4,0.995734,2.82,0.45,8.60606594
7.81,0.295,0.35,1.13,0.047,17.8,56.3,0.993191,3.26,0.49,9.306603622
6.25,0.178,0.23,1.06,0.044,40.6,125.5,0.997371,3.19,0.52,10.464074662
6.17,0.348,0.63,1.97,0.031,34.0,101.7,0.99252,3.3,0.85,10.017524268
5.83,0.158,0.28,1.64,0.049,13.7,184.1,0.993877,3.33,0.54,10.630671841
6.02,0.254,0.26,1.25,0.045,17.8,97.6,0.998698,3.02,0.48,10.64471415
6.83,0.434,0.38,2.77,0.023,14.2,117.7,0.989646,3.16,0.48,11.953249794
7.51,0.267,0.27,15.8,0.044,8.8,101.6,0.996277,3.22,0.57,9.453695633
6.95,0.266,0.31,4.31,0.033,15.4,82.9,0.993381,3.49,0.54,9.649580417
6.98,0.212,0.33,1.16,0.041,44.8,145.6,0.993142,3.42,0.35,9.632229336
8.15,0.295,0.15,1.31,0.076,27.2,28.6,0.999074,3.18,0.45,11.138963272
7.64,0.483,0.12,1.4,0.047,27.7,76.7,0.993692,3.53,0.95,10.361574867
9.57,0.656,0.16,1.81,0.191,10.2,62.0,0.997594,3.29,0.63,10.260861969
6.06,0.203,0.3,2.0,0.036,37.9,158.9,0.994959,3.1,0.62,11.323857601
7.27,0.206,0.29,5.5,0.041,32.7,164.8,0.994484,3.06,0.52,10.863956513
4.8,0.2,0.36,6.44,0.048,34.1,160.7,0.996896,3.21,0.48,10.500191543
6.65,0.217,0.26,7.15,0.043,28.8,144.3,0.996094,3.28,0.52,9.219434178
7.28,0.248,0.25,12.55,0.042,36.1,157.8,0.995335,3.19,0.39,9.165718302
7.44,0.219,0.43,2.21,0.031,32.9,102.4,0.992059,3.33,0.72,11.336676453
5.09,0.371,0.29,7.41,0.036,15.9,108.8,0.992057,2.96,0.63,9.306191629
7.36,0.174,0.28,5.25,0.03,42.1,117.0,0.989333,3.21,0.62,11.171430101
5.53,0.287,0.26,8.82,0.053,28.6,204.2,0.997256,3.08,0.55,9.042701918
5.99,0.205,0.35,2.88,0.023,22.5,91.7,0.99078,3.02,0.75,11.562358983
4.72,0.403,0.25,3.67,0.027,46.4,84.7,0.991929,3.2,0.34,11.566325435
6.57,0.258,0.31,7.75,0.051,66.9,154.9,0.99231,3.27,0.58,8.680442514
6.57,0.257,0.75,1.17,0.052,18.7,137.9,0.996025,3.07,0.64,10.566563059
7.12,0.196,0.21,10.1,0.048,30.6,171.6,0.99893,3.18,0.52,8.86318292
8.0,0.75,0.51,2.55,0.086,6.6,7.9,0.994428,3.37,0.96,11.24568985
5.8,0.375,0.47,3.62,0.029,12.1,83.0,0.989543,3.52,0.39,12.74344399
6.18,0.267,0.22,4.5,0.053,32.2,112.0,0.991405,3.46,0.58,10.134905597
6.77,0.18,0.28,6.06,0.052,58.3,137.2,0.991993,3.1,0.49,9.286644298
7.97,0.235,0.29,12.07,0.049,58.6,224.5,0.991521,3.01,0.42,9.051861102
7.46,0.878,0.46,2.18,0.079,14.5,10.7,0.998252,3.64,0.51,10.425330045
5.9,0.182,0.29,4.53,0.036,47.8,96.2,0.991266,3.2,0.47,12.158408497
6.52,0.445,0.39,1.94,0.046,37.6,113.7,0.992246,3.07,0.54,9.698900445
6.96,0.201,0.27,6.98,0.033,29.4,41.6,0.992943,3.21,0.53,9.485626254
10.05,0.324,0.49,13.14,0.057,42.2,181.2,0.997909,2.94,0.45,9.659746745
6.59,0.162,0.29,2.76,0.032,31.8,55.9,0.992985,3.47,0.6,11.019085545
5.98,0.643,0.29,1.31,0.052,49.8,169.7,0.995686,3.33,0.5,10.598284065
5.87,0.242,0.26,1.65,0.041,26.1,103.3,0.990705,3.0,0.7,11.084340775
7.91,0.763,0.45,2.18,0.08,8.3,56.7,0.995512,3.3,0.47,9.744892887
6.48,0.22,0.35,5.14,0.066,14.7,92.3,0.997908,3.35,0.42,10.933804145
7.66,0.319,0.26,7.49,0.052,41.8,220.6,0.995918,3.18,0.39,8.974277516
7.0,0.384,0.23,0.92,0.031,35.6,184.3,1.000596,3.08,0.46,9.357940146
5.39,0.186,0.1,4.61,0.027,32.8,115.2,0.990427,3.54,0.59,11.949562087
8.24,0.935,0.03,2.17,0.095,6.0,13.7,0.99835,3.34,0.5,10.297826488
9.71,0.725,0.51,1.19,0.076,6.5,59.9,0.99744,3.39,0.47,10.133814454
7.2,0.219,0.27,11.51,0.047,12.4,188.0,0.997372,3.05,0.45,9.365223948
8.31,0.119,0.32,0.94,0.034,17.7,188.5,0.991924,3.06,0.85,12.701835887
6.46,0.396,0.35,3.73,0.02,26.7,140.2,0.991392,3.47,0.53,11.551362564
6.21,0.467,0.29,1.58,0.053,42.4,216.2,0.998022,3.03,0.48,9.422179734
6.12,0.256,0.23,9.53,0.037,42.6,168.1,0.996996,3.21,0.51,9.077224641
7.66,0.737,0.28,1.28,0.073,5.8,24.8,0.998203,3.53,0.54,10.56995002
6.54,0.156,0.32,5.56,0.035,41.4,102.0,0.994614,2.98,0.5,12.357748365
7.07,0.322,0.25,14.81,0.057,54.3,160.9,0.998608,3.06,0.4,8.579971249
6.91,0.602,0.24,1.12,0.099,16.9,9.6,0.99723,3.24,0.4,9.873266591
6.73,0.332,0.28,2.26,0.032,29.9,138.5,0.99441,3.46,0.49,11.242716352
5.73,0.349,0.26,2.35,0.025,31.0,109.1,0.993179,3.56,0.37,11.633359448
5.92,0.202,0.66,1.46,0.04,43.3,109.6,0.990117,3.26,0.37,9.30245684
9.98,0.842,0.1,2.5,0.085,6.1,12.6,0.996023,3.37,0.52,9.917207415
6.15,0.193,0.23,5.55,0.038,39.5,114.9,0.990777,3.13,0.78,12.127875635
6.31,0.507,0.25,1.32,0.099,20.7,43.1,0.998528,3.59,0.6,10.024439822
9.46,0.336,0.24,1.72,0.046,39.7,11.9,0.997491,3.32,0.67,11.103394438
5.96,0.22,0.31,1.48,0.037,36.5,70.2,0.993311,3.27,0.62,11.711201606
6.38,0.176,0.24,1.85,0.048,36.4,78.1,0.989342,3.27,0.4,11.277069921
7.29,0.339,0.32,2.59,0.053,44.9,178.4,0.994582,3.04,0.6,8.835569423
6.36,0.571,0.3,1.55,0.031,38.4,94.5,0.99065,3.53,0.84,9.809508882
6.74,0.256,0.28,1.43,0.039,50.6,134.9,0.994842,3.01,0.54,9.540495614
6.18,0.417,0.22,3.95,0.027,33.3,112.4,0.989597,3.41,0.51,11.738285267
5.79,0.348,0.22,1.99,0.02,23.3,100.2,0.991663,3.34,0.39,12.184722806
8.26,1.094,0.03,4.6,0.082,6.8,8.8,0.999396,3.66,0.72,10.938663867
5.76,0.4,0.3,4.85,0.034,18.0,95.5,0.994548,3.47,0.59,12.302256151
7.27,0.619,0.56,2.03,0.094,7.2,33.7,0.999754,3.29,0.56,10.488336073
6.39,0.224,0.3,12.0,0.039,41.3,86.5,0.992115,3.18,0.76,10.739390431
6.37,0.258,0.24,4.27,0.042,14.7,94.1,0.995024,3.31,0.58,11.510073656
5.79,0.309,0.42,2.14,0.037,14.5,78.0,0.992084,3.59,0.4,12.310925082
6.22,0.208,0.31,4.19,0.036,41.2,91.2,0.990994,3.22,0.47,12.099127051
5.83,0.15,0.22,6.63,0.039,50.9,99.2,0.990265,3.39,0.37,12.054359472
10.13,0.869,0.1,1.81,0.086,3.7,6.0,1.000294,3.5,0.69,10.305268601
6.84,0.177,0.27,6.48,0.049,27.1,176.5,0.996588,3.16,0.5,10.310126386
5.31,0.29,0.31,1.18,0.063,15.0,109.7,0.997106,3.1,0.52,9.986021909
9.32,0.264,0.1,1.79,0.027,40.0,66.8,0.991588,3.38,0.49,9.684223264
9.32,0.423,0.27,17.66,0.086,54.0,168.3,0.993296,3.39,0.67,9.215407056
6.11,0.38,0.42,3.98,0.029,31.4,52.6,0.990393,3.49,0.4,12.17214084
10.42,0.665,0.37,1.65,0.095,49.2,199.5,1.00084,3.34,0.5,10.423285843
7.17,0.194,0.4,7.28,0.039,49.5,218.8,0.993143,3.11,0.78,9.726057738
6.72,0.261,0.25,11.49,0.038,15.5,105.8,0.994135,3.32,0.53,9.924417369
7.68,0.318,0.27,7.44,0.052,60.4,163.7,0.998081,3.11,0.54,10.515673273
5.63,0.212,0.21,6.32,0.022,17.4,102.4,0.988649,3.38,0.31,11.967909907
5.6,0.718,0.54,1.28,0.041,2.5,8.3,0.997357,3.42,0.61,8.903472287
8.53,0.185,0.4,8.9,0.051,46.5,168.4,0.996125,3.11,0.55,9.145041905
5.93,0.195,0.32,1.36,0.029,22.7,46.4,0.990084,3.6,0.34,12.597919147
6.06,0.184,0.3,4.33,0.026,25.0,72.6,0.992229,3.51,0.38,10.267410833
6.55,0.12,0.37,1.81,0.048,20.0,98.4,0.993919,3.23,0.51,11.734244908
8.71,0.573,0.62,2.27,0.101,48.1,249.3,0.998697,3.0,0.82,9.680674836
7.24,0.429,0.11,2.38,0.084,18.7,11.5,0.997,3.54,0.53,10.918437691
6.2,0.29,0.6,1.11,0.038,67.1,84.2,0.993275,3.34,0.43,10.811753313
8.49,0.285,0.2,1.82,0.144,4.7,109.0,0.998795,3.27,0.89,10.598371829
7.71,0.41,0.39,2.61,0.096,13.3,18.3,0.996902,3.44,0.62,10.322662623
7.21,0.28,0.62,5.12,0.037,20.6,145.6,0.993266,3.26,0.52,10.889531643
7.61,0.261,0.5,12.13,0.042,34.9,151.2,0.999034,3.07,0.44,9.001198244
6.92,0.404,0.32,5.35,0.042,34.9,79.2,0.993882,3.25,0.31,9.000712525
7.2,0.844,0.02,1.88,0.103,5.5,7.1,0.995769,3.29,0.83,10.749850461
10.34,0.828,0.08,2.37,0.124,6.1,13.3,0.996625,3.26,0.59,10.706919097
8.58,0.812,0.07,4.7,0.094,2.9,12.6,0.996152,3.89,0.68,9.650858114
8.77,0.58,0.0,1.95,0.088,7.5,17.9,0.998295,3.59,0.77,9.973223072
7.18,0.466,0.17,4.0,0.077,4.8,28.8,0.997045,3.26,0.6,9.879477085
6.72,0.272,0.33,2.03,0.043,15.0,78.2,0.995493,3.31,0.68,10.789854746
6.19,0.295,0.26,1.51,0.025,40.8,106.3,0.991388,3.56,0.57,11.972378707
5.93,0.228,0.27,7.03,0.035,16.7,100.1,0.989955,3.58,0.44,11.896900617
5.62,0.303,0.31,13.4,0.039,69.0,176.5,0.997412,3.2,0.54,9.090433621
6.83,0.182,0.49,2.41,0.049,19.1,131.9,0.992305,3.22,0.79,8.995743107
6.06,0.393,0.35,2.43,0.046,48.4,132.9,0.992044,3.43,0.83,10.356136251
4.93,0.329,0.29,1.93,0.019,22.7,129.7,0.991617,3.57,0.88,11.947733471
7.13,0.268,0.58,12.84,0.042,46.5,105.2,0.996855,3.11,0.53,9.164587186
6.49,0.967,0.15,1.64,0.075,8.5,124.7,0.996958,3.17,0.51,9.075184164
6.95,0.28,0.38,10.43,0.053,47.2,159.7,0.999452,3.11,0.44,8.940473328
7.47,0.202,0.31,8.52,0.045,55.6,226.7,0.999343,2.96,0.37,9.003091563
6.21,0.261,0.03,12.26,0.091,22.3,114.4,0.998577,3.1,0.69,11.197430254
6.05,0.32,0.13,11.59,0.058,44.8,237.7,0.997878,3.13,0.39,8.912637087
7.29,0.406,0.27,2.52,0.046,28.9,94.3,0.996407,3.49,0.79,12.706218608
6.29,0.248,0.29,2.58,0.044,15.2,76.1,0.99678,3.36,0.59,11.882297503
6.88,0.25,0.26,7.6,0.044,28.6,63.1,0.989562,3.25,0.6,11.991526405
6.66,0.31,0.18,12.32,0.035,16.9,53.7,0.992927,2.92,0.4,9.183297733
8.87,0.406,0.0,1.78,0.076,4.0,12.8,0.995152,3.3,0.43,10.588995095
5.64,0.296,0.27,1.77,0.038,32.7,216.8,0.994094,3.19,0.6,9.5751317
6.99,0.287,0.29,11.18,0.051,30.2,177.3,0.99924,2.93,0.45,8.630871356
6.7,0.196,0.13,1.8,0.055,5.3,114.9,0.991873,3.08,0.61,10.145192902
5.95,0.258,0.26,11.31,0.06,33.6,190.1,0.999707,2.95,0.4,8.969540491
5.84,0.381,0.23,2.99,0.029,32.4,94.2,0.990951,3.59,0.65,10.498125007
7.08,0.207,0.26,7.48,0.048,43.9,190.6,0.993262,2.98,0.63,9.472368995
7.66,0.762,0.08,1.12,0.09,8.4,15.8,0.999676,3.23,1.14,10.555939516
8.14,0.854,0.15,1.34,0.076,10.6,17.0,0.997751,3.49,0.81,11.175126535
6.48,0.409,0.22,0.88,0.059,35.3,111.7,0.994905,3.5,0.58,11.437244847
11.03,0.773,0.25,1.78,0.072,2.1,9.2,0.996315,3.29,0.95,9.932195321
6.5,0.169,0.29,3.86,0.033,26.2,71.4,0.993168,3.25,0.67,11.362559727
6.16,0.188,0.23,1.82,0.04,21.3,54.0,0.990792,3.38,0.67,12.047634991
6.42,0.315,0.24,2.03,0.045,17.9,81.4,0.990616,3.22,0.51,11.998728967
9.0,0.178,0.31,8.9,0.046,29.2,100.4,0.994481,2.97,0.44,9.693021712
7.62,0.278,0.35,4.44,0.037,22.6,162.3,0.995887,3.33,0.49,9.567069892
5.49,0.391,0.46,3.72,0.044,35.6,84.3,0.991555,3.08,0.43,10.506577181
6.39,0.904,0.02,1.78,0.082,6.2,12.4,0.994818,3.54,0.81,10.049277279
6.45,0.783,0.1,1.24,0.071,4.4,38.0,0.996318,3.35,0.85,11.556485964
8.46,0.674,0.04,1.97,0.076,10.1,212.0,0.995886,3.29,0.43,9.645316694
6.75,0.227,0.54,7.99,0.043,29.5,159.7,0.996867,3.06,0.66,9.405446551
6.11,0.238,0.28,5.5,0.035,22.5,100.3,0.992193,3.26,0.37,9.469669101
6.37,0.209,0.46,1.61,0.048,29.6,143.9,0.991421,3.42,0.63,12.149486194
6.64,0.409,0.3,4.37,0.04,69.1,120.5,0.989163,3.16,0.31,12.265527426
8.0,0.148,0.33,1.55,0.04,20.3,112.0,0.992339,3.08,0.71,11.229007203
5.92,0.228,0.32,1.71,0.095,10.7,76.2,0.991125,3.18,0.77,10.514325558
6.37,0.265,0.37,1.59,0.04,50.1,109.5,0.989087,3.31,0.46,11.533421433
6.35,0.318,0.32,2.6,0.045,11.8,34.4,0.995757,3.35,0.82,9.411640331
7.29,0.311,0.38,2.45,0.048,7.8,156.2,0.992597,3.43,0.51,13.180650468
4.96,0.308,0.31,3.08,0.03,55.8,102.3,0.98954,3.29,0.54,12.466951111
6.25,0.283,0.31,13.75,0.046,49.6,153.5,1.000616,2.95,0.36,10.263286475
10.2,0.654,0.63,0.83,0.241,5.5,16.6,0.997207,2.93,0.44,10.283313167
6.19,0.419,0.24,11.48,0.044,39.3,151.6,0.997277,3.17,0.46,10.736573159
8.32,0.556,0.11,1.91,0.077,4.2,20.1,0.996746,3.49,0.82,10.467550901
5.26,0.297,0.22,2.86,0.03,34.8,56.3,0.991125,2.92,0.61,12.358748634
5.99,0.251,0.24,2.4,0.037,35.3,210.6,0.996381,3.21,0.59,9.711484324
6.27,0.205,0.28,1.34,0.032,17.3,150.6,0.993474,3.24,0.43,12.2042267
9.68,0.666,0.13,1.75,0.079,27.6,8.0,0.995415,3.44,0.67,10.782198505
9.18,0.18,0.27,8.29,0.052,59.5,237.9,0.998072,2.96,0.45,8.659362705
6.63,0.155,0.3,4.01,0.052,8.2,115.3,0.993652,3.2,0.39,10.890828407
6.48,0.238,0.4,1.42,0.025,33.9,82.1,0.991485,3.26,0.52,9.419383142
9.39,0.835,0.1,1.61,0.094,15.9,87.0,0.99925,3.48,0.53,10.18644987
6.45,0.23,0.25,11.38,0.044,44.4,217.4,0.99538,3.11,0.53,9.347578168
6.99,0.73,0.46,1.71,0.034,23.2,101.5,0.994904,3.48,0.84,11.539979363
6.83,0.194,0.27,12.05,0.061,51.9,183.7,0.995301,3.01,0.62,9.228853799
9.38,0.456,0.34,2.01,0.042,10.0,106.9,0.993753,3.3,0.41,11.799207446
9.43,0.86,0.46,1.92,0.084,6.7,13.5,0.99831,3.42,0.54,10.91276415
7.59,0.364,0.11,5.01,0.079,31.6,179.9,0.993219,3.15,0.69,9.408480567
6.61,0.177,0.28,9.1,0.046,54.1,176.7,0.99722,3.14,0.38,10.043861931
7.88,0.152,0.41,1.32,0.032,54.0,56.7,0.991925,3.19,0.52,11.670193648
6.22,0.277,0.29,2.18,0.038,35.4,109.2,0.990498,3.11,0.49,12.065971411
5.81,0.329,0.3,3.21,0.031,21.1,99.5,0.989087,3.48,0.46,12.067968747
9.12,0.769,0.23,1.1,0.078,7.7,25.2,0.994029,3.14,0.49,10.524748732
8.3,0.251,0.27,13.17,0.05,48.6,225.1,0.99604,3.14,0.47,9.424603081
11.73,0.632,0.36,2.81,0.09,6.6,8.2,0.998821,3.45,0.88,10.9870102
6.36,0.281,0.22,10.64,0.047,54.1,173.0,0.997544,3.05,0.44,8.998409616
5.58,0.197,0.31,1.1,0.025,35.1,96.6,0.994525,3.22,0.78,12.739825503
7.69,1.088,0.0,2.74,0.073,5.9,23.4,0.997232,3.45,0.5,9.468582644
7.58,0.528,0.19,2.65,0.051,5.0,105.4,0.995347,3.39,0.83,9.75633928
6.54,0.212,0.26,5.56,0.058,20.2,128.3,0.992163,3.11,0.42,12.066743456
6.74,0.245,0.26,16.09,0.044,29.9,127.4,0.993195,3.0,0.38,8.952168062
6.15,0.191,0.21,5.1,0.032,32.0,69.9,0.990284,3.53,0.31,12.389579365
7.28,0.379,0.43,1.68,0.026,25.6,148.5,0.990337,3.65,0.55,12.963421629
7.29,0.911,0.09,1.78,0.097,9.4,21.4,0.995315,3.21,0.45,10.21780352
6.46,0.302,0.23,1.76,0.036,44.9,110.8,0.989712,3.22,0.37,11.719056865
6.73,0.44,0.31,4.5,0.039,46.8,103.2,0.990029,3.54,0.42,11.935454632
5.91,0.213,0.27,0.98,0.035,19.8,145.3,0.990862,3.65,0.55,11.095914379
5.45,0.312,0.28,4.98,0.043,32.6,127.7,0.991594,3.27,0.43,11.460336918
7.09,0.231,0.2,2.16,0.09,4.6,35.9,0.999693,3.29,0.69,9.730317747
5.9,0.187,0.41,1.47,0.038,11.0,64.1,0.993291,3.65,0.75,10.445876518
6.3,0.268,0.31,1.29,0.05,38.2,184.0,0.995833,2.93,0.41,9.393467838
6.46,0.24,0.29,2.08,0.049,23.8,23.9,0.990088,3.56,0.49,10.116559363
6.11,0.506,0.28,10.55,0.046,23.7,161.4,0.993451,3.0,0.53,8.989870465
10.62,0.634,0.0,2.41,0.095,4.2,22.0,0.996177,3.48,0.85,10.749123586
6.61,0.154,0.37,1.74,0.037,23.6,115.0,0.997123,3.37,0.48,13.018630682
6.14,0.385,0.25,8.67,0.048,58.3,132.4,0.992984,3.33,0.48,10.047230956
5.99,0.712,0.11,1.36,0.029,8.2,131.0,0.993199,3.33,0.5,11.041252097
6.45,0.183,0.33,1.36,0.049,8.7,69.8,0.991053,3.47,0.56,9.865795146
6.39,1.023,0.41,1.47,0.131,18.6,57.2,0.993846,3.45,0.61,9.309079953
7.72,0.246,0.56,10.72,0.05,44.9,179.0,0.998238,3.13,0.42,9.128815364
6.25,0.286,0.39,1.43,0.049,17.4,94.8,0.991343,3.46,0.81,11.992831074
7.83,0.192,0.58,11.22,0.046,57.8,203.3,0.996125,2.9,0.35,9.664958347
5.55,0.211,0.2,1.68,0.04,51.2,191.6,0.991377,3.08,0.46,11.895685259
7.39,0.248,0.43,1.93,0.05,57.0,122.4,0.992911,3.01,0.68,10.16069999
7.37,0.374,0.29,5.6,0.032,15.8,98.9,0.995616,3.56,0.54,10.551398526
8.24,0.684,0.46,1.85,0.214,5.9,26.1,0.996103,3.24,0.42,11.629516126
7.7,0.261,0.17,10.95,0.048,29.6,192.9,0.992778,3.4,0.48,9.615777444
7.06,0.213,0.27,11.71,0.059,47.7,224.9,0.993994,3.21,0.56,9.0654886
7.87,0.69,0.11,2.69,0.079,4.9,15.2,0.998285,3.4,0.88,9.974464024
7.11,0.252,0.36,12.68,0.052,44.4,119.9,0.99233,3.0,0.52,9.344085482
10.14,0.373,0.19,2.26,0.08,8.2,47.0,0.99466,3.52,0.91,10.614705102
5.94,0.213,0.29,1.97,0.046,68.9,163.7,0.998721,3.04,0.48,10.954349618
6.17,0.272,0.33,3.33,0.05,31.7,186.2,0.993379,3.18,0.59,10.400137761
5.85,0.242,0.37,14.61,0.027,48.5,128.8,0.994102,2.96,0.62,10.870837207
6.24,0.254,0.27,16.38,0.047,31.4,209.0,0.995126,2.97,0.52,9.169671297
6.61,0.23,0.27,9.41,0.044,57.4,249.2,0.993972,2.98,0.51,9.162230256
8.74,0.984,0.01,1.62,0.09,9.2,43.5,0.998038,3.1,0.42,9.485043012
5.5,0.229,0.27,1.91,0.038,47.1,116.9,0.990422,3.46,0.55,12.068108316
7.84,0.352,0.46,2.57,0.058,40.4,45.4,0.995182,3.31,0.73,10.220297038
7.49,0.279,0.24,11.14,0.055,50.0,203.5,1.000122,2.99,0.74,9.372822648
5.65,0.372,0.14,5.21,0.028,23.0,110.7,0.989444,3.55,0.81,12.349211612
7.6,0.212,0.27,7.7,0.046,28.0,155.0,0.999613,3.12,0.51,8.832715211
6.41,0.361,0.28,6.04,0.042,18.4,101.9,0.991981,3.5,0.47,12.109781475
7.73,0.331,0.4,1.82,0.032,14.5,101.6,0.991524,3.37,0.35,9.974298201
6.94,0.232,0.29,1.86,0.043,32.2,154.0,0.995206,3.42,0.64,10.653056325
7.3,0.392,0.34,1.73,0.023,31.2,116.9,0.989722,3.48,0.49,11.875791714
4.94,0.241,0.32,2.09,0.02,18.5,103.1,0.990604,3.16,0.48,11.824666347
7.04,0.397,0.28,1.67,0.047,22.2,111.3,0.99278,3.1,0.83,12.235476672
5.89,0.306,0.4,1.48,0.044,95.4,132.8,0.993132,3.35,0.46,11.910363971
7.3,0.699,0.6,1.25,0.077,9.6,27.9,0.998997,3.52,0.92,10.85835254
5.9,0.191,0.25,2.91,0.051,44.1,192.2,0.996989,3.11,0.58,8.798394234
5.85,0.287,0.34,1.72,0.027,26.8,107.3,0.989671,3.27,0.56,13.068312513
5.86,0.187,0.34,4.18,0.02,27.9,65.2,0.993608,3.39,0.5,11.814178048
6.12,0.309,0.36,2.08,0.038,28.4,116.7,0.989439,3.24,0.64,11.384411995
5.28,0.227,0.35,1.56,0.025,29.1,113.7,0.989993,3.41,0.46,12.550461625
5.43,0.229,0.24,4.48,0.036,48.4,96.7,0.989528,3.48,0.46,12.980219498
7.68,0.229,0.53,1.36,0.059,44.9,224.3,0.99719,3.08,0.65,9.238549729
5.7,0.253,0.29,3.91,0.041,18.8,143.9,0.995737,3.34,0.39,12.325931238
8.88,0.675,0.09,1.42,0.077,2.1,32.9,0.999433,3.39,0.53,10.176950679
6.16,0.919,0.5,1.01,0.09,13.0,39.6,0.995346,3.4,0.51,9.491843819
5.9,0.181,0.24,7.25,0.034,43.8,135.7,0.993316,3.3,0.39,12.238871838
8.39,0.906,0.07,1.46,0.101,13.7,25.9,1.000229,3.39,0.5,11.205934674
9.16,0.252,0.3,1.23,0.035,19.2,132.6,0.998803,3.46,0.51,11.807319561
5.99,0.693,0.09,1.74,0.254,9.3,16.7,0.996617,3.44,0.48,10.781338125
8.61,0.329,0.34,2.97,0.049,50.1,86.1,0.992106,2.97,0.54,12.20121199
6.26,0.223,0.47,2.01,0.032,13.0,42.6,0.992158,3.38,0.56,11.763856521
7.23,0.405,0.13,1.62,0.082,7.7,26.8,0.996373,3.14,0.85,9.678813086
6.16,0.238,0.24,4.63,0.045,12.0,95.4,0.99283,3.2,0.83,11.378857357
5.97,0.199,0.27,12.12,0.047,67.6,133.9,0.992377,2.96,0.42,11.350429868
6.77,0.664,0.51,10.03,0.08,5.5,46.5,0.996337,3.2,0.58,11.105797226
7.05,0.285,0.24,1.06,0.02,9.2,104.0,0.990238,3.12,0.5,12.168187923
7.31,0.249,0.28,4.84,0.029,15.2,152.8,0.992362,3.48,0.45,12.665866922
9.6,0.241,0.28,8.57,0.053,17.8,215.7,0.993666,3.35,0.89,10.076302658
5.97,0.186,0.28,4.87,0.041,21.3,176.6,0.992591,3.27,0.73,12.086527435
5.66,0.146,0.24,5.29,0.027,27.4,124.4,0.991774,3.46,0.48,11.437820681
8.58,0.866,0.1,1.65,0.088,4.0,11.6,1.000526,3.14,0.65,9.141793204
6.38,0.248,0.23,1.69,0.037,54.3,94.0,0.993966,3.33,0.51,10.29045926
7.93,0.31,0.15,1.08,0.063,49.5,23.2,0.999844,3.4,0.52,10.439582083
7.3,0.314,0.21,1.68,0.039,22.7,207.6,0.99266,3.38,0.56,10.070859896
6.84,0.414,0.11,2.16,0.101,12.8,146.8,0.998734,3.07,0.65,9.527926328
6.17,0.241,0.27,1.84,0.053,21.5,151.6,0.991632,3.3,0.4,9.691289981
6.72,0.267,0.27,1.66,0.045,17.7,104.1,0.9911,3.32,0.41,10.584219259
7.17,0.314,0.22,5.03,0.047,38.7,108.9,0.990844,3.37,0.56,11.220786303
5.69,0.228,0.25,7.39,0.048,35.8,154.9,0.99562,3.07,0.47,8.589894296
8.64,0.806,0.11,1.28,0.194,8.2,16.0,1.001468,3.4,0.66,10.301981199
7.26,0.163,0.24,9.78,0.051,52.4,214.2,0.996094,2.96,0.43,8.580175616
9.38,0.292,0.6,1.3,0.036,5.0,182.8,0.99397,3.17,0.46,9.765823052
6.36,0.329,0.41,1.41,0.041,25.9,58.0,0.992183,3.59,0.7,12.313264887
10.09,0.713,0.47,1.33,0.082,6.8,16.2,0.998714,3.36,0.82,9.993143411
5.12,0.211,0.48,6.55,0.037,27.2,101.2,0.990475,3.48,0.51,12.087549891
9.28,0.926,0.31,2.72,0.085,4.5,27.4,0.999174,3.18,0.51,8.989066162
6.17,0.256,0.31,1.62,0.033,18.1,66.8,0.990418,3.19,0.46,11.935903209
7.79,0.27,0.23,6.01,0.049,25.2,174.1,0.99943,3.27,0.89,9.808518253
6.65,0.205,0.44,2.1,0.034,26.2,100.2,0.993366,3.15,0.31,10.760214101
8.33,0.249,0.19,14.61,0.119,42.6,162.4,0.995029,3.31,0.55,9.618550971
5.33,0.278,0.2,1.98,0.034,39.1,100.9,0.992196,3.32,0.46,10.388762341
7.03,0.178,0.62,11.14,0.047,33.6,189.9,0.997665,3.09,0.44,8.718591197
6.37,0.182,0.38,1.1,0.041,13.4,170.5,0.994464,3.03,0.5,10.926674905
8.38,0.288,0.54,1.66,0.078,6.8,45.2,0.995311,3.22,0.46,10.815704844
8.25,0.856,0.06,2.31,0.089,2.9,8.5,0.996463,3.59,0.61,9.025122499
6.15,0.315,0.37,6.17,0.049,26.2,107.2,0.996723,2.95,0.51,11.08407709
6.56,0.306,0.32,1.46,0.024,9.2,98.3,0.990678,3.3,0.49,12.088689531
4.98,0.656,0.14,2.91,0.091,3.0,28.8,1.0019,3.48,0.56,10.407147196
7.9,0.288,0.28,1.44,0.047,27.5,110.5,0.993256,3.18,0.56,9.972423747
6.75,0.287,0.31,12.29,0.053,43.3,126.6,0.99888,3.16,0.8,8.942688484
7.07,0.261,0.34,9.93,0.051,50.5,195.9,0.992968,2.93,0.42,8.79336798
6.0,0.21,0.26,1.3,0.047,20.8,114.4,0.995364,3.12,0.53,11.79778766
4.91,0.168,0.43,4.84,0.032,32.3,86.0,0.990507,3.58,0.46,13.00503822
6.59,0.301,0.22,1.18,0.04,5.7,20.1,0.993784,3.24,0.49,10.534551832
5.59,0.208,0.26,2.36,0.038,23.3,156.7,0.994077,3.14,0.45,13.138091015
6.85,0.643,0.1,1.88,0.105,7.3,34.3,1.001747,3.03,0.76,10.746185597
5.87,0.18,0.3,0.95,0.095,12.0,54.7,0.991872,3.24,0.46,11.446739855
5.97,0.278,0.32,1.62,0.04,53.3,104.2,0.991181,3.33,0.66,12.064007149
6.7,0.585,0.32,1.24,0.038,13.1,108.6,0.993023,3.39,0.57,10.988938524
6.44,0.31,0.17,5.53,0.05,27.1,88.3,0.990553,3.01,0.43,11.889225557
8.75,0.318,0.27,12.89,0.115,35.3,122.9,0.998978,3.06,0.51,10.187140022
6.5,0.405,0.38,14.34,0.046,17.2,192.5,0.999322,3.29,0.54,11.986982133
7.0,0.207,0.19,2.41,0.053,48.6,125.7,0.996321,3.1,0.52,8.940115266
6.26,0.44,0.26,1.69,0.029,54.2,100.5,0.991078,3.5,0.47,11.226836428
6.14,0.426,0.29,10.97,0.055,43.0,187.9,0.993657,3.05,0.47,8.748384227
6.18,0.359,0.34,4.29,0.023,19.6,102.4,0.992183,3.2,0.75,11.511183599
7.9,0.677,0.13,5.54,0.171,6.8,56.6,0.997645,3.27,0.45,10.952868607
6.7,0.23,0.35,1.78,0.035,16.8,103.1,0.990303,3.34,0.31,10.802911009
6.64,0.191,0.23,13.94,0.047,44.5,74.5,0.999276,3.16,0.48,10.579045936
8.06,0.338,0.25,12.88,0.065,36.3,176.5,0.995112,3.2,0.49,8.887706117
7.63,0.664,0.13,7.21,0.067,18.0,15.4,0.993848,3.35,0.55,10.15736809
10.07,0.247,0.39,11.03,0.051,41.2,196.7,0.999194,3.3,0.41,9.154911799
8.08,0.377,0.13,3.58,0.121,7.6,6.0,0.998088,3.34,1.15,10.199479257
6.6,0.199,0.35,5.38,0.056,12.1,142.6,0.992015,3.32,0.82,12.255928574
6.19,0.203,0.19,11.55,0.056,46.9,215.0,0.999384,3.02,0.41,8.755162764
6.09,0.352,0.27,1.94,0.051,65.5,155.9,0.995392,3.07,0.51,10.204717881
8.34,0.862,0.16,2.42,0.091,3.6,23.8,0.996794,3.38,0.72,10.409295683
7.92,0.194,0.28,5.29,0.041,21.9,133.7,0.990395,3.5,0.5,11.837523619
6.43,0.399,0.31,2.08,0.032,51.9,80.4,0.992141,3.12,0.44,12.320952964
6.38,0.297,0.33,1.6,0.05,17.8,169.1,0.998379,3.6,0.54,10.039515996
6.26,0.172,0.4,3.98,0.054,31.9,102.8,0.992508,3.23,0.74,9.306295779
7.33,0.18,0.36,10.57,0.052,44.4,196.3,0.996156,3.06,0.46,8.798592669
5.77,0.645,0.37,1.8,0.034,15.1,107.4,0.990317,3.3,0.6,13.100129257
7.8,0.734,0.04,1.51,0.089,21.0,15.4,0.993377,3.53,0.76,10.014582957
11.02,0.725,0.11,2.57,0.095,21.9,79.5,0.991712,3.37,0.57,11.120089254
8.11,0.727,0.49,6.01,0.08,10.0,8.3,0.999406,3.53,1.08,9.630171243
6.04,0.349,0.61,15.05,0.036,15.6,145.9,0.995907,3.27,0.63,8.921434278
6.73,0.272,0.35,3.57,0.036,17.1,81.1,0.990595,3.19,0.47,12.45745798
6.36,0.407,0.27,1.79,0.027,11.8,110.7,0.990934,3.66,0.48,12.467212454
6.51,0.259,0.26,11.59,0.061,33.8,210.7,0.997963,3.23,0.53,8.787123871
7.49,0.629,0.04,2.46,0.081,10.2,15.8,0.998908,3.78,0.77,9.738582838
5.56,0.192,0.17,8.35,0.044,38.3,155.2,0.992261,3.27,0.46,9.261228201
6.84,0.828,0.19,1.36,0.078,14.6,15.1,0.995795,3.28,0.49,10.585640872
7.71,0.585,0.1,1.3,0.073,6.0,88.9,0.994183,3.36,0.58,10.244001852
9.02,0.614,0.14,3.1,0.083,14.9,15.4,0.994665,3.4,0.58,12.021444983
5.35,0.146,0.25,12.61,0.042,40.3,201.5,0.999496,2.93,0.55,8.680086771
7.9,0.188,0.28,14.12,0.054,36.2,225.1,0.998235,3.19,0.48,8.843250976
6.51,0.182,0.42,0.99,0.049,16.1,133.6,0.993606,3.12,0.77,12.728365144
6.14,0.286,0.54,7.11,0.034,33.0,93.7,0.992095,3.3,1.14,10.452893208
6.08,0.221,0.45,2.05,0.035,47.1,88.4,0.991332,3.39,0.68,11.363289454
5.74,0.28,0.32,1.52,0.042,25.1,100.1,0.995561,3.48,0.5,10.366939232
6.31,0.199,0.28,10.37,0.043,26.1,149.0,0.996339,3.07,0.57,8.847896387
6.19,0.345,0.26,1.5,0.04,23.8,172.8,0.994526,2.96,0.67,9.081857486
6.5,0.238,0.25,12.56,0.055,48.0,163.0,0.997221,3.05,0.6,8.871159634
7.64,0.917,0.08,1.95,0.094,12.9,21.8,0.999423,3.27,0.58,10.523926037
6.04,0.176,0.64,2.02,0.036,52.3,75.4,0.998695,3.1,0.53,9.529860144
7.06,0.293,0.34,2.46,0.02,27.6,114.3,0.9901,3.49,0.57,12.155222768
5.71,0.213,0.29,9.63,0.042,24.6,172.5,0.997623,2.87,0.39,8.833930114
6.02,0.244,0.28,1.12,0.119,26.0,151.6,0.990553,3.27,0.44,11.001570381
6.73,0.383,0.39,1.4,0.046,41.2,116.3,0.992422,3.27,0.46,10.335864493
6.65,0.138,0.36,4.77,0.032,52.0,103.7,0.99284,3.27,0.48,10.983675922
8.38,0.658,0.05,2.58,0.089,8.5,191.5,0.997363,3.48,0.55,9.034266256
5.73,0.22,0.19,9.65,0.05,27.0,177.2,0.992551,3.11,0.42,9.167451779
6.38,0.204,0.31,6.09,0.05,29.9,155.1,0.992736,2.99,0.57,9.105570006
7.05,0.692,0.53,3.35,0.076,11.0,47.2,0.995178,3.29,0.87,10.959698376
6.47,0.164,0.28,1.09,0.037,17.9,85.4,0.989155,3.12,0.43,11.802629747
5.71,0.22,0.23,1.32,0.043,41.7,161.4,0.996464,3.18,0.38,8.919620521
10.09,0.644,0.54,3.29,0.084,6.8,53.9,1.000519,3.36,0.56,10.94633542
7.38,0.211,0.51,5.55,0.041,29.6,184.2,0.99694,3.23,0.48,9.744964334
5.86,0.271,0.31,1.51,0.045,28.2,118.9,0.991468,3.52,0.55,12.519272055
8.51,0.6,0.06,1.69,0.107,2.8,13.7,1.001341,3.63,0.95,11.133216768
6.44,0.106,0.33,1.38,0.043,32.0,77.3,0.991287,3.27,0.53,12.149940827
6.91,0.319,0.44,4.25,0.041,15.5,99.6,0.990172,3.63,0.53,12.567801815
6.34,0.377,0.29,4.01,0.049,13.1,116.2,0.994056,3.01,0.61,10.663935574
6.52,0.293,0.3,4.38,0.048,35.0,51.6,0.991498,3.38,0.53,11.113430467
8.47,0.887,0.48,2.61,0.077,4.0,23.1,0.995267,3.24,0.42,9.562212055
6.8,0.165,0.23,1.21,0.043,16.1,107.5,0.996086,3.3,0.79,10.647517953
7.59,0.227,0.31,2.05,0.045,44.9,189.7,0.99768,3.23,0.44,9.164960167
7.12,0.645,0.22,1.14,0.095,24.6,32.2,0.997635,3.17,0.55,10.271255466
8.09,0.651,0.0,2.57,0.086,4.2,21.9,1.000626,3.41,0.89,11.234527957
6.83,0.301,0.46,1.26,0.048,60.1,217.1,0.99339,2.97,0.44,10.674567074
8.01,0.247,0.44,2.67,0.085,5.8,20.0,0.997048,3.54,0.71,10.024357183
5.49,0.417,0.24,4.54,0.038,29.4,84.3,0.990192,3.53,0.64,11.833720904
8.92,0.156,0.41,1.94,0.03,12.0,87.8,0.993666,2.94,0.82,11.253757267
7.08,0.159,0.36,1.09,0.049,40.4,134.1,0.993706,2.94,0.37,10.280389893
5.48,0.36,0.21,9.02,0.035,36.3,158.5,0.996172,3.01,0.41,9.188880247
8.66,0.864,0.14,3.32,0.08,4.7,25.3,0.997241,3.16,0.47,10.094151183
6.08,0.402,0.26,12.49,0.031,50.1,89.4,0.991149,3.43,0.53,10.086532845
6.24,0.24,0.34,1.3,0.042,58.5,115.3,0.993463,3.18,0.49,8.928320933
4.98,0.169,0.35,1.45,0.027,25.3,102.9,0.990447,3.15,0.57,11.954438642
7.59,0.258,0.15,1.64,0.046,16.0,175.0,0.998014,3.08,0.56,10.651030327
6.62,0.468,0.27,2.08,0.048,12.1,182.4,0.993874,3.03,0.51,9.6041904
6.48,0.299,0.21,1.3,0.02,14.0,124.9,0.991233,3.41,0.44,11.191275618
7.38,0.246,0.27,12.38,0.087,44.1,199.9,0.996451,3.2,0.55,9.362552336
5.85,0.211,0.27,14.83,0.047,42.7,164.3,0.995586,2.99,0.52,11.445768356
8.03,0.841,0.02,1.51,0.08,4.1,17.3,0.995619,3.34,0.81,10.020255286
4.84,0.259,0.29,2.34,0.064,39.6,205.1,0.990668,3.26,0.85,12.367500905
11.16,0.865,0.02,1.7,0.082,4.5,30.7,0.99876,3.7,1.0,10.824228017
7.48,0.35,0.24,15.14,0.059,10.3,212.4,0.998392,3.09,0.54,9.576980356
8.35,0.216,0.29,8.99,0.038,35.3,103.6,0.992725,3.25,0.62,12.275847128
5.14,0.249,0.23,7.18,0.029,17.5,84.6,0.990406,3.13,0.46,11.658276427
6.06,0.303,0.22,1.82,0.039,31.5,150.0,0.993071,2.99,0.47,10.501573999
6.72,0.218,0.29,13.78,0.057,47.5,184.8,0.999232,3.06,0.48,9.517004298
9.42,0.849,0.0,1.89,0.094,4.4,15.0,0.999148,3.28,0.83,10.374522156
5.68,0.252,0.27,12.54,0.054,16.7,209.1,0.99734,3.12,0.55,8.67530713
6.71,1.01,0.14,1.12,0.092,7.4,11.9,0.997975,3.36,0.56,11.005486902
8.43,0.689,0.52,1.66,0.088,4.2,10.4,0.995764,3.54,0.96,9.045828879
6.74,0.32,0.36,5.78,0.043,13.2,89.4,0.991549,3.06,0.47,9.869135288
5.93,0.25,0.24,1.69,0.04,27.1,108.1,0.994008,3.15,0.52,11.06342841
7.3,0.239,0.31,10.72,0.049,41.0,148.6,0.993688,3.64,0.52,11.410348117
7.15,0.633,0.0,1.2,0.143,7.6,23.8,0.998076,3.31,0.89,11.281511267
6.08,0.171,0.32,4.12,0.039,48.9,100.0,0.990055,3.43,0.56,11.197908379
6.37,0.282,0.31,1.37,0.034,59.9,75.1,0.991351,3.5,0.31,11.571343497
9.28,0.832,0.65,1.25,0.166,7.7,19.4,0.993853,3.41,0.66,10.024498676
5.95,0.198,0.35,5.41,0.029,19.0,109.1,0.990864,3.43,0.34,12.239415705
6.76,0.31,0.21,9.12,0.078,29.9,191.5,0.995601,3.2,0.45,8.715743677
7.2,0.222,0.31,16.47,0.049,49.1,228.6,0.994761,2.99,0.98,9.567090995
10.33,0.539,0.02,2.25,0.083,5.0,14.8,0.996169,3.25,0.67,10.632980034
6.19,0.283,0.28,3.92,0.037,58.6,52.5,0.9947,3.03,0.52,9.495461968
5.17,0.176,0.22,6.99,0.046,45.5,103.3,0.994375,3.04,0.37,9.083986734
6.93,0.171,0.21,2.97,0.04,57.9,196.7,0.993113,3.13,0.43,9.761495371
6.27,0.226,0.26,5.08,0.028,38.5,115.2,0.992828,3.37,0.47,11.80312103
5.9,0.232,0.25,12.56,0.043,38.8,186.3,0.992049,3.07,0.4,9.191538333
7.07,0.22,0.38,14.3,0.064,65.6,225.9,0.998082,3.2,0.49,8.920903698
6.58,0.37,0.26,4.34,0.025,23.4,118.0,0.989706,3.58,0.36,11.626726592
6.2,0.273,0.39,1.31,0.052,15.1,108.9,0.992635,3.64,0.53,9.278253563
5.73,0.209,0.33,1.46,0.051,17.6,148.4,0.991906,3.19,0.58,13.198093217
5.9,0.426,0.32,3.69,0.036,42.6,109.5,0.991292,3.41,0.48,11.172798604
6.59,0.181,0.25,8.88,0.093,20.4,168.7,0.993559,3.38,0.41,9.190357834
6.22,0.273,0.31,2.22,0.072,42.0,65.6,0.991413,3.18,0.44,12.770367557
5.66,0.34,0.19,1.51,0.024,15.3,134.3,0.991158,3.42,0.7,11.662755567
7.68,0.626,0.3,12.66,0.054,43.3,17.4,0.99613,3.4,0.64,9.52403017
6.42,0.244,0.13,6.3,0.048,19.2,112.1,0.9967,3.15,0.75,9.308779865
6.1,0.273,0.31,15.87,0.044,33.6,135.3,0.993467,3.15,0.44,11.027923069
5.88,0.261,0.39,2.35,0.033,40.5,112.0,0.990637,3.05,0.48,10.700677633
6.36,0.196,0.3,5.89,0.051,7.3,136.0,0.992889,3.08,0.41,10.973671257
8.21,0.59,0.68,1.31,0.091,13.4,57.9,0.996018,3.3,0.5,10.186977158
6.0,0.238,0.35,4.67,0.03,57.2,118.0,0.990275,3.55,0.54,11.197089154
7.45,0.313,0.34,1.97,0.049,15.1,161.3,0.996111,3.1,0.45,8.989414422
9.51,0.607,0.07,1.57,0.077,5.5,6.0,0.998664,3.48,0.5,10.988923726
7.32,0.737,0.01,1.22,0.21,7.4,34.0,0.993082,3.3,0.47,8.785766054
6.04,0.187,0.33,2.14,0.026,8.8,70.2,0.991143,3.59,0.58,11.838867838
9.4,0.725,0.16,1.1,0.192,8.9,59.0,0.995427,3.31,0.56,10.222597062
5.98,0.416,0.36,3.08,0.032,25.9,97.7,0.991978,3.5,0.44,12.277149706
7.48,0.416,0.54,1.56,0.098,4.2,24.1,1.000434,3.34,0.84,10.536251228
5.2,0.309,0.48,2.11,0.042,48.0,104.5,0.991826,3.4,0.54,9.994549617
7.51,0.386,0.58,9.95,0.046,55.0,160.9,0.997752,3.13,0.47,9.138655908
6.16,0.198,0.39,4.47,0.032,24.6,117.0,0.991595,3.31,0.44,11.876607598
6.22,0.25,0.38,4.97,0.026,43.3,127.3,0.989519,3.32,0.37,9.478713757
6.17,0.288,0.24,2.26,0.047,18.3,94.1,0.999841,3.2,0.57,9.151097285
7.63,0.254,0.63,1.15,0.091,15.3,89.6,0.990568,3.35,0.61,10.882511474
6.82,0.377,0.33,5.13,0.036,41.8,83.7,0.989019,2.99,0.31,12.540660881
6.46,0.394,0.47,1.62,0.041,31.5,132.5,0.990633,3.38,0.31,12.336235784
7.02,0.235,0.33,9.76,0.045,29.4,104.9,0.99331,3.07,0.55,10.988584637
7.21,0.808,0.65,2.56,0.08,8.7,19.4,0.996149,3.24,0.56,10.548808822
5.52,0.41,0.21,3.17,0.026,30.2,131.3,0.993921,3.28,0.51,12.617339926
5.26,0.401,0.28,2.16,0.033,27.4,82.3,0.98967,3.58,0.38,11.686636092
7.06,0.299,0.25,10.95,0.063,10.0,218.3,0.998034,3.17,0.54,9.014477222
6.93,0.149,0.27,2.31,0.038,33.4,154.2,0.993102,3.1,0.56,11.181376836
5.99,0.172,0.36,1.29,0.052,16.3,94.6,0.997104,2.99,0.58,11.964904676
6.42,0.382,0.29,1.7,0.032,10.7,114.0,0.996679,3.1,0.49,11.252839497
7.13,0.765,0.35,3.72,0.045,44.0,56.3,0.995154,3.21,0.41,10.982056356
7.67,0.348,0.35,2.56,0.053,23.2,109.0,0.992208,3.34,1.2,11.831584511
4.98,0.333,0.32,2.02,0.027,23.5,94.3,0.989886,3.45,0.59,12.295565833
5.5,0.304,0.27,1.24,0.026,55.2,77.6,0.990236,3.35,0.55,11.888779898
7.36,0.871,0.0,4.65,0.104,7.7,115.9,0.995165,3.52,0.5,10.339307044
6.11,0.241,0.35,1.63,0.037,38.2,172.8,0.991426,3.28,0.5,10.150930998
5.38,0.236,0.38,2.06,0.027,48.4,76.5,0.99113,3.23,0.39,12.475515672
6.08,0.21,0.37,1.69,0.027,22.0,77.2,0.990755,3.49,0.31,11.248701976
8.72,0.717,0.18,1.51,0.064,30.5,9.4,0.997883,3.36,0.53,10.240248897
6.31,0.285,0.26,1.53,0.026,22.9,155.1,0.991728,3.01,0.58,11.388027722
6.99,0.146,0.31,2.05,0.035,61.0,123.1,0.9913,3.21,0.46,12.465544283
9.24,0.868,0.16,2.92,0.089,7.5,31.9,0.997552,3.18,1.22,9.247909804
6.34,0.328,0.32,1.83,0.045,24.3,93.6,0.994136,2.95,0.67,10.852761133
6.2,0.174,0.27,11.76,0.036,36.6,99.4,0.99446,3.15,0.42,10.438492643
5.46,0.387,0.29,4.24,0.032,28.6,74.9,0.993022,3.3,0.52,11.8088271
8.25,1.005,0.04,1.27,0.072,3.0,39.9,0.99783,3.27,0.57,9.296351605
8.8,0.637,0.58,1.63,0.08,22.7,73.2,0.996632,3.25,0.42,10.48838348
7.69,0.17,0.38,1.7,0.05,32.7,133.5,0.993119,3.2,0.58,10.713918952
6.79,0.233,0.26,1.61,0.053,15.8,144.1,0.997108,3.06,0.44,8.961317417
9.29,0.191,0.48,3.96,0.053,19.7,101.9,0.996361,3.09,0.72,10.505831743
9.53,0.951,0.47,2.47,0.085,7.6,48.1,0.998881,3.52,0.89,9.898529399
7.3,0.318,0.25,1.32,0.108,14.7,98.8,0.996781,3.24,0.88,10.422005871
7.68,0.334,0.15,1.47,0.072,4.1,67.9,0.998935,3.24,0.56,10.5086987
5.49,0.166,0.38,6.84,0.049,21.5,102.4,0.990516,3.37,0.67,12.585339517
5.35,0.181,0.28,1.5,0.034,39.3,137.3,0.993178,3.23,0.5,10.855391188
6.09,0.37,0.28,2.48,0.035,33.3,112.9,0.991114,3.53,0.46,10.950104951
6.45,0.203,0.27,1.41,0.038,45.0,188.4,0.992457,3.18,0.5,10.184214806
6.54,0.211,0.27,2.48,0.027,29.9,75.7,0.9895,3.19,0.37,12.109367809
5.84,0.327,0.01,10.78,0.054,33.8,185.4,0.999492,3.13,0.52,9.190654648
8.69,0.173,0.36,2.48,0.047,26.1,158.7,0.991767,3.08,0.53,11.892511323
6.57,0.287,0.25,3.04,0.021,23.7,104.5,0.990591,3.53,0.66,11.96978118
6.21,0.291,0.22,2.25,0.041,38.2,64.0,1.000307,3.31,0.62,10.383788398
6.2,0.159,0.47,9.03,0.046,26.3,137.3,0.990777,3.56,0.54,11.365807972
6.55,0.304,0.49,1.26,0.037,49.3,147.1,0.99317,3.02,0.36,9.468612687
6.14,0.474,0.18,3.37,0.029,13.2,124.3,0.991586,3.58,0.42,12.963348471
8.27,0.857,0.14,1.69,0.082,3.0,6.0,0.997039,3.38,0.57,10.04059748
6.02,0.382,0.57,13.0,0.069,52.6,204.6,0.998591,2.93,0.39,8.899861193
8.62,0.643,0.23,1.37,0.099,10.5,60.9,0.997945,3.28,0.63,10.035561861
8.99,0.757,0.2,2.08,0.088,5.4,68.2,0.995545,3.58,0.4,11.227597499
5.95,0.296,0.43,2.48,0.029,22.1,60.7,0.990335,2.95,0.84,12.592720477
6.78,0.245,0.3,14.62,0.056,50.0,199.0,0.993901,2.87,0.49,8.608412679
8.14,0.735,0.11,1.75,0.167,19.1,162.9,0.995326,3.45,0.54,10.634587881
7.02,0.177,0.27,1.56,0.045,59.4,129.2,0.993787,2.97,0.77,11.179382279
7.7,0.214,0.29,1.82,0.038,14.0,10.9,0.994021,2.96,0.66,12.714164526
6.99,0.805,0.01,1.99,0.09,8.6,18.2,0.993558,2.97,0.5,9.240938231
6.03,0.174,0.28,2.58,0.049,26.9,132.4,0.992342,3.12,0.55,8.932050673
6.04,0.231,0.26,2.43,0.028,29.4,147.1,0.991144,3.5,0.55,11.905234572
6.16,0.487,0.64,6.95,0.048,28.2,102.5,0.99252,3.25,0.45,9.35610119
6.41,0.182,0.25,1.41,0.046,13.2,112.5,0.993234,3.25,0.45,10.366136885
7.54,0.436,0.3,5.61,0.041,19.0,152.5,0.993421,3.23,0.54,12.034069268
9.61,1.281,0.05,1.25,0.088,1.6,13.3,0.995877,3.44,1.15,11.073525518
7.46,0.674,0.45,1.06,0.049,44.2,109.0,0.995853,3.0,0.42,9.108588679
7.12,0.293,0.42,1.36,0.035,11.1,92.2,0.992944,3.5,0.8,11.191793481
6.14,0.193,0.3,1.3,0.04,51.3,63.0,0.995938,3.04,0.66,9.471741386
8.36,0.208,0.27,11.23,0.042,57.4,183.4,0.996036,2.93,0.56,8.766054458
6.14,0.404,0.33,1.27,0.031,29.4,40.6,0.995179,3.45,0.58,12.37289255
6.51,0.197,0.38,2.82,0.048,29.0,112.2,0.992382,3.3,0.56,10.952485846
6.19,0.402,0.3,1.51,0.094,20.0,142.2,0.99039,2.99,0.52,9.657633763
7.56,0.322,0.1,8.3,0.04,25.4,203.6,0.995111,3.31,0.44,11.29199293
10.82,0.698,0.08,2.87,0.092,6.9,27.4,0.99274,3.4,0.52,10.300852446
7.69,0.192,0.26,11.34,0.047,55.2,166.6,0.993872,3.11,0.54,9.213845358
9.68,1.052,0.57,2.65,0.077,6.7,38.5,0.996939,3.3,0.48,8.97916348
8.14,0.412,0.66,3.92,0.04,15.6,87.4,0.997799,3.53,0.38,10.268603521
6.17,0.238,0.4,12.81,0.046,48.7,221.4,0.995996,3.24,0.67,9.024550763
8.96,0.291,0.26,8.32,0.066,33.8,183.0,1.001622,3.46,0.4,9.382200157
7.23,0.397,0.3,1.44,0.188,3.9,141.2,0.997569,3.37,0.7,9.55224842
7.69,0.583,0.09,0.83,0.097,4.6,23.1,0.997602,3.51,0.49,10.950303438
7.06,0.229,0.31,2.32,0.025,28.3,127.2,0.990668,3.62,0.55,12.343769654
5.89,0.393,0.47,2.88,0.025,32.7,46.9,0.989951,3.57,0.52,11.775030872
7.39,0.229,0.13,1.81,0.042,29.0,192.5,0.996774,3.4,0.66,10.502697669
6.53,0.213,0.22,1.24,0.026,27.9,128.8,0.991812,3.38,0.44,11.738416266
6.62,0.191,0.19,2.12,0.026,36.6,107.7,0.989565,3.51,0.49,10.645745015
6.36,0.206,0.42,2.94,0.033,19.5,148.9,0.994535,3.28,0.55,10.64070987
7.2,0.217,0.45,3.67,0.047,33.6,118.2,0.989813,3.13,0.82,13.125826926
9.96,0.386,0.63,1.87,0.056,27.9,171.7,0.9921,3.23,0.5,10.257297351
7.13,0.304,0.19,15.92,0.062,54.9,187.0,0.99756,2.99,0.41,9.188022212
7.16,0.31,0.24,17.33,0.095,18.3,190.1,0.997642,3.3,0.53,10.260131485
6.06,0.273,0.31,14.6,0.048,15.1,96.7,0.992237,3.05,0.66,11.615794965
7.19,0.559,0.22,15.78,0.055,29.2,9.7,0.995609,3.51,0.89,9.307626155
7.76,0.496,0.34,1.75,0.036,8.3,6.0,0.992406,3.58,0.77,10.365721977
7.67,0.166,0.3,14.24,0.049,13.6,189.6,0.9988,2.99,0.58,8.597554695
6.16,0.307,0.17,2.05,0.037,31.7,75.8,0.991165,3.18,0.48,12.029715077
7.03,0.193,0.24,15.77,0.046,36.1,196.6,0.995333,2.93,0.47,8.676618824
6.07,0.669,0.33,0.97,0.107,41.3,26.1,0.998645,3.07,0.46,9.81102106
6.17,0.201,0.4,1.7,0.038,42.6,106.7,0.990412,3.36,0.44,12.573742322
7.53,0.297,0.24,16.42,0.053,19.3,134.6,0.996401,3.08,0.54,9.30082549
6.98,0.226,0.15,6.85,0.053,46.8,74.0,0.997782,3.3,0.57,9.143297964
8.43,0.739,0.13,2.01,0.081,13.0,43.4,0.995993,3.43,0.67,11.52298896
8.99,0.166,0.39,17.27,0.043,18.0,115.5,0.994291,3.01,0.41,10.239663366
8.3,0.558,0.17,1.95,0.075,6.0,8.7,0.995126,3.37,0.41,10.362272257
6.06,0.294,0.28,4.64,0.046,13.6,81.3,0.99339,3.21,0.51,10.448861148
6.27,0.435,0.27,2.7,0.031,20.9,88.8,0.989944,3.66,0.57,10.016681741
7.38,0.429,0.17,1.05,0.031,18.9,151.6,0.992791,3.24,0.45,12.104859396
5.48,0.255,0.28,1.53,0.035,14.6,174.9,0.994092,3.25,0.69,12.221348653
5.85,0.288,0.27,10.16,0.049,55.2,197.7,0.993569,3.08,0.58,8.969030224
8.12,0.687,0.13,2.09,0.101,7.9,30.9,0.999069,3.36,0.75,10.082665405
6.39,0.301,0.32,7.24,0.04,32.2,86.2,0.991721,3.26,0.31,11.945855172
7.65,0.292,0.32,9.26,0.065,47.3,213.8,0.997045,3.1,0.51,8.791963847
5.89,0.625,0.44,1.5,0.025,11.0,109.2,0.997017,3.08,0.54,10.46547469
6.07,0.226,0.3,2.64,0.029,36.2,105.8,0.990851,3.45,0.59,11.137321114
6.43,0.842,0.13,1.39,0.083,5.8,20.2,0.99566,3.28,0.44,9.99472071
9.0,0.686,0.08,1.21,0.045,4.6,10.0,0.997638,3.29,0.46,10.076310957
7.31,0.183,0.28,11.0,0.057,62.6,183.8,0.996456,3.0,0.89,9.184695385
5.85,0.187,0.24,4.95,0.042,45.2,112.8,0.992582,3.26,0.51,11.233420937
7.45,0.274,0.28,16.05,0.056,29.0,201.8,0.997638,3.14,0.56,8.976296043
5.15,0.299,0.26,4.41,0.016,17.6,122.7,0.98928,3.18,0.45,12.592123046
7.05,0.283,0.35,2.02,0.023,6.9,138.1,0.991702,3.71,0.49,11.886683067
7.4,0.289,0.21,1.4,0.188,7.9,16.0,0.997185,2.99,0.56,10.094898333
5.35,0.204,0.24,2.34,0.04,15.1,187.0,0.991431,3.44,0.5,12.07405127
6.53,0.283,0.65,1.55,0.047,37.0,12.4,0.997118,3.27,0.51,12.344734251
8.6,0.931,0.07,2.68,0.109,4.8,14.2,0.996527,3.41,1.31,11.157033033
6.53,0.168,0.19,1.53,0.021,33.2,140.9,0.992199,3.28,0.5,11.440576651
5.81,0.192,0.49,3.63,0.041,29.2,114.0,0.990849,3.56,0.58,10.561076015
7.19,0.295,0.24,8.53,0.063,19.2,213.1,0.995654,3.03,0.57,8.86336431
6.59,0.317,0.28,4.7,0.027,29.3,116.5,0.989936,3.19,0.35,11.955615951
7.0,0.28,0.33,2.11,0.035,26.9,189.5,0.992018,3.28,0.49,11.327024873
6.94,0.236,0.25,12.37,0.054,59.2,220.8,0.992829,3.08,0.47,9.106388734
10.42,0.315,0.28,15.52,0.053,17.7,106.6,0.992972,3.23,0.53,10.17313289
6.12,0.275,0.27,12.63,0.043,34.5,195.5,0.997969,3.16,0.49,8.635504905
5.86,0.246,0.3,1.84,0.04,32.1,93.4,0.993542,3.23,0.75,10.427218351
7.22,0.299,0.26,2.92,0.024,36.0,107.9,0.994393,2.9,0.55,9.186072514
6.27,0.245,0.33,12.45,0.048,30.4,190.4,0.997597,3.0,0.56,9.488705726
7.72,0.706,0.18,1.62,0.11,18.9,47.3,0.992517,3.3,0.31,10.519645946
6.78,0.206,0.6,11.94,0.053,57.4,154.5,0.998263,3.16,0.48,9.183560706
6.62,0.196,0.27,12.94,0.317,48.7,188.6,0.99783,2.98,0.47,8.783230122
5.97,0.234,0.27,5.02,0.017,32.2,79.2,0.989556,3.42,0.43,12.072992143
5.95,0.22,0.35,8.52,0.035,19.5,146.0,0.990311,3.27,0.39,10.02534064
5.81,0.197,0.28,3.64,0.052,34.9,102.5,0.991216,2.89,0.53,11.919232107
8.25,0.63,0.06,3.75,0.086,16.5,36.0,0.998821,3.34,0.65,10.383214143
6.91,0.155,0.13,1.01,0.043,57.4,164.2,0.992249,2.85,0.42,10.356646968
9.22,0.834,0.07,1.31,0.092,2.1,53.2,0.998671,3.53,0.68,10.820698235
6.06,0.277,0.3,12.16,0.045,13.1,129.3,0.992597,3.06,0.39,9.917443094
6.75,0.236,0.28,10.51,0.047,15.0,182.0,0.997884,2.98,0.48,9.242703226
9.47,0.448,0.11,1.15,0.102,7.8,22.8,0.99953,3.29,0.47,9.331642461
6.86,0.197,0.29,1.15,0.062,36.7,201.1,0.998283,3.0,0.69,9.1834708
6.82,0.267,0.24,1.7,0.041,28.1,184.7,0.99364,3.39,0.56,12.635586261
7.28,0.239,0.48,1.3,0.045,19.1,64.2,0.9937,3.3,0.45,9.280245588
6.83,0.352,0.3,9.74,0.045,49.8,159.1,0.996424,3.6,0.37,9.232599321
6.48,0.203,0.24,9.55,0.053,48.0,85.3,0.999456,3.11,0.53,9.863428506
11.39,1.041,0.06,1.6,0.087,2.4,19.9,0.99721,3.66,1.31,11.107729948
6.97,0.372,0.48,4.57,0.032,33.6,97.7,0.989165,3.31,0.44,11.863718974
6.13,0.325,0.33,1.08,0.022,32.1,102.3,0.989294,3.37,0.5,11.304095423
5.54,0.185,0.3,1.26,0.097,13.7,150.8,0.990517,3.37,0.49,12.336580979
6.09,0.24,0.25,10.43,0.055,57.0,186.5,1.001071,3.0,0.51,8.907210626
6.87,0.363,0.26,4.44,0.043,34.7,76.3,0.989801,3.34,0.34,11.548213745
7.34,0.878,0.15,4.52,0.082,4.2,8.5,0.998982,3.54,0.58,10.401540992
6.5,0.303,0.2,7.81,0.057,17.7,127.0,0.994099,3.01,0.34,12.11701681
5.52,0.336,0.22,6.31,0.035,23.1,106.9,0.990265,3.56,0.43,11.804733296
5.83,0.316,0.27,1.05,0.042,41.2,83.1,0.994,3.23,0.51,9.361527822
7.42,0.669,0.05,2.6,0.073,6.4,36.7,0.996079,3.42,0.6,10.38242808
7.27,0.773,0.15,1.07,0.075,9.0,12.9,0.999254,3.44,0.49,9.881261259
6.27,0.277,0.57,1.13,0.043,22.7,53.1,0.997711,3.35,0.41,10.282652156
5.94,0.382,0.28,2.01,0.043,52.3,104.3,0.991744,3.39,0.52,11.981104141
6.27,0.247,0.32,1.44,0.043,25.2,99.1,0.995619,3.39,0.49,11.972227909
6.65,0.336,0.26,2.19,0.035,15.2,81.0,0.994442,2.97,0.32,10.886626629
7.71,0.273,0.09,1.84,0.031,4.2,177.9,0.995176,3.11,0.49,10.305679831
6.05,0.179,0.22,12.51,0.055,37.6,180.9,0.995898,3.08,0.48,8.70775901
7.24,0.487,0.27,2.86,0.039,22.1,130.9,0.996871,3.46,0.54,12.236483111
8.93,0.697,0.01,1.08,0.277,16.3,55.9,0.99805,3.32,0.68,10.866347245
6.79,0.17,0.24,12.03,0.065,54.4,245.1,0.998417,2.97,0.55,9.33614437
6.96,0.144,0.29,9.41,0.05,15.6,139.3,0.995458,2.92,0.65,8.971937877
7.2,0.164,0.4,1.75,0.037,31.2,82.0,0.990081,3.35,0.63,12.430444908
6.92,0.268,0.23,11.93,0.057,49.5,151.0,0.996979,3.11,0.58,9.077759251
6.54,0.452,0.36,1.12,0.043,44.7,157.1,0.997868,2.96,0.52,9.245719947
5.4,0.299,0.39,1.52,0.022,17.1,95.7,0.989596,3.26,0.48,11.405655936
6.45,0.183,0.33,2.23,0.035,30.8,86.7,0.992627,3.6,0.4,11.23763902
7.26,0.649,0.14,2.83,0.107,9.7,20.4,0.999358,3.29,0.71,10.136629891
6.34,0.121,0.25,2.67,0.035,22.7,81.9,0.994836,3.44,0.95,9.067691903
6.15,0.395,0.16,6.15,0.034,22.0,74.9,0.990403,3.32,0.37,11.426980891
9.35,0.232,0.55,11.23,0.057,41.5,218.0,0.998867,3.3,0.6,9.493910242
7.26,0.402,0.47,1.88,0.025,27.7,143.5,0.988853,3.52,0.58,11.082705515
7.01,0.189,0.64,14.08,0.048,81.9,163.4,0.99744,2.99,0.36,8.816778389
5.97,0.179,0.23,1.87,0.031,27.4,104.5,0.989263,3.22,0.47,11.936355391
7.04,0.269,0.24,12.63,0.048,34.2,190.7,0.998783,3.48,0.42,9.271323173
8.38,0.845,0.25,2.01,0.074,11.7,49.9,0.994416,3.25,0.91,9.374463414
8.55,0.285,0.11,1.19,0.035,5.9,69.7,0.99303,3.37,0.88,11.535878991
7.2,0.188,0.31,14.08,0.056,37.8,138.9,0.997941,3.0,0.56,8.820783648
5.91,0.247,0.22,10.95,0.044,18.2,186.1,0.995556,3.14,0.46,8.588068025
8.13,0.683,0.13,2.3,0.194,4.5,14.9,0.998608,3.4,0.53,9.369691033
5.9,0.213,0.36,1.33,0.045,40.6,113.2,0.991839,3.21,0.36,9.873467689
6.59,0.219,0.28,10.14,0.059,43.2,178.1,0.998262,3.19,0.4,8.886365989
9.28,0.678,0.08,1.39,0.096,6.4,6.9,0.995675,3.16,0.41,10.732608575
7.93,0.226,0.25,8.94,0.062,53.9,246.9,0.995496,3.1,0.52,8.716289092
6.43,0.22,0.32,8.25,0.054,22.2,177.7,0.992345,3.25,0.53,9.561880344
6.57,0.739,0.05,1.17,0.055,53.4,13.6,0.998504,3.24,0.55,9.664528697
6.83,0.272,0.2,1.37,0.205,8.8,23.2,0.995564,3.42,0.81,9.277249751
6.85,0.97,0.02,2.71,0.075,16.5,25.3,0.995164,3.69,1.14,10.53006348
5.94,0.29,0.29,1.93,0.03,31.7,140.0,0.996307,3.14,0.5,11.583121931
6.62,0.289,0.28,10.54,0.033,24.3,189.4,0.994128,3.42,0.51,10.079702692
7.86,0.287,0.36,3.74,0.05,8.7,185.1,0.992173,3.31,0.59,11.167942268
6.71,0.162,0.33,11.62,0.034,36.7,165.0,0.993746,3.69,0.37,9.41826593
7.86,0.867,0.08,1.97,0.106,6.8,20.8,0.998288,3.91,0.97,10.141531068
6.97,1.025,0.1,1.91,0.096,6.4,24.0,0.997805,3.6,0.62,9.580764243
6.8,0.202,0.24,7.54,0.055,54.9,188.1,0.992477,2.99,0.53,8.640338205
7.93,0.692,0.23,1.54,0.062,12.1,143.6,0.996738,3.18,0.66,9.897049823
6.27,0.214,0.3,11.71,0.037,71.2,110.9,0.992319,3.21,0.5,10.612646878
6.81,0.356,0.35,5.84,0.042,17.1,99.4,0.992678,3.18,0.43,11.911371834
7.11,0.173,0.6,14.42,0.052,44.9,165.0,0.998144,2.98,0.42,9.189282535
6.39,0.383,0.35,5.15,0.023,20.4,122.0,0.994454,3.42,0.45,12.107952103
5.98,0.348,0.41,1.39,0.052,15.9,96.1,0.991564,3.56,0.33,9.336032211
9.48,0.231,0.32,1.85,0.104,46.0,33.6,0.99497,3.33,0.59,10.622550332
6.65,0.22,0.27,11.5,0.052,45.5,219.4,0.996265,3.01,0.55,8.929973617
5.73,0.176,0.3,10.32,0.054,48.1,170.1,0.996512,3.29,0.51,8.962791667
7.91,0.309,0.64,1.53,0.084,35.5,102.2,0.999927,3.05,0.37,8.904354871
6.78,0.214,0.26,1.39,0.053,70.7,208.3,0.996886,3.19,0.58,9.684511544
7.69,0.258,0.41,1.7,0.022,41.4,168.8,0.995483,3.15,0.54,9.468419633
5.54,0.254,0.28,1.52,0.049,24.3,90.1,0.991431,3.19,0.34,11.51446765
6.34,0.294,0.31,4.86,0.037,31.2,165.9,0.992793,3.19,0.76,11.486011655
6.64,0.375,0.42,8.86,0.049,80.9,163.2,0.9944,3.07,0.49,8.995468752
6.33,0.222,0.16,1.7,0.036,37.2,105.3,0.990839,3.54,0.56,9.851323901
6.99,0.289,0.24,9.63,0.062,42.8,194.2,0.998297,3.0,0.4,8.727366664
6.26,0.198,0.41,1.71,0.034,20.1,96.6,0.995688,3.05,0.57,10.415021003
9.82,0.757,0.08,3.23,0.075,4.7,11.8,0.997009,3.36,0.72,9.545769097
6.99,0.308,0.31,1.42,0.032,17.8,112.8,0.992751,3.18,0.42,10.446857976
9.69,0.694,0.05,5.9,0.149,5.6,19.3,0.995923,3.42,0.57,8.959888788
10.8,0.385,0.12,2.2,0.114,12.5,83.5,0.992374,3.44,0.59,10.291991688
7.08,0.27,0.22,12.94,0.058,59.9,215.7,0.995087,3.13,0.48,8.991952794
7.08,0.243,0.24,8.38,0.058,38.6,146.9,0.99758,3.03,0.44,9.617115935
8.02,0.662,0.13,1.41,0.079,10.0,22.8,1.000315,3.27,0.77,9.177847817
6.11,0.204,0.16,5.93,0.044,25.9,101.8,0.997261,3.06,0.7,10.513441161
6.22,0.251,0.29,2.23,0.037,22.4,79.6,0.991565,3.29,0.5,12.695566785
5.78,0.241,0.3,11.36,0.053,11.9,34.4,0.994247,3.0,0.47,9.320295306
7.96,0.306,0.27,11.49,0.057,50.8,156.7,0.992113,3.3,0.61,9.587570552
7.78,0.231,0.31,2.22,0.164,19.2,156.1,0.996331,3.43,0.69,9.585850777
6.32,0.172,0.24,3.32,0.041,50.1,86.7,0.993051,3.38,0.54,12.352154855
8.0,0.712,0.18,1.09,0.05,6.5,14.1,0.995791,3.2,0.46,9.952747326
9.04,0.785,0.34,3.24,0.079,5.2,14.1,0.995746,3.25,1.22,9.132108027
10.08,0.879,0.08,2.49,0.084,4.6,8.6,0.996137,3.55,0.68,10.980232525
6.88,0.729,0.62,0.93,0.057,18.7,34.0,0.995564,3.39,0.44,10.472046021
5.96,0.273,0.29,6.39,0.037,73.3,160.7,0.996611,3.14,0.49,9.341209668
7.24,0.661,0.04,1.91,0.094,6.5,8.1,0.998537,3.34,0.88,10.910172136
5.96,0.569,0.32,2.05,0.052,46.5,126.7,0.999291,3.33,0.56,9.068876166
5.71,0.177,0.29,1.81,0.025,31.0,110.4,0.988971,3.19,0.38,11.857368067
8.29,0.635,0.12,2.64,0.087,21.4,17.5,0.997964,3.48,0.53,8.794919672
10.64,0.622,0.09,2.71,0.08,3.2,11.6,0.996531,3.5,0.61,10.452156386
7.34,0.636,0.02,1.52,0.069,6.7,48.1,0.99911,3.4,0.91,9.574042789
6.05,0.322,0.47,0.83,0.036,35.2,109.2,0.991741,3.22,0.34,9.377538174
6.23,0.662,0.17,1.6,0.112,5.9,54.9,0.998737,3.2,0.59,10.798493268
6.17,0.766,0.33,1.77,0.042,41.7,60.0,0.997892,3.38,0.65,11.325477385
5.9,0.199,0.26,4.64,0.041,28.6,114.5,0.994206,3.21,0.53,10.613688292
6.12,0.591,0.65,1.35,0.042,16.1,96.7,0.996639,3.53,0.63,11.303216154
6.54,0.536,0.1,1.78,0.1,5.2,16.7,0.996317,3.58,0.59,10.350388514
6.9,0.219,0.26,1.84,0.024,14.7,125.1,0.992384,3.59,0.31,11.203727984
8.07,0.25,0.35,6.08,0.043,48.0,178.3,0.993593,3.13,0.54,9.030609217
5.98,0.305,0.17,2.03,0.037,23.9,162.9,0.991588,3.58,0.51,11.999624146
6.26,0.134,0.22,2.67,0.02,13.1,139.7,0.990882,3.28,0.52,11.221829524
6.07,0.354,0.39,2.44,0.043,65.0,99.5,0.992448,3.09,0.58,11.866184682
6.91,0.267,0.25,13.14,0.049,26.3,181.3,0.997591,3.09,0.55,8.51264032
7.9,0.95,0.34,1.4,0.088,6.7,22.1,0.993555,3.44,0.92,9.682642105
5.85,0.149,0.29,1.93,0.026,41.0,73.2,0.990461,3.23,0.51,12.218019904
6.32,0.241,0.25,2.47,0.054,34.3,104.8,0.991863,3.08,0.5,10.58346156
5.04,0.185,0.33,1.32,0.032,27.2,40.2,0.992063,3.25,0.87,9.910374432
6.74,0.229,0.29,14.19,0.058,38.3,212.5,0.996835,3.0,0.57,8.848609911
6.81,0.264,0.46,1.1,0.053,41.1,190.3,0.99427,3.26,0.39,11.251993067
6.94,0.381,0.19,2.12,0.029,17.5,113.7,0.992357,3.31,0.55,11.448144098
8.21,0.595,0.05,1.12,0.117,14.5,25.1,0.997357,3.51,0.46,10.645235637
6.09,0.659,0.11,1.55,0.078,5.9,12.1,0.995491,3.24,0.77,10.993590459
7.39,0.174,0.3,1.89,0.037,31.6,61.6,0.995299,2.95,0.37,9.024192897
6.11,0.152,0.48,9.62,0.045,13.9,184.6,0.995898,3.05,0.36,8.949061263
8.43,0.908,0.58,2.4,0.197,6.2,203.4,0.999459,3.34,0.73,10.612749196
6.03,0.22,0.28,7.09,0.04,24.2,48.4,0.993444,3.12,0.5,9.746136336
6.9,0.282,0.45,1.71,0.057,36.5,122.0,0.994522,3.33,0.6,10.411463053
6.52,0.342,0.3,1.34,0.031,36.8,126.6,0.992739,3.02,0.41,8.790863515
5.91,0.17,0.35,3.93,0.033,36.9,87.9,0.989941,3.34,0.37,12.293051393
5.55,0.391,0.27,2.24,0.029,53.7,87.3,0.989567,3.01,0.33,11.23711371
6.18,0.151,0.22,4.75,0.033,31.2,111.8,0.989799,3.1,0.52,9.850909913
6.39,0.25,0.26,1.54,0.06,10.5,23.5,0.994969,3.32,0.46,12.752519589
5.95,0.302,0.2,1.3,0.031,38.9,82.4,0.989589,3.51,0.44,11.723362104
6.06,0.255,0.3,1.7,0.032,49.3,82.8,0.9966,2.84,0.35,10.099686775
8.37,0.866,0.26,1.99,0.08,13.3,97.5,0.996601,2.97,0.59,10.781840162
6.4,0.278,0.49,2.13,0.034,36.1,33.5,0.991763,3.33,0.68,10.465204901
6.75,0.198,0.18,8.92,0.05,51.7,144.9,0.997688,3.02,0.38,9.34031402
6.16,0.229,0.21,12.53,0.056,12.6,185.4,0.996393,2.93,0.55,9.326393019
7.61,0.242,0.26,12.89,0.048,50.6,205.8,0.996403,3.11,0.45,8.647496796
7.87,0.698,0.15,1.73,0.095,10.9,63.9,0.993681,3.56,0.58,10.810142304
5.98,0.269,0.28,2.39,0.054,33.6,94.5,0.994819,3.0,0.6,12.003667968
6.77,0.176,0.33,10.16,0.048,53.5,84.5,0.993093,3.03,0.67,11.539587739
5.54,0.386,0.32,5.35,0.042,73.9,142.2,0.999368,3.16,0.57,10.247727137
11.73,0.541,0.15,1.43,0.088,4.5,13.3,0.99643,3.4,0.91,9.871966241
6.13,0.272,0.27,13.25,0.056,50.4,177.6,0.996367,3.05,0.48,8.862516515
7.57,0.197,0.37,12.06,0.059,61.6,205.7,0.997233,3.07,0.42,8.998532689
7.64,0.954,0.13,2.18,0.085,5.7,10.3,0.996054,3.48,0.57,10.460173173
5.93,0.275,0.28,4.59,0.021,11.5,126.8,0.990651,3.32,0.47,12.534853328
5.31,0.176,0.37,3.79,0.032,42.4,118.1,0.992044,3.36,0.36,11.868060289
7.42,0.855,0.0,1.39,0.097,5.6,9.4,0.99823,3.55,0.76,9.773825117
8.76,0.213,0.39,3.75,0.037,14.8,145.8,0.994898,2.99,0.59,10.306483753
6.82,0.293,0.27,13.02,0.095,32.0,201.7,0.995712,3.23,0.4,10.301764694
5.82,0.201,0.4,2.32,0.045,33.0,100.5,0.992296,3.27,0.49,9.098679506
6.16,0.375,0.32,1.77,0.046,29.7,115.1,0.998391,3.12,0.31,12.211623449
5.9,0.703,0.12,1.63,0.097,9.2,78.2,0.997435,3.39,0.63,9.963624064
6.11,0.391,0.3,1.63,0.043,28.3,43.9,0.989708,2.93,0.44,10.947626373
6.17,0.224,0.31,9.73,0.047,43.7,132.5,0.99432,3.23,0.74,9.040204555
6.55,0.187,0.3,2.83,0.041,24.8,99.9,0.990187,3.3,0.52,11.416001581
9.12,0.877,0.67,1.48,0.108,17.3,179.6,0.994137,3.44,0.82,9.384949314
10.24,0.909,0.33,1.32,0.09,23.9,18.5,0.998732,3.19,0.77,10.022627195
5.74,0.237,0.3,1.7,0.033,53.6,96.3,0.99035,3.27,0.46,11.299214067
6.49,0.152,0.33,2.28,0.029,13.9,89.9,0.992422,3.37,0.86,11.194450174
5.36,0.261,0.18,3.99,0.022,29.7,105.6,0.991687,3.47,0.51,10.962612469
7.63,0.251,0.64,1.75,0.046,33.3,184.7,0.994163,3.17,0.48,9.17991923
6.69,0.204,0.24,10.02,0.039,54.2,156.2,0.993974,3.07,0.51,12.2803013
6.98,0.257,0.25,12.23,0.045,41.9,95.4,0.991395,3.21,0.48,9.958807706
6.19,0.253,0.25,1.1,0.043,21.6,111.8,0.992077,3.14,0.41,11.13270685
5.86,0.244,0.33,11.95,0.048,35.1,176.3,0.996351,2.99,0.39,10.042135777
7.01,0.241,0.34,11.2,0.041,53.9,192.7,0.997285,2.98,0.45,8.886742304
6.14,0.258,0.23,6.37,0.032,30.4,114.1,0.99903,3.33,0.47,11.471553045
6.01,0.188,0.36,3.31,0.036,17.9,120.4,0.993594,3.27,0.48,10.571549373
7.89,0.328,0.3,11.8,0.061,21.9,216.6,0.997584,3.16,0.64,8.840013532
6.27,0.359,0.32,2.67,0.059,37.1,99.6,0.99137,3.44,0.49,11.165773549
6.02,0.269,0.19,1.58,0.045,35.2,91.6,0.989968,2.99,0.47,12.531130469
8.28,0.216,0.24,7.79,0.075,24.5,232.7,0.996433,3.27,0.67,8.99537341
6.89,0.368,0.33,2.36,0.031,37.8,104.5,0.992407,3.12,0.46,11.520304087
7.1,0.539,0.44,2.21,0.03,23.1,134.7,0.990905,3.31,0.4,12.322629804
6.49,0.36,0.19,2.05,0.041,10.1,105.5,0.990452,3.51,0.47,12.272259079
5.96,0.233,0.32,4.6,0.037,31.4,139.7,0.993085,3.03,0.48,9.185485375
7.51,0.627,0.03,2.12,0.076,25.0,15.8,0.998875,3.1,0.65,9.824839046
5.68,0.418,0.35,1.55,0.041,14.6,111.9,0.99125,3.2,0.49,12.729004763
6.01,0.32,0.29,10.78,0.056,43.3,240.4,0.993547,3.23,0.56,8.996117417
6.19,0.163,0.35,1.59,0.038,30.4,91.9,0.996107,3.2,0.53,10.767484332
7.37,0.275,0.34,14.79,0.045,46.5,154.3,0.996727,3.18,0.61,11.704692484
5.95,0.174,0.27,1.66,0.042,25.2,69.4,0.992385,3.42,0.42,10.51764434
7.77,0.809,0.18,1.54,0.093,14.6,11.4,0.999269,3.32,0.53,10.236739267
6.51,0.263,0.39,1.46,0.045,23.0,16.6,0.990937,3.55,0.51,12.537687592
8.73,0.648,0.03,2.09,0.088,10.0,22.6,1.000447,3.49,0.68,10.766657783
9.75,0.692,0.51,3.47,0.085,9.1,53.4,1.00093,3.49,0.92,8.643728396
7.97,0.216,0.37,2.37,0.047,14.0,176.9,0.995011,3.22,0.5,10.923980307
5.94,0.299,0.48,2.48,0.024,25.6,91.1,0.990053,3.44,0.48,11.164699346
5.84,0.227,0.23,7.74,0.053,23.8,120.6,0.992642,2.92,0.65,9.295921898
6.91,0.362,0.25,1.96,0.017,25.5,102.5,0.991154,3.5,0.41,11.845808521
6.17,0.21,0.19,4.54,0.035,32.7,105.7,0.989022,3.24,0.49,12.381888625
5.74,0.208,0.22,9.63,0.055,56.5,139.6,0.995855,3.01,0.47,8.623460444
6.27,0.394,0.33,1.45,0.044,12.8,32.2,0.992742,3.56,0.71,12.087105688
7.43,0.313,0.36,4.39,0.044,9.8,94.2,0.997468,3.36,0.46,10.071425049
7.57,0.835,0.29,1.82,0.07,23.7,30.0,0.995269,3.21,0.55,9.127168759
5.91,0.289,0.4,2.33,0.031,17.3,92.5,0.991305,3.45,0.58,12.031978505
7.02,0.949,0.14,2.0,0.08,11.2,13.9,0.995939,3.37,0.5,10.071637352
10.41,0.672,0.13,1.31,0.086,4.6,17.9,0.995807,3.47,0.97,10.082404353
7.41,0.448,0.27,3.79,0.036,20.0,123.7,0.992153,3.57,0.54,12.344906607
5.88,0.188,0.25,7.98,0.028,33.1,110.2,0.990026,3.46,0.45,11.999681258
9.41,0.983,0.09,1.19,0.088,19.3,16.3,0.996052,3.28,0.69,10.873449692
8.43,0.749,0.14,1.85,0.081,3.7,21.9,0.996154,3.54,1.54,9.960729328
9.62,0.635,0.48,1.9,0.054,8.1,15.0,0.999332,3.34,0.66,10.422955664
6.94,0.178,0.3,10.59,0.069,32.1,155.1,0.997755,3.04,0.47,8.555558449
9.38,0.43,0.57,11.1,0.065,31.7,213.1,0.995263,3.19,0.53,9.749805943
7.72,0.197,0.28,7.66,0.05,35.2,172.6,0.994728,3.22,0.46,9.929201342
7.41,0.892,0.52,1.57,0.065,5.6,109.8,0.998054,3.48,0.55,10.591560242
4.93,0.182,0.23,10.82,0.051,66.4,164.5,0.989891,3.05,0.45,8.757325981
7.55,0.587,0.34,5.15,0.047,14.4,55.3,0.997549,3.27,0.63,11.179834832
8.41,0.189,0.35,1.79,0.07,18.3,84.9,0.998375,3.37,0.44,9.984214064
7.29,0.601,0.57,1.64,0.056,2.9,199.9,0.99573,3.11,0.86,11.443447092
6.65,0.308,0.37,1.82,0.023,9.2,111.8,0.991545,3.17,0.49,11.982969192
9.35,0.758,0.23,3.14,0.246,12.7,22.5,0.998034,3.39,0.63,10.646195543
7.52,0.348,0.45,12.83,0.052,44.6,182.3,0.999033,2.85,0.44,8.757208408
6.65,0.296,0.68,6.47,0.053,53.1,169.5,0.997205,3.31,0.54,10.142549518
7.77,0.326,0.27,1.38,0.037,13.9,206.8,0.999199,3.15,0.67,12.14016141
7.08,0.35,0.44,1.07,0.259,48.3,175.5,0.993636,3.4,0.5,8.634477291
7.25,0.441,0.32,4.95,0.045,14.9,144.9,0.991348,3.27,0.42,10.341851832
7.4,0.606,0.16,2.94,0.081,8.9,40.7,0.996202,3.38,0.74,10.942179194
7.67,0.702,0.05,0.85,0.073,10.6,12.3,0.998629,3.38,0.49,10.453079209
7.03,0.136,0.28,3.74,0.051,66.0,110.8,0.993047,3.29,0.56,10.990098052
6.19,0.349,0.33,3.05,0.029,62.0,108.6,0.993564,3.44,0.54,10.598355325
6.28,0.412,0.26,11.14,0.043,37.5,158.6,0.998709,3.07,0.45,8.638356986
5.69,0.263,0.21,1.45,0.034,29.7,73.3,0.989457,3.23,0.79,12.250500003
7.54,0.758,0.6,1.95,0.095,8.8,9.0,0.997235,3.31,0.54,10.514013958
5.84,0.238,0.49,1.13,0.023,31.6,93.1,0.990514,3.33,0.38,12.620325448
6.15,0.273,0.2,3.33,0.054,28.8,170.2,0.994369,3.06,0.43,8.880469589
8.9,0.33,0.35,1.26,0.085,15.8,197.0,0.995499,3.25,0.43,9.976594737
6.02,0.198,0.3,6.85,0.034,17.0,121.8,0.996882,3.27,0.52,12.424061036
6.28,0.293,0.19,6.53,0.036,26.1,120.3,0.992889,3.09,0.39,11.540084836
6.48,0.298,0.31,1.71,0.038,59.1,101.8,0.992474,3.34,0.51,11.181373786
7.82,0.704,0.13,1.77,0.082,20.5,151.7,0.992967,3.41,0.57,10.212098559
7.24,0.283,0.24,12.57,0.049,51.3,191.1,0.997228,3.5,0.5,9.451024748
7.38,0.169,0.35,9.97,0.035,15.4,76.9,0.9925,3.06,0.5,10.465986147
6.44,0.191,0.3,7.81,0.044,34.5,173.9,0.992692,3.28,0.69,9.321582723
5.36,0.218,0.14,1.59,0.039,13.9,110.2,0.991347,3.28,0.52,11.3762903
7.63,0.326,0.46,2.63,0.028,24.4,96.9,0.991582,3.37,0.68,12.270164034
7.67,0.19,0.36,1.53,0.041,37.5,190.8,0.993102,3.11,0.47,11.018519519
5.17,0.389,0.25,1.22,0.033,29.0,132.1,0.995347,3.25,0.58,10.662152382
6.55,0.21,0.62,11.92,0.048,32.3,194.6,0.997114,3.15,0.49,9.144566469
6.0,0.289,0.27,1.08,0.034,41.8,115.9,0.990754,3.3,0.48,9.859709406
6.75,0.264,0.23,15.44,0.045,36.8,157.9,0.998255,3.48,0.38,9.198306924
5.64,0.218,0.34,4.38,0.036,14.0,90.0,0.990737,3.36,0.41,12.79914832
7.36,0.332,0.16,1.2,0.059,14.0,63.6,0.996516,3.34,0.39,9.826664547
6.19,0.28,0.26,4.38,0.04,33.8,149.4,0.99457,3.29,0.39,9.30957213
5.99,0.328,0.41,2.6,0.027,35.1,90.8,0.990422,3.64,0.62,11.642819541
5.62,0.257,0.46,1.46,0.034,51.3,84.4,0.990582,3.31,0.31,10.811006467
7.76,0.755,0.25,2.87,0.09,26.5,81.0,0.995776,3.13,0.55,10.117900623
7.49,0.67,0.17,2.13,0.096,15.4,67.0,0.996335,3.22,0.94,10.39627434
5.46,0.196,0.28,11.98,0.057,55.8,168.8,0.999863,3.07,0.53,9.585587412
7.47,0.299,0.66,13.95,0.054,26.9,146.9,0.994113,3.05,0.53,8.869422505
7.99,0.683,0.14,1.29,0.093,7.0,6.0,0.999374,3.4,0.75,10.373813727
9.78,0.686,0.18,1.33,0.254,6.9,25.8,0.995284,3.54,0.72,10.163639696
5.48,0.594,0.12,1.08,0.097,13.9,6.0,0.995935,3.26,0.72,9.461136575
6.56,0.299,0.28,12.16,0.046,43.7,99.8,0.998455,3.08,0.39,9.479298071
7.79,0.203,0.46,15.11,0.052,44.2,197.9,0.998748,3.23,0.42,9.704094915
6.91,0.236,0.29,4.61,0.101,24.8,159.7,0.997326,3.45,0.49,10.415581722
5.83,0.21,0.26,12.28,0.043,41.4,156.8,0.996144,3.33,0.62,10.797889465
5.4,0.267,0.29,8.2,0.033,20.4,97.9,0.990798,3.57,0.57,12.305318091
5.88,0.191,0.5,12.0,0.048,52.3,166.9,0.993681,3.24,0.43,10.80434611
5.78,0.804,0.26,1.3,0.05,54.8,195.6,0.999083,3.41,0.58,8.825138918
7.38,0.544,0.34,2.17,0.08,10.1,67.4,0.996046,3.12,0.7,11.113534801
6.36,0.212,0.21,2.11,0.04,33.5,147.7,0.994601,3.18,0.44,9.338849223
8.34,0.504,0.15,1.63,0.142,4.6,16.5,0.998587,3.23,0.47,9.693581003
6.21,0.154,0.27,9.73,0.056,63.8,194.1,0.999663,3.14,0.56,8.563619818
5.62,0.274,0.23,6.1,0.029,26.8,105.1,0.988852,3.13,0.39,12.173699567
7.16,0.673,0.07,1.44,0.075,6.8,21.8,0.99887,3.44,0.48,10.321297177
5.76,0.437,0.31,1.36,0.026,18.6,113.4,0.989353,3.58,0.52,12.621529373
6.47,0.232,0.26,1.84,0.052,36.4,130.3,0.992657,3.42,0.42,10.999353423
6.77,0.491,0.32,2.28,0.038,44.8,146.4,0.995404,3.12,0.79,12.109878731
8.91,0.223,0.17,6.14,0.038,19.2,132.6,0.992175,3.2,0.63,11.094691743
6.12,0.274,0.31,8.08,0.06,57.9,177.5,0.998601,3.08,0.48,8.596753167
7.59,0.525,0.34,4.84,0.034,32.3,46.5,0.992779,3.2,0.53,10.753244642
7.18,0.271,0.59,1.36,0.079,40.9,85.1,0.991537,3.41,0.31,11.172454132
7.53,0.625,0.11,1.56,0.082,16.1,16.0,0.998891,3.04,0.39,10.134769183
8.66,0.27,0.31,6.11,0.048,32.4,144.9,0.992663,3.37,0.77,10.650864132
8.37,0.281,0.32,2.22,0.044,42.3,140.4,0.999423,3.02,1.01,9.333715218
5.99,0.378,0.27,6.3,0.043,14.6,87.2,0.990877,3.52,0.99,10.315606034
6.1,0.406,0.33,1.89,0.02,25.9,117.4,0.991851,3.38,0.38,11.869364727
5.97,0.413,0.47,3.62,0.037,33.5,108.4,0.989125,3.57,0.64,12.796750372
6.77,0.202,0.26,6.21,0.048,16.9,139.0,0.998366,3.12,0.81,11.442835242
6.25,0.199,0.35,1.48,0.026,30.5,103.6,0.988912,3.34,0.48,10.269472144
8.28,0.258,0.13,8.72,0.033,45.6,41.5,0.993657,3.33,0.79,8.874470052
8.35,0.422,0.07,3.07,0.198,7.1,34.4,1.001158,3.53,0.59,10.006714607
7.07,0.252,0.26,6.51,0.065,44.5,197.8,0.998925,3.15,0.34,8.758087929
6.24,0.412,0.3,2.39,0.041,25.2,167.9,0.992158,3.19,0.52,10.652848528
7.31,0.213,0.46,11.25,0.067,65.7,171.1,0.995205,3.09,0.42,9.534523535
6.02,0.177,0.34,3.16,0.023,29.4,114.5,0.992939,2.97,0.35,12.636929304
8.57,0.172,0.15,2.12,0.081,4.7,29.2,0.998594,3.34,1.18,9.847346058
5.59,0.177,0.26,4.06,0.042,13.1,84.6,0.989677,3.43,0.59,12.731688566
8.89,0.327,0.33,16.17,0.056,43.0,170.1,0.996437,3.13,0.5,10.295363066
6.37,0.222,0.2,8.2,0.023,28.6,119.4,0.990129,3.42,0.46,11.417275602
6.97,0.557,0.0,1.42,0.087,13.1,6.7,0.996835,3.39,0.74,11.290948917
7.36,0.22,0.14,10.07,0.077,28.6,68.0,0.997543,3.01,0.51,10.679845479
5.81,0.371,0.27,4.12,0.039,27.7,121.7,0.992885,3.45,0.37,12.025117965
7.54,0.995,0.19,4.54,0.049,9.0,27.5,0.995274,3.27,0.88,11.508128461
5.86,0.401,0.19,4.74,0.037,44.4,140.2,0.992044,3.4,0.52,12.385865101
5.09,0.257,0.23,4.96,0.037,47.9,99.5,0.992962,3.35,0.6,11.269599384
6.03,0.222,0.33,11.34,0.04,55.6,197.1,0.994907,2.96,0.4,9.17028939
8.33,0.31,0.24,8.54,0.041,7.2,125.0,0.995406,3.31,0.36,9.066230688
6.85,0.165,0.33,1.65,0.024,42.4,131.3,0.991184,3.27,0.46,11.131863848
6.56,0.221,0.48,3.83,0.032,26.4,119.5,0.991028,3.3,0.44,11.123946999
8.68,0.189,0.41,4.93,0.049,8.7,165.6,0.99632,3.35,0.51,11.205424701
6.17,0.258,0.31,10.25,0.033,27.4,55.4,0.990809,3.46,0.81,11.314691485
8.88,0.631,0.08,2.18,0.092,8.8,24.4,0.995068,3.34,0.72,10.584926739
5.4,0.186,0.23,3.17,0.019,56.0,89.1,0.990006,3.27,0.48,11.153750236
6.14,0.18,0.31,2.28,0.041,11.5,114.3,0.992153,2.89,0.56,12.585270846
5.41,0.181,0.28,4.43,0.036,18.6,115.2,0.993912,3.35,0.54,9.406126777
6.18,0.296,0.2,13.59,0.037,14.5,107.9,0.993057,3.04,0.36,11.653976398
7.02,0.265,0.36,2.04,0.038,31.6,114.3,0.990466,3.13,0.77,10.11008587
5.44,0.208,0.27,4.82,0.04,42.3,131.7,0.991023,3.28,0.45,11.969816867
7.4,0.737,0.57,1.76,0.091,9.8,66.8,0.996003,3.41,0.58,9.985320176
6.81,0.223,0.18,9.66,0.048,47.8,183.5,0.996519,3.11,0.52,8.740271532
7.44,0.677,0.07,1.85,0.097,4.6,27.7,0.995239,3.28,0.68,10.524805717
6.65,0.353,0.36,0.91,0.036,40.5,104.3,0.99132,3.28,0.43,9.546048372
6.29,0.54,0.32,1.67,0.045,28.3,21.6,0.992078,3.18,0.67,11.363017089
6.94,0.594,0.11,1.5,0.086,18.2,29.0,0.997543,3.08,0.57,10.058279294
7.41,0.22,0.32,1.59,0.044,43.8,131.8,0.99464,3.13,0.57,11.163843814
7.11,0.379,0.3,1.48,0.04,18.6,80.5,0.993573,3.17,0.38,11.914696825
6.13,0.23,0.28,1.57,0.045,9.2,83.3,0.997483,3.25,0.47,10.066072841
5.51,0.28,0.28,5.11,0.051,12.9,83.0,0.995143,3.25,0.48,11.892777631
6.84,0.275,0.24,6.09,0.043,37.4,179.4,0.998228,3.2,0.47,8.968047772
5.98,0.264,0.28,1.86,0.052,16.3,79.5,0.992573,3.35,0.57,9.674077672
6.9,0.25,0.3,4.05,0.043,55.1,146.9,0.999264,3.17,0.47,9.723919737
8.6,0.313,0.29,1.6,0.064,28.2,71.7,0.994093,3.27,0.46,9.42311481
6.23,0.212,0.33,1.49,0.034,30.6,137.0,0.991705,3.27,0.52,11.953278158
5.9,0.183,0.35,1.74,0.04,38.9,167.8,0.992702,3.05,1.01,8.948992482
8.04,0.198,0.15,12.75,0.051,41.7,245.9,0.993113,3.06,0.54,8.634684179
9.58,0.21,0.27,2.3,0.021,13.3,127.3,0.990941,3.62,0.61,12.738328194
9.23,0.321,0.1,11.06,0.038,37.7,239.2,0.997994,3.11,0.64,8.698474575
6.76,0.272,0.32,0.95,0.037,12.1,108.2,0.994078,3.18,0.71,9.712973364
5.88,0.237,0.24,5.18,0.047,27.8,111.7,0.994371,3.24,0.46,12.164234523
7.25,0.237,0.3,13.83,0.058,48.3,224.1,0.996301,3.0,0.5,8.95670122
6.44,0.159,0.37,2.09,0.048,14.4,91.1,0.992915,3.19,0.55,11.145670629
12.11,0.79,0.08,1.46,0.097,3.3,16.6,0.996793,3.44,0.89,10.231900125
7.02,0.225,0.44,11.53,0.045,44.1,201.3,0.996059,3.16,0.62,9.226178239
8.64,0.329,0.48,8.33,0.043,32.9,146.9,0.997334,3.24,0.53,9.178660779
7.47,0.154,0.2,14.42,0.047,36.8,171.2,0.995321,2.93,0.45,8.704906831
8.63,0.837,0.0,2.12,0.331,5.2,10.3,0.993566,3.22,1.02,10.386834839
7.4,0.709,0.36,1.59,0.096,60.5,24.8,0.996358,3.57,0.67,10.425198673
8.05,0.88,0.08,2.28,0.108,2.3,9.1,0.998714,3.7,0.69,9.520678902
6.49,0.21,0.47,8.49,0.055,27.6,143.5,0.992216,3.35,0.61,8.878900021
5.57,0.244,0.22,1.5,0.042,32.9,80.9,0.993734,3.11,0.4,10.900881116
6.72,0.712,0.06,1.23,0.091,15.9,11.2,0.995949,3.29,0.44,10.010323187
8.76,0.625,0.2,1.43,0.085,7.6,18.2,0.993416,2.97,0.48,9.328749873
6.79,0.257,0.48,1.66,0.05,36.5,132.0,0.998147,3.38,0.53,9.500195799
8.49,0.348,0.34,6.12,0.08,35.9,90.7,0.992588,3.36,0.72,9.610462635
6.39,0.296,0.36,1.95,0.049,21.7,82.6,0.997559,3.19,0.47,10.96865344
6.62,0.216,0.27,6.93,0.073,31.9,109.9,0.991946,3.1,0.6,9.116726258
6.82,0.246,0.26,7.91,0.051,63.8,207.4,0.994401,2.99,0.54,9.227240137
5.77,0.253,0.44,1.82,0.031,25.4,94.9,0.994315,3.62,0.5,11.059237159
6.7,0.306,0.26,1.7,0.035,12.2,35.9,0.991045,3.38,0.63,11.631136243
7.82,1.062,0.14,1.83,0.071,7.6,17.7,0.995707,3.54,0.91,10.221207352
6.54,0.222,0.33,6.15,0.039,39.2,110.9,0.991643,3.19,0.62,11.487910797
8.97,0.991,0.49,1.83,0.099,4.9,17.3,0.999918,3.63,1.09,10.959667526
6.05,0.16,0.26,1.79,0.039,59.0,174.6,0.991913,3.45,0.5,12.195219543
7.74,0.342,0.77,2.35,0.053,35.0,187.5,0.994152,3.19,0.62,10.474936958
8.24,1.197,0.49,2.69,0.086,6.8,37.2,1.000634,3.29,0.57,10.003704116
6.1,0.262,0.29,16.27,0.052,26.0,188.6,0.995761,3.07,0.55,8.831586893
6.44,0.176,0.27,3.95,0.044,48.0,102.6,0.992148,3.13,0.48,11.566152088
7.16,0.333,0.26,1.96,0.026,39.3,114.1,0.989436,3.41,0.58,11.497657477
6.53,0.603,0.66,2.42,0.09,4.3,24.4,0.999013,3.05,0.53,8.839213942
6.39,0.227,0.31,12.11,0.05,40.0,192.7,0.99991,3.01,0.6,8.864206935
9.82,0.417,0.52,1.57,0.142,15.9,53.9,0.995001,3.56,0.67,9.288249253
8.47,0.75,0.13,1.56,0.076,5.6,6.0,0.996363,3.08,0.54,10.718257698
8.38,0.281,0.43,14.34,0.032,66.8,183.1,0.99734,3.14,0.48,9.224640569
6.56,0.247,0.3,4.1,0.026,31.8,209.1,0.991485,3.48,0.48,12.058738638
8.31,0.597,0.01,1.37,0.119,4.5,11.9,0.998874,3.39,0.64,10.689488737
6.04,0.205,0.28,14.4,0.045,8.5,131.6,0.993277,2.88,0.52,9.919891071
5.93,0.193,0.42,13.77,0.051,26.8,124.2,0.993584,3.0,0.42,9.046864955
9.36,0.234,0.19,5.71,0.05,78.3,134.8,0.992768,3.24,0.4,9.632677672
7.37,0.29,0.4,1.75,0.045,27.1,100.2,0.996033,3.26,0.5,10.21511863
6.85,0.262,0.31,1.52,0.049,42.8,183.7,0.993689,3.2,0.76,9.661673438
7.77,0.255,0.64,1.47,0.05,13.7,158.4,0.99695,3.51,0.62,9.800500892
5.9,0.282,0.29,1.15,0.037,6.7,41.3,0.992387,3.06,0.62,11.424196734
8.16,0.197,0.4,11.97,0.044,53.5,158.2,0.99777,3.02,0.69,10.431768356
6.0,0.261,0.27,9.85,0.05,20.5,167.1,0.998924,3.04,0.46,8.927995281
5.88,0.923,0.17,1.71,0.092,3.9,40.1,0.995791,3.02,0.74,10.976024932
5.74,0.271,0.31,9.9,0.034,40.2,96.6,0.990062,3.42,0.52,9.228948315
6.37,0.198,0.21,1.39,0.07,41.3,182.7,0.997062,2.97,0.54,10.1733389
10.03,0.681,0.14,1.68,0.04,11.5,14.5,0.992356,3.24,0.44,11.070250191
8.99,0.805,0.63,3.04,0.338,10.1,35.1,0.997165,3.34,0.49,11.180286177
6.78,0.261,0.27,11.33,0.054,29.5,263.2,0.99841,3.26,0.47,9.276506002
8.55,0.249,0.24,8.37,0.05,49.7,173.6,1.0001,3.33,0.52,10.716656418
8.26,0.778,0.11,1.61,0.079,3.7,12.9,0.999163,3.52,0.63,11.042479663
6.42,0.271,0.18,1.75,0.046,32.9,100.6,0.990818,3.39,0.46,10.0098351
5.04,0.204,0.26,3.47,0.03,37.2,170.0,0.990613,3.18,0.47,12.375683109
5.0,0.241,0.28,3.26,0.037,28.3,218.0,0.992831,3.19,0.5,11.673769564
5.8,0.262,0.31,7.21,0.056,38.2,114.5,0.99231,3.3,0.43,12.826068829
6.91,0.563,0.17,7.74,0.091,20.8,80.6,0.996611,2.88,0.46,9.386573711
7.74,0.333,0.26,2.44,0.026,35.8,96.3,0.992497,3.05,0.36,11.926365926
4.58,0.19,0.29,2.55,0.033,44.0,121.2,0.992038,3.29,0.49,11.183339189
5.99,0.276,0.25,10.68,0.05,56.3,144.1,0.998514,3.22,0.39,8.747367647
5.93,0.277,0.3,1.87,0.044,39.4,129.1,0.991194,3.49,0.33,11.757749583
11.15,0.908,0.51,3.68,0.097,3.8,6.6,0.993732,3.47,1.03,10.003317933
7.7,0.368,0.07,15.26,0.059,42.9,225.6,0.997507,3.15,0.58,9.548844248
6.51,0.275,0.2,12.07,0.048,52.6,195.3,0.998513,3.18,0.43,8.748840942
7.29,0.281,0.31,11.42,0.047,40.3,221.0,0.992589,3.11,0.57,9.265753391
6.89,0.363,0.16,2.3,0.096,21.1,46.3,0.997336,3.61,0.61,10.367220924
6.67,0.3,0.32,11.86,0.048,51.0,171.3,0.997814,3.21,0.42,9.367161543
6.12,0.226,0.3,11.55,0.165,30.6,146.4,0.99525,3.02,0.55,9.224870727
6.41,0.228,0.19,3.51,0.036,17.9,120.3,0.994278,3.47,0.73,9.448102048
9.01,0.687,0.07,2.24,0.086,9.4,25.6,1.000188,3.5,0.95,10.058347472
6.46,0.253,0.26,2.8,0.033,35.8,148.0,0.99357,3.32,0.47,10.418203734
6.07,0.2,0.38,1.57,0.047,42.6,78.7,0.994526,3.23,0.47,11.998860402
6.28,0.246,0.3,5.19,0.031,33.2,90.3,0.994148,3.18,0.51,10.226209363
10.06,0.257,0.27,1.41,0.045,15.1,132.6,0.993033,3.34,0.62,9.42346273
6.17,0.303,0.34,5.41,0.045,19.5,135.7,0.995774,3.1,0.55,9.2256888
6.01,0.314,0.23,10.31,0.052,63.9,191.8,0.995493,2.91,0.49,9.460936537
8.06,0.589,0.08,2.57,0.087,11.8,26.8,0.996016,3.46,0.6,10.814084435
6.41,0.308,0.31,1.13,0.058,25.1,44.1,0.991702,3.26,0.51,10.467223764
6.13,0.304,0.22,1.73,0.034,33.4,88.4,0.992549,3.32,0.39,12.322586804
6.54,0.214,0.35,13.93,0.054,30.9,229.3,0.998492,3.24,0.67,8.698072434
11.36,0.735,0.22,1.73,0.087,5.0,14.7,0.99952,3.38,0.51,11.062206251
8.37,0.212,0.22,1.93,0.09,4.4,19.8,0.998059,3.15,0.5,10.672245839
5.78,0.182,0.33,1.24,0.049,52.0,134.9,0.994028,3.0,0.44,10.293989766
6.42,0.289,0.39,7.85,0.035,15.0,125.2,0.989282,3.25,0.54,12.700150278
6.12,0.248,0.23,1.67,0.045,45.7,148.9,0.997975,3.18,0.53,9.407580912
7.6,0.739,0.61,1.21,0.039,6.4,57.7,0.994508,3.34,0.43,10.017347535
7.23,0.256,0.35,13.11,0.044,59.9,169.2,0.996741,3.11,0.5,8.844584589
6.47,0.233,0.33,6.68,0.044,41.7,34.7,0.992907,3.3,0.58,9.997736672
5.42,0.263,0.27,1.81,0.035,40.5,110.5,0.990799,3.31,0.69,10.4082748
6.53,0.263,0.22,1.68,0.049,50.0,99.4,0.998897,3.07,0.45,10.983807578
8.68,0.873,0.25,1.52,0.233,7.2,19.9,0.995842,3.59,0.9,10.574073271
10.09,0.76,0.07,7.45,0.091,5.0,23.3,0.998795,3.44,1.21,10.782104281
6.43,0.319,0.28,11.44,0.047,25.6,150.9,0.992711,3.43,0.5,9.485467055
5.1,0.338,0.41,3.38,0.024,42.5,113.8,0.991959,3.41,0.58,10.33222618
6.52,0.271,0.27,12.63,0.055,70.4,229.6,0.997337,3.18,0.41,9.221659355
7.02,0.22,0.31,1.89,0.101,26.5,48.3,0.99175,3.27,0.56,10.082198998
6.43,0.363,0.26,5.87,0.034,22.8,123.7,0.99197,3.38,0.53,9.783394483
7.49,0.615,0.14,2.5,0.092,3.9,15.3,0.99672,3.4,0.83,10.395615579
7.97,0.23,0.25,1.58,0.053,70.2,195.8,0.99343,3.12,0.49,8.899175612
8.81,0.392,0.35,13.56,0.172,10.2,104.0,0.992962,3.31,0.48,8.727398586
7.01,0.269,0.26,2.35,0.019,27.1,96.5,0.989345,3.46,0.48,11.75508183
7.98,0.311,0.2,7.21,0.053,44.4,209.5,0.99777,2.99,0.46,9.25050701
6.18,0.887,0.51,1.94,0.099,7.1,22.6,0.994392,3.19,0.66,9.82091898
9.02,0.624,0.15,1.29,0.079,16.0,89.3,0.997647,3.33,0.52,9.898342912
6.7,0.235,0.24,1.73,0.049,10.9,100.4,0.991304,3.32,0.53,11.721520488
7.46,0.169,0.21,11.65,0.049,46.0,209.3,0.998946,2.98,0.43,11.069946812
5.11,0.294,0.31,1.47,0.026,20.0,102.1,0.989548,3.56,0.69,12.149473968
6.52,0.251,0.24,1.1,0.04,21.7,131.7,0.992626,3.1,0.42,9.622957405
6.66,0.195,0.36,1.38,0.047,51.6,105.5,0.996874,3.21,0.37,9.746957502
6.6,0.284,0.34,1.14,0.042,18.1,81.7,0.99063,3.25,0.58,10.169301644
6.34,0.18,0.46,2.43,0.025,8.9,120.9,0.990672,3.52,1.05,11.716453546
6.26,0.337,0.33,1.53,0.041,39.8,85.8,0.991444,3.37,0.34,11.757606581
5.89,0.18,0.35,5.11,0.046,33.5,166.6,0.993314,3.48,0.55,11.787247262
9.12,0.874,0.0,1.83,0.094,2.7,11.2,1.001111,3.27,0.94,10.243229864
6.06,0.26,0.33,1.66,0.018,30.3,73.9,0.990092,3.31,0.75,12.068725351
5.73,0.177,0.21,3.61,0.019,27.3,112.5,0.989129,3.44,0.49,12.048921436
6.21,0.262,0.39,7.41,0.048,50.1,190.6,0.99645,3.05,0.58,10.293439644
7.13,0.369,0.28,8.46,0.045,24.8,102.4,0.992581,3.14,0.69,10.792708773
8.41,0.523,0.2,2.6,0.041,13.5,18.2,0.998195,2.88,0.64,9.847557069
10.59,0.262,0.36,1.47,0.039,15.4,60.0,0.998451,3.19,0.38,11.352069864
6.57,0.31,0.42,2.54,0.037,8.6,120.8,0.992398,3.41,0.55,11.265697094
6.82,0.266,0.43,11.52,0.052,37.6,176.8,0.998815,3.17,0.54,8.79653936
6.58,0.589,0.2,2.96,0.024,23.9,173.4,0.991197,3.4,0.55,11.658010436
5.8,0.359,0.51,1.8,0.04,18.4,103.3,0.99089,3.43,0.47,12.06953807
5.93,0.318,0.27,2.3,0.028,43.7,65.6,0.991824,3.48,0.65,10.576313195
5.38,0.348,0.29,2.32,0.042,23.2,72.9,0.993345,3.31,0.75,11.710261834
8.39,0.745,0.07,8.38,0.084,3.6,9.9,0.99623,2.9,0.61,10.086282475
7.21,0.207,0.31,12.23,0.045,47.3,213.0,0.998729,3.14,0.5,9.018561839
5.83,0.25,0.18,1.2,0.04,12.6,86.6,0.994644,3.16,0.52,11.745583461
5.61,0.26,0.24,2.01,0.05,62.4,211.6,0.999252,2.96,0.51,10.529054104
6.12,0.387,0.18,5.16,0.04,11.4,121.3,0.990622,3.09,0.47,12.11436734
7.83,0.774,0.12,2.1,0.048,6.6,23.3,0.996841,3.13,0.64,10.512798111
9.52,0.697,0.08,3.1,0.128,8.5,31.0,0.99578,3.47,0.65,10.331025902
5.95,0.266,0.32,8.37,0.056,38.5,41.0,0.990929,3.32,0.46,12.151987131
6.22,0.236,0.32,11.23,0.06,44.3,130.4,0.999675,2.85,0.48,9.439174274
5.54,0.241,0.49,4.52,0.025,13.2,119.7,0.991819,3.67,0.42,12.195609007
7.14,0.166,0.19,13.29,0.04,54.0,212.3,0.998225,2.97,0.51,9.424940548
8.56,0.853,0.12,1.54,0.133,7.6,70.4,0.997145,3.21,0.52,10.7194234
6.77,0.161,0.27,1.75,0.04,38.6,163.3,0.995544,3.12,0.35,9.221591097
6.36,0.277,0.29,8.9,0.044,57.7,174.5,0.998586,3.0,0.37,9.502601949
7.07,0.936,0.07,1.34,0.037,20.2,17.8,0.993518,3.62,0.6,9.520152237
5.49,0.181,0.26,9.59,0.024,38.8,98.1,0.988726,3.19,0.55,12.386285193
6.92,0.17,0.26,7.85,0.037,32.0,100.8,0.997652,2.97,0.54,11.077136165
7.76,0.786,0.1,1.59,0.092,5.1,10.6,0.997737,3.23,0.85,9.27958424
6.16,0.448,0.29,1.71,0.04,47.9,130.2,0.994043,3.29,0.46,11.276377697
6.23,0.258,0.39,3.05,0.024,23.8,128.2,0.991318,3.42,0.57,11.809213972
5.8,0.274,0.38,9.07,0.023,15.4,126.3,0.991327,3.52,0.69,12.830966211
6.67,0.19,0.39,2.54,0.04,13.1,91.3,0.990433,3.31,0.55,9.908177557
6.56,0.226,0.28,6.5,0.036,37.5,207.1,0.99158,3.07,0.52,10.555582223
6.54,0.286,0.31,4.35,0.035,42.7,65.5,0.990094,3.5,0.83,10.465934814
5.69,0.185,0.32,5.45,0.032,18.2,113.0,0.991463,3.07,0.42,11.889078474
7.34,0.381,0.41,4.69,0.018,25.8,110.3,0.992269,3.55,0.43,12.232381077
7.44,0.55,0.04,7.42,0.093,17.7,178.3,1.000685,3.26,0.5,10.187720855
5.8,0.286,0.28,7.01,0.036,23.5,99.9,0.99314,3.6,0.51,9.778144939
6.1,0.757,0.38,5.76,0.088,113.2,138.5,0.991919,3.33,0.66,11.574055384
7.49,0.286,0.29,2.17,0.048,21.5,117.3,0.995273,3.34,0.62,9.26686516
8.71,0.637,0.13,1.99,0.275,3.3,19.6,0.995662,3.38,0.63,11.141539185
7.17,0.168,0.21,4.83,0.049,42.6,130.6,0.99319,3.1,0.76,9.244924007
11.09,0.605,0.05,2.26,0.085,9.9,33.8,0.998928,3.58,0.68,9.124607844
8.03,1.022,0.52,1.16,0.098,10.8,29.1,0.996457,3.42,0.67,10.699840676
7.65,0.371,0.44,1.5,0.026,9.6,134.9,0.991182,3.45,0.39,11.88578794
9.02,0.754,0.0,2.09,0.08,5.7,15.5,0.996044,3.51,0.55,10.916689815
7.07,0.991,0.69,1.6,0.055,21.5,15.0,0.995477,3.28,0.51,9.297238119
5.94,0.407,0.2,1.16,0.044,12.5,86.8,0.99108,3.21,0.93,11.952831389
7.19,0.172,0.36,10.8,0.049,64.7,145.1,0.997867,3.32,0.43,9.028592037
6.79,0.49,0.49,12.41,0.049,45.0,191.2,0.995219,3.02,0.54,9.533066457
7.14,0.492,0.34,1.03,0.099,8.7,21.8,0.996143,3.33,0.53,9.515889943
6.57,0.24,0.52,2.98,0.059,24.8,115.4,0.996175,3.18,0.54,9.141213419
8.51,0.282,0.26,17.45,0.083,62.2,59.8,0.997832,3.06,0.7,9.215751649
8.8,0.743,0.07,8.63,0.057,15.7,163.0,0.999781,3.27,0.56,9.133225676
6.7,0.234,0.24,1.8,0.044,45.3,97.1,0.998252,3.03,0.55,11.235729906
5.73,0.239,0.28,5.77,0.042,13.7,156.6,0.997442,3.29,0.47,10.066007845
6.42,0.426,0.51,2.0,0.045,31.4,88.9,0.992245,3.38,0.69,12.515824827
6.93,0.387,0.13,2.01,0.086,14.1,65.9,0.995534,3.43,0.61,8.706818837
5.77,0.201,0.33,1.92,0.036,24.9,98.1,0.990501,3.2,0.41,12.478517524
6.01,0.739,0.27,1.28,0.079,20.4,25.0,0.996243,3.4,0.51,9.24642115
10.45,0.713,0.06,2.42,0.081,5.4,31.5,1.000883,3.54,1.05,11.778949698
6.0,0.295,0.48,1.17,0.026,38.3,37.7,0.98995,3.57,1.04,11.381412854
6.1,0.273,0.45,7.5,0.045,31.1,114.2,0.991639,2.92,0.51,10.682447545
6.65,0.558,0.52,2.09,0.057,21.3,230.9,1.000042,3.9,0.71,10.174179946
5.71,0.22,0.26,1.55,0.024,33.9,83.0,0.99067,3.48,0.6,11.273089393
9.57,1.079,0.08,2.15,0.09,3.9,12.1,0.996611,3.32,1.11,9.303073284
6.32,0.241,0.49,2.83,0.038,4.9,88.2,0.993722,3.13,0.52,11.029466703
7.76,0.226,0.29,10.02,0.052,33.4,192.4,0.997602,3.02,0.65,8.841609841
6.73,0.251,0.26,2.32,0.054,54.8,144.1,0.994562,3.15,0.54,11.092313286
6.41,0.197,0.33,7.14,0.042,26.9,106.9,0.997645,3.09,0.76,9.50265204
9.53,0.829,0.49,3.97,0.095,6.7,36.6,0.996245,3.34,0.89,10.664753921
5.98,0.228,0.28,11.49,0.034,19.9,184.8,0.996704,3.06,0.45,9.427835279
6.74,0.849,0.16,1.57,0.081,11.3,31.6,0.995311,3.15,0.51,11.309539288
7.87,0.343,0.28,13.06,0.05,46.3,165.8,0.997119,3.23,0.49,8.728145721
9.93,0.244,0.29,1.31,0.034,20.8,160.3,0.99222,3.25,0.55,10.48292203
8.36,0.781,0.48,0.89,0.219,17.6,14.9,0.995742,3.16,0.5,10.129141513
7.98,0.214,0.64,7.83,0.053,11.0,89.7,0.998852,3.19,0.51,10.844461498
9.15,0.591,0.5,2.75,0.095,13.7,19.3,0.9963,3.58,0.68,8.778331514
6.04,0.236,0.23,1.63,0.034,30.2,85.7,0.990457,3.33,0.47,12.381751593
6.12,0.21,0.22,14.24,0.052,54.5,209.6,0.998787,2.97,0.48,8.521129857
7.92,0.177,0.3,2.03,0.042,21.6,146.4,0.993599,3.28,0.58,10.149515883
5.99,0.373,0.3,1.06,0.029,52.6,65.6,0.992845,3.47,0.45,12.406723451
5.83,0.189,0.28,1.82,0.04,33.9,74.4,0.993091,3.4,0.62,10.926223852
6.38,0.135,0.3,3.3,0.044,36.4,207.9,0.994499,3.32,0.75,12.609423199
5.45,0.122,0.48,1.37,0.026,30.8,99.6,0.98997,3.49,0.4,11.720079504
6.4,0.402,0.42,3.95,0.027,27.1,130.7,0.989956,3.6,0.48,12.186972788
6.39,0.349,0.24,10.42,0.056,42.2,219.2,0.999504,3.15,0.76,8.623881884
5.79,0.367,0.29,2.78,0.03,47.2,150.5,0.989636,3.24,0.4,11.25344108
6.71,0.321,0.33,3.9,0.047,55.6,105.0,0.995362,3.3,0.6,10.271868864
6.26,0.181,0.35,1.42,0.039,46.6,161.7,0.996495,3.27,0.51,9.122301733
6.87,0.257,0.32,10.59,0.049,31.1,164.4,0.998232,3.05,0.62,9.093473203
7.25,0.213,0.3,8.67,0.041,66.0,197.2,0.996212,3.18,0.4,8.824859661
7.72,0.954,0.14,1.89,0.039,7.6,6.0,0.997799,3.54,1.05,10.625978819
8.46,0.818,0.65,1.28,0.086,10.8,59.6,0.996008,3.09,0.72,10.24992052
8.13,0.934,0.0,1.54,0.091,5.1,26.3,0.995809,3.19,0.63,9.328039595
5.15,0.219,0.3,1.61,0.026,10.8,55.0,0.991581,3.16,0.71,12.389143391
7.08,0.734,0.53,2.21,0.07,8.8,31.8,0.995883,3.32,0.72,10.008177345
6.41,0.195,0.28,14.07,0.051,49.7,148.3,0.996078,3.18,0.51,9.876782456
6.13,0.27,0.29,1.89,0.037,32.4,103.4,0.993693,3.12,0.49,11.416781824
9.02,0.759,0.11,1.57,0.078,4.6,8.8,1.000121,3.5,0.53,9.52035786
5.68,0.35,0.28,2.38,0.043,24.6,127.0,0.990837,3.15,0.82,10.690578617
6.31,0.182,0.29,1.49,0.028,13.9,119.6,0.993807,3.09,0.46,11.947745828
5.91,0.723,0.37,1.55,0.037,24.3,74.3,0.990667,3.31,0.51,12.444709357
6.04,0.258,0.29,6.1,0.034,38.5,163.7,0.994135,3.18,0.43,9.418556772
6.0,0.33,0.57,9.25,0.052,48.6,227.2,0.997775,3.21,0.42,8.790937208
6.38,0.248,0.21,6.39,0.047,24.3,106.2,0.990871,3.22,0.45,9.477946336
7.28,0.309,0.26,11.3,0.048,36.5,168.6,0.999007,3.09,0.54,9.095297504
6.5,0.35,0.37,5.8,0.046,37.2,97.7,0.991985,3.14,0.45,12.085082193
7.26,0.152,0.24,15.71,0.048,38.1,207.9,1.00013,2.89,0.52,8.808468617
7.75,0.302,0.26,8.87,0.051,56.9,212.3,0.9989,3.14,0.51,8.78533581
6.88,0.297,0.22,2.38,0.04,55.0,148.3,0.99328,3.06,0.38,11.286722803
6.12,0.342,0.4,0.91,0.035,24.1,107.8,0.989014,3.52,0.9,11.724188353
5.62,0.219,0.21,7.32,0.046,46.5,196.6,0.997045,3.1,0.36,8.76275673
7.09,0.185,0.18,13.73,0.041,47.6,130.2,0.992606,3.03,0.4,8.902779597
6.27,0.207,0.37,6.25,0.046,43.2,158.9,0.992696,3.14,0.45,9.416492171
6.77,0.264,0.28,1.3,0.047,32.5,191.3,0.996003,3.17,0.54,8.840282038
7.69,0.917,0.19,1.23,0.085,9.2,17.0,0.992135,3.45,0.5,10.390007404
7.88,0.322,0.53,10.24,0.05,16.5,137.2,0.997593,3.61,0.53,11.17297657
7.85,0.56,0.2,2.39,0.097,3.2,25.2,0.998296,3.09,0.61,10.365130203
5.73,0.204,0.48,1.29,0.022,37.6,96.2,0.989243,3.35,0.36,11.980785778
7.68,0.543,0.16,2.06,0.148,7.3,17.7,0.998181,3.24,0.47,9.388550909
7.32,0.739,0.37,1.52,0.075,10.1,33.0,0.997942,3.35,0.74,10.616589562
6.51,0.213,0.31,5.39,0.051,32.1,99.9,0.995341,3.11,0.58,10.345643725
8.6,0.866,0.12,1.67,0.083,6.4,23.1,0.996747,3.48,0.64,10.744901958
7.4,0.483,0.69,1.71,0.1,2.5,14.1,0.998434,3.4,0.71,10.607139846
6.03,0.274,0.37,1.69,0.033,40.7,114.8,0.99099,3.08,0.52,11.739457591
8.91,0.502,0.13,2.03,0.079,8.6,81.8,0.994045,3.43,0.86,11.334733505
7.73,0.342,0.26,12.41,0.045,32.4,174.9,0.992138,3.14,0.36,9.734199626
6.18,0.402,0.27,6.33,0.029,34.9,95.3,0.989424,3.07,0.69,12.431369248
8.26,0.813,0.11,1.72,0.076,4.6,22.1,0.996335,3.31,0.31,10.405085131
6.92,0.268,0.28,15.19,0.063,49.7,240.9,0.999204,3.07,0.42,9.240088606
9.91,0.445,0.28,1.61,0.049,16.6,106.4,0.994357,3.31,0.53,10.284744156
8.87,0.677,0.57,3.36,0.085,20.9,112.9,0.994236,2.99,0.5,10.378451275
6.12,0.212,0.36,2.59,0.023,7.9,126.0,0.99028,3.22,0.58,12.795245955
6.2,0.256,0.33,1.16,0.037,34.2,144.5,0.994338,3.0,0.54,10.735778886
7.71,0.59,0.18,2.18,0.067,8.3,26.6,0.998618,3.32,0.54,11.590706431
6.85,0.28,0.52,14.59,0.049,45.7,175.7,0.99252,3.23,0.43,9.213706992
9.69,0.17,0.28,1.4,0.052,31.5,198.1,0.999218,3.1,0.44,9.492206269
8.52,0.792,0.13,1.19,0.091,3.8,40.1,0.998769,3.39,0.6,10.311669444
6.43,0.24,0.26,4.3,0.046,28.2,101.9,0.997108,3.44,0.37,11.893968688
6.82,0.878,0.0,1.8,0.078,18.4,7.1,0.997454,3.21,0.55,10.056403813
6.31,0.199,0.26,8.54,0.04,50.1,137.4,0.997798,2.97,0.4,10.426542635
6.83,0.212,0.31,3.85,0.053,17.3,96.3,0.994097,2.91,0.61,9.255761317
6.62,0.302,0.33,2.01,0.046,15.8,84.3,0.991412,3.33,0.84,10.964689297
6.17,0.244,0.2,1.16,0.096,39.9,193.3,0.996148,3.19,0.47,10.66900674
7.88,0.639,0.1,2.46,0.103,5.0,108.0,0.999232,3.54,0.69,10.11105458
6.04,0.381,0.29,2.6,0.03,14.5,158.6,0.99012,3.58,0.53,12.140277928
8.48,0.251,0.22,6.71,0.054,26.5,166.4,0.998136,2.95,0.49,8.810615622
7.64,0.461,0.21,2.13,0.039,18.0,169.8,0.995959,3.23,0.52,8.977263554
4.71,0.355,0.29,1.01,0.026,28.3,84.2,0.991243,3.16,0.47,11.194416446
7.9,0.198,0.48,2.33,0.026,14.9,81.9,0.993094,3.26,0.94,11.818652507
6.24,0.172,0.27,8.14,0.065,43.5,188.8,0.998773,2.98,0.5,9.017577475
6.27,0.158,0.22,1.39,0.047,48.3,125.5,0.995939,3.2,0.49,10.975097777
6.2,0.198,0.24,2.7,0.042,30.3,85.7,0.990621,3.2,0.43,9.928531712
5.61,0.192,0.26,9.76,0.06,57.5,201.6,0.996105,3.08,0.61,9.190163569
6.38,0.761,0.37,0.89,0.057,15.2,92.4,0.994065,3.36,0.57,10.261797927
7.45,0.907,0.65,2.16,0.096,8.3,12.2,1.000077,3.6,1.17,10.413665756
7.33,0.26,0.3,15.27,0.04,31.4,117.0,0.999602,3.38,0.48,8.820239306
8.97,0.657,0.19,1.01,0.105,3.4,20.0,0.996561,3.18,0.47,10.946360866
8.23,0.282,0.3,2.79,0.036,37.5,185.6,0.991216,3.46,0.69,10.402699774
6.43,0.399,0.25,9.68,0.059,66.5,161.5,0.999527,3.14,0.55,9.516455614
7.67,0.964,0.11,1.4,0.089,6.9,79.9,0.998412,3.49,0.87,10.779053073
5.97,0.32,0.29,5.42,0.041,44.6,71.8,0.993086,3.42,0.45,9.734620704
5.47,0.603,0.11,1.57,0.082,4.4,24.9,0.999867,3.47,0.53,10.388010209
6.32,0.325,0.3,4.72,0.043,30.3,90.9,0.989473,3.46,0.53,11.263451312
8.58,0.228,0.34,14.22,0.052,32.1,133.3,0.997414,3.27,0.6,9.751290188
6.11,0.277,0.29,7.44,0.036,39.0,96.4,0.990877,3.35,0.49,12.201063927
7.06,0.257,0.27,1.77,0.034,8.1,56.6,0.997172,3.1,0.41,10.349521884
6.16,0.359,0.27,5.15,0.05,28.8,97.2,0.995858,3.43,0.65,12.728698989
9.54,0.629,0.11,2.59,0.082,6.3,7.3,0.995967,3.32,0.87,11.086398193
8.07,0.344,0.17,1.84,0.151,4.4,25.0,0.996697,3.2,0.51,12.152433796
6.7,0.401,0.28,6.72,0.08,16.1,144.9,0.995927,3.4,0.57,10.767454811
6.19,0.266,0.25,7.31,0.029,37.3,100.1,0.991819,3.25,0.48,10.40782184
7.63,0.864,0.02,2.16,0.104,8.4,82.5,0.997436,3.08,0.89,9.631911916
6.27,0.26,0.28,5.02,0.05,47.0,106.2,0.989977,3.1,0.31,12.568466409
8.25,0.285,0.28,12.21,0.053,48.0,205.6,0.998093,3.03,0.47,8.81852314
7.93,0.285,0.55,1.93,0.083,11.6,81.9,0.997035,3.44,0.45,10.243560179
6.59,0.128,0.44,1.68,0.043,34.1,144.5,0.998158,3.25,0.54,10.368267004
7.25,0.398,0.23,13.95,0.095,16.4,69.3,0.998227,3.33,0.57,10.95339859
9.49,0.277,0.28,11.33,0.059,43.6,204.0,0.995559,3.09,1.02,9.425868736
8.8,0.54,0.46,1.4,0.25,5.8,56.3,0.995534,3.38,0.46,9.467579401
5.72,0.283,0.28,6.39,0.032,25.2,136.6,0.990564,3.43,0.57,10.601741454
5.67,0.303,0.31,0.95,0.034,33.6,87.3,0.990412,3.31,0.64,10.757974506
11.26,0.413,0.19,13.09,0.036,21.6,170.7,0.990881,3.51,0.7,8.791206674
7.84,0.638,0.64,1.92,0.09,18.0,15.2,1.001068,3.18,0.77,10.524852693
6.58,0.37,0.27,1.17,0.035,13.9,81.2,0.992908,3.34,0.52,12.309302513
6.89,0.289,0.33,1.36,0.053,30.6,96.8,0.993565,3.41,0.58,9.130281598
7.48,0.207,0.38,7.44,0.034,24.7,97.2,0.995517,3.06,0.39,10.2307325
6.37,0.228,0.22,12.02,0.054,30.9,192.2,0.993561,2.92,0.41,8.594205427
7.0,0.328,0.33,2.24,0.053,56.6,136.7,0.990777,3.38,0.89,10.370242094
5.66,0.237,0.23,2.22,0.026,43.2,93.8,0.991223,3.4,0.38,11.603957504
6.79,0.44,0.4,11.25,0.042,44.0,84.7,0.991454,3.03,0.57,12.856410903
7.4,0.335,0.23,12.03,0.05,62.3,197.3,0.992627,3.05,0.59,9.043699916
6.79,0.272,0.15,6.54,0.042,16.9,190.8,0.997779,3.2,0.58,9.317500873
8.03,0.737,0.48,2.35,0.089,9.5,25.0,0.999235,3.55,1.11,9.774200549
7.04,0.228,0.26,15.46,0.05,52.6,215.3,0.99487,2.97,0.61,9.089754306
5.6,0.2,0.29,15.29,0.046,48.8,197.4,0.995929,3.16,0.54,8.825151851
6.1,0.58,0.13,2.19,0.092,6.0,10.9,0.996658,3.63,0.54,9.956608341
6.4,0.265,0.24,12.87,0.042,37.1,161.8,0.997057,3.05,0.46,8.91745204
6.23,0.246,0.29,2.01,0.054,51.0,118.2,0.991401,2.94,0.44,8.824198708
8.17,0.79,0.07,1.06,0.104,4.2,54.4,0.998066,3.49,0.83,10.762929858
8.88,0.493,0.49,11.67,0.045,33.4,138.6,0.996519,3.06,0.48,9.687145476
6.59,0.386,0.25,2.37,0.047,31.7,106.3,0.993445,3.19,0.46,11.759007891
7.35,0.339,0.1,0.85,0.048,3.2,6.0,0.997604,3.46,1.01,10.469652566
6.2,0.149,0.29,5.34,0.034,41.5,112.9,0.993761,3.23,0.63,11.538357776
7.14,0.837,0.26,2.54,0.098,2.6,25.2,0.998543,3.14,1.37,9.47010834
8.3,0.331,0.17,14.38,0.048,27.5,181.9,0.994165,3.18,0.62,8.626101564
6.5,0.252,0.28,9.18,0.046,13.6,81.0,0.994044,3.32,0.55,9.751219639
8.26,0.272,0.36,1.73,0.045,21.2,139.0,0.992461,2.98,0.46,8.866312698
5.64,0.215,0.26,12.58,0.053,56.4,191.6,0.995808,2.91,0.52,8.913878803
6.25,0.199,0.24,13.53,0.033,24.8,117.7,0.990752,3.45,0.42,12.043858599
7.97,0.313,0.29,2.42,0.046,56.8,188.6,0.992713,3.12,0.58,12.708433389
5.6,0.383,0.12,3.02,0.041,19.9,97.0,0.992111,3.29,0.56,9.219451022
6.88,0.309,0.28,6.55,0.074,19.7,210.5,0.994934,3.19,0.41,9.266260507
8.73,0.308,0.23,11.48,0.042,36.9,105.6,0.996405,3.3,0.46,9.994313243
7.08,0.236,0.19,9.45,0.083,9.3,8.9,0.995089,3.18,0.73,10.003831483
7.12,0.404,0.22,2.47,0.034,7.0,103.1,0.991296,3.19,0.56,10.962973352
7.85,0.901,0.7,1.43,0.079,7.1,49.8,0.998801,3.31,0.51,10.332043882
7.82,0.64,0.14,1.19,0.079,11.0,6.4,0.997009,3.22,0.7,10.678511965
5.76,0.423,0.29,2.64,0.033,34.7,72.2,0.989189,3.49,0.33,11.407287994
6.83,0.212,0.1,3.54,0.048,68.8,139.7,0.996124,3.16,0.52,11.094487723
5.69,0.16,0.33,5.12,0.034,37.8,60.4,0.990189,3.29,0.57,10.685191997
6.63,1.048,0.01,2.31,0.078,4.9,19.1,0.997508,3.05,0.54,10.736736532
10.28,0.264,0.23,11.58,0.055,64.6,224.1,0.996393,2.98,0.46,8.651217881
8.25,0.21,0.24,9.82,0.046,42.9,155.7,0.996728,2.92,0.41,8.966191617
8.6,0.58,0.46,3.06,0.095,26.0,185.1,0.993522,3.01,0.95,10.469792318
6.79,0.359,0.25,10.67,0.054,45.2,169.2,0.997297,3.01,0.43,9.285276087
6.28,0.278,0.43,1.13,0.035,35.2,132.5,0.991621,2.94,0.78,10.035740008
6.26,0.822,0.42,1.8,0.094,2.9,22.1,0.995895,3.53,0.6,10.431389467
8.34,0.576,0.31,11.36,0.072,8.4,189.7,0.996444,3.0,0.57,10.890464034
7.17,0.254,0.37,1.1,0.02,6.6,119.8,0.991516,3.52,0.52,11.896641982
8.89,0.211,0.2,10.98,0.036,12.2,219.8,0.995324,3.01,0.48,8.718251045
6.89,0.142,0.14,1.92,0.029,18.8,125.5,0.992243,3.39,0.49,11.107681557
5.64,0.421,0.31,1.57,0.023,29.4,96.8,0.990975,3.32,0.56,11.995856425
6.97,0.376,0.23,4.64,0.05,15.8,215.8,0.995914,3.15,0.45,11.875804651
7.46,0.744,0.65,1.56,0.099,10.8,52.2,0.997446,3.45,0.51,10.398938572
6.66,0.203,0.29,8.66,0.062,44.5,141.5,0.997187,2.93,0.42,8.888110042
6.6,0.15,0.46,1.83,0.029,20.2,122.6,0.993782,3.39,0.51,11.669670456
6.51,0.356,0.29,1.92,0.039,55.8,76.3,0.991981,3.03,0.35,11.849244727
8.65,0.545,0.19,2.04,0.074,5.6,59.5,0.996434,3.31,0.6,10.849816615
5.62,0.334,0.41,9.53,0.052,36.4,136.9,0.996215,3.17,0.4,9.099683263
6.01,0.194,0.26,1.24,0.027,24.2,96.8,0.98997,3.52,0.55,11.666754623
7.51,0.286,0.25,10.77,0.049,38.0,141.4,0.995341,3.6,0.52,9.356271488
6.5,0.458,0.16,2.06,0.025,11.0,110.4,0.988358,3.4,0.37,12.458821454
5.59,0.24,0.21,4.77,0.039,16.6,178.7,0.990154,3.34,0.54,12.345394314
5.81,0.265,0.34,1.71,0.04,25.9,116.6,0.998076,3.38,0.51,10.646810947
6.9,0.231,0.32,7.21,0.044,47.2,142.9,0.993256,3.09,0.53,9.500355206
8.58,0.334,0.27,13.17,0.059,29.5,211.5,0.995665,3.37,0.65,9.26171017
8.79,0.613,0.31,11.29,0.058,25.4,200.2,0.997222,3.24,0.39,9.66749624
6.98,0.161,0.2,7.64,0.045,43.8,122.8,0.993084,3.04,0.6,8.736946832
7.17,0.3,0.29,1.84,0.032,28.9,100.7,0.991498,3.55,0.48,12.520772386
8.32,0.628,0.62,1.53,0.082,6.5,6.7,0.999237,3.51,1.32,10.631496226
7.43,0.863,0.2,1.48,0.07,17.4,73.0,0.994112,3.53,0.53,10.412230698
7.98,0.8,0.17,1.53,0.096,12.0,6.4,1.00002,3.37,0.62,9.106230039
8.39,0.697,0.53,2.17,0.087,7.0,13.9,0.993553,3.48,0.53,10.224597553
9.81,0.632,0.12,16.54,0.084,11.8,31.8,0.996144,3.29,0.89,9.505184697
6.32,0.21,0.38,11.93,0.056,44.9,165.3,0.998945,2.89,0.42,8.805740919
6.7,0.29,0.28,0.88,0.212,45.3,205.7,0.997764,3.08,0.59,10.5570059
5.97,0.366,0.1,1.48,0.079,17.2,65.3,0.995677,3.25,0.66,10.31223072
8.62,1.167,0.54,1.77,0.121,5.8,20.3,0.998368,3.34,0.79,11.182024758
7.99,0.191,0.1,1.21,0.168,37.5,35.3,0.995216,3.22,0.37,9.28058515
7.14,0.408,0.25,12.02,0.068,19.1,185.4,0.99777,3.06,0.53,8.888655786
5.22,0.146,0.37,4.71,0.032,28.0,107.6,0.993415,3.46,0.89,11.549158119
6.36,0.172,0.32,2.78,0.035,49.6,166.9,0.992314,3.32,0.49,11.233443671
5.9,0.359,0.36,12.48,0.077,47.3,150.0,0.994805,3.15,0.46,10.179345569
9.0,0.668,0.07,3.23,0.06,66.5,83.7,0.999282,3.53,0.54,10.647191007
10.47,0.715,0.11,1.52,0.095,3.3,6.0,0.996127,3.43,0.92,10.099107439
6.4,0.219,0.19,2.96,0.032,22.0,122.7,0.989554,3.52,0.59,12.726426532
7.99,0.157,0.39,6.01,0.032,13.4,168.3,0.994541,2.96,0.54,10.164905081
7.69,0.78,0.02,5.87,0.051,36.4,118.4,0.993992,3.43,0.42,10.035014804
7.18,0.257,0.34,10.27,0.066,45.9,202.3,0.997696,3.03,0.54,9.520824745
6.79,0.279,0.28,12.48,0.037,60.4,150.1,0.996746,3.15,0.44,9.127027016
10.87,0.794,0.1,2.45,0.073,4.8,6.0,0.996707,3.43,0.78,10.824040128
6.58,0.477,0.25,5.15,0.035,46.1,78.2,0.989882,3.44,0.38,12.030003511
7.35,0.698,0.22,5.74,0.082,5.5,18.1,0.998087,3.28,0.57,11.328330154
6.36,0.354,0.29,1.97,0.022,19.2,90.6,0.991937,3.51,0.38,12.81275428
4.88,0.422,0.38,1.42,0.025,12.7,133.1,0.989594,3.32,0.85,12.647701976
6.47,0.261,0.37,8.6,0.041,37.6,68.4,0.998066,3.0,0.5,9.965076718
7.17,0.374,0.34,1.95,0.044,53.5,37.2,0.992084,3.44,0.61,12.229334435
6.69,0.308,0.22,1.03,0.021,19.7,94.1,0.989651,3.47,0.51,12.044416086
6.35,0.215,0.45,4.85,0.046,15.0,38.1,0.994137,3.07,0.46,10.324321544
7.02,0.314,0.17,2.21,0.011,22.2,144.5,0.991822,3.63,0.65,11.954250716
7.75,0.616,0.13,1.39,0.08,14.8,9.9,0.995657,3.16,0.54,9.271895624
8.23,0.291,0.26,1.85,0.031,48.3,99.6,0.990713,3.16,0.55,11.950972457
7.65,0.502,0.37,1.1,0.09,22.9,105.5,0.994527,3.37,0.45,10.205810272
6.34,0.152,0.2,4.13,0.018,16.8,119.2,0.990385,3.51,0.62,11.694232027
6.35,0.186,0.24,1.44,0.036,12.4,118.1,0.992411,3.11,0.54,9.905182077
6.65,0.202,0.31,9.14,0.057,27.7,197.8,0.994007,3.16,0.7,9.419123885
6.86,0.183,0.35,9.81,0.063,55.1,140.2,0.996623,3.18,0.45,8.653672095
8.07,0.757,0.08,2.73,0.079,21.1,35.6,0.996901,3.53,0.56,10.080753103
7.94,0.882,0.49,2.09,0.087,16.4,17.8,0.993851,3.45,0.5,9.937146723
6.61,0.162,0.27,4.83,0.02,29.9,119.6,0.989092,3.46,0.5,11.130243418
7.05,0.204,0.17,1.56,0.052,24.2,193.9,0.997725,3.27,0.49,9.461022597
5.96,0.211,0.36,1.92,0.033,10.6,75.4,0.991494,3.39,0.72,10.513699652
7.26,0.182,0.23,1.69,0.06,26.1,151.4,0.994593,2.98,0.56,9.650374873
9.27,0.538,0.21,1.64,0.091,11.1,34.0,0.996136,3.41,0.45,10.53606556
7.71,0.787,0.06,1.47,0.103,5.3,28.0,0.995121,3.35,0.49,9.377311482
6.65,0.269,0.36,3.11,0.042,23.0,66.3,0.992216,3.56,0.65,10.976963138
5.99,0.277,0.29,16.12,0.046,53.8,212.8,0.998771,3.16,0.89,9.154042619
6.37,0.293,0.28,6.13,0.04,16.8,95.1,0.995837,3.27,0.51,12.391219353
6.21,0.249,0.26,19.11,0.042,40.8,162.2,0.992181,3.01,0.56,10.104261601
8.37,0.208,0.19,2.46,0.089,3.8,14.9,1.000727,3.54,1.3,9.473085916
5.39,0.243,0.31,4.87,0.029,20.0,97.0,0.990659,3.51,0.39,10.858233086
6.32,0.263,0.3,1.8,0.032,73.8,127.3,0.993526,3.21,0.49,10.188440431
6.63,0.253,0.15,16.75,0.051,61.1,170.3,0.996226,3.35,0.46,10.073577445
6.87,0.182,0.31,8.94,0.05,15.2,173.9,0.992396,3.44,0.52,11.520226248
6.62,0.216,0.48,7.75,0.044,15.6,121.5,0.99576,3.57,0.48,9.479924584
5.7,0.239,0.27,2.5,0.029,59.8,134.7,0.990217,3.47,0.51,10.578609121
6.39,0.205,0.33,2.43,0.131,26.7,145.9,0.994512,3.3,0.63,9.112141753
6.36,0.196,0.29,1.65,0.035,27.4,50.6,0.991492,3.16,0.63,9.948765126
6.48,0.206,0.5,6.36,0.055,49.3,205.3,0.996,3.08,0.47,9.296860844
7.29,0.182,0.26,11.74,0.051,26.3,184.0,0.996745,3.25,0.58,9.081269131
6.36,0.279,0.53,2.08,0.04,25.0,66.6,0.994191,3.38,0.82,11.381445718
8.49,0.694,0.21,5.25,0.072,16.8,131.1,0.993324,3.06,0.8,9.623593999
6.27,0.273,0.23,2.94,0.042,48.2,130.5,0.995582,3.32,0.47,9.063685002
9.45,0.969,0.08,2.17,0.075,3.7,21.6,0.996437,3.45,0.59,10.443557793
8.44,0.239,0.31,13.13,0.057,59.8,196.9,0.994269,2.97,0.46,9.229619965
8.19,0.679,0.37,4.23,0.085,13.3,13.8,0.996606,3.18,0.63,11.229783078
5.48,0.238,0.2,4.89,0.042,69.4,175.8,0.993433,2.99,0.45,9.98350994
5.68,0.268,0.38,4.85,0.04,30.8,118.6,0.993084,3.05,0.42,8.852892276
7.77,0.404,0.25,6.36,0.058,56.7,201.8,0.994808,3.11,0.44,8.665970105
8.0,0.829,0.04,1.76,0.096,3.3,17.4,1.00029,3.58,0.57,10.608042917
8.6,0.344,0.29,1.84,0.047,22.7,187.6,0.993809,3.06,0.54,10.602056876
6.58,0.17,0.33,2.09,0.026,19.3,122.1,0.992089,3.63,0.47,10.941153491
10.03,0.469,0.08,9.04,0.076,3.4,47.2,0.997016,3.33,0.64,10.905069474
6.24,0.257,0.3,1.78,0.029,35.4,172.6,0.994386,2.97,0.52,10.519298186
9.08,0.775,0.47,1.05,0.077,16.5,62.6,0.99307,3.4,0.39,10.498905886
6.33,0.255,0.26,2.32,0.037,39.7,95.2,0.990464,3.65,0.85,11.745269502
8.95,0.606,0.61,1.53,0.082,18.4,18.5,0.996358,3.3,0.72,9.855059183
7.14,0.363,0.38,8.9,0.052,35.6,108.5,0.995864,3.36,0.59,10.475421471
6.89,0.163,0.36,2.15,0.047,37.8,58.4,0.994305,3.32,0.31,10.746497709
6.64,0.645,0.04,1.16,0.126,4.5,25.0,0.994666,3.58,1.0,10.008577308
9.91,0.845,0.55,1.9,0.107,16.9,25.2,0.999703,3.21,0.44,11.270851346
8.11,0.918,0.51,1.72,0.079,9.7,20.8,0.9959,3.48,0.56,9.72756374
7.1,0.21,0.33,10.87,0.045,28.2,100.9,0.993969,3.12,0.95,12.572020759
6.98,0.776,0.14,2.29,0.094,4.4,11.7,0.996419,3.2,0.84,9.468805977
9.56,0.256,0.28,5.24,0.039,49.2,162.2,0.995056,3.17,0.39,9.215123829
11.43,0.685,0.62,2.04,0.082,30.7,31.8,0.995342,2.84,0.6,10.504014844
7.01,0.261,0.32,11.07,0.04,49.3,181.9,0.995831,3.21,0.42,8.775316669
6.11,0.267,0.42,2.04,0.034,39.5,63.5,0.991858,3.38,0.75,12.15945798
5.72,0.221,0.34,1.15,0.047,13.1,85.6,0.990876,3.56,0.46,11.561991933
6.19,0.24,0.19,1.54,0.029,27.9,93.7,0.992236,3.47,0.54,12.38006114
7.76,0.204,0.44,1.75,0.039,26.2,62.6,0.994604,3.32,0.59,12.327059203
5.82,0.215,0.32,2.2,0.029,21.3,181.7,0.992995,3.28,0.54,10.283684615
7.38,0.311,0.3,10.43,0.048,37.4,157.1,0.989851,2.95,0.44,10.977941595
7.83,0.333,0.07,2.16,0.085,8.6,21.5,0.995176,2.96,0.5,10.554049643
6.13,0.279,0.27,16.12,0.043,45.5,157.1,0.997219,3.11,0.47,9.315994029
5.56,0.281,0.38,12.87,0.047,81.8,101.1,0.995456,3.09,0.47,9.52646881
6.61,0.276,0.58,9.74,0.051,33.1,34.9,0.996275,3.18,0.59,9.123347569
6.32,0.267,0.37,1.38,0.05,46.5,137.2,0.994818,3.06,0.39,10.611473243
6.02,0.387,0.46,2.05,0.03,36.3,77.8,0.994693,3.52,0.37,12.08595618
7.96,0.429,0.33,15.2,0.026,35.6,25.6,0.992836,3.11,0.64,10.056778637
6.55,0.266,0.26,4.5,0.041,13.6,108.0,0.989481,3.36,0.59,11.261275948
6.89,0.169,0.28,3.89,0.03,32.1,130.5,0.990344,3.62,0.54,11.893768934
5.99,0.397,0.46,1.99,0.036,31.6,85.8,0.995246,3.33,0.46,10.2416943
7.83,0.25,0.27,6.0,0.035,44.2,182.7,0.996038,3.07,0.64,8.89985914
5.11,0.543,0.25,1.24,0.039,37.5,77.9,0.992006,3.23,0.65,11.297803296
6.13,0.16,0.27,9.53,0.033,18.3,95.4,0.991617,3.02,0.49,10.240957758
9.37,0.33,0.28,6.13,0.056,37.6,118.6,0.991334,2.98,0.7,9.9900626
8.32,0.243,0.27,5.47,0.057,77.0,232.1,0.997292,3.34,0.65,9.821421954
6.26,0.333,0.34,13.89,0.039,32.5,158.5,0.992424,3.2,0.41,11.261445396
7.52,0.953,0.66,0.98,0.072,2.8,7.8,0.995999,3.35,0.64,10.448450974
9.89,0.361,0.42,8.2,0.053,56.6,214.6,0.995611,3.09,0.55,8.956104237
6.6,0.328,0.2,9.32,0.053,32.5,205.7,0.995343,2.94,0.44,9.182694514
6.3,0.242,0.48,1.09,0.037,41.2,148.6,0.993843,3.12,0.6,9.411284737
7.44,0.811,0.19,1.95,0.056,11.3,133.3,0.997267,3.17,0.54,9.380166474
5.55,0.187,0.32,6.5,0.03,18.8,64.8,0.99277,3.21,0.57,12.030460355
6.84,0.2,0.33,10.31,0.051,37.8,154.6,0.995591,2.91,0.42,8.848221286
8.38,0.632,0.37,1.58,0.075,5.5,15.1,0.994111,3.14,0.52,9.895929438
6.64,0.261,0.34,6.61,0.034,31.9,86.1,0.991559,3.17,0.39,12.312279335
5.95,0.265,0.29,4.98,0.023,46.1,52.8,0.989486,3.34,0.59,11.928215544
7.92,0.257,0.26,1.86,0.078,15.8,55.3,0.997604,2.89,0.72,8.811819795
7.51,0.23,0.25,1.82,0.056,43.3,160.7,0.992818,3.0,0.52,9.709791826
6.93,0.248,0.21,4.72,0.05,38.9,160.3,0.990691,3.21,0.45,10.510640368
8.87,0.71,0.21,1.93,0.094,8.9,21.0,0.997351,3.3,0.83,10.6394863
7.12,0.257,0.33,8.54,0.042,26.7,205.3,0.996443,3.17,0.46,8.808109197
5.23,0.258,0.21,10.08,0.051,43.0,234.7,1.000442,3.2,0.57,8.72189119
5.58,0.174,0.38,13.45,0.041,28.7,139.8,0.993325,3.25,0.5,11.383636565
6.83,0.407,0.29,1.83,0.048,23.1,90.8,0.990815,3.29,0.4,12.769848762
5.74,0.189,0.28,1.3,0.03,27.6,187.0,0.990699,3.1,0.75,11.939247849
9.46,0.239,0.49,11.91,0.057,51.5,195.6,0.998951,2.96,0.58,8.854661837
6.66,0.198,0.22,15.83,0.058,45.9,150.5,1.000996,2.95,0.48,8.723733778
6.44,0.325,0.24,13.53,0.146,15.0,202.9,0.999451,3.04,0.56,9.423402539
7.93,0.306,0.21,10.99,0.054,31.7,206.9,0.995825,2.96,0.51,9.129487489
7.71,0.644,0.23,2.08,0.088,32.3,61.2,0.994972,3.54,0.8,9.962467647
6.45,0.314,0.34,11.54,0.045,41.3,144.1,0.997616,3.25,0.51,8.866511391
5.7,0.303,0.24,12.64,0.057,22.6,185.1,0.997928,3.18,0.41,8.817187635
5.6,0.136,0.27,1.38,0.052,16.5,112.8,0.991949,3.13,0.57,10.1136472
5.36,0.194,0.22,4.8,0.043,23.8,106.0,0.990456,3.39,0.38,12.424603943
6.72,0.183,0.47,2.01,0.02,40.7,117.2,0.991987,3.48,0.6,11.283332208
6.03,0.367,0.27,4.51,0.031,10.9,95.9,0.989849,3.22,0.35,11.618631766
4.93,0.138,0.29,1.72,0.03,37.6,115.5,0.992275,3.49,0.57,11.369674224
5.85,0.261,0.24,6.64,0.031,14.9,102.3,0.993458,3.23,0.52,8.858359549
8.24,1.153,0.25,11.79,0.093,5.6,31.1,0.993729,3.54,0.8,10.848793071
7.23,0.299,0.17,11.77,0.043,51.3,211.8,0.995259,3.27,0.63,8.787970736
6.3,0.423,0.23,2.63,0.029,19.5,114.2,0.997839,3.14,0.46,9.340715692
5.53,0.397,0.25,11.13,0.035,2.9,66.3,0.99306,3.33,0.6,11.162881855
7.01,0.183,0.26,2.96,0.042,45.1,166.9,0.993597,3.08,0.53,11.281982803
5.68,0.2,0.26,13.38,0.06,62.2,117.8,0.99837,3.05,0.52,9.006184794
6.95,0.398,0.21,2.9,0.022,12.0,139.6,0.98966,3.59,0.66,12.059002014
8.97,0.812,0.5,8.24,0.047,6.3,41.8,0.995974,3.37,0.58,9.813348832
6.67,0.211,0.29,12.26,0.05,50.1,220.5,0.996163,3.08,0.39,9.333932018
6.59,0.588,0.46,1.34,0.108,6.6,18.3,0.996877,3.0,0.57,9.644027779
7.97,0.822,0.1,1.71,0.081,6.7,14.4,0.998707,3.39,0.59,10.595372412
5.87,0.373,0.28,1.74,0.037,17.8,111.6,0.992426,3.1,0.74,12.237125114
10.57,0.743,0.09,2.25,0.087,3.3,22.4,0.998036,3.38,0.59,9.870144852
7.11,0.396,0.23,1.35,0.082,25.9,26.2,0.993769,3.19,0.37,9.597786392
9.11,0.992,0.22,1.71,0.038,42.3,19.0,0.997356,2.97,0.57,10.68393933
6.08,0.288,0.52,1.61,0.043,47.9,102.0,0.992776,3.16,0.71,10.504847633
6.74,0.209,0.28,9.72,0.05,43.7,149.2,0.992642,3.2,0.39,9.260621069
8.54,0.968,0.02,1.81,0.074,8.9,13.4,0.998815,3.51,0.57,9.718025225
6.49,0.365,0.26,1.36,0.031,20.3,103.2,0.990699,3.41,0.47,11.806958952
6.12,0.223,0.28,1.14,0.05,30.9,172.0,0.99213,2.98,0.39,11.054445768
6.07,0.393,0.31,1.28,0.043,56.1,65.7,0.995309,3.11,0.44,10.839602902
7.28,0.151,0.34,2.03,0.051,22.3,48.7,0.998697,3.63,0.92,10.510005078
8.0,0.182,0.3,7.03,0.045,35.0,193.6,0.99462,2.95,0.56,9.438796188
6.29,0.524,0.29,1.39,0.045,132.9,119.4,0.997372,3.24,0.57,10.565878774
6.44,0.166,0.27,1.98,0.026,24.9,117.7,0.991086,3.29,0.45,10.828203804
6.83,0.236,0.33,12.83,0.045,52.8,213.1,0.997805,3.23,0.62,9.380830855
9.86,0.737,0.15,2.01,0.078,7.6,21.9,0.99644,3.43,0.61,10.69049371
8.86,0.827,0.23,1.88,0.228,20.6,51.2,0.997311,3.27,0.66,10.583231814
6.92,0.254,0.24,13.97,0.048,19.8,75.2,0.996619,3.17,0.73,8.977615367
4.67,0.286,0.66,1.38,0.042,20.3,142.0,0.996396,3.16,0.5,11.534366832
5.71,0.158,0.36,4.23,0.027,41.7,72.9,0.989243,3.27,0.51,11.462246604
6.11,0.202,0.49,1.33,0.036,23.0,98.0,0.990961,3.45,0.46,11.638948695
6.29,0.19,0.27,4.92,0.04,14.9,108.8,0.989994,3.14,0.57,13.370580252
7.04,0.195,0.28,1.68,0.057,25.7,171.3,0.998402,3.05,0.48,9.01896769
7.09,0.393,0.4,7.38,0.028,52.8,137.0,0.993773,3.27,0.56,12.174028713
9.43,0.277,0.28,1.76,0.052,6.8,195.8,0.995942,3.02,0.39,9.27046692
9.3,0.287,0.48,2.38,0.078,45.3,93.4,0.993312,3.47,0.61,9.47973462
9.32,0.615,0.44,2.08,0.292,2.5,13.5,0.997376,3.41,0.89,10.107684138
5.95,0.372,0.29,2.77,0.046,34.0,119.7,0.993557,3.09,0.59,11.976357241
7.42,0.66,0.04,1.24,0.086,7.4,23.9,0.997982,3.43,1.03,10.170480055
8.66,0.681,0.63,2.83,0.092,4.1,28.4,0.997364,3.18,0.69,9.209886553
6.33,0.242,0.3,9.36,0.053,22.0,187.8,0.993696,3.24,0.52,10.991284566
10.12,0.808,0.15,1.91,0.052,18.6,49.8,0.995775,3.21,0.59,10.760941585
5.87,0.552,0.0,1.04,0.087,5.1,64.0,0.995408,3.31,0.52,9.9699303
6.94,0.339,0.38,4.4,0.043,19.7,93.7,0.99664,2.97,0.54,9.168266238
6.22,0.165,0.32,14.05,0.058,32.3,208.0,0.997437,2.88,0.57,9.255915252
6.23,0.244,0.49,12.14,0.056,54.1,216.6,0.997813,3.2,0.78,9.243864427
6.2,0.233,0.31,1.67,0.052,30.8,113.7,0.993458,3.06,0.41,9.535945372
7.05,0.637,0.12,1.4,0.088,24.5,172.9,0.993707,3.38,0.42,9.153373857
6.04,0.248,0.35,1.38,0.027,28.0,83.3,0.994192,3.21,0.82,10.11183837
6.76,0.178,0.26,11.67,0.061,50.6,127.4,0.998689,3.02,0.31,8.717020969
6.61,0.178,0.29,14.92,0.133,42.8,161.5,0.998485,3.56,0.57,10.523555132
6.39,0.275,0.25,8.06,0.053,30.6,123.1,0.991262,3.08,0.54,10.461009344
6.52,0.237,0.32,6.48,0.046,30.2,105.2,0.993636,3.22,0.46,10.013159077
6.74,0.294,0.32,14.97,0.053,53.8,202.8,0.998411,3.22,0.38,9.211221896
7.25,0.358,0.33,2.49,0.021,9.3,127.0,0.989423,3.47,0.68,12.015992047
6.92,1.154,0.01,1.68,0.074,3.8,24.3,0.994803,3.58,0.48,10.301781473
8.37,0.321,0.32,1.57,0.044,13.7,103.9,0.995445,3.34,0.36,10.398615617
6.27,0.287,0.29,6.6,0.052,43.7,128.5,0.993345,3.31,0.56,9.640894118
5.92,0.439,0.28,5.21,0.025,42.1,85.5,0.990998,3.4,0.4,11.740906844
8.26,0.77,0.11,2.14,0.075,4.4,6.0,0.998964,3.4,0.99,10.312442725
7.12,0.216,0.2,0.98,0.044,41.3,173.9,1.000141,3.08,0.68,8.837632965
7.44,0.153,0.24,11.43,0.048,49.9,168.4,0.9994,3.13,0.52,8.773826651
5.93,0.224,0.32,1.87,0.039,53.5,69.1,0.990591,3.34,0.41,12.381448889
7.35,0.236,0.53,10.69,0.048,61.0,186.0,0.993117,3.02,0.36,9.158848035
6.77,0.162,0.48,2.82,0.026,18.1,89.4,0.989776,3.29,0.63,12.059144679
5.8,0.392,0.38,3.8,0.029,14.0,116.3,0.990594,3.45,0.42,10.91638647
5.62,0.274,0.3,5.11,0.023,33.0,111.0,0.989696,3.3,0.53,11.525790551
6.99,0.142,0.27,3.91,0.04,20.7,77.0,0.993988,3.16,0.47,9.600748542
10.21,0.266,0.28,1.74,0.033,15.1,79.7,0.99263,3.78,1.02,13.124942001
6.41,0.196,0.32,14.09,0.066,55.1,215.8,0.994547,3.01,0.43,8.973221901
5.81,0.269,0.26,1.09,0.039,39.0,94.0,0.991796,3.42,0.33,13.111742488
8.27,0.965,0.06,1.78,0.083,5.8,17.8,0.997878,3.4,0.89,10.389530337
9.74,0.224,0.3,7.46,0.055,32.6,228.4,1.00029,3.11,0.4,8.869637806
6.0,0.318,0.22,11.34,0.062,46.1,258.1,0.997433,3.13,0.63,9.303129616
5.57,0.209,0.3,6.07,0.029,64.8,105.8,0.988981,3.19,0.33,12.465286922
8.99,0.648,0.13,2.63,0.07,15.4,20.6,0.995723,3.26,0.6,9.498985118
7.97,0.271,0.23,1.42,0.046,16.6,134.7,0.99296,3.59,0.51,10.893051651
6.85,0.283,0.18,14.01,0.053,48.0,175.3,0.999358,3.01,0.51,8.621540623
7.98,0.187,0.25,12.9,0.048,19.1,152.0,0.99533,2.97,0.4,9.187316637
6.35,0.163,0.25,4.73,0.038,24.2,140.4,0.989392,3.19,0.54,10.787129081
6.96,0.31,0.16,15.87,0.051,54.8,125.5,0.994714,3.12,0.49,8.901811785
7.45,0.592,0.6,1.05,0.089,6.6,46.8,0.999409,3.31,0.52,10.257212291
6.54,0.344,0.2,6.21,0.048,30.8,115.5,0.990913,3.2,0.37,11.493573811
8.16,0.242,0.32,15.11,0.05,52.4,178.4,0.996417,3.08,0.47,9.075640644
9.36,0.787,0.13,1.69,0.084,3.0,6.0,0.999258,3.31,0.71,9.628364927
4.97,0.366,0.31,2.37,0.03,18.0,87.7,0.992055,3.59,0.4,10.430274687
6.92,0.194,0.49,1.35,0.042,51.8,157.6,0.992386,3.37,0.37,9.874758495
5.97,0.355,0.4,2.49,0.033,16.2,84.7,0.991266,3.26,0.7,12.078358786
7.31,0.252,0.45,2.11,0.028,10.2,144.1,0.991259,3.59,0.54,12.607687472
7.67,0.18,0.48,13.3,0.046,45.6,170.5,0.996736,3.01,0.48,8.838444833
6.11,0.198,0.28,1.29,0.033,14.3,116.0,0.993311,3.49,0.35,10.99919215
6.25,0.208,0.37,1.34,0.03,17.9,101.3,0.99407,2.89,0.46,12.419778038
7.93,0.199,0.18,11.15,0.066,42.3,203.4,0.990997,3.05,0.5,9.36927496
7.67,0.271,0.28,2.01,0.045,39.7,159.9,0.993675,3.21,0.48,10.79582056
5.9,0.319,0.28,2.1,0.085,53.5,103.9,0.994129,3.1,0.42,9.356448846
6.51,0.201,0.31,2.39,0.034,39.2,21.9,0.995201,3.28,0.58,10.961836702
6.24,0.202,0.28,5.55,0.059,14.9,118.9,0.993054,3.32,0.57,10.936143658
5.69,0.213,0.31,1.18,0.028,19.9,91.1,0.990206,3.64,0.36,12.608045133
5.85,0.19,0.5,4.21,0.026,38.0,134.3,0.991153,3.42,0.66,11.327638177
8.45,0.325,0.37,1.88,0.375,25.8,25.9,0.998282,3.28,0.51,10.808881803
7.62,0.309,0.32,1.48,0.046,24.6,8.3,0.992313,3.11,0.44,9.87149598
7.81,0.386,0.3,6.78,0.055,13.4,122.8,0.99625,3.28,0.62,10.362654336
5.79,0.18,0.25,4.67,0.029,16.9,148.0,0.991368,3.18,0.44,10.99252436
8.44,0.398,0.15,1.66,0.058,10.6,32.1,0.996171,3.2,0.45,9.442517595
7.18,0.848,0.5,1.84,0.081,11.6,25.5,0.996819,3.63,0.59,10.680462861
6.74,0.203,0.3,13.11,0.058,47.7,204.3,0.99827,2.98,0.59,8.695904537
9.13,0.249,0.24,11.55,0.062,43.3,217.7,0.998054,3.03,0.52,9.257376298
6.1,0.277,0.24,16.68,0.052,109.9,194.5,0.993535,3.08,0.92,8.729657478
8.71,0.159,0.3,2.03,0.037,10.7,82.2,0.99895,3.23,0.55,11.949919835
6.14,0.304,0.23,2.38,0.068,51.9,152.1,0.995747,3.1,0.93,11.74212801
9.25,0.749,0.01,1.45,0.091,5.3,25.2,0.996051,3.56,0.71,10.57972789
6.94,0.329,0.5,1.42,0.038,21.3,79.6,0.991157,3.45,0.44,12.402567516
5.7,0.171,0.28,4.63,0.043,41.1,78.8,0.991045,3.17,0.48,11.788930209
8.27,0.192,0.15,1.75,0.051,33.3,140.6,0.995877,3.03,0.56,9.038496452
7.39,0.856,0.36,1.13,0.081,8.8,16.2,0.996071,3.32,0.76,10.429912515
6.11,0.365,0.47,7.17,0.051,34.0,190.6,0.993224,3.38,0.61,9.937974575
6.13,0.306,0.33,1.42,0.036,15.9,99.4,0.991537,3.36,0.58,10.403128776
7.12,0.9,0.03,1.44,0.09,16.9,74.7,0.996028,3.31,0.73,10.042670733
8.79,0.326,0.51,2.0,0.205,48.9,165.5,0.996622,3.42,0.48,9.257540855
6.6,0.151,0.21,1.87,0.051,14.1,101.2,0.990094,3.3,0.62,12.173530143
6.56,0.301,0.24,8.63,0.054,40.5,239.1,0.996988,3.48,0.53,10.782829547
7.85,0.246,0.32,1.87,0.035,30.1,195.3,0.99352,3.06,0.79,9.479165198
7.39,0.514,0.33,1.47,0.038,15.9,45.2,0.999217,3.04,0.45,10.471022883
5.6,0.34,0.25,2.43,0.035,35.6,133.2,0.9937,3.15,0.59,11.540125133
7.11,0.61,0.0,2.0,0.089,9.0,23.1,0.993114,3.46,0.51,10.56671006
8.54,0.286,0.31,1.86,0.022,30.8,138.5,0.990619,3.4,0.52,11.985472567
7.06,0.233,0.26,16.05,0.055,58.9,216.3,0.99573,3.29,0.62,8.785542281
8.75,0.872,0.19,1.85,0.084,30.6,28.4,0.995969,3.35,0.89,10.817153663
6.17,0.207,0.48,7.56,0.04,39.0,97.1,0.995832,3.12,0.55,10.191169871
8.92,0.295,0.45,12.45,0.049,46.4,218.0,0.996681,3.0,0.57,9.072307167
6.48,0.203,0.33,8.98,0.06,33.2,189.0,0.995561,3.23,0.44,9.050759564
6.79,0.312,0.1,1.24,0.079,16.6,14.3,0.995381,3.38,0.5,10.913557817
6.06,0.174,0.37,2.58,0.036,16.8,45.0,0.990106,3.3,0.91,11.539527338
9.08,0.67,0.58,1.31,0.109,5.0,11.5,0.997807,3.42,0.6,10.237474618
6.08,0.243,0.5,1.97,0.03,10.3,88.6,0.991291,3.32,0.42,12.49902795
6.15,0.27,0.4,1.8,0.049,54.0,111.2,0.992314,3.08,0.54,10.863719816
5.97,0.208,0.18,5.53,0.04,11.8,111.6,0.996029,3.09,0.48,9.96528989
6.87,0.729,0.25,9.27,0.042,10.3,127.8,0.990934,3.35,0.58,11.762386303
7.85,0.366,0.26,0.95,0.033,25.4,229.7,0.991975,3.25,0.49,10.365236129
6.17,0.148,0.21,11.39,0.05,28.0,177.4,0.995815,3.02,0.47,9.217310695
6.07,0.141,0.2,5.4,0.023,31.9,126.4,0.990848,3.58,0.39,11.416874127
5.85,0.289,0.33,1.99,0.036,34.7,92.8,0.991031,3.54,0.83,12.587728617
5.66,0.389,0.27,4.51,0.042,34.6,93.1,0.991001,3.48,0.4,12.421351353
8.95,0.948,0.09,1.54,0.077,13.9,119.5,0.997523,3.37,0.53,9.494233563
9.84,0.688,0.3,6.47,0.087,20.7,63.7,0.998329,3.11,0.52,10.508291965
5.8,0.385,0.3,2.28,0.031,24.2,72.8,0.995215,3.6,0.47,11.757591705
5.66,0.166,0.45,1.38,0.033,44.1,84.2,0.991558,3.3,0.42,11.541411708
8.23,1.037,0.06,2.39,0.115,8.8,21.7,0.995766,3.4,0.8,10.693117781
7.0,0.353,0.14,10.34,0.048,35.7,116.3,0.995395,3.34,0.46,9.38472886
8.64,0.913,0.18,1.07,0.095,7.7,58.9,0.998102,3.34,0.83,9.535512949
6.9,0.171,0.31,5.11,0.034,19.4,45.2,0.99033,3.24,0.51,11.857329586
7.48,0.296,0.01,1.09,0.122,14.4,59.7,0.996938,3.29,0.41,9.218879478
6.15,0.335,0.3,2.1,0.045,40.7,87.0,0.991669,3.42,0.58,10.68899371
5.63,0.291,0.51,7.56,0.046,40.7,154.3,0.995461,2.92,0.48,11.714644285
5.65,0.289,0.29,9.51,0.058,16.4,143.8,0.999896,3.34,0.52,9.353116575
8.29,1.028,0.12,3.57,0.073,5.5,6.0,0.998847,3.42,0.61,10.600316017
7.06,0.19,0.28,12.32,0.045,48.3,184.5,0.997344,3.14,0.47,9.402932626
5.43,0.242,0.25,4.64,0.038,18.2,104.7,0.990718,3.5,0.66,12.192386374
7.66,0.47,0.16,1.7,0.082,16.6,60.1,0.99949,3.38,0.41,10.639989429
5.68,0.162,0.33,4.34,0.052,26.7,79.4,0.992572,3.28,0.57,12.035330502
8.21,0.604,0.63,1.38,0.088,7.2,21.0,0.995401,3.45,0.56,11.002974297
6.82,0.207,0.31,7.28,0.041,48.3,105.4,0.996412,3.16,0.49,10.140763746
6.22,0.229,0.24,10.8,0.056,24.1,178.7,0.998125,3.08,0.41,9.15997682
6.0,0.195,0.29,4.93,0.034,10.7,120.9,0.988895,3.21,0.54,11.993623361
5.66,0.29,0.27,1.23,0.049,41.1,143.3,0.996059,3.16,0.44,9.101258811
7.41,0.196,0.29,7.51,0.052,50.2,116.6,0.998437,3.68,0.47,8.754396044
6.16,0.181,0.5,4.77,0.042,35.1,142.6,0.993268,2.92,0.51,11.619819518
7.0,0.197,0.31,9.83,0.064,51.8,202.5,0.999785,2.93,0.54,8.829028268
8.8,0.165,0.33,2.41,0.058,21.5,107.2,0.994222,3.56,1.04,10.34576844
8.39,0.269,0.28,11.39,0.036,53.3,154.8,0.99487,3.04,0.5,9.34244402
6.81,0.232,0.26,10.35,0.056,45.2,235.0,0.998023,3.21,0.58,8.983587064
6.45,0.318,0.14,9.88,0.046,45.6,189.1,0.997959,3.22,0.52,10.300317703
5.41,0.227,0.25,3.94,0.034,37.2,72.8,0.989605,3.35,0.46,12.568551793
5.91,0.294,0.28,1.49,0.029,37.8,123.3,0.990595,3.18,0.43,12.206368971
6.33,0.213,0.23,3.02,0.026,27.5,77.3,0.989257,3.35,0.85,11.710595866
7.64,0.634,0.43,2.21,0.087,5.3,17.6,0.999088,3.29,0.5,10.205783679
6.32,0.204,0.31,6.78,0.043,39.3,180.6,0.991936,3.4,0.42,9.440137194
7.07,0.671,0.13,0.94,0.085,6.5,19.8,0.996842,3.43,0.52,10.264330026
6.01,0.226,0.27,1.29,0.051,15.6,23.7,0.992284,3.01,0.49,8.829957053
5.76,0.191,0.49,1.1,0.048,14.1,145.1,0.990923,3.16,0.67,11.207301656
8.03,0.73,0.24,1.55,0.085,5.0,93.6,0.99592,3.33,0.85,10.928426114
11.1,0.363,0.24,1.74,0.069,19.2,123.8,0.995937,3.48,0.65,10.378821126
9.23,0.743,0.07,1.83,0.228,5.4,18.3,0.998985,3.3,0.45,10.358957912
6.39,0.645,0.03,2.46,0.06,27.0,17.9,0.994097,3.05,0.74,11.015943634
9.36,0.757,0.41,1.48,0.085,19.6,51.8,0.997121,3.35,0.64,10.832125048
5.95,0.445,0.28,1.16,0.034,33.6,153.6,0.990941,3.38,0.73,12.611561892
5.83,0.178,0.25,4.82,0.032,41.2,97.4,0.994029,3.54,0.55,12.195845439
5.81,0.191,0.27,1.5,0.044,56.9,112.2,0.994802,3.01,0.55,9.105523854
6.39,0.21,0.33,3.88,0.023,32.9,120.1,0.993443,3.39,0.41,11.052963714
5.63,0.206,0.36,0.95,0.03,31.4,25.0,0.992705,3.32,0.42,12.06273707
6.9,0.201,0.21,2.53,0.028,30.4,135.5,0.990799,3.59,0.52,11.878732781
6.57,0.181,0.27,5.04,0.033,61.4,173.2,0.990777,3.42,0.46,12.020429804
6.19,0.366,0.27,1.4,0.024,11.2,134.0,0.991306,3.56,0.51,11.816815244
6.33,0.304,0.25,11.32,0.061,30.9,146.5,0.995778,3.04,0.7,9.369621025
6.16,0.257,0.46,2.13,0.035,43.4,68.3,0.989516,3.3,0.48,12.067892016
6.45,0.159,0.27,2.37,0.032,45.9,113.0,0.994166,3.35,0.31,12.304846781
7.67,0.808,0.62,1.25,0.077,7.7,147.0,0.996413,3.27,0.54,10.385698953
8.56,0.253,0.3,1.51,0.054,42.3,165.9,0.997375,3.13,0.58,11.402016265
7.09,0.339,0.45,1.31,0.09,5.4,28.2,0.995902,3.52,1.0,10.983425194
5.6,0.391,0.11,6.42,0.047,10.0,139.5,0.99698,3.24,0.51,8.854427556
7.7,0.283,0.39,3.81,0.037,23.0,59.1,0.991898,3.03,0.63,13.183075859
6.06,0.356,0.29,1.57,0.053,14.5,63.1,0.989893,3.15,0.45,11.80877606
6.45,0.365,0.4,1.45,0.029,24.2,110.4,0.991384,3.14,0.8,11.7815266
7.71,0.737,0.48,1.94,0.13,16.0,19.0,0.997884,3.15,0.57,9.454272177
7.43,0.192,0.23,14.5,0.056,53.0,234.1,0.996112,3.01,0.48,8.794209279
7.41,0.234,0.3,10.41,0.058,43.0,177.8,0.999036,2.93,0.44,8.819282551
11.45,1.146,0.0,2.34,0.084,7.8,20.5,0.99884,3.44,0.41,10.174824154
6.81,0.748,0.54,1.09,0.1,7.9,28.0,0.998595,3.12,0.5,8.998360999
6.63,0.238,0.47,3.87,0.091,33.4,154.7,0.995182,3.09,0.52,10.072450949
6.77,0.177,0.19,8.18,0.03,24.1,109.1,0.990101,3.42,0.55,12.454313972
7.61,0.216,0.41,12.18,0.054,40.9,267.9,0.997321,3.1,0.57,9.133093193
6.81,0.307,0.26,8.89,0.046,49.4,199.8,0.995159,3.22,0.5,9.031860843
6.84,0.708,0.49,1.82,0.165,18.3,18.1,0.991522,3.34,0.62,9.991372921
6.08,0.376,0.28,2.77,0.03,42.1,106.8,0.990667,3.17,0.51,11.68088534
6.18,0.213,0.33,1.0,0.026,33.2,115.4,0.990608,3.35,0.54,12.541287355
8.27,0.273,0.38,13.73,0.045,22.7,93.5,0.993558,3.01,0.56,8.766574493
7.52,0.343,0.34,12.31,0.08,35.4,244.5,0.992378,3.11,0.54,9.436122454
6.88,0.881,0.12,3.48,0.1,7.4,47.3,0.995265,3.15,0.53,9.976900498
6.58,0.327,0.3,3.37,0.032,16.3,90.9,0.990223,3.21,0.34,11.022275781
6.83,0.921,0.05,1.57,0.094,3.8,170.9,0.996816,3.2,0.85,10.440689256
5.85,0.205,0.5,1.25,0.043,57.5,87.3,0.990177,3.02,0.33,11.886594905
6.98,0.305,0.28,9.98,0.093,33.2,223.7,0.998305,3.02,0.46,9.360896882
6.0,0.269,0.28,2.57,0.022,21.3,98.0,0.989676,3.26,0.64,11.739300264
6.38,0.14,0.25,12.52,0.031,56.9,131.3,0.991859,3.09,0.43,11.779034378
6.96,0.205,0.53,16.4,0.054,36.5,181.6,0.997602,3.13,0.58,8.665600051
7.89,0.418,0.31,7.28,0.044,5.1,204.1,0.996903,3.3,0.74,9.446142213
6.24,0.337,0.15,2.36,0.04,11.7,94.0,0.991532,3.38,1.0,11.163605542
7.97,0.715,0.64,2.18,0.079,30.8,20.4,0.995196,3.34,0.52,9.256341929
8.11,0.52,0.39,1.89,0.038,13.5,58.1,0.99017,3.15,0.78,11.461944239
6.59,0.207,0.23,4.1,0.048,30.5,44.4,0.992668,3.39,0.4,9.655290095
8.17,0.296,0.31,15.93,0.062,40.8,96.6,0.993246,3.01,0.42,9.483361338
7.36,0.256,0.13,11.79,0.056,32.0,208.4,0.997897,3.08,0.53,9.064670964
6.83,0.293,0.37,2.48,0.024,8.9,102.9,0.991367,3.12,0.91,10.863930564
6.85,0.199,0.28,2.13,0.019,16.6,85.3,0.99054,3.07,0.4,12.069056704
6.74,0.226,0.29,10.09,0.056,39.0,96.7,0.990669,3.52,0.6,9.18550079
5.85,0.244,0.26,4.99,0.041,62.1,116.1,0.990089,3.41,0.37,12.502431615
6.99,0.745,0.08,1.82,0.088,7.3,36.4,0.999467,3.49,0.73,11.269849389
8.68,0.208,0.29,12.12,0.057,37.8,162.8,0.997771,3.33,0.56,9.486498249
5.82,0.39,0.24,1.35,0.041,25.1,116.0,0.99079,3.38,0.43,12.121341203
8.06,0.202,0.33,5.16,0.106,21.9,106.9,0.991575,3.27,0.79,11.234476205
9.94,0.45,0.27,2.19,0.042,7.5,60.4,0.997616,3.27,0.52,10.623845209
7.22,0.782,0.02,1.31,0.077,20.6,11.1,0.997627,3.46,0.46,9.362432611
6.43,0.262,0.31,1.46,0.045,34.2,53.9,0.993076,3.26,0.53,10.107061328
7.12,0.315,0.51,12.7,0.035,41.0,191.6,0.998566,3.02,0.51,9.263048274
8.15,0.348,0.61,2.04,0.051,14.1,23.9,0.997566,3.31,0.69,10.829242368
7.27,0.199,0.2,2.86,0.019,30.7,113.0,0.990486,3.55,0.49,11.549556175
6.48,0.733,0.31,4.16,0.025,20.7,122.1,0.991334,3.63,0.49,11.657123873
6.25,0.267,0.08,13.82,0.052,56.5,242.8,0.99302,3.14,0.54,8.977534841
6.24,0.218,0.25,2.16,0.039,11.2,110.4,0.990097,3.48,0.58,10.563195071
9.36,0.762,0.12,1.97,0.082,5.9,26.4,0.99908,3.4,1.11,9.963891907
6.2,0.234,0.3,13.48,0.094,34.5,148.1,0.992135,3.17,0.57,10.704328358
6.39,0.284,0.25,5.47,0.036,47.7,127.3,0.992631,3.43,0.5,11.612703036
5.99,0.179,0.28,9.87,0.045,56.7,194.0,0.99745,3.16,0.51,8.602868784
6.61,0.361,0.31,1.16,0.044,57.2,140.2,0.995073,3.12,0.44,9.009722598
9.3,0.682,0.02,3.11,0.083,7.2,58.6,0.995562,3.16,0.53,10.793721382
6.67,0.26,0.19,0.94,0.042,11.3,143.9,0.993551,3.23,0.48,10.738908662
5.79,0.39,0.4,2.52,0.028,39.1,65.4,0.98902,3.46,0.45,12.082106736
8.6,0.734,0.12,1.17,0.198,12.5,67.0,0.996347,3.36,0.4,9.395949837
5.25,0.404,0.24,4.54,0.032,41.9,118.0,0.991391,3.31,0.62,9.81676653
7.92,0.289,0.28,11.8,0.077,16.6,168.3,0.997811,3.33,0.52,10.652614594
8.55,0.704,0.08,1.47,0.094,4.9,16.9,0.997947,3.41,0.57,9.326842257
5.92,0.211,0.17,9.85,0.047,57.8,216.2,0.995246,3.08,0.46,9.411782673
5.89,0.205,0.21,13.27,0.043,48.7,193.9,0.995112,3.04,0.54,8.857884508
4.83,0.248,0.35,1.42,0.035,14.6,78.3,0.989332,3.47,0.4,12.563505072
7.17,0.153,0.26,2.8,0.05,31.0,102.1,0.990993,3.25,0.56,10.62227927
4.9,0.338,0.14,1.99,0.031,37.3,78.7,0.989367,3.54,0.44,11.981214384
6.53,0.256,0.27,5.44,0.035,12.9,97.4,0.996933,3.17,0.5,10.56993855
7.07,0.226,0.53,10.5,0.047,23.6,167.0,0.996992,3.23,0.52,8.858185267
9.7,0.845,0.12,1.76,0.048,3.6,20.3,0.994108,3.32,0.41,10.384259388
8.49,0.717,0.58,1.07,0.084,8.3,79.0,0.99706,3.22,0.48,10.887598626
9.31,0.801,0.15,3.88,0.085,4.9,6.0,0.999015,3.57,0.66,10.708198931
7.66,1.007,0.47,1.41,0.25,4.6,17.9,0.998583,3.32,0.58,10.870604274
6.13,0.189,0.27,1.07,0.044,35.3,135.3,0.995399,3.02,0.52,10.133630192
6.49,0.228,0.48,2.89,0.047,15.0,88.8,0.990247,3.21,0.31,11.130455898
5.52,0.205,0.28,11.08,0.06,48.2,200.4,0.998935,2.98,0.49,8.732072829
6.13,0.619,0.14,1.45,0.087,7.4,25.9,0.995665,3.49,0.53,9.833485355
6.18,0.352,0.28,11.33,0.038,31.1,177.4,0.992411,3.11,0.35,12.19840959
6.2,0.245,0.26,1.68,0.029,10.8,85.3,0.990418,3.42,0.51,11.522807528
6.14,0.27,0.27,12.53,0.047,48.7,189.2,0.996497,3.01,0.63,8.925747676
4.8,0.335,0.31,2.04,0.041,27.2,103.8,0.991154,3.26,0.49,12.073635383
6.83,0.243,0.47,4.33,0.037,23.2,104.1,0.99707,3.34,0.38,11.021455452
10.69,0.327,0.51,1.22,0.081,7.3,57.2,0.998853,3.27,0.53,9.284372261
9.98,1.102,0.66,2.39,0.078,5.5,37.4,0.998191,3.49,0.78,10.685024923
8.51,0.865,0.58,1.12,0.254,6.1,26.5,0.997343,3.22,0.55,9.922010007
6.01,0.32,0.19,2.37,0.038,33.8,92.7,0.995805,3.04,0.41,12.393895493
9.13,0.671,0.36,3.13,0.08,7.4,172.4,0.995031,3.24,0.54,9.908097837
5.71,0.364,0.27,4.75,0.019,47.3,67.3,0.990209,3.61,0.46,11.585585985
9.05,1.144,0.12,1.77,0.086,18.0,21.2,0.999422,3.19,0.45,11.004858781
7.25,0.227,0.28,7.63,0.043,24.8,170.4,0.997858,3.19,0.56,8.93025547
5.41,0.181,0.27,11.21,0.044,29.9,158.1,0.997425,3.04,0.57,8.598268826
8.88,0.444,0.13,1.06,0.041,34.0,198.6,0.993612,3.24,0.44,11.262555984
8.43,0.895,0.05,1.4,0.077,22.2,18.2,0.997808,3.35,0.48,10.137217499
6.8,0.332,0.29,2.01,0.039,11.9,89.1,0.990928,3.02,0.65,12.4817409
5.91,0.326,0.29,2.18,0.03,19.8,106.1,0.991366,3.49,0.64,11.913649019
8.5,0.605,0.05,2.07,0.137,5.4,26.5,0.992876,3.24,0.59,9.74220503
9.5,0.701,0.17,1.1,0.223,14.6,37.5,0.995543,3.42,0.59,9.405536592
5.03,0.226,0.28,2.34,0.044,14.8,95.3,0.989687,3.0,0.53,11.916906092
6.73,0.263,0.27,4.5,0.037,86.0,51.4,0.991885,3.39,0.49,8.719317347
6.78,0.283,0.24,14.6,0.054,35.2,198.3,0.998226,2.98,0.63,9.169708723
6.57,0.288,0.3,9.54,0.053,28.6,132.6,0.992359,3.19,0.58,9.657557591
11.7,0.36,0.32,1.59,0.055,9.9,218.1,0.998744,3.63,0.45,10.443305128
6.67,0.763,0.48,1.23,0.023,20.4,63.8,0.993467,3.0,0.52,10.082930482
7.92,0.821,0.13,1.5,0.082,6.8,27.3,0.996208,3.31,0.55,11.032866968
7.08,0.255,0.3,1.02,0.045,34.2,22.9,0.994268,3.39,0.42,10.123627361
6.53,0.622,0.46,1.1,0.087,25.5,106.4,0.996052,3.15,0.6,9.740528484
5.87,0.259,0.22,2.57,0.055,20.8,90.2,0.991161,3.42,0.44,12.107590647
6.74,0.199,0.3,8.93,0.047,36.6,149.2,0.998404,3.16,0.76,9.293863664
6.08,0.238,0.5,12.97,0.047,30.0,158.3,0.993043,3.14,0.47,10.47629639
5.91,0.308,0.29,5.26,0.036,36.7,113.7,0.990782,3.47,0.45,11.914128488
5.68,0.342,0.29,1.56,0.026,35.5,73.7,0.987838,3.4,0.47,11.266162706
8.85,0.634,0.13,1.3,0.074,11.6,14.2,0.99902,3.35,0.52,10.610138948
5.94,0.288,0.32,1.68,0.056,25.3,211.2,0.996886,3.29,0.65,11.234552205
7.25,0.72,0.04,1.87,0.183,17.1,55.0,0.996852,3.35,0.66,11.495207365
8.63,0.238,0.29,1.4,0.047,26.1,163.8,0.993434,3.29,0.54,9.237181179
8.59,0.228,0.29,1.79,0.048,42.3,171.9,0.996372,3.35,0.38,8.792886951
6.98,0.285,0.31,4.73,0.056,13.0,169.2,0.997317,3.15,0.52,12.256759226
7.52,0.162,0.3,12.16,0.053,45.7,188.3,0.995718,2.89,0.37,9.152019393
8.16,0.974,0.0,1.58,0.241,5.3,24.3,0.998269,3.33,0.67,10.953015278
8.04,0.654,0.08,2.49,0.083,2.6,113.7,0.997772,3.31,0.47,10.759619715
7.37,0.231,0.58,6.64,0.052,57.7,171.5,0.998295,2.92,0.35,9.198454561
5.88,0.405,0.28,4.09,0.094,34.8,180.4,0.996425,3.53,0.62,10.116661347
6.0,0.327,0.34,4.67,0.029,37.4,107.3,0.989862,3.41,0.64,11.468955251
6.93,0.176,0.48,1.3,0.036,11.8,149.9,0.990993,3.19,0.48,11.049500667
8.19,0.647,0.0,2.08,0.086,5.9,25.1,0.993848,3.49,0.82,10.203130194
6.69,0.611,0.3,14.57,0.057,48.1,182.4,0.998438,2.95,0.43,9.520691085
7.32,0.606,0.12,1.57,0.207,10.1,7.8,0.997175,3.44,0.6,11.048758769
8.62,0.282,0.45,1.35,0.07,13.2,100.6,0.998935,3.1,0.57,11.265273077
8.99,0.701,0.09,2.12,0.079,7.4,9.2,0.996867,3.42,0.73,10.082968486
5.78,0.321,0.32,1.73,0.03,46.6,120.4,0.989954,3.24,0.47,11.532453711
6.05,0.318,0.2,4.11,0.033,21.7,93.9,0.993602,3.22,0.54,9.162046799
6.81,0.289,0.29,1.11,0.059,48.0,173.5,0.997162,3.08,0.63,8.796353808
7.71,0.437,0.29,2.45,0.035,97.5,112.8,0.992406,3.07,0.76,10.387284607
6.51,0.156,0.47,11.8,0.042,31.5,110.5,0.998849,3.2,0.64,9.277164869
7.68,0.18,0.26,5.96,0.038,12.6,131.0,0.99506,3.04,0.39,10.749117557
6.6,0.246,0.3,1.15,0.041,26.3,124.0,0.991727,3.17,0.66,9.297372239
6.36,0.269,0.26,8.38,0.044,46.2,200.0,0.989892,3.04,0.69,9.746647071
6.46,0.288,0.29,2.33,0.03,34.6,74.3,0.990225,3.42,0.64,11.081657194
6.81,0.307,0.29,1.19,0.041,37.2,139.5,0.992441,3.07,0.72,9.837843698
6.15,0.593,0.09,2.35,0.046,30.5,9.5,0.996035,3.12,0.53,11.288542347
6.17,0.147,0.51,1.3,0.046,26.2,80.4,0.989405,3.37,0.47,12.483095266
6.97,0.758,0.17,1.41,0.05,47.7,37.7,0.996027,3.31,0.67,10.611747771
6.35,0.22,0.29,14.84,0.052,44.6,155.8,0.991837,3.07,0.49,8.756175713
6.24,0.371,0.28,1.45,0.047,19.9,75.5,0.988636,3.12,0.38,12.89305926
6.98,0.352,0.38,1.83,0.023,23.4,102.9,0.992191,3.09,0.31,11.756809496
8.68,0.203,0.32,9.79,0.045,44.1,227.0,0.994648,3.15,0.55,9.009775158
5.76,0.257,0.3,1.8,0.037,32.4,133.4,0.989639,3.07,0.61,11.052196655
6.05,0.247,0.47,2.41,0.044,33.0,74.9,0.989948,3.21,0.49,10.479876515
9.46,0.84,0.35,1.25,0.09,10.5,31.1,0.999276,3.23,0.64,10.590052325
7.09,0.627,0.22,1.59,0.092,21.1,125.8,0.996838,3.26,0.55,11.259945486
6.7,0.412,0.4,1.89,0.03,16.0,89.4,0.989571,3.6,0.53,11.882969204
5.85,0.294,0.38,2.76,0.036,33.4,91.5,0.989572,3.54,0.57,11.641736021
6.09,0.226,0.22,1.27,0.036,42.9,213.0,0.996747,3.1,0.77,8.933897495
7.3,0.84,0.55,2.23,0.084,5.9,16.1,0.9963,3.15,0.69,10.111451024
5.56,0.319,0.41,1.79,0.032,47.4,54.7,0.989789,3.45,0.48,12.007436807
6.4,0.228,0.26,1.48,0.04,13.5,139.2,0.996685,2.98,0.42,12.369201016
6.83,0.37,0.32,2.49,0.027,15.3,82.6,0.993018,3.2,0.57,12.12407427
6.87,0.253,0.29,6.14,0.046,20.2,165.5,0.990189,3.49,0.39,9.602778552
10.2,1.01,0.09,2.52,0.091,41.2,36.9,0.998549,3.43,0.54,11.60461529
6.32,0.213,0.15,8.08,0.039,20.7,184.7,0.997755,3.51,0.47,9.263836729
5.93,0.4,0.26,5.4,0.044,30.9,107.1,0.993288,3.36,1.09,12.557004311
6.6,0.293,0.3,1.27,0.05,32.1,184.8,0.993794,3.22,0.36,9.679262951
8.88,0.168,0.29,11.67,0.054,44.8,190.3,0.995523,2.99,0.56,12.131059281
6.05,0.192,0.34,2.9,0.032,45.1,127.1,0.990239,3.11,0.67,11.468427025
5.36,0.183,0.28,1.43,0.059,43.3,132.6,0.993911,3.51,0.46,10.302285767
6.66,0.632,0.15,2.49,0.086,38.3,6.0,0.995462,3.34,0.57,10.9063348
6.01,0.166,0.36,1.51,0.029,38.4,85.7,0.989622,3.63,0.52,12.289333393
6.22,0.177,0.18,1.65,0.038,23.8,184.7,0.99308,3.35,0.6,9.723850739
6.81,0.171,0.3,1.62,0.034,12.7,81.3,0.989283,3.47,0.55,10.371328506
6.53,0.323,0.6,11.85,0.045,53.7,119.2,0.999281,3.07,0.36,8.899007796
6.03,0.177,0.27,1.77,0.03,26.6,111.9,0.993765,3.19,0.64,11.800968785
6.23,0.417,0.28,1.8,0.046,14.1,73.1,0.997874,3.46,0.69,10.861563726
7.55,0.209,0.37,6.21,0.025,20.4,139.3,0.990689,3.37,0.55,11.62249925
5.51,0.245,0.29,3.64,0.023,23.2,91.9,0.989631,3.58,0.39,11.07236057
6.16,0.392,0.34,1.68,0.03,36.3,84.9,0.992668,3.37,0.45,10.18287097
8.68,0.755,0.1,1.46,0.046,6.0,22.7,0.99717,3.35,0.73,10.707382792
4.91,0.345,0.47,3.78,0.031,37.5,79.4,0.990666,3.09,0.33,12.42283703
6.93,0.202,0.28,10.6,0.047,58.7,156.7,1.000273,2.97,0.44,9.134928994
7.07,0.161,0.24,2.4,0.051,61.1,169.2,0.998247,3.02,0.48,9.104327574
8.58,0.199,0.11,11.6,0.051,20.7,219.3,0.998007,3.08,0.43,9.095515151
6.98,0.309,0.32,11.97,0.06,49.8,217.6,0.993908,3.11,0.41,8.892440574
7.89,0.288,0.19,1.14,0.043,22.3,72.0,0.996271,3.17,0.86,12.777242037
7.19,0.396,0.2,1.27,0.045,24.2,95.3,0.997575,3.55,0.5,8.84271086
8.64,0.323,0.26,7.37,0.038,18.5,122.6,0.996011,3.0,0.45,11.980165197
7.51,0.279,0.48,1.34,0.095,18.5,93.1,0.995543,3.0,0.49,9.983907746
6.67,0.337,0.41,4.65,0.02,7.1,123.1,0.990695,3.23,0.53,11.597417356
6.32,0.289,0.32,1.44,0.049,24.5,149.0,0.9931,3.25,0.49,10.799638085
6.45,0.28,0.29,6.25,0.047,34.4,171.2,0.999472,3.3,0.49,10.432176014
7.55,1.063,0.08,2.73,0.056,6.4,15.6,0.997975,3.22,0.57,8.992755549
6.46,0.183,0.23,3.93,0.05,59.0,99.0,0.992003,3.18,0.51,12.049975594
5.43,0.297,0.25,1.56,0.034,30.7,82.9,0.991527,3.2,0.34,11.661568572
9.41,0.811,0.06,1.58,0.083,6.5,30.6,0.999043,3.28,0.6,9.668236509
5.86,0.256,0.28,1.03,0.037,13.3,88.9,0.996867,3.26,0.31,10.251216612
6.77,0.245,0.36,4.63,0.031,42.6,98.8,0.9927,3.34,0.45,12.523475986
7.19,0.769,0.18,1.89,0.069,6.3,31.1,0.996041,3.44,0.89,9.880061685
5.84,0.381,0.28,1.07,0.039,23.0,194.5,0.99315,3.06,0.51,12.179286134
6.59,0.209,0.24,2.6,0.022,15.6,125.9,0.991434,3.54,0.69,12.207356803
6.15,0.143,0.24,2.4,0.045,36.9,151.7,0.991104,3.45,0.51,10.296822958
7.0,0.274,0.24,4.16,0.026,22.1,116.2,0.993608,3.62,0.58,12.568508498
6.28,0.358,0.26,8.72,0.045,40.6,218.6,0.995872,3.12,0.5,10.464341249
5.91,0.29,0.37,2.25,0.054,38.6,143.4,0.992672,3.0,0.4,10.478840804
7.48,0.726,0.11,1.07,0.047,5.4,6.8,0.997294,2.99,0.4,11.146249612
5.77,0.221,0.26,10.11,0.036,33.4,144.5,0.992129,3.44,0.58,11.29707155
7.14,0.202,0.2,14.78,0.048,55.6,165.5,0.999546,3.06,0.5,9.322746088
7.68,0.19,0.26,2.76,0.035,62.9,164.8,0.995996,3.21,0.63,11.503627951
6.56,0.352,0.29,5.54,0.035,36.6,93.2,0.989995,3.21,0.47,12.764474068
6.42,0.203,0.35,5.85,0.029,35.3,118.2,0.990289,3.28,0.4,11.064643017
7.33,0.307,0.17,16.33,0.057,54.3,177.4,0.997635,3.49,0.48,8.99862712
8.18,0.57,0.13,1.33,0.098,4.8,19.7,0.998817,2.95,0.6,11.13243438
8.1,0.92,0.0,2.51,0.165,9.3,28.0,0.995279,3.47,0.54,10.176491761
6.51,0.707,0.07,1.97,0.08,10.6,6.3,0.998647,3.62,0.87,9.002011041
6.46,0.344,0.22,1.64,0.037,42.5,174.4,0.996399,3.03,0.54,8.900314382
5.88,0.296,0.22,10.19,0.032,59.2,207.2,0.998032,3.13,0.43,9.349140741
8.79,0.261,0.3,12.2,0.057,36.1,200.6,0.998415,3.12,0.45,8.922711916
7.81,0.243,0.31,1.3,0.046,34.0,134.1,0.992673,3.02,0.54,10.151671028
6.86,0.599,0.52,1.9,0.054,36.4,110.1,0.99758,3.55,0.55,10.472554268
6.32,0.388,0.23,4.65,0.027,33.7,82.1,0.99004,3.24,0.57,9.316454878
5.89,0.367,0.38,1.79,0.037,13.6,175.7,0.993028,3.4,0.8,10.627581539
10.32,0.358,0.27,10.88,0.045,25.6,208.5,0.991873,3.22,0.44,9.420089194
5.63,0.169,0.51,1.71,0.023,28.6,97.0,0.991392,3.39,0.6,11.65728959
7.53,0.39,0.3,2.17,0.076,27.5,96.3,0.995281,3.18,0.52,10.167383182
7.27,0.16,0.2,1.45,0.025,34.5,189.8,0.997321,3.09,0.52,9.455199134
8.61,0.275,0.43,10.98,0.044,44.5,106.1,0.998694,2.98,0.52,9.758743949
6.83,0.263,0.31,14.58,0.053,56.6,143.1,0.993887,3.31,0.47,8.686261105
9.26,0.907,0.08,1.59,0.092,16.5,22.2,0.996894,3.36,0.47,10.567782077
5.25,0.411,0.24,5.7,0.028,50.4,93.8,0.990789,3.59,0.81,11.102846499
6.96,0.195,0.45,5.02,0.027,22.3,137.7,0.991854,3.72,0.45,12.073335819
8.38,0.679,0.1,2.14,0.064,2.6,15.1,0.997804,3.4,0.64,10.774510438
6.23,0.643,0.24,1.32,0.048,35.3,165.3,0.993375,3.16,0.5,10.056873453
8.58,0.294,0.12,4.59,0.041,42.1,75.6,0.994397,3.15,0.46,11.095337423
8.58,0.819,0.05,2.66,0.138,3.4,25.0,0.99591,3.62,0.77,10.884352516
7.32,0.692,0.14,1.32,0.07,10.2,6.0,1.000652,3.34,0.51,9.919137008
6.1,0.325,0.28,2.11,0.035,47.4,133.4,0.992182,2.93,0.52,10.821268758
8.17,0.208,0.19,1.57,0.036,16.1,28.7,0.997541,3.26,0.45,10.339201425
6.84,0.238,0.36,10.81,0.054,55.8,47.2,0.993259,3.05,0.31,8.786542261
6.2,0.196,0.29,5.27,0.035,31.2,99.8,0.989311,3.38,0.52,12.778585289
7.51,0.176,0.53,4.12,0.031,12.1,130.0,0.99538,3.28,0.52,9.76935126
8.4,0.267,0.2,16.18,0.044,15.4,212.2,0.996808,3.21,0.51,8.840852248
5.76,0.169,0.31,1.42,0.039,18.5,87.7,0.990448,3.63,0.4,12.193573981
7.54,0.182,0.13,7.98,0.055,35.6,178.0,0.995961,3.07,0.86,9.696733504
5.75,0.358,0.33,9.78,0.046,82.1,215.5,0.990554,2.99,0.43,8.73963467
7.27,0.665,0.1,3.08,0.076,4.8,6.0,0.997485,3.21,0.71,10.326582327
10.21,0.322,0.29,3.68,0.039,14.7,103.2,0.993692,2.91,0.41,10.550266725
6.39,0.196,0.27,9.08,0.051,34.6,142.0,0.997755,3.12,0.53,8.757013383
6.79,0.229,0.23,13.97,0.049,47.2,94.5,0.991782,3.2,0.43,10.186013429
6.91,0.148,0.34,1.97,0.026,28.4,124.2,0.990315,3.62,0.52,11.581485605
9.26,0.768,0.44,13.87,0.08,17.2,180.4,0.996487,3.24,0.51,9.973355378
7.39,0.229,0.47,1.14,0.037,30.4,143.5,0.991851,2.86,0.43,12.494242958
5.56,0.677,0.3,7.07,0.033,20.2,90.4,0.995281,3.49,0.92,10.902357025
6.51,0.218,0.2,1.73,0.03,15.3,124.1,0.991019,3.33,0.34,11.23791879
9.95,0.757,0.31,0.93,0.024,10.3,111.0,0.993886,3.37,0.53,10.671157167
7.72,0.361,0.11,3.29,0.083,4.2,82.4,0.999346,3.45,0.87,10.096691204
7.94,0.201,0.3,4.83,0.043,24.2,113.8,0.994615,3.39,0.52,9.981358381
7.63,1.136,0.07,2.5,0.081,7.7,22.3,0.997119,3.26,0.65,10.448745761
9.79,0.257,0.3,3.69,0.052,39.4,102.2,0.990897,3.36,0.6,11.050651588
10.04,0.293,0.25,7.82,0.053,40.4,208.3,0.991714,2.98,0.37,8.773760847
9.79,0.359,0.31,9.75,0.055,39.4,195.3,0.999338,3.09,0.72,9.261451264
7.15,0.286,0.09,5.51,0.047,4.7,6.0,0.99705,3.19,0.68,10.418308017
8.21,0.214,0.3,8.83,0.058,35.8,177.1,0.999084,2.91,0.47,8.778172652
5.69,0.273,0.25,4.31,0.026,40.8,100.8,0.995679,3.26,0.67,10.926105631
6.39,0.257,0.27,13.35,0.049,67.2,170.6,0.995,3.01,0.39,9.537398785
7.43,0.195,0.22,12.05,0.054,35.8,173.7,0.997413,2.98,0.45,8.811420356
7.52,0.234,0.39,12.84,0.053,62.7,108.1,0.994005,3.06,0.44,10.440797798
7.03,0.758,0.48,3.04,0.066,7.1,8.1,0.997538,3.36,0.55,9.422659709
11.45,0.265,0.33,2.06,0.051,40.6,111.7,0.99368,3.3,0.44,8.681594222
7.17,0.528,0.24,15.13,0.057,47.6,180.7,0.99678,3.07,0.53,9.52004398
6.99,0.233,0.25,14.28,0.042,19.3,157.2,0.993184,3.11,0.41,10.595479852
5.72,0.164,0.28,4.98,0.049,29.3,86.4,0.991484,3.23,0.82,10.695750358
7.83,0.666,0.17,1.1,0.209,14.6,31.1,0.997006,3.24,0.58,11.162327851
6.6,0.235,0.27,6.44,0.053,36.9,180.2,0.998828,3.11,0.47,9.003245386
5.82,0.378,0.26,11.04,0.051,60.6,233.7,0.997281,3.02,0.41,9.241367049
6.87,0.225,0.27,15.13,0.042,42.0,201.0,0.99501,3.06,0.5,9.384430531
6.84,0.732,0.2,2.01,0.044,16.2,23.3,0.99455,3.03,0.68,10.504157173
7.72,0.49,0.18,2.23,0.084,7.1,35.3,0.99591,3.19,0.66,10.330786247
7.28,0.795,0.01,1.79,0.103,23.5,16.1,0.994157,3.34,0.49,10.837760818
7.47,0.796,0.08,2.95,0.08,4.9,27.9,0.996001,3.59,0.52,9.152358557
6.36,0.239,0.34,2.51,0.033,15.4,76.3,0.990557,3.22,0.55,9.619175444
5.81,0.307,0.29,2.27,0.034,36.2,90.1,0.990433,3.41,0.58,12.14440867
6.14,0.28,0.53,4.92,0.032,33.4,95.1,0.990486,3.45,0.48,11.400315673
7.53,0.312,0.24,1.74,0.051,16.1,86.2,0.991616,3.23,0.53,10.697086101
6.6,0.173,0.2,1.08,0.034,49.2,164.4,0.990767,3.18,0.41,8.664441352
5.92,0.269,0.26,4.84,0.025,30.9,101.7,0.989541,3.49,0.59,12.009201986
9.41,0.79,0.34,1.88,0.274,24.3,22.1,0.99723,3.56,0.62,9.600105102
6.36,0.137,0.2,4.2,0.027,22.8,125.6,0.991202,3.24,0.63,11.682354495
6.29,0.305,0.4,1.54,0.056,15.7,17.6,0.995906,3.49,0.85,11.304776475
6.91,0.261,0.39,11.02,0.046,20.6,156.0,0.992247,3.28,0.49,11.014457763
7.34,0.159,0.35,2.41,0.054,96.5,143.2,0.994627,3.38,0.7,8.996407715
6.48,0.345,0.25,1.38,0.038,38.2,188.6,0.999014,3.13,0.39,10.596223111
5.81,0.22,0.2,1.31,0.052,17.9,173.3,0.992434,3.07,0.41,9.450941034
5.9,0.388,0.29,4.03,0.044,11.3,86.4,0.990418,3.46,0.67,12.28113639
6.8,0.283,0.21,6.58,0.059,55.3,170.7,0.997697,3.12,0.78,9.254668043
7.29,0.29,0.3,0.98,0.03,14.8,141.5,0.995988,3.44,0.52,10.7494426
8.43,0.23,0.62,1.37,0.044,23.4,14.8,0.992907,3.26,0.65,10.749163857
7.81,0.653,0.49,2.74,0.239,6.1,13.0,0.997748,3.41,0.49,10.647299462
6.97,0.289,0.29,5.47,0.034,39.9,112.6,0.993017,3.31,0.5,9.175451705
6.36,0.313,0.3,1.98,0.026,46.9,100.4,0.991135,3.18,0.58,12.632028867
6.3,0.182,0.3,9.96,0.026,35.2,101.4,0.991757,3.44,0.8,12.102238857
6.1,0.437,0.36,1.14,0.108,25.4,159.6,0.992394,3.31,0.83,11.722650142
7.2,0.584,0.25,1.4,0.083,12.3,89.6,0.995488,3.33,0.55,10.965085356
7.12,0.223,0.32,1.94,0.035,44.1,114.0,0.991735,3.19,0.52,11.196324479
10.02,0.727,0.01,2.02,0.083,5.1,17.5,1.000454,3.49,0.63,9.216545385
5.7,0.31,0.24,3.98,0.015,14.7,99.3,0.992024,3.02,0.47,10.104132096
6.51,0.326,0.26,2.23,0.044,15.1,197.1,0.991462,3.27,0.51,10.469425166
7.76,0.253,0.43,4.35,0.056,23.1,81.6,0.99366,3.02,0.57,10.885195079
6.57,0.207,0.29,1.15,0.034,9.5,114.4,0.994987,3.15,0.42,12.099873796
5.91,0.291,0.49,1.4,0.041,47.4,141.9,0.993895,3.33,0.5,10.517745728
8.22,0.423,0.2,11.34,0.044,22.3,188.6,0.999264,3.18,0.64,9.200203437
6.99,0.209,0.48,3.78,0.044,30.5,125.2,0.992711,3.12,0.49,10.943187106
5.81,0.385,0.26,1.59,0.044,30.5,106.2,0.990028,3.51,0.46,11.594893967
7.2,0.2,0.21,11.24,0.058,63.9,195.0,0.99759,3.22,0.37,9.136024959
10.25,0.745,0.03,1.94,0.078,13.5,24.7,1.000255,3.11,0.57,10.900966688
8.06,0.185,0.23,7.82,0.046,22.6,196.5,0.993165,3.25,0.53,8.806853365
4.88,0.267,0.48,1.26,0.031,37.5,82.7,0.990432,3.34,0.48,11.851687514
7.55,0.229,0.35,11.36,0.057,55.7,223.3,0.99721,3.15,0.55,8.743373094
10.85,0.646,0.39,16.06,0.05,4.7,156.2,0.998322,3.55,0.6,10.955891058
6.66,0.384,0.26,3.44,0.028,27.1,125.9,0.989977,3.15,0.5,12.415800246
6.29,0.258,0.16,15.27,0.047,45.0,141.0,0.998699,3.04,0.48,9.899600703
6.62,0.227,0.28,1.86,0.04,38.5,103.8,0.990945,3.38,0.35,12.134648489
7.08,0.261,0.25,1.79,0.041,16.5,125.2,0.989841,3.45,0.46,9.555197221
6.97,0.38,0.49,2.49,0.037,14.2,89.1,0.991178,3.53,0.55,10.875978363
7.03,0.292,0.27,1.72,0.046,53.5,212.4,0.992089,2.98,0.42,10.080880866
6.2,0.219,0.29,7.68,0.037,31.2,86.2,0.996593,3.21,0.69,10.99133935
7.47,0.318,0.23,2.08,0.045,36.5,146.5,0.995786,3.03,0.51,9.239718922
6.44,0.327,0.3,7.1,0.035,23.9,57.0,0.990578,3.22,0.48,11.777779286
6.22,0.203,0.27,10.12,0.047,60.4,182.8,0.99608,3.05,0.37,8.652990767
5.83,0.175,0.19,2.12,0.044,21.8,98.5,0.994539,3.42,0.5,9.157784981
8.39,0.262,0.45,12.13,0.051,59.9,241.1,0.994969,3.15,0.56,8.991368959
6.59,0.399,0.24,14.03,0.053,48.0,255.3,0.999076,3.2,0.67,9.063604078
6.27,0.339,0.28,2.15,0.04,29.3,119.3,0.993522,3.43,0.31,12.280559378
6.53,0.46,0.25,1.27,0.034,28.7,103.5,0.992095,3.56,0.71,9.431345408
6.62,0.18,0.39,6.65,0.041,23.3,114.2,0.992563,3.52,0.72,11.667044961
6.08,0.211,0.45,7.5,0.053,38.3,175.7,0.998322,3.04,0.54,8.753467697
5.92,0.679,0.08,1.68,0.07,9.0,29.7,0.993855,3.4,0.53,10.439835131
7.71,0.167,0.27,1.94,0.051,35.2,79.2,0.992086,2.89,0.42,11.381593867
5.81,0.227,0.24,9.26,0.062,63.0,202.6,0.992088,3.06,0.57,9.668387077
6.77,0.203,0.25,11.51,0.049,54.6,163.9,0.997844,2.97,0.36,8.699479737
7.03,0.155,0.3,14.21,0.102,28.9,218.2,0.99382,2.92,0.44,11.172896109
6.6,0.211,0.26,10.24,0.054,62.3,162.7,0.996743,3.03,0.42,9.316691493
7.03,0.258,0.24,4.48,0.043,35.5,67.6,0.99045,3.47,0.82,8.742880504
6.74,0.237,0.25,12.98,0.053,40.3,206.5,0.996304,3.03,0.49,9.22817459
8.06,0.499,0.08,1.66,0.085,6.0,13.1,0.998028,3.39,0.58,10.162856196
6.32,0.154,0.25,1.68,0.04,27.9,132.3,0.993272,3.01,0.7,10.892986459
6.88,0.201,0.26,1.33,0.066,38.4,83.9,0.995037,3.49,0.45,9.488558622
6.25,0.718,0.12,2.61,0.082,4.9,88.4,0.999508,2.97,0.52,10.27640683
5.9,0.23,0.21,5.54,0.035,23.4,97.8,0.988961,3.57,0.39,11.505368056
7.65,0.768,0.05,2.35,0.09,15.2,8.2,0.995511,3.12,0.53,9.400079403
10.46,0.989,0.06,1.79,0.085,8.8,14.0,0.997592,3.46,0.96,10.430206208
7.14,0.389,0.29,11.11,0.054,37.3,191.5,0.995473,3.08,0.51,8.789916091
6.32,0.25,0.3,6.34,0.033,17.7,92.7,0.991543,3.38,0.42,11.545578408
5.43,0.289,0.24,12.04,0.07,15.3,255.4,0.994544,3.11,0.46,9.27685963
8.15,0.188,0.23,6.54,0.049,45.3,152.0,0.994831,3.0,0.37,9.205461517
7.1,0.33,0.32,1.53,0.035,10.6,143.4,0.990107,3.36,0.56,12.449259027
7.86,0.197,0.32,9.32,0.055,36.4,203.2,0.996494,3.17,0.4,8.996193089
9.09,0.779,0.12,3.19,0.089,3.3,16.8,0.994366,3.6,1.19,9.76036036
10.18,0.41,0.48,1.25,0.071,34.5,153.1,0.993055,3.43,0.45,10.541749901
7.05,0.579,0.01,4.81,0.088,4.8,36.0,0.997351,3.21,0.76,11.837466023
8.11,0.759,0.01,1.7,0.084,5.2,30.4,1.000331,3.62,1.27,8.79516728
6.24,0.206,0.26,5.7,0.053,29.4,137.3,1.000845,3.62,0.62,8.787999152
6.02,0.247,0.32,13.95,0.053,52.7,235.7,0.997616,2.98,0.41,9.283577176
6.21,0.398,0.33,16.01,0.033,53.7,185.1,0.995097,3.34,0.76,10.8119601
11.97,0.149,0.49,13.1,0.049,18.2,199.0,0.992195,3.31,0.58,10.411937748
6.17,0.257,0.42,2.17,0.041,13.1,174.2,0.99351,3.1,0.43,12.24290396
6.91,1.202,0.13,0.99,0.083,4.0,13.9,0.997529,3.42,1.06,10.856508243
6.92,0.757,0.02,0.96,0.08,5.0,13.3,0.996056,3.39,0.71,11.493927503
7.58,0.747,0.11,2.23,0.075,8.9,11.3,0.995868,3.23,0.55,10.36396485
7.84,0.698,0.0,2.48,0.102,3.6,26.3,0.999059,3.5,0.74,9.74680785
7.84,0.309,0.11,14.78,0.051,53.1,193.0,0.996786,3.22,0.42,11.969160324
6.22,0.174,0.2,7.21,0.055,68.1,194.8,0.998776,3.23,0.42,9.112890782
6.96,0.184,0.5,2.09,0.038,32.5,139.4,0.996307,3.44,0.56,10.089971404
6.31,0.317,0.31,0.97,0.041,16.7,138.1,0.992658,3.17,0.6,9.528407273
8.26,0.701,0.47,2.45,0.087,7.8,14.0,0.995224,3.4,0.59,10.332984792
8.13,0.819,0.12,1.28,0.095,15.8,13.9,0.99693,3.3,0.55,10.076139249
6.2,0.26,0.23,2.07,0.042,28.3,104.3,0.99106,3.21,0.48,10.197542747
6.01,0.44,0.15,2.51,0.044,51.4,86.4,0.992045,3.41,0.59,12.482101542
7.87,0.652,0.05,1.14,0.09,4.8,21.4,0.996279,3.65,0.52,11.241553701
6.49,0.3,0.26,12.41,0.048,30.2,170.6,0.998969,3.09,0.45,8.876649011
7.03,0.22,0.27,4.19,0.03,24.8,95.9,0.992116,3.14,0.61,12.182310297
6.13,0.259,0.29,15.6,0.057,47.8,141.3,0.997537,3.03,0.58,9.553490761
6.06,0.333,0.28,1.61,0.025,21.2,98.3,0.991309,3.45,0.48,11.38669365
6.42,0.186,0.25,1.33,0.03,15.7,119.4,0.989455,3.12,0.51,12.261896336
9.07,0.65,0.05,3.76,0.096,2.8,10.0,0.99934,3.36,0.96,9.890353744
7.36,0.211,0.28,4.64,0.042,41.8,121.8,0.990582,3.22,0.53,11.937937536
6.53,0.383,0.39,1.26,0.048,28.3,169.4,0.991454,3.22,0.53,10.867764311
6.59,0.26,0.44,8.68,0.059,42.3,205.5,0.998032,3.13,0.31,9.029552619
7.11,0.203,0.26,1.6,0.057,13.2,153.6,0.993057,3.17,0.59,10.397087563
6.5,0.388,0.28,4.42,0.042,21.9,120.1,0.991914,3.15,0.66,11.756016588
5.81,0.158,0.2,2.06,0.02,21.9,120.6,0.992178,3.52,0.57,11.448811237
7.19,0.255,0.56,2.04,0.044,45.0,149.9,0.99687,3.23,0.64,13.056434737
6.39,0.154,0.29,2.36,0.041,41.3,116.5,0.989808,3.19,0.58,11.573010698
6.26,0.195,0.42,1.9,0.024,23.3,130.7,0.99017,3.61,0.51,11.484061509
5.72,0.276,0.21,13.86,0.043,32.9,77.8,0.994828,3.03,0.44,10.916670816
6.08,0.194,0.32,7.86,0.036,49.0,208.3,0.996146,3.1,0.36,8.906535718
8.59,0.686,0.5,1.9,0.073,8.6,15.1,0.997637,3.22,0.64,9.960127803
6.5,0.378,0.25,3.42,0.044,59.7,189.9,0.995593,3.25,0.48,9.9503753
7.04,0.194,0.29,12.1,0.048,58.6,163.6,0.998186,3.16,0.44,8.620316274
7.42,0.558,0.3,2.65,0.083,32.7,23.9,0.999361,3.39,0.87,9.625198593
7.82,0.235,0.25,9.49,0.048,26.2,147.7,0.993302,3.07,0.37,9.025738383
6.21,0.172,0.36,5.56,0.03,52.4,133.3,0.99802,2.87,0.6,10.507843909
6.29,0.218,0.4,4.69,0.033,15.7,79.9,0.993718,3.19,0.53,11.886827464
8.03,0.963,0.5,5.91,0.069,5.2,34.7,0.995211,3.41,0.43,10.466517022
5.2,0.232,0.3,1.81,0.024,11.8,109.8,0.993229,3.54,0.56,11.549876499
7.23,0.242,0.29,12.74,0.065,39.3,185.2,0.996576,3.06,0.44,9.134733268
4.91,0.225,0.43,1.8,0.031,38.0,126.3,0.991429,3.46,0.68,10.866208234
6.81,0.244,0.39,7.51,0.068,64.2,53.0,0.997523,3.34,0.45,10.567160006
7.54,0.642,0.32,1.39,0.074,18.1,19.9,0.995022,3.13,0.38,10.505023786
7.47,0.646,0.0,1.44,0.085,11.2,16.2,0.998068,3.4,0.44,10.702219534
5.95,0.177,0.23,10.66,0.055,77.9,147.6,0.992601,3.06,0.37,9.459806542
5.75,0.263,0.31,1.94,0.026,15.8,101.0,0.991667,3.8,0.54,11.787166537
5.94,0.611,0.28,7.6,0.039,12.5,147.0,0.991971,3.32,0.5,11.300425915
7.45,0.194,0.3,1.33,0.045,36.1,114.8,0.990713,3.25,0.48,10.590472755
6.96,0.441,0.25,1.24,0.031,16.4,57.1,0.991921,3.51,0.96,11.463570143
7.67,0.655,0.01,1.36,0.105,6.3,33.4,0.999681,3.18,0.52,11.316391523
5.95,0.199,0.29,8.05,0.044,45.6,91.0,0.990756,2.83,0.53,10.114127424
6.11,0.201,0.31,4.88,0.032,15.8,86.4,0.991451,3.46,0.52,12.325179509
4.81,0.132,0.13,2.34,0.022,24.7,84.7,0.992005,3.54,0.83,12.210661047
6.72,0.238,0.28,10.32,0.053,54.8,171.3,0.997907,3.52,0.49,10.205527962
6.69,0.505,0.7,7.62,0.08,19.7,55.0,0.998663,2.91,0.45,9.301557841
6.45,0.268,0.22,12.87,0.058,41.7,216.0,0.998145,3.2,0.49,9.157305775
5.89,0.197,0.31,1.68,0.04,21.6,58.4,0.9902,3.43,0.38,11.605382864
5.84,0.387,0.37,2.11,0.053,60.2,76.2,0.998552,3.25,0.47,11.482738097
7.47,0.246,0.34,12.86,0.051,36.9,31.9,0.995498,3.05,0.51,9.108816677
10.0,1.143,0.35,1.79,0.084,2.8,21.5,0.997871,3.56,1.25,9.986830727
5.82,0.441,0.12,1.69,0.103,13.0,21.0,0.993628,3.2,0.48,10.257105232
6.14,0.359,0.49,1.41,0.034,22.6,88.5,0.989475,3.22,0.53,11.969919922
8.78,0.631,0.17,2.06,0.095,10.3,66.0,0.998746,3.47,0.46,9.826114237
6.31,0.328,0.31,6.45,0.055,32.4,104.4,0.995896,3.15,0.5,10.74320065
5.83,0.293,0.26,4.44,0.05,39.4,140.0,0.993176,3.25,0.74,8.650857069
5.68,0.233,0.28,11.7,0.054,13.8,199.2,0.995722,3.17,0.41,9.086642324
6.8,0.304,0.25,10.76,0.056,63.8,130.3,0.999616,3.15,0.5,8.972140434
8.21,0.9,0.31,1.6,0.041,6.8,48.7,0.999415,3.5,0.61,9.609742117
6.55,0.346,0.34,2.12,0.044,21.2,57.8,0.990788,3.15,0.5,11.433218069
8.49,0.646,0.08,2.66,0.08,5.2,6.0,0.999595,3.16,0.69,10.257636545
6.32,0.297,0.49,4.03,0.028,20.7,95.1,0.990113,3.39,0.42,10.110124285
6.65,0.202,0.2,4.04,0.026,18.3,122.7,0.990452,3.56,0.45,11.893714473
6.03,0.253,0.32,4.85,0.021,24.5,97.6,0.991947,3.3,0.44,11.553910824
7.17,0.169,0.27,10.49,0.056,35.6,233.3,0.995904,3.0,0.43,9.326255191
6.51,0.121,0.26,4.88,0.029,21.7,91.3,0.995291,3.03,0.49,11.728295007
5.6,0.312,0.35,5.02,0.033,15.6,104.1,0.989713,3.29,0.59,12.777421578
6.0,0.269,0.36,10.06,0.044,17.2,205.4,0.996373,3.18,0.4,9.63616492
5.85,0.181,0.2,2.37,0.038,22.8,116.8,0.994178,3.12,0.71,11.067107347
4.84,0.163,0.29,1.34,0.036,28.7,96.6,0.991109,3.31,0.62,11.189653971
9.06,0.327,0.5,13.82,0.032,33.7,126.0,0.996147,3.38,0.65,11.347124612
10.91,0.818,0.08,2.23,0.099,5.4,17.9,0.991636,3.57,0.7,10.355823916
7.84,0.637,0.09,2.02,0.087,4.2,26.0,0.998677,3.59,1.14,10.442465304
7.05,0.281,0.11,1.59,0.111,8.9,158.5,0.99851,3.47,0.5,9.200569024
7.82,0.609,0.58,3.07,0.1,6.5,20.0,0.997979,3.25,0.75,10.703917317
6.53,0.173,0.24,1.89,0.047,46.9,141.1,0.993772,3.26,0.41,10.302989096
7.58,0.209,0.23,10.56,0.066,52.3,213.4,0.994916,3.1,0.47,9.516105669
7.23,0.176,0.37,1.77,0.076,11.6,70.7,0.996184,3.22,0.6,8.853938554
7.32,0.573,0.38,1.36,0.186,9.1,60.6,0.993356,3.31,0.59,9.267945059
6.19,0.437,0.21,1.8,0.026,34.3,41.9,0.989714,3.34,0.6,12.314743291
6.19,0.201,0.3,1.47,0.026,37.8,112.0,0.994297,2.98,0.58,11.037075711
6.44,0.195,0.25,1.41,0.039,29.8,97.9,0.992307,3.22,0.43,11.574336082
6.17,0.212,0.29,1.96,0.026,32.6,98.7,0.99218,3.29,0.54,11.545194765
6.68,0.166,0.27,2.15,0.021,11.0,110.0,0.990084,3.36,0.53,12.083521926
7.03,1.014,0.14,0.99,0.067,7.4,14.2,0.997509,3.33,0.47,10.072763978
6.66,0.185,0.36,9.12,0.099,15.4,174.1,0.99845,3.39,0.31,10.831623962
6.7,0.265,0.27,8.9,0.044,43.6,198.2,0.998874,3.12,0.43,9.205263039
6.12,0.181,0.51,3.13,0.048,64.4,83.8,0.991664,3.03,0.58,10.22651916
8.32,0.386,0.55,3.29,0.041,19.3,114.8,0.99362,3.07,0.5,10.864865254
6.2,0.177,0.39,1.08,0.027,33.2,93.6,0.990389,3.25,0.47,12.341999074
9.72,0.857,0.58,1.66,0.102,6.4,6.0,0.995795,3.12,0.83,10.45500469
7.78,0.239,0.21,10.42,0.053,40.9,215.6,0.997216,3.02,0.49,9.0412366
6.65,0.637,0.33,2.32,0.048,52.9,120.4,0.990948,3.08,0.52,9.241399439
6.11,0.341,0.22,2.39,0.141,43.6,115.3,0.99388,3.27,0.67,12.22569279
6.52,0.197,0.27,12.11,0.04,11.9,133.8,0.994386,3.33,0.37,10.551390891
7.63,0.349,0.31,5.69,0.035,51.4,131.1,0.995252,2.99,0.83,9.687788365
6.91,0.571,0.42,1.55,0.043,19.0,154.1,0.995539,3.16,0.53,11.240480232
8.22,0.583,0.32,1.46,0.114,62.8,74.8,0.995749,3.31,0.52,10.885444454
11.1,0.475,0.29,1.08,0.053,20.1,158.0,0.99289,3.38,0.62,10.059909855
6.33,0.272,0.3,1.97,0.026,30.3,109.8,0.989998,3.0,0.31,10.940892289
6.39,0.219,0.32,13.49,0.055,47.2,220.5,0.996886,3.16,0.43,8.754751181
6.63,0.177,0.32,1.53,0.171,17.7,125.3,0.991843,3.34,0.42,12.006452078
7.15,0.282,0.3,1.93,0.038,12.1,142.2,0.995409,3.12,0.64,9.352286877
7.73,0.406,0.19,1.55,0.033,31.6,123.6,0.994875,3.0,0.42,9.259695448
6.5,0.234,0.29,4.51,0.04,19.2,134.6,0.993839,3.48,0.81,11.916566289
8.72,1.049,0.1,2.12,0.089,18.2,22.3,0.999075,3.62,0.5,10.596330046
8.33,0.241,0.35,2.47,0.037,33.0,85.7,0.997211,3.29,0.47,10.245937071
7.49,0.615,0.56,1.32,0.159,11.8,210.9,0.996119,3.5,0.51,10.893575364
5.71,0.227,0.26,1.43,0.028,38.5,109.3,0.992834,3.54,1.33,12.557839889
5.31,0.343,0.28,4.57,0.036,44.4,91.6,0.991,3.37,0.56,12.13204854
6.21,0.302,0.24,12.52,0.048,25.7,182.3,0.993548,3.26,0.46,10.760331765
7.76,0.676,0.06,5.78,0.073,6.2,18.5,0.999188,3.39,0.66,11.378670696
7.38,0.613,0.02,1.11,0.046,15.1,48.8,0.997626,3.36,0.65,12.091881874
5.86,0.389,0.26,6.99,0.044,34.1,128.8,0.991652,3.22,0.48,9.363087957
6.28,0.414,0.55,2.25,0.051,11.5,37.5,0.992559,3.49,0.55,10.819172697
6.4,0.276,0.49,10.97,0.052,10.5,96.2,0.995933,3.38,0.55,11.196585487
6.48,0.266,0.31,1.99,0.042,28.4,95.6,0.993197,3.11,0.68,12.079434124
6.24,0.282,0.3,3.41,0.029,46.4,79.7,0.994876,3.43,0.38,11.935224966
5.91,0.463,0.29,3.86,0.043,17.7,105.7,0.991279,3.58,0.78,12.117050832
6.97,0.355,0.31,2.08,0.043,20.1,142.2,0.992119,3.2,0.42,12.686631114
6.73,0.258,0.25,10.1,0.049,31.0,165.7,0.995933,3.0,0.5,8.52974792
9.24,0.859,0.57,1.27,0.175,25.9,67.9,0.993339,3.2,0.7,10.701176539
6.3,0.233,0.28,8.98,0.039,36.1,119.8,0.99196,3.27,0.5,12.471190489
7.51,0.623,0.03,1.89,0.096,13.4,18.2,0.999499,3.5,0.85,9.649287198
7.45,0.26,0.26,5.3,0.053,14.8,31.5,0.99994,3.25,0.38,10.447654084
5.77,0.381,0.23,4.63,0.024,21.4,79.9,0.989744,3.52,0.67,11.90020837
6.26,0.263,0.36,1.96,0.027,13.1,106.1,0.989867,3.2,0.34,12.096317595
7.61,0.261,0.26,10.48,0.041,44.6,214.2,0.997782,3.11,0.51,8.671964207
7.61,0.204,0.28,2.05,0.05,45.9,211.7,0.994191,3.07,0.48,8.751060016
7.78,0.337,0.24,11.74,0.042,41.8,149.6,0.995218,3.14,0.6,9.024707738
5.99,0.193,0.4,2.5,0.029,17.3,44.2,0.991984,3.22,0.46,12.149761408
6.04,0.194,0.32,1.67,0.026,15.4,72.9,0.991209,3.36,0.36,11.791538566
5.53,0.163,0.47,2.07,0.045,19.0,135.7,0.991582,3.44,0.76,11.867161829
8.9,0.295,0.55,1.7,0.042,42.7,174.1,0.994337,3.58,0.47,10.766227141
5.66,0.342,0.3,9.93,0.059,49.8,205.0,0.997369,3.1,0.51,9.839417405
6.96,0.792,0.1,3.06,0.089,11.4,56.8,0.999145,3.41,0.84,10.436831176
10.3,0.328,0.29,1.29,0.048,23.6,75.2,0.997682,3.25,0.55,10.151055017
7.76,0.753,0.08,3.36,0.074,11.2,6.9,1.001101,3.11,0.59,10.691084795
7.79,0.193,0.32,13.3,0.051,17.5,221.2,0.996206,3.07,0.39,9.612427197
6.88,0.326,0.23,10.92,0.05,47.4,197.9,0.997199,3.12,0.49,9.220585548
7.68,0.783,0.67,2.13,0.031,6.4,17.4,0.996478,3.32,0.54,9.532826501
5.74,0.246,0.17,1.25,0.031,14.4,150.8,0.99524,3.18,0.42,12.623053358
7.49,0.157,0.37,1.5,0.046,22.5,121.1,0.99417,3.37,0.76,10.130215919
6.94,0.258,0.24,11.91,0.041,57.9,190.8,0.995951,3.21,0.58,9.173930198
7.79,0.299,0.24,7.22,0.055,46.6,212.8,0.996793,3.05,0.51,8.778200564
7.72,0.284,0.27,11.28,0.046,41.5,206.0,0.996932,3.08,0.59,10.119819914
7.12,0.19,0.26,13.7,0.041,50.0,212.1,0.994835,3.01,0.6,8.963924142
7.32,0.218,0.26,15.72,0.053,47.3,176.7,0.998782,3.22,0.68,9.459968324
5.52,0.161,0.26,3.97,0.032,31.2,95.6,0.990572,3.0,0.42,10.779485678
5.93,0.166,0.3,12.73,0.08,53.0,203.5,0.997033,3.39,0.54,9.686438637
5.87,0.197,0.22,13.45,0.045,43.7,172.0,0.997503,3.16,0.57,9.098620325
6.25,0.348,0.31,3.87,0.04,25.6,103.2,0.99194,3.3,0.58,12.726972687
7.85,1.071,0.0,2.03,0.071,3.0,8.3,0.998057,3.42,0.6,10.109241318
6.71,0.238,0.25,6.06,0.054,58.1,156.2,0.998552,2.97,0.44,8.9072396
6.98,0.353,0.18,5.82,0.019,28.0,115.4,0.990986,3.59,0.57,12.562067284
6.25,0.204,0.47,3.85,0.031,28.2,98.3,0.992772,3.32,0.49,11.873352708
6.49,0.411,0.28,5.26,0.037,30.6,93.5,0.988813,3.33,0.38,13.010050853
10.1,0.863,0.32,1.49,0.122,8.4,104.7,1.0016,3.33,0.64,9.570996568
7.81,0.912,0.07,1.78,0.082,2.5,11.2,0.999644,3.62,0.6,11.056303874
6.79,0.252,0.38,5.43,0.035,26.6,67.7,0.990326,3.32,0.86,8.834731223
5.96,0.327,0.24,13.94,0.034,40.6,220.9,0.993834,3.17,0.56,9.374582784
5.9,0.149,0.31,5.5,0.036,19.0,84.0,0.989986,3.51,0.44,12.260624199
5.95,0.294,0.27,1.64,0.03,28.2,92.0,0.991019,3.3,0.38,11.980505723
8.97,0.66,0.11,1.19,0.098,4.9,24.6,1.000094,3.21,0.5,9.921423919
6.63,0.157,0.38,1.37,0.034,12.4,176.1,0.990507,3.61,0.83,12.850111597
9.47,0.546,0.19,1.19,0.053,4.0,93.6,0.995744,3.21,0.53,10.886305185
6.17,0.298,0.23,5.58,0.048,19.7,87.8,0.994996,3.07,0.47,11.102649555
5.8,0.176,0.36,4.92,0.025,32.5,100.9,0.990371,3.36,0.45,11.668331039
8.14,0.778,0.04,2.54,0.077,8.2,39.4,0.995739,3.32,0.5,10.389410475
6.33,0.154,0.37,1.82,0.046,23.4,165.3,0.992478,3.36,0.51,10.395699794
5.67,0.219,0.46,2.14,0.033,26.2,94.8,0.99239,3.3,0.58,12.009359022
6.21,0.233,0.38,5.3,0.038,48.4,46.7,0.991654,3.42,0.44,11.778311245
6.09,0.36,0.4,1.56,0.031,9.8,91.5,0.992418,3.55,0.35,11.919799527
8.59,0.23,0.21,9.98,0.055,48.0,249.0,0.993315,3.19,0.41,8.95466337
9.41,0.84,0.09,1.6,0.086,5.7,44.2,0.998914,3.44,0.92,10.172849577
5.72,0.324,0.21,3.17,0.033,33.1,104.1,0.989487,3.38,0.72,11.5411898
8.12,0.413,0.09,1.45,0.073,16.6,26.0,0.997209,3.32,0.47,10.377333165
8.67,0.698,0.37,1.46,0.092,5.1,12.6,0.995244,3.8,0.59,10.581546339
6.68,0.202,0.29,2.06,0.035,20.7,98.8,0.990519,3.13,0.49,11.761156283
6.35,0.175,0.45,5.51,0.031,48.4,76.9,0.995532,3.53,0.74,10.60182081
6.15,0.252,0.32,1.83,0.039,44.0,154.2,0.9954,3.28,0.57,9.22779887
6.05,0.301,0.29,5.12,0.043,32.2,99.4,0.993774,3.1,0.61,10.611474031
5.32,0.176,0.21,14.71,0.056,54.1,213.8,0.995081,2.98,0.43,9.197183776
5.89,0.576,0.22,7.21,0.036,46.8,104.1,0.992674,3.45,0.41,9.559343555
6.72,0.249,0.24,3.05,0.146,16.9,6.0,0.992288,3.42,0.65,10.598387704
5.43,0.194,0.3,5.09,0.027,19.2,98.5,0.993217,3.25,0.52,11.7127621
8.06,1.13,0.11,3.19,0.079,6.8,19.6,0.998853,3.57,1.0,9.408531991
6.63,0.179,0.26,13.9,0.062,32.0,179.3,0.996508,3.11,0.37,9.18623717
6.51,0.269,0.33,1.94,0.02,27.9,95.0,0.990823,3.35,0.36,10.210509622
9.04,0.671,0.05,1.4,0.097,18.3,35.2,0.994568,3.16,0.49,9.368314397
6.36,0.279,0.33,1.68,0.032,19.2,90.0,0.990774,3.26,0.72,11.71035205
6.19,0.186,0.24,13.38,0.043,13.8,185.4,0.998603,3.26,0.55,9.417795159
7.75,0.331,0.33,4.22,0.032,48.0,103.3,0.997255,3.14,0.62,10.062058157
8.33,0.505,0.0,1.46,0.088,8.1,12.3,0.99747,3.35,0.64,10.928129918
7.81,0.599,0.52,3.18,0.104,26.9,170.3,0.993263,3.33,0.48,9.311686116
8.29,0.649,0.09,1.37,0.212,4.4,19.4,0.997648,3.32,0.61,9.399296143
5.96,0.198,0.28,2.25,0.046,14.0,140.6,0.99907,3.38,0.59,9.905756334
6.39,0.33,0.3,1.14,0.049,31.6,86.5,0.994218,3.26,0.45,8.953942075
5.58,0.409,0.13,3.94,0.028,40.4,103.5,0.989309,3.52,0.4,12.073665285
5.81,0.203,0.22,10.28,0.04,51.2,185.5,0.995713,3.03,0.39,8.901394436
4.91,0.295,0.44,3.62,0.049,29.1,93.7,0.989477,3.38,0.94,12.363254106
7.21,0.207,0.28,1.64,0.05,50.9,186.0,0.993966,2.89,0.5,10.764412051
6.06,0.189,0.46,2.08,0.024,31.6,66.3,0.991493,3.29,0.5,10.85948432
6.69,0.297,0.37,1.87,0.022,26.6,124.9,0.989918,3.58,0.55,10.919873908
7.44,0.306,0.11,1.22,0.053,50.9,144.7,0.995923,3.21,0.44,8.618758763
7.12,0.41,0.38,11.63,0.05,47.3,224.3,0.995323,3.2,0.5,8.662387227
5.79,0.158,0.29,4.42,0.037,20.6,127.2,0.990538,3.54,0.41,10.737931361
5.95,0.2,0.25,9.66,0.048,37.3,228.9,0.991775,3.0,0.69,10.825545619
7.2,0.2,0.27,3.16,0.042,19.6,148.7,0.991948,3.19,0.61,9.965557702
6.83,0.215,0.52,1.45,0.032,11.9,92.5,0.991635,3.13,0.53,11.975806655
6.81,0.233,0.66,10.54,0.061,35.9,163.2,0.997706,2.94,0.58,9.070950573
6.76,0.246,0.2,6.9,0.038,48.0,194.1,0.998608,3.09,0.4,8.74722643
7.12,0.189,0.21,4.63,0.04,23.4,127.3,0.995935,3.15,0.57,11.531450491
7.1,0.193,0.34,10.77,0.061,49.4,239.1,0.997054,3.17,0.56,9.347370156
6.39,0.309,0.3,5.19,0.049,14.2,70.1,0.996681,3.32,0.63,10.577178412
6.7,0.435,0.26,10.68,0.047,31.9,166.2,0.995865,3.23,0.48,8.703993739
7.57,0.864,0.5,1.03,0.092,4.2,23.9,1.001743,3.32,0.68,9.166608948
8.46,0.281,0.19,1.66,0.041,44.9,111.2,0.996609,3.57,0.65,12.436470226
5.86,0.127,0.35,1.4,0.041,33.2,111.7,0.992509,3.28,0.41,12.697209063
5.86,0.342,0.3,12.73,0.057,52.6,211.1,0.997923,3.07,0.41,10.485700185
6.77,0.247,0.3,1.3,0.049,29.2,28.8,0.993601,3.51,0.63,11.160159672
8.57,0.234,0.34,5.14,0.033,57.3,218.2,0.991794,3.06,0.45,9.890879239
6.96,0.185,0.45,8.77,0.055,45.2,214.6,0.998151,3.14,0.63,9.149746251
6.29,0.315,0.36,3.89,0.021,16.0,151.1,0.989985,3.45,0.53,12.199317806
7.03,0.204,0.48,7.26,0.047,33.5,149.2,0.996232,3.21,0.59,10.014910684
9.11,0.995,0.11,1.06,0.089,5.3,26.3,0.996222,3.41,0.69,10.051511484
7.77,0.496,0.1,1.03,0.154,6.9,12.6,0.999503,3.41,0.47,10.103381191
5.8,0.188,0.28,1.43,0.042,23.4,101.0,0.997303,3.24,0.52,10.43977492
7.3,0.186,0.24,12.67,0.054,31.2,182.2,0.99485,3.27,0.45,9.078631183
5.83,0.232,0.29,4.44,0.041,37.1,167.6,0.993557,2.98,0.51,9.975381315
5.51,0.416,0.34,5.1,0.027,9.9,89.8,0.990404,3.27,0.59,12.310942365
6.73,0.307,0.25,10.92,0.062,56.1,253.1,0.995181,2.97,0.61,9.202181172
6.56,0.18,0.5,10.27,0.039,25.2,97.3,0.991618,3.0,0.81,11.370263227
6.5,0.202,0.27,2.01,0.05,17.8,153.6,0.994252,3.26,0.42,9.745800486
9.41,1.035,0.06,2.59,0.097,5.0,26.0,0.999014,3.25,0.89,10.672322089
5.73,0.182,0.48,1.51,0.05,29.4,164.1,0.993493,3.07,0.5,10.422825498
5.31,0.152,0.4,2.04,0.031,28.4,87.4,0.990925,3.15,0.47,12.218842745
5.93,0.395,0.27,4.93,0.038,44.9,88.1,0.9898,3.55,0.56,10.558141633
6.42,0.268,0.23,13.09,0.054,54.3,168.0,0.998149,3.02,0.62,8.811043995
5.09,0.342,0.32,3.79,0.037,31.3,92.5,0.990774,3.29,0.49,11.449005613
7.4,0.652,0.05,1.1,0.096,7.0,26.4,0.999052,3.2,0.5,10.459828327
6.43,0.16,0.44,1.8,0.027,19.5,99.6,0.990314,3.37,0.39,11.776834759
6.08,0.127,0.49,1.35,0.044,45.3,94.6,0.992942,3.46,0.69,10.907076889
10.58,1.086,0.5,1.61,0.085,3.1,29.2,0.995878,3.67,0.65,10.756943083
6.78,0.199,0.72,13.82,0.046,28.2,137.9,0.997114,3.05,0.44,9.103600692
6.74,0.907,0.01,1.06,0.08,13.7,21.1,0.997694,3.27,0.47,10.315376995
9.87,0.879,0.0,2.02,0.232,4.4,15.9,0.996639,3.37,0.54,9.227649957
8.98,0.245,0.26,11.82,0.052,36.2,243.0,1.000292,2.96,0.45,9.989828283
6.61,0.292,0.35,3.06,0.04,6.4,101.1,0.989781,3.29,0.9,11.103586013
7.3,0.306,0.29,12.61,0.053,62.6,219.9,0.992703,2.96,0.77,9.09117263
6.62,0.322,0.24,1.76,0.06,22.3,116.3,0.994291,3.25,0.61,10.380509491
7.13,0.238,0.28,1.2,0.021,32.3,225.5,0.992115,3.07,0.37,9.317376538
6.39,0.288,0.31,5.17,0.046,24.3,170.5,0.993205,3.02,0.38,9.930076387
5.77,0.384,0.3,1.0,0.026,13.7,87.9,0.989552,3.44,0.31,11.510370932
7.11,0.175,0.28,15.29,0.045,44.2,170.9,0.99832,3.24,0.56,8.493177969
6.02,0.139,0.3,2.47,0.035,29.6,75.2,0.989212,3.34,0.43,11.434085213
5.94,0.26,0.28,1.14,0.032,6.5,191.5,0.995176,3.16,0.37,8.742321921
5.82,0.17,0.37,2.77,0.028,30.0,121.4,0.993488,3.11,0.43,12.106661571
6.57,0.195,0.26,7.25,0.053,21.1,232.7,0.990177,2.96,0.39,12.564113025
6.26,0.298,0.29,1.29,0.046,29.5,119.4,0.992143,3.16,0.35,12.02115621
5.02,0.317,0.24,4.56,0.023,44.1,117.3,0.990725,3.49,0.34,10.32400341
6.24,0.273,0.26,5.75,0.058,41.0,164.1,0.99921,2.9,0.8,9.071080701
7.65,0.281,0.22,5.43,0.047,53.0,178.1,0.997487,3.36,0.45,9.349001758
7.35,0.803,0.12,1.38,0.068,5.6,11.9,0.996263,3.45,0.62,11.005513167
6.05,0.38,0.3,2.63,0.045,23.9,96.3,0.993354,3.5,0.54,11.32969519
7.05,0.185,0.24,12.52,0.052,43.4,213.7,0.997856,3.28,0.62,8.661265177
8.74,1.155,0.0,2.16,0.087,4.6,6.0,0.99813,3.64,0.92,11.071298753
7.07,0.199,0.26,7.36,0.044,112.2,137.1,0.993918,3.06,0.44,9.261161689
8.5,0.643,0.05,2.08,0.15,2.9,14.6,0.996015,3.45,0.63,10.296942219
7.65,0.293,0.3,2.46,0.044,46.9,216.1,0.998581,3.03,0.49,9.095206813
6.4,0.172,0.25,7.93,0.048,37.1,226.2,0.996976,3.21,0.53,9.253054725
6.98,0.241,0.27,6.21,0.054,61.1,163.9,0.996743,3.15,0.55,9.165221227
6.9,0.24,0.26,10.01,0.054,34.1,226.3,0.997031,3.17,0.44,9.391433173
5.67,0.142,0.33,2.25,0.033,30.2,91.0,0.99031,3.53,0.68,12.2240062
5.88,0.284,0.22,4.84,0.037,25.3,116.4,0.991674,3.33,0.54,12.011712056
7.27,0.413,0.26,1.67,0.051,26.2,170.5,0.996941,2.9,0.61,12.674479103
6.11,0.29,0.32,2.89,0.046,28.9,129.5,0.991553,3.23,0.7,11.70181623
7.37,0.263,0.67,15.6,0.049,66.1,167.4,0.996955,3.22,0.51,9.390887232
7.28,0.212,0.58,1.44,0.039,27.4,137.3,0.994909,3.15,0.41,10.021361383
6.32,0.38,0.28,2.09,0.036,57.6,110.4,0.990216,3.24,0.56,11.776218213
7.1,1.126,0.49,1.99,0.101,3.0,16.0,0.998345,3.43,1.04,11.48436549
6.81,0.208,0.55,1.47,0.068,20.0,25.3,0.997042,3.46,0.5,10.636721556
7.72,0.538,0.22,1.36,0.087,3.9,6.3,0.997102,3.34,0.54,8.876646263
5.76,0.22,0.27,11.01,0.05,42.9,156.9,0.993176,3.55,0.46,9.547927621
5.77,0.173,0.25,3.75,0.036,35.3,126.8,0.990196,3.37,0.52,11.783803417
6.7,0.257,0.28,5.07,0.027,26.3,99.5,0.991074,3.49,0.55,13.020694601
10.28,0.394,0.1,0.83,0.183,9.2,35.3,0.996235,3.34,0.63,10.985112892
6.09,0.336,0.32,4.04,0.049,34.7,58.8,0.99562,3.21,0.91,11.956421749
7.02,0.579,0.49,3.17,0.047,41.2,183.0,0.992255,3.46,0.48,10.384227115
5.38,0.324,0.36,4.35,0.03,7.2,94.8,0.992889,3.36,0.83,11.898503747
6.76,0.33,0.43,1.0,0.039,9.4,54.2,0.99337,3.4,0.36,11.672296904
6.04,0.767,0.03,1.38,0.085,5.8,12.7,0.995299,3.36,0.47,10.311822312
7.05,0.203,0.04,4.71,0.045,42.6,125.6,0.993858,2.92,0.84,8.811255706
6.43,0.443,0.29,8.76,0.035,43.4,107.8,0.995966,3.46,0.79,9.138731548
6.09,0.158,0.29,1.86,0.025,41.5,117.6,0.993886,3.51,0.63,11.332342042
5.84,0.135,0.27,13.11,0.043,34.6,157.3,0.992766,2.9,0.42,8.807440518
6.2,0.21,0.46,3.5,0.025,28.8,109.7,0.990799,3.47,0.51,11.582898613
8.0,1.047,0.23,2.02,0.078,10.8,24.8,0.995132,3.53,0.59,9.967588428
5.54,0.323,0.32,16.65,0.041,56.4,209.0,0.997249,2.99,0.48,10.487075664
6.37,0.292,0.61,5.57,0.044,10.8,136.5,0.994678,3.55,0.49,12.381569397
6.97,0.821,0.0,1.71,0.088,15.5,16.8,0.998754,3.31,0.75,10.893409367
4.7,0.374,0.29,2.29,0.025,32.8,65.1,0.990052,3.63,0.4,11.948518506
8.46,0.703,0.29,1.27,0.085,8.6,25.1,0.99278,2.89,0.56,10.489353704
8.06,0.207,0.26,8.35,0.038,36.8,200.6,0.998293,3.16,0.5,10.32082216
8.62,0.805,0.47,4.38,0.1,5.6,27.6,0.99571,3.41,1.23,9.324299272
6.09,0.18,0.2,1.76,0.051,23.6,185.8,0.993315,3.57,0.76,10.907063969
5.44,0.168,0.27,2.12,0.037,35.4,121.2,0.992547,3.17,0.55,10.169929419
6.75,0.303,0.3,6.27,0.051,35.0,165.8,0.99768,3.29,0.45,10.361710007
6.0,0.279,0.48,1.94,0.032,16.0,147.7,0.990976,3.34,0.74,10.677160115
6.1,0.171,0.31,1.75,0.049,28.1,89.6,0.992426,3.06,0.4,10.464452876
8.44,0.299,0.28,1.71,0.046,27.5,74.8,0.992525,3.63,0.76,10.177107503
8.59,0.233,0.45,1.08,0.051,33.2,144.8,0.994606,3.16,0.57,9.471070845
7.37,0.739,0.04,2.11,0.062,28.2,219.1,0.996207,3.14,0.61,9.990543381
8.5,0.205,0.3,1.49,0.035,24.8,80.1,0.999376,3.23,0.43,9.379747709
6.12,0.161,0.28,1.8,0.035,24.8,86.5,0.992812,3.13,0.57,10.676882783
5.75,0.244,0.39,2.02,0.037,48.9,108.5,0.991178,3.25,0.51,11.543171785
6.46,0.188,0.32,1.85,0.029,29.8,78.2,0.990628,3.5,0.47,12.324386368
9.06,0.576,0.5,2.02,0.058,12.8,109.3,0.995677,3.27,0.4,10.169607238
8.84,1.011,0.09,2.46,0.078,22.3,49.0,0.995687,3.28,0.77,10.011395913
5.93,0.219,0.26,3.72,0.033,37.1,91.7,0.989595,3.11,0.47,12.396462778
5.92,0.232,0.23,1.49,0.037,33.6,123.5,0.990714,3.17,0.42,9.381871554
7.04,0.262,0.26,1.33,0.022,19.3,102.6,0.99158,3.51,0.46,12.118195477
6.85,0.232,0.35,1.47,0.023,17.7,105.0,0.998642,3.19,0.56,10.158892373
6.05,0.33,0.27,1.89,0.095,24.4,78.7,0.995292,3.33,0.57,10.62891064
5.81,0.221,0.18,4.86,0.049,12.4,114.7,0.996904,2.98,0.41,10.763682123
7.04,0.265,0.23,7.13,0.076,44.1,139.8,0.995841,3.36,0.73,10.713866809
10.16,0.678,0.0,2.93,0.091,5.3,29.2,0.998399,3.72,0.68,10.141879749
4.93,0.392,0.28,5.44,0.029,49.4,71.2,0.989267,3.26,0.47,12.248928826
6.14,0.275,0.35,8.23,0.047,27.8,201.5,0.997955,3.17,0.53,9.418304851
5.37,0.237,0.46,5.07,0.047,16.1,55.1,0.998091,3.02,0.51,11.297380308
7.07,0.911,0.06,1.95,0.091,10.8,195.2,1.000038,3.52,0.7,10.895409612
6.33,0.412,0.44,3.92,0.047,7.1,41.9,0.991977,3.16,0.58,9.516690693
8.14,1.03,0.27,1.27,0.283,3.3,8.4,0.996575,3.5,0.77,9.190564885
8.13,1.005,0.09,1.91,0.049,3.8,14.8,0.994557,3.57,0.77,10.304703181
8.52,0.382,0.42,4.68,0.021,36.6,109.2,0.989568,3.13,0.44,12.016479041
6.73,0.242,0.52,8.1,0.054,29.3,151.1,0.996263,3.03,0.51,8.809758522
6.62,0.259,0.15,4.06,0.034,11.3,101.9,0.990406,3.55,0.51,12.143483469
7.54,0.337,0.28,1.73,0.039,33.8,105.2,0.995087,3.17,0.47,10.446244209
5.91,0.287,0.29,2.9,0.037,51.1,104.3,0.990531,3.49,0.41,11.701126609
7.03,0.646,0.26,1.85,0.085,2.4,34.1,0.996242,2.98,0.4,10.337520676
7.92,0.248,0.41,1.65,0.044,51.2,203.3,0.995799,3.18,0.61,9.581908685
8.58,0.341,0.16,2.4,0.087,19.3,178.5,0.995503,3.38,0.49,10.950891537
6.04,0.233,0.03,1.42,0.026,13.9,91.2,0.989748,3.18,0.59,10.168509426
6.54,0.29,0.23,11.4,0.081,17.3,91.2,0.997479,3.37,0.43,10.016915739
6.86,0.85,0.11,1.15,0.072,15.7,46.1,0.999419,3.26,0.51,9.844615249
9.64,0.736,0.19,1.09,0.066,12.9,6.0,0.998299,3.31,0.6,9.680047093
6.81,0.227,0.38,8.77,0.042,28.9,99.1,0.991812,3.02,0.56,11.347942792
8.71,0.63,0.57,2.25,0.089,15.8,52.3,0.996332,3.05,0.66,11.091858258
6.77,0.186,0.15,7.64,0.05,49.8,159.6,0.997727,3.2,0.51,8.798082925
7.27,0.19,0.31,12.64,0.058,55.5,227.2,0.996061,3.2,0.46,9.458828604
10.05,0.191,0.2,3.77,0.051,37.1,182.6,0.991138,3.28,0.93,10.622023908
6.32,0.492,0.29,1.63,0.024,14.8,92.0,0.991938,3.46,0.53,12.409898628
6.39,0.37,0.29,12.73,0.058,30.0,140.3,0.995727,3.26,0.57,9.122440705
7.87,0.934,0.0,1.97,0.083,32.7,63.1,0.996504,3.54,0.56,9.490733486
7.37,0.661,0.18,1.45,0.14,4.0,18.5,1.00094,3.5,0.76,10.283845777
5.95,0.417,0.26,4.05,0.029,21.4,104.0,0.992341,3.49,0.58,11.931634803
5.86,0.425,0.39,2.2,0.037,15.9,46.9,0.992704,3.42,0.47,12.17494019
6.49,0.33,0.25,12.47,0.052,43.8,193.8,0.998087,2.98,0.44,10.339710268
7.54,0.346,0.49,2.84,0.047,29.6,113.7,0.994537,3.34,0.57,9.291255369
6.41,0.456,0.32,1.81,0.031,20.5,144.9,0.99447,3.39,0.68,9.422636492
11.92,0.794,0.19,9.91,0.082,7.5,27.9,0.990178,3.07,0.41,10.75767178
5.43,0.202,0.27,17.45,0.029,33.8,74.2,0.994495,3.5,0.36,9.938544186
5.99,0.29,0.27,11.2,0.062,65.9,214.6,0.997425,3.06,0.45,9.437963206
8.71,0.849,0.11,2.16,0.077,7.2,19.7,0.996055,3.3,0.48,10.458464413
5.18,0.617,0.23,1.71,0.086,7.9,22.0,0.99637,3.27,0.39,11.33528535
7.8,0.128,0.25,17.17,0.04,22.5,110.9,0.99214,3.22,0.5,10.563806764
7.47,0.858,0.13,1.57,0.086,5.1,6.0,0.996032,3.3,0.48,10.208795253
9.93,0.266,0.27,9.15,0.06,21.2,83.3,0.99876,3.03,0.43,9.252663037
6.37,0.327,0.51,1.26,0.027,29.3,100.2,0.991124,3.1,0.49,11.813506674
6.69,0.212,0.18,16.77,0.05,42.9,98.6,0.99676,3.05,0.61,9.266656179
6.28,0.764,0.65,1.76,0.073,21.4,156.0,0.99774,3.19,0.55,9.400331179
5.16,0.326,0.26,2.18,0.033,34.0,103.4,0.990707,3.52,0.35,11.248160458
8.22,0.594,0.19,1.14,0.095,15.1,36.0,0.999211,3.13,0.46,10.98639418
6.63,0.283,0.25,13.32,0.056,54.6,194.7,0.998057,3.19,0.41,8.899622156
9.2,0.289,0.36,12.49,0.06,53.3,174.1,0.996005,3.23,0.62,9.289590963
10.54,1.06,0.1,1.24,0.081,7.2,21.3,0.995045,3.28,0.67,9.696816074
6.52,0.396,0.29,4.65,0.049,36.1,100.1,0.991483,2.94,0.47,10.122839421
7.16,0.18,0.26,2.18,0.034,26.7,157.0,0.992208,3.57,0.65,11.608409664
8.51,0.558,0.18,1.97,0.057,3.7,23.9,0.996493,3.33,0.86,9.913456079
7.72,1.189,0.13,2.22,0.23,10.5,22.0,0.999706,3.39,0.48,10.229250232
6.33,0.191,0.24,2.18,0.03,37.2,104.2,0.992074,3.11,0.38,12.029640458
6.21,0.159,0.41,2.41,0.047,11.2,88.1,0.997848,2.99,0.54,9.85576317
5.5,0.225,0.26,18.26,0.041,40.6,81.5,0.991968,3.38,0.47,11.715564283
8.09,0.317,0.28,8.58,0.055,58.0,186.8,0.9976,3.07,0.53,8.724536117
6.19,0.359,0.45,1.4,0.02,22.6,98.9,0.990404,3.56,0.6,11.995438455
7.88,0.242,0.47,8.77,0.056,56.4,192.8,0.998418,3.09,0.5,9.62966231
7.88,0.701,0.03,1.33,0.081,7.2,14.0,0.996352,3.17,0.54,11.814680874
6.72,0.276,0.22,1.44,0.03,20.4,124.7,0.992844,3.51,0.53,10.543599658
6.08,0.201,0.28,5.09,0.044,15.9,75.4,0.990269,3.45,0.31,12.397289426
7.79,0.479,0.31,2.75,0.038,27.0,107.9,0.991874,3.19,0.58,10.345787087
7.13,0.387,0.26,2.18,0.089,32.1,23.6,0.997605,3.44,0.75,10.955049976
8.98,0.367,0.26,6.94,0.051,49.2,112.9,0.994943,3.33,0.54,10.399434735
7.63,0.689,0.27,1.94,0.081,3.1,105.8,0.995848,3.66,0.49,10.78081382
7.17,0.155,0.46,1.97,0.025,19.9,123.5,0.992098,3.42,0.46,12.45801804
5.78,0.155,0.27,8.12,0.059,34.8,134.7,0.99195,3.03,0.42,9.314096663
6.05,0.34,0.48,2.18,0.043,28.6,140.0,0.993903,3.44,0.53,10.32917681
7.0,0.294,0.29,2.01,0.044,37.3,206.1,0.996314,3.35,0.45,9.341789064
5.66,0.319,0.64,14.61,0.058,26.8,168.7,0.997476,3.17,0.47,9.203176839
6.9,0.297,0.12,1.22,0.138,14.2,16.9,0.99331,3.42,0.52,10.266232542
6.03,0.409,0.31,6.36,0.035,44.3,127.3,0.993295,3.13,0.5,9.803176221
6.68,0.155,0.39,4.24,0.036,31.3,77.2,0.992437,3.09,0.43,12.26688424
7.97,0.907,0.63,3.05,0.077,5.1,18.2,0.997037,3.55,0.77,10.135544736
7.2,0.188,0.24,4.41,0.037,35.2,63.3,0.996482,3.12,0.56,9.391373255
6.83,0.742,0.12,1.64,0.088,3.7,10.6,0.999098,3.38,0.53,10.539522033
8.52,0.58,0.05,2.85,0.09,5.0,19.1,0.99977,3.31,0.56,10.799881914
6.56,1.189,0.13,1.72,0.081,5.4,6.0,0.996433,3.43,0.49,10.215180919
6.89,0.31,0.27,7.08,0.068,91.9,228.0,0.99814,3.22,0.82,9.423808316
8.13,0.265,0.25,1.65,0.024,34.5,82.7,0.993001,3.19,0.42,11.875520577
6.73,1.104,0.09,2.66,0.097,5.5,15.9,0.999443,3.23,0.78,9.561906885
5.99,0.251,0.28,1.68,0.039,34.5,118.1,0.997503,3.22,0.53,11.249894927
9.42,0.766,0.07,1.92,0.08,4.2,15.5,0.996436,3.33,0.6,10.64430588
8.21,0.238,0.26,10.55,0.051,41.8,213.3,0.997797,2.91,0.43,8.843419875
7.54,0.271,0.22,13.95,0.044,35.0,160.7,0.995298,3.21,0.5,8.794078458
5.85,0.257,0.27,4.93,0.035,40.6,138.2,0.993085,3.07,0.48,11.506923997
6.24,0.23,0.18,2.21,0.034,24.6,89.1,0.992767,3.21,0.41,11.598930378
6.49,0.445,0.32,2.12,0.041,33.0,125.3,0.991469,3.21,0.52,12.482079716
5.79,0.394,0.5,5.73,0.037,25.2,98.5,0.989725,3.2,0.43,9.937728731
6.55,0.341,0.3,1.23,0.042,33.9,168.8,0.996058,3.24,0.45,12.4494473
8.27,0.775,0.03,1.53,0.087,9.2,65.6,0.997787,3.31,0.57,9.708848227
5.98,0.227,0.21,12.05,0.062,42.9,141.3,0.99582,2.98,0.58,9.167460983
7.13,0.197,0.19,4.64,0.027,24.7,131.5,0.990049,3.59,0.46,12.218606138
7.9,0.235,0.3,13.65,0.031,17.5,143.7,0.997095,3.16,0.41,9.649837995
5.72,0.299,0.26,7.14,0.032,18.1,116.8,0.990086,3.32,0.38,12.300248056
8.35,0.716,0.05,2.15,0.087,10.1,17.0,0.998328,3.52,0.73,10.158480095
7.86,0.774,0.05,2.81,0.091,5.3,17.7,0.994619,3.61,0.69,11.136860665
5.81,0.35,0.29,5.21,0.041,28.7,118.2,0.990238,3.23,0.84,10.428605342
7.99,0.328,0.33,1.07,0.051,58.3,131.9,0.993168,3.24,0.5,9.344107826
7.42,0.224,0.45,2.01,0.031,23.2,127.1,0.992194,3.5,0.53,12.009816194
7.05,0.303,0.41,2.0,0.019,20.9,119.7,0.991435,3.58,0.52,12.518644678
6.51,0.191,0.59,3.87,0.039,13.0,89.5,0.991622,3.04,0.54,11.060982204
8.43,0.268,0.29,11.21,0.05,54.7,178.3,0.996612,3.02,0.7,8.854610024
6.67,0.874,0.14,1.24,0.093,2.3,16.5,0.999995,3.16,0.54,10.06493285
6.33,0.273,0.32,3.36,0.027,36.8,118.1,0.990018,3.34,0.36,12.272175525
6.31,0.354,0.47,1.36,0.031,11.3,112.3,0.990329,3.51,0.68,12.164706736
5.87,0.693,0.04,1.88,0.061,21.8,51.9,0.992848,3.42,0.46,10.261624727
5.57,0.43,0.3,13.07,0.033,37.9,119.9,0.991159,3.59,0.36,10.941835524
6.36,0.255,0.24,10.67,0.083,10.9,159.3,0.993082,3.08,0.42,9.098230734
5.72,0.381,0.26,2.2,0.035,9.8,99.5,0.993328,3.01,0.5,10.210360629
7.36,0.333,0.24,1.62,0.06,63.4,200.7,0.997965,2.95,0.62,8.945386738
6.96,0.404,0.36,2.52,0.111,66.8,128.8,0.998023,2.97,1.01,11.774639834
6.04,0.289,0.23,1.83,0.018,39.1,122.1,0.990523,3.38,0.61,11.952958977
6.19,0.224,0.28,12.34,0.051,18.8,203.5,0.992718,3.24,0.76,9.012737072
5.85,0.25,0.28,1.08,0.043,29.4,89.1,0.99616,3.16,0.51,9.715147082
7.17,0.258,0.26,1.71,0.027,44.1,116.0,0.992248,3.22,0.57,10.793472617
6.04,0.236,0.29,10.5,0.054,48.9,252.4,0.997436,3.21,0.52,8.985637152
5.83,0.241,0.28,2.03,0.028,18.1,134.4,0.991937,3.18,0.45,11.960741006
6.39,0.208,0.21,13.4,0.04,31.5,134.1,0.993815,2.96,0.46,9.681141467
5.2,0.22,0.32,4.32,0.076,44.6,140.0,0.993402,3.3,0.75,12.711161548
7.21,0.274,0.3,11.79,0.056,37.5,194.4,0.998172,3.06,0.84,9.295474744
7.77,0.183,0.38,13.24,0.058,40.3,193.2,0.999348,3.15,0.4,9.450220962
5.74,0.336,0.27,2.36,0.028,17.1,107.7,0.992661,3.36,0.58,11.255917224
6.63,0.466,0.62,1.24,0.053,52.3,74.9,0.995697,3.18,0.69,10.545678812
6.19,0.111,0.48,1.75,0.076,33.9,127.3,0.991016,3.14,0.68,12.754544036
6.0,0.305,0.22,4.3,0.019,52.3,107.4,0.987984,3.26,0.4,11.038233904
7.96,0.18,0.29,1.07,0.04,40.1,130.5,0.993958,3.55,0.51,10.469000979
6.69,0.208,0.28,12.15,0.047,23.4,101.9,0.993079,3.34,0.36,12.102850378
6.19,0.224,0.47,2.86,0.046,45.5,83.9,0.993663,3.55,0.51,10.133285933
12.38,0.208,0.27,5.23,0.046,41.8,83.3,0.993725,3.33,0.57,10.766046869
6.21,0.288,0.27,10.25,0.042,53.1,213.4,0.997853,3.18,0.44,8.99607277
8.38,0.949,0.08,1.94,0.094,6.7,62.0,0.997577,3.37,0.55,10.595285042
6.19,0.17,0.33,11.5,0.042,36.2,106.5,0.993413,3.03,0.45,9.536493512
9.75,0.583,0.16,1.22,0.12,19.9,85.9,0.995216,3.17,0.47,11.133825897
8.82,0.357,0.19,2.43,0.117,2.7,6.0,0.998396,3.5,0.69,10.315510261
6.99,0.19,0.31,7.18,0.053,42.0,220.3,0.997512,3.15,0.44,9.237903254
7.94,0.724,0.36,1.44,0.078,15.2,192.8,0.995514,3.47,0.4,9.867463053
7.2,0.22,0.3,2.16,0.05,17.0,108.6,0.997082,3.43,0.9,9.33509956
6.99,0.529,0.66,1.64,0.11,31.1,25.2,0.998349,3.13,0.81,9.596244442
8.03,0.214,0.36,1.68,0.045,50.9,128.7,0.990985,3.35,0.47,9.125034506
5.98,0.199,0.34,5.05,0.039,62.1,151.7,0.9915,3.3,0.44,12.062001762
7.9,0.174,0.27,7.78,0.059,13.4,188.4,0.997216,2.95,0.56,8.74239302
8.84,0.737,0.11,1.3,0.09,6.1,20.8,1.000008,3.08,0.55,9.545911286
6.38,0.269,0.26,8.11,0.052,42.5,213.5,0.995871,3.01,0.68,9.37866465
9.16,0.243,0.25,12.74,0.051,48.1,103.1,0.994903,2.99,0.42,8.751518558
5.83,0.572,0.09,0.82,0.084,17.1,43.0,0.993608,3.28,0.53,9.723775627
9.24,1.004,0.08,1.7,0.106,4.1,6.0,0.99716,3.31,0.82,10.391437827
6.7,0.234,0.26,1.84,0.046,51.1,92.0,0.995947,3.16,0.57,11.146160499
7.12,0.236,0.28,4.47,0.038,58.4,111.9,0.996482,3.38,0.71,12.30360332
7.6,0.233,0.32,12.95,0.056,42.8,143.3,0.998496,3.12,0.51,8.852208851
6.25,0.148,0.59,7.33,0.044,18.0,55.6,0.991993,3.36,0.46,8.970262339
5.64,0.389,0.31,1.34,0.031,50.9,122.8,0.991091,3.55,0.38,12.623166259
7.03,0.667,0.58,1.27,0.079,8.9,30.0,0.997122,2.92,0.5,10.456913804
5.87,0.165,0.29,1.7,0.023,14.9,52.7,0.990984,3.35,0.4,12.281392499
5.76,0.242,0.5,5.15,0.032,39.6,110.3,0.989476,3.58,0.62,11.934809895
5.74,0.164,0.47,1.57,0.039,23.8,101.0,0.992354,3.27,0.48,10.15884468
6.74,0.278,0.29,12.55,0.057,41.8,190.3,0.998817,3.08,0.56,8.706930483
6.17,0.439,0.25,4.33,0.024,31.8,74.8,0.990126,3.63,0.4,12.210203157
7.07,0.222,0.25,3.83,0.05,15.3,108.8,0.996403,3.52,0.44,12.128771271
6.1,0.295,0.27,1.84,0.049,29.4,101.6,0.99403,3.4,0.46,10.312499221
6.66,0.324,0.31,7.4,0.043,18.2,115.2,0.996692,3.25,0.39,10.091200932
5.88,0.287,0.35,1.25,0.036,13.3,151.4,0.997659,3.24,0.49,10.021360941
7.45,0.317,0.35,1.58,0.032,7.9,86.2,0.993259,3.24,0.85,12.220278693
6.1,0.53,0.2,1.51,0.034,8.1,19.9,0.996455,3.52,0.42,10.454081897
6.63,0.666,0.37,1.21,0.051,14.7,93.7,0.996102,3.49,0.47,10.314011216
6.01,0.349,0.37,7.38,0.036,57.9,160.6,0.9902,2.97,0.36,9.060795963
6.4,0.227,0.3,7.63,0.038,31.7,130.4,0.996097,2.97,0.38,9.274174069
5.62,0.222,0.14,1.67,0.051,36.4,150.7,0.993409,3.42,0.41,12.934101424
5.57,0.416,0.31,1.72,0.02,27.1,86.2,0.991079,3.64,0.37,11.431089479
5.83,0.638,0.11,1.84,0.084,4.6,6.0,0.995619,3.49,0.46,10.113822584
7.21,0.23,0.41,7.94,0.057,42.5,195.8,0.997825,2.99,0.72,9.795876995
7.42,0.207,0.29,1.75,0.025,31.0,104.0,0.990998,3.17,0.46,11.785017342
5.8,0.225,0.28,8.05,0.042,62.3,104.8,0.991238,3.3,0.31,12.324357519
6.93,0.224,0.27,15.06,0.054,58.1,173.7,0.994986,3.21,0.55,9.360263134
7.74,0.337,0.24,6.5,0.046,35.2,138.9,0.993708,3.22,0.52,10.39603098
7.18,0.206,0.29,2.4,0.028,9.8,136.3,0.99297,3.48,0.48,11.367473359
7.46,0.17,0.26,4.8,0.04,22.9,60.1,0.991206,3.57,0.58,12.649749702
8.31,0.638,0.6,7.41,0.22,34.7,6.2,0.997121,3.2,0.51,10.464172955
6.35,0.222,0.3,2.33,0.027,8.1,113.5,0.990014,3.62,0.66,12.37873366
5.16,0.274,0.35,6.96,0.045,32.6,134.6,0.99387,3.27,0.61,8.799576369
6.05,0.172,0.29,5.08,0.045,19.4,108.6,0.995877,3.49,0.45,12.008117363
6.8,0.27,0.24,11.57,0.039,10.4,138.7,0.993084,3.17,0.42,9.973112981
6.39,0.298,0.48,11.94,0.073,15.7,128.4,0.993248,3.03,0.35,10.430532774
5.94,0.326,0.49,1.51,0.045,56.3,185.8,0.993729,3.45,0.74,11.580580688
9.36,0.917,0.04,1.32,0.084,23.6,25.8,0.995307,3.29,0.5,10.797587578
6.26,0.222,0.31,4.17,0.026,18.7,161.0,0.993368,3.37,0.43,12.249326859
5.92,0.365,0.68,13.18,0.048,45.7,163.8,0.994201,3.2,0.55,9.234551364
6.61,0.689,0.16,2.77,0.086,7.7,24.8,0.998829,3.64,0.65,9.974135752
8.94,0.287,0.29,1.91,0.033,32.3,138.8,0.99398,3.28,0.55,11.877978668
7.2,0.256,0.32,12.35,0.055,36.0,102.5,0.992512,3.29,0.48,9.035184761
5.92,0.391,0.35,2.78,0.052,21.9,106.3,0.992706,3.35,0.6,10.921125635
5.6,0.258,0.31,1.12,0.04,21.0,87.7,0.998017,3.44,0.59,10.905171289
5.07,0.244,0.3,1.4,0.031,11.1,54.5,0.992648,3.61,1.01,12.000680195
9.65,0.648,0.08,1.81,0.105,8.1,29.1,0.995392,3.38,0.54,11.239175364
7.38,0.922,0.07,2.05,0.08,6.1,12.6,0.999327,3.56,0.61,10.807997405
6.13,0.442,0.26,11.55,0.039,34.4,110.2,0.993175,3.47,0.43,9.423423659
7.78,0.248,0.29,2.49,0.051,65.3,33.4,0.991209,3.26,0.77,10.939984024
6.86,0.223,0.33,1.21,0.032,24.8,165.6,0.990827,3.04,0.52,10.606173857
6.6,0.249,0.24,10.09,0.049,25.9,162.8,0.996981,3.24,0.48,9.700822129
8.85,0.174,0.49,1.6,0.042,27.0,134.9,0.989552,3.6,0.6,11.746739077
6.36,0.182,0.27,4.13,0.048,37.8,74.5,0.990563,3.62,0.86,12.262432649
6.02,0.348,0.5,1.97,0.042,41.0,109.4,0.993127,3.36,0.31,10.842988044
6.74,0.233,0.27,2.35,0.033,44.9,188.8,0.992853,3.19,0.42,10.749527648
5.86,0.186,0.5,2.16,0.033,44.8,93.4,0.989596,3.43,0.4,12.013544327
6.82,0.253,0.27,10.27,0.053,34.1,208.9,0.997976,3.36,0.51,9.399677293
5.59,0.177,0.31,2.52,0.028,21.2,161.2,0.993789,3.39,0.53,11.741392889
7.02,0.327,0.29,4.63,0.029,22.3,144.4,0.991616,3.2,0.52,12.175712259
5.95,0.331,0.32,4.42,0.048,33.1,140.2,0.993412,3.1,0.7,10.772715314
6.6,0.283,0.21,13.42,0.06,42.2,170.5,0.997301,2.95,0.45,9.370820649
6.64,0.177,0.21,6.93,0.055,23.4,89.4,0.993466,3.44,0.47,10.884471603
6.52,0.291,0.3,1.31,0.04,35.5,144.6,0.992032,3.02,0.49,10.616533868
8.98,0.236,0.26,1.44,0.047,28.3,130.3,0.998053,3.45,0.46,10.588186546
5.04,0.168,0.31,4.05,0.023,30.0,94.8,0.990729,3.54,0.48,11.597139635
4.64,0.178,0.23,1.49,0.026,38.8,194.3,0.988862,3.39,0.6,11.343667444
7.27,0.287,0.25,1.41,0.044,41.4,179.3,0.998173,3.22,0.63,9.05190686
6.56,0.192,0.24,16.03,0.048,52.8,205.5,0.995802,3.3,0.41,8.728781502
7.07,0.238,0.29,4.13,0.035,23.8,105.4,0.994554,3.45,0.47,10.114813063
7.29,0.181,0.65,7.45,0.06,45.0,175.1,0.999156,3.1,0.54,9.071628982
9.73,0.224,0.28,1.94,0.056,22.2,106.5,0.995412,3.32,0.45,11.545708957
8.86,0.147,0.37,1.83,0.021,30.8,95.8,0.990885,3.24,0.6,10.014848839
7.12,0.909,0.05,1.73,0.088,11.9,27.0,0.994777,3.4,0.52,9.730913424
6.66,0.295,0.19,9.58,0.046,45.4,195.8,0.995393,3.06,0.53,9.551933288
8.04,0.331,0.37,11.06,0.038,38.3,110.6,0.99743,3.33,0.42,10.259935935
5.98,0.312,0.31,4.19,0.05,24.0,87.8,0.993043,3.52,1.21,10.153220696
6.38,0.158,0.24,5.92,0.029,25.9,109.5,0.991055,3.33,0.57,11.200234151
7.08,0.224,0.47,2.04,0.026,14.0,89.6,0.989281,3.33,0.5,11.95790591
5.76,0.206,0.48,4.04,0.033,31.2,88.2,0.989314,3.49,0.42,10.707206912
7.61,0.291,0.11,12.87,0.063,62.3,174.4,0.997618,2.96,0.46,9.421542518
7.38,0.806,0.33,1.27,0.163,13.9,75.3,0.995108,3.56,0.41,10.88931197
7.36,0.273,0.28,8.95,0.053,33.3,157.2,0.993609,2.97,0.55,8.813132649
8.44,0.704,0.11,1.39,0.084,8.9,59.6,0.996053,3.17,0.31,10.350264902
7.63,0.174,0.2,13.37,0.059,32.4,241.1,0.9973,3.01,0.52,8.649525984
5.91,0.341,0.27,14.38,0.037,26.4,162.8,0.996638,3.21,0.47,8.989909029
8.56,0.382,0.25,9.34,0.062,43.1,188.7,0.997521,3.05,0.83,9.019711176
6.61,0.185,0.47,1.66,0.046,33.6,88.5,0.989562,3.42,0.38,11.66457825
4.9,0.153,0.49,3.05,0.026,37.9,84.1,0.993127,3.43,0.48,12.035684536
9.21,0.863,0.43,1.58,0.094,7.3,20.1,0.995959,3.45,0.56,9.219485676
6.8,0.186,0.42,3.56,0.034,12.5,102.4,0.990352,3.62,1.03,11.766015643
7.78,0.754,0.09,2.47,0.224,21.7,48.8,0.995697,3.14,0.51,10.223017412
6.63,0.409,0.36,1.04,0.028,48.7,56.8,0.9933,3.14,0.56,10.506052247
6.72,0.317,0.31,12.44,0.052,36.7,192.4,0.99616,2.91,0.44,9.177070301
5.81,0.239,0.44,6.76,0.046,29.1,185.3,0.99349,3.26,0.48,9.474053984
7.32,0.175,0.45,2.15,0.045,21.9,82.9,0.993743,3.24,0.5,10.182118389
7.74,0.2,0.33,13.3,0.037,21.8,53.7,0.997249,3.16,0.51,10.104163715
6.53,0.308,0.34,2.18,0.038,14.5,187.7,0.990905,2.98,0.99,12.790149792
6.15,0.626,0.33,16.11,0.056,24.3,35.2,0.996142,3.12,0.49,8.626655268
7.02,0.316,0.15,15.16,0.068,45.1,211.1,0.998201,3.09,0.53,8.740035119
9.59,0.736,0.14,1.55,0.075,7.8,13.3,0.996274,3.38,0.74,10.699163569
7.3,0.325,0.29,10.13,0.074,59.2,231.1,0.998029,2.93,0.56,9.309455791
6.47,0.244,0.3,5.63,0.033,13.8,91.9,0.99336,3.56,0.49,12.318093369
6.65,0.602,0.3,1.15,0.089,3.0,6.0,0.99606,3.13,0.55,10.740530509
9.5,0.704,0.55,3.21,0.058,3.1,9.8,0.998437,3.52,0.61,10.92523349
9.19,0.764,0.14,1.29,0.119,22.6,77.7,0.995848,2.89,0.54,10.456468921
7.3,0.257,0.23,10.25,0.038,42.4,123.5,0.994197,3.02,0.45,13.585607277
8.56,0.274,0.24,7.46,0.03,34.2,41.7,0.99102,3.19,0.44,11.128998734
7.53,0.551,0.0,1.84,0.089,5.2,10.2,0.995173,3.2,0.55,9.499112847
6.7,0.254,0.19,1.06,0.046,18.5,147.0,0.993469,3.27,0.71,11.120826676
9.47,0.271,0.55,13.92,0.054,58.2,196.1,0.997959,3.13,0.49,8.976394985
6.44,0.195,0.17,12.9,0.054,44.7,201.3,0.990545,3.33,0.44,8.814499637
7.12,0.206,0.34,5.95,0.035,11.9,154.4,0.992763,3.43,0.48,10.365438327
5.99,0.209,0.21,13.28,0.054,49.6,227.7,0.993335,3.15,0.52,8.555615499
8.03,0.417,0.35,13.11,0.049,23.2,179.3,0.997083,3.0,0.5,8.713131724
6.64,0.305,0.32,2.1,0.033,23.0,131.0,0.993853,3.66,0.67,11.522778425
5.95,0.425,0.26,4.24,0.06,66.9,28.1,0.995382,3.08,0.54,9.388297281
7.33,0.38,0.54,1.07,0.169,5.9,89.7,1.000178,3.51,0.5,10.413752842
5.94,0.328,0.48,4.15,0.035,16.6,94.3,0.992273,3.41,0.42,10.594630637
8.41,0.307,0.33,1.69,0.107,17.4,138.2,0.999771,2.98,0.47,10.347484067
7.68,0.218,0.48,1.09,0.036,30.1,14.2,0.997183,2.89,0.48,10.766581666
6.74,0.231,0.3,3.79,0.032,52.5,18.2,0.993153,3.2,0.31,11.870116392
6.05,0.276,0.29,1.6,0.044,23.2,202.0,0.993161,3.2,0.6,10.245218134
7.47,0.418,0.36,11.95,0.066,36.4,178.1,0.997684,2.97,0.53,9.124194458
5.77,0.276,0.26,1.18,0.029,50.8,75.6,0.990602,3.27,0.57,11.264226098
8.18,0.895,0.09,1.49,0.184,6.0,19.5,0.99498,3.41,0.47,9.7630111
9.65,0.395,0.16,4.19,0.089,4.5,9.1,0.998563,3.2,0.93,10.239885123
8.19,0.615,0.58,1.91,0.089,7.5,67.4,0.997749,3.45,0.99,10.484777968
7.81,0.377,0.37,1.55,0.046,31.0,140.0,0.995693,3.16,0.56,8.828231808
6.64,0.388,0.46,3.96,0.027,23.2,107.5,0.99021,3.39,0.61,11.4347464
6.03,0.228,0.3,6.01,0.036,37.1,39.3,0.991356,3.04,0.52,9.642025431
6.01,0.268,0.2,2.13,0.04,30.4,92.0,0.989335,3.25,0.37,11.700502936
6.16,0.228,0.27,10.94,0.048,54.8,129.4,0.994144,3.39,0.54,9.862731032
7.76,0.401,0.3,16.07,0.053,57.7,180.7,0.99865,3.13,0.47,8.807975193
6.34,0.206,0.21,12.78,0.044,40.9,198.1,0.998478,3.06,0.41,10.131398008
8.05,1.027,0.06,1.85,0.081,4.6,65.2,0.996311,3.57,1.15,11.255209964
8.18,0.211,0.27,1.59,0.081,51.3,66.1,0.995096,3.23,0.43,9.232447603
6.38,0.737,0.25,2.83,0.021,15.9,107.3,0.990665,3.43,0.64,10.235366596
6.66,0.171,0.33,1.39,0.051,27.8,163.6,0.994581,3.18,0.5,11.473408825
6.67,0.205,0.27,6.93,0.036,21.1,122.8,0.989966,3.01,0.53,11.512305202
8.73,1.03,0.39,1.5,0.084,5.1,8.6,0.99677,3.42,0.73,9.357745768
6.19,0.284,0.29,4.44,0.035,39.2,77.4,0.992072,3.49,0.38,12.311060306
6.49,0.235,0.56,11.12,0.045,80.2,185.5,0.996036,3.1,0.53,8.798333913
6.62,0.202,0.5,10.09,0.062,43.8,212.9,0.997307,3.22,0.44,8.473159526
6.97,0.793,0.42,2.55,0.05,6.2,6.0,0.996709,3.66,0.58,9.673438509
6.91,0.184,0.29,2.21,0.031,64.4,116.7,0.991173,3.57,0.7,10.282719713
6.32,0.193,0.51,2.23,0.037,35.0,100.3,0.995341,3.16,0.53,10.400928394
7.46,0.674,0.46,2.16,0.085,5.5,40.2,0.998983,3.52,0.68,10.361709757
6.98,0.236,0.25,3.0,0.015,20.9,138.8,0.991676,3.47,0.59,11.168306522
5.84,0.27,0.26,1.46,0.024,33.9,66.7,0.991406,3.37,0.35,11.420718428
5.85,0.168,0.52,1.46,0.041,30.8,107.9,0.996996,3.07,0.38,12.008891487
9.06,1.028,0.47,1.47,0.097,14.9,15.3,0.994881,3.62,0.52,10.83503678
6.39,0.246,0.22,14.22,0.052,59.4,141.7,0.995284,3.08,0.59,8.780851077
6.58,0.183,0.23,10.04,0.056,50.7,184.5,0.999791,2.93,0.62,9.234936777
6.52,0.25,0.33,2.23,0.042,43.8,124.3,0.990351,3.45,0.81,12.070734886
6.01,0.172,0.21,7.42,0.037,40.1,200.6,0.995823,3.22,0.77,10.261456662
6.1,0.175,0.3,12.48,0.038,16.5,175.6,0.995477,3.26,0.38,10.350818694
9.88,0.361,0.33,2.46,0.355,2.0,15.6,0.997901,3.63,0.8,10.255651718
8.99,0.307,0.34,13.68,0.015,22.2,159.9,0.994345,3.35,0.61,9.777866156
6.94,0.222,0.27,10.94,0.042,18.8,142.1,0.994663,3.24,0.56,9.138619217
6.67,0.226,0.26,1.24,0.038,14.6,67.2,0.995464,3.26,0.53,11.587655498
6.66,0.308,0.31,2.39,0.023,24.1,147.7,0.990944,3.29,0.53,12.37950294
8.19,0.73,0.09,1.78,0.101,9.2,26.2,0.998628,3.38,0.62,9.2168663
6.47,0.489,0.49,11.6,0.049,32.7,104.6,0.995874,3.22,0.48,9.391915475
6.58,0.144,0.43,1.33,0.034,46.1,43.4,0.990599,3.11,0.6,8.694296278
9.58,1.088,0.11,2.58,0.082,5.5,9.4,0.997706,3.48,0.62,10.161701201
5.33,0.398,0.28,2.28,0.038,41.3,89.2,0.990711,3.41,0.59,12.002011615
6.65,0.627,0.62,10.63,0.045,25.6,196.8,0.998942,3.13,0.48,9.764519176
6.35,0.159,0.21,10.52,0.041,41.0,138.6,0.996041,2.88,0.51,9.27786705
6.41,0.237,0.39,1.7,0.041,23.5,77.8,0.991281,3.66,0.46,11.46127449
6.53,0.115,0.52,2.76,0.043,24.3,120.9,0.990988,3.3,0.68,12.340824727
5.99,0.277,0.24,10.77,0.047,35.8,160.0,0.9975,3.09,0.5,8.538922498
6.03,0.402,0.22,5.23,0.036,31.4,87.9,0.991425,3.27,0.48,8.938731616
6.91,0.306,0.29,8.39,0.055,65.4,153.7,0.994247,3.24,0.64,8.838762316
6.94,0.287,0.29,12.26,0.061,49.0,155.0,0.992758,3.19,0.51,13.016944252
5.89,0.483,0.48,1.88,0.041,13.8,80.6,0.990794,3.34,0.76,12.285674117
6.19,0.328,0.28,10.09,0.048,46.0,149.9,0.994442,3.2,0.45,11.587398912
6.2,0.239,0.3,1.27,0.031,42.0,157.7,0.993948,3.25,0.54,10.567292696
6.48,0.334,0.24,1.38,0.052,52.5,122.1,0.994022,3.4,0.54,9.832438871
9.71,0.373,0.19,1.04,0.053,37.9,203.8,0.993298,3.18,0.57,8.916579599
5.71,0.289,0.28,3.93,0.042,28.2,87.5,0.991664,3.3,0.54,11.689607572
7.06,0.251,0.32,5.56,0.053,53.7,89.0,0.995526,3.53,0.47,12.344558248
5.23,0.395,0.28,1.5,0.031,13.8,111.7,0.992005,3.44,0.38,12.168840346
8.73,1.129,0.44,1.38,0.083,4.4,23.8,0.996804,3.38,0.77,10.393156881
10.11,0.877,0.11,2.61,0.044,56.6,114.8,0.99434,3.17,0.4,10.53695315
7.67,0.583,0.02,0.8,0.052,6.7,38.4,0.996959,3.34,0.54,9.267433996
9.64,0.221,0.39,7.79,0.055,25.8,229.7,0.995577,3.21,0.43,10.071755677
7.94,0.675,0.7,1.22,0.078,16.3,61.9,0.996568,2.91,0.51,9.22094637
6.76,0.462,0.22,2.3,0.033,28.5,120.3,0.993286,3.45,0.43,11.353439824
5.31,0.355,0.34,2.16,0.037,37.4,175.3,0.989475,3.47,0.65,12.598828682
6.07,0.307,0.25,2.13,0.023,45.9,87.3,0.990054,3.49,0.36,11.945208941
5.97,0.29,0.22,9.5,0.044,44.6,192.2,0.995521,3.02,0.56,9.614035632
6.64,0.252,0.23,10.5,0.055,57.4,172.9,0.999506,3.05,0.54,8.766698132
6.71,0.18,0.24,2.4,0.036,27.5,193.4,0.996584,3.14,0.45,9.269803449
9.86,0.785,0.27,2.19,0.159,6.4,22.2,0.995661,3.37,0.53,11.060640547
8.55,0.621,0.36,1.29,0.062,4.6,81.0,0.996751,3.44,0.66,9.274918044
8.06,0.233,0.26,14.12,0.054,38.2,177.1,0.997647,3.08,0.5,9.348304504
7.0,0.532,0.32,2.1,0.02,27.6,112.2,0.991585,3.54,0.55,10.941749182
5.41,0.229,0.31,3.58,0.035,59.2,82.7,0.990221,3.38,0.33,10.910123182
6.48,0.167,0.17,2.08,0.041,33.6,171.6,0.995252,3.17,0.48,8.709848249
6.23,0.188,0.31,2.13,0.046,44.0,134.3,0.992393,3.48,0.7,12.074143681
6.34,0.22,0.25,1.21,0.027,21.5,86.0,0.991876,3.34,0.57,11.158793116
9.08,0.663,0.16,2.59,0.099,7.2,10.3,0.995776,3.58,0.9,10.281460845
7.08,0.188,0.31,4.08,0.022,20.9,125.9,0.989952,3.5,0.61,11.387781373
6.28,0.63,0.28,4.47,0.043,11.6,99.8,0.992616,3.16,0.83,10.705016335
8.68,1.067,0.02,1.96,0.091,5.6,16.8,0.9963,3.55,0.53,9.275291098
5.74,0.183,0.23,7.81,0.042,48.9,108.7,0.990962,3.4,0.42,12.043884787
7.26,0.346,0.51,1.44,0.072,43.4,201.5,0.993223,3.31,0.5,11.945249287
8.66,0.822,0.06,2.09,0.096,4.4,6.0,0.997766,3.31,0.88,10.745957298
6.95,0.178,0.29,1.45,0.052,69.4,150.5,0.990966,3.16,0.45,9.864758497
7.56,0.248,0.26,1.01,0.022,18.0,125.9,0.992121,3.44,0.43,12.975155622
6.24,0.206,0.49,1.29,0.03,20.3,108.6,0.990713,3.6,0.63,11.899418241
7.61,0.221,0.55,1.7,0.062,7.8,43.4,0.996109,3.44,0.5,10.726828067
6.22,0.406,0.31,2.75,0.04,44.6,102.4,0.99277,3.33,0.51,10.470394912
7.73,0.219,0.31,1.31,0.044,29.6,141.8,0.996121,3.37,0.65,9.269092367
5.91,0.203,0.42,4.39,0.023,37.8,127.4,0.991302,3.6,0.5,11.749094889
7.44,0.876,0.42,2.33,0.085,5.8,19.4,0.999735,3.39,0.5,8.940592225
6.51,0.188,0.2,8.13,0.055,55.7,158.6,0.99959,2.96,0.52,9.414334957
5.98,0.383,0.47,1.66,0.09,32.7,115.0,0.992967,3.16,0.56,10.111611179
8.06,0.884,0.07,8.02,0.073,4.0,16.2,0.999152,3.2,0.95,9.680590253
7.6,0.755,0.1,1.93,0.055,3.6,6.0,1.000555,3.5,0.86,10.60933201
7.51,0.29,0.59,11.81,0.059,44.1,214.9,0.998574,2.98,0.48,9.296702058
6.8,0.165,0.23,13.07,0.063,36.8,140.6,0.997902,3.26,0.53,9.482563459
7.02,0.244,0.45,17.32,0.052,48.1,248.2,0.99663,3.12,0.58,8.943462342
9.41,0.287,0.19,13.19,0.058,52.2,166.3,0.996412,3.15,0.58,9.09985541
8.88,0.815,0.15,2.21,0.093,6.5,22.7,0.99761,3.39,0.58,10.997386085
5.47,0.193,0.28,3.92,0.032,28.3,86.3,0.990774,3.51,0.56,11.97588085
6.85,0.244,0.22,14.24,0.067,45.1,217.8,0.995818,3.19,0.56,8.745642232
7.43,0.21,0.29,1.7,0.028,28.2,27.8,0.991476,3.21,0.43,9.788624195
7.31,0.273,0.18,10.31,0.047,9.3,210.2,0.995886,2.9,0.52,10.053875605
8.17,0.297,0.3,1.5,0.039,15.5,83.8,0.99592,3.24,0.61,9.685039744
6.03,0.297,0.25,3.57,0.043,21.1,99.9,0.99055,3.38,0.48,11.673860341
6.36,0.247,0.35,12.56,0.052,63.6,150.8,0.991987,3.26,0.46,10.042896064
7.08,0.242,0.32,6.7,0.042,43.9,197.4,0.994374,3.3,0.39,8.866908586
8.56,0.647,0.66,1.17,0.077,8.1,16.0,0.996777,3.43,0.63,10.271810831
8.79,0.823,0.02,1.27,0.092,4.5,7.0,0.995295,3.31,0.49,10.807801515
4.9,0.217,0.35,4.21,0.02,20.2,81.8,0.989842,3.49,0.56,12.23562177
7.53,0.922,0.09,1.42,0.109,13.8,16.4,0.996216,3.17,0.61,10.151970901
8.01,0.168,0.27,1.31,0.046,44.0,148.3,0.99759,3.0,0.43,10.433599004
5.99,0.255,0.26,10.28,0.05,59.0,230.5,0.998225,3.1,0.46,8.838106068
6.71,0.374,0.39,2.14,0.028,30.4,94.4,0.995356,3.44,0.31,12.106383105
5.71,0.25,0.3,4.81,0.036,46.7,75.7,0.991943,3.62,0.65,12.046685898
6.37,0.189,0.32,5.11,0.045,16.4,67.8,0.991401,3.41,0.58,12.729583592
6.5,0.218,0.17,11.04,0.06,34.4,138.2,0.998363,2.85,0.41,8.908679815
6.98,0.265,0.25,10.24,0.052,60.9,212.4,0.998233,3.43,0.45,9.035105799
6.07,0.246,0.2,1.9,0.134,22.2,53.3,0.993823,3.39,0.75,10.022863812
7.82,0.75,0.51,2.41,0.102,6.5,11.8,0.996058,3.17,0.64,9.651020706
6.54,0.3,0.36,3.5,0.044,14.5,138.5,0.990365,3.5,0.51,12.811897476
6.51,0.208,0.25,1.84,0.033,16.7,122.1,0.996828,2.97,0.63,9.377521715
6.08,0.261,0.41,1.89,0.037,24.6,91.7,0.995162,3.17,0.71,10.155599265
5.98,0.408,0.39,1.98,0.032,22.4,90.7,0.991664,3.55,0.42,12.242681504
9.33,0.377,0.26,1.68,0.085,7.3,20.6,0.994478,3.18,0.49,12.076679123
8.27,0.241,0.47,8.85,0.049,31.1,182.3,0.999039,3.05,0.59,9.648696953
6.9,0.19,0.28,4.8,0.033,46.2,97.8,0.993302,2.9,0.66,11.423095266
7.55,0.379,0.12,2.03,0.092,5.8,46.8,0.994434,3.28,0.4,9.429111912
7.8,0.84,0.05,2.02,0.111,6.5,101.7,0.99973,3.54,1.1,12.63520727
6.17,0.232,0.36,14.23,0.051,21.8,166.3,0.997604,3.28,0.57,10.760168273
6.4,0.328,0.22,2.18,0.043,27.3,94.4,0.991007,3.52,0.78,9.329209334
5.96,0.403,0.36,1.22,0.045,31.0,34.0,0.993642,3.6,0.52,9.312422441
6.99,0.205,0.33,11.52,0.047,111.8,210.5,0.99592,3.0,0.42,8.690350437
7.31,0.601,0.13,0.99,0.084,2.5,6.0,0.997966,3.34,0.5,10.785469062
10.03,0.62,0.09,1.07,0.042,11.7,19.2,0.995967,3.51,0.5,10.841753927
6.04,0.238,0.21,2.11,0.045,20.3,86.6,0.992689,3.17,0.74,10.457257102
5.82,0.281,0.56,9.17,0.055,43.6,207.9,0.998946,3.38,0.49,8.910505885
6.46,0.282,0.34,4.37,0.044,48.6,128.1,0.991437,2.95,0.62,11.829852265
5.93,0.307,0.26,1.45,0.052,5.8,94.2,0.993489,3.3,0.53,10.869463331
6.8,0.231,0.47,2.18,0.103,28.8,159.0,0.996376,3.04,0.53,10.792117395
7.63,0.97,0.05,1.81,0.075,9.7,15.7,0.995458,3.34,0.52,9.645011074
8.52,0.791,0.06,1.67,0.099,3.3,21.5,0.998121,3.29,0.56,11.103468918
12.15,0.322,0.06,9.52,0.253,12.1,72.8,0.99858,3.57,0.42,10.910990255
9.1,0.642,0.03,2.82,0.096,4.0,15.6,1.000362,3.65,0.68,10.541392672
6.18,0.33,0.2,2.03,0.024,20.9,120.4,0.989946,3.4,0.52,11.482829565
5.73,0.192,0.26,11.35,0.057,51.0,206.1,0.999788,3.09,0.54,10.295984255
10.49,0.565,0.56,1.71,0.053,8.1,185.9,0.99363,3.36,0.98,11.385793603
7.63,0.79,0.75,1.14,0.09,17.4,128.4,0.996613,3.21,0.57,10.792794285
5.77,0.234,0.54,12.49,0.052,43.3,154.2,0.994005,2.97,0.57,9.150555261
8.03,0.797,0.28,8.8,0.045,47.6,208.1,0.998792,3.18,0.48,9.136778937
6.11,0.226,0.33,1.4,0.043,20.0,110.8,0.99148,3.24,0.48,9.857271724
6.88,0.227,0.3,2.56,0.038,28.3,101.4,0.990492,3.19,0.6,11.815300213
7.68,0.297,0.35,7.85,0.034,20.5,107.5,0.995961,3.33,0.57,11.540406689
7.97,0.803,0.51,2.7,0.09,14.4,75.1,0.997043,3.28,1.14,10.292422849
7.14,0.346,0.45,3.14,0.029,23.2,111.7,0.991578,3.37,0.5,12.012133929
6.97,0.869,0.13,2.71,0.096,5.6,17.6,0.992889,3.59,0.73,10.384394066
6.62,0.591,0.12,1.86,0.093,3.8,10.7,0.997953,3.57,0.93,9.50645092
6.15,0.214,0.28,2.02,0.045,24.1,137.3,0.996039,3.21,0.54,10.611754042
6.28,0.274,0.47,4.45,0.038,45.7,43.1,0.996273,3.12,0.53,9.443129013
7.09,0.361,0.29,5.14,0.03,30.2,76.6,0.993916,2.99,0.61,9.872566247
8.53,0.806,0.05,2.88,0.212,5.1,28.8,0.998616,3.44,0.77,10.489577267
6.44,1.12,0.09,1.82,0.073,4.6,29.1,0.997826,3.42,0.56,10.312636203
6.98,0.599,0.51,1.22,0.096,21.8,39.5,0.998042,3.44,0.71,10.619655636
5.94,0.267,0.5,4.53,0.03,36.0,74.0,0.991089,3.31,1.14,11.916080073
6.55,0.158,0.3,2.1,0.026,20.9,115.7,0.991209,3.45,0.58,12.940753287
6.17,0.397,0.2,12.31,0.16,36.1,56.3,0.993599,3.13,0.59,10.133225591
6.51,0.211,0.44,11.98,0.04,33.2,226.1,0.997958,2.91,0.47,10.870924963
5.82,0.309,0.24,1.83,0.03,42.3,67.5,0.991161,3.45,0.36,11.507106745
9.36,0.468,0.07,2.66,0.094,5.5,17.7,1.000351,3.36,0.65,10.08552458
9.41,0.65,0.5,7.98,0.088,5.6,31.5,1.000466,3.36,0.69,10.48909055
10.94,0.545,0.04,1.48,0.13,3.2,19.1,1.000602,3.46,0.67,9.184556921
10.28,0.343,0.29,13.17,0.072,36.7,239.0,0.995659,3.22,0.62,9.612627954
6.98,0.25,0.27,9.02,0.055,47.4,190.6,0.999084,3.41,0.5,8.755463261
6.49,0.229,0.29,1.07,0.031,25.4,88.7,0.991962,3.55,0.4,11.975585296
6.37,0.524,0.31,1.84,0.104,25.2,103.9,0.995793,3.22,0.44,10.597293242
6.05,0.174,0.3,1.63,0.031,28.6,116.2,0.99201,3.05,0.36,10.587905574
5.86,0.273,0.47,2.11,0.048,45.3,119.6,0.993816,3.14,0.54,10.160437148
6.96,0.31,0.3,11.67,0.044,23.7,149.6,0.997047,3.21,1.21,9.577207569
5.94,0.207,0.27,1.85,0.038,20.9,137.4,0.993279,3.27,0.45,12.063192315
7.12,0.289,0.56,10.97,0.067,47.2,176.6,0.997003,3.24,0.46,9.507299296
10.44,0.56,0.23,2.21,0.098,7.7,12.5,0.99866,3.48,0.63,9.401440618
6.87,0.273,0.24,12.91,0.058,59.3,179.9,0.997912,3.1,0.56,9.29345499
9.66,0.287,0.49,1.95,0.102,48.6,164.5,0.995472,3.14,0.61,9.163594312
5.9,0.276,0.25,13.12,0.053,54.6,205.9,0.998483,3.25,0.46,8.637383363
6.89,0.382,0.09,1.7,0.036,18.1,26.5,0.99805,3.15,0.45,12.070380557
6.38,0.309,0.24,12.33,0.044,51.6,178.7,0.998172,3.25,0.49,9.25170506
5.24,0.18,0.27,4.86,0.043,59.1,56.5,0.992808,3.37,0.44,9.779142814
6.62,0.247,0.37,15.16,0.044,28.4,161.9,0.993733,3.11,0.34,10.600151953
6.02,0.224,0.29,4.03,0.04,17.9,73.1,0.993281,3.52,0.59,12.332802326
7.47,0.369,0.3,1.8,0.033,35.0,80.6,0.992051,3.2,0.67,10.913314387
5.93,0.205,0.26,2.06,0.029,16.6,177.7,0.992565,3.1,0.97,10.915548014
6.3,0.389,0.26,1.81,0.027,10.4,136.8,0.991147,3.6,0.54,12.333215601
7.53,0.638,0.29,2.38,0.081,6.0,25.6,0.997546,3.5,0.83,10.744117206
5.29,0.29,0.2,5.04,0.046,66.4,209.7,0.996539,2.94,0.4,9.252562415
6.95,0.959,0.06,1.9,0.075,7.0,13.5,0.997872,3.41,0.64,10.213081587
5.54,0.165,0.21,1.8,0.051,41.9,126.5,0.991412,3.46,0.42,10.025237099
7.97,0.46,0.44,3.22,0.047,49.1,152.2,0.991388,2.98,0.46,10.912009782
5.75,0.28,0.29,10.2,0.044,37.5,183.3,0.993226,3.21,0.57,9.462628055
6.86,0.245,0.24,10.59,0.059,25.2,183.3,0.998287,3.28,0.66,9.474537831
9.57,0.249,0.24,1.32,0.039,61.1,155.1,0.99782,3.19,0.45,9.528110994
8.42,0.828,0.08,1.9,0.109,4.2,41.1,0.996947,3.09,0.63,10.280390061
5.09,0.215,0.41,2.49,0.031,32.1,81.5,0.990488,2.98,0.35,12.183678115
6.19,0.274,0.26,1.9,0.044,11.4,95.6,0.993457,3.55,0.52,10.312056853
5.63,0.837,0.47,2.67,0.269,5.8,34.6,0.999435,3.01,0.81,9.764227626
6.43,0.395,0.25,4.6,0.034,44.8,91.1,0.99078,2.9,0.55,11.42830826
9.21,0.849,0.06,1.53,0.073,10.2,34.1,0.996927,3.16,0.58,10.128379995
10.01,0.864,0.05,1.99,0.073,35.4,20.4,0.997932,3.17,0.54,10.976515404
7.31,0.374,0.23,11.57,0.053,41.1,200.2,0.998274,3.02,0.41,8.840402594
5.98,0.163,0.61,1.91,0.05,18.6,115.5,0.996077,3.09,0.47,10.935227349
6.02,0.249,0.47,2.65,0.025,11.0,98.7,0.991078,3.42,0.38,11.43855661
8.27,0.198,0.14,1.22,0.072,37.8,26.8,0.993259,3.45,0.58,10.264022819
8.53,0.718,0.08,1.47,0.117,6.3,15.7,0.995903,3.41,0.52,10.750921735
7.11,0.185,0.49,10.0,0.042,38.9,136.7,0.991861,3.23,0.56,9.035604964
6.67,0.383,0.26,14.36,0.049,70.4,198.2,0.997435,3.03,0.57,9.404263336
5.58,0.222,0.48,10.74,0.06,14.7,186.2,0.997861,3.16,0.45,9.050688905
7.35,0.617,0.58,4.44,0.072,38.5,208.9,0.996137,3.05,0.49,9.314741878
8.6,0.162,0.18,10.95,0.044,42.4,165.4,0.995435,3.05,0.5,11.585726021
6.29,0.271,0.47,3.95,0.032,33.5,108.3,0.989813,3.29,0.38,12.548841693
8.07,0.554,0.13,1.84,0.092,12.4,15.8,0.993207,3.53,0.66,10.168078165
6.06,0.427,0.36,2.14,0.067,11.8,194.1,0.995255,3.32,0.79,9.889818507
6.6,0.176,0.15,1.21,0.057,4.7,172.0,0.996062,2.96,0.4,9.43712669
7.72,0.302,0.09,4.97,0.049,33.7,88.7,0.992713,3.47,0.41,9.542225673
5.98,0.219,0.31,12.02,0.06,43.7,71.8,0.991521,3.07,0.46,9.449786238
5.56,0.426,0.29,6.94,0.039,33.8,194.1,0.99506,3.35,0.35,9.166741546
7.66,0.256,0.65,9.95,0.063,39.1,253.4,0.999379,2.98,0.67,9.457507736
7.16,0.215,0.26,13.99,0.057,50.5,173.3,0.998317,3.21,0.45,9.286475671
7.24,0.727,0.03,1.16,0.113,3.1,26.8,0.997235,3.19,0.67,9.568464721
6.04,0.18,0.24,11.11,0.053,46.4,166.3,0.9992,2.93,0.39,9.06546188
10.84,0.616,0.17,1.91,0.084,13.5,107.7,0.99566,3.05,0.53,9.234274051
6.05,0.242,0.38,3.73,0.032,38.9,113.5,0.990446,3.15,0.51,12.901135883
8.37,0.616,0.07,12.63,0.072,28.9,18.7,0.994879,3.2,0.48,11.563224868
6.25,0.34,0.3,2.12,0.038,33.1,138.5,0.994723,3.49,0.43,10.911971956
6.57,0.874,0.05,1.45,0.092,7.6,18.3,0.997928,3.83,1.13,11.126483273
6.75,0.358,0.39,2.37,0.078,31.2,147.8,0.993228,3.32,0.49,10.302826438
9.27,0.286,0.35,2.5,0.034,27.6,108.1,0.994548,3.38,0.51,11.746774488
6.25,0.292,0.39,1.56,0.028,28.3,184.1,0.992823,3.13,0.38,9.219314022
9.1,0.914,0.08,1.42,0.083,3.8,23.1,0.994603,3.25,0.58,10.278237601
7.13,0.263,0.33,1.99,0.046,38.4,120.8,0.996832,3.14,0.69,10.281988532
5.71,0.2,0.29,1.3,0.044,50.4,112.2,0.992938,3.1,0.73,9.368008698
6.33,0.38,0.45,2.05,0.026,13.5,107.6,0.990427,3.16,0.36,13.068778508
6.88,0.293,0.49,10.31,0.04,16.9,92.4,0.997857,2.93,0.6,12.609788166
5.94,0.353,0.28,10.79,0.033,39.4,94.0,0.990742,3.35,0.6,11.691471323
7.75,0.793,0.0,2.48,0.169,55.1,71.1,0.996011,2.96,0.43,10.5427057
8.06,0.366,0.27,6.68,0.049,30.0,197.7,0.996401,3.26,0.5,9.041744659
7.59,0.306,0.23,13.27,0.044,17.4,153.7,0.998139,3.11,0.46,9.038080225
6.48,0.279,0.35,0.9,0.049,15.1,51.5,0.991601,3.33,0.55,8.975769205
6.48,0.362,0.25,11.11,0.088,29.6,151.2,0.994371,3.19,0.39,11.149385781
6.21,0.259,0.27,7.2,0.035,25.9,103.8,0.990932,3.54,0.48,9.547291815
5.48,0.392,0.2,2.53,0.02,8.4,114.7,0.991622,3.51,0.44,12.191416512
5.84,0.204,0.31,12.98,0.057,48.5,187.9,0.996016,3.12,0.41,8.972840495
6.94,0.262,0.29,10.09,0.063,38.3,229.8,0.998932,3.18,0.43,8.630827111
5.93,0.26,0.25,10.61,0.044,32.8,202.4,0.995336,3.33,0.43,8.769553254
6.69,0.185,0.21,10.06,0.048,43.3,156.0,0.997298,3.41,0.39,8.877093633
7.13,0.55,0.13,2.51,0.089,4.4,7.5,0.999042,3.61,0.7,10.446159287
6.31,0.3,0.14,1.09,0.127,21.4,100.4,0.996639,3.25,0.68,9.255563017
7.11,0.76,0.1,1.74,0.072,6.1,11.1,0.997497,3.44,0.56,10.287478193
6.94,0.261,0.27,1.35,0.04,48.3,148.8,0.990965,3.57,0.56,11.990087474
7.21,0.707,0.43,1.6,0.086,5.0,15.2,0.994029,3.54,0.62,10.467773055
6.84,0.164,0.23,9.02,0.041,40.1,106.5,0.992348,3.32,0.38,11.393758415
5.79,0.175,0.4,2.4,0.037,42.9,127.9,0.992148,3.28,0.62,11.353369829
6.54,0.313,0.21,2.02,0.044,16.3,96.0,0.995696,3.04,0.56,9.534626657
9.06,0.181,0.27,11.89,0.053,46.4,136.4,0.997365,2.96,0.45,9.203664509
8.32,0.726,0.11,2.22,0.087,7.1,18.0,0.998206,3.5,0.97,9.674809475
6.49,0.412,0.33,4.75,0.029,23.2,90.2,0.990582,3.21,0.82,12.033552391
6.9,0.285,0.29,17.28,0.038,45.2,101.9,0.997458,3.0,0.67,8.686318227
14.92,0.663,0.32,2.54,0.077,14.1,23.6,0.999997,3.11,0.51,10.653437799
9.76,0.349,0.25,2.17,0.046,16.6,190.9,0.992443,3.25,0.31,9.35845019
7.28,0.342,0.34,3.59,0.05,31.4,143.0,0.992067,3.37,0.52,11.17753399
5.68,0.242,0.3,10.76,0.051,51.8,215.4,0.994505,3.02,0.52,9.005761015
7.54,0.668,0.26,1.45,0.266,19.0,30.8,0.994025,3.39,0.55,10.694730754
6.44,0.406,0.23,5.85,0.046,25.6,114.3,0.991201,3.34,0.42,10.843254031
6.08,0.856,0.39,13.63,0.107,61.9,204.8,0.998065,2.98,0.52,8.863008156
6.17,0.203,0.39,1.28,0.038,38.4,66.4,0.994012,3.02,0.44,9.076385518
5.12,0.227,0.33,5.23,0.042,49.8,81.7,0.993544,3.12,0.36,9.21493597
8.6,0.32,0.42,2.13,0.035,32.1,196.6,0.990301,3.31,0.59,12.019772238
6.16,0.532,0.09,4.54,0.087,5.6,7.2,0.999204,3.42,0.82,9.924356743
8.41,0.826,0.09,1.74,0.096,4.6,26.7,0.99936,3.53,0.78,11.102990759
9.18,0.884,0.48,1.0,0.083,11.8,42.2,0.996615,3.27,0.44,11.725755902
8.4,0.46,0.11,1.12,0.085,14.9,17.3,0.996184,3.33,0.49,10.398717114
8.66,0.73,0.09,2.36,0.088,9.0,21.6,0.995167,3.57,0.58,10.683717179
5.67,0.175,0.24,4.14,0.034,32.6,93.3,0.990339,3.1,0.4,12.32103053
7.9,0.912,0.1,2.09,0.083,5.8,22.3,0.997994,3.55,0.96,10.043286026
5.97,0.25,0.35,5.31,0.042,30.1,113.0,0.991466,3.21,0.43,11.666288344
7.33,0.218,0.34,3.76,0.03,59.8,72.1,0.991193,3.33,0.53,11.426237112
5.7,0.262,0.32,4.45,0.026,36.4,105.7,0.990604,3.42,0.37,12.012663563
6.16,0.265,0.24,12.76,0.042,51.6,181.3,0.998243,2.99,0.51,9.376093791
6.83,0.234,0.06,1.44,0.209,9.6,34.5,0.995661,3.22,0.42,10.824089513
6.1,0.173,0.33,1.1,0.049,26.8,149.1,0.993254,3.16,0.45,10.325472169
7.13,0.617,0.21,7.79,0.046,22.9,159.9,0.994287,3.11,0.54,10.604729005
6.72,0.404,0.33,4.26,0.034,11.7,131.9,0.989649,3.54,0.56,10.380414424
6.02,0.33,0.16,2.59,0.034,42.2,113.9,0.994455,3.2,0.85,11.522037168
7.65,0.254,0.4,1.88,0.04,27.0,111.3,0.99544,3.21,0.54,10.138977387
6.58,0.216,0.51,1.62,0.083,18.6,94.8,0.996643,2.97,0.66,9.324818688
7.44,0.314,0.25,1.04,0.05,54.2,205.0,1.001065,3.15,0.48,8.70658353
6.22,0.842,0.11,1.33,0.094,4.5,11.9,0.997013,3.62,0.54,10.372705555
6.31,0.343,0.26,2.4,0.052,18.3,120.6,0.990935,3.56,0.8,12.727067675
6.68,0.244,0.24,1.06,0.05,24.4,99.0,0.990397,3.2,0.45,9.764747825
9.87,0.775,0.01,5.66,0.085,5.1,6.0,1.000171,3.5,0.74,11.169133442
6.17,0.32,0.3,3.53,0.029,6.7,120.7,0.991017,3.34,0.4,11.265962172
6.2,0.192,0.29,12.58,0.048,32.0,117.3,0.997067,3.06,0.45,9.177279833
5.95,0.298,0.45,3.48,0.031,32.0,112.2,0.995907,3.08,0.53,12.543183791
7.84,0.526,0.03,1.14,0.099,3.6,19.9,0.999803,3.25,0.54,10.840833687
6.62,0.295,0.24,13.08,0.039,33.0,199.6,0.996996,3.14,0.41,8.885175774
7.27,0.351,0.32,13.56,0.044,19.8,87.3,0.991323,3.51,0.59,12.390631529
10.88,0.621,0.07,1.59,0.126,4.4,27.0,0.99793,3.58,0.61,10.979375294
6.56,0.356,0.28,3.06,0.047,18.5,76.5,0.992098,3.25,0.59,11.711556231
6.69,0.2,0.26,1.91,0.08,15.8,62.7,0.991612,3.44,0.61,9.867237637
6.68,0.802,0.14,2.77,0.088,27.9,9.4,0.999157,3.28,0.55,10.766792288
6.53,0.375,0.27,1.52,0.049,57.7,136.7,0.995945,3.06,0.48,10.479281855
7.25,0.272,0.21,1.42,0.038,26.2,234.0,0.994309,3.14,0.66,11.249611362
8.86,0.606,0.01,1.97,0.082,7.9,36.0,0.995049,3.02,0.8,10.81534628
6.18,0.168,0.24,14.34,0.045,48.9,149.0,0.999882,3.12,0.41,8.695847274
5.86,0.216,0.25,6.31,0.032,54.6,162.6,0.994701,3.11,0.39,9.163758766
6.74,0.259,0.23,4.48,0.03,26.7,134.3,0.997335,3.35,0.46,9.886235535
5.68,0.237,0.3,1.73,0.031,31.7,101.7,0.989018,3.54,0.57,11.356354829
6.13,0.239,0.31,1.46,0.033,34.5,60.0,0.992345,3.07,0.76,11.202570037
8.02,1.148,0.06,1.59,0.087,14.7,6.9,0.998697,3.48,0.54,10.75200842
6.59,0.316,0.26,12.53,0.053,36.6,192.9,0.997696,3.17,0.65,8.829473487
6.73,0.183,0.27,9.74,0.056,71.4,203.9,0.994574,3.09,0.65,8.896724078
6.43,0.249,0.17,2.81,0.032,43.4,103.0,0.991236,3.32,0.5,11.63538384
5.77,0.258,0.25,11.17,0.053,56.5,181.7,0.996673,3.06,0.71,9.337600127
8.97,0.659,0.06,8.07,0.092,6.0,11.3,0.998523,3.37,0.65,10.109895389
5.71,0.212,0.36,1.3,0.024,18.9,67.3,0.992839,3.44,0.47,10.567413287
7.44,0.656,0.03,1.59,0.073,10.2,17.6,0.996765,3.16,0.89,10.728781128
5.69,0.337,0.27,4.44,0.027,38.1,88.2,0.990378,3.46,0.56,12.160328932
7.44,0.232,0.39,1.88,0.036,30.3,49.5,0.9904,3.27,0.47,11.914205113
8.1,0.936,0.21,3.21,0.047,13.5,28.5,0.993223,3.34,0.56,9.375454134
7.38,1.051,0.11,1.27,0.083,23.8,29.0,0.995614,3.46,0.49,9.835993731
6.22,0.289,0.33,9.03,0.047,14.6,177.1,0.993811,3.07,0.4,9.259177064
8.09,0.642,0.06,2.31,0.099,10.8,19.6,0.996518,3.36,1.02,9.231251214
7.03,0.252,0.21,9.63,0.062,30.5,172.7,0.99851,3.06,0.48,9.104353748
7.43,0.641,0.19,1.21,0.079,20.2,35.3,0.995466,3.11,0.45,9.887187062
6.41,0.407,0.22,7.41,0.021,11.9,82.9,0.990661,3.57,0.59,12.427447188
5.82,0.179,0.36,1.67,0.038,27.3,125.5,0.991044,3.41,0.81,10.811920236
7.06,0.19,0.2,1.37,0.017,23.3,126.2,0.990412,3.21,0.5,12.341881607
6.74,0.222,0.23,13.5,0.048,49.9,166.2,0.998882,3.0,0.5,9.09257589
5.74,0.174,0.23,2.11,0.046,62.3,101.3,0.990532,3.48,0.41,10.548043294
8.09,0.791,0.15,1.47,0.078,6.2,172.1,0.997274,3.15,0.56,10.768665434
6.05,0.4,0.3,2.26,0.028,26.8,77.9,0.99038,3.58,0.56,12.417744308
8.32,0.699,0.1,2.43,0.093,5.3,15.4,0.996561,3.25,0.59,10.04448352
5.56,0.165,0.27,13.36,0.05,55.7,164.2,0.991297,3.26,0.44,9.041574727
5.99,0.159,0.26,2.05,0.031,35.3,105.2,0.989304,3.1,0.36,12.533395393
5.36,0.225,0.3,1.52,0.03,41.2,89.4,0.988562,3.51,0.43,12.308627423
6.97,0.2,0.23,10.91,0.055,55.6,133.1,0.998284,3.14,0.39,9.561528784
6.93,0.582,0.24,1.21,0.182,21.7,22.4,0.997365,3.19,0.54,9.584311545
6.89,0.29,0.41,1.28,0.035,30.2,194.3,0.995683,3.24,0.51,9.323995125
8.77,0.217,0.45,1.42,0.05,28.7,93.0,0.992331,3.41,0.47,9.120101595
10.51,1.033,0.19,1.76,0.085,3.0,6.3,0.997905,3.51,0.77,10.244594963
6.2,0.161,0.4,8.0,0.028,36.0,114.1,0.990454,3.35,0.59,12.661356486
8.14,1.101,0.17,3.02,0.1,6.7,40.6,0.99864,3.25,1.17,9.606382599
7.61,0.864,0.51,1.33,0.113,3.8,22.7,0.998729,3.38,0.51,10.29458798
6.18,0.355,0.33,3.89,0.04,11.0,102.0,0.995721,3.15,0.88,12.153263849
8.82,0.874,0.13,2.02,0.085,4.9,25.4,1.000834,3.38,0.93,9.419767555
7.27,0.394,0.24,1.07,0.03,27.6,110.7,0.992956,3.38,0.69,11.150875461
4.86,0.2,0.48,1.96,0.026,13.6,92.7,0.992198,3.58,0.91,11.441489871
6.55,0.937,0.39,1.07,0.092,8.9,37.3,0.998012,3.18,0.51,8.891734068
8.86,0.821,0.12,1.6,0.086,8.8,6.0,0.995623,3.24,0.61,9.873245012
7.36,0.248,0.3,8.9,0.055,54.6,198.3,0.999467,3.03,0.71,8.582374305
6.83,0.307,0.31,15.52,0.051,74.8,189.8,0.997965,3.18,0.5,9.278343235
5.75,0.295,0.45,4.58,0.054,33.8,129.2,0.992883,3.16,0.54,11.336736742
7.33,0.305,0.26,4.96,0.014,27.3,104.1,0.99377,2.89,0.47,11.653128195
6.54,0.392,0.21,3.67,0.044,16.8,90.3,0.991251,3.43,0.42,11.205798376
8.27,0.756,0.68,1.13,0.08,14.1,18.6,0.996534,3.25,0.51,9.886603049
5.93,0.384,0.28,3.46,0.037,36.3,108.3,0.992915,3.44,0.59,10.889674933
10.65,0.277,0.12,2.48,0.127,27.6,24.8,0.997821,3.15,0.75,8.983200555
8.08,0.182,0.29,10.51,0.046,73.6,176.3,0.993644,3.38,0.54,9.546575819
4.71,0.153,0.33,4.37,0.032,16.3,65.9,0.990352,3.35,0.42,11.707810371
7.48,0.26,0.3,12.06,0.041,44.3,219.1,0.998344,3.29,0.49,9.342848198
6.72,0.25,0.32,1.83,0.03,11.4,103.0,0.992372,3.37,0.51,12.432185253
6.03,0.352,0.59,10.79,0.016,43.7,157.6,0.994763,3.12,0.48,10.455838449
6.34,0.386,0.32,15.82,0.05,59.5,108.9,0.992081,3.16,0.53,10.297078911
6.28,0.177,0.3,6.22,0.052,14.4,205.5,0.993363,3.37,0.42,9.209088235
7.42,0.285,0.26,7.53,0.051,44.4,184.7,0.995362,3.08,0.82,8.731740414
6.56,0.29,0.26,10.59,0.057,89.3,188.7,0.996076,3.31,0.47,10.642462343
7.02,0.297,0.36,9.35,0.062,43.0,226.5,0.998426,3.23,0.43,9.358264458
5.86,0.434,0.25,2.62,0.012,24.9,106.7,0.992009,3.46,0.54,12.592418555
6.44,0.21,0.3,1.29,0.046,52.1,101.7,0.995335,3.08,0.5,11.70246683
7.28,0.828,0.21,1.93,0.079,16.9,35.5,0.995441,3.17,0.43,9.500853341
8.74,0.223,0.65,12.08,0.046,63.5,224.0,0.997211,3.08,0.46,9.343944807
6.03,0.251,0.28,4.52,0.028,50.4,124.1,0.989516,3.21,0.74,12.145802533
6.69,0.275,0.23,14.04,0.118,44.9,146.6,0.99651,3.44,0.53,11.311874217
5.73,0.219,0.61,12.8,0.051,50.1,191.1,0.996974,3.04,0.52,8.894410235
5.05,0.218,0.32,1.32,0.024,10.8,106.0,0.99111,3.46,0.54,11.74649793
8.62,0.447,0.38,1.59,0.073,23.9,75.6,0.997893,3.37,0.65,11.224598252
7.58,0.214,0.25,1.32,0.027,31.7,102.6,0.992832,3.64,0.55,11.773766947
6.47,0.214,0.22,12.52,0.063,31.2,180.9,0.998584,3.17,0.58,8.766148797
6.91,0.18,0.21,12.41,0.051,24.1,132.8,0.996361,3.27,0.54,10.39936256
6.45,0.283,0.34,6.12,0.032,10.6,94.3,0.998581,2.99,0.59,10.34248647
6.35,0.324,0.24,4.85,0.032,19.2,117.2,0.989615,3.17,0.46,12.810948341
7.12,0.282,0.37,2.45,0.033,40.4,52.0,0.992719,3.11,1.07,11.605516157
8.09,0.335,0.22,1.36,0.221,29.1,101.1,0.998199,2.96,0.45,10.06675966
7.21,0.372,0.18,5.27,0.021,20.0,118.5,0.991006,3.41,0.53,11.190608333
6.76,0.254,0.26,2.48,0.034,14.6,43.6,0.99549,3.47,0.52,12.763303883
8.87,0.284,0.31,1.91,0.058,32.4,204.2,0.997334,3.07,0.64,10.398618427
8.09,0.697,0.16,2.08,0.093,9.2,22.6,0.997294,3.34,0.75,9.889820529
6.91,0.205,0.46,12.27,0.052,43.0,195.6,0.994609,3.12,0.39,9.023904484
5.41,0.16,0.29,3.09,0.043,58.3,168.4,0.994107,2.96,0.53,9.147237683
7.75,0.819,0.14,1.52,0.078,15.8,14.5,0.999385,3.46,1.06,10.89503191
5.58,0.295,0.25,12.83,0.058,44.9,152.7,0.994164,2.94,0.46,8.847593203
7.47,0.276,0.21,12.16,0.054,67.5,120.4,0.99597,3.07,0.59,8.996442573
6.91,0.321,0.3,5.9,0.042,24.7,115.6,0.993931,3.51,0.45,10.181685562
5.81,0.161,0.26,1.15,0.026,33.5,83.4,0.989953,3.27,0.79,11.928696483
8.86,0.984,0.35,1.78,0.092,13.9,84.8,0.991948,3.11,0.55,9.635003244
5.84,0.39,0.22,1.38,0.045,60.6,179.8,0.999137,3.12,0.39,8.674962311
6.08,0.281,0.29,13.32,0.053,45.9,217.3,0.997845,3.07,0.4,9.029639744
6.04,0.261,0.26,1.48,0.021,18.2,89.3,0.992629,3.32,0.5,11.222768319
6.25,0.297,0.31,17.06,0.034,29.5,83.1,0.994275,3.03,0.44,10.636070248
6.39,0.232,0.46,3.34,0.056,43.2,182.9,0.994482,3.76,0.63,9.511434762
8.24,0.833,0.64,2.53,0.072,7.5,17.4,0.992761,3.27,0.52,9.87850137
5.9,0.323,0.21,2.5,0.05,34.9,86.8,0.990592,3.34,0.64,12.497871988
6.16,0.355,0.3,2.4,0.044,16.4,101.1,0.992686,3.35,0.59,11.849280943
5.37,0.173,0.3,2.29,0.02,30.7,78.9,0.989393,3.53,0.52,11.947705343
5.07,0.147,0.31,4.63,0.031,29.0,70.0,0.990634,3.47,0.49,12.160085087
6.76,0.237,0.27,4.94,0.038,38.1,94.7,0.994553,3.24,0.45,11.736244594
7.22,0.595,0.06,2.02,0.088,3.6,6.0,0.997974,3.42,0.46,9.980531974
8.15,0.202,0.26,1.04,0.034,36.4,181.7,0.99265,3.14,0.4,10.754402765
6.64,0.18,0.24,14.92,0.059,29.8,149.5,0.998883,3.09,0.6,9.29287697
6.75,0.248,0.17,6.23,0.044,34.7,117.2,0.991521,3.32,0.42,12.409857341
6.13,0.592,0.5,4.36,0.03,21.3,126.7,0.991515,3.36,0.46,9.968852083
5.97,0.264,0.51,4.2,0.042,26.4,132.4,0.994797,3.18,0.78,8.750039759
7.46,0.961,0.19,1.74,0.081,5.9,23.9,0.994779,3.48,0.59,11.021444814
6.54,0.249,0.35,1.27,0.052,27.2,141.3,0.991416,3.01,0.47,11.798016953
7.99,0.382,0.4,1.17,0.042,17.3,74.8,0.988863,3.31,0.72,12.39004032
5.96,0.29,0.28,2.38,0.04,14.4,66.0,0.99034,3.19,0.46,11.862798781
5.37,0.382,0.26,3.34,0.033,32.7,52.2,0.99242,3.49,0.75,12.068038186
6.15,0.326,0.44,14.13,0.052,18.2,219.8,0.995638,3.13,0.44,9.227074415
5.92,0.349,0.26,13.51,0.038,70.4,122.8,0.991813,3.2,0.57,12.007532985
7.51,0.225,0.28,6.02,0.039,17.0,120.3,0.995265,3.16,0.52,9.171250141
5.61,0.299,0.29,1.91,0.035,11.4,152.1,0.996028,3.32,0.61,10.685982961
7.12,0.343,0.1,1.69,0.055,13.8,179.0,1.000146,3.08,0.54,10.365588578
6.8,0.369,0.27,11.26,0.052,36.3,153.1,0.995275,3.09,0.56,9.655182175
6.03,0.244,0.32,1.17,0.042,33.3,62.5,0.993147,3.4,0.76,11.752145648
6.33,0.21,0.26,0.99,0.041,50.0,67.6,0.9933,3.28,0.45,10.019093943
9.18,0.222,0.46,9.94,0.052,38.1,233.3,1.000385,3.06,0.52,8.897150308
6.11,0.199,0.29,11.17,0.054,29.9,101.5,0.99366,3.05,0.67,10.146046863
7.03,0.165,0.34,12.12,0.056,36.0,205.6,0.998634,3.13,0.52,9.315034178
6.96,0.326,0.22,1.96,0.047,17.8,205.1,0.994545,3.37,0.55,10.440180864
7.6,0.277,0.31,1.63,0.032,34.3,108.8,0.995026,3.45,0.55,12.679948482
5.52,0.243,0.24,10.56,0.052,62.7,201.2,0.998843,3.01,0.45,9.011997063
7.31,0.28,0.19,1.16,0.046,44.4,172.0,0.995928,3.24,0.43,8.986747846
7.85,0.181,0.51,4.81,0.032,36.8,85.4,0.990518,3.25,0.36,12.651997978
8.53,0.658,0.32,1.66,0.08,6.2,38.7,0.998872,3.35,0.45,10.336521611
5.95,0.252,0.27,5.89,0.018,18.4,55.1,0.990067,3.41,0.57,11.776216635
6.62,0.186,0.23,9.94,0.056,69.8,180.7,0.996134,3.22,0.51,9.241881962
6.16,0.178,0.19,1.32,0.029,38.1,56.7,0.991369,3.34,0.62,11.664583603
7.69,0.201,0.26,13.57,0.062,39.4,149.5,0.998173,3.24,0.53,9.46639322
6.33,0.205,0.63,10.32,0.057,46.9,195.8,0.998151,3.09,0.51,9.489301811
7.08,0.243,0.43,4.82,0.028,36.6,95.7,0.990149,3.37,0.68,9.740275437
8.07,0.205,0.22,11.37,0.039,27.6,225.9,0.995796,3.4,0.42,9.616692235
6.78,0.506,0.36,1.58,0.047,14.6,86.2,0.993933,3.33,0.56,11.242997857
8.9,0.813,0.33,4.78,0.094,3.3,22.4,0.995342,3.6,0.82,10.775070039
6.54,0.244,0.27,2.13,0.045,27.4,56.6,0.992205,3.48,0.85,9.678793465
6.86,0.194,0.31,5.85,0.039,26.9,170.3,0.994634,3.02,0.49,8.726725934
6.18,0.244,0.18,13.85,0.045,37.5,148.1,0.992649,2.94,0.52,8.974545243
4.86,0.291,0.21,4.98,0.036,52.1,102.4,0.989957,3.44,0.59,10.957455003
7.57,0.35,0.26,1.98,0.027,8.6,138.7,0.991567,3.64,0.55,11.711972378
7.68,0.727,0.06,2.34,0.11,9.0,6.0,1.000203,3.52,0.87,11.115139704
7.82,0.205,0.15,2.21,0.04,36.6,137.7,0.996029,3.21,0.43,9.713728767
9.1,0.44,0.71,1.94,0.093,5.4,58.7,0.999904,3.42,0.62,10.04558924
10.47,0.26,0.24,5.69,0.056,15.5,134.4,0.992418,3.17,0.49,10.916336958
8.0,0.722,0.12,1.52,0.088,7.9,17.2,0.997527,3.57,1.03,10.789454757
6.33,0.346,0.29,1.64,0.059,60.6,98.7,0.997601,3.23,0.62,9.360229697
5.81,0.26,0.3,2.14,0.03,34.3,86.2,0.990799,3.39,0.52,12.105164481
7.14,0.706,0.09,1.22,0.087,12.7,45.7,0.994542,3.19,0.59,10.736383897
5.81,0.378,0.24,5.38,0.045,40.4,171.3,0.990642,3.07,0.51,12.560513826
7.66,0.573,0.3,10.93,0.036,14.5,80.5,0.991497,3.33,0.47,11.248187061
6.76,0.355,0.29,13.65,0.052,33.9,161.3,0.999401,3.16,0.71,8.841478815
7.18,0.29,0.62,2.03,0.078,25.8,151.9,0.995742,3.26,0.45,9.290528857
5.92,0.27,0.31,12.57,0.053,52.2,182.2,0.996237,3.28,0.46,9.072827518
8.06,0.168,0.28,10.19,0.038,40.6,48.8,0.991625,3.13,0.56,9.16006431
5.98,0.213,0.26,1.2,0.016,38.9,101.6,0.990345,2.92,0.47,10.144424186
6.99,0.209,0.25,8.87,0.046,52.9,181.8,0.993642,3.11,0.55,8.588883576
7.35,0.321,0.3,11.9,0.035,58.3,197.5,0.999024,3.07,0.55,8.75954688
6.88,0.278,0.21,3.54,0.019,27.0,100.6,0.988943,3.09,0.48,11.735045259
9.61,0.587,0.03,1.55,0.073,4.0,10.1,0.997773,3.34,0.63,10.856239357
10.35,0.981,0.25,2.93,0.088,14.9,35.9,0.99864,3.14,1.49,10.911526281
5.64,0.214,0.17,1.46,0.028,48.0,75.0,0.992797,3.43,0.53,11.42866258
8.94,0.298,0.29,1.9,0.037,13.2,139.3,0.99828,3.37,0.4,11.011653421
7.83,0.612,0.18,1.84,0.088,5.2,38.0,0.998199,3.36,0.68,9.248619661
6.66,0.171,0.16,5.4,0.045,29.8,133.0,0.994649,3.28,0.58,9.159969841
6.1,0.198,0.3,9.35,0.058,33.1,144.1,0.992776,3.15,0.34,10.507435099
6.25,0.165,0.38,0.95,0.031,27.8,135.5,0.990488,3.59,0.52,10.465300175
5.03,0.322,0.22,1.13,0.058,16.3,125.1,0.990491,3.35,0.46,11.700694952
5.03,0.349,0.35,2.83,0.035,48.9,87.2,0.989753,3.41,0.46,11.474345393
5.6,0.251,0.39,5.89,0.039,37.5,95.6,0.991356,3.49,0.88,12.366126257
5.72,0.2,0.12,4.38,0.035,17.6,101.0,0.990303,3.26,0.57,12.049953542
8.42,0.383,0.44,2.66,0.056,57.5,218.8,0.993926,3.82,0.56,9.431375785
6.04,0.268,0.28,3.44,0.042,31.8,148.8,0.992099,3.19,0.6,10.729217765
6.42,0.214,0.23,1.73,0.04,29.1,122.6,0.997435,3.28,0.53,11.462894138
7.44,0.402,0.34,3.08,0.087,10.5,170.0,0.998463,3.4,0.57,10.3955275
8.86,0.263,0.23,4.98,0.042,37.2,141.7,0.997233,3.01,0.58,9.221160642
8.87,0.945,0.03,1.96,0.037,4.7,27.1,0.993598,3.35,0.54,9.52425133
8.41,0.569,0.05,1.13,0.078,6.0,22.7,0.999301,3.37,0.49,10.316236521
6.17,0.267,0.25,2.05,0.043,22.4,131.3,0.995028,3.11,0.49,12.243451916
5.03,0.213,0.27,4.53,0.028,11.9,79.5,0.990512,3.58,0.56,12.457617402
6.88,0.34,0.29,2.3,0.023,26.4,121.3,0.990115,3.29,0.68,11.40592186
6.5,0.177,0.34,2.44,0.026,24.0,125.0,0.990618,3.4,0.48,11.488715608
7.41,0.404,0.67,1.14,0.073,7.4,31.2,0.993376,3.29,0.74,10.839364786
6.09,0.206,0.24,0.91,0.041,22.3,113.1,0.994666,3.22,0.39,11.184479
5.6,0.159,0.45,1.24,0.044,46.5,98.9,0.993932,3.28,0.76,10.803310718
6.03,0.294,0.26,4.65,0.033,31.5,97.7,0.990958,3.62,0.49,11.124715865
6.26,0.283,0.43,2.3,0.048,59.9,198.5,0.997826,2.95,0.61,9.40442245
6.71,0.224,0.27,0.98,0.048,38.7,88.8,0.99093,3.1,0.55,10.672476269
6.69,0.256,0.32,11.08,0.031,50.2,119.2,0.99434,2.89,0.53,9.1979825
6.48,0.211,0.66,9.98,0.057,34.1,189.2,0.998332,3.53,0.47,9.178582228
8.66,0.204,0.55,8.93,0.057,46.1,170.2,0.998319,3.06,0.41,8.730321481
10.38,0.195,0.22,1.0,0.036,39.4,161.6,0.994878,3.38,0.61,12.4780607
5.72,0.278,0.36,3.65,0.021,15.3,85.4,0.989297,3.49,0.49,12.357473603
7.06,0.615,0.32,1.14,0.044,30.8,130.8,0.996339,3.05,0.46,10.126151687
4.55,0.259,0.28,1.48,0.038,19.6,94.6,0.9895,3.0,0.53,12.169894962
7.1,0.316,0.29,5.99,0.051,49.4,144.0,0.997705,3.03,0.47,9.41747456
6.25,0.197,0.18,12.6,0.054,12.6,157.8,0.997716,3.19,0.58,9.132820594
5.89,0.223,0.3,1.28,0.041,46.6,81.9,0.993522,3.5,0.55,11.13629149
5.79,0.172,0.18,1.94,0.026,36.9,98.0,0.991009,3.22,0.41,12.138441657
7.47,0.194,0.28,7.24,0.05,44.0,132.0,0.998895,3.07,0.37,9.093451465
8.14,0.713,0.46,1.87,0.117,5.4,11.9,1.000572,3.23,0.64,8.93087124
7.01,0.183,0.24,7.62,0.061,44.9,181.0,0.998544,2.96,0.37,8.617503691
6.72,0.667,0.08,1.58,0.074,5.3,18.8,0.997058,3.15,0.48,9.481534696
7.12,0.509,0.44,2.43,0.051,28.9,27.3,0.99282,3.47,0.58,11.434819993
6.77,0.308,0.29,1.19,0.046,18.5,169.7,0.995057,3.1,0.57,12.431911149
5.34,0.288,0.33,1.44,0.036,32.7,80.7,0.989972,3.42,0.56,12.332794714
7.21,0.303,0.26,5.75,0.043,34.8,144.2,0.992231,3.19,0.41,10.237292431
8.79,0.682,0.48,2.2,0.052,3.7,55.2,0.998339,3.86,0.62,10.348625259
6.09,0.279,0.19,5.24,0.037,16.4,119.2,0.993474,3.0,0.31,11.516319255
6.65,0.308,0.48,3.0,0.041,33.2,203.9,0.992318,3.07,0.48,9.739085239
7.05,0.293,0.38,2.53,0.031,47.0,80.3,0.991954,3.13,0.5,11.753604918
5.79,0.249,0.49,1.21,0.023,25.0,72.9,0.989701,3.32,0.43,12.030561514
6.99,0.254,0.3,10.54,0.05,25.8,200.8,0.996755,2.99,0.46,8.61425335
9.94,0.155,0.34,8.09,0.051,15.2,187.1,0.995411,3.15,0.48,9.329209426
6.12,0.224,0.18,2.36,0.044,33.2,169.4,0.994036,3.02,0.53,9.503821245
4.78,0.346,0.29,3.84,0.022,33.5,95.1,0.988804,3.35,0.6,11.337541642
6.3,0.212,0.28,5.05,0.034,9.1,131.0,0.998115,3.22,0.61,11.240074252
10.4,0.665,0.4,1.32,0.079,7.5,11.5,0.992272,3.13,0.51,9.118377948
7.44,0.231,0.46,13.87,0.037,24.6,147.8,0.993241,3.09,0.41,10.041713881
4.83,0.394,0.34,1.07,0.053,36.4,150.0,0.990933,3.1,0.39,9.03258989
8.39,0.374,0.27,2.2,0.034,43.8,148.9,0.991081,3.21,0.58,12.077036825
8.72,0.294,0.51,1.68,0.034,10.3,142.0,0.994445,3.21,0.82,10.776258264
5.95,0.175,0.27,1.24,0.051,46.6,108.5,0.99057,3.55,0.53,11.683164236
4.98,0.22,0.28,1.68,0.023,10.2,83.7,0.989639,3.02,0.57,12.187423693
7.4,0.25,0.57,1.93,0.069,16.7,149.2,0.99933,3.57,0.78,10.757261513
8.21,0.252,0.53,1.33,0.281,6.5,38.5,0.997497,3.05,0.45,10.318168172
6.54,0.341,0.29,1.88,0.037,26.6,115.5,0.99022,3.43,0.62,10.930320723
5.94,0.243,0.31,7.41,0.028,18.4,162.1,0.999014,3.18,0.5,10.979695243
7.91,0.282,0.39,1.3,0.08,14.6,61.8,0.992414,3.39,0.45,11.229489719
6.46,0.25,0.23,8.67,0.051,51.1,143.4,0.990765,3.29,0.39,10.681050038
6.44,0.285,0.29,1.69,0.097,5.2,89.1,0.999509,2.98,0.49,10.068485539
8.66,0.114,0.35,4.67,0.029,22.2,130.3,0.991894,3.12,0.5,12.241612784
6.29,0.177,0.28,2.02,0.035,23.7,138.7,0.995185,3.33,0.56,10.590561627
8.54,0.914,0.59,3.09,0.338,6.7,18.6,1.00032,3.34,0.53,9.191342917
6.16,0.362,0.28,9.54,0.055,65.4,195.4,0.99864,3.4,0.47,9.397049092
7.17,0.672,0.36,1.7,0.081,6.4,71.7,0.992807,3.37,0.48,9.45910884
6.55,0.177,0.34,5.05,0.032,34.8,139.9,0.988836,3.54,0.54,12.525155619
5.97,0.197,0.38,1.32,0.045,14.6,52.2,0.993044,3.21,0.46,11.944143206
8.98,0.336,0.25,11.4,0.055,52.1,151.1,0.993069,3.19,0.5,8.6376296
6.59,0.891,0.18,1.17,0.082,16.1,194.8,0.996202,3.22,0.49,10.91692887
5.99,0.149,0.31,1.02,0.03,12.8,82.0,0.992784,3.43,0.44,12.75782822
9.92,0.213,0.09,1.5,0.039,17.1,172.2,0.998939,3.39,0.53,8.792752492
7.59,0.239,0.28,11.59,0.055,23.4,136.1,0.995861,3.15,0.59,8.630932916
6.52,0.293,0.34,1.55,0.036,49.2,106.4,0.992051,3.07,0.4,10.333459413
6.71,0.367,0.5,1.15,0.053,27.4,95.7,0.99287,3.32,0.53,10.891434958
5.87,0.288,0.36,2.31,0.034,40.9,52.7,0.989366,3.43,0.31,12.374220267
6.01,0.17,0.21,6.75,0.022,23.1,79.3,0.991978,3.31,0.37,12.551025384
5.52,0.355,0.33,4.57,0.028,37.4,99.4,0.990423,3.46,0.43,12.275555475
8.55,0.792,0.0,1.84,0.087,3.8,20.6,0.997657,3.35,0.47,10.770281286
6.13,0.169,0.41,4.66,0.042,19.1,102.2,0.989881,3.48,0.45,10.761338166
7.69,0.619,0.5,1.81,0.161,12.3,168.4,0.995192,2.94,0.49,9.743165995
6.37,0.194,0.27,3.39,0.04,32.3,116.6,0.992093,3.14,0.76,11.900659242
12.07,0.272,0.25,2.24,0.193,16.7,70.9,0.99827,2.94,0.53,9.175630704
6.64,0.335,0.28,1.85,0.049,55.4,174.1,0.99107,3.06,0.55,9.350086269
6.75,0.451,0.36,5.42,0.071,48.8,146.0,0.991481,3.15,0.63,10.709420858
7.07,0.665,0.04,1.51,0.084,8.7,63.1,0.996696,3.47,0.66,10.959485281
7.14,0.231,0.25,13.93,0.056,45.1,194.8,0.997864,3.14,0.47,9.22760034
7.75,0.738,0.18,1.2,0.074,14.3,10.3,0.999473,3.25,0.51,10.605223265
6.52,0.233,0.33,2.49,0.037,9.1,104.0,0.990636,3.52,0.65,11.801615191
6.27,0.251,0.33,2.11,0.044,52.0,144.4,0.996042,3.35,0.72,8.832685149
6.07,0.225,0.35,2.16,0.027,16.9,83.7,0.989064,3.11,0.39,11.957908299
10.61,0.221,0.27,1.16,0.054,27.0,111.4,0.995865,3.12,0.5,10.81516373
5.99,0.286,0.41,1.44,0.043,18.3,87.0,0.99378,3.32,0.58,11.278710691
6.24,0.161,0.28,1.2,0.032,46.2,104.3,0.9888,3.38,0.45,9.854958371
5.9,0.207,0.31,11.17,0.045,126.7,202.6,0.999176,3.2,0.43,8.906145285
5.8,0.197,0.24,15.84,0.036,44.8,175.5,0.995502,3.37,0.49,9.109240649
7.37,0.188,0.24,12.84,0.046,38.4,149.1,0.997783,2.99,0.49,8.697395916
6.57,0.307,0.28,5.47,0.029,38.3,122.1,0.989336,3.42,0.73,12.009691145
7.39,0.535,0.08,1.5,0.101,2.1,28.6,0.999229,3.42,0.63,9.800791556
5.73,0.255,0.27,4.02,0.044,62.8,199.7,0.996005,3.14,0.51,9.378166157
5.94,0.177,0.46,3.12,0.031,15.1,75.2,0.99173,3.5,0.54,11.905241684
6.08,0.319,0.49,2.67,0.023,40.0,120.2,0.991003,3.49,0.42,12.334508734
6.75,0.8,0.13,1.2,0.113,18.5,104.2,0.997661,3.53,0.52,9.622051385
8.96,1.221,0.1,1.1,0.101,4.6,10.0,0.99669,3.39,0.93,10.94367872
9.73,0.564,0.05,1.04,0.079,5.6,12.5,0.996668,3.29,0.49,9.66152386
10.99,0.803,0.13,1.38,0.075,4.2,24.8,0.998386,3.45,0.55,10.272248556
5.73,0.349,0.2,1.87,0.032,35.8,82.9,0.990764,3.09,0.39,11.023734375
6.68,0.3,0.3,1.15,0.059,51.4,217.0,0.998203,3.12,0.47,9.297609504
6.47,0.226,0.3,2.14,0.174,28.6,111.7,0.992752,3.25,0.45,8.915928905
7.95,0.224,0.59,12.76,0.056,40.0,199.0,0.995487,3.01,0.41,8.829183083
5.81,0.21,0.28,13.55,0.047,32.5,162.5,0.995781,2.94,0.55,9.125982636
7.03,0.27,0.27,4.64,0.026,14.2,111.9,0.990002,3.67,0.57,11.317244461
6.47,0.187,0.18,1.23,0.032,27.7,113.7,0.991632,3.35,0.61,10.971193075
5.83,0.252,0.28,8.52,0.049,35.1,155.7,0.99024,2.91,0.38,12.207792718
6.13,0.385,0.3,7.66,0.05,31.0,120.2,0.991396,3.29,0.54,10.972784669
6.23,0.19,0.32,4.72,0.028,39.0,109.2,0.991571,3.05,0.87,10.772147568
9.23,0.903,0.13,2.0,0.091,2.1,6.0,1.000649,3.45,0.99,9.165036499
5.82,0.306,0.52,1.75,0.037,40.7,155.1,0.990218,3.0,0.37,9.895846095
6.23,0.311,0.28,6.58,0.037,18.6,94.4,0.992113,3.45,0.63,11.504550778
6.71,0.29,0.32,14.65,0.04,40.1,168.3,0.996729,3.06,0.55,10.449167161
5.99,0.229,0.2,1.25,0.04,31.3,207.9,0.995904,3.19,0.58,9.923110026
7.38,0.724,0.07,2.3,0.088,16.1,57.4,0.997606,3.32,0.48,10.304256735
5.18,0.685,0.51,2.58,0.2,21.6,109.1,0.998337,3.6,1.18,8.793049564
6.0,0.248,0.39,1.24,0.017,15.5,80.4,0.989547,3.34,0.34,12.175463629
8.43,0.229,0.26,12.91,0.051,56.1,201.7,0.995841,3.03,0.46,9.230157272
7.91,0.611,0.28,1.98,0.044,14.1,32.7,0.993751,3.42,0.47,10.943027138
9.24,0.754,0.44,1.89,0.074,11.8,28.2,0.998047,3.49,0.79,10.061847662
6.64,0.787,0.61,2.37,0.074,29.7,36.2,0.995754,3.49,0.54,9.496821241
6.27,0.32,0.26,1.08,0.085,43.0,151.8,0.995032,3.16,0.59,9.044243525
9.2,0.204,0.32,2.04,0.038,17.3,149.7,0.992822,3.14,0.5,10.231747003
6.34,0.202,0.33,2.94,0.029,45.9,105.6,0.989964,3.36,0.51,11.530280172
7.9,0.285,0.56,1.58,0.046,43.1,132.7,0.998214,3.03,0.61,9.26000799
6.35,0.371,0.26,3.94,0.03,36.7,114.8,0.991029,3.61,0.5,10.880503622
5.1,0.312,0.21,4.56,0.037,38.3,164.1,0.990524,3.59,0.35,10.851874706
7.92,0.564,0.07,2.49,0.116,4.0,18.4,1.000893,3.34,0.6,9.856464368
6.8,0.277,0.31,2.49,0.056,77.7,194.1,0.997603,2.96,0.59,9.509851629
6.16,0.219,0.35,1.32,0.041,15.0,154.8,0.994769,2.86,0.49,8.82354032
6.26,0.37,0.29,4.01,0.023,43.5,88.3,0.989848,3.23,0.35,12.659137448
8.38,0.306,0.36,2.1,0.09,36.3,6.9,0.991798,3.28,0.6,9.699060961
6.04,0.296,0.32,5.59,0.045,16.8,78.0,0.995835,3.46,0.9,9.895894005
5.91,0.24,0.36,2.13,0.023,59.0,113.6,0.990169,3.15,0.47,12.408185346
6.96,1.009,0.09,1.21,0.097,3.5,10.0,0.998593,3.35,0.55,10.489409685
7.62,0.181,0.23,3.07,0.031,30.8,179.6,0.989936,3.3,0.55,11.518729036
6.64,0.288,0.28,4.81,0.034,40.5,113.4,0.993652,3.49,0.51,12.204384394
7.05,0.283,0.24,2.78,0.02,36.9,141.4,0.989042,3.63,0.52,13.327530523
7.53,0.209,0.27,13.67,0.046,40.3,218.9,0.995171,2.9,0.47,9.429726928
6.04,0.304,0.24,10.78,0.055,40.2,182.8,0.99929,3.14,0.45,9.237227438
5.53,0.252,0.29,5.23,0.026,14.3,60.8,0.988472,3.5,0.55,12.396836177
5.53,0.147,0.31,8.26,0.029,33.7,102.1,0.990702,3.17,0.5,11.840708977
6.58,0.272,0.31,11.35,0.055,23.3,208.2,0.998514,3.05,0.42,9.099332136
5.86,0.28,0.31,5.9,0.032,28.3,141.3,0.994894,3.15,0.33,10.083732045
6.29,0.355,0.31,1.19,0.081,36.5,89.7,0.99337,3.15,0.53,10.911047342
7.17,0.264,0.27,6.71,0.038,17.2,86.6,0.993824,3.13,0.56,10.31505952
6.45,0.234,0.22,5.81,0.044,28.6,112.1,0.992332,3.38,0.52,12.047308207
7.7,1.077,0.04,1.92,0.084,8.0,18.0,0.995193,3.72,0.63,10.17732232
7.16,0.455,0.36,1.64,0.167,11.3,21.6,0.99758,3.31,0.55,9.826202834
7.28,0.178,0.29,11.25,0.052,35.6,206.9,0.996039,3.34,0.56,8.963612101
8.25,0.275,0.52,8.31,0.05,51.5,183.4,0.993468,2.89,0.53,8.592014832
5.62,0.182,0.3,1.68,0.028,55.0,89.3,0.990876,3.1,0.52,11.673407539
7.14,0.184,0.22,12.18,0.049,49.3,194.1,0.999409,3.01,0.39,9.004796728
6.39,0.172,0.49,8.52,0.052,45.9,125.6,0.995698,3.28,0.59,9.276717404
5.98,0.214,0.49,1.28,0.031,28.3,120.6,0.990198,3.04,0.43,11.906463779
6.12,0.303,0.27,5.5,0.055,13.6,117.3,0.99861,3.16,0.4,10.374112497
5.88,0.178,0.33,4.69,0.022,36.7,85.9,0.994555,3.17,0.56,11.116775155
9.89,0.571,0.58,2.01,0.095,2.8,19.1,0.994889,3.3,0.94,10.205705432
6.32,0.21,0.5,6.63,0.056,16.6,203.6,0.995185,2.92,0.43,8.767245877
4.95,0.346,0.23,2.25,0.036,25.1,131.7,0.991803,3.56,0.31,12.295015815
8.13,0.717,0.19,1.79,0.085,17.0,7.3,0.995416,3.2,0.48,10.753576249
8.27,0.303,0.23,13.9,0.018,26.9,167.5,0.993062,3.15,0.59,8.707042664
5.69,0.518,0.29,11.2,0.037,39.9,189.0,0.990957,3.2,0.41,9.137488511
6.06,0.345,0.23,1.24,0.038,22.0,108.7,0.99136,3.37,0.47,12.459727712
7.94,0.582,0.2,1.64,0.086,6.3,41.8,0.999466,2.9,0.49,9.005700604
7.56,0.213,0.28,14.47,0.057,44.7,199.9,1.001004,2.96,0.54,9.846835005
7.21,0.778,0.31,1.32,0.119,5.5,48.2,0.997427,3.35,0.56,10.367005844
5.67,0.243,0.38,1.06,0.088,20.8,109.7,0.991399,3.49,0.35,10.274757613
12.16,0.534,0.55,1.92,0.097,6.7,26.3,0.999088,3.37,0.85,10.995588788
6.9,0.158,0.27,7.0,0.032,12.0,199.2,0.992655,3.17,0.45,12.171898633
6.7,0.247,0.35,2.32,0.039,15.9,148.1,0.999456,3.12,0.5,10.805623658
6.26,0.32,0.34,1.32,0.042,34.5,55.7,0.993019,3.05,0.46,9.543517297
6.61,0.189,0.3,2.18,0.042,20.8,66.4,0.991468,3.46,0.5,11.810657309
9.79,0.76,0.51,1.27,0.071,19.7,31.0,0.998286,3.29,0.47,10.008498887
6.57,0.362,0.16,2.43,0.037,24.1,49.7,0.992277,3.49,0.66,11.614377799
7.39,0.465,0.09,2.27,0.084,8.1,22.3,0.997216,3.19,0.47,9.911131143
6.27,0.835,0.3,12.84,0.051,36.7,162.6,0.99656,2.99,0.37,10.860866436
6.23,0.328,0.28,7.02,0.043,18.8,111.3,0.990325,3.03,0.5,12.409342609
7.81,0.254,0.28,6.36,0.049,12.6,218.0,0.997418,3.42,0.51,8.672681283
6.2,0.456,0.26,2.71,0.022,27.4,103.3,0.990089,3.17,0.5,11.786011743
7.44,0.89,0.44,1.56,0.087,12.0,32.4,0.998547,3.57,0.52,10.123655835
6.31,0.158,0.35,4.6,0.033,32.4,120.8,0.990343,3.54,0.5,11.365740014
6.08,0.517,0.28,1.88,0.078,33.9,114.9,0.994231,2.97,0.35,10.686438184
7.05,0.519,0.29,12.49,0.048,17.7,148.7,0.996144,3.11,0.44,9.128220275
6.34,0.263,0.32,1.78,0.047,15.3,137.5,0.992888,3.19,0.64,12.23374842
6.87,0.241,0.2,5.48,0.026,23.8,139.3,0.991582,3.34,0.43,12.479024476
7.12,0.282,0.33,12.52,0.049,34.7,126.1,0.99382,3.13,0.51,9.037969306
8.0,0.869,0.13,2.19,0.088,4.9,31.6,0.99602,3.5,0.64,8.680299501
6.1,0.183,0.3,1.3,0.046,37.7,69.3,0.990537,3.31,0.56,11.985450813
5.95,0.297,0.3,6.68,0.038,15.0,185.2,0.993963,3.17,0.37,9.084730279
7.13,0.781,0.16,1.67,0.083,6.0,18.0,0.999857,3.57,1.05,10.65841159
6.81,0.834,0.34,4.5,0.042,13.0,80.3,0.990917,3.24,0.37,10.095219496
6.45,0.208,0.29,5.46,0.034,13.3,66.2,0.994853,3.39,0.44,12.656948483
10.06,0.878,0.24,19.72,0.086,66.2,214.3,0.996639,3.1,0.52,10.294980435
6.31,0.29,0.34,11.88,0.044,37.7,154.1,0.996167,3.33,0.49,10.419861727
7.27,0.201,0.47,1.88,0.088,12.6,96.9,0.99294,3.35,0.6,10.299676296
5.78,0.375,0.14,1.3,0.036,16.1,135.9,0.992833,3.2,0.37,9.497442896
6.5,0.254,0.29,10.44,0.071,53.1,217.4,0.993396,3.2,0.57,10.525215442
9.88,0.827,0.16,1.57,0.085,2.9,21.2,0.999929,3.44,0.59,9.121414191
6.85,0.178,0.18,7.27,0.042,60.4,219.9,0.995376,3.05,0.41,9.122893567
6.57,0.322,0.36,1.51,0.044,9.8,62.1,0.991295,3.16,0.48,11.846890658
7.7,0.893,0.11,3.56,0.092,14.3,25.0,0.99947,3.33,0.64,10.827258177
5.62,0.345,0.42,1.7,0.022,18.9,83.6,0.991091,3.42,0.53,11.366470273
5.89,0.176,0.27,6.38,0.046,22.0,110.3,0.993806,3.13,0.47,11.856029413
5.83,0.233,0.39,5.35,0.047,24.4,39.7,0.991344,3.45,0.63,11.894964683
8.28,0.201,0.29,11.98,0.043,60.2,145.6,0.995641,3.25,0.53,10.40393235
5.88,0.208,0.27,0.98,0.051,19.2,141.5,0.992278,3.43,0.45,9.542475892
6.11,0.188,0.25,5.07,0.049,58.0,66.8,0.993001,3.21,0.38,10.563296545
10.6,0.791,0.32,1.88,0.237,8.6,32.7,0.998156,3.39,0.58,10.759491453
6.63,0.383,0.18,4.76,0.031,19.3,89.7,0.989496,3.34,0.37,11.841803693
5.78,0.168,0.2,5.02,0.028,42.9,101.2,0.991848,3.3,0.62,10.994920337
5.95,0.251,0.27,10.32,0.047,46.0,211.1,0.995204,2.96,0.39,9.340852955
5.94,0.307,0.25,19.68,0.053,62.7,137.1,0.997513,2.97,0.47,9.420481399
6.15,0.276,0.19,1.81,0.028,33.0,85.7,0.990701,3.42,0.39,12.159777761
6.18,0.25,0.34,1.86,0.047,61.2,96.6,0.991833,3.38,0.5,12.445409046
7.06,0.264,0.17,6.44,0.084,27.6,203.4,0.995411,3.39,0.41,9.236787971
7.39,0.206,0.31,2.18,0.049,32.4,165.9,0.997669,3.1,0.46,9.110438575
6.02,0.28,0.39,1.33,0.035,30.5,37.4,0.990351,3.06,0.41,12.378339837
5.47,0.196,0.45,2.83,0.024,39.9,109.1,0.990085,3.34,0.45,11.843402487
7.02,0.2,0.26,10.16,0.046,52.3,188.1,0.995184,3.17,0.47,8.644303354
6.08,0.347,0.27,5.01,0.031,28.3,104.1,0.99234,3.37,0.48,11.647511883
9.03,0.205,0.35,1.9,0.047,10.9,120.2,0.999597,3.32,0.49,10.811684938
7.39,0.252,0.45,1.86,0.032,44.5,110.4,0.991924,3.19,0.74,11.970531781
6.86,0.189,0.24,1.48,0.029,44.6,112.8,0.991706,3.18,0.49,10.358293661
7.12,0.29,0.26,11.53,0.048,52.2,201.0,0.998449,3.21,0.51,9.003208089
7.35,0.721,0.05,0.94,0.068,8.7,98.5,0.997085,3.24,0.47,11.332862005
5.58,0.176,0.31,1.69,0.027,59.6,113.8,0.989753,3.32,0.5,12.201717097
5.42,0.31,0.3,5.0,0.044,30.9,115.6,0.990201,3.52,0.53,11.329747946
6.0,0.19,0.37,2.38,0.036,27.0,112.0,0.990875,3.38,0.46,11.837045661
6.97,0.394,0.32,2.05,0.027,34.8,89.3,0.99364,3.18,0.46,9.357050574
6.7,0.622,0.18,1.97,0.09,16.2,6.0,1.000126,3.48,0.51,10.960530448
5.88,0.353,0.25,1.97,0.027,33.5,65.1,0.991072,3.38,0.45,9.39210191
8.39,0.983,0.54,1.27,0.148,16.2,18.2,0.995357,3.42,0.47,10.126699448
6.28,0.276,0.3,1.57,0.049,36.9,114.5,0.990859,3.37,0.54,12.170510955
10.2,0.308,0.38,6.88,0.04,22.8,180.2,0.99997,3.38,0.62,11.133962005
8.42,0.68,0.04,1.82,0.055,10.8,20.5,0.996398,3.5,0.68,8.691650934
6.7,0.382,0.31,2.05,0.04,34.2,116.4,0.992839,3.39,0.61,12.184769659
6.3,0.257,0.26,12.63,0.043,50.8,221.1,0.992914,2.99,0.54,8.888244951
6.77,0.186,0.3,16.58,0.048,37.3,143.5,0.996276,3.07,0.41,8.633532728
6.1,0.267,0.26,7.66,0.032,59.1,121.1,0.99355,3.48,0.49,11.186146353
11.12,0.829,0.08,2.0,0.087,5.0,9.3,1.000781,3.65,0.89,8.847473478
6.96,0.222,0.46,10.81,0.058,38.3,189.5,0.997491,3.33,0.55,9.088065409
5.42,0.185,0.32,1.71,0.036,41.6,170.5,0.992118,3.1,0.56,11.678059111
7.83,0.28,0.34,4.72,0.031,31.6,118.0,0.989934,3.33,0.38,10.842547983
11.22,0.628,0.15,2.69,0.082,7.4,64.2,0.993923,3.34,0.72,8.932693974
6.43,0.595,0.49,1.87,0.094,7.8,39.4,0.992295,3.41,0.53,11.279300536
7.46,0.172,0.28,9.04,0.055,67.3,219.1,0.997543,3.08,0.47,9.215750566
5.73,0.736,0.18,2.38,0.045,18.0,78.6,0.994731,3.11,0.5,8.887511223
5.53,0.331,0.28,2.2,0.027,16.2,133.8,0.989262,3.4,0.44,12.836008858
5.86,0.236,0.29,2.57,0.034,32.6,73.0,0.990632,3.23,0.49,11.947455075
6.19,0.43,0.59,1.1,0.032,16.5,183.2,0.99827,3.11,0.5,9.035340666
6.61,0.209,0.23,1.01,0.033,28.3,114.2,0.994451,3.03,0.42,9.861043384
9.17,1.069,0.04,1.85,0.088,8.4,10.7,0.997668,3.25,0.51,11.062056691
5.67,0.244,0.25,12.38,0.052,47.3,136.0,0.999542,3.33,0.5,9.244996147
8.86,0.279,0.29,1.72,0.074,30.0,176.5,0.997627,3.38,0.46,10.865711346
6.82,0.298,0.31,8.04,0.046,53.1,86.3,0.997155,3.31,0.57,9.005477242
9.26,0.968,0.18,1.56,0.096,5.9,21.6,0.995606,3.26,0.59,10.593468664
7.23,0.165,0.26,2.31,0.041,36.2,117.8,0.99258,3.1,0.47,8.777187369
7.98,0.987,0.02,1.12,0.183,8.0,26.3,0.995241,3.07,0.75,10.414467794
6.49,0.31,0.31,1.97,0.026,46.4,110.0,0.989754,3.32,0.53,10.830694279
6.0,0.231,0.29,2.8,0.051,14.4,137.0,0.992848,3.37,0.75,10.979505534
6.11,0.182,0.25,10.25,0.033,53.7,82.7,0.992437,3.2,0.69,10.37128898
7.56,0.201,0.35,14.1,0.045,48.3,205.4,0.995511,3.0,0.46,8.883190141
6.56,0.317,0.43,1.64,0.038,22.4,104.2,0.992395,3.09,0.41,9.616106907
6.12,0.176,0.29,3.27,0.044,39.0,64.5,0.99095,3.14,0.42,9.878517162
8.66,0.541,0.15,3.57,0.08,9.2,67.4,0.999508,3.16,0.72,10.407586444
6.58,0.237,0.27,6.59,0.05,41.5,192.8,0.991113,3.22,0.41,9.461263704
6.07,0.162,0.26,6.14,0.036,35.1,106.1,0.991464,3.22,0.52,10.096760698
5.32,0.218,0.29,2.15,0.027,18.3,85.9,0.990146,3.43,0.53,11.084695571
5.07,0.283,0.31,7.46,0.045,24.2,92.1,0.991286,3.16,0.34,12.304025431
7.0,0.371,0.3,10.23,0.028,28.0,79.8,0.99053,3.49,0.59,11.773231287
7.28,0.708,0.12,18.69,0.071,41.7,221.8,0.997911,3.09,0.46,9.224436857
7.63,0.296,0.2,10.63,0.064,54.5,175.4,0.999889,3.15,0.54,8.906743291
7.06,0.283,0.27,2.88,0.035,34.1,122.3,0.995697,3.26,0.89,12.730576601
6.12,0.268,0.39,1.46,0.033,29.7,111.6,0.997994,2.86,0.55,8.815064899
6.36,0.31,0.3,2.23,0.036,11.4,124.1,0.994426,3.49,0.97,10.930257269
6.84,0.303,0.28,9.57,0.053,71.9,187.9,0.997982,3.01,0.46,9.223625577
6.09,0.169,0.27,4.96,0.041,23.4,104.2,0.993728,3.16,0.91,12.792108241
6.41,0.212,0.34,1.55,0.042,20.6,103.8,0.99433,3.22,0.85,9.191598358
8.31,0.614,0.33,2.09,0.044,31.8,144.2,0.99123,3.5,0.55,11.957518629
6.07,0.275,0.27,5.14,0.035,10.8,116.2,0.995078,3.19,0.38,8.6773522
5.83,0.277,0.22,14.65,0.032,46.4,120.8,0.990133,3.11,0.46,10.944665501
7.42,0.948,0.11,2.02,0.077,5.1,47.3,0.993545,3.34,0.7,10.95214489
7.88,0.311,0.25,11.32,0.054,13.6,119.4,0.996634,3.18,0.46,9.039289996
5.82,0.232,0.26,5.66,0.03,29.2,136.0,0.993784,3.27,0.51,12.029382448
7.62,0.775,0.27,1.86,0.054,27.7,141.2,0.992029,3.31,0.56,10.814560918
6.96,0.247,0.44,2.87,0.018,28.0,138.7,0.990697,3.06,0.45,11.341210298
8.43,0.227,0.24,11.26,0.059,33.4,206.5,0.997281,3.38,0.44,9.121204604
6.21,0.235,0.23,2.82,0.036,29.1,109.0,0.997004,3.35,0.57,12.474778737
6.26,0.42,0.37,2.19,0.036,33.9,109.4,0.994229,3.28,0.66,12.100748279
6.58,0.322,0.32,4.94,0.032,28.8,77.7,0.991841,3.09,0.74,11.591476068
6.58,0.231,0.33,14.45,0.054,41.9,234.0,0.996618,3.03,0.53,8.785557153
7.86,0.919,0.1,2.42,0.068,13.0,12.6,0.999241,3.45,0.46,10.40842041
8.48,0.912,0.64,1.84,0.069,8.4,16.2,0.997703,3.43,0.57,11.114893952
10.02,0.205,0.2,11.31,0.05,37.5,238.9,0.993334,2.92,0.53,9.175155647
5.7,0.244,0.28,1.48,0.031,37.4,117.9,0.991331,3.49,0.45,11.455766685
7.02,0.2,0.27,13.8,0.061,47.6,102.6,0.993905,3.12,0.72,8.568682009
8.06,0.251,0.44,2.12,0.057,33.4,249.9,0.997498,3.12,0.5,8.983901778
8.58,0.952,0.11,1.1,0.083,26.6,16.9,0.994251,3.64,1.17,10.548964971
7.23,0.264,0.24,1.12,0.035,32.1,153.2,0.992938,2.95,0.45,12.158122042
6.33,0.653,0.3,2.23,0.036,131.4,157.3,0.991309,3.16,0.34,10.793307757
7.93,0.672,0.13,1.75,0.072,8.3,31.1,0.997876,3.32,0.62,9.942880921
5.85,0.345,0.29,3.0,0.048,48.4,125.5,0.990597,3.07,0.52,8.901853625
7.28,0.177,0.25,13.06,0.041,47.0,163.0,0.996159,3.12,0.48,8.80944796
6.7,0.21,0.45,1.69,0.026,17.3,134.7,0.991134,3.45,0.46,12.198655783
8.03,0.293,0.23,11.49,0.056,58.4,233.8,0.995,3.13,0.45,9.050909303
6.02,0.409,0.28,1.5,0.04,22.7,128.8,0.990936,2.9,0.41,12.58943126
6.02,0.293,0.29,5.01,0.044,18.4,169.9,0.990938,3.0,0.31,10.876148194
6.45,0.187,0.3,2.14,0.031,17.0,90.4,0.992575,3.56,0.71,10.310891887
6.74,0.303,0.28,13.87,0.059,59.0,146.4,1.000145,3.1,0.51,8.856766356
6.59,0.36,0.37,2.12,0.02,13.9,140.3,0.991357,3.51,0.61,12.397439027
6.67,0.221,0.28,4.65,0.023,22.8,64.7,0.989021,3.29,0.39,11.708412106
5.34,0.451,0.13,2.51,0.086,12.6,158.1,0.994565,3.42,0.63,8.804216183
6.87,0.182,0.22,0.96,0.038,16.4,129.7,0.995556,3.35,0.53,11.118905609
8.58,0.749,0.05,2.54,0.092,7.9,14.9,0.998282,3.57,0.79,10.754853714
7.0,0.896,0.06,2.12,0.078,5.4,13.0,1.000896,3.59,0.54,9.736554834
5.74,0.177,0.26,4.15,0.044,43.1,124.7,0.994932,3.3,0.57,10.789793297
6.1,0.2,0.3,3.01,0.04,30.5,124.4,0.996159,3.07,0.5,10.03191662
6.4,0.481,0.57,1.15,0.078,12.0,20.7,0.99916,3.41,0.73,9.050951606
6.26,0.597,0.2,1.7,0.089,5.9,9.5,1.000223,3.46,0.84,10.465947653
6.87,0.19,0.33,1.18,0.039,31.3,175.5,0.993221,3.32,0.33,10.368276596
5.67,0.308,0.21,2.66,0.02,25.5,108.0,0.988476,3.26,0.5,11.816422439
6.77,0.452,0.52,2.23,0.055,41.3,60.1,0.994869,3.35,0.51,11.751303959
6.27,0.197,0.26,2.39,0.037,41.6,75.1,0.991919,3.32,0.55,9.827757845
5.27,0.424,0.3,1.43,0.042,12.3,103.9,0.993173,3.47,0.72,12.090488753
5.98,0.211,0.23,3.91,0.028,14.4,99.7,0.995003,3.33,0.42,10.94220443
8.15,0.413,0.37,2.28,0.037,24.0,86.7,0.995921,3.42,0.73,11.75848273
6.71,0.433,0.23,1.3,0.037,13.9,61.3,0.993281,3.27,0.44,12.529249378
7.23,0.205,0.2,14.07,0.054,79.1,212.1,0.997972,3.0,0.4,9.378413136
7.33,0.813,0.38,1.69,0.219,13.6,9.8,0.999508,3.22,0.81,9.834733211
6.94,0.284,0.18,11.8,0.056,45.4,186.9,0.998975,3.02,0.5,9.210910159
6.05,0.278,0.2,12.45,0.047,25.0,221.1,0.99871,3.37,0.46,9.112869084
8.7,0.356,0.22,2.06,0.025,5.8,117.4,0.990652,3.41,0.51,12.511861918
6.81,0.257,0.22,2.85,0.042,25.7,100.3,0.991074,3.1,0.67,10.621892227
5.47,0.242,0.34,1.2,0.029,31.4,109.9,0.991694,3.4,0.88,12.119396595
6.82,0.199,0.2,6.33,0.045,32.1,138.4,0.989696,3.24,0.43,9.982841265
6.38,0.234,0.2,14.09,0.055,49.1,177.3,0.998934,3.07,0.4,8.757612179
8.11,0.222,0.5,4.88,0.051,30.3,165.0,0.992544,3.47,0.5,9.300595998
6.48,0.454,0.35,5.96,0.096,10.9,249.6,0.998218,3.59,0.87,10.927258679
6.3,0.194,0.23,12.02,0.063,35.0,257.9,0.995612,3.32,0.64,8.677895135
7.85,0.594,0.61,2.61,0.083,12.2,19.0,0.995853,3.52,0.73,11.177105529
6.56,0.2,0.32,5.09,0.035,18.8,153.7,0.992885,3.52,0.44,10.883706949
8.13,0.566,0.38,1.04,0.088,8.1,30.6,0.996303,3.32,0.56,10.037795927
6.06,0.271,0.32,9.81,0.076,52.6,225.3,0.998032,3.15,0.41,8.538542577
5.42,0.219,0.34,2.38,0.038,14.6,78.5,0.990291,3.17,0.71,12.252163002
5.71,0.182,0.21,6.2,0.041,20.0,86.3,0.992416,3.45,0.48,10.854903315
6.99,0.394,0.29,1.63,0.05,31.4,81.2,0.992051,2.94,0.5,9.588115837
7.26,0.212,0.27,1.56,0.047,41.0,198.7,0.998486,3.13,0.48,8.707368893
6.14,0.236,0.26,8.58,0.042,47.3,188.5,0.993987,3.24,0.43,9.573654079
6.08,0.273,0.14,1.76,0.053,39.0,208.0,0.996835,3.15,0.4,10.570478794
5.97,0.225,0.23,8.43,0.039,39.1,143.5,0.997328,2.85,0.4,9.642539729
7.92,1.12,0.06,2.98,0.082,5.3,11.1,0.994852,3.58,0.96,10.213016647
4.87,0.165,0.27,3.17,0.028,26.0,93.1,0.991822,3.42,0.66,11.749051969
6.39,0.172,0.32,1.61,0.029,11.4,106.8,0.990657,3.22,0.71,12.123132611
5.2,0.151,0.36,4.57,0.049,46.3,103.3,0.991346,3.49,0.52,10.126777013
8.53,0.783,0.12,2.24,0.058,6.8,10.2,0.993643,3.37,0.58,10.883247258
6.13,0.255,0.36,1.34,0.034,6.5,144.3,0.996482,3.23,0.38,11.33879298
5.05,0.29,0.36,2.9,0.03,18.0,86.9,0.991359,3.3,0.45,12.079560098
5.9,0.192,0.25,10.58,0.054,67.6,148.1,0.995182,2.98,0.41,9.025543292
6.51,0.188,0.25,12.82,0.052,62.7,188.6,0.999156,3.12,0.53,9.43149978
7.95,0.909,0.62,1.28,0.088,12.1,63.2,0.994851,3.48,0.48,10.177821552
7.05,0.361,0.31,11.96,0.049,20.3,160.6,0.996554,3.13,0.57,9.199702764
8.04,0.229,0.27,13.87,0.047,36.8,205.6,0.996836,3.04,0.42,9.326039527
7.79,0.534,0.15,1.63,0.095,3.7,28.4,0.995558,3.15,0.66,10.307477496
7.48,0.413,0.21,11.96,0.051,58.0,206.7,0.996024,2.93,0.46,9.412481571
6.39,0.155,0.28,7.24,0.035,51.3,162.9,0.996881,3.57,0.55,9.127133579
6.2,0.282,0.66,1.4,0.262,12.9,186.2,0.99899,3.0,0.51,9.35953453
5.93,0.31,0.28,1.81,0.054,58.3,108.5,1.000177,3.22,0.79,10.309115826
7.55,0.614,0.07,0.98,0.175,8.5,44.4,0.995564,3.38,0.66,10.996338212
7.3,0.349,0.28,3.66,0.03,9.6,132.6,0.990875,3.64,0.54,12.800522211
5.59,0.217,0.37,7.61,0.066,13.1,222.6,0.997929,3.31,0.53,8.851670907
6.02,0.391,0.26,3.9,0.043,49.4,161.1,0.993847,2.99,0.42,9.002650983
6.42,0.377,0.29,1.17,0.041,41.3,75.3,0.990738,3.48,0.49,12.325070816
6.02,0.218,0.3,4.71,0.039,27.7,109.7,0.994781,3.12,0.82,12.316264323
9.44,0.807,0.04,2.89,0.098,3.2,20.8,0.997761,3.88,0.66,10.157142935
7.13,0.262,0.29,1.71,0.034,30.8,128.6,0.991295,3.44,0.76,10.612734516
5.87,0.37,0.28,1.23,0.044,21.2,113.4,0.993637,3.35,0.43,9.451945316
7.05,0.321,0.26,0.99,0.046,47.2,191.4,0.99576,3.16,0.42,11.282887558
6.12,0.191,0.4,11.16,0.037,12.6,89.1,0.993591,3.07,0.48,9.028711519
5.53,0.187,0.25,3.33,0.028,18.0,110.8,0.99097,3.16,0.36,11.283897584
6.75,0.192,0.45,1.18,0.044,40.9,164.6,0.99611,3.12,0.48,8.928031088
8.62,1.02,0.08,2.33,0.085,2.6,19.1,0.996021,3.38,0.64,10.428963645
6.68,0.177,0.29,7.67,0.051,39.3,143.6,0.998808,2.99,0.46,10.414711925
6.77,0.309,0.46,12.38,0.061,20.7,195.4,0.998069,3.26,0.55,8.762476613
6.87,0.28,0.36,15.05,0.059,131.1,213.1,0.994882,3.05,0.4,9.212758032
8.76,0.643,0.0,2.91,0.093,3.8,11.2,0.999313,3.62,0.97,10.997378418
7.38,0.582,0.3,2.21,0.09,8.8,18.8,0.994766,3.4,0.78,9.878583979
6.8,0.168,0.3,4.8,0.034,12.4,180.8,0.992081,3.3,0.42,10.981549989
6.6,0.231,0.26,4.15,0.036,54.4,117.3,0.993337,3.01,0.48,9.853234983
6.38,0.222,0.25,10.23,0.046,50.5,183.2,0.993826,3.06,0.4,9.912486521
7.9,0.614,0.19,1.24,0.091,7.3,170.8,0.994602,3.1,0.49,10.365414583
6.6,0.251,0.3,3.13,0.038,22.1,110.8,0.991365,3.13,0.8,12.452078201
6.14,0.133,0.36,4.78,0.052,16.2,189.4,0.993317,3.0,0.52,10.831923671
6.24,0.382,0.23,5.45,0.038,28.6,109.7,0.993382,3.46,0.84,11.275832677
5.84,0.495,0.31,1.48,0.041,16.6,104.1,0.993072,3.27,0.5,11.299214046
8.28,0.8,0.67,1.53,0.086,2.1,6.0,0.998853,3.34,0.58,9.991105965
8.75,0.587,0.06,3.43,0.111,9.3,13.8,0.997931,3.5,1.0,10.294651212
5.64,0.121,0.25,1.89,0.027,26.5,79.2,0.988662,3.12,0.39,13.187294951
5.72,0.337,0.34,4.31,0.022,15.8,102.6,0.990293,3.16,0.33,11.921023039
7.07,0.408,0.26,12.73,0.04,18.4,122.5,1.000008,3.11,0.51,10.497020545
5.98,0.231,0.26,12.99,0.047,48.3,141.6,0.996273,3.22,0.46,10.417527313
8.06,0.869,0.21,1.74,0.077,40.4,35.2,0.99606,3.29,0.48,10.875444946
7.39,0.637,0.38,1.2,0.101,5.0,60.4,0.996205,3.26,0.72,9.955778903
8.65,0.882,0.16,2.31,0.09,4.5,27.5,0.999386,3.49,0.64,9.397554283
7.54,0.706,0.58,2.26,0.087,12.5,217.4,0.99731,3.45,0.52,9.628601584
5.79,0.263,0.31,1.2,0.048,15.8,140.3,0.994527,3.36,0.58,9.677105866
7.17,0.406,0.31,0.92,0.042,34.1,109.4,0.992957,3.3,0.49,12.670515957
6.23,0.244,0.27,1.5,0.054,52.4,100.8,0.99772,3.23,0.5,9.507322298
6.08,0.339,0.25,11.85,0.045,38.6,97.4,0.997653,3.19,0.56,11.159969765
5.88,0.35,0.54,6.26,0.047,31.3,180.9,0.99424,3.36,0.48,11.260858939
8.28,0.181,0.3,1.07,0.046,22.7,140.6,0.991017,3.4,0.63,10.702690167
5.2,0.368,0.51,4.47,0.034,8.5,136.3,0.990387,3.55,0.66,11.549095911
8.6,0.37,0.38,1.79,0.049,43.4,55.6,0.991571,3.52,0.73,10.57587299
4.96,0.383,0.27,4.67,0.038,65.9,108.1,0.989967,3.55,0.87,11.055829094
9.14,0.634,0.08,1.73,0.184,21.9,17.5,0.997547,3.2,0.46,10.919215644
5.75,0.282,0.28,6.11,0.043,28.8,174.2,0.993427,3.3,0.7,10.160566377
7.71,0.289,0.32,1.74,0.045,26.0,181.6,0.99519,3.34,0.62,11.202407252
5.81,0.274,0.23,1.32,0.042,29.3,112.1,0.99558,3.12,0.5,8.978148179
7.8,0.819,0.13,1.43,0.085,14.3,23.3,0.996732,3.35,0.52,10.191846138
5.59,0.16,0.25,1.14,0.033,10.4,128.2,0.991255,3.02,0.41,10.653186921
6.61,0.416,0.24,10.85,0.042,11.8,150.8,0.996224,3.34,0.54,10.32353115
6.72,0.283,0.26,12.18,0.043,41.7,211.7,0.998321,3.14,0.4,9.387370561
6.37,0.305,0.44,1.84,0.027,12.0,114.7,0.991565,3.55,0.48,13.489355103
6.72,0.325,0.34,2.2,0.039,34.2,144.0,0.993173,3.45,0.83,9.071429482
8.58,0.445,0.45,1.69,0.088,4.3,23.0,0.998279,3.37,0.73,10.756819062
7.62,0.249,0.35,1.03,0.041,48.7,156.7,0.99368,3.46,0.4,10.169594401
8.68,1.038,0.19,3.92,0.091,4.0,28.6,0.993103,3.52,1.02,10.140943303
7.13,0.671,0.11,2.05,0.083,5.4,29.2,1.000182,3.05,0.54,10.748066924
5.7,0.226,0.27,8.55,0.055,36.6,185.3,0.997408,2.97,0.44,8.980010227
7.4,0.268,0.28,2.8,0.045,24.6,21.9,0.990687,3.04,0.9,11.123263403
6.51,0.29,0.25,7.75,0.047,56.2,94.9,0.993878,3.03,0.37,12.349828826
8.06,0.374,0.53,1.94,0.044,15.0,119.8,0.992323,2.95,0.48,9.532677007
8.53,0.31,0.31,12.2,0.049,17.6,186.6,0.996381,3.23,0.85,10.096234039
6.96,0.258,0.49,10.64,0.05,38.7,178.7,0.996098,3.01,0.62,8.600623306
10.28,0.886,0.04,1.91,0.092,17.9,17.1,0.997611,3.29,0.91,9.003705243
9.44,1.053,0.14,1.31,0.09,3.0,13.9,1.002157,3.41,0.6,9.72423841
5.63,0.173,0.32,6.28,0.041,40.9,48.7,0.99053,3.29,0.78,11.962698673
6.65,0.182,0.2,11.21,0.045,44.5,110.7,0.99439,3.04,0.55,11.479277169
7.22,0.309,0.25,10.38,0.047,37.2,153.3,0.997802,3.03,0.4,8.775002932
6.88,0.299,0.24,11.59,0.053,65.6,249.8,0.998033,3.06,0.5,8.983341228
10.13,0.194,0.29,1.26,0.053,49.2,115.2,0.994395,3.28,0.54,10.029669585
7.43,0.428,0.27,2.46,0.049,15.4,103.3,0.991457,3.25,0.5,10.599729135
7.18,0.289,0.32,3.2,0.048,21.9,119.9,0.989856,2.97,0.7,12.043010965
8.51,0.3,0.39,4.71,0.041,36.9,63.2,0.995816,3.27,0.44,10.725726188
6.67,0.226,0.5,12.01,0.056,47.7,202.7,0.992943,2.96,0.46,8.671095463
7.7,0.267,0.41,1.12,0.109,6.7,68.8,0.996427,3.31,0.37,10.528395943
7.47,0.291,0.24,5.47,0.03,23.9,81.7,0.990319,3.17,0.59,11.65681476
9.33,0.808,0.02,1.13,0.075,9.7,15.3,0.995545,3.4,0.65,10.216655706
5.71,0.165,0.26,8.86,0.035,32.6,71.4,0.98964,3.36,0.82,11.55701712
6.82,0.195,0.33,4.83,0.037,25.9,52.7,0.99184,3.27,0.58,12.359306926
7.04,0.196,0.31,2.18,0.025,11.4,127.6,0.991922,3.73,0.66,12.491445627
8.64,0.651,0.55,1.28,0.078,18.0,11.7,0.997528,3.27,0.54,10.571855005
8.45,0.332,0.26,7.69,0.05,23.7,159.2,0.99632,3.24,0.5,9.692429438
7.95,0.42,0.54,1.54,0.03,40.7,67.9,0.993568,3.33,0.5,10.653443375
5.88,0.38,0.2,4.15,0.023,39.6,97.1,0.988994,3.4,0.51,12.065295251
5.77,0.155,0.33,1.63,0.043,36.9,140.5,0.994287,3.07,0.56,11.827679031
8.69,0.496,0.24,1.23,0.042,6.3,63.9,0.992636,3.42,0.61,10.060281202
6.65,0.412,0.21,12.01,0.03,26.5,112.5,0.992973,3.08,0.59,11.662782188
6.34,0.198,0.38,7.1,0.044,22.4,83.4,0.997154,3.09,0.64,10.698703485
5.92,0.323,0.31,12.33,0.055,38.4,177.4,0.992892,3.04,0.42,8.919410998
8.97,0.897,0.55,1.36,0.047,4.7,63.7,0.998668,3.32,0.59,9.847741088
5.15,0.561,0.5,1.23,0.186,42.6,19.9,0.993408,3.03,0.37,9.979553195
6.04,0.173,0.27,11.67,0.05,12.0,238.9,0.994312,2.98,0.63,10.685178923
10.26,0.919,0.06,2.65,0.124,6.4,13.6,0.999815,3.45,0.59,10.423356326
7.25,0.285,0.34,8.71,0.041,31.5,170.4,0.998851,3.03,0.36,9.989834115
8.39,0.729,0.36,12.84,0.087,34.0,168.7,0.9956,3.03,0.5,10.563988128
6.07,0.205,0.31,10.99,0.053,62.4,137.4,0.996049,3.23,0.45,8.944784596
5.55,0.213,0.32,0.95,0.033,46.5,161.3,0.991905,3.41,0.35,11.309630339
6.85,0.46,0.32,10.23,0.043,50.6,63.2,0.997519,3.05,0.55,8.987756263
7.15,0.278,0.53,12.57,0.063,59.5,154.5,0.995935,3.14,0.53,9.651105078
6.38,0.312,0.33,1.37,0.05,32.2,101.3,0.991283,3.17,0.57,11.514839272
6.48,0.234,0.34,1.1,0.039,33.8,122.8,0.991972,3.29,0.67,9.068258235
6.76,0.28,0.33,5.72,0.05,51.1,118.5,0.992152,3.07,0.53,10.819124792
7.02,0.309,0.41,1.79,0.019,9.6,122.9,0.99247,3.63,0.52,11.536113859
6.17,0.416,0.21,2.16,0.022,32.9,46.0,0.991236,3.16,0.72,12.253332219
5.98,0.47,0.27,1.37,0.031,30.6,97.7,0.990467,3.42,0.35,12.0608589
7.5,1.004,0.49,2.07,0.087,8.9,8.7,0.997676,3.47,0.67,10.492572524
7.22,0.314,0.29,9.29,0.04,47.8,203.0,0.994565,3.25,0.61,9.054934519
9.31,0.208,0.48,2.03,0.05,10.2,12.3,0.993207,3.65,0.56,10.052685438
6.5,0.382,0.22,4.1,0.036,36.6,146.0,0.992495,3.21,0.57,11.924330817
6.34,0.177,0.29,2.89,0.044,32.2,114.5,0.987985,3.35,0.31,10.318546618
6.24,0.245,0.34,1.71,0.042,17.8,192.3,0.994988,3.38,0.64,10.612155633
7.82,0.305,0.36,1.26,0.037,41.2,122.8,0.99691,3.05,0.48,8.816611203
7.23,1.074,0.08,1.27,0.239,9.4,9.0,0.998357,3.43,0.55,10.318782411
8.92,0.726,0.09,2.29,0.113,3.8,12.3,1.000056,3.4,0.85,9.956286586
5.63,0.198,0.28,13.01,0.046,33.9,154.7,0.993977,3.06,0.43,9.295513969
6.19,0.297,0.31,2.03,0.036,10.0,110.3,0.999254,3.68,0.74,11.506177727
6.23,0.247,0.27,8.29,0.045,31.4,113.4,0.996097,3.0,0.51,8.960456462
8.7,0.547,0.61,0.88,0.097,4.9,48.0,0.997342,3.17,0.49,10.210530629
6.02,0.188,0.48,10.49,0.048,43.5,146.9,0.996003,3.06,0.55,8.577699272
11.07,0.318,0.3,8.26,0.035,16.9,47.7,0.993349,3.37,0.52,10.962583482
6.24,0.177,0.44,1.56,0.037,34.7,202.1,0.995089,3.15,0.52,9.366646115
7.0,0.649,0.26,10.81,0.051,34.5,171.1,0.998076,3.3,0.6,11.507742406
6.19,0.265,0.31,6.24,0.03,14.5,109.6,0.993621,3.31,0.53,11.89854828
6.55,0.278,0.45,6.55,0.038,31.5,83.4,0.991234,3.25,0.49,8.983653013
5.59,0.368,0.18,11.32,0.038,29.1,133.3,0.995447,2.99,0.62,9.086959703
5.72,0.193,0.47,5.75,0.032,31.1,111.1,0.991587,3.24,0.73,11.889059151
7.36,0.252,0.29,10.62,0.047,40.9,175.7,0.998841,3.07,0.51,9.459574306
6.98,0.24,0.29,9.62,0.055,47.8,190.9,0.998704,3.12,0.37,9.130709309
5.97,0.784,0.41,1.37,0.043,21.6,174.2,0.99698,3.13,0.58,10.88553611
8.49,0.649,0.11,2.14,0.05,31.6,13.6,0.997809,3.47,0.38,9.080315406
5.97,0.385,0.23,5.96,0.03,15.1,109.5,0.993042,3.32,0.49,10.852765152
9.1,0.615,0.32,2.5,0.042,7.2,117.4,0.997691,3.45,0.55,11.303797252
8.33,0.297,0.35,1.0,0.046,42.0,220.4,0.99236,2.95,0.46,9.960158731
9.16,0.322,0.29,2.65,0.043,17.0,128.5,0.997152,3.15,0.74,10.550530581
8.62,0.91,0.04,1.68,0.085,6.3,8.5,0.998557,3.47,0.7,10.650083153
7.97,0.798,0.16,1.56,0.057,35.1,82.3,0.996828,3.49,0.52,10.625078006
6.2,0.623,0.38,2.4,0.044,12.7,75.5,0.990095,3.34,0.71,9.598925026
6.97,0.164,0.29,12.51,0.052,37.8,163.0,0.995944,3.17,0.5,10.585660719
5.89,0.917,0.16,1.53,0.049,53.9,68.3,0.997852,3.43,0.46,9.426088795
6.32,0.242,0.37,6.29,0.068,16.3,134.4,0.991293,3.62,0.65,10.785865014
6.46,0.161,0.34,1.45,0.038,12.6,51.9,0.991662,3.58,0.53,12.60160973
6.48,0.252,0.59,1.25,0.049,6.6,85.6,0.998224,3.32,0.55,10.400493469
6.43,0.304,0.33,2.32,0.046,14.5,89.0,0.99356,3.36,0.71,11.513763387
6.87,0.255,0.24,12.34,0.052,56.9,179.4,0.997523,2.94,0.4,9.157515208
7.16,0.603,0.16,1.31,0.048,37.5,109.8,0.993622,3.27,0.65,11.241684326
7.26,0.151,0.37,14.39,0.035,33.6,118.5,0.995239,3.4,0.64,9.803591719
5.55,0.194,0.28,2.31,0.064,25.9,122.2,0.991305,3.24,0.49,10.76335657
6.67,0.335,0.36,1.44,0.052,21.9,96.2,0.998793,3.32,0.53,9.361844556
7.63,0.205,0.48,1.48,0.047,66.9,160.9,0.99624,3.13,0.46,10.590393088
5.88,0.327,0.27,1.53,0.043,33.4,152.6,0.991111,2.97,0.65,10.052768177
6.71,0.573,0.02,2.33,0.145,9.4,47.9,1.000385,3.48,0.62,10.150775092
7.64,0.155,0.27,2.6,0.019,25.9,185.2,0.990615,3.14,0.86,12.040528865
5.71,0.288,0.43,4.64,0.027,52.3,96.5,0.98901,3.21,0.41,13.200056991
7.44,0.275,0.3,6.65,0.076,53.1,226.3,0.996443,3.1,0.49,9.330487058
5.64,0.305,0.32,3.57,0.038,33.5,85.7,0.991061,3.05,0.47,12.394261945
6.58,0.159,0.25,1.67,0.045,33.8,184.6,0.990922,2.99,0.51,8.939502562
8.17,0.661,0.31,1.51,0.102,12.2,29.4,0.995766,3.11,0.6,10.314118783
6.2,0.307,0.25,10.85,0.031,33.1,187.0,0.993339,3.07,0.53,12.000272467
6.12,0.357,0.33,7.01,0.035,20.9,154.3,0.992758,3.17,0.42,11.929717545
6.97,0.262,0.32,5.28,0.036,33.9,108.4,0.992845,3.34,0.44,9.360380794
6.4,0.296,0.63,9.66,0.06,34.0,176.3,0.998048,3.1,0.56,9.537004544
5.93,0.209,0.29,2.86,0.046,31.7,77.9,0.992313,3.38,0.37,9.468613888
6.18,0.398,0.29,1.48,0.045,21.6,98.4,0.990169,3.5,0.78,11.262132896
6.41,0.542,0.28,1.5,0.319,134.0,216.8,0.996216,3.3,0.41,9.055406319
6.94,0.819,0.0,2.21,0.117,10.2,46.1,0.998822,3.54,0.71,10.435543914
6.32,0.234,0.28,1.74,0.045,47.7,115.9,0.992495,3.13,0.53,10.99860378
7.55,0.189,0.48,1.55,0.043,20.0,57.3,0.995617,3.32,0.45,9.27355088
7.48,0.695,0.08,2.26,0.09,5.7,17.0,0.999801,3.56,1.03,10.034958795
6.01,0.155,0.48,1.43,0.031,36.1,96.5,0.992774,3.43,0.76,11.472381202
7.27,0.761,0.18,1.57,0.101,8.2,14.6,0.998718,3.32,0.76,10.192327292
7.92,0.93,0.12,2.52,0.137,8.2,18.6,0.993673,3.37,0.8,9.404811191
5.6,0.226,0.31,8.41,0.054,42.3,159.4,0.995242,3.47,0.5,9.416490557
8.29,0.212,0.22,1.84,0.042,26.5,143.6,0.990065,3.37,0.43,9.410065431
9.07,0.322,0.28,2.26,0.048,25.9,122.7,0.9963,3.33,0.48,10.354037592
6.49,0.218,0.2,8.02,0.042,69.4,133.6,0.993778,3.47,0.51,12.164039491
5.84,0.217,0.29,1.85,0.024,41.2,80.4,0.988994,3.19,0.83,12.429458499
7.51,0.709,0.53,1.14,0.051,20.9,105.9,0.994537,3.3,0.59,10.771423067
8.86,0.913,0.11,1.45,0.076,7.8,17.0,0.997364,3.54,0.86,10.451743831
7.94,0.685,0.07,1.57,0.097,30.0,70.2,0.996879,3.18,0.71,10.546322239
7.63,0.26,0.18,7.76,0.049,37.6,111.5,0.99499,3.01,0.56,8.911623566
5.72,0.239,0.28,2.22,0.045,23.3,66.7,0.993021,2.97,0.51,9.791489005
8.15,0.996,0.05,1.52,0.112,12.2,52.4,0.997336,3.32,0.78,9.282486039
7.7,0.271,0.33,1.55,0.038,18.4,119.7,0.992281,3.22,0.52,9.638406026
6.86,0.264,0.3,1.3,0.029,9.4,27.3,0.991397,3.3,0.36,10.311166066
6.57,0.181,0.26,4.47,0.031,8.3,118.6,0.98918,3.72,0.48,12.857448681
6.97,0.354,0.25,2.71,0.019,7.6,154.5,0.992596,3.47,0.53,11.664122886
7.22,0.277,0.37,1.57,0.031,34.2,113.7,0.988912,3.52,0.53,11.436213066
6.7,0.839,0.04,2.06,0.093,4.7,10.2,0.998084,3.63,0.52,10.299261918
6.29,0.68,0.16,2.37,0.039,3.3,32.0,0.996547,3.27,0.69,8.958110281
7.73,0.539,0.35,2.52,0.04,28.1,11.3,0.996894,3.14,0.41,9.404502242
7.99,0.938,0.04,1.87,0.099,3.6,9.2,0.995816,3.43,0.67,10.921985184
7.25,0.205,0.27,10.1,0.057,22.8,208.3,0.998879,3.02,0.41,9.473332232
10.26,0.994,0.45,2.8,0.051,17.9,148.6,0.9993,3.59,0.6,10.145334722
5.65,0.203,0.36,8.31,0.048,34.2,118.0,0.994534,3.3,0.53,12.504498804
6.36,0.214,0.23,1.63,0.115,22.8,68.1,0.99887,3.45,0.46,10.633831075
6.04,0.3,0.27,1.78,0.04,36.0,89.6,0.990996,3.34,0.72,12.218487742
7.44,0.217,0.39,10.12,0.036,49.4,180.0,0.993195,2.97,0.41,9.791487511
6.11,0.251,0.32,12.14,0.052,33.7,109.6,0.993105,3.22,0.39,10.877929333
6.49,0.172,0.34,4.73,0.183,47.9,79.7,0.991403,3.28,0.5,12.267230032
9.09,0.535,0.1,2.12,0.202,16.3,164.2,0.997303,3.1,0.71,9.638764517
6.55,0.159,0.3,2.49,0.033,30.2,110.7,0.991466,3.26,0.5,10.519051094
8.75,0.251,0.37,2.22,0.095,10.4,18.8,0.992934,3.6,0.69,10.908569162
6.31,0.233,0.25,4.88,0.031,35.0,86.1,0.992512,3.3,0.4,11.88216026
9.11,0.814,0.16,2.51,0.086,4.8,6.0,1.000537,3.48,0.65,10.194354829
6.9,0.233,0.31,8.68,0.046,23.7,149.7,0.99789,3.06,0.62,9.394965692
5.57,0.177,0.31,6.34,0.054,43.2,170.5,0.998381,3.23,0.44,10.164638078
6.89,0.237,0.4,6.33,0.048,42.3,100.2,0.994004,3.16,0.4,9.190392543
9.16,0.762,0.51,1.41,0.096,3.9,13.0,1.000558,3.47,0.51,9.783992849
6.26,0.162,0.36,1.31,0.039,13.2,125.6,0.993796,3.2,0.45,9.29097556
9.08,0.606,0.03,1.62,0.081,13.2,10.2,0.9985,3.17,0.5,9.499521841
6.45,0.305,0.21,5.03,0.038,18.9,111.4,0.989847,3.22,0.31,12.770827476
6.51,0.228,0.3,7.75,0.053,43.0,159.1,0.998711,3.33,0.66,9.111790556
7.74,0.196,0.29,13.78,0.052,37.9,181.0,0.995748,3.34,0.51,9.087594555
6.84,0.215,0.48,12.6,0.046,6.3,175.0,0.996856,3.4,0.4,10.241221602
7.06,0.227,0.25,10.81,0.058,34.5,212.4,0.996426,3.18,0.67,9.04933816
6.4,0.327,0.25,6.05,0.028,22.6,114.5,0.991989,3.03,0.37,11.197021106
5.98,0.253,0.32,3.37,0.045,25.3,161.9,0.993516,3.11,0.51,11.506249825
6.77,0.403,0.3,4.62,0.043,28.2,127.4,0.997224,3.27,0.54,8.966602021
6.42,0.309,0.41,12.35,0.045,59.0,157.5,0.996739,2.98,0.51,9.295253212
6.47,0.226,0.32,5.35,0.039,20.8,101.0,0.993396,3.01,0.82,13.007983467
6.0,0.205,0.27,6.73,0.036,19.2,88.9,0.99375,3.31,0.38,11.293575108
5.94,0.294,0.26,2.36,0.049,23.7,158.3,0.992947,3.23,0.43,12.325245286
8.01,0.778,0.49,0.94,0.151,7.7,27.9,0.999325,3.41,0.47,11.311619378
7.11,0.25,0.25,13.16,0.057,46.7,148.4,0.992825,2.96,0.39,9.176891987
7.68,0.344,0.24,3.32,0.021,9.7,140.9,0.990561,3.5,0.53,11.203034839
6.35,0.624,0.67,16.99,0.057,45.5,205.1,0.993939,3.12,0.68,8.785593389
6.02,0.262,0.23,1.76,0.038,61.9,210.6,0.997377,3.32,0.49,8.794909068
6.78,0.243,0.31,3.79,0.08,14.3,168.9,0.997663,3.34,0.42,10.908606591
6.67,0.64,0.18,1.97,0.119,37.0,175.0,0.994607,3.19,0.64,9.645027764
6.01,0.186,0.18,1.18,0.045,14.9,191.4,0.994835,3.1,0.52,8.934987168
8.16,0.731,0.0,1.78,0.07,5.1,6.9,0.998992,3.4,0.42,10.879553937
9.92,0.969,0.13,0.83,0.091,14.1,46.4,0.995974,3.5,0.45,9.812682591
7.12,0.228,0.26,11.73,0.057,72.9,222.7,0.996066,3.02,0.46,9.054972442
10.18,0.753,0.18,1.86,0.208,5.3,6.0,0.995788,3.28,0.53,10.645084866
5.76,0.275,0.27,9.75,0.028,44.1,106.5,0.992211,3.43,0.55,11.035473476
7.62,0.223,0.34,5.76,0.043,49.1,108.3,0.993574,3.01,0.38,10.212708194
7.1,0.433,0.27,0.91,0.035,10.7,105.2,0.991856,3.51,0.5,10.643549878
7.1,0.405,0.34,1.94,0.048,26.3,64.8,0.995625,3.37,0.51,10.624811117
7.43,0.267,0.23,2.44,0.041,31.5,125.0,1.000482,3.42,0.49,10.071370223
7.02,0.318,0.29,1.51,0.037,12.1,86.2,0.993103,3.13,0.88,11.344064533
6.31,0.243,0.24,1.2,0.041,24.6,55.7,0.991053,3.12,0.44,10.361039554
5.63,0.269,0.35,3.86,0.029,32.9,110.4,0.99153,3.19,0.38,12.509454515
5.84,0.232,0.23,2.46,0.033,34.5,107.2,0.992369,3.4,0.43,10.584177721
6.79,0.482,0.09,1.17,0.072,4.3,35.5,0.999093,3.29,0.61,9.675979821
6.58,0.282,0.28,11.68,0.043,22.5,167.9,0.994736,3.2,0.39,8.989583864
8.91,0.41,0.7,3.09,0.044,15.7,60.9,0.992711,3.29,0.68,11.708849914
5.82,0.319,0.37,2.39,0.046,27.0,87.5,0.99117,3.3,0.96,11.509179306
5.75,0.272,0.29,1.98,0.044,10.7,87.2,0.999489,3.19,0.98,9.123030955
7.66,0.597,0.48,2.09,0.095,13.1,28.0,0.996111,3.49,0.47,11.572572385
6.89,0.213,0.44,13.92,0.054,54.4,168.5,0.995125,2.92,0.5,9.303190653
7.75,0.294,0.3,1.18,0.038,24.9,58.6,0.994216,3.38,0.55,10.174996831
6.89,0.217,0.32,1.34,0.051,29.9,107.1,0.99104,3.43,0.43,10.969504352
6.25,0.355,0.34,1.35,0.038,12.2,56.0,0.991165,3.28,0.35,11.941486015
7.74,0.724,0.07,1.36,0.079,14.2,26.4,0.997848,3.23,0.46,9.271057196
5.97,0.243,0.51,1.63,0.032,14.2,115.2,0.992544,3.1,0.31,11.309408095
6.23,0.185,0.41,2.87,0.034,16.7,83.3,0.990354,3.06,0.49,12.040690126
5.84,0.222,0.36,1.36,0.078,33.4,139.1,0.996371,3.23,0.5,11.064542467
10.4,0.534,0.47,2.13,0.181,12.2,52.2,0.992235,3.5,0.64,11.217019314
5.8,0.139,0.36,1.65,0.042,30.0,87.6,0.990763,3.4,0.5,12.873213015
6.44,0.509,0.32,4.1,0.044,12.9,99.2,0.992063,3.2,0.51,10.756310105
7.23,0.308,0.24,13.04,0.054,61.2,221.5,0.999669,3.2,0.38,9.595954718
6.1,0.315,0.28,6.94,0.043,57.1,214.1,0.997695,2.92,0.46,8.886871968
8.99,0.353,0.35,1.69,0.074,11.8,23.7,0.99015,3.34,0.75,10.775055177
8.04,0.659,0.47,1.76,0.224,6.3,24.1,0.996129,3.27,0.38,9.183123763
9.6,1.039,0.05,3.33,0.055,5.3,131.1,0.995676,3.4,1.18,9.270431277
6.14,0.258,0.29,2.54,0.023,23.3,81.7,0.99044,3.33,0.31,11.534854705
7.81,0.547,0.14,1.52,0.083,44.3,152.7,0.994806,3.26,0.49,9.026793365
9.3,0.662,0.09,2.99,0.078,5.5,6.0,0.996486,3.36,0.59,10.107240844
8.46,0.765,0.11,2.2,0.081,4.1,95.6,0.995379,3.6,0.78,10.929801876
6.38,0.269,0.51,1.31,0.046,46.5,120.8,0.991686,3.17,0.6,10.684983337
8.54,0.78,0.1,1.68,0.085,12.8,24.5,0.99539,3.21,0.55,9.910789467
8.01,0.699,0.0,1.39,0.081,8.6,27.4,0.997319,3.4,0.59,10.35790489
8.81,0.246,0.25,12.09,0.037,16.8,193.4,0.995519,3.3,0.74,10.446753642
6.82,0.191,0.21,16.98,0.053,58.4,193.9,0.99778,3.15,0.44,8.78304164
5.33,0.384,0.3,1.0,0.031,16.2,77.1,0.990844,3.18,0.52,12.215209453
9.51,0.229,0.47,9.37,0.055,55.4,91.3,0.994128,2.89,0.5,9.13514488
6.02,0.346,0.38,5.11,0.052,14.1,102.2,0.992727,3.24,0.88,12.194249325
5.91,0.282,0.23,4.19,0.045,19.7,60.5,0.991277,3.2,0.44,12.384823309
6.37,0.314,0.27,10.62,0.04,70.1,145.9,0.999285,3.11,0.71,9.304115509
8.17,0.773,0.37,1.49,0.036,14.0,76.8,0.996317,3.31,0.61,11.228294499
9.78,0.736,0.13,1.27,0.084,3.6,16.1,0.999393,3.58,1.3,9.937419971
6.44,0.81,0.0,0.91,0.077,6.2,8.1,0.998854,3.42,0.52,9.991937276
6.66,0.187,0.31,4.16,0.054,26.6,221.9,0.991772,3.42,0.74,11.546860591
7.43,0.278,0.48,4.1,0.032,42.7,157.1,0.993027,3.3,0.55,12.033212562
6.44,0.266,0.32,2.04,0.041,45.0,94.6,0.989652,3.14,0.65,12.028076854
6.14,0.294,0.28,4.18,0.043,12.1,105.9,0.994656,3.39,0.45,9.439257481
4.87,0.301,0.38,3.62,0.029,10.1,105.4,0.989667,3.46,0.59,12.56982669
7.65,0.217,0.53,3.5,0.081,33.6,59.3,0.999448,3.05,0.45,10.03992076
6.38,0.226,0.33,1.02,0.089,16.9,204.5,0.99307,3.13,0.68,9.148156251
6.69,0.893,0.44,2.6,0.083,30.1,25.5,0.997514,3.24,0.51,9.799773149
6.17,0.165,0.46,6.04,0.034,25.4,92.5,0.992972,3.41,0.49,12.220851073
6.19,0.246,0.31,1.07,0.06,60.4,188.3,0.996599,2.97,0.87,8.802821193
6.6,0.316,0.38,1.59,0.032,58.0,96.7,0.991654,3.39,0.57,11.678852841
5.74,0.225,0.25,10.14,0.03,35.5,69.9,0.990631,3.35,0.37,11.309348131
6.65,0.397,0.36,2.64,0.037,35.2,99.2,0.99367,3.52,0.31,11.345855702
6.73,0.285,0.27,7.58,0.053,23.3,246.9,0.995436,3.15,0.4,10.201502596
7.81,0.418,0.33,1.64,0.048,18.6,137.2,0.994407,3.24,0.31,10.167147892
5.99,0.298,0.36,2.11,0.031,46.5,160.9,0.990826,3.26,0.7,12.468625272
7.7,0.33,0.28,4.08,0.036,38.7,142.6,0.990673,2.93,0.52,10.997345264
5.72,0.232,0.4,1.26,0.043,46.2,167.7,0.993175,3.13,0.51,10.780190418
8.87,0.478,0.44,2.65,0.081,42.4,118.7,0.996021,3.5,0.6,10.879229467
6.39,0.154,0.29,5.19,0.032,16.4,169.0,0.991984,2.97,0.42,12.512199557
6.06,0.235,0.32,1.62,0.036,23.0,118.0,0.992667,2.98,0.95,11.426168845
6.85,1.17,0.07,1.54,0.107,11.8,32.1,0.996014,3.43,0.48,10.411480086
9.36,0.361,0.23,1.83,0.049,48.7,175.6,0.99852,3.06,0.57,9.626294039
6.21,0.168,0.3,1.39,0.055,45.5,123.4,0.991904,3.17,0.31,11.904158783
7.46,0.319,0.25,1.22,0.039,46.3,85.3,0.999452,3.44,0.43,10.570098864
7.76,0.262,0.12,6.74,0.059,46.5,184.3,0.996656,3.03,0.52,9.243284655
6.16,0.254,0.21,10.72,0.049,27.6,121.5,0.994043,3.38,0.41,11.697254252
5.64,0.251,0.32,2.01,0.023,25.2,101.1,0.991028,3.64,0.57,12.183131152
6.18,0.246,0.22,7.67,0.063,17.4,170.3,0.995406,3.22,0.67,10.153754774
8.64,0.364,0.18,1.37,0.039,30.5,99.6,0.997234,3.25,0.47,11.346650178
6.68,0.266,0.27,9.88,0.061,58.7,142.3,0.998739,3.13,0.43,12.053447338
7.68,0.851,0.54,1.75,0.089,6.8,30.1,0.996207,3.27,0.69,10.082209024
6.17,0.224,0.58,14.43,0.037,24.5,203.4,0.995394,3.01,0.41,9.385647175
6.18,0.403,0.33,5.29,0.074,24.6,54.0,0.991658,3.19,0.41,9.812284516
6.09,0.166,0.29,10.51,0.04,44.5,182.6,0.996782,2.95,0.53,9.551968879
7.0,0.363,0.26,4.04,0.042,34.8,115.9,0.991725,3.51,0.49,11.928144513
8.81,0.235,0.28,1.51,0.042,23.0,168.1,0.991218,3.35,0.67,10.273623029
6.58,0.311,0.67,1.82,0.048,19.8,188.1,0.995321,2.98,0.59,11.07172915
7.14,0.186,0.3,4.27,0.195,14.9,110.4,0.993703,2.98,0.52,11.535107027
8.07,0.293,0.46,7.99,0.045,14.4,114.1,0.994799,3.18,0.57,9.121402921
6.43,0.239,0.26,9.65,0.071,51.5,177.0,0.998812,3.05,0.54,8.849253349
6.97,0.27,0.5,2.08,0.035,19.5,129.1,0.992322,3.22,0.57,11.149707252
7.21,0.299,0.44,8.59,0.056,42.6,232.8,0.998185,3.05,0.48,9.181724626
5.55,0.185,0.21,4.61,0.04,49.4,33.1,0.991129,3.15,0.51,11.989920052
5.37,0.364,0.31,4.17,0.032,32.5,120.6,0.990098,3.33,0.81,12.49366738
7.11,0.503,0.3,2.05,0.053,20.2,153.4,0.995132,3.31,0.76,9.980989344
7.98,0.676,0.2,1.6,0.106,16.7,23.5,0.998487,3.03,0.61,10.945727096
5.84,0.362,0.24,14.67,0.034,14.9,78.0,0.990834,3.27,0.79,11.952958917
6.0,0.325,0.29,11.96,0.054,66.7,182.2,0.997779,3.47,0.67,9.694370434
8.17,0.872,0.1,1.18,0.083,14.9,15.9,0.99559,3.2,0.44,10.837758432
11.22,0.714,0.12,2.27,0.118,15.1,34.1,0.997719,3.4,0.36,11.022212861
5.84,0.304,0.29,4.97,0.041,32.9,98.7,0.993948,3.08,0.49,10.039169244
6.76,0.234,0.52,1.61,0.02,11.2,111.0,0.993036,3.39,0.5,10.612306114
7.37,0.176,0.3,2.22,0.034,12.1,83.2,0.989652,2.86,0.39,11.886729439
7.54,0.392,0.61,1.87,0.045,41.7,217.1,0.998128,3.06,0.54,9.268403561
6.15,0.324,0.4,1.72,0.039,51.2,61.3,0.990406,3.09,0.62,9.951426269
7.81,0.266,0.28,9.04,0.04,45.2,195.3,0.997732,3.07,0.49,10.643908038
6.34,0.737,0.03,1.89,0.032,3.0,18.3,0.994917,3.25,0.54,9.975865336
7.42,0.27,0.27,12.8,0.049,32.2,214.8,0.997515,3.05,0.52,9.195908058
7.1,0.244,0.24,4.38,0.049,19.9,135.5,0.999889,3.16,0.65,9.498511194
5.95,0.173,0.47,6.2,0.051,43.6,183.7,0.995835,2.95,0.53,9.671042535
5.1,0.253,0.31,1.0,0.036,33.7,123.5,0.992896,3.41,0.47,11.855297351
6.0,0.246,0.47,1.15,0.032,45.1,167.0,0.993775,3.09,0.37,9.44518468
9.68,1.117,0.11,1.32,0.077,4.1,24.3,0.996239,3.57,0.63,10.388216775
7.87,0.613,0.08,0.9,0.092,9.6,47.4,0.998763,3.51,0.55,10.552641293
8.46,0.243,0.24,10.7,0.045,40.1,165.4,0.996203,3.15,0.53,9.185381547
9.97,0.687,0.45,1.91,0.077,6.1,26.8,0.995258,3.27,0.6,11.067233773
10.5,0.317,0.11,1.13,0.058,75.8,226.0,0.999836,3.04,0.44,9.609647705
6.99,0.15,0.39,2.6,0.051,23.7,83.2,0.992816,3.43,0.45,11.099695493
6.13,0.412,0.34,1.03,0.032,32.3,79.3,0.990561,3.17,0.34,11.967679099
8.92,0.328,0.44,1.67,0.096,5.7,14.7,0.999509,3.03,0.83,10.240088122
8.04,0.637,0.07,2.29,0.098,5.6,29.8,0.996716,3.23,0.57,11.577380219
6.92,0.198,0.24,1.27,0.119,51.2,55.9,0.995149,3.09,0.65,10.816351637
5.81,0.231,0.27,1.6,0.038,37.1,116.8,0.994528,3.0,0.57,10.00712111
5.57,0.279,0.24,11.08,0.049,19.1,191.4,0.99363,2.95,0.57,8.892352526
8.46,0.327,0.32,2.42,0.052,14.0,113.4,0.991058,3.27,0.31,10.186064452
6.22,0.433,0.39,2.57,0.029,13.5,29.8,0.990679,3.31,0.97,12.12869662
6.19,0.243,0.27,2.07,0.041,14.4,176.1,0.995466,3.16,0.51,9.24594967
7.04,0.343,0.18,2.37,0.031,16.0,36.6,0.994916,3.45,0.52,10.886517321
6.06,0.149,0.37,7.45,0.032,28.2,145.8,0.991208,3.32,0.44,11.487872974
7.84,0.273,0.5,5.93,0.044,41.9,171.3,0.99589,3.15,0.55,9.402899208
9.08,0.326,0.35,1.89,0.085,9.9,170.0,0.998569,3.29,0.77,10.13374463
5.45,0.354,0.37,1.67,0.03,38.8,122.3,0.990476,3.24,0.53,11.642742681
5.7,0.333,0.31,1.85,0.032,49.1,74.5,0.988816,3.3,0.5,11.651300628
5.99,0.218,0.34,9.65,0.048,52.6,155.7,0.99519,3.2,0.47,8.865866504
9.36,0.726,0.01,0.97,0.129,5.7,29.6,0.994786,2.79,0.44,10.828275886
8.95,0.793,0.11,2.95,0.101,9.2,43.6,0.997299,3.42,0.69,10.897579953
5.84,0.26,0.3,1.33,0.039,39.4,102.2,0.993947,3.21,0.47,9.981907606
9.02,0.612,0.03,3.02,0.082,6.9,33.4,0.996616,3.55,0.95,9.865328377
6.82,0.267,0.3,9.91,0.053,30.6,118.2,0.994064,3.26,0.55,11.399047557
6.86,0.198,0.22,11.71,0.051,45.0,153.5,0.998972,3.0,0.54,9.195372581
7.08,0.227,0.41,2.76,0.035,3.8,46.9,0.989974,3.5,0.89,12.899563214
7.57,0.279,0.21,3.9,0.046,17.5,122.9,0.997615,3.21,0.42,10.537366302
5.99,0.213,0.14,5.33,0.035,25.3,94.8,0.990377,3.27,0.48,11.945873166
9.03,0.835,0.0,1.76,0.091,8.3,37.6,0.997918,3.48,0.71,10.830383117
6.26,0.191,0.51,1.3,0.038,29.9,118.2,0.990723,2.94,0.5,10.326898779
7.07,0.208,0.18,7.45,0.049,31.2,188.0,0.996981,3.06,0.51,8.742049976
6.34,0.238,0.4,1.46,0.029,25.5,108.1,0.995696,3.36,0.55,12.379978881
8.78,0.525,0.42,1.32,0.087,3.0,34.6,0.997776,3.48,0.44,10.82386544
7.14,0.601,0.53,1.55,0.051,6.1,170.7,0.993325,3.13,0.5,10.605922683
10.32,0.182,0.38,4.24,0.049,23.8,185.9,0.995224,3.45,0.51,9.432557158
7.79,0.284,0.25,2.01,0.037,23.2,115.0,0.990826,3.49,0.35,11.881671178
8.11,0.277,0.31,1.32,0.044,51.1,201.2,0.995456,2.97,0.41,9.239445059
6.86,0.16,0.26,2.49,0.03,24.2,134.2,0.991307,3.39,0.53,12.044739182
6.55,0.592,0.66,1.66,0.084,9.3,48.2,0.996493,3.51,0.79,10.340340089
7.17,0.212,0.51,15.41,0.043,56.2,116.8,0.996843,3.02,0.38,9.17043328
5.81,0.189,0.29,3.54,0.033,31.0,113.5,0.990106,3.45,0.48,11.683031799
6.96,0.193,0.26,2.89,0.04,33.6,53.1,0.995817,3.53,0.55,10.535231483
8.91,0.316,0.11,7.77,0.049,34.5,185.0,0.995425,3.01,0.52,10.64861659
6.48,0.273,0.2,1.47,0.046,15.4,114.4,0.995827,3.5,0.67,9.726013695
6.36,0.402,0.26,4.19,0.034,15.9,116.6,0.990051,3.43,0.56,12.202398308
5.66,0.398,0.31,1.76,0.036,23.6,108.7,0.991424,3.6,0.74,11.707142165
7.24,0.576,0.47,2.31,0.105,8.4,217.9,0.994782,3.59,0.81,8.930223252
6.98,0.234,0.2,2.0,0.022,21.4,143.6,0.993323,3.64,0.63,11.077187099
6.3,0.193,0.26,9.71,0.049,25.3,159.4,0.99866,3.1,0.47,8.656932883
5.7,0.313,0.3,1.82,0.027,16.2,126.0,0.991399,3.14,0.68,9.237002916
6.08,0.222,0.28,6.2,0.041,55.1,108.6,0.997607,3.22,0.66,10.301303808
6.86,0.272,0.3,8.03,0.038,16.2,149.7,0.994278,3.24,0.45,10.692394179
6.4,0.279,0.33,6.26,0.048,65.4,142.6,0.991907,3.3,0.52,11.79299745
5.3,0.198,0.31,2.28,0.044,15.8,90.4,0.995916,3.15,0.85,10.878560971
5.64,0.169,0.21,2.44,0.038,47.8,119.4,0.990669,3.28,0.61,10.369315028
10.75,0.671,0.34,2.92,0.093,3.4,50.1,0.995731,3.55,0.97,10.349450842
6.99,0.21,0.31,1.92,0.158,21.8,94.5,0.992083,3.24,0.76,10.114319008
4.68,0.869,0.19,1.49,0.131,22.1,7.6,0.997051,3.39,0.56,10.424069098
5.31,0.357,0.35,1.68,0.028,15.8,126.9,0.990028,3.26,0.5,11.503804818
9.88,0.145,0.74,17.41,0.093,50.4,175.3,0.997214,3.21,0.66,9.628415463
6.86,0.219,0.28,1.97,0.035,40.4,128.9,0.993474,3.52,0.42,10.750018121
6.28,0.308,0.52,1.45,0.079,11.0,168.2,0.997484,3.33,0.45,8.723592195
5.62,0.395,0.28,10.15,0.05,43.2,196.0,0.997564,3.03,0.75,8.900824493
7.63,0.466,0.52,3.22,0.108,5.2,7.9,0.995942,3.14,0.72,10.437815971
6.93,0.362,0.45,1.52,0.025,20.9,101.3,0.990557,3.52,0.53,12.738147391
7.09,0.301,0.63,11.49,0.054,32.9,186.1,0.993426,2.96,0.57,8.952474298
6.89,0.193,0.23,14.59,0.049,45.6,212.8,0.993471,3.15,0.6,9.280339156
5.76,0.278,0.34,4.74,0.039,33.2,99.4,0.993109,3.55,0.6,10.950151194
6.02,0.349,0.22,2.95,0.033,43.1,114.6,0.992086,3.09,0.46,11.876809523
5.87,0.29,0.24,1.64,0.044,38.9,148.8,0.994654,3.26,0.51,11.566719001
9.15,0.309,0.28,14.02,0.053,25.5,193.3,0.996754,3.03,0.51,8.995321488
6.29,0.23,0.38,4.53,0.035,37.5,131.8,0.993113,3.3,0.41,11.313620685
8.3,0.736,0.11,1.32,0.098,5.7,22.7,0.998578,3.22,0.42,11.262496742
6.68,1.014,0.0,1.42,0.103,4.3,73.1,0.997323,3.59,0.63,9.551678074
8.14,0.178,0.34,1.67,0.036,15.8,81.5,0.99974,3.51,0.49,10.710220507
6.54,0.654,0.12,1.17,0.09,15.9,21.6,0.997489,3.24,0.43,10.489253109
8.77,0.949,0.06,1.45,0.091,4.0,16.0,0.99697,3.47,0.69,11.398642105
6.37,0.156,0.41,1.9,0.02,30.2,103.0,0.990228,3.07,0.46,12.056249645
7.88,0.797,0.04,1.92,0.085,13.3,14.1,0.996161,3.42,0.71,10.417489677
6.6,0.223,0.43,1.27,0.044,25.0,110.4,0.991765,3.06,0.51,10.304399769
7.37,0.226,0.3,1.27,0.036,30.0,152.8,0.992289,3.39,0.47,10.203405655
7.42,0.255,0.24,1.34,0.037,11.5,208.6,0.996584,3.11,0.42,9.17294022
6.75,0.516,0.23,1.46,0.077,24.4,45.9,0.997893,3.42,0.42,10.528832812
5.25,0.27,0.18,4.22,0.032,29.6,98.2,0.989299,3.31,0.41,11.952656339
6.92,0.259,0.28,6.93,0.046,19.6,108.5,0.996145,3.21,0.59,10.081552067
6.62,0.741,0.34,2.01,0.086,13.6,22.8,0.997486,3.46,0.99,10.889511775
5.86,0.181,0.32,4.95,0.034,28.4,124.3,0.992823,3.26,0.31,11.597660695
6.48,0.2,0.28,2.4,0.028,47.1,65.1,0.990847,3.48,0.51,12.613306324
7.91,0.227,0.23,11.61,0.046,40.8,223.3,0.996865,3.18,0.59,9.206539498
6.19,0.28,0.27,1.65,0.043,35.1,57.5,0.996119,3.16,0.7,11.543408962
6.97,0.278,0.39,1.66,0.029,20.9,106.4,0.991461,3.48,0.57,12.54147143
10.77,0.673,0.08,1.81,0.081,2.3,6.0,0.997627,3.35,0.46,10.080658422
9.38,1.186,0.09,2.72,0.254,5.5,30.4,0.995288,3.34,0.75,10.454250481
8.82,0.267,0.28,5.06,0.055,15.7,204.9,0.994175,3.18,0.48,9.447606611
7.01,0.298,0.43,12.86,0.05,21.5,173.1,0.998794,2.99,0.5,9.042355292
7.01,0.376,0.25,7.12,0.045,39.2,158.9,0.991322,3.21,0.55,8.978729992
5.79,0.366,0.33,1.18,0.027,53.5,105.7,0.991805,3.41,0.39,11.472639129
6.9,0.279,0.44,13.53,0.056,39.5,118.3,0.999053,3.21,0.57,8.911283376
6.12,0.27,0.27,15.76,0.042,39.3,174.4,0.995549,3.13,0.56,8.913379041
6.53,0.178,0.27,2.16,0.047,29.8,114.6,0.991241,3.32,0.54,12.270901275
7.44,0.398,0.39,6.99,0.034,15.8,125.2,0.994708,3.32,0.53,10.35655147
6.14,0.245,0.33,9.09,0.05,63.6,219.2,0.997627,3.01,0.47,9.115123594
7.3,0.823,0.08,2.47,0.075,6.0,49.4,0.999234,3.18,0.57,9.863379878
6.76,0.558,0.05,1.62,0.099,6.4,25.0,0.999006,3.23,0.71,9.38565151
10.44,0.175,0.31,9.39,0.057,13.1,9.9,0.99314,3.13,0.79,10.433450051
6.69,0.354,0.33,2.14,0.018,7.9,112.0,0.991288,3.5,0.56,12.049965936
6.58,0.279,0.26,6.98,0.032,15.5,68.6,0.990728,3.26,0.53,12.088035338
6.44,0.267,0.24,1.77,0.053,10.7,85.6,0.998912,3.15,0.42,11.036491799
5.9,0.42,0.29,1.37,0.036,12.4,124.9,0.995221,3.38,0.67,10.441781719
6.19,0.602,0.46,1.6,0.031,46.7,28.4,0.993366,3.39,0.47,10.619203619
8.67,0.239,0.22,12.7,0.057,32.3,176.4,0.996223,2.99,0.45,9.157365336
6.13,0.754,0.26,5.07,0.027,13.9,115.5,0.991791,3.15,0.94,9.310679741
5.68,0.402,0.4,1.99,0.046,54.3,105.4,0.991106,3.35,0.38,12.09260549
7.89,0.221,0.21,1.31,0.095,14.1,12.1,0.997939,3.27,0.38,9.604507205
6.57,0.312,0.44,4.86,0.046,22.2,93.4,0.990691,3.58,0.4,12.520528538
6.4,0.208,0.29,1.79,0.037,14.3,27.7,0.996816,3.35,0.56,10.277250284
7.24,0.709,0.0,1.67,0.105,3.1,30.4,0.996366,3.4,0.56,9.219339528
6.96,0.159,0.4,2.56,0.037,19.3,72.8,0.991837,3.16,0.37,12.122610492
6.06,0.263,0.32,1.64,0.057,21.9,151.5,0.992402,3.11,0.52,12.935550396
6.81,0.297,0.3,12.63,0.042,54.0,163.4,0.99282,3.37,0.6,9.149785467
5.98,0.303,0.31,15.01,0.047,41.4,179.6,0.9934,3.17,0.43,9.99887979
6.07,0.756,0.1,2.78,0.08,12.1,6.0,0.99546,3.47,0.57,10.283665695
6.53,0.247,0.27,1.14,0.045,47.3,206.4,0.998468,3.3,0.52,11.288262501
6.54,0.218,0.24,6.19,0.047,39.1,189.2,0.997342,3.45,0.49,8.895173975
5.67,0.246,0.27,4.34,0.032,11.5,81.0,0.993845,3.45,0.64,9.194496681
7.49,0.265,0.26,16.98,0.052,19.2,193.0,0.997412,3.11,0.55,9.76830205
7.56,0.34,0.49,12.98,0.047,53.8,183.0,0.994899,3.17,0.38,9.093842714
7.29,0.218,0.29,11.37,0.063,58.1,155.5,0.998732,3.11,0.62,8.581773117
6.45,0.268,0.49,2.22,0.03,14.8,51.9,0.991345,3.3,0.4,12.461845183
6.21,0.19,0.21,1.95,0.035,30.5,70.7,0.993249,3.19,0.48,10.387310975
6.1,0.22,0.16,9.87,0.032,24.2,92.7,0.990548,3.51,0.51,12.358881114
6.08,0.399,0.25,9.2,0.046,45.5,178.4,0.99539,3.32,0.46,11.810567164
5.66,0.17,0.38,4.7,0.028,43.3,119.4,0.990126,3.47,0.91,12.125508994
6.25,0.269,0.28,1.94,0.041,18.1,177.6,0.999182,3.01,0.58,9.373128049
7.18,0.242,0.37,10.87,0.065,37.5,217.7,0.997573,3.32,0.58,9.472103452
5.27,0.378,0.18,2.68,0.032,19.8,119.4,0.990554,3.4,0.4,12.963997049
7.29,0.338,0.29,7.98,0.045,24.3,140.1,0.992591,3.33,0.54,9.668670331
7.24,0.246,0.19,2.1,0.032,21.0,144.0,0.990189,3.6,0.55,11.580757264
6.61,0.334,0.35,1.59,0.026,23.9,74.1,0.991106,3.55,0.85,10.360457784
6.67,0.158,0.28,4.16,0.043,67.3,167.4,0.993157,3.25,0.5,10.228446602
7.25,0.68,0.06,1.74,0.083,3.5,19.8,0.996312,3.16,0.77,10.20666846
6.53,0.178,0.36,15.93,0.049,43.1,135.0,0.999897,3.16,0.48,9.259090571
6.18,0.223,0.28,2.23,0.032,23.0,86.0,0.989346,3.67,0.64,12.374178455
5.98,0.293,0.28,9.03,0.035,22.0,172.5,0.991779,3.21,0.55,10.316537453
7.82,0.967,0.02,1.2,0.096,6.0,6.0,0.996254,3.21,0.55,10.476351088
5.54,0.252,0.28,2.22,0.035,36.3,124.0,0.997688,3.22,0.5,11.927930862
6.73,0.167,0.2,12.99,0.065,41.2,166.7,0.999237,3.13,0.48,9.510579866
9.03,0.721,0.52,1.52,0.084,4.0,25.9,0.997008,3.44,0.45,9.049623294
6.15,0.187,0.25,5.99,0.043,31.6,140.6,0.990277,3.39,0.57,12.553151115
5.8,0.308,0.26,14.51,0.058,20.3,218.6,0.996058,2.95,0.38,8.695882696
10.15,0.642,0.03,2.23,0.093,7.4,19.3,1.00007,3.53,1.04,10.488363466
9.27,0.317,0.17,1.28,0.035,17.9,169.6,0.994584,3.2,0.46,9.511319977
6.92,0.273,0.24,6.85,0.053,38.5,150.6,0.991564,3.25,0.45,9.306244562
6.07,0.248,0.23,12.55,0.055,17.1,202.5,0.998419,3.22,0.58,8.992887702
6.78,0.183,0.5,1.85,0.038,43.4,172.9,0.993517,3.08,0.55,9.925137693
5.94,0.283,0.29,3.06,0.042,15.9,105.9,0.99604,3.16,0.74,12.61840951
7.96,0.195,0.3,13.21,0.042,20.3,218.0,0.997992,3.13,0.53,9.220349748
6.96,0.187,0.31,1.83,0.033,29.4,106.2,0.994178,3.37,0.61,11.353584371
7.63,0.7,0.18,1.99,0.086,7.0,13.5,0.996098,3.51,0.49,9.401362166
6.45,0.411,0.32,2.31,0.05,13.3,128.5,0.992609,3.16,0.66,11.20867989
8.97,0.605,0.15,1.87,0.067,15.7,68.3,0.994973,3.22,0.73,9.22462956
6.4,0.188,0.31,4.56,0.048,11.6,157.7,0.993656,3.22,0.43,9.555235902
6.34,0.177,0.22,7.06,0.033,46.7,200.6,0.992071,2.85,0.4,10.225012914
6.33,0.195,0.28,10.87,0.051,70.3,204.6,0.994385,2.91,0.58,9.360429869
7.7,0.833,0.11,2.31,0.096,5.0,55.0,0.996478,3.47,0.58,9.10986236
7.09,0.177,0.26,1.96,0.03,32.4,125.2,0.990143,3.54,0.4,11.811638825
5.47,0.355,0.29,5.58,0.045,32.0,111.8,0.990572,3.42,0.83,12.451014773
5.9,0.239,0.32,3.6,0.042,11.7,106.2,0.992844,3.34,0.58,10.511205142
5.92,0.343,0.31,2.02,0.038,31.0,86.5,0.990406,3.45,0.37,12.602067671
6.08,0.278,0.32,5.74,0.045,29.9,135.7,0.992836,3.21,0.55,10.335948789
8.25,0.817,0.0,2.35,0.084,4.9,27.2,0.997561,3.22,0.51,10.286783578
7.01,0.214,0.23,5.14,0.052,49.4,191.5,0.993429,3.03,0.67,9.024868355
5.59,0.273,0.29,2.15,0.021,19.1,86.7,0.989698,3.54,0.44,13.151467579
6.0,0.294,0.25,4.68,0.028,34.8,129.9,0.988419,3.39,0.49,12.688830837
6.78,0.28,0.29,9.0,0.045,46.4,164.7,0.997108,2.93,0.45,9.327761654
6.48,0.238,0.45,3.55,0.028,25.7,106.3,0.991123,3.35,0.75,9.922113148
7.77,0.562,0.1,1.71,0.089,11.7,7.9,0.994215,3.32,0.57,10.917783874
7.66,0.586,0.1,3.54,0.086,13.9,19.1,0.997513,3.33,0.79,10.90884193
10.11,0.939,0.27,4.17,0.052,7.7,20.8,0.996335,3.23,0.73,8.974706233
6.12,0.144,0.47,4.71,0.033,35.7,89.8,0.991576,3.35,0.4,11.906620692
6.91,0.661,0.31,1.92,0.034,18.8,96.1,0.993484,3.17,0.5,10.052731993
6.76,0.535,0.11,1.91,0.081,3.5,8.9,0.994639,3.2,0.68,10.64855335
7.55,0.358,0.18,1.34,0.096,13.6,50.6,1.000363,3.4,0.57,10.60766819
6.92,0.316,0.11,2.13,0.053,31.4,61.0,0.997987,3.35,0.4,12.45022362
6.44,0.221,0.26,4.31,0.054,36.5,204.3,0.992616,3.21,0.4,12.510490672
7.62,0.311,0.22,13.93,0.05,44.8,204.8,0.999118,3.18,0.48,9.104724763
7.27,0.414,0.38,5.5,0.035,19.4,131.9,0.990693,3.62,0.65,12.811183407
8.3,0.408,0.07,2.25,0.077,15.3,25.8,0.996343,3.43,0.56,11.166949599
9.12,0.219,0.28,12.07,0.06,46.1,182.5,0.996741,3.04,0.61,9.473164167
9.49,0.616,0.31,0.84,0.082,6.4,198.0,0.994539,3.26,0.39,10.716158418
6.73,0.215,0.35,6.77,0.045,36.4,168.4,0.995877,2.89,0.53,8.956701599
7.07,0.257,0.34,6.38,0.048,12.7,107.8,0.99523,2.9,0.5,10.600687741
6.74,0.233,0.31,3.97,0.023,27.0,105.6,0.991258,3.09,0.48,12.133928903
6.53,0.306,0.3,1.1,0.026,11.1,90.8,0.988535,3.19,0.53,11.746601843
6.2,0.401,0.23,1.13,0.028,17.4,141.2,0.99363,3.2,0.58,10.849296323
6.29,0.416,0.18,4.05,0.033,14.3,107.7,0.994478,3.09,0.44,10.582246573
6.48,0.358,0.29,2.16,0.032,24.2,124.5,0.990244,3.29,0.58,10.79651118
6.12,0.524,0.4,0.9,0.032,11.6,90.2,0.993233,3.53,0.46,10.433212782
7.36,0.653,0.28,1.93,0.187,29.4,190.3,0.99566,3.35,0.7,9.962686981
5.83,0.333,0.21,4.7,0.037,36.9,91.1,0.990879,3.34,0.71,11.560731582
5.7,0.249,0.41,1.71,0.049,11.7,64.6,0.990681,3.09,0.49,10.759275069
6.85,0.295,0.2,15.14,0.047,46.0,165.1,0.993464,3.34,0.57,9.052926873
6.99,0.39,0.59,2.4,0.038,24.0,24.6,0.996809,3.22,0.71,9.230433079
6.2,0.367,0.25,1.82,0.025,22.3,121.5,0.991285,3.5,0.42,11.921660074
6.17,0.186,0.28,1.5,0.034,42.6,107.9,0.989251,3.39,0.42,11.266687502
5.94,0.298,0.24,11.56,0.133,52.3,164.0,0.997839,3.24,0.5,9.599281456
5.66,0.542,0.11,2.74,0.024,24.1,113.3,0.989798,3.45,0.47,11.844908471
6.26,0.176,0.37,9.99,0.037,43.7,100.7,0.990228,3.36,0.47,11.661551771
5.74,0.2,0.25,2.39,0.043,14.8,104.1,0.990093,3.31,0.53,12.280103303
6.0,0.294,0.42,2.31,0.031,40.8,156.1,0.989649,3.09,0.53,11.710069681
5.86,0.28,0.29,3.39,0.054,17.7,173.8,0.996223,3.12,0.42,9.394860648
7.43,0.194,0.49,14.68,0.045,67.6,203.2,0.9963,3.15,0.59,9.233469943
6.33,0.326,0.2,7.0,0.05,26.4,150.1,0.990905,3.47,0.86,12.599066555
5.66,0.276,0.19,3.92,0.03,35.6,48.5,0.990616,3.06,0.63,10.585307864
6.63,0.216,0.3,1.33,0.035,11.9,97.9,0.991747,2.96,0.48,9.821087498
6.48,0.276,0.25,13.03,0.035,26.7,103.0,0.994381,3.29,0.36,10.984731658
5.68,0.179,0.45,10.05,0.05,46.6,138.3,0.99576,3.01,0.54,8.987666063
6.3,0.278,0.28,6.93,0.055,27.9,172.7,0.993868,3.19,0.56,13.446884038
6.91,0.222,0.22,1.65,0.035,26.1,116.2,0.992765,3.23,0.86,11.807742497
7.16,0.2,0.25,12.01,0.058,57.5,248.6,0.999617,3.09,0.39,9.30535416
5.95,0.434,0.29,3.58,0.038,15.8,115.5,0.989768,3.33,0.64,12.172192891
7.66,0.307,0.19,10.65,0.046,47.1,184.5,0.997045,3.13,0.38,8.822967313
7.23,0.751,0.51,1.23,0.078,10.5,23.0,0.99376,3.38,0.49,9.591696957
5.75,0.216,0.25,11.33,0.056,50.7,214.5,0.994211,3.15,0.52,9.219270454
6.79,0.686,0.39,3.18,0.16,4.0,8.7,0.999264,3.48,0.57,10.252178691
7.94,0.179,0.24,1.43,0.083,13.6,19.3,0.99815,3.39,0.62,9.255417427
6.57,0.275,0.23,10.26,0.058,48.7,111.5,0.997111,3.33,0.59,10.895254081
9.44,0.216,0.18,1.59,0.037,24.1,119.3,0.994296,3.22,0.55,10.944573438
7.93,0.257,0.28,9.47,0.041,42.1,132.7,0.998816,3.11,0.39,9.27167066
4.9,0.229,0.53,1.98,0.023,26.7,91.7,0.990209,3.4,1.02,12.479710807
5.71,0.211,0.33,5.21,0.038,48.4,125.2,0.991888,3.21,0.54,12.542172931
8.63,0.652,0.1,1.39,0.093,7.2,47.0,0.998621,3.57,0.92,10.045962278
6.32,0.231,0.24,2.45,0.043,21.7,67.1,0.992301,3.44,0.57,11.944999167
6.11,0.438,0.28,1.43,0.039,38.5,106.9,0.992081,3.44,0.43,11.980960337
6.2,0.184,0.31,2.0,0.033,13.9,49.0,0.990574,3.36,0.7,11.451350318
8.61,0.559,0.25,1.14,0.057,31.0,173.7,0.992646,3.31,0.62,10.082925745
6.05,0.274,0.31,3.57,0.032,27.7,79.0,0.990441,3.47,0.39,11.65249632
5.73,0.213,0.26,1.33,0.049,69.1,148.9,0.992976,3.26,0.56,8.96990729
6.96,0.463,0.15,1.71,0.107,6.8,14.5,0.99855,3.2,0.51,8.738695429
9.75,1.151,0.38,3.07,0.086,3.9,14.3,0.999001,3.4,1.2,10.912468479
9.11,0.17,0.59,5.19,0.037,50.7,60.6,0.997129,3.32,0.43,10.178323314
5.89,0.189,0.27,2.04,0.032,32.4,88.7,0.991333,3.38,0.49,12.511807253
6.14,0.484,0.29,6.68,0.084,30.3,28.7,0.997005,3.42,0.58,10.028208476
6.32,0.236,0.28,9.87,0.059,29.6,199.9,0.999404,3.35,0.39,9.440696432
6.46,0.178,0.4,11.85,0.043,55.6,109.1,0.991862,3.19,0.51,9.40489454
7.46,0.726,0.1,3.9,0.104,5.4,18.2,0.996643,3.17,0.59,8.860466471
7.3,0.986,0.04,1.29,0.083,14.1,10.4,0.99838,3.42,0.57,9.490022794
5.22,0.173,0.24,1.6,0.035,41.0,179.7,0.990505,3.54,0.61,11.354239627
6.61,0.412,0.54,11.84,0.052,16.8,94.6,0.994757,3.06,0.62,10.081372242
5.97,0.17,0.17,1.43,0.024,26.3,113.3,0.991036,3.59,0.58,11.259632368
7.0,0.238,0.23,10.86,0.06,44.1,193.9,0.997843,3.03,0.41,8.965233144
7.81,0.612,0.63,2.33,0.092,5.1,29.3,0.995482,3.4,1.08,10.989446203
7.64,0.156,0.45,2.14,0.032,7.1,132.8,0.992745,3.63,0.64,11.546456213
6.09,0.375,0.2,3.94,0.079,35.7,76.9,0.996242,3.3,0.5,9.351280376
8.42,0.76,0.55,2.24,0.087,9.6,7.0,0.995598,3.29,0.75,10.505476852
6.19,0.143,0.3,10.6,0.059,56.3,111.9,0.992159,3.38,0.44,9.313077824
9.17,0.8,0.12,1.52,0.086,7.6,131.7,0.99404,3.32,0.65,10.809613031
6.36,0.209,0.24,0.99,0.051,46.1,178.1,0.996886,3.22,0.52,9.439232159
7.04,0.345,0.25,3.94,0.037,23.5,54.5,0.993015,3.32,0.52,11.882952343
4.65,0.233,0.29,4.33,0.02,17.8,92.3,0.989369,3.36,0.34,11.712201455
6.0,0.196,0.24,1.53,0.026,27.9,114.0,0.989574,3.4,0.45,11.202493853
6.08,0.41,0.3,1.95,0.053,33.4,118.4,0.995365,3.32,0.53,9.656480291
5.65,0.369,0.28,2.57,0.036,31.8,57.1,0.990011,3.38,0.54,12.352713623
6.17,0.875,0.53,1.88,0.213,14.2,23.2,0.999239,3.19,0.39,9.165215012
6.99,0.196,0.22,4.22,0.027,36.4,96.8,0.989917,3.23,0.32,11.23599098
6.97,0.227,0.3,1.14,0.04,26.0,116.0,0.995044,3.25,0.51,10.45952532
6.8,0.775,0.08,2.09,0.083,3.9,26.9,0.999503,3.41,0.77,9.781619294
4.91,0.286,0.22,2.52,0.021,31.6,106.2,0.989911,3.54,0.34,10.992987741
7.81,0.218,0.27,13.46,0.052,42.6,184.7,0.998821,2.97,0.45,10.336989305
6.64,0.276,0.24,12.26,0.038,14.5,141.3,0.994707,3.22,0.53,8.71968745
5.37,0.247,0.27,1.13,0.052,14.7,119.1,0.991508,3.54,0.79,11.942478191
6.51,0.24,0.36,2.3,0.043,23.5,72.4,0.991929,3.17,0.55,12.561458878
8.83,0.763,0.09,2.15,0.099,2.4,44.9,0.999146,3.59,1.07,11.283801924
6.84,0.251,0.25,2.92,0.046,20.4,95.8,0.991747,3.12,0.31,11.759416562
6.07,0.413,0.36,2.08,0.025,55.8,65.6,0.988515,3.06,0.48,12.828543069
7.43,0.276,0.35,1.24,0.022,25.0,124.7,0.990807,3.52,0.5,11.863607525
5.89,0.174,0.29,7.03,0.041,55.5,139.1,0.993131,3.14,0.69,11.593689402
6.33,0.319,0.32,1.46,0.043,56.3,132.4,0.993365,2.99,0.49,10.043479165
9.74,0.632,0.06,2.71,0.079,4.4,6.0,0.997417,3.55,0.89,10.561408563
6.15,0.282,0.29,4.99,0.047,21.5,101.3,0.993097,3.02,0.47,10.961312268
5.93,0.389,0.26,1.89,0.033,25.4,130.5,0.992274,2.99,0.36,12.014046389
7.76,0.675,0.55,1.24,0.076,6.0,9.9,0.996377,3.62,0.67,10.651173519
7.72,0.172,0.22,11.92,0.057,16.5,93.6,0.994003,3.36,0.5,10.508324279
6.11,0.688,0.57,1.64,0.108,48.8,14.1,0.999299,3.31,0.51,10.967045225
6.78,0.466,0.27,1.09,0.047,40.9,24.4,0.995832,3.05,0.49,10.504321415
7.22,0.252,0.3,1.63,0.03,5.7,125.0,0.994641,3.15,0.79,13.076432926
8.48,0.356,0.33,2.03,0.1,26.7,168.1,0.995396,2.82,0.77,10.253517973
6.44,0.168,0.31,1.67,0.048,46.9,160.6,0.990397,3.12,0.67,10.79686767
8.45,0.273,0.39,1.1,0.106,4.8,71.9,0.99677,3.17,0.63,11.005744913
8.55,0.186,0.23,6.1,0.046,15.0,122.6,0.992888,3.22,0.38,10.960713012
6.14,0.171,0.29,5.83,0.019,34.5,99.5,0.990078,3.33,0.7,11.412875616
6.21,0.224,0.28,12.68,0.051,36.9,180.3,0.997042,3.12,0.57,9.32183603
7.2,0.398,0.21,2.95,0.026,10.7,149.7,0.990928,3.54,0.72,12.302264072
9.32,0.87,0.08,3.01,0.084,5.7,142.1,0.998494,3.29,0.86,10.880542765
7.18,0.272,0.41,1.89,0.036,56.8,95.4,0.993518,3.28,0.52,11.670601559
8.12,0.344,0.3,1.82,0.043,12.5,187.0,0.995041,3.09,0.54,9.992488083
9.87,1.21,0.51,2.17,0.091,8.8,27.7,0.996597,3.49,0.63,10.162413985
7.01,1.025,0.48,2.1,0.082,18.6,153.7,0.99758,3.25,0.53,9.13880223
6.2,0.188,0.28,14.51,0.036,29.4,137.2,0.991296,3.3,0.43,9.061973396
6.92,0.276,0.3,1.53,0.034,25.8,102.1,0.99437,3.34,0.5,8.918963381
7.12,0.362,0.27,5.83,0.037,21.3,74.8,0.992223,3.19,0.55,12.476760645
7.65,0.6,0.5,1.93,0.095,4.0,14.0,0.997919,3.67,0.58,11.176993458
6.52,0.421,0.27,1.85,0.032,24.0,117.2,0.991296,3.38,0.48,11.606257368
6.6,0.159,0.1,6.07,0.048,46.0,160.0,0.99606,3.2,0.76,11.57361295
7.64,0.776,0.5,0.9,0.092,6.9,35.8,0.994114,3.02,0.48,10.598664001
7.62,0.349,0.33,2.08,0.06,9.0,44.3,0.9959,2.91,0.56,9.569778786
5.8,0.209,0.29,1.38,0.031,22.4,80.2,0.989397,3.38,0.44,10.039880264
9.44,0.873,0.11,2.31,0.073,4.0,17.7,0.995448,3.2,0.95,10.696418113
7.8,0.623,0.13,1.57,0.075,16.1,13.5,0.996409,3.09,0.61,9.717172112
6.19,0.206,0.33,3.81,0.049,40.4,120.2,0.991171,2.97,0.49,9.931977005
8.3,1.089,0.47,1.87,0.084,6.6,20.9,0.997019,3.26,0.57,10.550655056
6.19,0.256,0.28,6.29,0.028,26.0,123.2,0.992687,3.23,0.47,11.878113139
6.53,0.333,0.34,8.86,0.042,31.4,140.7,0.995746,3.16,0.56,10.240989092
7.73,0.702,0.49,2.14,0.092,16.2,26.5,0.996035,3.41,0.63,9.747327055
6.81,0.279,0.14,8.14,0.062,47.4,215.2,0.999801,2.97,0.5,9.137827463
6.02,0.48,0.64,1.27,0.088,5.1,33.7,0.99695,3.21,0.45,10.567752037
8.51,0.853,0.14,1.42,0.082,5.2,6.0,0.996644,3.33,0.43,10.721974077
5.81,0.244,0.32,11.29,0.04,37.9,193.6,0.995714,3.32,0.49,8.869059297
5.79,0.24,0.24,13.84,0.057,46.7,205.0,0.996652,3.19,0.47,8.720274583
6.97,0.352,0.27,12.68,0.045,44.9,156.5,0.995179,3.55,0.57,9.454678748
8.93,0.855,0.08,1.12,0.083,6.3,9.8,1.000237,3.43,0.68,11.862933698
9.07,0.26,0.3,2.24,0.048,31.1,107.3,0.990529,3.05,0.59,10.477657525
7.65,0.422,0.36,4.45,0.049,14.9,111.3,0.997085,2.98,0.82,9.582839322
5.9,0.276,0.22,1.27,0.027,16.2,86.9,0.990018,3.13,0.47,11.319720995
6.57,0.362,0.41,1.29,0.022,13.2,185.9,0.991761,3.01,0.33,9.522337637
11.33,0.777,0.0,2.38,0.1,3.2,22.7,0.998345,3.9,1.28,10.740393293
8.4,0.594,0.27,11.75,0.057,8.7,196.6,0.997277,3.01,0.42,9.264159475
7.41,0.27,0.27,9.08,0.041,27.7,198.0,0.994977,3.28,0.5,9.812608599
10.0,0.352,0.38,1.78,0.051,13.0,219.4,0.996999,3.51,0.58,9.354599467
8.9,0.329,0.17,15.83,0.053,36.4,207.0,0.997505,3.1,0.44,8.98638933
5.35,0.305,0.48,16.54,0.045,44.9,171.0,0.997404,2.92,0.63,9.153715356
7.68,0.582,0.66,2.44,0.088,19.4,62.1,0.997503,3.02,0.54,9.254381968
7.16,0.302,0.46,1.02,0.034,35.6,214.3,0.992306,3.24,0.45,8.876561322
6.8,0.24,0.27,5.92,0.047,29.8,172.8,0.996423,3.14,0.63,9.054044652
6.11,0.181,0.23,1.03,0.027,28.2,109.9,0.990535,3.09,0.45,11.160704579
8.11,0.668,0.07,1.55,0.079,3.8,7.3,0.992618,3.18,0.54,9.70372832
6.15,0.241,0.27,11.53,0.043,27.0,30.9,0.993467,3.26,0.61,10.009891666
6.2,0.34,0.25,12.42,0.047,21.7,100.0,0.991205,3.15,0.81,12.314105677
7.07,0.214,0.22,9.16,0.057,35.7,200.5,0.997777,3.14,0.46,8.767453002
5.94,0.282,0.31,5.34,0.04,41.6,92.3,0.99329,3.17,0.56,10.104267814
6.32,0.214,0.35,1.8,0.052,26.5,153.0,0.997966,3.42,0.56,11.379034053
8.36,0.665,0.0,1.76,0.085,10.6,21.0,1.001899,3.27,0.44,11.718512721
6.59,0.884,0.08,1.66,0.22,6.3,175.2,0.998093,3.51,0.6,8.901541947
6.99,0.808,0.1,1.23,0.101,2.5,169.9,0.999493,3.39,1.08,9.181484353
5.99,0.366,0.39,3.94,0.029,34.2,95.4,0.99153,3.56,0.45,11.808238385
9.24,0.752,0.14,1.76,0.109,19.2,24.1,0.999592,3.31,0.65,10.354530616
5.95,0.291,0.25,6.29,0.053,55.5,150.9,0.997435,3.04,0.5,9.152212251
7.07,0.306,0.61,1.24,0.055,36.6,191.1,0.994043,2.98,0.38,9.229169885
6.74,0.317,0.36,1.21,0.046,31.2,87.9,0.990808,3.42,0.53,10.831914354
8.38,0.532,0.05,1.83,0.059,5.3,15.4,0.999545,3.28,0.9,9.165003432
7.22,0.359,0.49,1.46,0.05,7.6,45.3,0.996399,3.54,0.55,10.51433241
5.81,0.213,0.3,1.09,0.049,47.4,173.5,0.995283,3.3,0.7,10.244550693
5.65,0.179,0.3,2.64,0.055,47.9,97.3,0.99047,3.05,0.31,12.307928539
6.04,0.184,0.32,4.09,0.036,19.1,107.1,0.992786,3.27,0.34,11.388808975
6.19,0.352,0.3,1.52,0.037,59.1,155.8,0.992532,3.01,0.46,8.700264583
6.24,0.476,0.28,1.35,0.045,12.9,109.9,0.992215,3.52,0.54,9.38798249
7.28,0.376,0.16,1.68,0.084,12.2,6.0,0.992948,3.4,0.48,9.36831262
6.73,0.335,0.3,11.01,0.06,47.5,158.2,0.995707,3.06,0.53,10.467703224
6.66,0.689,0.04,2.16,0.086,6.1,6.0,0.99456,3.24,0.54,10.390395728
8.03,0.625,0.36,2.92,0.039,26.9,155.0,0.992418,3.25,0.44,10.911470477
5.4,0.171,0.22,5.37,0.024,45.6,110.3,0.989224,3.45,0.61,11.75247055
6.77,0.242,0.24,1.68,0.051,20.8,147.4,0.991758,3.42,0.46,10.157922267
7.16,0.213,0.23,9.19,0.045,47.6,201.4,0.997753,3.23,0.48,9.126547012
8.24,0.642,0.47,12.77,0.056,42.1,232.3,0.995603,3.18,0.46,8.873675614
8.65,0.196,0.23,2.37,0.05,27.0,105.6,0.993679,3.37,0.59,10.479777604
6.31,0.282,0.28,2.58,0.036,16.5,103.9,0.993267,2.98,0.42,12.341049126
5.64,0.389,0.28,1.68,0.024,59.7,91.1,0.99178,3.07,0.52,11.900046214
7.71,0.243,0.3,10.7,0.042,58.4,181.7,0.995884,3.08,0.41,9.266618154
7.47,0.749,0.43,2.89,0.21,4.8,31.8,0.994787,3.6,0.79,9.967612296
7.4,0.771,0.02,1.22,0.082,11.5,15.4,0.999434,3.65,0.63,10.623119328
6.25,0.265,0.35,2.34,0.035,23.6,88.0,0.991295,3.07,0.7,10.625255151
7.71,0.331,0.26,13.62,0.046,33.5,175.2,0.997866,3.02,0.53,8.72350255
5.98,0.268,0.43,2.0,0.024,18.5,94.0,0.991486,3.28,0.79,12.875309645
5.94,0.427,0.33,3.92,0.042,39.0,95.2,0.995795,3.29,0.54,12.273299801
8.51,0.647,0.61,1.42,0.078,7.1,14.5,1.002729,3.3,0.44,10.276234201
6.0,0.227,0.49,1.95,0.026,33.3,104.2,0.989421,3.3,0.4,12.439352337
8.49,0.628,0.19,2.05,0.071,4.7,6.0,0.997931,3.39,0.6,10.380773437
5.61,0.256,0.26,10.37,0.04,48.2,130.6,0.993455,2.87,0.39,8.606396056
7.69,0.625,0.0,2.34,0.083,7.0,6.0,0.998191,3.26,0.54,9.88920363
7.42,0.249,0.53,1.52,0.05,9.6,169.9,0.999431,3.08,0.47,9.955803107
6.24,0.271,0.29,1.16,0.044,45.1,175.9,0.993011,3.46,0.43,10.700678298
5.7,0.412,0.26,4.6,0.035,46.8,106.6,0.990485,3.37,0.52,13.130520974
6.54,0.225,0.28,3.55,0.029,28.8,140.4,0.990742,3.55,0.59,11.834963395
5.94,0.251,0.25,0.99,0.023,37.2,76.6,0.990249,3.4,0.35,11.783331217
6.88,0.193,0.25,11.4,0.056,37.7,181.9,0.998777,2.91,0.6,8.54068591
6.24,0.347,0.29,8.08,0.045,51.4,98.0,0.99282,3.25,0.64,12.163481829
6.11,0.241,0.21,1.64,0.068,32.5,93.7,0.991122,3.44,0.54,12.132131034
8.89,0.283,0.42,12.66,0.049,23.6,165.2,0.99555,2.96,0.58,9.271878741
5.72,0.26,0.26,17.21,0.056,38.4,189.0,0.995591,2.97,0.44,9.387408018
6.63,0.347,0.26,1.85,0.039,10.2,120.5,0.998566,3.35,0.53,10.025437775
8.19,0.539,0.42,1.37,0.121,17.2,12.8,0.997999,3.29,0.45,10.573141718
6.81,0.165,0.28,2.21,0.045,10.3,47.1,0.992809,3.11,0.4,11.305494241
6.6,0.233,0.3,14.53,0.063,39.8,164.2,0.993687,3.12,0.51,9.04263123
9.25,0.656,0.46,2.0,0.104,5.8,25.7,0.995676,2.99,0.52,11.05911584
7.17,0.259,0.26,1.45,0.034,36.1,113.4,0.99193,3.36,0.55,11.958078326
6.34,0.196,0.27,4.22,0.035,17.6,54.3,0.995836,3.32,0.44,10.015665983
6.88,0.332,0.3,2.62,0.074,48.2,216.9,0.992901,3.33,0.55,11.356029933
6.17,0.286,0.1,5.4,0.04,33.5,100.5,0.993981,3.24,0.47,10.477852136
9.3,0.717,0.33,1.07,0.08,16.3,19.5,0.996774,3.27,0.46,10.147843004
6.85,0.266,0.48,13.38,0.058,53.6,181.4,0.997314,3.05,0.5,9.434015996
5.71,0.118,0.26,2.01,0.038,15.7,95.6,0.99659,3.05,0.39,10.667012121
8.29,0.689,0.13,1.88,0.102,2.0,14.3,0.998188,3.52,0.71,10.880396731
6.3,0.251,0.24,2.47,0.039,30.3,136.3,0.990113,3.02,0.73,11.674028453
6.25,0.19,0.17,8.0,0.046,43.6,164.7,0.998672,2.94,0.56,10.599103266
6.62,0.333,0.51,13.4,0.055,70.8,209.9,0.997961,2.99,0.53,9.269944311
7.93,1.11,0.08,1.89,0.098,5.0,11.5,0.998347,3.45,0.62,10.003195995
7.97,0.629,0.13,2.56,0.089,4.7,15.9,0.995999,3.12,1.13,10.688640122
6.67,0.224,0.21,4.36,0.033,30.7,141.0,0.993987,3.1,0.51,11.059369363
8.5,0.616,0.06,2.88,0.081,2.3,23.5,1.000785,3.27,0.5,10.321924753
7.08,0.288,0.53,8.15,0.036,12.0,126.7,0.991794,3.38,0.61,10.346687265
5.48,0.174,0.28,5.01,0.035,38.3,122.4,0.989026,3.5,0.56,10.249990426
6.63,0.351,0.26,1.68,0.048,49.3,170.8,0.992278,3.38,0.38,8.86183772
5.94,0.279,0.21,16.35,0.063,45.5,146.7,0.998011,3.3,0.42,9.146546881
7.96,0.774,0.16,1.32,0.073,17.1,17.7,0.99603,3.36,0.98,9.392798559
10.06,0.676,0.57,1.69,0.083,12.1,42.7,0.997439,3.43,0.61,10.007621769
6.37,0.307,0.34,10.03,0.05,33.2,181.9,0.995428,2.99,0.43,9.07201646
6.74,0.273,0.55,1.35,0.055,62.6,215.8,0.993632,3.04,0.38,10.691351526
6.62,0.264,0.33,11.12,0.067,14.0,154.5,0.999996,3.03,0.55,9.268216737
6.19,0.314,0.33,1.63,0.039,14.8,116.2,0.993274,3.24,0.43,12.254778992
5.87,0.236,0.26,8.53,0.038,25.9,118.1,0.990389,3.38,0.59,10.479526542
7.67,0.969,0.14,2.07,0.089,6.7,24.5,0.99712,3.34,0.94,10.899605342
7.74,0.287,0.47,14.15,0.049,48.3,193.9,0.999125,3.09,0.65,9.461164206
7.13,0.27,0.28,13.51,0.052,52.7,224.9,0.998713,3.15,0.45,9.038170844
7.01,0.194,0.27,1.63,0.045,25.7,182.5,0.996479,3.3,0.56,10.024806843
5.65,0.201,0.31,1.51,0.045,38.0,123.0,0.997584,3.12,0.52,9.885989123
6.28,0.294,0.35,8.55,0.046,41.7,111.3,0.995625,3.39,0.46,9.189608129
7.41,0.797,0.15,2.0,0.258,18.0,47.8,1.000819,3.15,0.41,10.188052406
8.05,0.541,0.13,1.22,0.085,5.0,6.0,0.996916,3.31,0.61,10.489500431
5.07,0.382,0.31,1.97,0.026,24.5,113.9,0.991849,2.92,0.49,11.539663238
8.72,0.625,0.07,1.49,0.079,16.2,21.8,0.999416,3.23,0.65,9.652344917
8.27,0.284,0.16,11.29,0.044,12.7,135.4,0.997478,3.27,0.67,11.884777247
7.44,0.846,0.19,1.47,0.127,12.6,17.6,0.997699,3.46,0.85,9.69712995
6.11,0.257,0.3,2.74,0.029,28.8,108.8,0.991275,3.32,0.55,12.077214904
6.31,0.26,0.25,1.0,0.032,16.8,106.7,0.990357,3.17,0.5,12.171842243
5.48,0.304,0.14,4.63,0.039,28.3,182.8,0.995362,3.23,0.43,10.321222608
6.38,0.196,0.3,1.67,0.037,46.2,126.2,0.993512,3.33,0.51,9.271287919
7.05,0.35,0.27,15.6,0.052,37.8,180.9,0.992307,3.38,0.66,11.649305901
7.17,0.301,0.37,10.13,0.054,43.4,169.3,0.996099,3.29,0.48,8.620424514
6.34,0.471,0.23,7.68,0.035,9.4,89.9,0.990049,3.48,0.46,13.127408662
6.77,0.344,0.49,5.22,0.041,37.2,79.9,0.991003,3.25,0.55,12.432068281
6.14,0.651,0.59,9.16,0.244,22.6,24.7,0.995946,3.29,0.52,9.407100882
5.9,0.361,0.25,6.9,0.049,65.0,105.2,0.996413,3.15,0.43,11.445500323
7.3,0.179,0.38,5.42,0.05,36.6,147.3,0.993025,3.24,0.75,10.040074098
6.64,0.199,0.31,1.66,0.02,19.5,136.3,0.991298,3.7,0.45,12.345621424
7.17,0.6,0.61,1.41,0.08,5.2,7.3,0.997464,3.28,0.52,10.69310433
7.03,0.207,0.31,7.07,0.037,19.7,149.8,0.991591,3.03,0.7,11.452466156
6.44,0.18,0.24,4.56,0.033,60.3,104.2,0.991726,3.39,0.39,12.376401304
6.67,0.309,0.24,9.95,0.052,42.8,237.1,0.995984,2.94,0.48,9.474945231
6.3,0.237,0.28,6.29,0.043,13.1,124.8,0.994257,3.08,0.43,10.699312201
9.27,0.16,0.32,6.99,0.031,18.0,11.8,0.99648,3.3,0.63,10.579330837
5.76,0.257,0.28,12.97,0.043,16.8,123.3,0.992341,3.24,0.47,10.47885246
7.31,0.838,0.0,1.27,0.068,8.3,14.1,0.996463,3.38,0.46,10.475124423
7.46,0.292,0.24,1.51,0.054,45.3,154.0,0.996719,2.95,0.43,9.052396104
5.73,0.554,0.27,12.7,0.041,56.3,191.1,0.995846,3.14,0.64,8.572742677
8.15,0.737,0.17,1.24,0.086,3.7,6.0,1.000862,3.4,0.86,9.949398107
7.43,0.287,0.26,7.83,0.055,64.9,192.3,0.997656,3.16,0.37,8.940441309
5.47,0.452,0.27,1.04,0.05,26.0,73.1,0.990312,3.32,0.43,11.929429648
8.26,0.884,0.05,2.94,0.098,7.5,18.2,0.997964,3.42,0.91,10.403755364
6.74,0.273,0.31,1.25,0.045,43.3,174.7,0.994084,2.99,0.44,10.460567775
6.19,0.113,0.18,1.87,0.048,16.5,31.8,0.989272,3.39,0.49,9.358227049
8.35,0.721,0.28,4.64,0.07,58.3,43.4,0.991603,3.38,0.63,10.793595064
5.61,0.353,0.42,3.32,0.046,24.7,99.6,0.989613,2.99,0.82,12.179751658
5.87,0.205,0.19,7.06,0.053,44.3,197.6,0.996004,2.99,0.53,8.735741507
6.68,0.332,0.33,1.77,0.038,63.0,61.7,0.993723,3.35,0.64,11.643234609
9.76,0.326,0.56,3.03,0.079,18.2,63.4,0.994182,3.19,0.4,9.604003888
6.85,0.212,0.19,6.87,0.036,48.6,167.1,0.992217,3.28,0.57,10.661845992
7.01,0.251,0.29,13.36,0.056,39.4,207.7,0.997612,3.06,0.57,9.99705435
8.38,0.36,0.26,9.88,0.051,24.2,102.2,0.995132,3.27,0.97,8.992802542
5.81,0.207,0.36,4.26,0.041,23.8,138.5,0.995125,3.33,0.35,10.184567319
5.97,0.2,0.3,1.14,0.039,24.8,200.7,0.992581,3.36,0.42,11.48255761
8.54,0.866,0.41,2.27,0.091,4.9,18.8,0.997725,3.56,1.07,9.675851456
6.47,0.2,0.27,7.96,0.057,58.7,176.3,0.99564,3.3,0.41,8.790838646
5.56,0.13,0.21,2.13,0.026,23.3,77.5,0.990525,3.1,0.64,11.34081367
8.36,0.702,0.12,2.1,0.189,8.7,13.9,0.998992,3.52,0.75,10.512739261
5.67,0.152,0.29,4.37,0.024,40.0,115.0,0.989868,3.48,0.61,11.539312019
9.84,0.602,0.57,1.23,0.096,12.5,68.7,0.997457,3.32,0.45,11.023100128
10.25,0.316,0.29,10.05,0.05,48.4,175.9,0.99354,3.02,0.45,9.410029927
9.36,0.305,0.24,2.36,0.043,33.9,95.0,0.997134,3.16,0.47,9.106907538
5.73,0.233,0.09,13.38,0.045,52.2,188.5,0.997799,3.13,0.39,9.27170291
6.27,0.198,0.41,1.3,0.033,11.7,61.2,0.991443,3.45,0.46,11.977396821
10.1,0.31,0.29,1.95,0.018,18.4,143.1,0.99289,3.1,0.41,10.993967776
7.32,0.25,0.33,13.33,0.055,54.6,130.2,0.993918,3.08,0.51,9.2593185
4.81,0.314,0.36,4.49,0.037,10.9,79.0,0.992029,3.02,0.41,11.675249364
9.6,0.876,0.13,1.75,0.081,2.6,10.1,0.995904,3.3,0.78,9.963013357
6.54,0.268,0.21,4.54,0.036,65.5,128.5,0.993945,3.06,0.36,11.258970269
6.12,0.413,0.24,3.27,0.031,23.3,82.4,0.98892,3.31,0.37,11.81397643
6.39,0.303,0.45,4.25,0.034,13.2,132.6,0.993272,3.2,0.54,10.317950166
7.31,0.284,0.2,10.75,0.04,48.1,193.3,0.996005,2.99,0.4,9.565989618
6.85,0.197,0.24,10.41,0.052,42.7,199.4,0.997617,3.31,0.47,9.043714068
5.93,0.17,0.5,2.04,0.044,9.4,147.4,0.989277,3.25,0.56,12.15319911
6.63,0.169,0.28,5.42,0.029,37.7,114.0,0.989877,3.33,0.61,11.401017209
8.31,0.779,0.62,2.77,0.088,7.4,26.8,0.998839,3.14,0.6,9.688914778
7.87,0.251,0.21,12.53,0.045,58.1,155.2,0.990144,3.03,0.54,9.650824829
5.16,0.256,0.27,9.93,0.043,25.7,171.9,0.998853,3.05,0.38,10.910353959
5.26,0.249,0.31,1.33,0.038,10.7,66.4,0.99381,3.17,0.61,12.044126384
6.13,0.207,0.29,14.53,0.035,32.7,93.2,0.996494,3.29,0.5,12.379623447
6.0,0.203,0.26,4.96,0.03,31.4,92.3,0.990584,3.57,0.31,12.228531825
8.57,0.946,0.74,1.56,0.12,9.5,7.9,0.993075,3.39,0.96,8.911840096
7.02,0.284,0.32,7.33,0.056,44.1,210.4,0.992803,3.18,0.51,8.876099907
5.65,0.29,0.26,1.53,0.036,24.0,55.7,0.991455,3.41,0.57,9.456918256
6.87,0.557,0.58,1.22,0.136,4.3,102.0,0.996724,3.21,0.48,10.259295388
6.81,0.425,0.08,3.12,0.05,31.0,106.3,0.995165,3.34,1.0,10.661249325
8.94,0.86,0.41,1.51,0.096,5.2,12.7,0.999212,3.53,0.62,9.161862988
5.63,0.198,0.25,3.46,0.028,21.0,106.8,0.990089,3.38,0.47,11.516290871
5.43,0.214,0.47,7.55,0.028,15.0,90.8,0.990483,3.45,0.49,8.974702944
7.16,0.999,0.47,1.13,0.092,3.3,6.0,0.995805,3.22,0.68,9.811712041
6.24,0.175,0.45,1.02,0.048,34.2,169.2,0.99593,3.05,0.51,10.292045535
7.48,0.665,0.29,1.32,0.095,6.1,6.3,0.994918,3.41,0.91,10.641882911
6.6,0.257,0.32,1.34,0.038,14.9,172.9,0.993543,3.26,0.93,8.869504157
5.51,0.382,0.32,1.92,0.038,26.9,122.9,0.991702,3.28,0.59,12.446708187
7.98,0.774,0.01,1.52,0.076,5.8,62.8,1.001545,3.36,0.54,10.025764431
6.04,0.191,0.18,6.06,0.045,63.7,184.3,0.997611,3.05,0.39,9.085368406
7.31,0.458,0.44,1.56,0.069,16.7,24.5,0.99426,3.53,0.63,9.949946672
5.76,0.135,0.49,1.46,0.035,12.7,94.0,0.989173,3.44,0.52,12.09002117
5.65,0.356,0.39,12.81,0.044,55.0,178.1,0.998068,3.33,0.38,8.754675688
9.35,0.316,0.15,1.57,0.045,12.5,129.3,0.995969,3.09,0.5,10.292468843
7.24,0.261,0.26,1.47,0.029,19.3,146.0,0.989374,3.58,0.34,11.431665994
7.37,0.239,0.29,11.95,0.059,54.9,222.8,0.998198,3.02,0.52,9.060192749
7.2,0.244,0.54,9.12,0.054,51.5,168.2,0.996936,3.16,0.49,8.873774031
6.13,0.225,0.29,1.23,0.034,30.2,172.8,0.991301,3.09,0.46,10.253434575
6.52,0.256,0.46,1.75,0.046,26.2,44.2,0.99119,3.52,0.42,10.715473279
6.56,0.274,0.43,1.77,0.042,27.0,131.4,0.993073,3.18,0.82,10.075500196
6.76,0.299,0.35,2.33,0.027,32.8,103.6,0.989259,3.36,0.57,11.687195276
5.49,0.228,0.28,4.88,0.044,36.1,111.1,0.99201,3.3,0.47,9.375331605
5.88,0.209,0.26,15.92,0.031,53.6,147.1,0.990567,3.18,0.49,10.106223627
6.07,0.194,0.29,4.18,0.028,29.3,161.6,0.993473,3.13,0.47,11.944134559
6.2,0.19,0.17,6.44,0.048,31.9,128.5,0.992632,3.06,0.35,10.021167772
5.59,0.257,0.16,2.49,0.035,45.4,45.8,0.990593,3.28,0.31,11.296498031
5.66,0.315,0.32,2.04,0.032,56.9,87.9,0.989332,3.31,0.49,9.918397407
8.35,0.726,0.4,1.52,0.086,3.7,24.2,0.995903,3.09,0.51,10.364345452
6.24,0.201,0.35,12.7,0.05,48.8,227.8,0.997454,3.01,0.46,9.341841541
5.75,0.187,0.25,1.83,0.041,37.1,164.7,0.993947,3.09,0.47,9.394213616
8.32,0.545,0.29,2.24,0.075,7.3,12.2,0.994256,3.25,0.55,10.331596501
6.38,0.484,0.03,1.54,0.079,8.8,6.0,0.995685,3.35,0.78,11.104126714
6.8,0.222,0.65,1.45,0.051,10.8,109.8,0.988942,3.37,0.44,10.947783102
8.91,0.168,0.65,4.7,0.038,58.7,179.9,0.997501,3.3,0.64,9.281125879
5.97,0.27,0.24,4.98,0.018,36.8,106.0,0.989923,3.56,0.38,11.807928037
7.45,0.216,0.27,8.86,0.039,57.5,173.1,0.999224,3.01,0.39,9.2396363
5.11,0.14,0.5,2.27,0.032,16.9,135.1,0.989493,3.48,0.81,11.836612547
6.9,0.182,0.29,15.1,0.047,61.0,165.1,0.997752,2.98,0.47,9.576738074
8.32,0.685,0.26,1.38,0.045,16.8,116.8,0.993464,3.17,0.91,9.080423925
7.84,0.401,0.4,1.33,0.078,25.5,189.4,0.99538,3.27,0.47,9.766654132
6.44,0.34,0.29,2.47,0.051,11.6,81.7,0.99214,3.23,0.88,11.257785482
7.7,0.73,0.04,2.23,0.056,7.6,193.8,0.998529,3.14,0.59,11.00782085
7.19,0.343,0.11,1.77,0.076,34.0,206.9,0.990503,3.13,0.7,12.280677914
5.8,0.376,0.34,1.97,0.028,28.2,87.8,0.99069,3.52,0.52,12.022357069
5.85,0.231,0.29,6.22,0.023,28.5,108.7,0.993241,3.56,0.55,9.09916736
6.69,0.181,0.44,2.65,0.033,38.7,85.6,0.988685,3.56,0.8,12.595093211
7.21,0.569,0.11,1.44,0.062,20.1,22.2,0.996218,3.22,0.85,11.223139558
6.46,0.23,0.27,6.61,0.052,39.9,153.7,0.998605,2.95,0.41,9.038861802
6.22,0.356,0.43,5.01,0.025,18.6,73.3,0.990119,3.29,0.42,12.827835381
6.07,0.226,0.17,1.96,0.047,41.2,133.7,0.991452,3.5,0.55,12.613310054
6.63,0.343,0.26,4.47,0.027,14.7,86.1,0.990056,3.18,0.39,11.766317974
6.8,0.268,0.27,2.34,0.035,23.2,115.8,0.990623,3.63,0.52,11.625635385
6.09,0.428,0.46,1.49,0.021,10.2,125.7,0.99028,3.43,0.52,11.929031552
7.43,0.858,0.05,0.92,0.09,4.7,21.3,0.997209,3.4,0.47,10.012521563
5.97,0.387,0.24,4.15,0.031,48.8,139.3,0.995174,3.13,0.48,10.382925794
6.45,0.38,0.29,1.99,0.029,30.0,96.7,0.989793,3.05,0.5,11.947940225
6.61,0.222,0.32,2.85,0.021,26.8,122.8,0.990394,3.62,0.6,12.391965448
6.85,0.165,0.23,9.35,0.051,35.9,171.9,0.995614,3.18,0.35,9.101432932
6.8,0.206,0.25,13.18,0.036,13.3,102.3,0.995018,3.31,0.47,10.827279843
6.68,0.319,0.23,1.52,0.033,48.4,130.3,0.990482,3.54,0.54,12.906591529
7.24,0.287,0.21,13.26,0.049,60.9,170.6,0.997817,3.1,0.42,8.769633568
6.77,0.179,0.22,9.01,0.055,56.8,188.6,0.996017,2.94,0.44,8.517095424
5.81,0.242,0.26,13.3,0.036,51.2,150.5,0.99588,2.97,0.47,9.063995201
6.68,0.351,0.37,9.14,0.046,25.4,181.5,0.996272,3.08,0.47,9.635120376
8.17,0.312,0.22,14.68,0.054,60.9,223.0,0.99704,2.91,0.53,9.349974243
8.66,1.005,0.01,2.17,0.09,5.2,11.7,0.995098,3.45,0.66,10.054070606
6.04,0.589,0.42,1.8,0.039,13.2,66.0,0.990167,3.38,0.46,12.693609961
8.43,0.265,0.17,1.29,0.169,5.0,62.7,0.999741,3.17,0.67,10.12525541
6.35,0.174,0.32,1.28,0.027,37.4,60.9,0.991318,3.29,0.51,12.890421607
8.14,0.791,0.13,1.82,0.08,6.8,7.8,0.996475,3.2,0.78,10.266166904
7.33,0.432,0.51,1.38,0.059,38.5,172.9,0.993522,3.6,0.4,9.353420675
5.87,0.632,0.13,0.96,0.08,4.4,16.8,0.996714,3.39,0.45,9.324257374
6.91,0.606,0.47,1.59,0.035,13.1,119.6,0.991476,3.24,0.4,10.310173834
6.76,0.129,0.28,7.02,0.035,14.6,116.8,0.989857,3.4,0.54,13.057290704
6.49,0.389,0.29,4.4,0.027,40.1,109.4,0.990269,3.31,0.38,12.233975628
7.27,0.32,0.29,5.21,0.045,13.3,210.2,0.991936,3.27,0.47,10.694177174
6.87,0.172,0.18,1.63,0.028,27.9,106.4,0.990537,3.5,0.44,12.336476098
7.17,0.938,0.0,1.92,0.075,4.3,8.0,0.998208,3.35,0.49,9.307107848
9.33,0.769,0.64,0.99,0.119,16.4,47.4,0.997067,2.98,0.49,11.24835025
7.5,0.601,0.58,1.64,0.112,8.3,90.9,0.99495,3.58,0.53,9.64925263
5.91,0.226,0.53,15.08,0.049,22.0,166.2,0.996665,3.1,0.53,9.701328602
5.95,0.261,0.26,2.35,0.035,33.8,111.4,0.993576,3.23,0.78,10.440640485
5.52,0.278,0.26,3.41,0.033,90.1,81.6,0.991065,3.12,0.43,9.2350432
6.36,0.726,0.0,2.17,0.038,8.5,53.8,0.99824,3.44,0.36,11.162915919
6.6,0.343,0.13,1.01,0.181,27.2,112.2,0.997396,3.03,0.49,11.069635513
7.3,0.67,0.71,1.65,0.075,11.7,16.5,0.994556,3.3,0.45,10.0454096
6.34,0.268,0.49,1.78,0.039,30.3,102.2,0.989499,2.99,0.49,10.905254787
8.47,0.335,0.25,7.45,0.036,27.9,131.1,0.997354,3.28,0.57,10.105243705
5.84,0.256,0.49,1.67,0.033,33.1,96.9,0.990316,3.49,0.31,11.96514562
6.92,0.2,0.33,1.16,0.053,47.7,149.0,0.998539,3.03,0.64,10.104021108
6.3,0.368,0.27,5.86,0.051,29.3,142.5,0.991997,3.16,0.41,11.188158691
6.42,0.152,0.33,1.75,0.043,37.4,150.1,0.995591,2.97,0.52,10.276137008
6.7,0.371,0.28,8.65,0.028,38.9,78.9,0.990617,3.41,0.49,11.750844649
6.24,0.389,0.26,3.68,0.036,18.9,102.6,0.989863,3.15,0.43,11.642159839
8.65,0.226,0.28,2.23,0.055,49.9,237.5,0.996768,3.17,0.6,8.7749984
8.81,0.75,0.6,1.3,0.048,17.9,27.1,0.996346,3.26,0.37,9.522993499
5.76,0.306,0.24,2.06,0.024,37.4,93.1,0.989808,3.15,0.56,12.141910614
6.69,0.185,0.37,2.09,0.035,43.2,74.6,0.99254,3.24,0.43,11.778581419
8.35,0.506,0.52,2.19,0.062,3.8,59.2,0.996281,3.38,0.58,10.580733177
7.95,0.389,0.27,10.16,0.045,26.2,199.0,0.998165,3.11,0.92,9.194376025
5.79,0.292,0.29,2.06,0.044,37.0,89.6,0.993459,3.32,0.69,12.322503944
9.19,0.704,0.2,7.44,0.087,5.2,29.0,0.997668,3.33,0.74,9.58938542
7.49,1.145,0.12,1.43,0.081,11.8,53.8,0.996395,3.29,0.52,10.46194663
9.32,0.221,0.24,12.07,0.034,30.0,137.5,0.99648,3.0,0.54,9.059843613
5.99,0.273,0.33,1.15,0.045,52.3,143.3,0.994082,3.22,0.61,10.485372097
7.91,0.265,0.25,15.66,0.051,30.7,197.6,0.997883,3.09,0.58,10.301533972
8.69,0.568,0.1,2.4,0.103,9.6,15.6,0.998559,3.43,0.61,10.51218409
6.09,0.181,0.3,4.84,0.018,30.0,103.9,0.99082,3.43,0.51,11.801850834
7.96,0.687,0.08,2.28,0.098,12.9,11.7,0.995088,3.47,0.6,10.717699919
9.42,0.559,0.46,1.54,0.166,8.4,11.9,0.99375,3.31,0.59,9.551863727
6.62,0.337,0.3,1.77,0.038,25.1,162.9,0.992367,3.25,0.5,9.803192274
6.18,0.232,0.28,11.4,0.036,17.8,163.3,0.990219,3.34,0.58,12.008053974
7.53,0.199,0.27,12.64,0.055,53.4,155.4,0.995416,3.17,0.47,9.277311251
7.34,0.874,0.05,1.16,0.074,5.5,8.6,0.999888,3.41,0.54,10.519353657
6.47,0.586,0.08,2.39,0.088,14.3,39.0,0.994726,3.1,0.61,10.848150758
9.01,0.554,0.89,3.38,0.099,8.3,152.8,0.99894,3.21,0.49,10.020119336
6.7,0.309,0.29,1.27,0.048,25.7,81.0,0.993616,3.49,0.76,12.355824728
6.94,0.303,0.19,14.27,0.038,49.7,233.5,0.99641,3.19,0.41,9.086120696
9.22,0.234,0.29,1.03,0.04,13.4,196.7,0.996424,3.33,0.66,12.101646232
7.14,0.895,0.09,1.91,0.092,4.7,16.8,0.996909,3.02,0.51,9.258768512
6.16,0.37,0.29,8.89,0.042,50.4,172.1,0.994745,2.88,0.45,10.545696035
6.82,0.413,0.2,1.11,0.039,47.2,161.2,0.991711,3.23,0.46,10.852773805
6.81,0.148,0.34,10.73,0.047,43.2,180.4,0.99438,2.99,0.42,9.095300307
6.09,0.114,0.44,1.21,0.048,37.8,69.2,0.991975,3.41,0.62,12.67172774
5.77,0.342,0.26,4.76,0.029,20.7,192.4,0.9914,3.39,0.54,11.810210406
5.59,0.147,0.15,2.43,0.027,11.4,45.3,0.991034,3.52,0.4,11.111663783
8.9,0.252,0.35,1.44,0.031,40.7,172.2,0.993307,3.13,0.49,10.22381818
6.43,0.195,0.31,1.23,0.046,17.2,115.7,0.995074,3.1,0.54,10.384005064
8.45,0.568,0.34,1.32,0.094,7.0,28.1,0.993328,3.52,0.61,10.655253767
8.33,0.62,0.14,1.84,0.081,5.8,13.6,0.99456,3.2,0.56,9.646073978
6.16,0.641,0.32,5.38,0.048,28.4,77.0,0.996022,3.2,0.51,10.412090614
9.92,0.912,0.0,2.33,0.089,6.7,24.6,0.999483,3.31,0.44,10.597973244
6.81,0.225,0.26,12.31,0.058,43.5,198.3,0.999781,3.06,0.51,8.862605275
7.48,0.272,0.29,1.35,0.038,29.4,119.5,0.997161,3.16,0.45,9.026568162
10.31,0.602,0.49,2.59,0.082,26.5,60.5,0.996924,3.0,0.87,11.236818419
7.62,0.18,0.27,13.54,0.051,39.9,188.0,0.997316,2.88,0.47,9.346225483
8.47,0.226,0.51,8.29,0.055,54.4,221.0,0.998142,3.17,0.48,8.930718159
8.18,0.419,0.39,1.03,0.058,42.0,98.2,0.996095,3.32,0.44,10.200304257
6.23,0.409,0.29,0.94,0.023,23.2,75.9,0.989978,3.28,0.33,11.167048303
6.33,0.19,0.47,1.86,0.032,15.0,70.2,0.989955,3.25,0.88,11.899480462
7.17,0.275,0.29,11.14,0.046,57.7,124.9,0.99563,3.0,0.46,11.1314835
7.55,0.56,0.11,1.16,0.199,6.7,9.6,0.997584,3.53,0.5,10.493470727
9.96,0.276,0.4,14.69,0.048,47.6,171.5,0.996302,3.14,0.6,8.790148024
7.53,0.577,0.5,2.14,0.32,6.1,27.2,1.000495,3.25,0.59,8.959948405
7.11,0.394,0.23,11.31,0.047,31.6,204.9,0.998494,3.36,0.45,9.441572174
5.74,0.381,0.45,1.99,0.05,40.5,96.4,0.997737,3.22,0.54,12.147895329
6.01,0.2,0.27,9.15,0.054,65.3,172.6,0.995576,3.15,0.47,8.985760668
7.36,0.273,0.34,1.15,0.053,28.3,139.7,0.994938,3.18,0.53,9.105984138
6.83,0.249,0.31,1.4,0.052,39.9,183.5,0.993496,2.93,0.45,9.236858329
7.2,0.512,0.66,3.66,0.101,9.3,33.7,0.994969,3.35,0.62,11.268840698
6.15,0.144,0.31,1.52,0.041,42.2,70.0,0.991457,3.34,0.39,10.545438217
6.04,0.391,0.31,12.78,0.046,20.2,104.2,0.990567,3.3,0.68,12.158328897
5.28,0.224,0.31,1.61,0.039,37.3,90.4,0.991367,3.51,0.39,12.869583249
6.36,0.411,0.2,1.68,0.032,44.6,114.2,0.9931,3.44,0.43,9.768293398
7.84,0.32,0.35,13.18,0.06,48.8,234.0,0.997983,3.18,0.51,9.332933788
6.43,0.189,0.24,1.67,0.035,12.9,120.2,0.992884,3.43,0.87,12.295139667
7.09,0.315,0.26,4.13,0.025,8.1,120.3,0.989391,3.54,0.49,11.25514002
7.44,0.305,0.28,1.69,0.053,62.9,155.3,0.991634,3.61,0.53,10.82396498
12.74,0.186,0.24,2.1,0.023,7.8,141.4,0.992502,3.46,0.48,11.442693585
5.6,0.247,0.31,9.57,0.039,64.9,141.0,0.997121,2.97,0.53,8.931958942
8.48,1.074,0.11,2.32,0.082,37.7,55.5,0.995007,3.19,0.77,10.867498876
7.33,0.23,0.24,8.82,0.047,43.6,126.8,0.995753,3.06,0.4,10.836547305
6.4,0.385,0.22,2.27,0.036,18.6,124.9,0.993241,3.36,0.49,11.595057729
7.46,0.236,0.34,4.1,0.018,34.0,139.7,0.991282,3.58,0.39,11.945424865
5.9,0.402,0.31,5.87,0.049,47.6,156.4,0.993563,3.13,0.65,10.225602201
6.24,0.314,0.57,1.63,0.055,35.2,168.2,0.996032,3.27,0.55,9.026781999
7.25,0.336,0.31,1.1,0.05,19.0,180.0,0.995201,3.23,0.5,10.025450416
5.68,0.237,0.3,13.49,0.067,29.8,202.6,0.998208,3.12,0.58,8.912545289
5.62,0.426,0.43,2.13,0.017,42.3,105.6,0.991517,3.39,0.42,11.899903978
9.24,0.861,0.46,1.65,0.078,22.8,41.3,0.99441,2.97,0.44,10.637425981
7.68,0.816,0.05,2.58,0.261,12.9,28.3,0.996376,3.25,0.56,11.092157243
6.55,0.281,0.25,2.69,0.037,25.7,93.0,0.991533,3.19,0.46,10.255534588
6.32,0.337,0.39,2.94,0.036,27.9,64.1,0.992468,3.21,0.59,12.030858909
7.24,0.276,0.28,10.99,0.054,39.8,198.0,0.9982,3.11,0.5,8.768932584
8.55,0.769,0.12,2.19,0.081,2.9,15.8,0.996794,3.58,0.95,10.761667754
6.0,0.369,0.19,2.22,0.035,7.6,108.7,0.992187,3.43,0.56,9.740482033
7.54,0.169,0.27,13.29,0.04,53.4,178.6,0.99823,3.24,0.43,9.553456309
5.76,0.296,0.28,8.09,0.051,46.0,105.3,0.996049,3.4,0.53,10.462828146
5.75,0.473,0.0,0.98,0.087,4.3,17.3,0.999378,3.32,0.55,9.984867236
7.23,0.345,0.05,2.65,0.089,11.8,36.8,0.995192,3.44,0.66,9.215972787
6.17,0.306,0.7,10.72,0.052,39.9,194.1,0.997992,3.09,0.5,8.794684517
5.45,0.235,0.22,9.86,0.054,50.7,233.9,1.001518,3.23,0.52,9.065879198
8.06,0.217,0.29,10.85,0.045,63.7,205.5,0.996154,3.13,0.51,9.048972196
8.34,0.829,0.39,1.49,0.099,6.9,18.9,0.998051,3.52,0.9,11.597624186
5.94,0.217,0.23,2.13,0.028,17.9,120.7,0.990764,3.19,0.52,11.498612871
5.85,0.171,0.29,1.37,0.045,41.5,167.5,0.990682,3.5,0.59,10.540394996
7.1,0.175,0.34,2.25,0.042,44.7,165.2,0.992378,3.16,0.31,12.730208941
7.62,0.273,0.38,4.01,0.032,49.0,88.4,0.992245,3.13,0.49,10.250431264
7.34,0.35,0.21,10.12,0.045,21.2,166.6,0.997028,3.19,0.36,9.534788205
6.84,0.302,0.21,13.69,0.057,44.9,187.9,0.996943,2.81,0.59,8.605845816
6.64,0.265,0.62,18.19,0.131,44.5,149.5,0.99555,3.09,0.58,8.936279962
7.46,0.194,0.3,12.49,0.05,35.9,126.6,0.993147,3.24,0.52,10.766156618
6.91,0.608,0.54,1.51,0.088,25.6,18.2,0.994993,3.49,0.68,10.828981354
5.88,0.261,0.37,2.35,0.056,38.3,135.3,0.996336,3.49,0.41,10.564535514
6.13,0.15,0.22,12.6,0.034,20.1,86.3,0.992326,3.28,0.44,11.88926196
5.95,0.415,0.33,1.66,0.048,61.3,128.2,0.992132,3.43,0.69,10.909315203
6.83,0.187,0.69,2.8,0.031,18.2,72.0,0.99015,3.38,0.55,13.482638113
6.05,0.302,0.26,10.94,0.041,34.6,139.4,0.993226,3.12,0.48,10.391452472
6.09,0.246,0.44,1.17,0.105,14.4,124.9,0.998657,3.09,0.46,9.047158083
7.75,0.542,0.63,1.81,0.086,19.5,22.1,0.995403,3.37,0.78,10.770088891
7.07,0.331,0.33,2.43,0.213,28.8,84.0,0.993217,3.08,0.75,10.911252391
5.87,0.285,0.2,14.86,0.053,65.9,222.6,0.998957,3.16,0.5,9.167451258
5.82,0.369,0.31,2.43,0.023,25.1,92.7,0.993079,3.1,0.87,11.476409265
8.67,0.311,0.49,1.91,0.046,21.9,112.2,0.992089,3.34,0.43,12.742486224
5.72,0.192,0.32,3.95,0.029,31.2,20.0,0.99171,3.15,0.36,11.947926542
8.53,0.282,0.27,3.98,0.038,23.7,171.1,0.995333,3.39,0.51,10.693889126
6.29,0.243,0.21,2.5,0.017,51.6,90.0,0.994513,3.44,0.51,12.343090023
5.49,0.349,0.49,1.07,0.035,34.0,118.2,0.992185,3.31,0.69,11.55693975
5.79,0.401,0.37,4.07,0.031,35.4,112.0,0.989929,3.09,0.32,11.982269844
7.72,0.625,0.17,3.06,0.087,19.1,22.4,0.997156,3.37,0.5,9.251442365
7.22,0.222,0.28,11.7,0.046,32.7,148.2,0.995371,3.06,0.64,9.858044066
5.75,0.169,0.47,1.2,0.043,33.8,124.6,0.989746,3.49,0.47,11.705640853
5.95,0.183,0.21,9.28,0.055,50.8,198.1,0.996538,3.12,0.41,8.911370608
5.81,0.156,0.3,2.51,0.025,28.8,103.2,0.990744,3.07,0.53,11.893238153
6.5,0.212,0.48,10.97,0.05,40.6,124.7,0.996925,3.26,0.43,9.753670309
6.32,0.301,0.22,7.61,0.024,17.4,82.5,0.992168,3.28,0.54,11.658240944
6.46,0.18,0.47,1.57,0.037,35.4,198.7,0.99586,3.39,0.48,9.757239507
5.8,0.293,0.47,1.22,0.025,30.5,96.2,0.990544,3.79,0.42,11.81062845
6.23,0.314,0.31,2.31,0.031,50.2,89.6,0.991427,3.49,0.42,12.514259011
7.33,0.246,0.27,11.19,0.048,58.4,169.8,0.996229,3.24,0.44,8.834090568
6.72,0.629,0.14,3.48,0.179,4.3,14.6,0.996178,3.27,0.61,10.136979274
7.45,0.748,0.08,1.1,0.087,3.5,21.2,0.996402,3.67,0.88,10.753558452
8.31,0.407,0.27,14.57,0.054,65.9,200.4,0.995899,3.14,0.41,9.277281372
10.97,0.22,0.5,5.95,0.049,26.6,127.7,0.9927,3.29,0.5,12.170787289
9.63,0.652,0.12,1.62,0.081,4.3,6.0,0.994385,3.01,0.51,10.737651817
6.7,0.567,0.6,1.38,0.054,4.0,149.9,0.998088,3.02,0.58,9.934265647
8.43,0.802,0.34,1.8,0.048,16.2,22.7,0.995472,3.02,0.86,10.801052536
6.46,0.163,0.3,10.67,0.069,35.8,239.2,0.997759,3.04,0.54,10.036132214
9.55,0.684,0.1,2.61,0.093,3.4,8.7,0.996008,3.35,1.01,9.734857376
6.35,0.59,0.36,1.37,0.043,14.5,189.2,0.992751,3.27,0.44,12.270156621
5.77,0.245,0.28,10.76,0.036,12.5,161.3,0.993499,3.18,0.41,10.369653056
6.04,0.204,0.51,2.02,0.043,30.8,104.3,0.994428,3.15,0.5,10.27069181
7.55,0.177,0.32,2.07,0.036,40.6,149.6,0.995327,3.08,0.49,13.080283917
8.16,0.426,0.31,2.24,0.054,28.0,158.0,0.995425,3.39,0.46,10.821876941
5.79,0.286,0.27,11.96,0.046,59.3,203.2,0.996833,3.02,0.5,8.841914123
9.59,1.147,0.3,2.28,0.102,13.6,108.1,0.993311,3.42,0.85,10.280516114
7.17,0.277,0.5,7.74,0.075,15.0,86.2,0.992107,3.48,0.65,9.09007554
7.77,0.877,0.1,1.27,0.078,12.1,21.1,0.99601,3.55,0.39,9.800267478
5.95,0.347,0.42,1.43,0.019,37.8,124.7,0.990607,3.38,1.0,11.772364901
9.36,0.214,0.35,5.66,0.033,4.9,118.6,0.996052,3.24,0.52,9.557872556
6.87,0.218,0.33,10.97,0.046,45.4,152.4,0.995906,3.31,0.44,9.240273328
6.11,0.231,0.49,10.9,0.064,35.7,186.0,0.992577,2.96,0.41,8.716228606
6.07,0.42,0.26,0.93,0.032,15.4,120.4,0.996135,3.35,0.52,10.518779668
5.78,0.322,0.45,2.25,0.024,24.9,135.0,0.989904,3.57,0.61,11.850320619
6.12,0.208,0.2,8.88,0.096,36.6,180.2,0.996077,3.29,0.41,8.649440482
8.3,0.232,0.35,9.49,0.052,37.6,146.4,0.999318,3.42,0.53,11.381613827
5.81,0.178,0.3,2.24,0.037,14.8,74.4,0.990208,3.13,0.51,13.086197231
6.97,0.62,0.14,1.28,0.098,5.0,17.7,0.994116,3.51,0.71,9.405621653
6.86,0.329,0.23,6.16,0.032,27.5,131.8,0.992707,3.19,0.54,11.957136873
7.46,0.499,0.37,1.93,0.092,10.2,57.5,0.997477,3.43,0.53,10.237970474
7.92,0.946,0.1,1.89,0.085,6.4,64.0,0.99628,3.46,0.52,10.938472285
7.75,0.883,0.12,1.23,0.078,10.6,51.7,0.997679,3.38,0.53,9.396146571
7.09,0.391,0.16,1.74,0.023,24.0,136.3,0.989413,3.4,0.53,12.3699904
6.52,0.188,0.19,9.0,0.058,38.1,181.3,0.997695,3.1,0.58,9.137508043
5.79,0.282,0.35,2.54,0.028,45.4,105.7,0.990049,3.38,0.36,12.626774295
8.16,0.23,0.31,14.5,0.062,39.1,206.1,0.997818,3.01,0.51,9.102362304
7.66,0.157,0.55,10.54,0.056,53.6,185.6,0.994963,3.14,0.46,9.669778149
5.61,0.162,0.26,4.41,0.023,26.7,99.8,0.990723,3.0,0.31,11.286737652
6.7,0.484,0.39,11.57,0.045,31.8,44.6,1.000027,3.0,0.54,9.114122032
7.2,0.186,0.27,2.31,0.042,18.8,97.9,0.99074,3.05,0.57,11.46353464
10.42,0.824,0.52,1.21,0.079,5.7,9.2,0.996873,3.34,0.82,11.195992044
5.94,0.218,0.31,6.75,0.049,32.2,77.6,0.99173,3.42,0.31,11.448744584
7.13,0.969,0.12,2.09,0.077,3.4,10.8,0.999191,3.39,0.45,10.193735942
9.98,0.647,0.32,2.43,0.045,18.0,70.3,0.996052,3.47,0.58,11.31014308
6.86,0.191,0.3,1.61,0.04,23.0,115.6,0.99186,3.14,0.71,10.423483249
6.61,0.38,0.21,2.1,0.042,21.4,100.7,0.995706,3.32,0.52,11.848190012
7.1,0.99,0.01,1.48,0.069,7.7,16.7,0.998966,3.45,0.53,9.827993736
6.57,0.205,0.33,5.6,0.034,18.3,113.2,0.992438,3.19,0.46,11.303868374
5.36,0.129,0.49,4.51,0.039,35.7,84.9,0.995984,3.08,0.47,11.622422965
5.92,0.398,0.32,1.56,0.028,35.1,111.3,0.993413,3.48,0.45,9.880242936
7.01,0.912,0.06,1.39,0.079,8.5,30.6,0.99841,3.45,0.95,10.017972124
5.98,0.164,0.19,10.92,0.049,16.9,158.7,0.993061,3.18,0.45,10.012091881
5.69,0.248,0.37,6.13,0.05,17.8,191.8,0.991241,3.42,0.53,10.786117929
5.44,0.194,0.16,2.04,0.031,34.1,84.1,0.990808,3.49,0.43,11.835725279
5.84,0.21,0.3,1.68,0.041,31.1,153.6,0.991502,3.23,0.56,11.847204378
8.41,1.004,0.0,1.38,0.079,9.1,34.9,0.998163,3.36,0.48,10.954550209
6.65,0.305,0.5,5.47,0.081,6.5,146.0,0.995511,3.52,0.51,8.770417481
6.05,0.223,0.35,4.53,0.09,16.1,145.7,0.990673,3.22,0.31,12.371848165
7.23,0.686,0.02,1.93,0.095,4.5,33.5,0.99624,3.53,0.68,10.733938439
6.09,0.382,0.23,5.17,0.022,22.0,115.1,0.990265,3.05,0.47,11.560277842
7.4,0.199,0.53,1.68,0.173,39.4,146.1,0.998156,2.99,0.75,8.768571614
10.45,0.554,0.03,1.17,0.101,3.3,9.8,0.997397,3.58,0.67,10.731146331
5.96,0.279,0.28,12.1,0.04,37.0,158.1,0.991744,3.05,0.31,11.421697862
7.2,0.245,0.4,10.88,0.053,23.3,94.4,0.995958,3.08,0.47,10.779243972
8.24,0.305,0.08,2.38,0.078,20.4,77.0,0.994601,3.35,0.75,9.576739327
6.66,0.304,0.46,2.55,0.021,14.8,132.5,0.991855,3.58,0.57,11.709613593
8.88,0.69,0.0,2.76,0.096,6.9,23.6,0.995674,3.36,0.78,9.952457332
5.95,0.298,0.33,2.0,0.02,23.5,95.4,0.99019,3.22,0.37,11.383948881
6.29,0.246,0.38,1.66,0.072,34.6,43.5,0.99451,3.33,0.53,10.442485267
5.92,0.27,0.09,7.24,0.054,21.3,151.8,0.997943,3.14,0.63,10.878930734
5.72,0.15,0.33,12.72,0.053,39.0,191.0,0.991484,3.12,0.58,10.917870941
6.72,0.166,0.22,4.5,0.021,10.7,108.1,0.992029,3.5,0.46,11.217455794
5.83,0.22,0.31,13.03,0.04,17.0,87.0,0.991427,3.2,0.51,9.540481924
6.65,0.309,0.3,5.95,0.038,56.4,164.7,0.993177,3.19,0.91,8.614256191
8.91,0.502,0.42,3.7,0.036,8.2,153.2,0.991972,3.4,0.51,10.740825544
6.23,0.429,0.28,7.85,0.036,13.2,79.2,0.994849,3.27,0.42,12.39914054
7.21,0.175,0.3,4.61,0.037,35.2,153.3,0.993572,3.5,0.48,9.91902747
7.64,0.519,0.49,4.2,0.051,15.4,114.5,0.996302,3.38,0.31,8.836848817
5.46,0.277,0.32,4.53,0.042,21.9,26.8,0.99046,3.51,0.61,11.293014823
6.51,0.297,0.36,16.88,0.046,54.2,104.8,0.99877,3.22,0.54,9.272357685
6.55,0.464,0.41,7.15,0.129,9.1,102.4,0.995211,3.44,0.55,10.220055042
6.04,0.218,0.2,1.79,0.053,22.9,193.9,0.989315,3.33,0.53,10.685454545
7.95,0.19,0.33,4.11,0.045,23.1,79.5,1.00024,3.23,0.41,9.757957759
5.86,0.39,0.32,0.98,0.036,21.5,67.3,0.992933,3.24,0.58,10.42995051
6.06,0.477,0.33,6.98,0.049,25.2,31.2,0.996273,3.0,0.63,9.939534169
7.48,0.964,0.33,5.39,0.082,7.1,79.4,0.997985,3.23,0.94,10.301244061
7.2,0.181,0.61,10.12,0.054,38.1,156.9,0.997665,2.97,0.39,8.812384135
7.71,0.661,0.32,4.11,0.046,38.5,229.2,0.998948,3.33,0.53,9.254612143
7.46,0.864,0.45,2.32,0.245,7.4,17.3,0.995796,3.23,0.53,8.976830098
6.52,0.236,0.23,4.17,0.021,45.1,131.7,0.990807,3.31,0.57,11.70071014
10.07,1.112,0.12,2.17,0.081,3.9,24.9,0.998649,3.5,1.1,10.93315982
5.52,0.251,0.28,1.31,0.033,39.7,108.5,0.990084,3.49,0.56,11.016492004
4.7,0.23,0.3,1.51,0.026,22.2,113.9,0.993265,3.29,0.8,12.332862337
7.4,0.196,0.3,11.71,0.049,25.6,192.9,0.992495,3.07,0.43,8.597766429
8.18,0.488,0.08,2.29,0.082,6.2,17.4,0.998718,3.42,0.55,10.631032691
6.03,0.426,0.26,4.62,0.036,47.7,167.0,0.995055,3.42,0.51,11.017986163
4.71,0.163,0.25,4.13,0.028,30.0,98.0,0.989029,3.15,0.56,11.791778906
7.04,0.305,0.26,3.65,0.049,5.6,217.6,0.995831,3.24,0.53,8.783136245
6.51,0.261,0.26,11.46,0.052,42.3,188.3,0.997971,3.12,0.44,9.099555692
7.77,0.542,0.14,2.76,0.101,36.3,27.5,0.998557,3.41,0.91,10.378788528
5.77,0.222,0.23,3.06,0.033,44.7,194.0,0.994332,3.07,0.32,8.725588696
6.29,0.333,0.31,2.34,0.041,43.0,103.4,0.990323,3.09,0.43,12.323397789
6.76,0.228,0.24,4.6,0.027,36.9,97.1,0.9919,3.02,0.66,12.275777519
6.27,0.283,0.34,2.81,0.024,25.1,115.6,0.989725,3.39,0.5,11.788015582
6.63,0.26,0.28,13.63,0.046,46.9,196.2,0.997169,3.09,0.74,8.55910428
6.84,0.184,0.27,12.27,0.04,61.9,209.7,0.9965,3.11,0.37,8.624536156
6.49,0.222,0.41,8.99,0.052,53.3,164.4,0.99419,3.22,0.42,9.250539005
8.25,0.311,0.3,1.73,0.051,35.1,110.9,0.991887,3.42,0.61,10.626386907
7.2,0.192,0.27,11.23,0.053,25.9,146.9,0.997151,3.36,0.66,8.615600722
6.02,0.27,0.2,12.13,0.053,23.6,161.6,0.992865,3.33,0.41,12.074891633
6.38,0.237,0.7,1.49,0.065,43.3,93.9,0.994418,3.41,0.7,11.176722979
6.15,0.581,0.31,6.11,0.035,31.7,18.8,0.993206,3.29,0.76,11.003861751
5.8,0.312,0.28,5.53,0.072,13.5,91.0,0.996019,3.27,0.36,9.973585561
11.39,0.617,0.15,1.28,0.115,10.4,27.7,0.996482,3.34,0.62,10.325980243
6.14,0.323,0.34,3.6,0.032,12.1,77.2,0.989466,3.24,0.43,11.066087452
10.42,0.834,0.06,16.73,0.088,3.6,39.8,0.997333,3.42,0.96,8.811594773
6.72,0.288,0.48,1.74,0.041,23.5,114.1,0.992239,3.25,0.55,9.681473348
6.1,0.17,0.31,1.64,0.042,33.9,134.2,0.995502,2.95,0.55,9.888563278
6.31,0.201,0.32,1.9,0.022,23.2,116.8,0.990972,3.36,0.58,10.93441015
6.13,0.175,0.31,6.7,0.047,15.6,98.3,0.992312,3.24,0.51,10.692648863
5.9,0.29,0.27,5.13,0.05,44.8,118.3,0.99424,3.16,0.57,12.169231535
6.88,0.268,0.22,11.09,0.04,43.2,90.3,0.995324,3.0,0.45,8.872321387
7.19,0.428,0.26,1.32,0.059,19.6,189.3,0.997377,3.14,0.48,9.012743296
6.46,0.38,0.3,4.83,0.045,29.5,83.4,0.991882,3.26,0.67,9.242261969
7.44,0.7,0.25,0.97,0.094,7.8,70.5,0.996271,3.23,0.62,10.399246311
6.57,0.195,0.22,1.99,0.033,18.6,89.9,0.991073,3.5,0.38,12.011807508
6.25,0.226,0.15,2.62,0.039,46.3,89.1,0.989922,3.34,0.43,11.902326685
6.0,0.351,0.31,1.0,0.032,14.7,87.1,0.989677,3.43,0.49,11.848458674
8.53,0.767,0.16,1.3,0.071,19.8,57.1,0.995272,3.32,0.44,9.963538579
6.17,0.229,0.43,2.1,0.054,32.7,54.1,0.992143,3.36,0.7,10.270455347
7.35,0.349,0.34,2.0,0.044,24.5,150.0,0.991044,3.1,0.61,8.848654688
8.86,0.768,0.57,1.98,0.086,3.5,16.7,0.996278,3.65,0.83,10.327024105
6.47,0.298,0.48,1.52,0.076,29.0,6.0,0.994232,3.44,0.65,11.806417344
6.86,0.183,0.28,2.38,0.037,26.0,115.1,0.989314,3.23,0.52,12.442726902
6.99,0.634,0.55,1.68,0.045,4.2,21.7,0.998089,3.46,0.72,10.015420368
6.47,0.144,0.35,3.55,0.045,17.3,107.3,0.994867,3.31,0.84,9.375634515
6.27,0.197,0.44,2.19,0.017,40.5,114.4,0.991866,3.26,0.49,11.955003957
6.77,0.199,0.17,2.71,0.107,5.9,25.6,0.995904,3.19,0.5,10.603086612
7.26,0.146,0.22,9.82,0.046,57.8,183.7,1.00093,3.12,0.53,9.292415319
6.67,0.248,0.26,2.84,0.03,44.1,118.5,0.98911,3.31,0.61,12.933246476
5.89,0.261,0.3,2.71,0.038,43.7,41.2,0.99125,3.29,0.54,12.224704083
7.61,0.263,0.21,9.55,0.058,46.4,203.5,0.998284,3.29,0.55,8.774410285
5.87,0.199,0.27,4.31,0.042,30.6,78.3,0.992126,3.39,0.6,12.102802499
7.56,0.24,0.39,1.58,0.074,16.7,199.1,0.993384,3.25,0.46,9.836502739
5.86,0.248,0.24,13.67,0.035,48.9,117.5,0.990718,3.26,0.65,11.599224722
5.27,0.17,0.33,2.13,0.022,26.4,115.1,0.99121,3.27,0.54,11.36820681
6.35,0.279,0.27,8.56,0.037,60.6,194.1,0.998499,3.16,0.37,8.970807377
7.53,0.601,0.16,1.32,0.09,8.5,15.4,0.996253,3.51,1.04,10.479345153
6.97,0.404,0.23,8.61,0.049,50.0,200.4,0.99912,3.13,0.57,9.690650833
6.81,0.199,0.28,2.22,0.037,29.7,62.4,0.98891,3.39,0.54,12.278580436
6.74,0.18,0.33,11.61,0.059,55.3,164.9,0.998349,3.26,0.44,11.067961907
8.5,0.693,0.05,1.85,0.074,3.7,7.8,0.994429,3.42,0.77,10.710304988
10.66,0.227,0.65,1.02,0.044,20.7,105.9,0.99567,3.55,0.42,8.936522118
6.5,0.204,0.28,1.73,0.045,42.7,102.4,0.991582,3.24,0.51,9.829492325
5.77,0.425,0.28,1.11,0.023,35.0,87.3,0.990996,3.44,0.63,11.621022117
6.44,0.191,0.34,1.59,0.052,33.0,140.8,0.992928,3.04,0.41,11.68778438
6.41,0.157,0.31,1.38,0.019,44.4,95.8,0.993032,3.33,0.49,10.249859149
5.0,0.203,0.2,3.03,0.029,34.9,112.3,0.992278,3.54,0.37,12.338272423
7.78,0.901,0.47,1.51,0.094,6.5,12.1,0.995529,3.54,1.04,10.631770508
7.22,0.242,0.23,6.51,0.051,47.1,134.8,0.997066,3.31,0.44,9.113148609
7.68,0.22,0.35,2.18,0.036,23.7,126.9,0.990085,3.1,0.49,11.347473956
6.02,0.13,0.29,5.96,0.037,11.8,75.8,0.993171,3.56,0.84,10.96579519
6.02,0.374,0.32,4.02,0.039,14.3,40.5,0.993886,3.29,0.82,10.480806794
