fixed_acidity,volatile_acidity,citric_acid,residual_sugar,chlorides,free_sulfur_dioxide,total_sulfur_dioxide,density,pH,sulphates,alcohol
7.87,0.549,0.16,4.79,0.068,21.7,107.4,0.999457,3.23,0.6,9.636077994
8.3,0.391,0.37,3.12,0.054,21.0,29.7,0.996112,3.28,0.46,10.934984395
9.27,0.402,0.37,1.4,0.157,4.2,18.0,0.997598,3.3,0.68,10.587821318
5.66,0.16,0.14,3.32,0.04,21.6,125.4,0.992843,3.33,0.33,9.816686956
6.81,0.257,0.24,3.45,0.048,51.1,113.9,0.995028,3.19,0.34,10.094906286
8.33,0.275,0.48,5.81,0.065,44.2,136.8,0.997819,3.02,0.32,8.688484122
7.26,0.219,0.46,15.35,0.036,14.5,153.1,0.994117,2.88,0.31,10.103398969
6.41,0.163,0.28,7.91,0.036,37.6,183.4,0.994853,3.04,0.31,10.156472874
7.65,0.327,0.47,0.76,0.06,35.5,156.2,0.991118,3.1,0.48,10.493077685
11.59,0.331,0.67,8.6,0.045,23.9,86.2,0.999357,2.93,0.74,9.090122633
6.98,0.759,0.37,0.85,0.038,17.3,154.6,0.990061,3.19,1.33,12.195030842
6.7,0.141,0.49,13.53,0.045,54.5,178.7,0.993637,3.04,0.84,10.996662773
5.18,0.487,0.28,7.68,0.046,28.8,115.9,0.99721,3.5,0.68,9.45496281
7.75,0.206,0.66,3.62,0.041,15.4,129.4,0.993106,3.03,0.33,11.363633443
7.82,0.523,0.29,3.02,0.084,43.9,121.8,0.995892,3.1,0.31,9.596749574
7.32,0.671,0.17,2.3,0.131,4.4,23.8,0.997437,3.48,1.03,9.486423196
5.08,0.189,0.56,3.81,0.054,40.8,168.1,0.989309,3.12,0.31,10.671392799
8.45,0.41,0.17,0.84,0.105,23.3,76.0,0.997517,3.25,0.36,9.252216054
7.77,0.305,0.45,4.28,0.046,16.0,34.0,0.995723,3.13,0.4,9.739894812
6.48,0.679,0.31,5.94,0.059,62.2,150.1,0.993098,3.34,0.33,10.97428994
8.45,0.636,0.53,6.56,0.039,32.3,169.5,0.995351,3.12,0.38,10.829311621
7.14,0.23,0.23,3.43,0.071,18.6,70.0,0.995919,3.23,1.11,10.389212945
7.27,0.525,0.27,6.21,0.117,15.7,95.2,0.998454,3.54,0.39,10.784097079
6.91,0.191,0.38,3.45,0.07,18.9,62.0,0.995088,3.29,0.54,9.455900094
7.06,0.427,0.19,6.65,0.073,26.3,70.8,0.998469,3.47,0.5,9.499373545
8.99,0.535,0.33,2.46,0.058,15.2,77.2,0.993228,3.04,0.56,11.731164595
6.75,0.227,0.23,1.45,0.053,23.6,119.0,0.992354,3.3,0.32,9.753085593
4.7,0.231,0.16,2.04,0.019,56.8,202.3,0.988779,3.37,0.42,10.325858924
7.02,0.188,0.35,11.6,0.043,45.0,194.8,0.997079,3.2,0.49,9.015460679
8.17,0.211,0.32,4.57,0.029,57.7,138.7,0.995137,3.0,0.32,9.355149158
6.17,0.234,0.25,12.43,0.041,47.2,192.3,0.997401,3.34,0.36,9.232469708
6.33,0.136,0.37,2.45,0.035,34.0,137.5,0.992763,3.51,0.33,10.609280904
7.38,0.348,0.18,6.04,0.069,24.0,77.5,0.994746,3.19,0.43,10.717712683
8.03,0.936,0.17,2.32,0.084,13.8,92.1,0.995074,3.06,1.2,10.507017535
9.82,0.356,0.44,6.21,0.074,34.7,124.0,0.996551,2.97,0.4,9.392101483
7.18,0.174,0.22,6.34,0.03,29.6,35.1,0.990883,3.2,0.55,14.08669374
8.84,0.951,0.0,3.32,0.074,5.7,6.0,0.999412,3.48,0.43,10.232537886
6.63,0.261,0.22,2.07,0.022,22.6,53.2,0.989718,3.21,0.31,14.195004349
4.9,0.193,0.36,0.79,0.142,19.9,92.7,0.989803,3.24,0.46,10.23559411
6.55,0.292,0.21,5.82,0.026,31.5,164.3,0.993871,3.16,0.45,11.090054751
8.37,0.194,0.44,4.47,0.024,28.3,150.6,0.991832,3.15,0.35,12.683570845
8.26,0.414,0.32,4.82,0.063,5.7,40.2,0.993713,3.09,0.32,11.929788374
4.91,0.159,0.27,9.83,0.063,96.0,236.9,0.992933,3.06,0.42,9.06969461
6.47,0.299,0.14,2.4,0.06,49.1,140.1,0.993518,3.33,0.7,10.320303273
6.91,0.269,0.34,5.13,0.024,19.2,60.5,0.990546,3.19,0.34,14.242891078
7.27,0.624,0.22,2.56,0.056,4.2,20.6,0.993691,3.22,0.41,11.665205385
5.75,0.422,0.39,6.74,0.076,27.1,152.5,0.996544,3.31,0.53,9.598627902
5.45,0.184,0.32,3.33,0.04,20.3,96.8,0.99175,3.23,0.38,9.616606664
8.17,0.283,0.6,7.76,0.031,40.7,137.9,0.994528,3.19,0.34,10.385077493
7.01,0.309,0.46,10.79,0.029,36.1,222.4,0.994078,3.01,0.32,11.636382566
6.26,0.205,0.46,12.25,0.055,64.8,239.1,0.995706,3.11,0.35,9.255076269
8.5,0.161,0.48,11.52,0.079,49.8,126.5,1.000897,3.09,0.53,9.324340285
6.96,0.333,0.6,3.47,0.02,22.9,60.6,0.990096,3.02,0.47,13.544986474
6.26,0.197,0.29,3.12,0.038,61.6,177.2,0.991741,3.22,0.46,11.78912821
9.93,0.222,0.45,8.82,0.043,34.0,139.9,0.999762,3.21,0.57,9.518557905
5.86,0.249,0.31,7.83,0.017,36.1,172.0,0.990177,3.01,0.35,11.574743623
8.37,0.326,0.39,2.58,0.072,23.7,124.1,0.997066,3.21,0.38,9.346779536
5.8,0.535,0.34,7.35,0.048,45.1,90.9,0.99606,3.21,0.41,10.153422912
6.91,0.284,0.31,7.0,0.113,26.6,74.2,0.997973,3.44,1.15,9.50893772
10.28,0.409,0.46,6.12,0.048,17.5,111.5,0.998516,3.23,0.38,9.796642481
7.05,0.179,0.17,2.3,0.061,23.6,152.7,0.99371,3.14,0.58,9.191888036
8.52,0.205,0.3,3.72,0.023,14.5,70.0,0.993641,3.04,0.36,10.319776826
5.74,0.384,0.39,10.56,0.072,80.3,215.1,0.995144,3.34,0.35,10.25365821
6.46,0.297,0.29,0.65,0.116,13.3,45.6,0.991786,3.46,0.83,10.093768983
5.79,0.132,0.31,4.73,0.032,30.8,125.6,0.991324,3.23,0.96,11.458031824
6.71,0.282,0.11,10.8,0.07,41.2,170.3,0.998898,2.98,0.32,8.278700177
7.83,0.33,0.27,1.15,0.064,12.0,67.3,0.995324,3.25,0.37,9.841782351
6.18,0.11,0.5,2.01,0.021,23.4,87.6,0.987657,3.26,0.47,14.198005869
5.9,0.837,0.08,2.1,0.067,6.9,22.0,0.992469,3.32,0.74,10.84480228
6.45,0.192,0.29,5.55,0.033,42.6,137.5,0.992324,3.2,0.46,12.549072833
7.79,0.339,0.37,1.71,0.039,36.5,50.4,0.99377,3.53,0.7,12.808891811
8.62,0.309,0.47,6.71,0.056,13.5,162.5,0.996855,2.85,0.32,8.834589084
6.51,0.344,0.25,1.55,0.029,24.9,150.9,0.988609,3.29,0.33,13.327741746
5.31,0.203,0.15,7.59,0.02,18.3,125.3,0.990771,3.33,0.35,11.820348846
10.08,0.472,0.33,1.48,0.056,35.2,162.7,0.993696,3.26,0.48,11.746240893
7.16,0.541,0.18,1.7,0.071,12.6,19.2,0.994676,3.17,0.35,10.359794508
5.39,0.479,0.42,2.81,0.06,33.0,176.2,0.990833,3.35,0.35,11.137801112
8.79,0.272,0.25,3.78,0.066,18.8,81.8,0.996485,3.01,0.82,9.717108292
8.17,0.293,0.54,2.4,0.04,30.9,106.8,0.993408,3.04,0.35,11.201349141
6.75,0.219,0.53,4.03,0.034,72.3,224.7,0.9926,2.86,0.4,9.121278747
8.71,0.275,0.34,8.86,0.053,34.7,133.2,0.998676,2.96,0.69,9.104683725
7.63,0.67,0.36,2.53,0.04,18.1,88.3,0.994085,3.39,0.33,12.188855926
7.17,0.34,0.32,7.49,0.054,37.9,116.4,0.998148,3.24,0.7,9.247443545
6.32,0.396,0.2,7.62,0.07,44.6,113.8,0.998301,3.31,0.44,8.780593538
5.3,0.554,0.06,1.12,0.06,10.5,6.0,0.990794,3.4,0.46,11.183184483
7.89,0.441,0.2,1.1,0.104,16.2,39.0,0.997044,3.33,0.41,9.180204395
7.85,0.25,0.43,8.13,0.054,21.8,146.9,0.995203,3.1,0.46,10.064356816
5.76,0.224,0.34,1.82,0.06,30.9,94.7,0.988739,3.33,0.31,13.697286806
7.62,0.388,0.34,10.46,0.034,31.7,92.2,0.993733,3.18,0.85,13.766673366
6.31,0.322,0.32,2.19,0.024,22.5,87.4,0.990882,3.02,0.33,10.324146596
6.38,0.437,0.16,2.49,0.056,13.7,6.0,0.991121,3.06,0.41,11.533986769
8.71,0.174,0.41,3.1,0.045,26.4,199.5,0.99731,3.32,0.78,9.473693813
6.98,0.261,0.1,12.27,0.084,42.2,162.0,0.996789,3.1,0.38,9.222592119
6.81,0.52,0.28,3.06,0.036,22.3,132.0,0.994306,3.31,0.33,11.036850539
8.39,0.315,0.22,0.73,0.06,3.8,6.0,0.990859,3.12,0.61,12.010562691
8.31,0.326,0.26,1.9,0.036,32.2,76.1,0.993001,3.31,0.46,11.406148343
6.54,0.405,0.27,1.59,0.027,37.4,136.9,0.993117,3.17,0.31,10.35450998
5.89,0.288,0.25,3.84,0.034,37.7,112.3,0.992352,3.29,0.49,10.889190559
8.04,0.286,0.38,1.62,0.044,39.8,130.8,0.994584,3.18,0.44,10.570168306
8.11,0.496,0.17,9.1,0.041,25.9,101.6,0.996062,3.25,0.31,9.989556648
5.3,0.407,0.26,9.65,0.038,14.8,63.1,0.993251,3.01,0.33,9.870675941
5.18,0.435,0.3,0.92,0.046,58.5,142.9,0.989494,3.15,0.33,9.845549851
5.56,0.219,0.08,7.26,0.067,60.4,188.4,0.993081,3.11,0.34,9.529695922
8.46,0.194,0.28,9.51,0.039,13.3,58.4,0.998233,3.22,0.33,11.079135267
7.54,0.528,0.16,0.71,0.076,14.4,37.0,0.99187,3.24,0.65,11.568170698
6.22,0.342,0.17,2.36,0.071,26.2,63.9,0.993746,3.38,0.44,10.616792901
7.1,0.157,0.38,3.78,0.022,55.8,156.3,0.989576,3.17,0.41,13.585574744
6.92,0.474,0.16,3.21,0.041,8.8,102.7,0.994992,3.38,0.48,10.438889747
8.7,0.318,0.4,6.72,0.058,40.1,127.4,0.997005,3.18,0.41,10.628326662
7.01,0.254,0.27,2.97,0.056,24.4,114.3,0.992703,3.2,0.38,10.329969559
9.18,0.487,0.24,1.63,0.062,19.2,105.6,0.998888,3.33,0.93,9.141634438
7.05,0.347,0.42,1.03,0.073,25.9,170.8,0.994447,3.39,0.51,9.903316225
6.06,0.18,0.38,7.57,0.034,47.4,168.6,0.992707,3.26,0.39,11.174076258
6.52,0.176,0.21,5.68,0.045,56.9,142.1,0.992882,2.96,0.56,10.149353097
6.54,0.117,0.47,11.37,0.013,17.4,156.3,0.992748,3.16,0.62,10.376065534
5.18,0.116,0.41,10.81,0.019,45.1,124.4,0.991846,3.22,0.31,11.77613788
6.35,0.29,0.22,7.05,0.058,75.7,254.6,0.993915,3.13,0.32,9.213386983
6.24,0.188,0.36,6.33,0.066,25.2,87.5,0.992524,3.21,0.66,11.451447856
6.33,0.444,0.18,1.09,0.052,25.8,62.8,0.99379,3.49,1.49,11.970005583
7.9,0.189,0.33,2.44,0.069,18.9,115.3,0.991477,2.94,0.49,12.320991311
8.69,0.586,0.29,2.95,0.036,8.2,51.3,0.995497,3.4,1.13,11.761353969
6.18,0.299,0.41,4.05,0.035,36.0,114.9,0.992894,3.41,0.37,10.106333735
6.65,0.197,0.34,7.85,0.035,36.4,193.7,0.996088,2.94,0.52,8.443551413
6.17,0.258,0.47,8.86,0.071,55.7,205.5,0.99342,3.05,0.31,11.349060554
6.9,0.535,0.24,3.55,0.042,6.9,105.7,0.992224,2.95,0.52,10.151335046
6.87,0.207,0.56,0.92,0.07,60.1,154.0,0.991607,3.08,0.54,9.061250936
5.5,0.138,0.28,1.41,0.051,48.4,143.7,0.989367,3.32,0.36,10.728614749
6.5,0.194,0.42,12.18,0.03,67.4,211.3,0.99603,2.97,0.38,9.373486824
8.15,0.605,0.35,2.97,0.062,34.1,106.3,0.99459,2.99,0.34,9.691891537
5.3,0.175,0.24,7.29,0.041,24.4,181.3,0.992959,3.43,0.38,9.933937625
5.29,0.2,0.18,7.66,0.029,65.4,152.0,0.99098,3.1,0.38,11.517497195
7.88,0.206,0.25,4.77,0.064,17.4,21.8,0.998751,3.37,0.38,9.103595828
7.64,0.212,0.76,1.45,0.047,54.7,218.5,0.995557,3.33,0.46,9.161784968
5.19,0.259,0.33,2.68,0.046,28.8,107.2,0.992771,3.4,0.35,11.064287656
6.96,0.199,0.48,12.37,0.036,58.9,188.8,0.997263,3.36,0.36,9.788363159
6.93,0.263,0.41,4.8,0.081,12.7,93.9,0.994036,2.92,0.47,10.577378852
6.71,0.237,0.24,1.93,0.06,21.7,116.3,0.994226,3.43,0.84,10.668747201
6.3,0.259,0.53,4.72,0.049,25.0,111.8,0.993989,3.25,0.38,10.232535769
6.38,0.26,0.38,5.48,0.022,35.8,133.3,0.989286,3.05,0.77,13.973871307
5.39,0.692,0.07,3.47,0.072,33.5,118.1,0.993864,3.54,0.39,10.733002033
6.44,0.192,0.28,5.28,0.039,18.1,113.8,0.994518,3.14,0.31,9.512117031
7.03,0.654,0.0,1.1,0.088,12.6,54.8,0.99488,3.52,0.73,10.922945348
6.73,0.242,0.28,1.98,0.048,35.2,159.7,0.994191,3.17,0.31,9.138813169
7.06,0.281,0.15,1.61,0.059,11.8,51.0,0.994473,3.51,0.39,9.855053901
5.64,0.144,0.22,1.14,0.023,54.3,185.3,0.988861,3.23,0.56,11.216678294
6.91,0.345,0.34,3.85,0.03,56.5,199.4,0.990409,3.0,0.31,10.927960766
8.18,0.74,0.09,2.26,0.09,15.1,56.2,0.999561,3.16,0.53,8.618880873
6.0,0.271,0.15,8.51,0.044,24.3,109.0,0.995234,3.18,0.42,10.066137331
7.06,0.247,0.42,3.62,0.038,34.5,156.5,0.993131,2.96,0.31,9.814872005
6.33,0.254,0.4,1.28,0.1,22.6,168.0,0.991014,3.28,0.34,10.223193818
5.38,0.244,0.08,4.12,0.025,8.8,39.9,0.992901,3.6,0.36,11.241277662
7.58,0.563,0.34,5.53,0.073,24.0,108.5,0.994376,3.27,0.39,11.553794029
8.72,0.265,0.36,3.34,0.067,58.7,99.4,0.997411,3.3,0.34,9.909893274
5.37,0.163,0.11,2.14,0.051,33.8,113.4,0.992178,3.33,0.35,9.863621835
6.19,0.245,0.28,9.06,0.023,32.8,166.7,0.990462,3.28,0.32,13.256541407
7.93,0.479,0.26,4.86,0.06,19.8,48.9,0.994815,3.0,0.36,10.435970805
8.94,0.394,0.49,0.74,0.07,18.0,107.8,0.996067,3.24,0.48,10.17808199
5.97,0.305,0.2,0.96,0.047,8.2,39.5,0.993385,3.42,0.48,10.557528873
7.15,0.298,0.36,2.11,0.044,25.2,97.3,0.994906,3.44,0.47,10.590468076
8.35,0.578,0.21,0.87,0.045,9.0,56.6,0.990974,3.22,0.68,12.408909015
6.2,0.324,0.47,2.22,0.034,14.8,158.4,0.99254,3.35,0.7,11.410798967
8.82,0.291,0.26,3.78,0.062,16.6,137.2,0.995543,3.19,0.8,11.030177996
8.75,0.288,0.28,2.6,0.03,29.9,138.9,0.99425,3.2,0.38,10.02689713
6.42,0.28,0.24,6.33,0.043,45.8,127.3,0.997441,3.54,0.5,9.993170121
5.47,0.207,0.08,5.27,0.03,27.4,135.5,0.992127,3.09,0.33,10.0867939
8.46,0.355,0.34,2.53,0.059,41.8,119.9,0.993036,3.27,0.41,10.755663755
6.55,0.41,0.1,1.19,0.031,11.0,66.7,0.991686,3.36,0.35,10.932622324
6.71,0.384,0.41,1.01,0.03,7.9,44.6,0.991958,3.43,0.62,11.666681522
6.92,0.455,0.21,5.17,0.047,15.1,126.0,0.993239,3.46,0.37,11.603644385
7.17,0.117,0.56,4.18,0.02,16.7,128.8,0.992421,3.22,0.46,10.744645637
5.25,0.342,0.21,2.43,0.029,68.7,229.5,0.990881,3.36,0.44,10.538496789
6.36,0.299,0.51,10.08,0.024,24.2,143.8,0.994007,3.29,0.48,11.174516354
5.98,0.281,0.42,2.33,0.026,32.2,89.3,0.991367,3.24,0.43,12.812691418
7.47,0.455,0.38,3.23,0.055,32.1,96.2,0.996677,3.12,0.33,9.513712312
7.43,0.151,0.47,5.82,0.043,58.4,154.8,0.998133,3.25,0.69,8.99622437
5.48,0.225,0.46,26.13,0.047,76.7,343.6,0.997637,3.3,1.22,9.288556851
7.26,0.391,0.31,2.96,0.081,8.0,38.1,0.994349,3.16,0.37,10.513262115
5.55,0.19,0.22,7.06,0.036,31.8,127.5,0.994036,3.41,0.38,12.186949563
8.07,0.215,0.54,10.72,0.068,20.5,141.9,0.996637,3.23,0.51,11.035233336
6.74,0.413,0.09,1.53,0.047,10.2,68.2,0.994568,3.45,0.49,9.734300885
9.0,0.32,0.39,2.86,0.084,44.0,136.8,0.995505,3.11,0.74,10.185923859
7.34,0.276,0.23,8.03,0.052,21.6,36.2,0.994896,3.47,0.38,12.510068764
7.56,0.41,0.34,4.93,0.095,22.3,125.8,0.999741,3.36,0.85,9.010593291
5.62,0.367,0.27,4.64,0.055,59.6,177.6,0.991886,3.19,0.55,11.850381262
6.09,0.242,0.14,22.25,0.026,70.1,185.0,0.994527,2.92,0.31,10.312962611
6.55,0.436,0.16,3.63,0.079,9.7,114.5,0.998051,3.52,1.23,9.350212003
7.35,0.614,0.1,0.65,0.064,3.1,26.0,0.991542,3.33,0.34,11.089991817
8.46,0.374,0.58,2.23,0.034,25.4,104.1,0.992015,3.05,0.34,12.064103518
8.55,0.345,0.37,9.66,0.052,37.6,157.5,0.99751,3.18,0.55,9.799142064
6.39,0.46,0.11,4.7,0.09,26.6,84.8,0.999737,3.23,0.51,8.458331305
6.34,0.275,0.32,4.48,0.033,60.4,215.7,0.988714,2.73,0.31,11.905066502
6.4,0.293,0.21,3.82,0.046,26.1,52.0,0.997583,3.46,0.48,8.834176188
5.68,0.422,0.25,1.59,0.039,30.0,89.0,0.989583,3.23,0.7,11.536200019
6.0,0.752,0.08,2.33,0.066,16.0,87.2,0.994929,3.53,0.85,10.148996312
7.95,0.35,0.19,7.26,0.039,58.5,143.1,0.99261,3.02,0.36,12.708814568
9.8,0.362,0.44,0.89,0.103,14.1,60.6,0.993792,3.37,0.44,11.659762495
7.52,0.236,0.28,2.95,0.072,6.9,57.4,0.993952,3.33,0.36,12.000659747
7.5,0.261,0.54,5.0,0.065,33.4,98.2,0.993947,3.08,0.62,10.945511344
6.99,0.401,0.27,9.17,0.077,30.8,110.7,0.999053,3.32,0.7,9.663448674
7.59,0.578,0.46,2.26,0.089,16.7,76.3,0.993827,3.11,0.48,10.36696307
8.79,0.227,0.41,6.98,0.048,31.4,206.7,0.996929,2.92,0.41,9.554961374
5.88,0.195,0.49,13.92,0.064,44.5,237.2,0.99743,3.4,0.32,9.37880386
5.43,0.318,0.19,1.21,0.031,5.5,53.7,0.989556,3.37,0.39,11.884589455
7.15,0.172,0.36,1.86,0.117,36.9,99.9,0.995685,3.22,0.49,9.526769334
6.56,0.208,0.33,3.36,0.077,26.5,142.5,0.995686,3.18,0.93,9.184241648
6.76,0.268,0.3,2.06,0.034,26.1,78.1,0.988176,3.12,0.31,14.080475122
7.67,0.436,0.33,1.61,0.069,24.2,144.3,0.994977,3.27,0.53,10.342748774
6.4,0.19,0.49,13.87,0.041,90.8,281.0,0.996019,3.12,0.42,9.612418464
5.49,0.279,0.11,0.97,0.029,16.3,100.6,0.99052,3.39,0.36,11.745494035
6.38,0.2,0.24,2.29,0.03,32.8,91.3,0.990117,3.1,0.31,12.217448358
7.54,0.271,0.35,1.64,0.057,18.7,121.2,0.994271,3.15,0.64,9.728755455
6.26,0.583,0.11,9.21,0.071,61.6,176.6,0.996458,3.37,0.54,9.759655619
6.23,0.266,0.26,8.61,0.044,24.6,159.0,0.996004,3.22,0.33,9.636197946
7.27,0.553,0.39,15.52,0.071,16.7,87.7,0.999699,3.17,0.44,9.787466294
8.63,0.368,0.37,3.88,0.12,16.6,34.5,0.995414,3.09,0.51,10.692017475
7.45,0.349,0.34,8.37,0.03,49.6,157.8,0.994866,3.45,0.32,12.530553489
8.88,0.32,0.43,16.09,0.044,28.1,115.3,1.004664,3.36,0.61,9.052805713
7.22,0.283,0.6,6.05,0.03,57.4,177.5,0.992528,3.0,0.65,12.174239561
5.71,0.247,0.33,8.34,0.036,76.6,219.4,0.991257,3.32,0.31,12.361881745
7.93,0.269,0.18,0.97,0.025,20.0,46.0,0.991759,3.19,0.67,10.408150603
7.76,0.175,0.24,8.92,0.046,57.8,182.4,0.996732,2.91,0.32,8.723413199
5.82,0.14,0.24,10.38,0.026,49.1,128.4,0.995242,3.25,0.44,9.860691821
7.5,0.545,0.27,3.64,0.05,28.3,105.8,0.994596,3.01,0.42,10.672359903
5.83,0.25,0.36,4.81,0.04,45.7,183.6,0.993685,3.42,0.47,10.327069644
6.96,0.266,0.38,0.92,0.05,26.9,115.1,0.990465,3.09,0.37,11.914184334
7.27,0.357,0.32,4.96,0.051,8.1,90.4,0.996172,3.06,0.63,9.246549703
7.55,0.629,0.42,3.15,0.056,22.8,117.4,0.996006,3.08,0.83,9.833891628
6.83,0.225,0.17,6.39,0.037,46.1,220.1,0.995622,3.24,0.34,9.191152192
5.74,0.127,0.6,6.42,0.031,42.3,158.3,0.992298,3.23,0.46,11.381566047
5.91,0.289,0.39,12.11,0.089,40.1,173.2,0.996408,3.29,1.08,9.739443548
6.64,0.362,0.26,2.07,0.037,29.2,137.9,0.991471,3.04,0.32,11.528375504
7.64,0.328,0.35,6.23,0.038,31.4,150.3,0.995858,3.03,0.67,9.222800131
6.09,0.212,0.18,10.86,0.02,21.9,141.6,0.994494,3.22,0.62,9.757521634
6.38,0.516,0.18,3.82,0.042,12.7,113.1,0.992809,3.43,0.4,10.826803408
7.42,0.246,0.48,8.34,0.056,9.5,60.8,1.001965,3.27,0.97,8.762707603
7.6,0.388,0.31,0.69,0.052,9.8,32.3,0.992262,3.7,0.92,11.781530509
5.98,0.355,0.14,5.75,0.066,41.3,174.6,0.995691,3.25,0.32,9.057983882
8.15,0.442,0.35,0.76,0.074,10.7,6.0,0.991391,3.11,0.33,10.899566135
6.37,0.36,0.16,0.72,0.04,27.1,76.6,0.9915,3.32,0.44,9.93180705
6.68,0.487,0.27,21.17,0.066,63.6,130.2,1.000831,3.35,0.47,9.451873928
6.54,0.135,0.33,4.49,0.035,56.4,151.4,0.991038,3.23,0.76,11.283613507
5.69,0.545,0.32,5.08,0.062,19.6,164.3,0.993658,3.4,0.55,10.351648233
7.97,0.136,0.58,7.75,0.025,17.6,120.9,0.992269,2.85,0.41,11.751997493
8.73,0.323,0.35,4.89,0.035,24.8,134.4,0.995656,3.01,0.42,10.131451648
4.64,0.5,0.0,2.69,0.079,53.9,124.8,0.993817,3.5,1.21,10.082000776
6.15,0.303,0.12,2.16,0.035,22.8,62.2,0.990486,3.41,0.6,13.760362532
6.93,0.406,0.27,1.69,0.053,19.0,98.7,0.995484,3.52,0.8,10.199991616
10.02,0.244,0.39,7.47,0.043,21.8,58.3,1.000839,3.28,0.61,9.357449277
8.58,0.48,0.3,11.61,0.064,18.5,78.9,0.998843,2.92,0.75,9.904173889
8.33,0.186,0.44,1.81,0.04,16.1,32.1,0.994035,2.92,0.31,9.476300248
9.66,0.23,0.38,8.37,0.086,14.8,135.6,0.998146,3.0,0.49,9.510798501
7.98,0.209,0.38,5.19,0.051,6.7,24.4,0.994078,3.12,0.84,12.743522115
7.03,0.21,0.35,15.25,0.027,61.9,127.1,0.996133,3.3,0.7,11.385316372
9.13,0.296,0.38,5.95,0.119,12.2,75.0,1.001688,3.12,0.82,8.706315156
7.04,0.509,0.2,1.36,0.063,19.4,60.5,0.993793,3.28,0.37,9.916650631
10.7,0.429,0.34,1.42,0.036,15.1,39.7,0.994237,3.04,0.96,10.980114757
5.71,0.247,0.4,7.29,0.042,38.6,193.7,0.991181,2.89,0.36,10.572918084
7.74,0.441,0.1,0.83,0.036,24.2,58.7,0.989041,3.23,0.56,13.933104809
7.61,0.172,0.56,21.95,0.06,81.6,244.8,0.998584,3.09,0.32,9.396174643
9.04,0.249,0.52,4.77,0.083,35.1,98.2,0.995932,3.11,0.43,10.619520271
7.88,0.096,0.62,2.14,0.048,20.2,87.3,0.991573,3.19,0.32,11.407704236
8.0,0.215,0.31,1.44,0.054,17.5,96.6,0.993618,2.99,0.68,9.294331658
6.35,0.416,0.49,2.29,0.038,8.5,101.0,0.994054,3.28,0.57,10.867580121
9.46,0.505,0.45,11.19,0.062,38.5,185.2,0.998495,3.13,0.34,9.224475521
9.16,0.181,0.66,3.17,0.038,40.1,108.2,0.993511,3.33,0.56,11.919037171
8.68,0.384,0.32,2.11,0.068,21.1,93.8,0.996074,3.08,0.32,9.627138411
5.01,0.178,0.26,2.62,0.03,18.2,93.1,0.990418,3.52,0.66,11.452638348
9.65,0.385,0.31,2.35,0.039,29.7,140.8,0.994999,3.17,0.6,10.705744416
7.61,0.102,0.61,6.27,0.041,41.4,153.6,0.994888,2.82,0.33,9.697943936
6.03,0.223,0.38,3.18,0.042,34.8,132.6,0.99058,3.12,0.32,11.256864219
5.76,0.263,0.18,0.62,0.046,46.6,90.1,0.988961,3.34,1.04,10.299933936
6.92,0.216,0.44,9.91,0.026,49.3,175.0,0.995122,3.09,0.4,10.5019587
6.61,0.479,0.24,5.89,0.073,23.1,117.7,0.997547,3.41,0.66,9.762801576
5.54,0.427,0.28,5.02,0.03,17.6,65.2,0.992446,3.44,0.42,12.045574032
8.98,0.229,0.51,0.68,0.057,9.8,106.3,0.992711,3.23,0.41,12.204460324
7.12,0.259,0.45,1.01,0.037,13.7,110.9,0.991045,3.38,0.83,11.332721248
6.52,0.416,0.31,1.22,0.044,18.2,87.5,0.987896,3.07,0.32,13.173435183
8.74,0.167,0.38,3.65,0.043,18.6,133.5,0.997502,3.47,0.33,10.309750993
9.76,0.424,0.29,7.46,0.043,39.3,74.3,0.999679,3.03,0.33,9.993354352
6.85,0.619,0.15,2.75,0.086,14.2,71.1,0.994686,3.42,0.36,10.566906997
7.83,0.224,0.4,1.14,0.059,23.2,81.2,0.99177,3.32,0.62,12.037067181
6.97,0.315,0.45,7.96,0.056,27.7,124.4,0.99405,3.3,0.4,12.335072481
5.46,0.659,0.14,7.16,0.057,23.0,146.4,0.99593,3.48,0.71,9.98830414
7.63,0.48,0.37,3.38,0.033,20.3,51.6,0.992831,3.3,0.31,11.81434816
7.32,0.303,0.16,4.81,0.046,14.2,66.0,0.995772,3.21,0.32,10.086643366
5.86,0.142,0.36,13.06,0.021,50.5,208.3,0.995066,3.29,0.35,9.899301892
5.37,0.263,0.13,2.45,0.079,31.0,102.3,0.990483,3.26,0.33,11.466728596
8.55,0.237,0.6,3.31,0.07,53.1,199.6,0.998207,3.33,0.42,9.262743531
8.76,0.39,0.4,6.23,0.028,18.1,89.3,0.995895,3.24,0.52,12.41345317
7.07,0.335,0.38,11.82,0.085,47.8,127.8,0.997134,3.27,0.86,9.394076837
9.83,0.29,0.45,1.22,0.044,16.7,99.0,0.993279,3.2,1.11,12.095787239
6.9,0.475,0.15,2.21,0.044,28.6,128.7,0.99184,3.29,0.41,10.716441202
9.98,0.234,0.35,7.07,0.037,15.5,42.4,0.996983,3.24,0.78,12.18724929
6.91,0.36,0.27,5.13,0.028,18.8,43.8,0.996121,3.47,0.46,11.276680017
5.71,0.286,0.13,2.82,0.101,36.1,150.6,0.992215,3.2,0.35,9.708920841
5.45,0.166,0.22,1.0,0.065,19.2,63.1,0.990607,3.29,0.7,10.41337141
8.01,0.448,0.39,3.36,0.053,40.6,163.0,0.996819,3.19,1.1,9.359540859
6.22,0.201,0.44,6.96,0.027,73.5,230.8,0.992459,3.36,0.42,10.131320299
5.3,0.336,0.16,3.54,0.038,63.4,126.8,0.990299,3.32,0.41,11.210488314
7.02,0.297,0.28,2.8,0.037,28.4,167.2,0.993993,3.19,0.79,9.943310861
8.15,0.237,0.38,0.73,0.082,13.7,65.0,0.994892,3.27,1.24,9.736321558
5.9,0.213,0.38,7.82,0.036,35.7,145.1,0.992585,2.95,0.32,9.949128424
5.83,0.141,0.24,2.14,0.028,71.7,197.6,0.991329,3.47,0.34,10.696523881
6.5,0.303,0.37,1.23,0.065,18.1,123.7,0.994297,3.15,1.02,9.792400394
7.97,0.225,0.34,9.2,0.039,39.3,122.5,0.996718,3.06,0.32,9.316702341
5.45,0.201,0.1,4.21,0.056,50.3,129.7,0.994065,3.27,0.33,8.980217134
7.58,0.448,0.18,1.83,0.05,39.3,54.8,0.994951,3.3,0.64,10.970579052
6.5,0.197,0.29,4.18,0.029,17.5,64.0,0.99138,3.17,0.34,11.171814103
6.42,0.226,0.61,5.2,0.045,34.9,128.2,0.99325,3.12,0.71,10.031340136
7.63,0.337,0.33,1.17,0.07,2.9,6.0,0.99066,3.33,0.44,13.675358112
8.19,0.568,0.34,2.44,0.067,20.4,66.6,0.994294,3.17,0.47,11.008441443
9.08,0.37,0.25,1.46,0.066,9.8,86.2,0.995272,3.22,0.4,10.82595166
8.05,0.263,0.32,5.6,0.085,9.5,27.3,0.9992,3.38,0.61,10.519309029
7.59,0.843,0.39,3.68,0.112,20.5,55.0,0.9985,3.35,0.95,9.900802193
6.03,0.202,0.17,5.5,0.038,20.3,110.7,0.993571,3.27,0.38,11.03421318
7.91,0.151,0.49,9.2,0.037,48.7,175.7,0.996686,2.88,0.41,8.618436823
6.3,0.145,0.22,16.29,0.048,67.0,232.3,0.996179,3.27,0.31,9.748862225
8.33,0.256,0.41,9.71,0.069,36.7,130.2,0.999392,3.05,0.47,8.859338773
7.81,0.338,0.31,1.07,0.038,4.2,81.1,0.992099,3.04,0.55,9.979695776
5.1,0.218,0.42,6.52,0.022,32.4,147.3,0.991318,2.97,0.36,10.473602266
6.95,0.164,0.19,8.52,0.052,80.7,207.1,0.99629,3.16,0.32,9.77180679
5.53,0.255,0.6,10.84,0.032,73.4,208.7,0.992247,3.11,0.65,10.536999024
7.75,0.592,0.58,5.85,0.067,41.6,171.0,1.000903,3.22,0.49,8.468935779
7.15,0.388,0.31,1.33,0.065,21.5,113.3,0.994648,3.45,0.49,9.897123848
7.91,0.259,0.42,6.2,0.039,44.0,152.5,0.99732,3.18,0.36,10.363410519
6.61,0.471,0.41,1.89,0.062,29.0,128.3,0.994208,3.3,0.6,10.152189178
5.98,0.248,0.2,9.46,0.023,27.9,123.1,0.994715,3.23,0.31,10.682376453
7.44,0.49,0.37,4.0,0.034,26.3,152.8,0.991877,3.02,0.36,11.465070806
5.97,0.212,0.2,5.38,0.029,47.7,144.1,0.992336,3.04,0.31,10.442693461
8.27,0.299,0.34,3.62,0.083,37.8,90.6,0.996934,3.26,0.64,9.762555169
9.68,0.529,0.36,8.2,0.07,37.4,61.4,0.996421,3.17,0.48,11.319246448
7.55,0.191,0.29,8.55,0.046,14.5,12.7,0.991612,2.9,0.31,13.539759244
7.35,0.322,0.33,2.04,0.045,4.3,30.1,0.996767,3.61,0.49,9.893430923
7.44,0.174,0.4,23.86,0.033,67.1,221.1,0.998764,2.93,0.32,9.793774558
6.42,0.46,0.1,1.27,0.053,23.8,71.1,0.99069,3.1,0.32,10.715276968
8.42,0.332,0.42,1.53,0.055,50.1,129.6,0.994372,3.36,0.53,10.322980657
4.79,0.29,0.14,9.72,0.092,28.9,136.3,0.994804,3.39,0.62,10.537990974
7.39,0.239,0.36,1.77,0.042,24.3,155.5,0.991015,3.38,0.32,11.927241779
7.71,0.425,0.25,1.08,0.047,23.1,160.4,0.994527,3.47,0.35,10.909860605
6.81,0.187,0.35,4.16,0.045,35.9,133.2,0.995313,3.13,0.39,9.329328079
5.34,0.547,0.0,2.05,0.054,27.1,43.3,0.990778,3.31,0.48,11.181173456
6.94,0.292,0.38,2.05,0.061,6.9,65.5,0.992932,3.21,0.57,11.678107164
7.8,0.386,0.33,1.9,0.046,21.9,89.5,0.995122,3.31,0.57,10.140371679
9.86,0.413,0.39,6.78,0.077,8.1,56.0,0.999973,3.2,0.38,10.599837198
7.38,0.258,0.25,2.65,0.085,19.2,105.4,0.995298,3.17,0.42,9.280299468
6.08,0.194,0.28,8.01,0.056,34.4,157.7,0.993384,3.24,0.32,9.996654897
5.75,0.335,0.27,5.01,0.033,37.0,108.6,0.991857,3.17,0.57,12.111380585
7.89,0.482,0.43,1.01,0.079,4.7,44.2,0.99446,3.44,1.66,10.952694158
5.99,0.515,0.16,4.06,0.028,26.2,84.2,0.991349,3.31,0.31,13.135739882
9.36,0.39,0.29,2.71,0.099,45.9,135.5,0.999292,2.99,0.58,8.489941521
7.69,0.285,0.32,4.7,0.09,13.7,45.9,0.996525,3.15,0.33,10.044770317
7.86,0.236,0.23,13.02,0.045,12.5,112.8,1.001241,3.26,0.48,8.54212719
5.6,0.261,0.31,4.56,0.044,32.7,116.2,0.990262,3.26,0.35,11.64529159
6.42,0.164,0.25,3.62,0.021,21.6,104.2,0.993315,3.32,0.42,9.609039923
6.79,0.274,0.06,0.68,0.076,15.6,108.4,0.990847,3.24,0.34,10.859456502
6.48,0.455,0.36,1.9,0.109,23.6,103.0,0.994844,3.33,0.41,10.597167239
6.94,0.211,0.41,9.19,0.066,56.1,152.7,0.99567,2.88,0.53,9.125750566
7.6,0.362,0.33,4.51,0.028,20.9,90.3,0.994264,3.25,0.64,10.368189017
5.94,0.284,0.33,8.75,0.032,41.7,174.0,0.996844,3.32,0.38,9.3022677
6.04,0.221,0.2,5.48,0.036,33.2,180.5,0.99284,3.31,0.36,11.182565194
7.86,0.528,0.2,1.7,0.048,7.0,32.9,0.995432,3.28,0.51,9.540284763
8.16,0.283,0.46,14.78,0.062,39.3,164.7,0.997709,2.94,0.31,8.956592184
6.03,0.128,0.45,2.32,0.035,19.4,98.1,0.989611,3.18,0.7,12.682008932
7.11,0.168,0.54,5.64,0.041,30.9,157.4,0.994846,3.13,0.49,9.436651401
6.28,0.515,0.23,1.05,0.053,37.7,162.6,0.991002,3.51,0.67,13.312155797
8.15,0.419,0.52,7.17,0.055,16.5,80.9,0.999118,3.28,0.65,9.481318057
5.87,0.273,0.21,3.97,0.039,40.8,155.9,0.991913,3.38,0.34,12.346921012
8.16,0.272,0.4,5.85,0.025,40.1,147.4,0.993851,3.02,0.32,10.394592696
6.13,0.287,0.34,7.13,0.032,28.6,113.5,0.993584,3.11,0.46,9.766494685
5.83,0.403,0.19,6.54,0.1,16.0,99.0,0.99851,3.27,0.39,8.713230288
7.62,0.313,0.34,4.17,0.103,4.2,8.6,0.995489,3.25,0.45,12.165758003
8.71,0.437,0.34,13.45,0.063,13.3,72.1,1.000407,3.15,0.37,8.952597269
7.63,0.382,0.36,6.57,0.076,30.3,117.1,0.998139,3.37,0.54,11.100186677
7.46,0.714,0.14,11.77,0.052,17.2,99.7,0.99957,3.3,0.59,9.506646091
6.15,0.266,0.32,4.02,0.037,40.9,110.3,0.990529,3.27,0.35,13.389621392
9.71,0.566,0.32,3.12,0.085,3.9,32.5,0.997384,3.18,0.4,9.652692046
7.3,0.249,0.42,25.22,0.052,29.7,190.4,0.999708,3.02,0.32,8.486831494
6.07,0.194,0.52,2.02,0.019,27.1,119.6,0.990342,3.1,0.46,10.862391885
7.31,0.131,0.43,1.55,0.022,39.2,126.0,0.991801,3.2,0.41,11.551277203
6.76,0.402,0.23,14.25,0.083,12.6,81.7,0.999176,3.16,0.37,9.430003588
6.71,0.308,0.34,9.44,0.027,14.4,159.0,0.992379,2.87,0.35,10.928754122
7.81,0.318,0.25,1.22,0.051,17.0,134.9,0.993168,3.08,0.45,10.040834426
8.01,0.425,0.46,5.38,0.077,8.5,46.6,0.99893,3.21,0.6,8.891499368
6.07,0.175,0.24,11.46,0.019,29.9,69.9,0.994579,3.21,0.4,11.139472377
6.4,0.134,0.39,9.55,0.015,40.9,163.5,0.992121,2.97,0.33,10.090808829
8.64,0.749,0.33,3.37,0.073,19.8,112.4,0.9968,3.35,0.71,10.879218555
9.93,0.332,0.4,6.54,0.051,25.2,63.7,0.998858,3.12,0.72,9.677350856
6.19,0.4,0.25,6.2,0.078,33.0,168.4,0.992011,3.22,0.91,11.8387576
7.97,0.365,0.33,6.11,0.045,8.4,56.5,0.997672,3.16,0.58,10.152358396
6.54,0.208,0.44,2.84,0.023,16.4,55.7,0.994288,3.52,0.32,10.33499973
6.79,0.401,0.11,0.74,0.075,13.7,103.8,0.99286,3.37,0.53,10.743858955
7.96,0.33,0.32,2.91,0.054,16.6,93.5,0.99449,3.38,0.32,9.917800897
5.81,0.325,0.41,14.29,0.037,42.0,143.9,0.993267,3.02,0.31,11.571954261
6.22,0.412,0.11,2.09,0.048,27.7,120.0,0.990629,3.13,0.37,10.654351982
6.65,0.273,0.45,4.14,0.036,28.7,150.7,0.995617,3.36,0.33,9.408965771
6.53,0.25,0.1,6.34,0.039,28.4,109.8,0.991953,2.91,0.32,9.887720488
6.78,0.356,0.19,0.92,0.075,14.5,11.9,0.993636,3.25,0.42,10.499172421
7.55,0.248,0.26,1.25,0.106,41.3,56.7,0.99428,3.44,0.39,10.741987743
7.9,0.351,0.29,3.11,0.044,39.2,104.9,0.996573,3.44,0.89,10.217153494
6.93,0.533,0.07,3.67,0.033,25.6,112.8,0.991929,3.07,0.32,10.734490355
5.9,0.104,0.46,10.86,0.025,47.5,167.4,0.992245,3.12,0.43,11.409513355
6.75,0.219,0.4,5.05,0.066,25.8,125.1,0.996628,3.19,0.82,9.209550548
6.12,0.313,0.2,6.67,0.061,31.7,112.6,0.995323,3.18,0.32,9.012231069
7.37,0.562,0.33,0.68,0.047,8.4,9.3,0.990568,3.43,0.36,12.008894397
6.72,0.242,0.11,1.81,0.058,25.4,77.3,0.992594,3.36,0.36,10.517797407
7.29,0.293,0.15,1.02,0.039,3.3,6.0,0.991064,3.2,0.54,12.484056805
6.05,0.416,0.09,2.65,0.059,22.5,115.4,0.994165,3.09,0.53,9.298559492
7.24,0.317,0.26,1.54,0.045,23.4,52.1,0.992506,2.99,0.82,11.617723163
4.97,0.257,0.18,6.67,0.042,23.6,172.2,0.991367,3.39,0.46,11.147768135
7.41,0.175,0.45,2.27,0.034,41.4,169.2,0.992181,3.29,0.45,11.447242026
7.54,0.451,0.24,3.32,0.029,39.3,110.2,0.994265,3.34,0.51,10.446701325
7.37,0.352,0.27,2.78,0.087,35.5,111.5,0.997585,3.13,0.51,9.239151858
5.59,0.66,0.21,6.63,0.053,47.9,155.1,0.994005,3.14,0.32,9.443862433
5.99,0.418,0.25,19.57,0.062,19.1,191.2,0.996991,3.1,0.31,9.135982639
5.53,0.483,0.0,3.8,0.075,12.8,34.7,0.993583,3.24,0.51,10.057179264
6.62,0.239,0.33,15.45,0.034,64.0,207.4,0.996212,3.18,0.51,9.994260851
8.24,0.617,0.11,1.39,0.057,5.8,19.0,0.992068,3.28,0.33,12.451360131
6.84,0.263,0.25,2.28,0.052,41.5,96.9,0.99682,3.32,0.38,9.287180057
6.01,0.3,0.14,5.96,0.052,55.0,118.9,0.993972,3.31,0.49,10.028271548
5.69,0.353,0.45,0.73,0.031,14.6,53.0,0.990398,3.36,1.17,11.017892469
8.42,0.186,0.61,4.41,0.034,58.6,169.7,0.99595,2.94,0.37,9.664967971
6.6,0.181,0.41,9.04,0.066,36.8,136.2,0.99478,3.33,0.41,10.168951075
7.13,0.297,0.42,4.12,0.05,37.7,144.9,0.994231,3.17,0.61,9.907613929
6.93,0.593,0.32,8.34,0.07,12.3,77.6,0.997139,3.34,0.59,10.49431247
5.37,0.347,0.09,2.29,0.03,15.6,26.4,0.991737,3.34,0.31,10.743294874
6.75,0.726,0.14,0.73,0.077,7.3,31.9,0.992188,3.32,0.68,11.624364821
6.06,0.426,0.16,2.44,0.037,37.1,44.6,0.990735,3.15,0.42,13.263856457
7.77,0.375,0.39,1.12,0.192,6.5,28.1,0.997448,3.58,0.92,11.243438839
8.95,0.445,0.32,4.09,0.162,12.6,81.7,1.00093,3.24,0.44,9.403592396
8.21,0.139,0.53,1.19,0.059,18.1,86.0,0.991409,3.2,0.53,12.466979609
8.28,0.285,0.32,6.2,0.072,48.7,92.5,0.99392,2.99,0.32,11.155004881
6.97,0.175,0.45,13.25,0.025,53.3,162.2,0.995912,3.22,0.47,9.93271115
7.39,0.335,0.13,2.75,0.071,68.5,156.0,0.997156,3.34,0.34,9.072576508
7.0,0.578,0.23,7.6,0.106,24.1,94.0,0.997191,3.19,1.37,10.588672504
6.16,0.132,0.49,1.0,0.024,26.1,163.7,0.990055,3.51,0.38,11.943147804
6.11,0.342,0.2,4.82,0.02,17.7,194.6,0.994281,3.25,0.46,9.743893494
10.84,0.26,0.5,3.88,0.052,35.4,73.3,0.997835,3.15,0.35,9.597716237
7.61,0.342,0.35,15.15,0.056,46.6,119.6,0.998525,2.89,0.37,9.519480867
7.52,0.38,0.48,8.28,0.068,57.8,226.2,0.99615,3.22,1.31,10.119554472
8.73,0.444,0.38,3.65,0.043,6.0,29.1,0.995822,3.17,0.41,11.27147669
6.42,0.332,0.4,3.61,0.089,17.2,60.3,0.997299,3.5,0.76,9.854301404
6.44,0.132,0.44,10.02,0.027,46.5,166.1,0.99354,3.27,0.34,11.668190324
6.99,0.325,0.31,2.39,0.072,40.6,123.8,0.994761,3.29,0.43,10.370250864
9.99,0.349,0.22,8.28,0.047,22.6,81.0,0.999217,3.16,0.49,10.24760652
8.21,0.39,0.24,0.61,0.048,1.6,6.0,0.989761,3.25,0.82,13.391777072
7.68,0.485,0.39,7.9,0.076,54.3,230.4,0.99887,3.27,0.56,8.802224459
7.83,0.705,0.13,1.61,0.045,20.9,109.4,0.991131,2.96,0.49,12.644978686
8.98,0.529,0.37,12.89,0.05,26.3,38.7,0.99877,3.19,0.43,11.020646524
6.41,0.31,0.42,4.57,0.023,30.2,180.3,0.990257,2.83,0.31,10.467526571
7.86,0.363,0.18,8.63,0.055,25.4,89.8,0.996265,3.08,0.32,9.153389503
7.83,0.513,0.34,13.51,0.08,49.8,235.9,1.000162,3.11,0.61,8.859618641
8.35,0.442,0.25,2.89,0.076,25.4,56.6,0.997656,3.23,0.5,9.529033333
10.02,0.271,0.33,6.15,0.138,15.1,72.0,1.001732,3.22,0.34,8.841405094
7.54,0.39,0.29,5.12,0.075,26.2,101.0,0.997842,3.31,0.84,9.035530954
6.72,0.15,0.55,3.65,0.033,57.7,137.6,0.994823,3.08,0.38,9.034225057
8.22,0.358,0.33,1.76,0.066,17.1,102.6,0.996521,3.28,0.7,10.457893093
6.78,0.387,0.1,2.33,0.075,19.0,160.8,0.993036,3.32,0.37,10.625969609
8.51,0.416,0.42,2.65,0.053,41.2,145.4,0.992323,3.17,0.39,11.108835163
7.02,0.318,0.22,2.48,0.016,10.3,84.1,0.991161,3.12,0.31,11.476362653
6.44,0.537,0.21,8.6,0.077,34.8,167.7,0.996531,3.32,0.82,10.918832656
6.25,0.127,0.51,12.25,0.016,60.1,210.1,0.991247,3.23,0.44,13.050071031
7.72,0.294,0.51,1.37,0.067,8.7,64.8,0.99426,3.33,0.39,10.534022569
6.48,0.549,0.13,3.62,0.063,15.6,105.9,0.994936,3.4,0.58,10.689334324
7.49,0.424,0.24,1.46,0.069,18.2,61.3,0.992734,3.35,0.33,10.774296097
7.51,0.171,0.22,2.35,0.042,36.1,110.5,0.992952,3.2,0.67,10.799439703
11.23,0.507,0.49,1.8,0.073,4.1,27.4,0.999561,3.2,0.5,9.637394978
6.93,0.286,0.29,4.27,0.023,51.5,194.4,0.995229,3.17,0.34,10.056868257
8.06,0.748,0.19,0.8,0.114,10.8,56.4,0.994325,3.22,1.23,10.306874775
5.86,0.183,0.22,0.92,0.063,15.6,54.9,0.991379,3.22,0.52,11.521370133
9.65,0.376,0.25,5.48,0.06,45.3,172.0,0.997282,3.23,0.51,9.224209894
9.17,0.197,0.26,3.2,0.056,7.8,85.4,0.996032,3.17,0.77,9.83230467
8.2,0.193,0.42,1.57,0.055,43.3,184.0,0.997448,3.35,0.42,8.991738909
8.01,0.459,0.18,2.94,0.052,20.6,96.0,0.994445,3.13,0.44,9.824969557
7.93,0.804,0.2,7.64,0.104,34.1,103.8,0.99498,3.02,0.44,10.988532617
6.97,0.495,0.18,2.16,0.036,12.7,185.8,0.995398,3.24,0.87,8.977069008
9.24,0.285,0.5,7.7,0.069,8.2,40.2,1.000141,3.22,0.44,9.676308512
6.93,0.439,0.25,8.83,0.061,64.6,198.9,0.99703,3.31,0.35,9.197074716
7.57,0.375,0.45,4.26,0.075,31.9,107.8,0.996432,3.27,0.61,10.390012038
6.48,0.19,0.34,4.82,0.03,15.2,52.1,0.991729,3.17,0.46,13.213172983
5.94,0.227,0.23,1.45,0.056,35.4,146.9,0.991457,3.24,0.55,9.810726257
5.97,0.234,0.23,3.4,0.059,21.7,37.7,0.993571,3.42,1.08,11.873824474
7.26,0.253,0.23,6.87,0.03,19.7,105.1,0.997066,3.28,0.71,9.251862268
9.06,0.535,0.5,2.14,0.089,14.8,89.8,0.99518,3.14,1.73,10.845791452
7.23,0.384,0.05,1.51,0.021,66.5,170.7,0.99243,3.16,0.34,9.669509615
7.61,0.322,0.45,7.98,0.074,28.7,142.2,0.999988,3.38,0.96,9.48279331
6.58,0.555,0.35,3.97,0.071,15.9,109.8,0.993439,3.19,0.65,10.522384728
6.93,0.485,0.19,2.02,0.054,7.3,52.4,0.991121,3.13,0.45,11.89757606
6.84,0.436,0.14,11.76,0.062,21.4,103.1,0.997403,3.24,0.73,10.211834852
7.07,0.213,0.58,14.21,0.024,57.2,202.4,0.996354,3.01,0.43,9.707117465
6.0,0.43,0.29,1.26,0.045,25.9,77.3,0.989668,3.13,0.62,12.135233568
7.33,0.296,0.34,2.86,0.054,25.0,135.3,0.995646,3.11,0.69,9.219186478
6.6,0.242,0.33,7.14,0.061,48.8,216.5,0.994008,3.05,0.75,10.332126338
10.13,0.44,0.4,2.6,0.088,12.4,43.2,0.999691,3.19,0.51,9.12648359
9.19,0.233,0.27,0.83,0.058,15.3,84.1,0.994784,3.34,0.7,10.077881894
7.67,0.23,0.48,8.15,0.028,39.9,102.7,0.996643,3.28,0.67,10.360170074
9.11,0.345,0.34,8.09,0.037,19.2,100.9,0.995761,2.92,0.37,10.31924697
8.57,0.286,0.22,2.97,0.052,46.7,139.8,0.995355,3.13,0.33,10.012839466
6.64,0.461,0.64,8.53,0.088,26.5,112.0,0.995488,3.05,0.38,10.308573907
5.69,0.227,0.44,30.15,0.033,72.0,308.7,0.997335,3.17,0.43,9.924355832
7.37,0.559,0.35,2.45,0.095,18.4,48.1,0.995177,3.36,0.32,9.689093716
6.55,0.294,0.38,9.58,0.053,40.6,185.8,0.994325,3.19,0.35,11.00120796
6.7,0.359,0.11,6.54,0.053,38.6,210.6,0.995516,3.25,0.43,10.37286712
10.67,0.632,0.3,5.36,0.047,5.8,65.3,1.001566,3.36,0.59,9.276935607
7.85,0.677,0.26,7.34,0.105,16.8,88.1,0.998694,3.46,0.51,10.74390385
5.82,0.394,0.2,0.75,0.029,17.4,84.4,0.988703,3.43,0.53,12.297487618
7.34,0.294,0.39,1.14,0.049,4.8,42.5,0.993783,3.12,0.63,10.783989987
6.21,0.207,0.29,6.66,0.052,30.2,130.9,0.994939,3.14,0.42,9.991869684
6.94,0.221,0.28,6.06,0.032,8.6,99.5,0.994038,3.14,0.34,10.271948296
6.62,0.285,0.42,5.75,0.074,101.3,186.5,0.99489,3.04,0.32,9.397394281
6.98,0.379,0.17,2.67,0.047,20.1,43.9,0.99153,3.09,0.32,11.284605174
6.03,0.329,0.12,7.99,0.049,16.9,82.3,0.992882,3.32,0.5,11.986249847
10.3,0.3,0.42,3.31,0.084,36.0,178.1,0.996167,3.12,0.98,9.930042457
7.86,0.322,0.43,3.6,0.026,12.0,61.7,0.989965,3.09,0.34,14.176460397
7.27,0.465,0.1,3.88,0.075,32.9,109.3,0.999735,3.76,0.68,9.290482933
5.82,0.316,0.3,17.65,0.055,66.2,192.6,0.996165,3.2,0.9,9.781817407
6.75,0.378,0.33,1.37,0.106,10.8,39.4,0.993594,3.17,0.51,9.980396554
8.08,0.187,0.68,22.06,0.054,51.3,244.4,0.999103,2.72,0.34,9.115173442
7.84,0.29,0.36,2.43,0.053,16.6,88.3,0.99681,3.35,0.65,9.554784462
7.1,0.196,0.49,9.86,0.036,14.9,128.3,0.996474,3.41,0.32,10.89421198
6.2,0.367,0.4,0.94,0.097,13.4,26.8,0.993173,3.33,0.31,9.967004771
7.17,0.252,0.31,2.87,0.044,28.8,161.1,0.997469,3.27,0.76,8.811886796
8.18,0.223,0.45,1.64,0.038,6.1,35.4,0.991311,3.23,0.39,12.536843128
7.85,0.285,0.24,3.86,0.071,17.5,95.1,0.997477,3.2,0.64,9.612924994
6.04,0.365,0.19,5.72,0.026,60.3,122.4,0.991091,3.22,0.31,12.522323176
7.74,0.392,0.45,13.19,0.11,13.7,34.6,1.003648,3.35,0.41,8.42772245
7.97,0.294,0.38,5.07,0.039,46.0,166.6,0.993522,2.86,0.35,10.078619074
7.37,0.227,0.55,0.64,0.073,4.8,15.0,0.991197,3.39,0.8,11.642199235
8.42,0.431,0.48,10.21,0.099,27.2,81.9,0.99792,3.1,0.49,9.959783825
7.44,0.39,0.26,10.91,0.049,18.8,127.7,0.997138,3.07,0.38,9.213740844
5.43,0.432,0.23,7.46,0.023,21.7,83.1,0.992125,3.36,0.5,11.812127894
6.94,0.551,0.32,16.89,0.08,23.6,123.7,1.00027,3.33,0.79,9.10847056
6.15,0.3,0.3,4.26,0.036,60.8,164.2,0.995278,3.31,1.25,9.434918647
8.57,0.439,0.34,2.76,0.059,52.1,122.5,0.996805,3.15,0.33,9.922529392
7.46,0.184,0.35,0.89,0.048,23.7,101.7,0.991937,3.2,0.66,10.526584026
6.98,0.415,0.17,9.55,0.022,47.9,216.6,0.993983,3.22,0.31,10.847975787
6.4,0.235,0.34,2.88,0.028,24.6,124.0,0.989502,3.05,0.33,12.545203181
8.45,0.482,0.23,3.1,0.102,10.6,16.9,0.996152,3.23,1.43,10.676404156
8.64,0.214,0.47,2.7,0.035,37.6,169.1,0.994675,2.98,0.5,9.806484899
7.09,0.297,0.12,0.7,0.059,23.9,72.8,0.992092,3.38,0.68,11.201232581
7.23,0.556,0.15,6.26,0.083,14.6,63.0,1.000887,3.44,0.99,8.709570458
6.12,0.285,0.24,10.94,0.034,39.9,180.3,0.994926,3.29,0.33,11.546243756
6.95,0.681,0.09,6.6,0.09,38.9,81.7,1.000668,3.17,0.82,8.509282862
6.78,0.21,0.15,1.11,0.071,46.7,77.7,0.993714,3.41,0.55,9.211209407
7.3,0.282,0.19,7.32,0.037,35.8,163.5,0.99378,3.22,0.38,10.778002689
8.65,0.329,0.33,1.05,0.071,10.5,67.2,0.991553,2.92,0.35,11.166740935
7.05,0.215,0.35,9.61,0.038,43.3,81.6,0.994918,3.06,0.33,10.671994053
7.01,0.24,0.55,2.48,0.065,21.8,172.3,0.993568,3.33,0.58,10.429421419
5.76,0.359,0.43,1.36,0.036,28.8,65.6,0.988236,2.98,0.31,11.662133947
9.43,0.135,0.38,5.52,0.036,49.3,152.4,0.996645,3.26,0.92,10.364618099
7.41,0.289,0.59,6.47,0.047,34.1,121.5,0.997057,3.17,0.48,10.200904058
7.31,0.312,0.36,3.58,0.073,53.4,151.7,0.9949,3.27,0.61,10.120887546
7.52,0.137,0.49,7.07,0.035,35.8,175.4,0.995414,3.17,0.87,9.657246637
7.19,0.147,0.51,2.02,0.033,45.6,115.7,0.989431,3.09,0.49,12.992490141
6.98,0.41,0.17,13.32,0.069,17.0,22.2,0.999682,3.39,0.38,9.743861787
8.58,0.397,0.26,4.05,0.09,8.5,6.0,0.99938,3.18,0.54,8.751490065
8.37,0.365,0.34,2.08,0.071,30.1,78.5,0.993547,3.25,0.43,10.940323566
8.31,0.345,0.58,7.91,0.073,22.3,148.5,0.997964,3.04,0.85,9.63215456
7.75,0.782,0.08,1.48,0.113,8.4,38.6,0.994929,3.47,0.57,12.278384449
8.86,0.544,0.35,13.18,0.048,19.4,93.9,0.998247,3.04,0.6,10.357502922
6.41,0.265,0.29,3.98,0.058,26.1,173.4,0.996669,3.23,0.72,8.734148689
7.85,0.402,0.23,1.07,0.043,15.5,52.1,0.9927,3.03,0.71,10.383041867
5.64,0.368,0.29,8.38,0.078,54.0,208.7,0.995401,3.33,0.36,9.723213454
8.98,0.338,0.41,2.56,0.032,27.2,36.1,0.997005,3.44,0.44,10.401616937
8.04,0.138,0.59,4.92,0.045,71.6,169.9,0.991219,2.95,0.45,11.486847807
8.13,0.258,0.36,2.04,0.041,25.5,82.1,0.995537,3.02,0.52,10.362918474
6.73,0.495,0.2,3.8,0.094,19.1,84.5,0.992999,3.36,0.45,11.254126695
6.84,0.244,0.3,4.94,0.061,28.1,210.5,0.997098,3.13,0.36,9.006314778
5.8,0.196,0.41,1.65,0.023,30.5,114.8,0.988719,3.24,0.31,13.231540505
7.2,0.197,0.34,4.98,0.067,41.7,111.6,0.994743,3.02,0.34,9.752170981
4.51,0.167,0.25,2.08,0.022,32.2,129.9,0.989241,3.41,0.55,10.234695099
6.16,0.478,0.09,0.96,0.072,5.8,81.9,0.99112,3.39,0.42,12.544969366
8.92,0.461,0.27,8.91,0.082,18.2,134.8,1.0003,3.34,0.33,9.173535328
7.19,0.412,0.45,3.45,0.107,14.3,43.0,0.997872,3.35,0.75,9.754008236
9.36,0.414,0.6,1.75,0.096,21.6,63.9,0.995897,3.09,0.87,10.863922434
10.36,0.385,0.36,1.13,0.046,6.6,37.2,0.993503,3.08,0.54,12.030263639
6.96,0.159,0.39,6.62,0.056,18.8,18.7,0.996416,3.43,0.38,11.43445561
8.96,0.595,0.29,5.98,0.075,3.5,62.1,0.999355,3.17,1.2,9.719001101
6.37,0.191,0.45,1.57,0.056,33.6,102.9,0.991499,3.51,0.33,11.104925285
7.03,0.342,0.26,9.29,0.085,30.3,113.3,1.002018,3.43,1.66,9.245323213
6.51,0.512,0.05,0.72,0.043,15.8,162.8,0.989779,3.31,0.92,11.664544867
7.11,0.331,0.26,2.81,0.08,3.2,6.0,0.995317,3.42,0.35,9.830573126
6.68,0.234,0.32,0.83,0.07,26.9,73.7,0.996136,3.32,0.93,8.561871032
7.05,0.422,0.14,7.84,0.068,39.0,171.0,0.997444,3.11,0.37,8.659771182
7.45,0.21,0.41,7.07,0.036,60.2,142.0,0.996312,3.33,0.63,10.683994036
8.21,0.369,0.37,1.19,0.081,33.7,108.9,0.992812,3.31,0.39,12.09729563
5.43,0.417,0.14,7.6,0.019,41.1,186.5,0.990474,3.15,0.32,10.538903984
6.57,0.664,0.29,1.03,0.096,23.8,92.3,0.995554,3.43,0.51,10.855463393
7.91,0.452,0.37,9.64,0.057,13.3,124.8,0.998087,3.26,0.38,9.80039225
8.17,0.279,0.41,4.54,0.061,23.9,58.1,0.992378,2.94,0.32,10.733641202
7.56,0.192,0.42,12.75,0.052,16.4,151.0,0.997349,3.01,0.62,9.60245163
6.46,0.346,0.15,4.34,0.081,48.7,118.2,0.995379,3.37,0.67,10.362823521
6.64,0.226,0.3,9.49,0.033,38.6,116.4,0.996758,3.23,0.31,9.120375977
6.66,0.238,0.25,7.07,0.041,28.6,129.8,0.992988,3.27,0.36,11.433293089
6.88,0.156,0.35,6.56,0.03,59.9,175.1,0.99377,3.33,0.35,11.0887766
6.86,0.457,0.14,1.67,0.046,40.8,70.4,0.991554,3.19,0.32,11.372380209
7.98,0.113,0.61,10.84,0.028,36.4,172.0,0.995066,2.98,0.31,9.772790642
6.15,0.156,0.32,7.89,0.108,23.0,91.8,0.996735,3.25,0.41,9.234636755
7.42,0.223,0.6,3.74,0.026,15.1,135.3,0.992231,3.13,0.52,10.477922923
6.41,0.433,0.21,8.16,0.031,43.7,180.6,0.992121,3.23,0.4,11.018009327
10.32,0.585,0.27,1.78,0.122,6.2,9.8,0.997308,3.05,0.69,9.670387672
6.5,0.362,0.46,2.22,0.044,12.1,22.2,0.994474,3.31,0.32,9.762196915
8.18,0.127,0.43,1.35,0.051,74.9,152.9,0.994728,3.11,1.83,9.287062866
8.24,0.295,0.46,4.21,0.023,12.3,69.5,0.993475,3.53,0.79,14.20490385
8.4,0.898,0.03,4.28,0.082,13.3,42.8,0.999409,3.41,0.57,9.315111741
6.42,0.29,0.33,11.89,0.104,46.2,160.4,0.998238,3.12,0.32,8.95023053
7.45,0.494,0.22,5.81,0.058,21.1,123.9,0.996675,3.19,0.31,10.307441012
6.01,0.132,0.53,2.54,0.039,102.1,252.0,0.991694,3.08,0.47,10.332919266
11.33,0.391,0.49,7.67,0.091,18.2,123.6,0.99889,2.89,0.44,9.485746248
7.89,0.318,0.24,6.3,0.034,39.8,137.0,0.997899,3.26,0.71,9.200992231
7.37,0.326,0.18,3.57,0.08,19.5,80.1,0.994752,3.31,0.61,12.119081024
10.22,0.591,0.21,0.68,0.084,13.2,6.0,0.99526,3.3,0.88,12.322438405
5.65,0.33,0.33,5.39,0.033,32.2,188.9,0.993585,3.06,0.53,8.883620632
7.18,0.258,0.47,5.74,0.028,20.4,121.4,0.992476,3.12,0.4,11.114600474
7.48,0.37,0.31,10.24,0.028,36.2,186.8,0.994365,3.24,0.94,11.396920118
8.54,0.121,0.53,3.95,0.051,27.9,149.5,0.994101,3.01,0.34,10.086383594
6.97,0.184,0.27,1.12,0.024,39.1,78.8,0.990832,3.52,0.39,12.763843131
9.6,0.255,0.35,2.33,0.12,19.2,63.5,0.999679,3.08,0.39,9.204166955
9.71,0.217,0.42,0.7,0.037,34.7,112.5,0.991725,3.23,1.07,11.719894384
5.45,0.175,0.35,28.16,0.022,87.7,214.9,0.997098,3.26,0.31,9.970987694
7.18,1.146,0.19,3.68,0.088,18.3,72.8,1.00439,3.8,1.57,8.572459556
7.53,0.408,0.25,1.84,0.091,17.6,40.8,0.996078,3.3,0.32,9.622785353
6.7,0.242,0.21,5.24,0.028,79.2,204.7,0.991432,3.26,0.36,11.36428129
9.05,0.168,0.43,3.66,0.022,38.0,156.9,0.991321,3.11,0.35,12.246679481
4.82,0.156,0.4,6.23,0.032,44.7,176.2,0.991874,3.23,0.31,9.770486401
5.74,0.119,0.49,0.87,0.026,60.0,141.4,0.988714,3.27,0.37,12.092988122
6.58,0.134,0.43,2.01,0.043,40.7,161.7,0.990452,3.3,0.4,11.236791899
6.97,0.187,0.45,18.64,0.025,32.7,138.7,0.997284,3.16,0.58,10.532415832
7.38,0.323,0.33,3.44,0.039,33.4,161.1,0.994333,3.18,0.7,10.312271405
7.83,0.336,0.29,1.86,0.102,4.8,6.0,0.995326,3.25,1.09,11.455454569
8.94,0.747,0.1,3.97,0.182,25.0,91.9,1.003263,3.49,0.71,8.496812404
6.45,0.489,0.35,0.86,0.097,22.2,60.1,0.993773,3.32,0.4,10.836058749
5.79,0.334,0.25,4.1,0.055,26.2,153.6,0.992998,3.15,0.58,11.467607076
7.61,0.145,0.46,4.6,0.04,32.7,131.7,0.992654,3.18,0.38,11.989277436
6.64,0.42,0.22,1.16,0.07,30.5,81.4,0.992579,3.42,0.38,10.48349312
6.9,0.137,0.39,5.69,0.025,64.3,157.5,0.991476,3.23,0.4,12.799587132
6.75,0.423,0.24,3.44,0.065,13.7,68.9,0.9979,3.07,1.07,8.468400296
6.96,0.29,0.33,1.03,0.098,26.6,76.3,0.995491,3.63,0.6,9.69883064
7.8,0.311,0.46,13.31,0.075,101.3,200.2,1.000506,3.11,0.43,8.927337671
7.08,0.341,0.18,2.15,0.059,27.3,38.3,0.993544,3.26,0.84,10.663118143
7.44,0.41,0.2,5.12,0.057,16.9,44.2,0.992095,3.18,0.31,12.697787607
7.6,0.231,0.45,2.23,0.053,11.8,44.1,0.992451,2.99,0.54,11.11768131
7.13,0.369,0.12,2.21,0.04,12.3,64.2,0.99169,3.27,0.49,12.314671989
7.31,0.267,0.53,7.85,0.052,29.1,172.2,0.996623,3.06,0.58,8.924750055
8.08,0.322,0.19,5.0,0.089,14.5,81.2,0.997028,3.42,0.49,10.061206746
7.46,0.291,0.54,6.63,0.061,9.2,153.3,0.995896,3.13,0.4,10.309998519
9.2,0.443,0.53,5.99,0.096,15.2,143.2,1.0011,2.99,0.82,8.77481316
7.64,0.179,0.46,1.64,0.029,23.8,168.4,0.990351,3.03,0.32,11.221141714
4.82,0.378,0.02,2.2,0.031,25.9,122.7,0.991411,3.59,0.37,11.027417112
6.92,0.327,0.3,7.7,0.043,58.9,192.9,0.995783,3.12,1.12,9.476639893
7.29,0.225,0.26,17.04,0.044,25.5,136.7,0.997902,2.99,0.35,9.403439975
7.57,0.337,0.32,1.97,0.055,26.0,109.2,0.992586,3.02,0.41,10.738241584
6.06,0.214,0.21,21.92,0.027,61.2,159.0,0.996454,3.3,0.35,10.89315796
5.23,0.32,0.07,5.12,0.055,27.5,91.2,0.991487,3.19,0.41,11.386704797
7.32,0.319,0.39,11.06,0.067,40.8,158.2,0.999829,3.17,0.41,8.739521627
11.52,0.318,0.46,11.06,0.08,25.5,76.6,1.00351,3.11,1.04,8.668848984
6.44,0.358,0.14,0.78,0.062,17.7,40.0,0.991972,3.32,0.58,11.028681182
6.9,0.653,0.21,10.2,0.078,20.8,94.0,0.996039,3.12,0.5,10.033319388
8.45,0.376,0.43,16.88,0.047,52.8,146.6,0.999001,3.1,0.41,9.673530291
6.26,0.183,0.29,5.78,0.072,38.9,129.7,0.995959,3.44,0.44,10.006565352
9.58,0.365,0.38,1.46,0.058,13.5,80.1,0.994418,3.19,0.65,11.385981397
6.96,0.361,0.4,1.6,0.048,20.2,59.1,0.990026,3.34,0.43,13.093097493
6.67,0.267,0.27,1.97,0.033,44.2,171.1,0.991082,3.15,0.45,10.113781006
6.25,0.101,0.34,3.52,0.021,65.5,207.0,0.992264,3.06,0.31,10.383168274
7.28,0.401,0.41,5.41,0.038,12.4,68.1,0.992818,3.08,0.32,11.662242684
6.3,0.256,0.27,9.3,0.041,42.1,201.3,0.993599,3.05,0.47,10.144757416
5.67,0.261,0.07,0.72,0.035,23.3,134.5,0.98989,3.29,0.37,10.069018302
7.31,0.282,0.0,0.86,0.065,19.9,88.0,0.994323,3.45,0.52,11.200231924
9.58,0.504,0.32,2.23,0.076,20.5,107.2,0.994351,2.92,0.32,10.063710542
6.1,0.414,0.33,1.28,0.06,53.2,154.2,0.992267,3.25,0.42,10.91452465
6.95,0.249,0.31,2.39,0.047,21.4,77.0,0.994369,3.08,0.75,9.639005252
6.77,0.179,0.11,2.35,0.04,7.4,115.0,0.99475,3.34,0.33,9.728177137
7.35,0.479,0.37,7.69,0.095,83.1,200.6,0.995704,3.15,0.33,10.61015612
7.35,0.272,0.35,14.18,0.077,67.6,229.8,0.998336,3.21,0.38,9.143727778
8.8,0.629,0.33,3.49,0.048,15.2,65.6,0.996421,3.35,0.55,10.170104464
7.32,0.468,0.31,2.01,0.06,16.0,91.2,0.997461,3.32,1.27,8.85885517
10.35,0.373,0.55,2.22,0.084,24.7,144.0,0.997641,2.95,1.33,9.066256444
8.31,0.291,0.3,2.73,0.062,23.1,111.3,0.999364,3.26,0.98,8.437002815
6.86,0.22,0.33,0.98,0.044,21.8,100.1,0.994301,3.61,0.45,9.971222587
5.81,0.261,0.22,1.63,0.05,31.5,151.4,0.990619,3.17,0.55,11.629096461
6.16,0.277,0.22,0.97,0.113,11.0,57.2,0.994158,3.36,0.37,9.403828231
7.09,0.27,0.29,2.9,0.024,54.9,149.7,0.991198,2.98,0.37,10.470128414
6.34,0.358,0.32,3.49,0.041,68.0,159.2,0.991233,3.11,0.54,11.541840783
7.62,0.463,0.41,2.06,0.04,5.1,36.6,0.992987,3.48,0.87,12.56292621
6.43,0.118,0.47,4.31,0.048,53.5,187.7,0.991102,3.18,0.38,12.567847267
6.05,0.27,0.2,1.37,0.015,37.6,120.1,0.989202,3.46,0.68,13.677435537
6.54,0.478,0.2,8.54,0.052,24.0,89.4,0.993523,3.28,0.34,11.726735851
7.36,0.276,0.34,6.7,0.059,22.3,154.4,0.995498,3.03,0.32,9.821847361
6.47,0.181,0.5,7.17,0.027,32.9,134.9,0.994108,3.51,0.96,11.124204588
6.64,0.679,0.0,2.04,0.062,68.5,88.1,0.994053,3.23,0.35,10.243796994
7.72,0.326,0.29,3.73,0.072,22.2,57.0,0.99794,3.52,0.63,10.222456902
6.76,0.341,0.46,3.9,0.022,18.5,100.7,0.994368,3.25,0.36,10.009666434
7.92,0.231,0.37,5.56,0.029,32.4,166.2,0.992922,3.1,0.31,10.387191872
5.27,0.123,0.46,3.52,0.024,8.3,102.7,0.990289,3.09,0.36,10.64659913
9.09,0.324,0.3,6.98,0.052,26.4,155.0,0.998009,2.88,0.32,8.928448235
6.5,0.275,0.34,8.48,0.024,48.1,243.7,0.993853,3.09,0.31,9.532587231
6.34,0.492,0.21,2.26,0.109,15.2,75.1,0.996009,3.58,0.97,10.781585061
8.09,0.3,0.46,13.18,0.074,21.8,105.5,0.999225,3.0,0.33,8.976201743
8.53,0.268,0.21,2.48,0.06,32.7,73.0,0.994627,2.88,0.6,9.79925513
8.5,0.288,0.41,1.91,0.043,26.4,86.8,0.995039,3.18,0.96,10.029773607
7.04,0.603,0.17,14.5,0.069,11.2,105.0,1.002811,3.49,0.75,9.160658843
7.34,0.624,0.56,4.19,0.057,58.1,155.5,0.991186,3.27,0.32,12.681411915
9.83,0.243,0.59,1.99,0.048,31.3,103.9,0.992679,3.11,0.31,12.797403294
7.57,0.361,0.38,1.02,0.09,20.3,24.9,0.998054,3.79,1.48,10.392309736
6.12,0.106,0.48,17.01,0.03,74.5,201.9,0.994409,3.03,0.37,10.620862389
7.43,0.411,0.2,1.81,0.057,21.6,119.3,0.991622,3.34,0.56,12.137424244
8.46,0.311,0.56,10.19,0.053,46.8,147.1,0.998579,3.22,0.48,9.878507354
5.81,0.411,0.19,4.94,0.07,12.9,125.7,0.993088,3.11,0.4,9.375944361
8.75,0.497,0.35,2.84,0.073,19.7,117.0,0.99615,3.04,0.4,10.414350707
8.81,0.237,0.48,2.65,0.055,44.9,133.5,0.996386,3.01,0.33,9.09322145
6.66,0.431,0.22,7.26,0.065,23.1,115.8,0.995595,3.28,1.02,10.071854565
6.85,0.213,0.45,5.18,0.058,30.3,162.7,0.995793,3.35,0.38,9.323637486
6.61,0.3,0.3,4.94,0.041,23.6,89.8,0.996209,3.46,0.69,10.607321066
6.44,0.218,0.39,10.67,0.048,34.0,156.0,0.997617,3.15,0.51,9.713508896
7.16,0.204,0.24,3.77,0.054,27.6,106.1,0.995003,3.22,0.94,9.604912177
6.36,0.345,0.56,14.16,0.059,65.4,200.7,0.995783,3.23,0.36,10.18191761
7.91,0.328,0.34,7.83,0.044,29.5,83.4,0.99442,3.38,0.7,11.73543548
6.6,0.321,0.0,3.74,0.031,29.0,100.7,0.994864,3.39,0.48,10.276304391
6.92,0.415,0.53,8.49,0.038,24.5,138.9,0.995004,3.18,0.49,11.201903081
6.12,0.234,0.5,1.15,0.08,18.2,72.9,0.992567,3.08,0.5,9.899334456
8.91,0.15,0.62,6.93,0.015,53.6,140.8,0.995311,2.8,0.31,9.854921199
9.4,0.232,0.38,0.84,0.051,3.8,8.5,0.993139,3.23,0.34,11.372316456
9.44,0.311,0.45,4.01,0.037,24.3,175.1,0.997026,3.14,0.56,10.32663451
6.31,0.403,0.12,3.04,0.055,16.7,82.3,0.993518,3.32,0.32,10.533609235
5.12,0.312,0.07,7.21,0.059,44.9,116.5,0.992384,3.32,0.35,10.536702275
5.63,0.122,0.38,16.33,0.018,47.1,196.8,0.996551,3.23,0.33,8.944584412
6.69,0.287,0.18,1.59,0.032,8.3,33.0,0.989281,3.28,0.34,13.791970685
7.95,0.376,0.29,7.19,0.053,21.0,52.9,0.997002,3.3,0.59,10.830987482
7.31,0.34,0.15,5.93,0.052,64.0,210.7,0.997443,3.37,0.4,9.179691336
5.62,0.421,0.41,4.41,0.05,20.9,145.1,0.992979,3.28,0.39,10.910057731
6.59,0.606,0.27,7.52,0.092,37.4,159.2,0.995582,3.23,0.89,10.170325536
7.54,0.353,0.5,17.65,0.059,9.4,85.1,1.000681,3.06,0.63,9.18661762
5.99,0.255,0.48,1.6,0.081,17.3,149.7,0.993527,3.42,0.91,10.385942847
7.31,0.334,0.33,1.53,0.051,24.5,67.8,0.99345,3.29,0.6,10.15948823
8.88,0.363,0.24,2.59,0.081,9.9,78.3,0.998426,3.22,0.79,8.73211895
7.4,0.215,0.26,1.91,0.051,30.1,102.6,0.993301,3.3,0.43,10.751698923
7.39,0.19,0.42,15.37,0.069,22.0,146.3,0.997277,2.9,0.49,9.379399009
10.84,0.897,0.29,0.67,0.067,4.0,6.0,0.991936,3.54,0.46,14.404327025
9.71,0.37,0.43,2.1,0.073,5.0,11.5,0.997174,3.21,0.55,11.1128333
9.71,1.203,0.12,0.98,0.085,4.1,6.0,0.998246,3.45,1.87,11.282020347
7.69,0.453,0.34,2.12,0.034,13.0,79.5,0.994689,3.31,0.74,11.26150432
5.64,0.284,0.08,2.23,0.016,44.4,161.6,0.990509,3.23,0.58,11.514050143
9.45,0.405,0.34,5.37,0.112,15.5,85.9,1.001412,3.04,0.57,8.617040521
7.36,0.368,0.45,1.89,0.08,33.1,141.7,0.992496,3.09,0.54,11.068707158
6.68,0.315,0.38,3.41,0.063,12.3,77.3,0.996701,3.42,0.42,9.979465819
8.83,0.384,0.38,1.34,0.088,10.8,50.7,0.997344,3.15,1.18,9.290715606
8.54,0.247,0.47,2.89,0.044,23.5,54.1,0.990299,2.81,0.46,12.657602333
5.47,0.193,0.33,11.18,0.034,41.6,154.1,0.994753,3.18,0.31,9.573652431
5.98,0.301,0.24,1.53,0.084,15.7,94.0,0.993999,3.23,0.32,8.975758943
6.98,0.285,0.33,13.46,0.033,42.4,173.3,0.996087,3.02,0.38,9.56402374
6.32,0.442,0.08,4.41,0.11,8.8,33.0,0.996419,3.28,0.62,10.239827444
7.89,0.361,0.29,1.6,0.072,13.1,83.4,0.995531,3.34,0.68,10.253172049
6.15,0.347,0.18,14.89,0.051,41.0,148.6,1.000191,3.56,0.58,9.648359032
6.5,0.228,0.17,2.87,0.044,17.3,85.7,0.994008,3.24,0.63,10.662111818
6.78,0.308,0.0,1.2,0.053,13.5,69.7,0.989916,3.26,0.31,12.15252839
7.35,0.379,0.26,2.13,0.037,87.6,137.2,0.992464,3.25,0.37,10.802386377
7.43,0.699,0.18,2.73,0.062,20.6,64.5,0.994004,3.32,0.39,11.894334045
9.24,0.294,0.35,2.9,0.032,9.0,50.4,0.994049,3.23,0.33,12.221005867
8.01,0.31,0.41,3.72,0.1,21.1,130.5,0.997282,3.12,0.33,9.389427663
9.04,0.368,0.27,1.26,0.066,11.8,15.6,0.992316,3.17,0.32,12.223167661
5.95,0.464,0.13,5.77,0.034,41.6,195.8,0.991361,3.17,0.33,10.840143777
7.22,0.532,0.3,1.73,0.125,24.2,112.1,0.9969,3.39,0.52,10.380776176
7.69,0.569,0.58,6.14,0.109,25.8,181.6,0.999293,3.36,1.57,9.501553016
7.09,0.259,0.19,1.22,0.031,10.8,76.3,0.992801,3.49,0.31,11.647823573
6.27,0.289,0.09,3.65,0.044,26.2,124.9,0.992894,3.23,0.51,10.647853462
7.58,0.623,0.28,7.99,0.081,42.7,146.1,0.997876,3.31,0.53,9.461902805
8.65,0.137,0.61,2.86,0.053,43.2,154.3,0.993388,3.03,0.35,11.411479542
6.44,0.328,0.2,5.14,0.03,9.8,140.6,0.994522,3.3,0.41,8.985678061
6.07,0.166,0.27,7.36,0.032,38.7,163.8,0.994391,3.36,0.31,10.248902161
6.55,0.214,0.38,8.85,0.082,53.7,148.9,0.995687,2.93,0.32,8.805624705
6.09,0.365,0.33,10.79,0.074,49.6,181.8,0.995471,3.14,0.33,9.247919202
8.09,0.548,0.1,1.09,0.072,2.2,48.6,0.993931,3.31,0.36,9.865011982
7.03,0.708,0.37,8.45,0.053,30.1,57.0,0.997003,3.48,0.67,10.49397202
5.51,0.129,0.26,1.41,0.03,50.4,149.3,0.98901,3.29,0.32,12.490849457
11.23,0.566,0.3,10.36,0.053,23.6,113.3,0.999656,2.9,0.4,10.05993288
5.69,0.258,0.12,7.45,0.048,30.1,39.1,0.995056,3.4,0.51,10.288583027
4.77,0.114,0.45,13.02,0.016,48.8,220.6,0.99182,3.4,0.36,12.021620509
7.95,0.212,0.4,7.76,0.084,9.5,113.3,0.999638,3.23,0.95,9.34624088
7.76,0.514,0.26,4.6,0.114,57.8,79.6,1.003001,3.34,1.18,8.530755949
9.03,0.238,0.36,2.64,0.041,40.8,165.6,0.995049,3.02,1.46,9.352226476
11.54,0.48,0.53,10.16,0.054,18.2,41.9,0.999406,2.95,0.31,9.750886983
5.73,0.213,0.33,3.25,0.052,24.0,135.5,0.994683,3.13,0.32,9.913866913
8.65,0.289,0.34,1.43,0.039,23.4,99.9,0.990616,3.08,0.6,12.279019864
5.97,0.169,0.37,7.1,0.038,83.8,251.5,0.99205,2.97,0.45,10.370244218
6.83,0.332,0.35,3.13,0.027,34.4,163.4,0.99237,3.21,0.49,12.460296899
6.87,0.287,0.49,2.31,0.046,18.2,67.8,0.992909,3.3,0.37,11.542552437
9.69,0.361,0.39,1.32,0.109,8.9,39.2,0.997243,3.27,0.53,10.021074003
6.66,0.405,0.15,2.53,0.044,44.1,189.6,0.994672,3.04,0.34,8.855770434
8.4,0.138,0.36,15.04,0.023,74.5,260.4,0.997344,3.21,0.33,9.310041785
6.69,0.315,0.15,12.51,0.039,20.7,197.5,0.999556,3.31,0.42,8.583499855
7.99,0.256,0.34,2.87,0.046,43.5,119.2,0.991583,3.1,0.44,12.167792606
10.59,0.301,0.43,2.08,0.08,32.2,114.5,0.995249,2.99,0.69,10.304694809
6.4,0.158,0.39,5.73,0.03,54.1,226.7,0.991493,3.07,0.51,10.738471824
8.79,0.205,0.56,5.96,0.056,46.3,136.0,0.996313,3.29,0.35,9.992622105
6.98,0.164,0.6,20.35,0.044,69.0,253.8,0.997259,3.03,0.93,9.412417786
9.45,0.35,0.27,0.95,0.049,13.4,61.9,0.992465,3.35,0.63,11.662429567
10.01,0.33,0.63,1.79,0.095,13.0,39.4,0.993398,3.09,0.45,11.783279165
5.88,0.438,0.33,4.55,0.038,39.1,184.3,0.991769,2.97,0.48,10.229709939
8.59,0.49,0.29,9.24,0.054,75.1,170.7,0.997295,2.98,0.34,10.545080749
6.78,0.388,0.23,1.91,0.025,32.8,117.6,0.99382,3.35,0.32,9.352279904
6.67,0.337,0.23,3.59,0.048,24.8,103.1,0.993389,3.18,0.39,9.971214989
5.73,0.16,0.43,6.73,0.04,83.5,269.1,0.992604,3.25,0.43,10.445327177
7.79,0.139,0.34,1.2,0.051,45.5,139.1,0.992943,3.32,0.4,11.487014794
7.12,0.424,0.08,12.31,0.03,33.9,127.6,0.997865,3.27,0.44,9.604166182
7.08,0.669,0.19,10.24,0.048,39.9,142.4,0.998212,3.31,0.33,8.975736479
8.4,0.408,0.37,2.65,0.047,41.5,127.6,0.993529,3.26,0.73,11.120817462
10.0,0.687,0.2,2.9,0.094,17.2,27.9,0.996394,3.05,0.47,10.972471437
6.33,0.196,0.37,2.19,0.045,36.4,153.5,0.991366,3.1,0.38,11.822867987
7.7,0.109,0.61,2.06,0.033,25.1,63.0,0.992023,3.01,0.72,11.729533264
7.2,0.371,0.28,0.68,0.073,12.9,100.5,0.993821,3.56,0.47,10.749864602
8.84,0.274,0.3,2.95,0.05,45.4,186.7,0.995343,3.06,0.73,9.277091061
5.59,0.269,0.11,4.89,0.035,19.2,92.2,0.991427,3.44,0.35,11.64029394
6.69,1.281,0.18,5.73,0.09,6.8,94.7,0.9988,3.52,1.35,9.702958046
7.97,0.166,0.54,4.22,0.039,18.5,149.0,0.993025,3.11,0.32,11.409910914
4.84,0.606,0.0,4.91,0.046,32.9,139.5,0.990239,3.26,0.57,12.180870525
6.75,0.213,0.36,1.81,0.039,72.1,98.3,0.99201,3.29,0.76,11.506869027
10.94,0.59,0.42,2.79,0.075,3.4,63.5,0.999435,3.14,0.7,9.28988261
5.65,0.278,0.37,7.11,0.083,71.8,220.6,0.995971,3.16,0.34,9.421361059
7.63,0.612,0.05,1.97,0.101,24.8,83.8,0.996454,3.33,0.69,9.921316309
7.81,0.448,0.49,9.48,0.061,18.6,87.1,0.997617,3.36,0.75,10.498180106
8.31,0.222,0.33,3.92,0.026,33.5,105.4,0.994456,3.24,0.82,11.122837258
10.54,0.418,0.27,6.82,0.08,22.5,130.3,1.001502,3.24,0.56,8.593150025
6.21,0.436,0.19,4.12,0.038,21.0,146.0,0.992022,3.09,0.63,10.471802385
7.42,0.267,0.46,5.99,0.084,30.3,118.9,0.996365,3.3,0.4,9.967949634
7.9,0.274,0.67,3.76,0.065,28.0,93.0,0.995882,3.36,0.89,10.739507676
6.97,0.365,0.23,4.78,0.029,54.4,151.7,0.995006,3.26,0.41,10.303801741
7.72,0.314,0.33,4.33,0.04,24.6,132.0,0.995444,3.18,0.35,9.811930109
7.01,0.281,0.17,3.56,0.08,33.7,137.5,0.995416,3.04,0.36,8.983089978
10.92,0.159,0.61,2.36,0.052,12.7,43.0,0.994513,3.09,1.12,11.544232661
6.47,0.293,0.29,8.94,0.047,34.1,146.0,0.996918,3.07,0.41,8.675741222
7.9,0.411,0.37,2.84,0.111,25.5,77.7,0.994774,2.98,0.39,10.654079915
6.77,0.729,0.06,1.91,0.084,21.9,100.7,0.996923,3.52,0.66,9.635836283
9.67,0.278,0.23,3.63,0.084,3.0,31.5,0.997093,2.88,0.58,9.775398269
5.6,0.173,0.16,3.83,0.042,30.8,116.9,0.991856,3.33,0.54,11.403056477
5.97,0.542,0.28,12.76,0.061,25.0,169.6,0.995721,3.29,0.54,10.170756368
7.08,0.278,0.36,12.42,0.026,26.1,148.5,0.996955,3.23,0.33,9.73295024
6.68,0.143,0.45,2.82,0.048,43.2,115.1,0.991593,3.2,0.38,10.489770434
8.89,0.347,0.4,4.75,0.071,6.1,104.4,0.999207,3.3,0.97,9.538334411
7.26,0.401,0.28,20.68,0.059,35.6,159.0,0.99986,3.15,0.59,9.131680733
6.0,0.342,0.17,6.77,0.044,41.4,137.4,0.99251,3.3,0.34,10.240327675
7.75,0.183,0.82,0.96,0.051,21.0,54.5,0.989192,3.04,0.7,13.162186295
8.35,0.189,0.3,10.59,0.043,39.9,163.5,0.997205,3.21,0.37,10.507390341
8.43,0.502,0.48,6.96,0.09,47.0,233.4,0.996924,3.22,0.38,9.723242765
5.5,0.318,0.25,4.1,0.031,36.6,171.4,0.992192,3.34,0.38,11.383278039
9.02,0.185,0.31,2.83,0.076,16.6,109.9,0.997321,3.19,0.42,9.990174876
7.18,0.444,0.34,2.65,0.079,11.1,47.0,0.99633,3.32,0.42,10.517177704
8.16,0.436,0.25,2.27,0.102,53.1,233.2,0.99921,3.41,1.13,8.584813227
5.87,0.403,0.0,1.46,0.029,41.0,96.3,0.98958,3.37,0.54,11.030701088
7.95,0.204,0.25,3.16,0.048,34.0,78.1,0.995706,3.11,0.32,9.627827363
6.27,0.165,0.21,0.87,0.042,20.0,102.4,0.989877,3.36,0.66,11.928790605
5.1,0.38,0.0,0.88,0.031,30.7,95.9,0.987958,3.26,0.36,11.439891226
6.78,0.852,0.16,8.82,0.059,26.1,113.3,0.998742,3.44,0.41,9.926160127
8.08,0.322,0.34,12.91,0.04,29.4,83.1,0.996047,3.1,0.85,10.751460525
6.63,0.224,0.47,6.47,0.035,51.3,230.3,0.996973,3.13,0.91,8.638205132
6.12,0.306,0.21,1.19,0.051,15.1,86.0,0.992034,3.37,0.79,11.345960308
6.3,0.407,0.36,2.23,0.049,36.7,90.0,0.99026,3.25,0.6,12.601373785
5.36,0.242,0.13,5.1,0.032,17.9,90.7,0.989504,3.18,0.31,12.902788756
6.96,0.174,0.23,1.62,0.048,21.7,63.4,0.994207,3.04,0.67,9.508161783
7.94,0.686,0.27,0.9,0.09,22.5,69.5,0.99257,3.25,0.54,12.102570302
6.63,0.274,0.38,9.74,0.074,28.0,73.9,0.996384,3.19,0.33,9.914884186
6.0,0.312,0.2,6.51,0.049,36.5,164.0,0.994419,3.14,0.31,9.576283646
5.39,0.419,0.22,2.19,0.031,43.5,112.6,0.990869,3.52,1.15,11.725634231
7.06,0.316,0.34,6.35,0.057,22.3,113.5,0.995041,3.1,1.03,10.692562475
6.74,0.674,0.25,2.29,0.052,25.6,140.3,0.993748,3.26,0.31,9.983320356
4.91,0.111,0.19,16.91,0.03,33.1,138.2,0.99452,3.28,0.42,9.671198434
8.55,0.488,0.2,1.28,0.06,2.7,50.9,0.993977,3.0,0.31,10.689806006
5.36,0.176,0.31,7.99,0.041,38.8,208.7,0.994104,3.37,0.4,9.673985373
5.59,0.665,0.01,4.74,0.02,29.5,127.1,0.990159,3.28,0.4,11.668400248
10.1,0.272,0.38,2.96,0.115,14.0,78.4,0.997819,3.08,0.33,9.609415465
6.53,0.249,0.36,1.26,0.052,40.6,173.3,0.991579,3.25,0.44,10.006851901
5.44,0.277,0.04,1.12,0.045,21.3,79.0,0.989549,3.44,0.41,12.62572389
9.18,0.258,0.43,0.94,0.057,30.5,125.3,0.991699,3.1,0.54,11.517983459
8.71,0.337,0.26,0.62,0.076,6.8,37.8,0.989665,3.1,0.5,13.24111137
6.64,0.32,0.15,1.64,0.031,12.5,116.3,0.992146,3.25,0.47,11.004517168
7.38,0.154,0.2,2.84,0.032,40.9,137.8,0.99573,3.29,0.62,9.306077199
6.27,0.176,0.16,1.64,0.022,31.6,137.7,0.988133,3.11,0.31,11.826608569
6.74,0.197,0.39,7.2,0.077,26.8,139.9,0.996843,2.97,0.52,9.33838524
8.55,0.33,0.16,1.51,0.071,18.0,95.6,0.995747,3.19,0.31,8.909862155
7.38,0.32,0.38,5.97,0.081,30.4,103.2,0.996173,2.99,0.49,10.09460838
8.18,0.2,0.47,3.18,0.087,27.3,170.8,0.994911,3.04,0.44,9.740176535
6.12,0.427,0.13,1.2,0.038,18.5,22.6,0.989455,3.19,0.32,11.494234656
5.65,0.142,0.34,3.84,0.04,45.0,166.4,0.992366,3.33,0.48,9.27709988
7.26,0.25,0.3,0.98,0.048,28.7,135.7,0.994871,3.16,0.54,9.085414561
6.55,0.371,0.18,3.51,0.036,60.4,219.2,0.996245,3.32,0.44,9.59669246
6.77,0.273,0.32,3.36,0.047,22.7,168.7,0.997323,3.49,0.39,9.081134709
7.43,0.755,0.12,2.89,0.087,13.8,40.6,0.995587,3.34,0.41,9.933971839
6.64,0.275,0.27,3.34,0.033,15.1,50.8,0.994294,3.29,0.42,9.926780205
5.6,0.266,0.21,5.88,0.042,15.5,111.3,0.993369,3.3,0.34,10.486202748
5.62,0.376,0.23,1.41,0.032,38.3,120.7,0.989404,3.26,0.33,11.579369609
5.49,0.2,0.32,1.19,0.026,25.3,211.0,0.989436,3.31,0.77,10.547307039
6.82,0.317,0.2,4.96,0.067,35.3,84.7,0.99369,3.11,0.43,10.126158627
7.19,0.706,0.23,1.68,0.049,36.0,93.5,0.99087,3.07,0.5,12.420064871
6.25,0.215,0.39,1.24,0.047,17.0,62.5,0.990408,3.51,0.5,14.274221139
6.32,0.295,0.43,1.36,0.046,3.1,15.7,0.989042,3.07,0.32,13.45721275
7.61,0.668,0.14,10.1,0.084,30.2,56.1,0.998153,3.25,0.41,9.473291008
6.29,0.146,0.46,2.18,0.04,14.9,65.2,0.991604,3.28,0.32,13.061577824
7.48,0.503,0.35,8.34,0.042,30.3,121.5,0.996527,3.39,0.4,10.204659783
8.23,0.231,0.25,2.89,0.068,4.6,36.4,0.998074,3.36,1.52,9.5544936
8.2,0.143,0.52,9.81,0.028,27.5,143.0,0.993917,2.72,0.31,10.397729142
5.72,0.189,0.39,2.19,0.024,7.5,47.8,0.990174,3.23,0.32,12.451155811
5.76,0.251,0.33,11.21,0.075,60.7,131.0,0.994017,3.22,0.31,9.879609608
6.81,0.341,0.17,9.1,0.057,22.9,88.0,0.9967,3.16,0.36,9.140411656
5.97,0.286,0.2,1.25,0.037,9.4,49.6,0.989822,3.18,0.43,11.103431915
6.4,0.177,0.23,2.65,0.034,45.0,187.4,0.992655,3.27,0.69,9.578847598
7.93,0.121,0.71,6.46,0.064,8.0,127.4,0.994398,3.08,0.35,10.955440297
5.28,0.244,0.27,5.01,0.077,58.6,90.6,0.992231,3.43,0.33,11.184985928
6.49,0.895,0.16,2.15,0.04,7.8,9.9,0.993451,3.51,0.37,11.303474828
9.5,0.442,0.38,9.43,0.094,32.0,101.7,0.999784,3.43,1.16,10.649830084
7.06,0.793,0.0,2.33,0.063,24.4,75.8,0.995376,3.5,0.4,9.677088833
8.54,0.281,0.43,2.39,0.048,23.6,126.9,0.995803,2.94,0.64,9.321593885
6.62,0.276,0.29,2.08,0.049,17.1,143.5,0.995719,3.17,0.35,8.532342404
9.01,0.452,0.34,2.93,0.103,12.9,37.5,0.997438,3.29,0.67,10.759484512
7.78,0.234,0.61,7.07,0.076,30.0,169.3,0.997326,3.23,0.94,9.917390032
4.97,0.211,0.16,1.35,0.019,43.7,106.2,0.98711,3.17,0.32,12.531957067
6.79,0.349,0.34,1.21,0.077,9.2,6.0,0.991973,3.3,0.67,11.222609542
6.65,0.142,0.46,3.5,0.053,62.2,199.8,0.992162,3.14,0.51,10.088044699
8.08,0.283,0.62,6.59,0.052,21.6,110.3,0.994123,3.18,0.35,10.888151872
6.03,0.371,0.26,2.93,0.017,31.3,172.3,0.991773,3.08,0.44,9.52862056
7.51,0.447,0.43,1.38,0.054,15.7,127.4,0.995374,3.28,0.92,10.48757725
6.84,0.302,0.35,3.16,0.03,31.0,186.2,0.995911,3.29,0.32,9.414693444
6.14,0.241,0.15,11.51,0.036,28.4,169.7,0.992707,3.02,0.32,11.574981133
9.99,0.304,0.61,3.3,0.092,49.9,171.5,0.999441,3.07,0.43,8.96004047
8.62,0.35,0.54,10.13,0.049,45.9,146.3,0.999638,3.23,0.32,9.528361542
7.41,0.339,0.46,2.54,0.04,26.5,105.8,0.99348,3.27,0.33,11.261850419
7.51,0.402,0.24,0.86,0.073,23.6,39.6,0.994677,3.4,0.5,9.341877596
7.94,0.274,0.1,0.73,0.058,13.6,6.0,0.993084,3.43,0.56,10.370617428
8.92,0.379,0.35,9.57,0.132,55.9,113.9,1.003029,3.49,1.44,9.084954817
5.7,0.251,0.31,11.02,0.051,48.3,165.6,0.995616,3.26,0.7,9.884088123
8.6,0.389,0.26,5.12,0.044,22.2,112.7,0.996463,3.2,0.67,10.088891831
8.39,0.177,0.47,9.82,0.08,22.0,124.8,0.998096,3.05,0.54,9.139674638
7.29,0.233,0.18,6.23,0.06,32.5,78.4,0.992931,3.05,0.63,10.624832404
6.87,0.574,0.08,1.55,0.077,6.6,10.0,0.995317,3.45,1.1,10.638695838
8.31,0.52,0.48,15.17,0.111,38.9,117.0,1.000315,3.21,0.51,10.053782282
7.56,0.675,0.35,0.83,0.112,8.7,33.0,0.991921,3.4,0.68,12.153140899
5.4,0.171,0.21,6.36,0.027,81.7,173.3,0.991786,3.24,0.64,11.571508703
8.3,0.252,0.41,2.31,0.05,24.1,70.6,0.995089,3.35,0.35,10.102522893
6.26,0.278,0.31,5.33,0.058,81.6,181.9,0.995778,3.33,0.34,9.536977501
5.83,0.209,0.4,12.15,0.024,33.9,165.6,0.995946,3.36,0.38,10.910775706
8.79,0.22,0.44,3.82,0.079,5.6,57.7,0.99686,3.28,0.45,9.81721961
7.15,0.143,0.43,1.43,0.033,20.4,121.1,0.990637,3.33,0.58,11.110847787
7.15,0.335,0.07,12.79,0.095,18.4,109.1,0.999975,3.18,0.57,8.967677699
7.31,0.176,0.32,11.2,0.064,39.0,179.0,1.000523,3.25,0.64,9.125555577
5.75,0.266,0.35,3.59,0.042,59.4,103.7,0.990941,3.42,0.33,11.609478365
6.89,0.347,0.27,4.31,0.05,28.6,100.6,0.997543,3.3,0.4,9.354193508
7.36,0.265,0.43,10.15,0.05,18.8,122.2,0.997178,3.32,0.76,10.045210394
6.67,0.432,0.24,6.07,0.048,43.4,115.6,0.993484,3.35,0.58,11.477646254
6.86,0.658,0.18,1.03,0.06,10.3,53.5,0.991483,3.36,0.69,12.80417066
6.52,0.188,0.28,3.15,0.055,25.4,105.8,0.994962,3.26,0.49,9.75503404
7.72,0.174,0.73,3.64,0.036,56.7,149.8,0.990928,2.86,0.32,11.582192696
6.21,0.222,0.41,3.29,0.049,11.1,33.6,0.994212,3.2,0.54,9.950176192
6.6,0.377,0.25,3.81,0.054,39.7,77.2,0.992602,3.23,0.56,11.721116695
9.6,0.435,0.31,1.39,0.068,3.2,23.5,0.994846,3.27,0.51,11.151057691
8.14,1.052,0.24,1.6,0.18,6.2,42.5,1.000278,3.51,0.62,9.09989951
7.6,0.182,0.41,14.31,0.045,35.4,168.9,1.000607,2.98,0.49,8.786211934
11.03,0.319,0.61,5.34,0.078,19.4,130.0,0.998411,2.8,0.47,9.14801449
7.02,0.299,0.32,0.96,0.081,19.9,77.0,0.99354,3.46,0.46,9.988958962
5.53,0.253,0.32,6.57,0.077,58.2,206.5,0.997057,3.47,0.4,9.278798447
7.46,0.428,0.12,6.78,0.091,17.6,90.4,0.99884,3.21,0.32,8.91531009
7.23,0.291,0.08,1.24,0.053,17.8,152.2,0.992759,3.19,0.44,9.829248708
7.23,0.461,0.31,7.25,0.029,22.7,158.9,0.992593,3.1,0.36,11.403977203
8.35,0.316,0.27,11.34,0.061,3.5,72.2,1.001082,3.24,1.04,9.253327312
9.74,0.682,0.32,5.89,0.11,31.2,122.2,0.998682,3.1,0.82,9.994511436
5.41,0.234,0.34,3.7,0.038,33.3,114.3,0.992103,3.21,0.64,10.215896235
5.68,0.26,0.26,0.62,0.019,10.3,64.9,0.98711,3.35,0.38,12.079394421
6.25,0.122,0.42,9.46,0.046,54.4,200.8,0.995533,3.11,0.41,9.490664728
7.25,0.151,0.52,1.17,0.048,11.0,26.4,0.991142,3.31,0.36,13.027396202
6.37,0.543,0.18,5.87,0.044,43.8,189.3,0.993611,3.28,0.39,10.590600872
6.7,0.247,0.62,36.44,0.029,68.0,267.8,0.999875,3.17,0.38,8.978920306
7.91,0.266,0.64,18.65,0.049,63.8,170.4,0.998174,3.13,0.65,10.118697072
8.6,0.548,0.1,2.36,0.048,26.1,131.5,0.993156,3.06,0.73,11.513212542
6.76,0.274,0.34,2.07,0.039,22.3,126.8,0.99199,3.01,0.4,11.23281694
7.09,0.557,0.24,2.94,0.054,43.4,159.1,0.993113,2.96,0.32,9.839070951
7.67,0.729,0.27,2.52,0.059,22.4,175.3,0.994241,3.16,0.57,10.157012953
6.02,0.205,0.24,11.58,0.024,65.3,223.0,0.99382,2.85,0.32,9.360772009
7.32,0.218,0.47,2.9,0.042,63.6,218.6,0.995385,3.37,1.06,10.098758078
8.65,0.265,0.56,7.6,0.039,48.7,159.9,0.995473,3.11,0.54,10.438354751
8.36,0.219,0.26,13.09,0.097,31.7,102.8,0.999018,3.32,0.45,9.732056679
9.41,0.359,0.21,7.12,0.09,61.7,139.4,1.001366,3.11,0.58,8.51899346
6.65,0.682,0.04,1.47,0.067,37.7,61.6,0.993278,3.33,0.53,10.488872483
7.21,0.255,0.27,2.65,0.036,39.3,147.3,0.994633,3.02,0.42,8.814800944
6.31,0.348,0.2,1.84,0.044,20.1,65.4,0.990968,2.97,0.42,10.409354098
7.12,0.902,0.15,1.22,0.041,6.6,6.0,0.991843,3.21,0.52,12.260365068
6.21,0.394,0.2,2.36,0.042,7.2,34.7,0.994549,3.48,0.56,10.610549889
6.49,0.399,0.25,2.16,0.061,45.9,156.5,0.99348,3.34,0.33,10.349588407
6.62,0.211,0.24,2.58,0.042,18.7,81.5,0.993998,3.3,0.91,10.98077788
6.84,0.496,0.35,15.79,0.068,25.2,121.5,0.99652,2.88,1.02,11.033393549
9.46,0.655,0.19,6.75,0.103,16.1,100.2,0.998433,3.15,0.31,10.281315689
8.86,0.22,0.56,3.51,0.07,44.1,105.9,0.996255,3.01,0.89,10.369251484
6.31,0.126,0.42,20.94,0.02,69.4,223.3,0.994942,3.17,0.43,10.58128031
7.01,0.253,0.34,9.85,0.064,42.4,80.9,0.997824,3.26,0.5,10.296111894
5.89,0.268,0.06,1.99,0.045,17.6,69.6,0.992231,3.55,0.39,10.611681269
7.14,0.541,0.38,4.93,0.101,8.8,114.6,0.996366,3.24,0.35,9.567157575
7.22,0.311,0.14,3.12,0.053,29.6,150.9,0.996432,3.26,0.34,9.383800315
9.63,0.484,0.37,11.04,0.064,8.8,69.6,0.999011,3.0,0.58,9.170274668
8.12,0.478,0.31,2.94,0.039,14.2,139.0,0.993241,3.12,0.57,11.336401941
7.99,0.562,0.42,6.1,0.089,20.4,76.8,0.998454,3.15,0.41,9.564645422
7.16,0.544,0.36,6.07,0.099,31.7,155.9,0.995837,2.94,0.4,8.731625712
7.99,0.265,0.42,14.66,0.044,18.5,129.2,0.997024,3.24,0.56,10.455191531
7.22,0.342,0.53,6.02,0.036,31.2,165.5,0.993613,3.03,0.31,10.243159826
6.5,0.318,0.34,1.12,0.044,59.8,145.4,0.992175,3.18,0.46,10.572759264
5.9,0.378,0.33,4.91,0.048,35.6,125.5,0.994581,3.42,0.52,11.661813612
5.9,0.57,0.25,0.88,0.069,55.1,98.7,0.99182,3.11,0.57,9.943577319
7.09,0.307,0.2,1.13,0.06,18.1,52.9,0.995598,3.58,1.26,10.002368385
6.81,0.169,0.37,25.86,0.045,50.5,96.7,1.002488,3.31,0.57,8.813645215
5.92,0.412,0.15,10.25,0.033,34.8,93.6,0.995788,3.39,0.53,10.370826387
6.36,0.288,0.37,3.86,0.069,16.1,88.6,0.993855,3.17,0.54,10.107455785
8.46,0.771,0.26,2.11,0.112,8.6,47.2,1.000039,3.47,0.69,9.283634307
7.09,0.208,0.38,15.89,0.034,37.6,185.0,0.999522,3.15,0.39,8.988640319
8.91,0.464,0.41,8.18,0.041,9.2,88.6,0.996738,3.11,0.49,10.203840027
7.94,0.235,0.23,1.57,0.062,28.6,91.2,0.995122,3.21,0.7,10.834618688
7.31,0.284,0.46,1.29,0.03,26.7,143.0,0.992526,3.23,0.35,10.970456688
6.8,0.513,0.19,2.51,0.085,26.7,117.4,0.994779,3.41,0.44,9.948815947
6.76,0.547,0.24,2.54,0.044,48.0,153.3,0.993155,3.2,0.39,10.829898226
7.75,0.241,0.27,4.14,0.093,19.4,101.6,0.996152,3.12,0.32,9.421244563
7.68,0.295,0.42,5.87,0.036,10.4,58.1,0.994241,3.24,0.56,10.951160946
5.96,0.269,0.13,7.87,0.068,46.6,138.9,0.994746,3.25,0.64,10.005397995
6.25,0.313,0.38,5.73,0.017,19.7,192.0,0.989211,2.83,0.31,13.6155732
9.98,0.603,0.13,2.28,0.107,12.4,122.0,1.000957,3.23,1.48,8.464718
7.52,0.988,0.1,1.92,0.075,25.9,110.1,0.997515,3.37,0.75,9.689900232
7.91,0.547,0.34,3.64,0.053,33.5,102.6,0.993782,3.1,0.32,9.854654023
5.98,0.182,0.29,8.88,0.035,49.0,142.8,0.990983,3.23,0.33,13.08590934
5.83,0.446,0.3,1.24,0.042,15.2,56.5,0.991945,3.39,0.41,11.28700872
6.25,0.314,0.12,5.73,0.07,26.5,88.9,0.995038,3.26,0.64,10.373822549
9.66,0.357,0.21,1.97,0.09,24.1,98.8,0.998992,3.31,0.39,9.649183369
5.87,0.5,0.12,12.88,0.057,21.4,132.6,0.994273,3.16,0.31,10.270975363
8.57,0.522,0.24,1.54,0.106,10.9,6.0,0.994447,3.28,0.65,12.017213019
5.73,0.194,0.27,9.84,0.033,76.3,185.1,0.99245,3.28,0.36,10.749614783
6.42,0.144,0.15,12.27,0.057,73.5,167.6,0.997408,3.08,0.33,8.824769154
6.1,0.115,0.41,4.38,0.04,18.8,176.8,0.991573,3.24,0.43,11.484941694
8.6,0.256,0.32,1.41,0.036,27.8,56.9,0.994912,3.38,0.46,10.805302949
6.81,0.303,0.19,3.83,0.036,11.6,59.0,0.992346,3.21,0.35,11.676478147
10.16,0.557,0.38,2.88,0.076,33.3,96.5,0.99609,3.02,0.47,9.353814876
6.53,0.421,0.35,7.14,0.092,40.1,185.5,0.999367,3.17,0.49,8.405469419
7.67,0.275,0.34,1.58,0.042,14.1,86.5,0.993525,3.15,0.42,10.42939306
7.86,0.166,0.55,4.73,0.039,36.8,153.4,0.993606,3.27,0.32,10.603353887
6.32,0.198,0.35,3.77,0.056,66.4,240.9,0.995628,3.03,0.89,8.504410045
7.62,0.117,0.37,4.01,0.031,48.9,171.2,0.991933,3.23,0.42,12.173910518
5.82,0.32,0.25,1.84,0.072,42.0,66.2,0.99099,3.56,0.32,13.934443883
8.33,0.479,0.4,12.54,0.107,29.8,114.2,0.998839,3.04,0.4,9.990447172
8.4,0.258,0.25,2.12,0.067,66.0,175.3,0.993482,3.13,0.39,10.806326736
6.97,0.491,0.27,1.99,0.039,19.0,105.6,0.994093,3.5,0.45,11.530623462
7.04,0.1,0.51,5.98,0.042,35.8,209.3,0.99089,2.79,0.42,11.193523276
6.47,0.32,0.25,4.17,0.07,30.9,97.7,0.993933,3.15,0.35,9.343923562
5.7,0.207,0.23,6.62,0.016,20.7,153.8,0.99154,3.25,0.59,10.872353385
7.08,0.214,0.35,1.25,0.071,29.3,49.4,0.99202,3.09,0.5,10.917205525
6.41,0.416,0.21,11.13,0.039,14.1,141.6,0.996012,3.05,0.72,9.387576311
6.78,0.273,0.38,4.26,0.055,13.1,45.1,0.996845,3.32,0.34,9.368620948
8.39,0.473,0.2,4.9,0.07,19.2,97.6,0.998535,3.04,0.39,9.060381429
10.95,0.291,0.69,5.1,0.045,25.0,122.2,0.996561,2.72,0.32,9.093528214
6.26,0.526,0.42,11.18,0.039,21.1,139.0,0.994431,3.45,0.34,12.207670909
7.3,0.167,0.34,0.94,0.042,13.7,43.4,0.993107,3.31,0.6,10.246061951
6.81,0.394,0.29,3.11,0.058,6.4,6.0,0.996768,3.16,0.41,9.778774485
7.51,0.22,0.51,0.96,0.066,31.8,121.7,0.994231,3.31,0.86,9.485599359
9.08,0.727,0.36,1.66,0.079,10.7,39.3,0.997078,3.27,0.37,10.530434711
6.96,0.222,0.38,2.53,0.035,34.2,111.7,0.990666,3.34,0.53,12.815416232
6.77,0.592,0.22,7.23,0.109,20.0,105.1,1.00127,3.47,1.26,8.668552262
6.42,0.669,0.04,4.58,0.076,21.8,106.3,0.996274,3.51,0.86,10.409300102
7.46,0.502,0.41,1.66,0.052,11.5,53.8,0.994225,3.33,0.4,11.298845555
6.27,0.177,0.17,1.47,0.036,33.4,105.8,0.989694,3.03,0.38,11.624926955
8.0,0.503,0.54,3.22,0.089,6.5,62.0,0.996107,3.23,0.46,11.076197027
6.47,0.097,0.68,12.12,0.023,26.9,167.2,0.994148,2.92,0.58,9.719096225
6.1,0.471,0.14,5.14,0.048,15.7,92.7,0.993034,3.2,0.31,10.126823431
9.21,0.404,0.18,0.68,0.092,12.0,6.0,0.994285,3.26,0.88,10.659566694
7.52,0.206,0.23,12.61,0.043,33.8,136.9,1.000112,3.11,0.41,8.92429436
5.91,0.228,0.13,5.41,0.037,25.6,95.7,0.993923,3.05,0.42,9.537806435
7.15,0.273,0.36,13.05,0.052,40.6,100.6,0.997003,3.08,0.49,10.372487728
5.56,0.327,0.12,4.36,0.049,9.0,66.9,0.994624,3.24,0.33,10.280246574
8.25,0.316,0.34,2.61,0.067,14.7,47.2,0.99423,3.33,0.34,10.736143126
10.04,0.33,0.42,6.86,0.074,13.5,80.9,0.999891,3.12,0.47,9.080908444
9.65,0.396,0.36,6.08,0.053,16.1,83.0,0.997726,3.31,0.41,10.178706079
7.68,0.344,0.21,2.17,0.046,22.5,136.0,0.994757,3.22,0.58,10.288142775
6.88,0.246,0.2,12.01,0.026,65.0,145.9,0.993471,2.93,0.35,10.127427309
5.65,0.192,0.22,3.04,0.065,40.1,87.1,0.994782,3.44,0.53,9.219419786
6.78,0.455,0.4,5.7,0.06,14.2,132.5,0.995483,3.28,0.55,10.898445882
8.04,0.296,0.45,19.18,0.038,28.0,142.8,0.997484,2.99,0.31,9.454071533
7.69,0.658,0.41,5.94,0.048,7.9,80.2,0.997246,3.29,1.04,11.072033989
6.36,0.454,0.18,1.33,0.077,29.0,84.8,0.995,3.28,0.67,10.153692665
5.48,0.298,0.19,1.78,0.091,56.6,165.2,0.993356,3.28,0.49,8.896044218
8.84,0.37,0.24,2.07,0.052,8.0,92.8,0.996021,3.0,0.53,9.973834139
5.54,0.303,0.37,6.96,0.044,35.8,172.2,0.994475,3.28,1.0,9.965159182
8.02,0.383,0.22,12.66,0.032,20.0,106.0,0.996157,3.19,0.43,10.813354904
10.11,0.294,0.4,4.5,0.073,33.5,117.8,0.994883,3.01,0.43,11.281069801
6.47,0.58,0.2,4.05,0.079,19.9,99.8,0.997365,3.46,0.81,9.603619215
6.82,0.563,0.26,13.13,0.055,21.0,153.1,0.997406,3.24,0.67,9.782357008
8.15,0.743,0.36,4.93,0.114,25.1,126.3,0.998355,3.09,1.13,9.605324363
7.01,0.339,0.55,0.86,0.044,12.4,15.5,0.991159,3.27,0.59,11.89608132
6.1,0.502,0.13,14.32,0.032,37.3,128.8,0.997452,3.26,0.36,9.373835429
9.73,0.178,0.18,2.27,0.126,20.0,51.7,0.998096,3.29,0.4,9.044227655
9.53,0.176,0.37,4.25,0.058,37.7,58.3,0.998545,3.08,0.79,8.939898162
5.55,0.173,0.24,6.08,0.039,23.5,128.4,0.995538,3.44,0.34,9.861077016
9.5,0.516,0.25,0.84,0.075,13.2,118.0,0.993615,3.41,0.76,11.866549885
5.68,0.222,0.22,1.08,0.045,36.6,153.3,0.991909,3.22,0.54,10.307048206
7.2,0.265,0.55,1.34,0.047,8.1,56.4,0.99145,3.42,1.27,13.006299365
8.25,0.128,0.46,2.16,0.037,20.6,142.7,0.993681,3.32,0.7,10.716622575
8.62,0.606,0.25,1.16,0.12,7.0,62.5,0.998119,3.48,0.48,9.334077106
7.17,0.427,0.56,10.95,0.119,29.1,161.1,1.00058,3.34,0.48,8.680899724
7.18,0.177,0.24,1.62,0.033,57.5,77.4,0.991959,3.27,0.42,10.487655489
5.72,0.262,0.21,3.37,0.026,29.5,159.8,0.990106,3.28,0.36,11.201879702
5.75,0.391,0.11,4.59,0.072,25.6,92.4,0.995813,3.33,0.38,8.865691989
8.5,0.318,0.23,12.21,0.031,23.7,62.7,0.995785,3.34,0.44,11.505318446
6.41,0.452,0.21,3.06,0.083,11.0,41.3,0.991724,3.34,0.31,11.467026466
7.77,0.396,0.25,8.9,0.061,30.6,152.5,0.998057,3.17,0.43,9.193102675
11.96,0.337,0.44,2.25,0.082,36.0,152.5,1.000188,3.06,0.92,9.351143362
5.04,0.194,0.27,12.7,0.042,42.4,203.1,0.993266,3.38,0.35,10.264020445
6.28,0.222,0.25,11.5,0.053,75.0,176.3,0.996957,3.24,0.35,8.947264325
5.19,0.255,0.21,5.44,0.036,37.1,124.9,0.99213,3.25,0.34,10.505019714
9.12,0.299,0.1,9.62,0.045,21.7,117.8,0.996249,2.76,0.31,10.038028033
7.37,0.426,0.15,1.04,0.064,31.3,102.5,0.990695,3.06,0.79,12.000702316
5.51,0.209,0.33,17.77,0.036,53.3,202.2,0.994315,3.25,0.34,10.168695395
8.94,0.381,0.57,10.73,0.104,22.5,103.4,1.00043,3.19,1.23,9.185343054
8.02,0.181,0.36,2.79,0.025,30.4,64.1,0.991097,2.96,0.37,11.790714219
6.8,0.285,0.36,9.61,0.047,36.5,211.1,0.996124,3.09,0.55,9.076518958
6.84,0.308,0.35,4.31,0.062,44.5,172.2,0.996718,3.22,0.48,9.159587661
6.84,0.243,0.66,9.95,0.051,41.5,174.3,0.995295,3.09,0.43,11.149400111
4.91,0.192,0.09,1.59,0.039,4.9,37.5,0.98904,3.5,0.4,13.446720129
6.49,0.227,0.62,7.17,0.019,35.1,124.7,0.991312,3.12,0.33,11.870856395
7.7,0.322,0.21,8.71,0.056,48.8,163.2,0.998351,3.24,1.21,9.721414474
6.9,0.182,0.01,3.37,0.078,24.1,51.4,0.99235,3.0,0.35,11.370349251
10.86,0.358,0.42,0.89,0.125,9.3,26.5,0.997638,3.27,0.6,9.270837805
7.15,0.257,0.28,1.6,0.044,15.2,98.7,0.994645,3.24,0.31,9.343998989
7.6,0.584,0.0,4.52,0.089,5.8,81.7,1.001979,3.41,0.56,8.379384488
7.01,0.462,0.14,11.5,0.1,31.4,111.6,0.997745,3.2,0.92,10.221746915
7.0,0.17,0.47,18.9,0.028,37.5,155.0,0.998356,3.18,0.36,9.482219799
8.52,0.609,0.1,3.09,0.043,40.7,114.2,0.995363,3.19,0.33,10.706140794
8.19,0.171,0.32,12.38,0.04,54.9,135.6,0.997162,3.08,0.38,9.852336505
6.69,0.439,0.01,1.58,0.058,13.0,55.1,0.991572,3.19,0.31,11.287960557
9.71,0.367,0.18,2.31,0.073,40.0,63.5,0.996529,3.22,0.35,10.071942592
9.96,0.906,0.3,2.06,0.054,2.9,77.8,0.993263,3.07,0.4,11.922224095
6.89,0.287,0.43,11.55,0.068,47.2,233.3,0.998164,3.34,0.89,9.760254039
6.23,0.537,0.09,11.44,0.04,14.0,104.7,0.998534,3.52,0.33,9.610655794
6.35,0.399,0.1,1.33,0.061,26.4,122.6,0.994065,3.19,1.32,9.734937495
5.77,0.161,0.35,6.19,0.03,52.6,172.1,0.992706,2.97,0.5,10.079413117
5.92,0.157,0.41,8.52,0.031,37.7,178.9,0.994582,3.09,0.32,9.067791878
12.21,0.376,0.53,2.42,0.085,8.4,25.6,1.001593,2.84,0.4,8.715483499
7.75,0.16,0.48,12.31,0.034,22.7,132.3,0.998009,3.19,0.58,9.949749055
10.91,0.43,0.6,3.31,0.101,11.1,66.2,0.99759,3.02,0.57,9.758864004
5.98,0.31,0.44,4.2,0.046,23.0,118.7,0.989908,3.27,0.31,13.713447953
7.2,0.181,0.25,3.96,0.023,16.7,71.3,0.995012,3.21,0.59,9.536418254
7.38,0.27,0.41,2.26,0.062,18.8,80.7,0.995422,3.4,0.31,10.013978083
5.93,0.301,0.23,1.56,0.071,11.4,64.1,0.997538,3.54,0.31,8.638965492
7.77,0.467,0.28,2.44,0.085,17.9,105.4,0.997015,3.23,0.55,9.086549458
5.58,0.512,0.27,2.18,0.085,33.0,120.9,0.993728,3.57,1.14,10.872898487
8.03,0.219,0.53,10.5,0.05,13.1,111.7,1.000447,3.28,0.92,9.533779577
9.15,0.258,0.61,16.01,0.051,29.9,150.1,0.999136,3.05,0.75,9.521122614
8.95,0.264,0.43,4.96,0.035,15.6,83.8,0.996614,3.35,0.33,10.955780632
6.37,0.427,0.08,4.06,0.07,28.2,131.8,0.996556,3.3,0.37,8.714013237
6.61,0.251,0.28,2.47,0.035,11.6,109.7,0.990813,3.35,0.42,11.789053725
6.67,0.214,0.44,1.66,0.049,36.3,165.4,0.990272,3.05,0.33,10.451487234
7.9,0.47,0.34,10.86,0.028,46.6,157.9,0.995562,2.94,0.32,10.398933207
6.98,0.536,0.19,0.93,0.062,40.4,89.6,0.991334,3.16,0.39,12.426056757
6.49,0.468,0.09,6.12,0.111,12.1,51.6,0.995325,3.23,0.68,11.806830548
8.59,0.437,0.37,9.9,0.134,29.5,95.2,1.004428,3.37,0.95,8.755429604
7.13,0.24,0.42,3.03,0.033,18.7,125.9,0.992017,3.01,0.37,10.546823371
6.24,0.279,0.18,6.72,0.087,13.8,74.3,0.994582,3.05,0.36,9.188361277
7.68,0.558,0.18,3.76,0.075,31.8,87.0,0.993646,3.31,0.32,11.859732361
8.33,0.363,0.18,20.34,0.073,42.3,200.2,1.001507,3.24,0.61,8.984317393
6.33,0.287,0.56,16.0,0.035,52.9,250.6,0.996089,3.08,0.32,9.373577258
6.8,0.255,0.57,2.69,0.022,41.4,174.3,0.993382,3.28,0.33,9.977657477
5.21,0.529,0.14,5.08,0.061,27.5,214.5,0.993643,3.26,0.42,9.35016112
6.24,0.629,0.31,7.19,0.064,15.7,68.9,0.997694,3.59,1.16,9.862547032
8.3,0.215,0.42,8.34,0.057,26.7,102.7,0.997922,3.38,0.75,10.128288806
6.99,0.363,0.44,1.04,0.046,11.7,47.4,0.99273,3.3,0.81,10.223754698
10.72,0.378,0.33,3.76,0.087,8.6,59.8,0.999645,3.24,0.44,9.944195872
9.61,0.24,0.48,2.89,0.053,17.8,119.5,0.994947,3.24,0.53,11.315308896
8.54,0.41,0.33,2.33,0.072,3.2,6.0,0.994025,3.01,0.32,11.265793826
6.84,0.551,0.18,1.13,0.049,19.7,96.7,0.992749,3.47,0.59,11.727963478
6.38,0.628,0.18,3.37,0.049,24.2,137.4,0.994428,3.35,0.33,9.746962775
7.04,0.322,0.38,12.17,0.091,26.4,229.8,1.001775,3.26,0.89,8.553091414
8.16,0.303,0.35,2.58,0.08,15.8,70.8,0.998615,3.2,0.72,9.008100711
7.4,0.167,0.52,4.18,0.047,23.5,41.6,0.994492,3.18,0.47,9.980587329
7.01,0.4,0.1,4.6,0.027,15.3,77.0,0.991681,3.12,0.33,12.062325313
5.59,0.158,0.26,2.78,0.025,40.9,153.5,0.988635,3.08,0.31,11.60705153
6.31,0.134,0.46,6.87,0.03,32.9,171.8,0.991629,3.13,0.42,11.414909965
5.38,0.136,0.29,7.4,0.015,27.2,210.8,0.991101,3.45,0.38,11.652494953
6.42,0.332,0.25,2.22,0.02,39.5,167.1,0.991026,3.18,0.36,10.92543088
7.4,0.233,0.2,4.68,0.065,23.9,103.3,0.994574,2.99,0.42,9.365067624
8.31,0.392,0.39,1.56,0.097,31.6,111.0,0.997369,3.26,0.76,9.063562676
7.86,0.252,0.51,1.48,0.038,32.5,164.9,0.994494,2.83,0.35,9.796220079
6.21,0.76,0.18,7.68,0.054,22.7,145.3,0.996786,3.21,0.31,9.770121111
7.4,0.167,0.36,8.0,0.055,45.7,157.2,0.99558,3.19,0.41,10.469614527
6.6,0.179,0.34,3.22,0.048,24.4,130.3,0.993332,3.19,0.33,9.323693962
5.91,0.196,0.25,3.74,0.022,15.7,143.0,0.992454,3.34,0.34,11.939194404
7.63,0.366,0.42,2.25,0.064,41.0,122.7,0.994592,3.3,0.37,9.807595092
10.64,0.693,0.45,3.68,0.079,7.7,102.7,1.00087,3.28,0.79,9.447017126
6.91,0.322,0.34,5.68,0.045,36.9,64.8,0.994156,3.11,0.41,11.875166323
6.07,0.378,0.21,4.87,0.049,22.2,182.6,0.993202,3.05,0.32,9.925742982
6.31,0.435,0.32,2.32,0.054,9.1,93.8,0.994313,3.22,0.38,10.36292728
6.26,0.316,0.18,5.91,0.073,48.8,142.7,0.997823,3.23,0.34,8.433242363
6.59,0.723,0.1,3.17,0.072,26.6,45.3,0.995169,3.32,0.41,11.670111924
6.65,0.248,0.28,1.96,0.024,46.7,197.0,0.992602,3.28,0.32,9.775203159
6.1,0.525,0.14,4.72,0.066,15.4,93.0,0.993276,3.09,0.32,10.555488572
9.72,0.555,0.08,5.51,0.108,1.9,6.0,1.000747,3.28,0.52,10.155245799
6.33,0.351,0.12,0.61,0.057,8.6,51.0,0.992014,3.53,0.89,10.432585735
9.53,0.249,0.33,3.21,0.059,9.2,80.1,0.996186,3.09,0.8,9.811768237
7.12,0.278,0.49,6.01,0.047,47.5,138.2,0.997512,3.1,0.58,8.946620118
7.75,0.328,0.3,12.53,0.077,52.9,150.5,1.001554,3.15,0.42,8.607879218
6.73,0.224,0.25,4.76,0.062,14.7,48.8,0.995257,3.3,0.5,10.188125961
7.96,0.706,0.25,1.53,0.079,4.8,31.4,0.996887,3.61,1.41,10.365801083
7.66,0.456,0.09,7.13,0.051,33.2,76.7,0.997303,3.3,0.38,10.144978474
6.36,0.225,0.45,5.54,0.04,46.8,186.1,0.993472,3.31,0.48,11.636684918
5.46,0.701,0.23,9.65,0.027,47.7,156.7,0.994724,3.52,0.45,11.782519148
7.04,0.161,0.41,2.55,0.027,53.1,191.3,0.993565,3.05,0.44,9.719132144
7.33,0.211,0.36,0.99,0.059,44.6,90.9,0.991261,3.08,0.33,11.764956281
6.37,0.445,0.28,0.69,0.038,27.7,120.1,0.989545,3.52,0.46,12.358012692
8.44,0.361,0.27,2.34,0.06,28.4,108.2,0.994395,3.3,0.51,11.496051762
7.15,0.251,0.44,3.22,0.025,30.3,123.3,0.992282,3.09,0.59,10.830516871
6.7,0.227,0.38,4.89,0.048,28.9,141.8,0.993647,3.1,0.65,10.517162695
8.51,0.394,0.48,3.14,0.044,25.2,43.2,0.994738,3.07,1.22,9.88256606
8.41,0.278,0.45,8.1,0.07,49.0,189.5,1.000039,2.99,0.49,8.747268032
8.2,0.392,0.6,3.03,0.061,29.4,139.8,0.994024,3.16,0.68,10.133873236
8.3,0.408,0.32,9.66,0.047,28.4,119.4,0.999133,3.26,0.65,9.737333957
6.83,0.613,0.21,6.52,0.055,21.1,114.8,0.998127,3.12,0.56,9.611045216
6.99,0.267,0.37,3.47,0.05,30.5,171.5,0.993322,2.91,0.4,10.106627231
7.0,0.614,0.32,3.84,0.108,18.4,47.0,0.995676,3.42,0.56,11.724631998
6.12,1.03,0.0,3.38,0.058,16.8,54.5,0.995839,3.46,0.63,10.756366001
7.61,0.233,0.42,10.52,0.053,42.0,179.3,1.000408,3.16,1.09,8.42693056
5.74,0.215,0.34,3.06,0.055,33.9,94.0,0.995045,3.42,0.49,9.826884039
8.1,0.302,0.1,1.01,0.093,26.6,63.0,0.994591,3.33,0.35,10.067185821
10.46,0.288,0.5,8.11,0.061,21.5,139.9,0.997811,2.88,0.35,9.58304675
7.16,0.226,0.3,6.36,0.05,27.1,127.7,0.996132,3.17,0.56,9.84852129
6.28,0.174,0.32,2.57,0.048,31.1,170.7,0.991969,3.17,0.35,9.312861851
7.45,0.232,0.12,0.65,0.028,20.1,72.0,0.991832,3.35,0.48,10.75479363
6.78,0.189,0.47,9.18,0.06,36.2,153.7,0.996314,3.03,0.33,10.248818169
5.44,0.325,0.29,2.23,0.041,45.2,129.1,0.991327,3.25,0.33,11.003440546
7.14,0.385,0.17,1.25,0.049,33.7,109.9,0.993934,3.26,0.88,10.537029806
5.65,0.249,0.36,4.05,0.043,30.0,133.1,0.992903,3.23,0.31,10.336749524
8.35,0.294,0.58,13.81,0.122,14.7,80.3,1.001787,3.09,0.67,8.96020962
8.82,0.272,0.4,7.34,0.069,6.7,35.5,1.00078,3.41,0.52,9.51569451
5.79,0.76,0.25,6.91,0.093,13.1,95.7,0.997478,3.41,1.11,10.377171455
8.25,0.192,0.52,4.39,0.037,47.1,112.0,0.994721,3.19,0.4,10.774760206
5.54,0.316,0.14,1.51,0.058,37.6,91.0,0.991536,3.34,0.81,11.75770607
5.38,0.212,0.25,7.66,0.02,47.4,233.9,0.991123,3.29,0.31,10.147357088
5.8,0.294,0.03,14.49,0.016,50.5,157.9,0.993799,3.25,0.31,10.036141929
6.17,0.301,0.24,7.34,0.055,73.5,192.2,0.996673,3.23,0.35,8.971080955
5.79,0.33,0.21,5.36,0.049,33.4,170.0,0.993623,3.15,0.39,9.849389271
5.58,0.307,0.18,2.94,0.02,27.7,167.4,0.989588,3.05,0.32,11.303968639
8.63,0.166,0.39,3.03,0.031,51.3,163.5,0.995271,3.15,0.39,9.809372506
8.31,0.484,0.42,3.35,0.078,16.8,42.3,0.996248,3.28,0.89,10.829102867
8.49,0.736,0.18,3.67,0.079,11.5,12.7,0.999262,3.45,1.2,11.603871813
6.99,0.155,0.43,0.91,0.028,60.5,195.1,0.990638,3.22,0.33,11.131507053
5.53,0.288,0.35,3.16,0.065,11.1,61.7,0.992354,3.43,0.91,11.471837242
7.29,0.386,0.32,4.73,0.155,17.9,68.6,1.000468,3.06,0.53,8.49400548
7.35,0.507,0.25,10.15,0.126,13.5,48.2,1.003209,3.27,0.96,8.555552353
8.96,0.552,0.31,2.68,0.073,6.1,13.9,0.994633,3.17,0.54,11.455383229
10.53,0.341,0.35,1.53,0.077,41.9,168.9,0.998781,3.11,0.65,8.470634357
5.84,0.312,0.28,6.79,0.031,17.4,58.7,0.991418,3.3,0.37,13.13873708
6.92,0.242,0.59,2.08,0.055,60.8,187.0,0.992249,3.07,0.53,10.758333541
7.91,0.661,0.15,1.75,0.076,28.8,85.0,0.994586,3.16,0.35,11.457163115
6.84,0.286,0.24,0.8,0.059,21.2,165.1,0.991567,2.95,0.31,9.448823125
5.19,0.66,0.0,1.78,0.06,18.3,158.7,0.99261,3.51,0.39,9.944271319
7.98,0.266,0.49,10.6,0.061,15.8,97.0,0.999883,3.34,0.87,10.243231463
6.22,0.304,0.05,3.36,0.064,19.5,94.2,0.99641,3.46,0.43,10.116662238
6.23,0.26,0.2,1.01,0.088,29.6,107.7,0.993174,3.32,0.61,10.40406807
6.44,0.38,0.12,2.13,0.08,24.1,164.5,0.995189,3.23,0.55,9.549861277
9.09,0.255,0.48,4.55,0.059,22.5,108.6,0.996735,3.14,0.72,9.74779284
6.08,0.298,0.31,1.98,0.027,21.2,84.5,0.992712,3.43,0.56,10.919067982
10.63,0.708,0.49,3.87,0.052,22.8,93.3,0.995115,3.0,0.34,12.015585983
6.8,0.312,0.49,3.2,0.058,12.6,102.2,0.992489,3.12,0.52,10.506736928
6.27,0.434,0.27,2.69,0.052,10.5,80.3,0.993261,3.23,0.41,10.207625434
6.08,0.376,0.16,1.94,0.036,32.6,72.7,0.992626,3.54,0.58,11.238015379
8.57,0.292,0.52,2.54,0.077,9.7,28.8,0.996371,3.12,0.39,9.815698286
10.16,0.254,0.62,0.96,0.047,36.6,147.7,0.990797,3.0,0.49,12.58060987
8.0,0.41,0.14,4.62,0.072,46.0,174.7,0.996014,3.31,0.31,9.902797648
5.43,0.313,0.21,13.54,0.04,18.7,183.5,0.995336,3.28,0.33,10.76022576
6.44,0.194,0.28,2.67,0.015,30.6,108.7,0.988007,3.28,0.34,14.9
11.35,0.129,0.93,2.19,0.044,23.9,93.7,0.990771,2.75,0.7,12.833717244
7.74,0.314,0.38,2.98,0.038,20.8,159.8,0.994939,3.06,0.42,9.099451874
5.58,0.153,0.31,1.51,0.041,19.3,87.6,0.991436,3.31,0.43,9.654242551
5.82,0.224,0.38,6.27,0.033,29.6,129.2,0.992024,3.45,1.03,11.615887625
7.41,0.282,0.33,3.97,0.037,29.1,76.5,0.991613,3.0,0.8,11.273790861
8.44,0.221,0.6,5.99,0.068,14.8,73.3,0.994306,3.01,0.31,10.803050449
9.92,0.709,0.46,8.18,0.045,18.6,146.2,0.996553,3.0,0.57,10.602184659
6.34,0.368,0.08,1.81,0.054,25.1,115.1,0.989813,3.2,0.33,12.772717594
7.54,0.154,0.47,8.0,0.042,29.3,123.1,0.994067,2.95,0.54,10.214676207
6.01,0.2,0.34,4.19,0.07,32.3,62.3,0.995851,3.14,0.63,9.03640247
7.23,0.275,0.36,7.19,0.046,46.8,155.9,0.995897,3.08,0.32,10.326873514
6.72,0.383,0.41,0.84,0.084,7.1,91.0,0.989775,3.28,0.98,12.448934572
6.7,0.255,0.42,3.35,0.031,11.3,70.7,0.991043,3.17,0.31,12.989070972
6.68,0.276,0.29,1.51,0.067,18.8,91.9,0.991342,3.03,1.07,10.598927311
8.28,0.46,0.42,2.98,0.067,26.9,122.8,0.995894,3.26,1.14,11.601116695
7.82,0.206,0.57,8.44,0.072,50.7,274.5,0.997028,2.94,0.38,8.922631905
9.49,0.422,0.31,2.6,0.091,5.4,63.2,0.998701,3.28,0.74,10.670527568
7.67,0.256,0.14,0.89,0.031,8.0,39.6,0.990631,3.07,0.31,11.030868495
6.17,0.305,0.32,5.02,0.059,22.2,113.5,0.993801,3.37,0.34,10.907929672
7.14,0.386,0.39,2.3,0.041,31.8,110.7,0.992896,3.02,0.42,11.016581463
8.88,0.128,0.77,4.82,0.077,38.0,168.9,0.996425,3.17,0.42,9.226737181
8.9,0.261,0.21,15.28,0.043,17.1,69.4,0.998863,3.12,0.33,9.336558204
6.75,0.241,0.33,1.86,0.038,17.4,64.8,0.992801,3.31,0.43,11.042345632
8.86,0.196,0.55,5.11,0.033,20.7,128.2,0.996233,3.01,0.5,9.604112214
7.31,0.477,0.02,4.08,0.064,32.1,42.2,0.998555,3.48,0.57,10.091572285
8.68,0.502,0.32,12.42,0.064,19.8,155.6,0.997875,3.16,1.0,11.688640114
7.54,0.21,0.58,4.47,0.043,19.4,103.2,0.991555,3.25,0.35,13.652216389
7.14,0.347,0.49,6.17,0.037,49.4,174.7,0.992887,3.13,0.61,12.218399361
6.67,0.104,0.53,2.69,0.032,75.3,182.1,0.991791,3.19,0.47,11.882168508
6.95,0.319,0.38,6.23,0.077,11.4,87.9,0.996588,3.19,0.94,11.030553796
6.3,0.247,0.28,1.53,0.088,36.0,75.0,0.994554,3.56,0.55,9.977606246
5.66,0.214,0.26,13.94,0.026,53.2,189.3,0.99173,3.08,0.33,11.222723796
7.74,0.215,0.34,5.05,0.049,36.9,138.0,0.995159,3.15,0.68,10.506896682
6.38,0.157,0.27,1.16,0.048,32.4,49.9,0.990806,3.39,0.43,12.424101933
5.78,0.247,0.27,15.01,0.039,42.0,170.2,0.993421,3.06,0.34,10.685262272
7.11,0.319,0.29,1.92,0.072,47.9,118.0,0.994315,3.17,0.37,9.944362826
7.07,0.394,0.5,2.42,0.064,25.4,116.6,0.993619,3.29,0.65,10.557972506
6.22,0.303,0.31,3.16,0.03,28.3,110.9,0.991285,3.22,0.32,11.054910365
6.06,0.14,0.46,7.99,0.051,58.7,168.2,0.998269,3.21,0.41,8.57137558
6.43,0.465,0.17,13.66,0.049,19.6,105.7,0.996349,3.21,0.32,9.356921645
7.54,0.535,0.31,8.4,0.045,10.4,111.7,0.998396,3.1,0.38,9.727659187
6.86,0.465,0.22,7.92,0.065,39.8,181.0,0.998103,3.15,0.41,9.352963617
7.1,0.31,0.05,5.86,0.047,24.4,120.0,0.995329,3.23,0.44,10.452181058
6.86,0.18,0.34,11.3,0.067,34.2,119.0,0.996923,3.1,0.46,9.126148711
8.24,0.389,0.38,2.65,0.061,49.2,192.3,0.995009,3.2,0.82,9.697738502
6.69,0.482,0.28,7.54,0.077,9.2,61.0,0.996813,3.16,0.49,10.020265657
7.59,0.181,0.36,1.28,0.028,12.8,71.4,0.992306,3.37,0.51,11.830793233
5.94,0.134,0.43,4.11,0.098,40.3,164.5,0.997428,3.29,0.71,8.533111641
6.22,0.164,0.47,3.73,0.028,20.7,155.1,0.991886,3.11,0.39,10.482387941
7.44,0.33,0.2,1.4,0.042,11.2,48.2,0.995041,3.25,0.37,9.605315329
8.55,0.253,0.44,2.24,0.066,20.9,39.3,0.995187,3.06,0.49,9.570656702
9.21,0.502,0.28,7.12,0.042,21.2,114.6,1.000233,3.08,0.32,9.202615408
5.94,0.196,0.26,5.0,0.036,20.1,88.5,0.992809,3.56,0.37,12.473886754
7.47,0.827,0.04,1.1,0.1,18.2,88.4,0.996165,3.41,1.0,10.12870217
8.8,0.316,0.42,5.36,0.053,1.6,38.8,0.995065,3.25,0.4,11.106830301
10.23,0.159,0.42,4.42,0.059,29.9,208.9,0.998644,3.02,0.36,8.841799634
6.65,0.35,0.24,5.71,0.069,15.0,56.8,0.996927,3.13,0.94,9.869233518
6.33,0.235,0.52,12.78,0.054,47.0,159.6,0.997367,3.07,0.31,9.454179169
9.01,0.505,0.21,0.92,0.057,3.9,6.0,0.992666,3.28,0.68,12.394432128
6.38,0.468,0.23,13.94,0.042,29.1,100.2,0.998049,3.23,0.32,9.517017329
5.7,0.221,0.29,6.76,0.055,23.3,97.0,0.99441,3.21,0.36,10.898823609
6.48,0.212,0.32,3.1,0.026,52.3,160.7,0.991241,3.23,0.83,11.856341165
6.86,0.488,0.3,5.92,0.038,20.8,143.5,0.994398,3.21,0.34,10.36169175
9.28,0.581,0.31,2.37,0.052,16.7,122.1,0.997855,3.04,0.62,9.573682471
6.24,0.208,0.56,1.07,0.073,26.8,86.9,0.9921,3.55,0.57,11.366131623
7.72,0.31,0.4,4.15,0.021,19.6,116.8,0.992427,3.14,0.31,10.997898539
6.22,0.194,0.47,7.01,0.027,77.4,227.8,0.99342,3.08,1.01,9.923198459
5.96,0.289,0.57,11.06,0.029,35.6,165.1,0.996776,3.23,0.62,9.862634821
6.81,0.287,0.4,0.87,0.074,2.8,20.6,0.990511,3.36,0.44,11.988483369
7.5,0.213,0.45,7.1,0.054,14.4,174.6,0.995715,3.01,0.67,9.409690299
8.83,0.619,0.32,1.56,0.042,19.9,65.8,0.993219,3.1,0.66,12.733685379
8.51,0.551,0.22,10.07,0.084,6.5,77.8,1.000928,3.06,0.75,9.071898174
7.54,0.201,0.32,2.0,0.074,31.4,62.7,0.994273,2.99,0.36,10.33266955
8.72,0.539,0.32,7.39,0.084,15.0,74.9,0.999277,3.23,0.39,10.515282179
9.8,0.246,0.46,1.14,0.061,8.4,46.6,0.994896,3.28,0.35,10.80448043
5.81,0.377,0.37,3.53,0.083,51.5,151.9,0.994178,3.29,0.72,9.679763929
5.44,0.809,0.2,5.83,0.06,19.5,97.3,0.994827,3.42,0.51,10.787098447
10.59,0.41,0.37,6.13,0.123,28.6,128.8,1.000455,3.12,0.43,9.125040513
6.36,0.287,0.2,10.58,0.034,43.6,162.6,0.99558,3.1,0.43,9.137904199
8.8,0.656,0.35,1.28,0.116,29.1,131.8,0.996583,3.4,0.81,9.89643269
6.26,0.254,0.47,1.51,0.019,36.7,120.4,0.990953,3.34,0.31,11.408007437
7.49,0.275,0.56,6.01,0.05,36.3,159.4,0.994243,3.19,0.61,10.490062038
7.74,0.489,0.07,1.51,0.072,3.8,21.1,0.994523,3.22,0.69,11.067396164
6.99,0.176,0.39,1.44,0.044,14.5,68.1,0.990759,3.17,0.31,11.117100558
6.9,0.351,0.46,13.49,0.058,104.3,210.4,0.998282,3.07,0.53,8.780103288
7.8,0.33,0.62,7.68,0.042,30.6,104.3,0.995882,3.12,0.34,9.554084738
6.84,0.844,0.06,9.08,0.093,16.2,52.4,0.998858,3.25,0.87,9.777830146
6.69,0.214,0.26,5.98,0.111,20.0,17.2,0.998169,3.11,0.48,9.046193315
7.91,0.27,0.46,2.73,0.063,24.6,93.2,0.996404,3.25,0.42,8.927630958
6.77,0.485,0.55,5.48,0.074,24.9,168.9,0.995831,3.03,0.34,9.549447719
5.31,0.142,0.37,7.96,0.036,78.0,194.5,0.995546,3.4,0.41,10.155420906
8.08,0.15,0.42,5.96,0.06,56.0,107.0,0.995235,3.08,0.34,9.994903076
8.44,0.32,0.4,4.05,0.053,33.4,167.2,0.995248,3.3,0.62,10.159417962
8.23,0.193,0.6,13.86,0.065,46.2,134.4,0.999658,3.23,0.76,9.361993647
5.84,0.569,0.03,1.84,0.074,13.8,57.4,0.994977,3.6,0.37,10.196684014
5.42,0.885,0.23,1.52,0.161,7.4,84.4,0.994167,3.19,0.45,9.326778719
7.58,0.826,0.15,1.09,0.046,2.9,6.0,0.995932,3.63,1.59,11.679054844
9.25,0.226,0.4,8.06,0.062,44.2,117.5,0.998341,3.14,0.68,9.314994139
8.61,0.256,0.22,10.36,0.072,54.6,184.4,0.998927,3.05,0.47,9.212062016
4.85,0.229,0.24,1.19,0.061,31.5,6.0,0.98987,3.53,0.41,11.85909465
5.13,0.344,0.15,4.12,0.046,37.1,111.9,0.989822,3.05,0.31,11.497384817
5.28,0.5,0.14,3.74,0.032,16.2,111.6,0.989932,3.6,0.31,13.261791341
6.65,0.316,0.43,19.8,0.082,31.1,210.6,0.999557,3.12,0.35,8.804644685
6.06,0.127,0.34,3.86,0.043,34.9,192.8,0.99326,2.95,0.34,9.383588451
6.68,0.227,0.49,8.72,0.056,42.9,142.6,0.996722,3.24,0.63,10.964975429
7.29,0.26,0.36,3.1,0.055,14.2,120.1,0.994546,3.23,0.45,9.970594011
8.22,0.394,0.48,7.3,0.073,38.4,203.8,0.998889,3.34,0.4,9.128636631
9.5,0.438,0.57,2.79,0.082,14.0,86.4,1.00065,3.58,0.72,9.596344202
7.9,0.452,0.16,2.76,0.064,24.5,93.8,0.99651,3.37,0.51,9.690933309
5.4,0.308,0.26,7.92,0.042,71.6,232.5,0.996897,3.3,0.33,8.967109639
8.99,0.185,0.64,2.1,0.079,20.5,88.1,0.993529,3.08,0.94,12.012574771
9.06,0.438,0.32,1.06,0.092,27.1,87.3,0.993294,3.23,0.37,11.105106878
9.36,0.471,0.39,2.73,0.079,9.7,27.7,0.995528,3.24,0.68,11.478806977
7.41,0.146,0.42,2.87,0.037,23.7,59.1,0.992805,3.36,0.4,12.449111579
5.93,0.177,0.34,3.13,0.024,30.4,78.6,0.991065,3.3,0.41,11.633684839
8.46,0.508,0.29,10.93,0.068,34.4,196.3,0.999945,3.21,0.43,9.76977895
7.72,0.327,0.41,6.28,0.09,8.3,156.7,0.995393,3.06,0.37,10.33713217
4.95,0.467,0.13,6.57,0.026,36.9,115.1,0.992979,3.53,0.43,11.571897576
7.03,0.298,0.32,0.77,0.049,15.2,26.9,0.991198,3.36,0.42,11.415827002
6.55,0.274,0.47,8.63,0.05,41.8,143.0,0.997554,3.31,0.38,9.120862391
7.02,0.677,0.12,2.01,0.102,37.7,78.2,0.995983,3.35,1.12,9.886824437
6.1,0.211,0.29,4.9,0.082,32.9,162.2,0.994487,3.13,0.43,9.285270396
6.57,0.135,0.23,7.64,0.039,58.6,196.4,0.994437,2.92,0.34,8.84690471
8.52,0.56,0.41,7.43,0.055,8.1,6.7,0.997594,3.17,0.39,11.065522542
7.78,0.413,0.3,5.07,0.049,7.8,29.4,0.994657,3.21,0.52,11.113153173
5.72,0.561,0.07,2.62,0.033,30.5,159.3,0.989943,3.17,0.43,10.380567455
6.87,0.341,0.1,1.31,0.056,10.8,90.6,0.993534,3.13,0.61,9.615719186
6.44,0.386,0.24,1.9,0.048,11.0,83.0,0.990476,3.37,0.57,12.615930246
7.91,0.704,0.36,11.76,0.08,20.4,122.2,0.999325,3.18,0.41,9.193406993
6.97,0.563,0.24,1.62,0.112,18.7,81.9,0.994857,3.31,0.51,10.312553068
6.27,0.318,0.37,6.33,0.067,30.6,146.5,0.995104,3.32,0.89,9.638806496
7.03,0.146,0.27,4.22,0.024,34.3,103.6,0.99032,3.14,0.58,13.262734535
5.84,0.217,0.39,8.15,0.051,58.7,213.1,0.994209,3.27,0.38,10.507058578
7.04,0.163,0.69,7.61,0.048,34.7,204.5,0.995989,3.16,0.32,9.211958078
5.68,0.275,0.23,4.88,0.082,34.4,145.8,0.994929,3.19,0.43,9.229110795
6.27,0.178,0.27,1.95,0.04,38.5,81.5,0.991581,3.56,0.35,12.837039859
6.05,0.485,0.33,4.09,0.085,6.1,24.8,0.996023,3.46,0.67,10.320477631
4.69,0.212,0.53,15.98,0.015,49.8,163.6,0.989998,3.23,0.32,12.527914073
7.22,0.389,0.35,14.19,0.054,45.1,166.9,0.998888,2.95,0.35,8.768518866
6.51,0.381,0.2,8.31,0.095,21.6,109.5,0.996076,3.37,1.09,10.769975926
7.26,0.421,0.24,8.06,0.036,7.7,18.3,0.997651,3.08,0.43,10.215771435
7.85,0.615,0.14,0.63,0.085,1.0,6.0,0.989908,3.1,0.54,11.487701005
6.55,0.149,0.47,9.95,0.023,45.7,198.9,0.992803,2.97,0.38,10.585016714
8.31,0.209,0.34,2.15,0.081,10.9,24.6,0.995586,3.24,0.67,10.784563646
8.18,0.397,0.28,2.34,0.083,6.7,65.9,0.995186,3.24,0.58,10.362777671
7.79,0.219,0.28,8.05,0.067,71.1,199.7,0.996622,3.09,0.49,8.717276266
6.57,0.36,0.5,3.0,0.054,52.1,98.5,0.994953,3.38,0.53,10.959850411
10.34,0.471,0.34,5.22,0.079,11.5,68.3,0.99511,3.03,0.74,11.793820644
6.16,0.28,0.4,1.72,0.045,12.4,90.9,0.9912,3.04,0.32,10.600556487
6.72,0.144,0.37,9.21,0.039,26.4,174.7,0.995644,3.28,0.55,10.186821573
4.83,0.164,0.11,3.33,0.044,33.1,122.4,0.991239,3.35,0.32,10.427965083
6.69,0.281,0.27,2.1,0.04,25.5,111.9,0.990375,3.25,0.31,12.095057538
8.16,0.232,0.59,7.62,0.045,22.3,84.7,0.998805,3.12,0.52,9.123777856
7.44,0.755,0.06,1.07,0.07,4.5,30.7,0.993568,3.39,0.49,11.745410706
6.85,0.099,0.48,4.84,0.029,42.5,193.2,0.992832,3.18,0.36,11.312318495
7.86,0.542,0.17,6.15,0.089,16.0,52.5,0.997459,3.47,0.73,10.720913851
7.23,0.309,0.44,2.43,0.051,28.2,103.4,0.992377,3.18,0.43,13.620384937
6.93,0.318,0.21,1.86,0.066,36.0,130.9,0.992724,3.4,0.84,10.595367101
6.89,0.329,0.14,5.07,0.04,43.9,113.0,0.993914,3.0,0.36,9.250592569
7.01,0.41,0.29,9.94,0.039,39.3,70.7,0.99277,3.02,0.37,12.574988035
5.9,0.425,0.05,7.72,0.05,70.5,167.9,0.997824,3.27,0.33,8.407163925
6.7,0.406,0.23,9.38,0.039,16.7,17.1,0.995757,3.02,0.33,10.652954614
7.12,0.494,0.54,8.29,0.061,32.7,172.5,0.994997,3.12,0.32,9.585952873
7.48,0.632,0.26,0.78,0.035,5.7,95.7,0.992727,3.43,0.49,11.523085698
10.22,0.27,0.31,2.17,0.048,9.3,68.2,0.997743,3.01,0.69,9.418921362
6.89,0.438,0.21,2.62,0.053,21.1,103.6,0.994732,3.47,0.36,10.657225532
6.52,0.23,0.29,5.13,0.03,46.4,213.4,0.994956,3.24,0.74,9.318241214
7.69,0.352,0.14,7.61,0.051,28.8,171.7,0.997825,2.99,0.34,9.427782781
7.67,0.544,0.44,2.76,0.052,11.4,107.5,0.993398,3.31,0.67,10.512061454
7.83,0.317,0.12,1.55,0.074,15.3,99.0,0.99444,3.13,0.64,9.410990361
8.97,0.77,0.28,10.27,0.037,25.7,125.5,0.998824,3.12,0.46,10.03052724
6.05,0.265,0.22,1.81,0.046,33.4,148.1,0.991701,3.23,0.65,10.54294052
6.51,0.389,0.34,2.18,0.055,46.3,172.8,0.994993,3.26,0.37,9.5161058
8.12,0.488,0.37,2.61,0.066,19.8,86.2,0.996045,3.1,0.85,10.433964868
7.37,0.569,0.46,2.86,0.069,22.5,108.6,0.999786,3.32,0.5,8.58182889
6.36,0.278,0.27,1.29,0.044,19.1,123.9,0.990197,2.98,0.85,11.867360572
7.57,0.329,0.3,1.54,0.13,17.8,65.1,0.996654,3.31,0.47,10.542502808
7.11,0.336,0.08,3.47,0.109,15.4,40.3,0.995131,3.12,0.32,9.804779695
7.23,0.153,0.64,1.93,0.03,6.1,104.1,0.990002,2.75,0.57,11.156300392
7.65,0.338,0.18,1.07,0.065,17.9,46.6,0.995462,3.21,0.69,9.326335566
7.94,0.154,0.49,1.43,0.044,18.6,66.8,0.990726,3.12,0.33,13.496366436
7.8,0.365,0.18,4.27,0.056,36.8,162.0,0.995822,3.23,1.12,10.190109828
7.2,0.434,0.35,5.52,0.133,41.5,110.4,0.999437,3.26,0.69,8.954355651
6.97,0.235,0.15,1.48,0.066,13.0,32.1,0.994414,3.31,0.58,10.217565165
5.17,0.211,0.29,1.72,0.038,51.1,154.5,0.990679,3.25,0.76,9.888205351
7.76,0.302,0.33,7.56,0.049,10.0,54.7,0.994159,3.1,0.41,11.709085633
5.8,0.562,0.0,3.74,0.057,29.1,107.5,0.993341,3.22,0.32,9.46918448
8.56,0.226,0.24,8.14,0.084,57.4,179.5,0.997529,2.8,0.31,8.822231727
6.22,0.259,0.34,4.77,0.029,26.6,94.8,0.992083,3.4,0.41,13.154014422
7.99,0.396,0.36,8.56,0.057,42.1,92.8,0.997275,3.22,0.52,10.717309191
6.33,0.194,0.34,7.59,0.044,35.3,133.8,0.997989,3.14,0.35,8.994414011
7.23,0.232,0.33,0.7,0.046,26.7,100.3,0.991651,3.21,0.45,11.076798865
8.45,0.351,0.47,3.69,0.038,5.3,6.0,0.996816,3.29,0.61,10.630318486
8.48,0.305,0.31,9.82,0.036,47.0,149.2,0.99801,3.16,0.33,10.061778997
7.64,0.52,0.04,1.62,0.078,12.3,40.2,0.996651,3.41,0.41,9.798175682
7.02,0.21,0.26,4.96,0.029,24.2,119.5,0.993372,3.17,0.35,9.877461595
7.12,0.327,0.35,6.71,0.05,7.0,47.7,0.993109,3.21,0.34,11.865081079
7.29,0.187,0.49,12.3,0.066,21.1,156.6,1.000856,3.26,0.79,8.985429125
8.99,0.261,0.42,3.98,0.069,20.5,85.8,0.994414,3.05,0.79,11.122727642
6.28,0.373,0.14,3.28,0.027,3.1,16.3,0.993973,3.35,0.61,11.449190113
6.04,0.77,0.31,1.42,0.033,38.8,55.0,0.988452,3.37,0.49,13.818761862
9.25,0.279,0.35,5.03,0.033,38.2,128.5,0.995467,3.06,0.46,10.808304306
6.7,0.137,0.45,4.94,0.036,36.9,156.5,0.99343,3.15,0.68,10.053980336
7.39,0.256,0.37,3.58,0.063,14.4,153.1,0.995155,3.29,0.88,10.521693946
7.15,0.555,0.32,5.95,0.037,7.4,127.4,0.99615,3.2,0.38,9.206416003
8.84,0.762,0.21,5.03,0.098,3.3,14.4,0.999551,3.28,0.37,9.157477725
7.32,0.302,0.27,1.19,0.051,9.2,7.6,0.989973,3.2,0.67,12.976014695
6.4,0.242,0.19,6.79,0.045,19.3,105.8,0.996193,3.25,0.6,9.29939059
5.28,0.233,0.17,9.95,0.045,29.7,136.5,0.993691,3.21,0.33,9.747510013
7.42,0.255,0.38,4.69,0.068,25.7,80.6,0.993212,3.25,0.31,12.744780759
7.47,0.365,0.26,5.52,0.028,15.8,118.7,0.992442,3.24,0.33,11.621593897
8.71,0.258,0.53,1.38,0.144,46.0,159.2,0.99845,3.27,0.63,8.609386219
7.26,0.281,0.37,4.58,0.061,28.9,95.3,0.992938,3.16,0.47,11.765934343
6.43,0.189,0.24,7.16,0.04,29.8,122.2,0.992459,3.07,0.55,11.460108189
6.9,0.508,0.11,7.63,0.086,19.8,108.3,0.997714,3.05,0.4,8.791465525
10.25,0.337,0.42,1.09,0.087,21.5,119.4,0.99407,3.05,0.84,11.576324346
8.07,0.241,0.33,6.37,0.063,48.5,95.8,0.995138,2.92,0.33,10.354800601
7.36,0.252,0.44,6.45,0.049,26.4,115.6,0.994381,3.03,0.36,10.156533576
7.18,0.458,0.13,5.03,0.042,14.4,17.1,0.996498,3.3,1.05,10.733049159
9.21,0.636,0.1,5.59,0.042,18.5,47.7,0.996272,3.36,0.58,12.56802435
5.75,0.188,0.34,2.04,0.023,45.0,166.8,0.994134,3.12,0.47,8.853686954
6.12,0.398,0.29,3.57,0.055,32.9,116.7,0.995048,3.34,0.4,9.883041705
7.24,0.34,0.4,5.75,0.039,21.2,129.3,0.996215,3.06,0.52,10.03363894
7.09,0.451,0.13,2.14,0.078,21.8,56.1,0.994886,3.41,0.55,10.277763185
9.56,0.183,0.79,11.63,0.07,15.1,150.9,0.994812,2.76,0.4,10.304417642
5.97,0.373,0.2,0.81,0.062,10.5,140.4,0.98984,3.38,0.63,11.469278883
5.11,0.26,0.27,4.64,0.045,23.4,117.6,0.991483,3.32,0.6,12.084247815
6.4,0.372,0.26,2.16,0.044,29.8,90.9,0.995574,3.25,0.4,9.33771335
7.63,0.3,0.44,6.66,0.049,31.2,141.9,0.994408,3.1,0.39,10.204753496
8.7,0.351,0.3,2.77,0.074,29.2,66.8,0.995643,3.03,0.62,10.523845795
6.27,0.333,0.2,4.31,0.03,46.4,196.0,0.990214,2.94,0.91,10.484664868
7.45,0.722,0.25,6.6,0.078,63.5,222.5,1.000495,3.18,0.4,8.46788391
5.09,0.224,0.26,0.63,0.044,3.8,59.7,0.990238,3.62,0.61,12.169934782
7.52,0.722,0.18,2.86,0.139,20.8,74.0,0.999065,3.43,0.72,9.813103281
6.93,0.382,0.43,7.19,0.054,54.0,121.1,0.994971,3.23,0.34,10.730879348
5.76,0.21,0.05,6.94,0.05,51.6,110.0,0.993566,3.39,0.36,10.037418843
6.24,0.107,0.41,24.88,0.047,17.8,118.9,0.996299,3.0,0.34,10.359842189
8.62,0.66,0.32,0.98,0.063,5.6,7.8,0.995521,3.25,0.39,10.655712965
7.15,0.296,0.39,8.94,0.089,36.2,167.4,0.999168,3.26,0.43,8.545076229
5.98,0.339,0.1,3.24,0.044,41.7,158.6,0.991745,3.17,0.36,10.328562692
6.85,0.303,0.25,3.7,0.055,47.6,205.1,0.992966,3.2,0.59,11.044533643
8.96,0.485,0.44,9.8,0.061,14.1,119.4,1.000868,3.39,0.94,9.592391276
6.27,0.437,0.31,10.53,0.04,49.4,211.0,0.993314,3.24,0.44,11.293402046
5.98,0.37,0.26,5.18,0.019,27.1,146.1,0.993313,3.43,0.32,11.140708756
5.58,0.351,0.33,8.45,0.028,14.3,89.0,0.990889,3.1,0.32,12.544026088
6.66,0.208,0.44,0.7,0.036,46.0,116.3,0.990098,3.15,0.58,10.496939982
7.29,0.232,0.44,7.49,0.042,35.5,139.6,0.991378,3.12,0.32,10.709539856
8.32,0.361,0.27,0.8,0.055,4.3,6.0,0.99197,3.18,0.38,12.631005102
7.4,0.44,0.4,9.81,0.075,13.5,13.4,0.997871,3.31,0.59,11.119797893
6.82,0.224,0.51,6.8,0.025,34.3,159.9,0.990334,2.85,0.31,11.158086117
5.13,0.238,0.38,7.82,0.04,45.1,238.1,0.991542,3.14,0.31,9.425239244
8.62,0.399,0.16,0.94,0.057,5.4,7.4,0.993125,3.25,0.35,10.347872911
5.66,0.177,0.31,3.21,0.027,46.8,185.7,0.991138,2.87,0.31,9.491128885
7.8,0.14,0.22,8.93,0.033,32.7,188.3,0.994237,3.02,0.37,10.02593065
6.8,0.29,0.42,8.53,0.03,68.7,268.4,0.993456,2.92,0.57,9.338800139
5.64,0.162,0.24,2.77,0.025,45.1,200.9,0.992032,3.05,0.33,9.692995244
7.33,0.703,0.21,2.0,0.104,12.7,6.0,0.995896,3.38,0.37,9.423897195
5.9,0.144,0.29,4.09,0.04,13.1,64.1,0.994806,3.1,0.78,8.994078658
7.29,0.275,0.29,1.01,0.054,7.9,64.5,0.992741,3.1,0.35,9.323674754
7.66,0.455,0.3,1.8,0.048,19.3,55.3,0.994476,3.3,0.64,10.305711592
7.13,0.298,0.5,5.16,0.037,27.0,70.0,0.994676,3.31,1.21,11.565631304
7.13,0.254,0.32,1.89,0.065,9.3,51.6,0.995518,3.22,0.64,10.000086122
5.93,0.199,0.19,20.42,0.044,59.9,213.9,0.999322,3.44,0.62,8.399986164
8.65,0.562,0.25,5.23,0.078,8.8,30.3,0.99922,3.26,0.5,10.079802066
5.42,0.422,0.04,1.82,0.031,21.5,93.4,0.989277,3.49,0.32,13.444831467
7.1,0.182,0.61,13.27,0.035,40.1,161.7,0.996808,3.14,0.72,10.651818485
5.41,0.639,0.22,8.26,0.055,21.3,179.8,0.994708,3.08,0.36,8.89057687
7.18,0.55,0.17,0.84,0.076,14.4,82.9,0.993736,3.25,0.33,10.639526287
6.64,0.556,0.16,5.44,0.117,15.7,113.0,0.997616,3.36,0.84,9.993148035
7.22,0.448,0.0,2.26,0.077,28.5,92.8,0.994194,3.25,0.55,11.195232993
7.18,0.158,0.51,1.11,0.031,22.2,109.1,0.990097,2.97,0.55,10.357663497
8.71,0.598,0.2,0.86,0.053,47.6,151.2,0.992569,3.11,0.45,10.428648319
6.5,0.208,0.36,0.94,0.03,42.5,74.3,0.990149,3.32,0.34,11.272050196
6.63,0.166,0.29,10.8,0.061,25.5,64.7,0.998113,3.62,0.33,10.297979849
8.34,0.595,0.32,10.64,0.029,15.1,107.8,0.997266,2.98,0.72,9.791394777
5.81,0.157,0.47,5.57,0.021,37.6,153.6,0.991823,3.22,0.31,10.591979094
6.52,0.127,0.3,11.69,0.051,37.3,178.4,0.992009,2.95,0.31,10.763495692
5.79,0.283,0.31,6.18,0.046,27.5,146.6,0.993026,3.25,0.43,9.658396754
7.23,0.527,0.13,4.2,0.11,18.2,145.3,0.999326,3.36,0.63,8.801634676
7.18,0.194,0.26,5.93,0.039,21.4,117.9,0.992196,3.17,0.88,11.615935564
10.62,0.31,0.33,5.41,0.098,61.9,125.4,0.997285,3.15,0.55,9.648302308
6.58,0.467,0.1,6.51,0.072,16.5,84.3,0.998679,3.21,0.33,8.62525987
10.54,0.641,0.36,4.02,0.064,4.2,28.9,0.996149,2.89,0.39,11.282518913
6.71,0.558,0.26,11.78,0.068,14.5,106.9,0.997676,3.26,0.41,10.193677726
7.95,0.43,0.38,2.72,0.057,14.7,73.1,0.994762,3.13,0.37,11.103099174
7.13,0.412,0.27,4.62,0.081,29.4,98.3,0.997887,3.18,0.6,9.283502736
6.67,0.457,0.19,1.38,0.055,20.8,125.5,0.991527,3.17,0.31,11.046260514
6.35,0.475,0.18,0.99,0.098,17.8,35.1,0.992412,3.48,0.59,11.473632966
7.75,0.332,0.37,4.57,0.043,59.3,119.9,0.992943,3.22,0.38,12.365252387
8.46,0.519,0.45,2.03,0.09,56.6,118.3,0.996415,3.29,1.14,10.267302952
6.3,0.343,0.25,15.13,0.052,52.1,147.8,0.999174,3.26,0.31,8.823117578
6.8,0.356,0.34,2.31,0.085,36.3,166.6,0.996043,3.38,0.65,9.801911736
8.26,0.338,0.15,8.51,0.055,61.3,137.3,0.999484,3.28,0.72,9.480010103
5.72,0.358,0.22,1.21,0.053,16.7,88.2,0.989669,3.24,0.82,12.705297144
5.78,0.256,0.49,6.27,0.036,17.2,139.2,0.993821,3.29,0.33,10.971713801
7.15,0.302,0.27,2.28,0.058,12.0,63.8,0.993755,3.22,0.36,10.461933486
6.74,0.379,0.22,2.43,0.085,28.0,95.8,0.995105,3.37,0.64,10.390053881
7.13,0.208,0.55,1.63,0.036,57.3,168.6,0.990093,2.97,0.42,10.794862208
8.59,0.365,0.24,2.82,0.056,8.2,6.0,0.993846,3.17,0.7,11.779117455
6.64,0.107,0.51,3.64,0.022,30.7,142.0,0.993169,2.85,0.57,9.642752157
8.79,0.852,0.13,2.17,0.057,12.9,111.7,0.994633,3.32,0.65,11.862917425
8.2,0.498,0.49,5.45,0.071,20.4,165.6,0.999527,3.28,0.54,9.210879502
5.54,0.535,0.27,2.05,0.048,75.4,224.5,0.990682,3.06,0.36,10.092902525
5.34,0.135,0.39,3.66,0.028,39.3,201.7,0.993214,3.28,0.39,9.004377391
8.01,0.477,0.31,4.21,0.044,26.2,122.2,0.996423,3.31,0.38,10.36330083
7.48,0.208,0.3,8.67,0.054,42.7,196.9,0.993501,3.14,0.34,10.285777048
9.41,0.282,0.42,8.25,0.056,33.7,148.9,0.996107,2.92,0.95,10.314972957
7.25,0.365,0.3,5.81,0.098,18.6,61.5,0.998551,3.13,0.42,9.614812224
7.34,0.125,0.65,15.01,0.027,59.2,183.0,0.994631,3.16,0.36,10.996766111
6.46,0.152,0.31,5.1,0.024,66.1,203.8,0.993574,3.28,0.31,10.403865989
8.37,0.395,0.19,0.83,0.081,10.9,6.0,0.993554,3.45,0.54,11.35617721
6.69,0.372,0.23,1.71,0.064,12.8,113.3,0.991703,3.07,0.35,11.513640553
7.62,0.132,0.34,6.45,0.036,47.2,152.2,0.992961,3.03,0.34,10.855201818
8.38,0.295,0.44,3.8,0.03,17.9,129.3,0.995763,3.01,0.42,9.768746927
8.3,0.468,0.34,4.56,0.073,12.4,122.6,0.997726,2.94,0.54,9.399037681
5.93,0.306,0.13,8.09,0.047,50.2,233.9,0.995706,3.41,0.69,9.733248671
7.25,0.504,0.45,5.14,0.086,18.8,67.3,0.995974,3.31,0.65,11.132111588
7.64,0.327,0.49,5.93,0.044,28.5,91.8,0.993153,3.29,0.45,12.873785601
7.78,0.235,0.39,5.1,0.054,5.6,32.2,0.994767,3.19,0.89,10.652825396
5.32,0.202,0.33,3.38,0.048,72.7,140.0,0.992584,3.14,0.47,9.86872842
6.63,0.427,0.23,17.22,0.062,17.1,108.7,0.99845,3.1,0.36,9.315440909
6.33,0.408,0.39,20.76,0.064,30.0,174.7,0.999237,3.15,0.31,8.655647275
6.94,0.121,0.46,10.7,0.029,33.5,226.3,0.993285,3.13,0.35,10.938363181
7.6,0.254,0.14,2.43,0.047,19.9,66.2,0.995293,3.3,0.53,9.799157036
6.91,0.268,0.5,9.99,0.056,53.2,230.6,0.994978,2.97,0.36,9.730833934
7.68,0.307,0.44,2.28,0.036,21.6,82.0,0.990367,3.14,0.42,12.368296989
7.92,0.396,0.5,4.38,0.052,3.0,50.9,0.994999,3.26,0.69,10.634646029
7.73,0.24,0.36,8.73,0.06,38.9,194.4,0.99807,3.27,0.51,9.759764681
7.09,0.193,0.38,17.88,0.029,55.0,204.4,0.997357,3.02,0.43,9.058147752
5.48,0.438,0.26,4.88,0.052,15.6,86.8,0.993831,3.56,0.62,10.733442601
5.74,0.26,0.57,5.65,0.045,38.6,137.6,0.99238,3.27,0.31,10.396923413
5.31,0.164,0.39,12.75,0.018,64.0,162.3,0.989989,3.17,0.31,12.573316947
6.52,0.526,0.12,3.69,0.037,16.5,89.8,0.996559,3.47,0.54,9.571586657
7.56,0.177,0.4,2.61,0.033,50.6,84.2,0.993191,2.93,0.36,9.769665156
8.37,0.434,0.44,1.7,0.031,45.5,64.5,0.991859,3.32,0.9,13.382813937
7.76,0.751,0.0,1.97,0.032,22.9,113.6,0.995128,3.25,1.26,10.146386333
8.58,0.362,0.26,4.47,0.074,14.6,44.1,0.995943,3.31,0.37,11.130918933
7.46,0.311,0.5,2.61,0.048,31.1,115.1,0.99495,3.17,0.72,10.031935388
6.7,0.261,0.18,0.72,0.053,13.3,43.8,0.993885,3.46,0.33,9.697900799
5.96,0.268,0.21,6.88,0.044,34.3,211.7,0.996019,3.45,0.59,9.194649854
7.32,0.474,0.4,2.85,0.039,43.5,141.8,0.993082,3.47,0.46,12.690362271
7.91,0.252,0.46,4.42,0.041,21.2,49.3,0.994861,3.32,1.02,11.061767195
7.52,0.471,0.46,0.8,0.059,9.0,77.6,0.993052,3.02,0.62,9.063414113
8.0,0.177,0.4,1.5,0.072,14.8,122.4,0.998997,3.34,0.9,8.432842407
5.59,0.299,0.28,4.81,0.071,50.0,135.2,0.994053,3.22,0.94,9.105752923
7.94,0.41,0.34,11.84,0.033,33.7,165.7,0.99569,3.17,0.32,10.130662944
8.05,0.205,0.36,6.64,0.065,19.1,138.5,1.001024,3.47,0.63,8.646584398
5.9,0.339,0.22,3.28,0.05,41.9,119.6,0.993529,3.24,0.32,9.133165592
7.0,0.245,0.25,11.11,0.044,50.6,173.7,0.997885,3.25,1.04,9.738845203
7.61,0.444,0.22,9.5,0.032,37.8,132.3,0.995777,3.13,0.35,10.710196279
10.45,0.448,0.46,1.76,0.039,22.3,119.9,0.991949,3.12,0.32,12.381701908
5.93,0.501,0.07,11.85,0.027,34.7,141.4,0.993965,3.23,0.31,11.805649155
7.27,0.416,0.24,1.89,0.102,13.1,45.4,0.994808,3.23,0.71,10.713108623
6.24,0.701,0.25,6.53,0.029,18.0,137.1,0.998685,3.4,0.72,8.393906359
9.0,0.306,0.36,13.43,0.069,46.5,152.1,0.997954,2.97,0.5,9.567038678
8.53,0.41,0.23,1.28,0.035,10.0,40.5,0.990233,3.33,0.34,14.627160529
6.96,0.401,0.06,0.9,0.054,10.2,6.0,0.993407,3.65,0.44,12.263313802
8.5,0.244,0.35,1.84,0.056,28.5,59.3,0.995251,3.43,1.07,10.847850899
4.83,0.138,0.27,14.67,0.013,27.2,164.8,0.993832,3.51,0.33,10.209481769
6.75,0.185,0.41,11.96,0.027,52.9,177.4,0.993799,2.9,0.39,10.002276031
7.15,0.211,0.38,3.53,0.067,23.2,88.6,0.995021,3.13,0.4,9.797926934
8.44,0.275,0.49,3.6,0.027,15.5,133.0,0.99365,3.34,0.32,12.160887687
4.69,0.141,0.39,4.44,0.03,62.6,229.2,0.990271,3.18,0.37,10.029495608
7.01,0.115,0.38,2.25,0.058,58.8,161.8,0.991841,2.99,0.37,9.759279671
9.07,0.319,0.31,3.3,0.101,43.8,148.7,0.996232,2.97,0.43,9.695374597
5.89,0.44,0.15,10.42,0.027,13.4,30.6,0.992354,3.37,0.42,13.960927014
8.52,0.365,0.3,0.86,0.046,8.8,47.2,0.991444,3.25,0.62,13.115647667
7.8,0.238,0.25,1.78,0.041,20.0,82.6,0.995032,3.33,1.7,10.518636071
7.52,0.366,0.26,8.96,0.037,47.4,91.9,0.995083,3.35,0.42,11.010263418
9.51,0.305,0.43,0.63,0.126,14.2,50.7,0.996991,3.2,0.45,8.917235602
6.9,0.228,0.35,2.9,0.036,42.6,140.1,0.993901,3.42,0.34,10.492974516
6.43,0.217,0.27,4.67,0.037,15.4,112.2,0.994931,3.22,0.33,10.345246558
10.57,0.431,0.79,4.21,0.034,19.0,94.4,0.997567,3.04,0.33,10.17866596
8.83,0.387,0.18,17.19,0.038,44.2,164.3,0.998393,3.12,0.33,9.670999667
8.1,0.121,0.68,2.88,0.048,47.5,162.6,0.990816,3.0,0.32,12.729284384
7.13,0.177,0.46,11.44,0.029,50.6,269.0,0.994847,3.32,0.31,10.025982642
5.72,0.183,0.21,6.85,0.039,48.6,180.4,0.994914,3.22,0.56,9.246095685
6.91,0.422,0.22,15.48,0.074,60.1,168.5,1.000351,3.55,0.92,9.443258979
8.17,0.538,0.61,13.77,0.047,29.3,183.9,0.997162,3.26,0.39,11.948381024
6.41,0.178,0.52,12.03,0.023,32.3,199.1,0.99362,2.94,0.36,10.136192936
8.81,0.299,0.62,1.15,0.096,21.7,47.5,0.997048,3.27,0.91,10.072650797
8.32,0.551,0.19,5.76,0.032,25.5,111.4,0.996524,3.22,0.59,10.633724292
8.83,0.454,0.3,10.06,0.063,45.9,134.2,0.995801,3.12,0.32,11.174325209
7.33,0.387,0.21,9.03,0.054,36.5,195.9,0.997335,3.34,1.1,10.005576151
6.5,0.27,0.58,6.77,0.02,19.2,124.7,0.993544,3.06,0.41,10.864363725
8.31,0.582,0.45,3.47,0.081,9.7,6.0,0.997002,3.4,0.62,10.615511482
6.77,0.322,0.35,3.83,0.113,14.4,67.9,0.996669,3.34,0.41,9.094587604
8.69,0.337,0.54,4.99,0.046,20.2,82.3,0.995909,3.19,0.86,11.017775666
13.01,0.581,0.28,6.91,0.081,15.6,70.1,1.001684,2.96,0.92,8.803546146
6.76,0.486,0.0,3.11,0.122,31.7,73.5,0.997752,3.55,0.36,9.506380523
7.07,0.181,0.45,5.52,0.024,36.3,148.5,0.993227,3.0,0.35,9.868275566
6.73,0.248,0.49,1.89,0.062,69.4,154.0,0.992728,3.13,0.41,10.63054224
7.19,0.289,0.16,7.7,0.049,35.6,132.8,0.996627,3.34,0.39,9.421431178
5.99,0.356,0.4,2.16,0.03,28.7,171.2,0.989071,3.18,1.11,12.997133255
6.05,0.237,0.34,14.1,0.018,23.3,182.5,0.994544,3.49,0.44,10.346486981
4.93,0.302,0.42,8.27,0.024,68.3,138.4,0.990966,3.47,0.35,10.665933402
6.12,0.211,0.23,2.25,0.028,51.1,179.2,0.990317,3.22,0.32,10.994123447
6.74,0.311,0.3,2.89,0.036,84.8,190.8,0.994866,3.19,0.53,10.060886003
6.49,0.364,0.24,5.57,0.048,20.5,162.4,0.994739,3.11,0.31,9.526844621
7.66,0.312,0.27,2.07,0.045,5.0,95.5,0.992991,3.27,0.42,11.768655989
7.4,0.259,0.36,2.69,0.058,21.8,78.1,0.9935,3.35,0.72,11.110485231
7.0,0.495,0.36,6.37,0.049,27.5,176.5,0.996935,2.89,0.32,8.746055711
7.58,0.638,0.29,4.21,0.064,11.2,27.8,0.99636,3.35,1.1,10.347575182
9.53,0.278,0.4,2.64,0.098,44.2,171.0,0.998563,2.85,0.84,8.443412568
7.27,0.206,0.33,1.65,0.096,31.8,51.6,0.997586,3.29,0.37,8.923169802
9.99,0.29,0.58,11.54,0.137,46.8,66.5,1.000807,3.28,0.53,10.084329438
9.56,0.132,0.27,1.01,0.066,21.4,54.1,0.993251,3.03,0.38,11.305968402
7.7,0.337,0.41,13.27,0.052,38.7,177.3,0.998488,3.02,0.4,8.899275443
7.59,0.215,0.47,3.38,0.043,27.1,99.9,0.994582,3.18,0.51,10.393300593
6.6,0.219,0.4,1.77,0.042,55.3,141.1,0.989756,3.11,0.81,13.408325399
6.98,0.288,0.37,17.47,0.033,24.6,152.4,0.995327,3.14,0.34,10.962994008
6.37,0.203,0.2,14.53,0.018,33.4,153.6,0.996725,3.2,0.75,10.325006167
10.09,0.188,0.33,3.88,0.049,6.2,57.7,0.999424,3.48,0.49,10.108270254
8.37,0.155,0.54,23.69,0.08,33.5,131.7,1.005771,3.17,0.7,8.33718403
7.04,0.219,0.41,1.93,0.082,15.4,24.7,0.993199,3.47,0.37,11.585400434
5.94,0.184,0.11,3.64,0.035,34.7,130.9,0.993099,3.37,0.34,10.727778827
7.63,0.313,0.21,3.64,0.062,22.6,118.2,0.996158,3.27,0.38,9.261009032
7.56,0.544,0.19,2.35,0.062,51.2,148.0,0.996429,3.28,0.89,9.452688077
7.03,0.15,0.41,2.1,0.05,27.0,136.4,0.992514,3.12,0.33,10.36697553
6.01,0.227,0.2,2.38,0.059,15.0,97.8,0.99359,3.3,0.54,10.850393138
6.93,0.804,0.1,1.54,0.083,2.4,6.0,0.995786,3.22,0.66,10.402697172
7.24,0.331,0.38,1.52,0.049,12.6,6.0,0.992507,3.04,0.38,11.852658312
7.92,0.151,0.38,9.74,0.039,48.7,111.0,0.995352,3.0,0.36,10.748932697
6.49,0.417,0.29,8.23,0.041,30.6,95.3,0.994773,3.36,0.36,11.171549283
5.69,0.175,0.42,3.31,0.021,51.8,172.4,0.991164,3.23,0.36,10.499685605
6.94,0.305,0.28,1.28,0.108,15.9,124.0,0.993778,3.26,0.39,10.015061295
9.33,0.38,0.33,3.55,0.051,18.3,93.1,0.992578,3.09,0.39,11.241116664
7.98,0.436,0.34,5.83,0.04,54.3,103.1,0.992938,2.88,0.33,10.787604055
6.48,0.35,0.14,11.67,0.083,36.7,173.6,0.995922,3.31,0.31,10.241557299
5.69,0.171,0.28,1.98,0.033,47.4,61.2,0.992053,3.46,0.69,11.198786257
6.82,0.215,0.34,7.38,0.057,78.3,270.2,0.993658,3.18,0.89,10.354794136
9.15,0.275,0.32,8.97,0.103,77.1,134.0,1.000854,2.94,0.51,8.329878888
5.71,0.13,0.23,2.97,0.045,47.2,156.4,0.989923,3.39,0.53,12.172887238
6.34,0.201,0.42,2.51,0.073,31.5,147.8,0.991029,3.2,0.36,11.26100854
10.0,0.406,0.16,1.07,0.1,6.9,6.0,0.995756,2.95,0.41,10.353825959
6.29,0.172,0.48,10.57,0.041,85.6,208.5,0.994489,2.8,0.39,8.789709666
9.15,0.474,0.29,0.73,0.117,19.7,64.2,0.994789,3.3,0.58,10.306165433
10.0,0.238,0.56,1.52,0.105,22.5,137.5,0.998251,3.03,1.07,8.6257283
8.9,0.409,0.34,1.02,0.117,19.2,81.1,0.996526,3.18,1.21,9.657879797
6.79,0.169,0.36,7.4,0.017,27.8,137.9,0.992942,3.08,0.31,11.128391415
9.08,0.26,0.75,2.46,0.047,34.7,108.4,0.993799,3.15,0.81,11.122530004
6.29,0.431,0.21,2.88,0.058,39.9,180.0,0.994482,3.27,0.43,9.474372143
8.79,0.39,0.09,9.94,0.069,19.3,85.6,1.001229,3.21,0.67,9.114893464
6.7,0.218,0.12,1.35,0.051,49.1,204.0,0.990084,3.26,0.43,10.040792336
7.52,0.17,0.47,10.98,0.043,74.6,167.0,0.995561,3.03,0.41,10.632062061
7.6,0.333,0.5,12.26,0.067,45.3,171.4,0.99837,2.98,0.35,8.792346623
6.57,1.14,0.15,1.16,0.085,5.4,26.9,0.995876,3.54,0.64,10.25045679
7.63,0.447,0.31,2.38,0.051,40.5,103.2,0.994863,3.14,0.43,11.024340961
7.35,0.183,0.67,5.58,0.033,22.8,162.4,0.993778,3.14,0.34,10.594946288
7.51,0.23,0.38,1.07,0.075,17.6,119.8,0.990933,2.99,0.34,11.231482868
6.81,0.299,0.16,6.11,0.039,35.3,93.6,0.995335,3.37,0.62,10.238971412
5.97,0.158,0.19,0.96,0.052,39.0,124.3,0.99302,3.42,0.55,9.134091111
7.07,0.402,0.43,8.29,0.08,25.5,160.8,0.994235,3.25,0.34,11.359874199
9.2,0.226,0.37,1.6,0.094,25.3,29.7,0.99707,3.36,1.0,10.076219757
5.78,0.195,0.34,1.83,0.06,6.4,104.4,0.991098,3.45,0.45,11.235512321
7.06,0.328,0.4,4.25,0.05,28.4,122.8,0.991623,3.1,0.31,11.668065295
6.85,0.462,0.08,1.57,0.046,28.0,33.9,0.990445,3.3,0.55,14.757787725
8.59,0.391,0.41,3.98,0.055,26.7,106.2,0.995879,3.15,0.86,10.933486579
6.16,0.285,0.41,1.92,0.038,38.6,128.4,0.992509,3.18,0.43,11.079805034
6.17,0.249,0.33,6.59,0.021,45.5,200.4,0.989963,2.97,0.37,11.040107369
5.93,0.194,0.47,4.87,0.032,69.0,209.5,0.992308,3.06,0.43,10.918735209
6.85,0.328,0.11,1.48,0.036,72.1,193.9,0.990497,3.22,0.63,11.149206995
5.93,0.226,0.12,3.43,0.031,33.5,153.4,0.990311,3.39,0.31,13.250462378
6.6,0.453,0.31,7.71,0.064,40.7,124.3,0.996843,3.17,0.68,9.77288356
6.75,0.254,0.45,3.81,0.055,6.8,57.0,0.995774,3.23,0.56,10.409969582
8.04,0.238,0.35,2.63,0.04,17.3,116.2,0.993937,3.53,0.41,10.382051426
6.27,0.525,0.27,3.2,0.072,24.6,129.0,0.994766,3.48,0.58,10.710730415
8.4,0.425,0.43,1.92,0.048,10.5,43.4,0.993043,3.4,0.38,11.565450836
6.43,0.167,0.63,5.6,0.026,51.7,217.0,0.99137,3.07,0.48,11.265279686
7.85,0.325,0.38,7.88,0.061,38.6,189.5,0.998082,3.13,0.36,9.02700036
8.44,0.309,0.27,4.62,0.039,22.8,75.8,0.994647,2.95,0.44,10.979225392
6.43,0.21,0.38,4.23,0.04,43.3,174.1,0.992561,3.23,0.33,10.973347805
7.45,0.645,0.37,0.9,0.105,9.2,96.0,0.997141,3.37,0.5,8.759619635
7.24,0.238,0.4,1.03,0.06,7.8,38.3,0.992747,3.25,0.55,10.533228151
7.65,0.206,0.33,7.33,0.037,42.7,125.7,0.998626,3.39,0.52,9.782369441
6.23,0.428,0.14,3.53,0.042,58.1,144.5,0.993816,3.36,0.31,10.282227036
11.84,0.562,0.39,6.56,0.128,6.9,38.6,1.001108,3.2,1.24,10.271805576
5.21,0.199,0.41,9.37,0.045,80.9,220.0,0.993943,3.33,0.59,10.207609492
6.2,0.197,0.16,2.34,0.04,39.0,92.6,0.990948,3.16,0.44,10.24676038
7.97,0.536,0.36,4.78,0.047,35.8,120.0,0.9945,3.19,0.95,11.942347982
6.43,0.175,0.51,3.46,0.062,29.2,73.0,0.994921,3.42,0.37,10.840100999
9.06,0.589,0.39,0.64,0.098,3.0,6.0,0.991149,3.17,0.39,11.490917269
7.79,0.28,0.33,4.01,0.029,32.0,132.6,0.993343,3.22,0.33,11.988639971
8.89,0.24,0.42,22.51,0.053,37.5,147.8,1.000743,2.82,1.08,9.085627793
7.78,0.262,0.3,6.05,0.038,21.0,128.4,0.993771,3.02,0.57,10.448542779
7.92,0.123,0.39,0.99,0.074,28.0,131.2,0.995414,3.22,0.8,9.38568541
6.72,0.298,0.19,2.94,0.096,47.4,151.2,0.9931,3.17,0.31,9.880713559
8.18,0.288,0.43,8.98,0.046,25.9,145.7,0.994227,3.06,0.4,10.650373194
7.75,0.575,0.35,15.56,0.047,67.0,188.7,0.999825,3.18,0.35,9.262937761
8.07,0.237,0.24,12.01,0.035,12.2,79.1,0.996,3.35,0.38,11.990580143
8.27,0.345,0.48,10.24,0.055,31.5,127.3,0.996992,2.98,0.33,10.361986649
6.93,0.165,0.44,4.71,0.039,51.7,170.9,0.993804,3.16,0.34,10.324491593
7.5,0.256,0.32,4.61,0.09,19.0,125.0,0.996801,3.29,0.73,9.974513639
6.1,0.141,0.27,5.62,0.079,49.4,200.4,0.992289,2.98,0.33,9.187817787
10.4,0.485,0.62,2.82,0.105,18.0,135.8,0.997008,3.0,1.39,10.22568115
8.35,0.203,0.46,2.07,0.04,59.2,180.7,0.991199,3.08,0.4,10.851057595
5.66,0.927,0.03,3.68,0.082,13.2,76.8,0.996374,3.43,1.28,9.97094672
6.15,0.186,0.51,6.29,0.051,33.1,125.2,0.991092,3.02,0.46,11.719582068
7.51,0.884,0.3,1.23,0.121,21.1,86.4,0.995691,3.48,0.35,10.368670014
6.23,0.17,0.36,5.2,0.04,62.6,203.5,0.993619,3.08,0.76,9.916363137
5.86,0.381,0.29,5.13,0.052,18.7,119.7,0.994551,3.38,0.35,9.94534996
8.07,0.128,0.65,21.04,0.024,76.0,202.3,0.99832,3.1,0.37,9.572589558
6.24,0.311,0.3,9.14,0.026,28.9,93.1,0.992385,3.26,0.36,11.750868355
5.51,0.323,0.03,4.37,0.083,38.6,176.6,0.996126,3.5,0.5,8.531191483
6.33,0.356,0.19,1.93,0.04,11.8,28.5,0.990739,3.44,0.31,12.032176936
9.82,0.226,0.36,3.98,0.043,15.5,88.3,0.996188,3.11,0.39,10.373441253
8.0,0.909,0.29,15.82,0.074,27.1,75.9,0.999479,2.99,0.77,9.832382198
6.33,0.181,0.2,2.85,0.021,23.0,93.0,0.990076,3.4,0.48,13.621061287
6.02,0.267,0.2,2.58,0.04,52.8,134.9,0.99256,3.28,0.47,10.506668212
8.23,0.58,0.07,4.53,0.067,17.6,20.6,0.998543,3.19,0.46,8.784609228
7.3,0.457,0.29,6.21,0.041,14.1,88.6,0.995829,3.42,0.68,11.124629002
7.32,0.281,0.33,5.01,0.086,35.2,90.5,1.000223,3.31,0.88,8.498165776
7.92,0.319,0.23,5.17,0.038,49.4,110.1,0.995544,3.08,0.33,9.384618292
6.51,0.155,0.32,4.11,0.02,12.1,47.0,0.991933,3.25,0.33,12.636339987
6.92,0.311,0.47,4.74,0.047,31.0,130.2,0.993371,3.21,0.82,11.839494887
5.86,0.387,0.13,6.46,0.042,29.4,179.6,0.991117,3.23,0.38,13.134870087
6.52,0.23,0.35,2.1,0.036,20.4,100.1,0.991362,3.3,0.33,11.587967189
9.12,0.249,0.38,5.84,0.055,39.0,135.0,0.996547,3.28,0.53,10.482073231
6.6,0.244,0.27,3.02,0.051,11.6,58.4,0.993665,3.24,0.35,11.929570478
6.83,0.166,0.26,6.64,0.05,45.4,161.3,0.99727,3.23,0.45,8.409191618
5.73,0.28,0.35,4.34,0.026,47.8,166.5,0.991362,3.18,0.6,12.002509516
5.75,0.117,0.29,13.86,0.042,26.1,164.7,0.997489,3.04,0.34,8.416163774
6.73,0.29,0.09,2.77,0.062,12.7,19.6,0.995208,3.38,0.37,11.073801694
7.85,0.279,0.51,3.22,0.061,18.0,59.2,0.994573,3.01,0.77,10.371591359
7.82,0.412,0.55,7.01,0.048,12.3,77.7,0.995039,3.17,0.47,11.714214298
9.2,0.185,0.6,1.55,0.065,6.9,148.5,0.992991,3.02,0.85,10.153798921
6.9,0.284,0.15,1.92,0.071,34.3,115.8,0.993032,3.26,0.38,10.208430763
7.25,0.216,0.36,1.04,0.074,9.3,6.0,0.992016,3.3,0.72,10.46916588
6.27,0.535,0.3,10.13,0.074,15.6,148.9,0.99542,3.29,0.53,11.289407015
6.81,0.929,0.36,1.43,0.188,14.3,104.0,0.99561,3.2,0.85,9.201172938
5.71,0.279,0.32,4.8,0.041,57.8,166.0,0.992228,3.23,0.39,10.641425028
7.72,0.409,0.48,4.88,0.06,29.2,148.3,0.997534,3.16,0.4,9.006294425
5.83,0.128,0.38,7.9,0.018,49.9,253.1,0.990533,3.05,0.36,10.680700187
6.67,0.327,0.52,1.26,0.066,40.0,98.7,0.992602,3.22,0.44,11.029397196
6.99,0.176,0.52,10.61,0.042,56.0,224.0,0.998106,3.3,0.55,9.268522002
8.08,0.283,0.58,6.42,0.043,40.0,156.5,0.997407,3.26,0.36,10.039640839
7.14,0.256,0.2,3.36,0.043,19.2,86.1,0.992824,3.28,0.4,10.818418415
7.76,0.367,0.55,11.35,0.048,30.3,104.7,0.995143,3.04,0.5,11.381411833
7.77,0.227,0.54,8.09,0.025,34.5,103.5,0.994199,3.05,0.31,11.375832549
5.98,0.251,0.41,3.78,0.027,62.5,176.6,0.99181,3.55,0.36,11.902900847
5.74,0.243,0.39,3.38,0.052,33.7,95.0,0.991821,3.06,0.39,11.662841701
7.12,0.417,0.25,11.92,0.071,15.8,94.8,1.000401,3.36,0.45,9.117485652
8.73,0.206,0.35,22.41,0.028,52.1,213.2,0.998184,2.89,0.32,9.321865865
6.35,0.249,0.42,2.54,0.034,29.0,109.5,0.989618,3.07,0.38,12.541534312
9.12,0.417,0.23,5.55,0.111,24.4,31.9,1.000458,3.31,1.46,10.123420911
9.39,0.334,0.43,0.97,0.097,5.1,6.0,0.994912,3.32,0.36,10.427095911
6.1,0.256,0.42,4.84,0.015,33.7,139.2,0.992051,3.13,0.43,11.121071871
7.46,0.732,0.25,10.64,0.061,22.4,120.8,1.000421,3.24,1.38,9.057392415
8.21,0.368,0.1,2.06,0.04,24.3,36.0,0.995576,3.52,0.34,12.416641955
6.21,0.201,0.29,1.45,0.042,42.2,172.4,0.989924,3.28,0.33,11.530186997
5.18,0.399,0.16,1.11,0.036,22.3,91.5,0.988934,3.13,0.45,12.857713577
7.32,0.226,0.52,10.74,0.074,76.7,216.6,0.999753,3.26,0.98,8.843875307
7.48,0.408,0.34,4.6,0.088,12.0,83.9,0.99635,3.04,0.34,8.815086503
6.45,0.406,0.45,1.79,0.024,20.9,128.4,0.993402,3.32,1.03,10.411235647
8.76,0.452,0.45,2.77,0.092,11.4,16.7,0.998027,3.34,1.64,10.258071039
6.19,0.53,0.26,2.23,0.086,25.5,55.8,0.993846,3.34,0.93,9.948261193
6.5,0.345,0.3,6.22,0.032,24.1,106.3,0.993356,3.29,0.32,11.621278429
8.25,0.448,0.29,6.34,0.043,20.9,83.2,0.996254,3.36,0.42,11.330203372
6.6,0.231,0.41,6.74,0.039,38.9,132.8,0.99308,3.28,0.38,11.539074392
10.02,0.487,0.4,4.06,0.083,10.0,45.4,0.997059,2.72,0.34,9.09363153
7.04,0.151,0.46,9.82,0.084,87.2,268.8,0.995248,3.19,0.53,9.551709001
7.55,0.444,0.27,1.12,0.056,14.0,159.7,0.989776,3.31,0.58,12.652035621
10.28,0.372,0.6,2.21,0.046,27.2,111.4,0.996047,2.96,0.32,9.711157278
6.55,0.223,0.09,3.36,0.036,13.1,45.0,0.993874,3.34,0.35,13.12424699
6.32,0.413,0.17,8.85,0.044,12.0,94.6,0.994292,3.1,0.42,11.065837902
6.0,0.152,0.53,11.88,0.05,87.6,218.5,0.990681,2.92,0.47,11.037735894
9.02,0.347,0.53,5.16,0.054,26.4,116.9,0.995809,3.03,0.58,10.229160488
6.89,0.327,0.24,0.68,0.04,6.2,6.0,0.989797,3.18,0.33,13.403318102
7.31,0.353,0.23,9.0,0.033,15.9,101.7,0.994799,3.21,0.32,11.318685299
10.48,0.538,0.42,1.4,0.069,22.9,57.5,0.993993,3.23,0.9,13.070348012
6.75,0.249,0.25,1.67,0.031,19.5,111.5,0.992085,3.3,1.22,10.605947662
5.78,0.401,0.26,2.03,0.065,4.5,21.1,0.993328,3.24,0.87,9.736898457
7.62,0.789,0.27,14.31,0.102,60.3,188.5,1.001663,3.18,0.48,8.854082642
9.01,0.354,0.28,1.64,0.082,5.8,19.6,0.995453,3.05,1.29,10.184854753
8.65,0.597,0.45,2.3,0.11,16.7,87.8,0.99702,3.24,0.5,9.958333244
5.08,0.149,0.36,12.0,0.027,46.5,218.1,0.996327,3.15,0.39,8.996056628
7.92,0.124,0.53,18.05,0.025,83.3,247.1,0.997066,2.77,0.34,8.902978652
7.0,0.4,0.14,2.37,0.057,19.6,83.4,0.993718,3.3,0.76,10.665259475
7.61,0.125,0.5,7.19,0.032,55.6,163.7,0.990853,3.09,0.55,12.957245461
7.9,0.155,0.39,1.83,0.054,12.8,104.5,0.992797,3.33,0.35,11.226671528
7.36,0.304,0.38,6.24,0.044,32.4,158.4,0.995747,2.95,0.44,9.132441844
6.39,0.24,0.37,6.38,0.081,38.6,114.1,0.996079,3.28,0.7,9.938084227
6.99,0.155,0.19,15.71,0.04,43.5,143.1,0.996447,3.06,0.54,10.001849486
7.35,0.741,0.21,3.05,0.085,10.8,69.1,0.999321,3.35,0.58,9.360002949
7.44,1.154,0.01,3.39,0.058,3.1,9.1,0.995184,3.24,0.43,10.699186572
8.94,0.161,0.7,1.95,0.045,25.6,171.3,0.99212,3.02,0.34,10.266406031
6.3,0.22,0.39,5.84,0.037,18.9,173.6,0.995173,3.19,0.62,9.706501066
6.56,0.271,0.26,4.53,0.03,31.6,114.8,0.994145,3.16,0.67,11.346040012
8.43,0.186,0.31,7.69,0.064,52.8,150.5,0.997018,3.21,0.43,9.928834151
6.61,0.402,0.32,12.45,0.044,66.1,177.5,0.997149,3.3,0.36,9.474830584
5.26,0.232,0.26,4.73,0.023,48.5,202.6,0.991417,3.31,0.32,10.366740879
9.34,0.56,0.42,0.94,0.044,9.8,28.8,0.990928,3.21,0.33,13.931511051
6.1,0.171,0.34,4.5,0.038,27.1,138.6,0.991718,3.09,0.33,10.630172453
5.27,0.259,0.25,16.83,0.052,71.9,215.0,0.995453,3.12,0.81,9.078175455
7.72,0.216,0.42,6.96,0.053,30.3,168.7,0.995528,3.14,0.33,9.237199847
7.03,0.137,0.39,6.12,0.052,38.9,208.1,0.995359,3.06,0.32,8.64253101
8.52,0.357,0.3,1.43,0.067,9.9,6.0,0.992648,3.21,0.38,12.464113745
6.47,0.705,0.17,0.91,0.064,16.5,64.7,0.992159,3.59,0.59,11.460544434
5.37,0.248,0.07,0.93,0.035,24.3,48.8,0.990165,3.33,0.34,11.253630967
5.4,0.206,0.33,12.58,0.042,109.3,219.4,0.997183,3.29,0.43,9.404153146
8.24,0.699,0.19,3.15,0.067,11.6,71.5,0.994442,3.04,0.34,9.772599438
7.49,0.17,0.59,5.02,0.037,8.3,71.8,0.992283,3.17,0.33,12.158551497
7.31,0.522,0.21,1.25,0.064,21.1,83.9,0.99334,3.22,0.32,11.179253906
5.84,0.164,0.42,3.71,0.034,34.0,177.6,0.990687,3.38,0.64,12.363654886
6.49,0.105,0.41,2.7,0.029,49.3,189.0,0.990903,3.28,0.33,11.419476178
7.12,0.396,0.09,9.55,0.04,20.9,81.3,0.996593,3.36,0.81,11.517199491
5.86,0.215,0.25,13.31,0.049,76.9,233.0,0.994972,3.41,0.33,10.880986427
6.98,0.161,0.46,8.41,0.019,39.3,165.8,0.991976,2.88,0.33,10.548359861
6.64,0.333,0.26,11.12,0.062,76.4,229.1,0.996034,3.39,0.34,9.997060047
9.23,0.633,0.35,5.66,0.082,20.1,96.5,0.999341,3.22,0.82,9.086109397
7.02,0.687,0.13,4.17,0.055,13.1,64.2,0.994468,3.36,0.36,10.804215048
7.73,0.414,0.09,5.14,0.045,13.2,129.3,0.994068,3.11,0.34,10.345236172
8.5,0.263,0.52,20.29,0.039,43.1,111.9,0.998196,2.94,0.34,9.811279606
7.94,0.516,0.64,4.19,0.069,25.0,120.3,0.99582,2.95,0.42,9.469179139
6.77,0.417,0.43,5.01,0.036,32.2,239.4,0.994257,3.11,0.37,9.892939196
6.86,0.325,0.24,3.35,0.036,19.5,114.8,0.992599,3.33,0.36,11.007594389
7.11,0.339,0.09,4.98,0.063,60.2,127.7,0.993951,3.17,0.4,10.334241632
7.25,0.348,0.43,6.72,0.132,19.7,58.9,0.998178,3.45,0.81,11.202974296
6.13,0.466,0.17,6.23,0.039,19.8,57.8,0.997626,3.45,0.41,9.174291865
7.24,0.276,0.22,2.74,0.035,18.5,108.1,0.992827,3.09,0.34,11.893264581
6.49,0.45,0.28,3.62,0.034,13.9,84.5,0.993205,3.36,0.64,11.264311615
7.42,0.336,0.47,24.2,0.041,70.0,211.9,1.000507,3.19,0.32,8.572858389
9.18,0.403,0.42,16.48,0.084,13.6,135.1,1.002714,3.29,0.62,8.837192946
6.91,0.182,0.14,15.87,0.015,39.4,150.5,0.99224,3.14,0.31,10.773609835
5.71,0.277,0.45,10.19,0.033,41.4,148.6,0.995537,3.33,0.49,9.657190635
7.83,0.237,0.26,2.67,0.02,58.3,187.6,0.991257,3.45,0.53,12.045670809
6.96,0.259,0.28,4.03,0.051,36.6,94.0,0.994604,3.3,0.48,10.341811768
8.76,0.146,0.4,6.28,0.046,53.4,156.5,0.998376,3.18,0.41,9.032899312
6.43,0.352,0.24,6.48,0.019,32.4,119.1,0.991709,3.26,0.31,11.822856365
6.3,0.131,0.4,10.6,0.05,35.1,178.9,0.999509,3.13,0.39,8.170562253
7.58,0.266,0.5,2.4,0.039,19.3,99.7,0.994411,3.57,0.5,11.315850002
7.9,0.145,0.46,6.85,0.029,47.6,140.5,0.997234,3.06,0.33,8.52973384
8.78,0.66,0.12,0.63,0.061,2.1,6.0,0.993716,3.48,1.25,11.644683157
7.48,0.17,0.44,2.11,0.065,33.0,79.7,0.994002,3.15,0.41,9.893805025
7.06,0.3,0.2,16.33,0.069,22.1,148.9,0.999881,3.31,0.34,8.597806968
8.1,0.577,0.15,1.29,0.117,11.8,41.5,0.998347,3.36,0.48,9.411142819
9.92,1.02,0.33,4.1,0.047,14.1,53.3,0.997071,3.31,0.4,12.00053013
6.37,0.384,0.22,1.72,0.086,19.3,114.6,0.996998,3.37,0.33,8.883394962
6.6,0.13,0.64,2.71,0.039,40.3,199.4,0.989359,3.07,0.32,10.993033754
9.41,0.394,0.36,2.8,0.069,6.9,27.4,0.994134,3.05,0.44,11.935223226
7.29,0.233,0.39,5.95,0.038,25.2,116.2,0.99464,3.19,0.4,10.413886791
5.43,0.449,0.34,5.91,0.037,24.1,145.1,0.993133,3.32,0.32,10.751438978
8.62,0.518,0.18,5.79,0.089,15.4,47.2,0.998304,3.24,0.35,10.453416405
8.74,0.411,0.48,9.38,0.055,24.9,175.8,0.995967,2.95,0.56,10.523468793
6.23,0.757,0.0,6.58,0.14,8.9,75.0,0.998178,3.3,0.4,9.358606731
6.72,0.365,0.37,2.23,0.057,34.2,90.2,0.990297,3.19,0.53,12.570485979
7.84,0.41,0.24,7.75,0.035,10.6,77.3,0.995197,3.29,0.43,11.029015645
8.2,0.313,0.22,1.15,0.022,8.4,66.5,0.990305,3.29,0.35,12.976207061
7.63,0.177,0.49,10.33,0.043,79.1,199.8,0.995026,3.01,0.33,9.970401615
5.81,0.256,0.21,10.05,0.039,34.4,206.4,0.993918,3.31,0.35,10.746345068
6.61,0.347,0.43,3.05,0.058,16.0,78.5,0.996825,3.43,0.4,9.929458213
9.56,0.438,0.14,4.51,0.115,22.7,80.5,0.998965,3.25,0.69,9.876374424
7.97,0.549,0.57,12.6,0.063,32.2,140.1,1.000674,2.93,0.48,8.925185782
7.39,0.397,0.27,1.28,0.055,16.3,111.3,0.993491,3.22,0.32,10.381240846
5.92,0.414,0.2,7.02,0.063,23.6,33.6,0.993635,3.25,0.34,11.470804891
7.66,0.155,0.49,2.66,0.036,39.0,206.8,0.995414,3.37,0.74,10.780785014
5.87,0.637,0.17,5.46,0.042,49.7,104.6,0.99389,3.49,0.31,11.278234914
9.68,0.266,0.54,2.94,0.051,20.1,66.1,0.993424,3.09,0.66,10.775729664
5.98,0.507,0.0,7.05,0.045,51.2,150.7,0.994537,3.25,0.5,9.780824214
8.64,0.59,0.45,15.64,0.126,51.8,133.3,1.002783,3.23,0.78,9.214311399
6.86,0.231,0.52,5.89,0.043,44.3,175.8,0.992009,3.08,0.44,10.499640713
7.63,0.292,0.24,9.97,0.094,15.4,27.8,0.998506,3.3,0.77,10.70281907
7.58,0.513,0.51,2.15,0.064,6.7,41.8,0.996662,3.42,0.66,11.057521836
8.2,0.364,0.28,4.81,0.038,40.1,162.9,0.995147,3.27,0.38,10.075448098
7.87,0.192,0.14,1.28,0.038,18.6,123.7,0.993365,3.32,0.46,11.374464183
7.96,0.546,0.33,3.83,0.042,49.2,176.5,0.994727,3.06,0.99,9.86126194
7.42,0.365,0.44,1.97,0.055,18.1,74.9,0.991974,3.3,0.49,12.04962743
5.1,0.348,0.14,5.09,0.054,38.7,148.2,0.991488,3.44,0.46,10.411046866
6.61,0.247,0.21,7.12,0.043,20.2,109.2,0.996024,3.5,0.31,10.338492974
4.8,0.578,0.14,14.65,0.052,60.0,206.0,0.99517,3.56,0.39,10.173374239
6.63,0.298,0.38,6.95,0.042,19.4,172.0,0.994252,3.09,0.32,10.539364291
5.71,0.298,0.24,12.42,0.033,47.8,201.4,0.993678,2.92,0.33,9.63043213
4.92,0.244,0.18,22.19,0.024,81.3,290.0,0.994308,3.19,0.5,9.752097622
7.03,0.583,0.15,2.24,0.085,26.1,43.6,0.997251,3.34,0.55,9.286773589
6.46,0.152,0.34,4.9,0.044,21.1,97.0,0.99129,3.1,0.34,11.835378771
6.4,0.2,0.49,4.14,0.021,17.0,61.8,0.988412,2.78,0.32,12.995689013
6.12,0.258,0.26,1.07,0.059,8.9,109.7,0.991819,3.49,0.54,10.731092144
6.48,0.307,0.35,9.68,0.043,38.5,171.6,0.992501,3.01,0.33,10.919626766
10.46,0.267,0.39,10.33,0.063,35.4,99.4,1.002802,3.14,0.49,9.302009125
6.63,0.502,0.16,8.6,0.045,28.8,144.4,0.997869,3.29,0.33,8.849567672
6.79,0.326,0.19,1.23,0.043,29.4,117.0,0.991126,3.48,0.56,11.89200058
7.61,0.521,0.27,9.1,0.057,27.6,97.3,1.000334,3.17,0.31,9.083545798
5.38,0.281,0.3,10.63,0.033,49.8,218.1,0.993308,3.39,0.84,10.50282719
8.36,0.61,0.33,8.75,0.07,29.9,125.1,0.995953,2.93,0.32,9.721274347
5.14,0.359,0.28,6.21,0.024,27.6,188.9,0.99024,3.21,0.33,11.404994574
7.08,0.497,0.2,0.86,0.097,33.2,137.5,0.991073,3.35,0.46,11.685154667
6.03,0.321,0.3,8.12,0.028,48.3,138.0,0.992892,3.19,0.31,11.104606978
8.06,0.262,0.35,8.98,0.042,22.8,139.8,0.995192,3.03,0.98,11.860703521
5.79,0.087,0.34,1.16,0.019,21.1,135.3,0.988371,3.22,0.39,12.087175931
5.79,0.355,0.21,3.26,0.074,41.3,112.6,0.994838,3.49,0.39,9.255485238
5.5,0.271,0.14,1.3,0.027,12.4,66.4,0.990103,3.32,0.35,10.86994757
7.57,0.534,0.46,9.72,0.056,60.9,209.3,0.998671,3.29,0.68,9.080104686
8.78,0.726,0.38,1.14,0.053,33.4,79.8,0.996147,3.28,0.7,10.448749577
5.4,0.736,0.02,8.49,0.052,64.4,214.0,0.9969,3.31,0.43,10.099592144
7.25,0.204,0.24,2.22,0.036,21.2,89.9,0.994206,3.38,0.43,11.808917569
8.31,0.358,0.29,11.1,0.037,47.1,134.2,0.999168,3.38,0.31,8.974387127
7.56,0.481,0.17,9.99,0.057,28.6,113.7,0.998099,3.03,0.35,8.739675965
6.02,0.339,0.41,1.29,0.033,44.4,155.9,0.991438,3.37,0.63,10.845806991
7.16,0.419,0.23,2.15,0.078,9.4,9.4,0.996497,3.34,0.5,9.953800112
6.85,0.402,0.29,5.1,0.075,32.5,157.0,0.99737,3.21,0.35,9.185217479
6.86,0.358,0.39,6.54,0.087,25.8,131.4,0.996528,3.2,0.33,9.800243671
7.04,0.289,0.25,10.84,0.097,81.0,212.8,0.999611,3.36,0.51,8.97957741
6.68,0.642,0.17,5.74,0.037,10.5,38.6,0.993913,3.35,0.39,11.137143582
5.98,0.331,0.05,2.06,0.019,50.1,144.9,0.991297,3.36,0.32,11.742909538
6.25,0.319,0.15,2.29,0.044,40.9,130.4,0.991424,3.49,0.32,12.393957818
5.28,0.19,0.32,8.97,0.081,41.0,74.6,0.992429,3.15,0.33,10.135356636
5.39,0.181,0.33,13.31,0.063,86.7,181.3,0.993036,3.11,0.4,9.848558059
6.51,0.186,0.47,12.28,0.032,43.8,121.9,0.996155,3.07,0.34,9.381353167
6.08,0.211,0.27,6.15,0.022,29.6,162.8,0.989787,3.04,0.32,11.740283979
6.78,0.297,0.25,3.9,0.03,26.0,121.3,0.990787,3.22,0.52,12.557154215
7.42,0.406,0.35,2.61,0.06,14.6,26.8,0.995394,3.53,0.67,10.958041767
7.07,0.593,0.35,1.03,0.083,2.7,28.1,0.992503,3.37,1.19,11.964445439
8.02,0.348,0.46,3.3,0.07,43.4,90.7,0.995695,3.19,0.38,9.629235219
7.62,0.398,0.13,4.68,0.052,28.6,108.9,1.000782,3.55,0.48,9.525637586
8.28,0.923,0.28,0.85,0.121,34.7,95.6,0.993484,3.37,0.73,12.182698321
11.48,0.362,0.52,2.44,0.056,15.9,34.6,0.995531,3.06,0.53,12.133864964
9.79,0.644,0.34,2.7,0.088,12.3,48.7,0.99905,3.21,0.72,9.910222987
7.58,0.498,0.37,20.65,0.062,50.5,128.0,1.001342,3.26,0.75,9.582122072
9.01,0.5,0.12,1.75,0.106,4.7,7.9,0.999874,3.54,0.55,9.870796854
7.41,0.285,0.24,1.98,0.043,23.0,52.6,0.99242,3.12,0.38,10.795161073
7.32,0.64,0.13,4.47,0.061,13.7,34.8,0.997682,3.38,0.61,10.201505872
7.2,0.196,0.23,25.38,0.038,39.6,181.6,1.000783,2.96,0.62,8.49225036
7.38,0.223,0.63,9.41,0.09,41.8,211.4,0.996912,2.99,0.87,10.37686686
10.17,0.234,0.58,3.76,0.051,16.4,93.6,0.994769,2.99,0.38,10.763780605
8.27,0.3,0.19,2.51,0.075,23.6,141.3,0.996785,3.09,0.71,9.766278117
5.85,0.279,0.37,6.58,0.042,71.4,237.0,0.994155,2.96,0.44,9.41833632
6.01,0.301,0.11,6.32,0.037,64.8,192.6,0.99422,3.29,0.51,9.565839831
8.62,0.19,0.53,8.13,0.064,20.4,85.2,0.995889,2.82,0.31,9.400293562
7.46,0.521,0.27,14.5,0.093,20.7,121.8,1.002188,3.28,0.52,9.005119974
8.58,0.285,0.25,1.67,0.027,50.0,164.1,0.990617,3.12,0.42,12.481400947
7.3,0.217,0.14,5.24,0.042,33.4,161.2,0.994796,3.24,0.31,9.185094675
8.75,0.37,0.29,2.56,0.065,35.2,80.0,0.994863,3.44,0.6,10.910837315
6.82,0.214,0.34,0.74,0.036,31.5,137.9,0.990367,3.28,1.07,10.684714764
6.93,0.214,0.66,5.06,0.069,59.0,203.9,0.996614,2.93,1.25,9.090486211
10.55,0.238,0.55,2.28,0.071,8.2,121.5,0.999436,3.07,0.33,8.781166966
7.51,0.352,0.4,0.71,0.071,14.9,46.7,0.993102,3.39,0.64,11.080332679
6.49,0.241,0.13,4.87,0.033,10.3,55.6,0.995116,3.35,0.33,11.139375757
6.09,0.293,0.16,2.36,0.045,14.9,92.2,0.990662,3.41,0.39,12.049173556
7.3,0.67,0.11,2.99,0.086,15.0,45.9,0.991551,3.42,0.51,13.404641169
7.36,0.223,0.43,3.76,0.062,60.0,155.7,0.994376,3.16,0.95,9.985806363
7.89,0.424,0.33,2.73,0.087,34.6,132.1,0.996558,3.15,0.77,8.830477892
7.71,0.565,0.11,8.67,0.053,21.2,104.3,0.998194,3.39,0.5,9.364972883
5.85,0.33,0.17,5.91,0.071,40.2,170.9,0.996426,2.98,0.69,8.810805269
7.47,0.34,0.38,1.95,0.094,9.0,85.4,0.992747,3.13,0.31,10.769358588
6.7,0.264,0.42,1.45,0.129,14.0,59.5,0.99668,3.55,1.59,9.590317855
6.1,0.231,0.54,3.02,0.027,26.4,95.4,0.9881,3.12,0.41,13.538538718
9.8,0.314,0.36,2.91,0.082,17.3,35.8,1.000691,3.23,1.01,8.760168544
7.48,0.258,0.32,3.44,0.052,30.0,61.5,0.994139,3.34,0.51,11.149866494
6.29,0.23,0.4,1.38,0.055,20.0,25.9,0.99298,3.35,0.33,10.556773909
5.91,0.335,0.35,12.35,0.033,59.7,156.5,0.994865,3.31,0.45,10.328217098
9.67,0.216,0.56,9.41,0.036,16.9,101.2,0.9982,2.99,0.49,10.391134234
7.15,0.418,0.07,2.48,0.046,31.8,55.5,0.996467,3.38,0.39,9.178432091
8.43,0.626,0.19,0.67,0.08,3.0,6.0,0.994252,3.4,0.61,11.110849664
5.14,0.939,0.0,7.03,0.046,28.8,57.8,0.994848,3.6,0.92,11.094473021
8.34,0.288,0.21,2.22,0.058,28.1,109.0,0.995327,3.32,0.36,11.627675145
5.51,0.162,0.22,7.76,0.018,94.3,208.6,0.990463,3.11,0.31,10.736745808
7.45,0.317,0.45,16.87,0.066,58.6,218.4,1.00042,3.05,0.33,8.968250722
7.0,0.311,0.32,6.8,0.052,52.4,192.3,0.996161,3.21,1.73,10.029014125
8.86,0.603,0.3,3.15,0.057,15.5,88.6,0.994765,3.29,0.83,10.978034002
6.11,0.688,0.29,7.84,0.085,16.5,82.6,1.000009,3.55,0.64,9.023083809
6.15,0.241,0.36,4.42,0.049,24.5,116.2,0.990906,3.1,0.34,11.075698727
5.7,0.214,0.21,1.62,0.055,23.5,72.2,0.990695,3.16,0.35,12.061543168
7.23,0.423,0.3,3.8,0.05,26.5,130.5,0.994415,3.43,0.49,11.497612975
6.27,0.279,0.34,1.67,0.052,8.5,52.9,0.993656,3.38,0.37,10.471587674
7.69,0.115,0.49,1.05,0.036,36.4,98.8,0.989,3.19,0.57,12.479636178
5.95,0.224,0.32,9.86,0.061,66.0,169.4,0.99355,3.13,0.35,10.322827623
8.68,0.385,0.4,6.27,0.044,24.4,136.1,0.993993,2.96,0.37,12.1559567
5.88,0.594,0.21,9.4,0.071,52.0,124.5,0.997112,3.59,0.33,10.633219284
5.47,0.268,0.35,5.21,0.041,75.0,175.2,0.995092,3.38,0.36,9.449960072
8.34,0.374,0.41,16.36,0.035,43.2,149.2,0.996645,3.11,0.36,10.510269763
6.19,0.29,0.44,5.08,0.055,22.1,138.8,0.99203,3.01,0.33,9.359467878
5.73,0.4,0.35,9.8,0.027,37.3,210.7,0.99124,3.25,0.34,12.27063962
7.09,0.509,0.02,1.34,0.049,11.2,53.4,0.993394,3.31,0.75,9.897003597
10.38,0.341,0.63,2.46,0.059,10.8,114.0,0.995963,3.0,0.66,10.233950202
8.63,0.297,0.73,11.32,0.085,27.5,72.4,0.997713,3.31,0.33,11.489621078
7.13,0.485,0.3,3.37,0.075,38.0,120.1,0.996241,3.2,0.33,8.79401341
8.46,0.601,0.4,11.86,0.036,69.5,150.3,0.995607,3.12,0.34,9.563777554
9.24,0.271,0.36,2.62,0.104,22.8,115.9,0.997985,3.22,0.45,9.119997072
5.46,0.765,0.24,18.15,0.057,40.7,143.8,0.996316,3.27,0.41,11.386637562
8.03,0.359,0.23,4.51,0.062,18.2,104.7,0.99686,3.35,0.5,10.903598262
6.15,0.183,0.3,3.9,0.058,17.5,109.1,0.993728,3.09,0.9,10.834037366
5.92,0.251,0.2,1.19,0.049,32.9,121.2,0.990847,3.5,0.45,10.981849779
6.49,0.693,0.12,4.38,0.068,16.1,40.0,0.995385,3.35,0.34,10.154916156
5.91,0.233,0.23,12.44,0.062,35.3,195.9,0.999267,3.26,0.35,8.72105201
9.22,0.581,0.06,6.72,0.067,32.5,179.9,0.999666,3.27,0.45,9.634047242
7.23,0.178,0.32,4.69,0.05,29.3,92.3,0.996163,3.39,0.48,10.466015753
7.75,0.284,0.39,10.72,0.081,13.6,80.8,0.998419,3.15,0.58,9.773106384
8.27,0.178,0.23,2.94,0.094,40.5,91.0,0.998371,2.93,1.12,8.556099635
6.17,0.338,0.33,22.22,0.074,77.3,230.1,0.998343,3.18,0.55,9.760183384
7.62,0.285,0.29,12.01,0.063,23.4,91.7,0.998306,2.99,0.64,10.461692486
6.65,0.232,0.28,4.76,0.06,38.6,158.7,0.993846,3.19,0.83,11.22640404
6.69,0.583,0.11,4.02,0.091,30.2,122.6,0.997765,3.35,0.44,10.041088051
6.51,0.47,0.37,5.01,0.048,27.2,137.0,0.996189,3.11,0.38,9.116938043
7.01,0.157,0.15,12.61,0.06,26.0,165.2,0.997359,3.03,0.33,8.669958033
5.58,0.157,0.39,10.58,0.026,33.2,104.9,0.993753,3.31,0.31,10.46209718
5.26,0.131,0.17,7.24,0.02,68.1,198.7,0.991036,3.23,0.39,11.288993448
9.92,0.339,0.43,1.53,0.03,20.0,76.4,0.994248,2.94,0.31,10.101869003
8.93,0.784,0.42,1.69,0.132,25.3,65.1,0.996915,3.38,0.55,9.748562702
7.61,0.258,0.31,5.23,0.056,26.2,163.1,0.996782,3.21,0.71,9.597554098
6.48,0.225,0.43,2.18,0.05,21.3,84.7,0.99178,3.25,0.47,12.224069589
9.19,0.529,0.51,0.66,0.189,2.5,57.8,0.996112,3.07,0.65,9.442390966
9.43,0.23,0.66,5.17,0.074,25.2,104.0,0.995636,2.85,0.41,10.079452133
8.82,0.241,0.13,1.58,0.063,8.6,35.2,0.996209,3.41,0.68,9.95157566
7.57,0.348,0.22,8.77,0.045,39.0,162.4,0.995712,3.15,0.64,10.846845579
9.05,0.314,0.44,5.75,0.106,29.5,131.4,0.999458,3.27,0.37,9.264377283
6.47,0.189,0.49,3.44,0.023,38.3,156.5,0.994411,3.34,0.5,10.996479062
6.86,0.413,0.4,4.02,0.049,25.4,68.7,0.993796,3.12,0.31,11.542119155
6.83,0.426,0.09,0.96,0.039,10.8,6.0,0.991762,3.54,0.93,13.011781335
6.19,0.896,0.27,6.21,0.074,14.8,124.5,0.999172,3.34,0.62,8.443820029
7.41,0.52,0.12,1.26,0.082,4.9,18.2,0.993649,3.26,0.31,10.429272902
7.12,0.603,0.38,5.13,0.056,34.5,147.1,0.996255,3.24,1.12,10.204771494
7.06,0.143,0.23,1.51,0.032,54.0,134.3,0.989596,3.1,0.32,11.8147895
6.94,0.325,0.07,1.31,0.062,8.9,93.2,0.997109,3.56,0.36,9.365593142
6.41,0.197,0.06,15.7,0.091,37.7,139.5,1.000082,3.34,0.49,8.974971731
8.58,0.413,0.48,3.12,0.067,23.3,103.8,0.99747,3.3,0.42,9.453605366
7.04,0.586,0.23,2.49,0.054,57.6,139.1,0.995267,3.34,0.33,9.848356605
9.24,0.342,0.46,2.59,0.082,17.1,55.1,0.999379,3.44,0.88,10.575926554
6.54,0.305,0.4,3.64,0.045,29.0,32.9,0.994961,3.33,0.58,10.62384804
6.49,0.423,0.23,11.39,0.068,12.1,88.4,0.999639,3.21,1.14,8.935641573
7.37,0.205,0.27,5.68,0.061,36.2,127.7,0.994002,3.32,0.58,10.661105681
6.75,0.214,0.21,6.99,0.03,26.8,107.2,0.994339,3.18,0.61,10.506381292
6.84,0.39,0.18,1.56,0.035,33.7,54.7,0.989423,2.99,0.34,12.065517094
6.05,0.274,0.45,2.82,0.023,19.6,70.9,0.990274,3.31,0.32,12.361098269
6.96,0.232,0.39,1.94,0.052,51.0,161.7,0.989762,2.89,0.33,11.325248113
7.98,0.439,0.34,4.28,0.037,9.7,112.8,0.991352,2.95,0.39,13.020210886
4.76,0.233,0.27,5.44,0.019,44.3,125.0,0.992225,3.43,0.4,10.545403201
8.32,0.241,0.34,4.94,0.052,4.2,72.1,0.998804,3.23,0.54,9.240311879
7.32,0.242,0.34,4.29,0.06,14.4,74.3,0.993085,3.11,0.52,11.706150562
10.22,0.498,0.27,0.98,0.145,7.8,24.0,0.99748,3.07,0.54,9.647975081
7.71,0.696,0.47,8.74,0.057,10.5,47.3,1.000788,3.31,0.46,9.043432192
6.12,0.444,0.28,3.07,0.031,54.4,164.1,0.989133,3.08,0.51,12.441255088
8.18,0.261,0.42,2.59,0.143,25.6,83.0,0.999459,3.4,0.47,8.882515317
9.04,0.765,0.21,7.35,0.077,22.5,63.1,1.000385,3.13,0.98,9.018819541
6.23,0.625,0.35,7.8,0.052,23.9,169.6,0.994981,3.1,0.38,10.114234624
6.79,0.317,0.55,6.04,0.026,62.3,144.5,0.992632,3.11,0.33,10.25823868
6.84,0.126,0.53,3.53,0.026,38.2,194.8,0.992161,3.23,0.44,11.306235126
4.79,0.246,0.03,7.27,0.026,44.6,115.8,0.991567,3.29,0.37,10.253994248
8.78,0.295,0.27,9.0,0.039,13.0,58.6,0.997925,3.27,0.32,10.319445717
8.47,0.177,0.35,3.89,0.035,21.1,134.7,0.99214,3.05,0.7,11.638008432
7.09,0.255,0.27,2.22,0.059,51.6,129.3,0.992668,3.11,0.43,10.854422824
7.37,0.35,0.47,2.8,0.095,21.4,78.6,0.994638,3.29,0.81,10.614605003
7.32,0.309,0.13,8.24,0.07,22.4,97.0,0.99613,3.48,1.2,11.231434151
5.0,0.421,0.27,10.5,0.082,41.1,141.7,0.993286,3.23,0.35,10.122428766
7.27,0.21,0.2,2.5,0.05,29.7,33.1,0.996665,3.39,0.39,9.487511626
6.63,0.206,0.16,0.66,0.03,14.5,101.6,0.990709,3.39,0.32,11.160469619
5.65,0.109,0.28,2.08,0.022,45.6,140.7,0.98883,3.15,0.38,11.893613907
6.01,0.449,0.18,3.63,0.038,6.1,63.8,0.990155,3.25,0.31,12.578601013
7.6,0.263,0.45,3.19,0.047,13.6,124.4,0.994253,3.06,0.33,9.826423927
7.76,0.293,0.25,14.2,0.047,43.3,172.4,0.996422,3.05,0.55,10.091122911
6.1,0.282,0.43,8.84,0.038,41.1,147.4,0.991214,3.12,0.43,11.177790983
6.46,0.316,0.28,1.3,0.031,35.4,167.2,0.990988,3.1,0.32,10.208597837
5.88,0.203,0.24,5.05,0.052,31.6,184.2,0.993743,3.31,0.4,9.691610239
7.31,0.365,0.46,10.33,0.071,36.6,131.6,0.999571,3.01,0.57,9.114884457
7.05,0.289,0.11,1.25,0.057,32.6,91.9,0.991139,3.12,0.37,12.08104757
10.42,0.906,0.42,4.8,0.069,14.0,51.6,0.995,3.07,0.75,11.535876812
6.29,0.231,0.04,0.65,0.059,23.1,41.1,0.989694,3.39,0.91,11.990801071
8.08,0.175,0.49,9.43,0.074,54.1,197.2,0.998682,3.18,1.49,9.37293191
6.79,0.395,0.26,3.16,0.096,12.2,52.5,0.996467,3.39,0.82,9.72415955
8.82,0.341,0.63,2.16,0.08,21.6,67.2,0.995085,3.13,0.38,10.837731172
7.06,0.273,0.49,13.97,0.027,45.2,219.1,0.998211,3.21,0.36,9.107314783
5.0,0.209,0.35,5.97,0.028,50.7,113.9,0.989838,3.17,0.87,12.190118213
6.33,0.227,0.21,2.58,0.039,8.1,61.1,0.992161,3.25,0.67,11.369435141
8.53,0.394,0.46,0.86,0.037,9.4,23.2,0.991336,3.07,0.33,13.330325941
7.59,0.677,0.14,2.02,0.051,11.1,30.0,0.99228,3.33,0.41,12.432120766
9.92,0.299,0.45,14.13,0.096,41.3,87.9,0.999568,3.13,0.32,8.906890545
6.69,0.314,0.46,5.89,0.071,34.4,173.7,0.996537,3.17,0.63,8.725088263
8.66,0.168,0.54,8.12,0.047,25.5,140.2,0.996094,3.06,0.51,9.721284572
7.79,0.507,0.29,5.71,0.118,15.0,100.5,0.999239,3.36,0.47,9.10343737
8.14,0.334,0.18,8.94,0.066,33.8,135.8,0.999946,3.29,0.62,9.542726372
7.52,0.431,0.07,2.71,0.044,40.2,183.4,0.991581,3.38,0.43,13.112152863
8.7,0.546,0.24,5.88,0.087,8.4,34.3,0.998558,3.2,0.46,10.411540622
6.72,0.411,0.29,4.68,0.046,37.8,126.0,0.995259,3.49,0.32,10.576289881
7.08,0.423,0.23,10.86,0.056,16.1,100.2,0.995173,3.09,0.76,11.210573221
5.69,0.184,0.18,1.9,0.026,29.8,113.9,0.990982,3.41,1.07,12.089584585
5.4,0.178,0.18,1.59,0.067,58.2,194.4,0.991663,3.13,1.09,10.18473708
7.22,0.471,0.17,1.8,0.081,24.4,130.5,0.995735,3.29,0.48,9.821654947
7.15,0.325,0.45,5.97,0.029,9.3,62.6,0.993845,3.12,0.31,12.253824625
6.08,0.393,0.27,6.03,0.055,66.9,132.8,0.994194,3.25,0.32,10.057989845
6.06,0.392,0.0,27.26,0.055,37.1,157.1,1.000397,3.15,0.45,8.676381022
5.64,0.184,0.37,4.21,0.022,74.0,161.3,0.988196,2.99,0.32,12.443944106
8.11,0.265,0.58,1.86,0.034,28.8,78.5,0.990938,3.33,0.38,13.196612816
6.95,0.331,0.37,3.15,0.037,16.9,82.1,0.99272,3.06,0.38,11.625442333
6.14,0.334,0.25,2.81,0.031,7.4,109.1,0.991839,3.43,0.32,11.853397246
6.77,0.224,0.32,16.97,0.065,105.0,222.3,1.0003,3.2,0.44,8.588986763
5.43,0.323,0.11,6.82,0.074,31.6,129.8,0.994711,3.3,0.36,9.714434122
8.93,0.392,0.28,10.88,0.071,24.9,82.3,0.997157,3.21,0.33,10.691329298
6.72,0.167,0.5,4.91,0.044,40.1,148.9,0.994887,3.29,0.47,9.689471417
7.63,0.336,0.39,6.93,0.064,58.0,138.9,0.99569,3.0,0.79,9.981026242
5.46,0.352,0.17,1.46,0.045,60.2,169.7,0.992389,3.38,0.34,9.488870499
7.27,0.523,0.25,4.74,0.096,17.5,129.6,0.996202,3.4,0.41,10.983306946
6.01,0.316,0.16,4.85,0.028,57.1,152.7,0.992746,3.13,0.42,10.57344463
8.95,0.356,0.34,3.16,0.053,30.6,91.2,0.996346,3.25,0.45,10.880422852
6.82,0.296,0.19,0.88,0.067,17.5,139.8,0.993774,3.16,0.49,8.914050408
6.7,0.327,0.24,1.75,0.057,16.8,76.1,0.992531,3.21,0.44,11.152156406
5.57,0.227,0.27,7.78,0.04,48.0,185.6,0.995678,3.38,0.35,9.602783935
8.07,0.453,0.48,1.35,0.111,38.5,149.3,0.997659,3.39,1.35,8.687063283
7.28,0.4,0.18,3.1,0.031,33.5,105.9,0.99123,3.26,0.46,11.774163213
7.74,0.326,0.14,1.53,0.046,20.0,69.6,0.992834,3.42,0.31,11.487956738
8.26,0.227,0.22,0.72,0.049,13.3,52.6,0.988724,3.13,0.34,13.671751338
7.51,0.415,0.49,6.54,0.098,20.8,113.1,0.997474,3.17,0.43,9.310172172
7.96,0.322,0.33,13.01,0.062,63.0,188.2,0.998966,3.13,0.37,9.034066109
6.25,0.239,0.42,0.7,0.027,27.0,110.0,0.988052,3.07,0.32,13.108456392
8.76,0.387,0.38,0.92,0.062,15.4,6.0,0.993615,3.24,0.39,12.526962915
6.11,0.849,0.0,4.97,0.04,7.9,13.8,0.992426,3.38,0.33,13.990201743
5.31,0.174,0.37,4.45,0.089,23.6,117.5,0.992256,3.39,0.46,11.831931206
8.63,0.265,0.41,3.15,0.047,13.4,40.0,0.995069,3.19,0.46,10.931748954
6.93,0.384,0.21,13.68,0.101,39.1,252.1,0.999797,3.23,0.39,8.974324008
7.14,0.202,0.32,3.31,0.058,26.8,118.0,0.994823,3.15,0.44,9.743690317
8.01,0.215,0.4,1.11,0.031,19.1,76.8,0.989757,3.22,0.31,11.438931964
8.83,0.461,0.29,1.65,0.058,8.9,6.0,0.997016,3.44,0.82,10.466321009
12.64,0.444,0.45,4.53,0.096,7.4,63.2,1.002146,3.1,0.72,9.47930341
7.28,0.233,0.33,1.86,0.055,13.3,86.4,0.999142,3.31,0.53,8.641504185
7.91,0.332,0.12,2.25,0.043,8.3,57.6,0.997176,3.17,0.36,9.341914215
8.28,0.629,0.25,2.98,0.128,28.1,41.5,0.99694,3.12,0.64,9.583043841
6.3,0.241,0.28,1.5,0.069,25.2,61.5,0.99199,3.33,0.38,12.699497707
7.75,0.483,0.34,5.93,0.071,29.8,87.2,0.999094,3.34,0.38,9.066507662
6.15,0.378,0.17,1.95,0.043,26.9,155.5,0.993213,3.19,0.41,8.784041418
5.72,0.296,0.26,16.55,0.035,74.0,173.3,0.996014,3.37,0.4,10.012623119
8.37,0.284,0.42,3.12,0.055,59.6,230.3,0.995267,3.13,0.81,9.106059199
8.17,0.348,0.41,3.52,0.063,32.3,83.5,0.992275,3.04,0.39,12.569024333
6.6,0.227,0.23,1.08,0.044,65.4,141.5,0.991627,3.3,0.36,9.883518812
5.78,0.151,0.4,3.9,0.027,50.3,128.7,0.988775,3.14,0.38,12.679954171
8.03,0.555,0.05,4.44,0.097,19.1,65.8,0.997601,3.13,0.35,8.740648412
7.5,0.402,0.19,5.48,0.063,23.0,77.0,0.994113,3.19,0.52,10.957191696
7.17,0.327,0.31,1.36,0.083,57.8,165.2,0.993882,3.13,1.04,10.044174696
7.84,0.476,0.21,2.77,0.061,25.6,182.7,0.995411,3.13,0.39,9.789928252
6.19,0.168,0.41,9.03,0.036,21.2,93.9,0.992122,3.04,0.45,11.25718493
6.21,0.322,0.14,3.56,0.068,13.0,43.1,0.993682,3.36,0.45,10.816659329
8.07,0.31,0.45,1.0,0.103,7.7,42.7,0.995652,3.55,0.48,9.550809144
7.13,0.62,0.17,1.94,0.038,8.3,37.6,0.991088,3.13,0.66,11.739675226
10.72,0.504,0.4,1.02,0.095,10.7,41.6,0.99517,3.28,0.31,10.711987171
8.64,0.369,0.53,18.5,0.024,32.3,138.0,0.997741,3.12,0.46,10.716258078
7.27,0.135,0.46,3.32,0.014,17.6,93.4,0.989946,3.13,0.59,13.705559692
7.58,0.757,0.13,3.38,0.086,5.8,90.8,0.995713,3.33,0.61,10.613340969
8.49,0.453,0.26,1.51,0.047,40.7,156.9,0.994014,3.07,0.44,10.169260092
5.96,0.131,0.61,3.6,0.028,41.9,195.3,0.988683,3.16,0.49,12.221343922
6.92,0.333,0.38,4.56,0.059,28.3,140.9,0.998648,3.55,1.3,9.052608144
7.79,0.575,0.11,7.2,0.059,29.0,177.6,0.99784,3.2,0.32,8.97642365
9.86,0.226,0.42,4.75,0.08,22.0,103.1,1.000456,3.41,0.99,9.739531187
8.88,0.492,0.15,0.81,0.064,4.7,6.0,0.99204,3.03,0.59,11.949497867
6.89,0.351,0.51,2.36,0.026,3.9,13.3,0.990542,3.21,0.7,12.985209197
5.8,0.398,0.33,3.25,0.045,34.3,133.3,0.992694,3.24,0.55,10.804383763
8.69,0.267,0.41,1.54,0.089,8.7,32.9,0.997207,3.31,0.42,9.898401706
9.08,0.175,0.41,8.13,0.085,30.0,59.9,0.995986,2.97,0.64,10.845769358
6.45,0.235,0.37,1.91,0.096,48.6,186.2,0.992874,3.26,0.34,8.926832189
7.21,0.273,0.38,1.19,0.084,42.1,196.0,0.994009,3.37,0.52,9.617288402
8.44,0.29,0.35,7.52,0.048,23.5,145.6,0.995761,2.94,0.36,10.446033946
6.89,0.221,0.26,1.34,0.095,9.1,67.0,0.993293,3.17,0.32,9.999502428
8.24,0.59,0.25,9.73,0.083,14.9,72.4,1.002361,3.24,0.56,9.177448218
5.79,0.267,0.41,11.34,0.075,37.7,159.6,0.995249,3.38,0.59,9.740100849
7.3,0.18,0.42,4.24,0.039,29.7,80.4,0.993315,3.15,0.31,11.097691663
14.74,0.367,0.61,1.66,0.166,11.0,73.8,0.999375,2.99,1.12,9.615866041
6.83,0.319,0.33,1.17,0.047,18.2,32.7,0.991258,3.18,0.51,10.98511042
7.33,0.311,0.51,7.61,0.037,21.1,165.9,0.993273,2.91,0.6,10.249470269
6.61,0.423,0.47,5.76,0.033,46.2,159.1,0.993642,3.08,1.09,10.775152779
6.73,0.202,0.3,3.27,0.066,38.1,187.2,0.992131,3.0,0.85,10.125181352
5.99,0.109,0.44,7.69,0.031,37.1,225.0,0.994427,3.01,0.31,9.519688318
4.99,0.214,0.34,4.77,0.026,48.4,155.1,0.989278,3.2,0.56,11.90086066
5.03,0.251,0.3,11.67,0.03,66.5,241.2,0.992918,3.27,0.32,9.880547358
8.47,0.451,0.5,4.89,0.06,49.5,164.3,0.995486,3.21,0.45,9.904289552
5.71,0.378,0.06,4.98,0.064,18.4,122.8,0.994973,3.1,0.54,9.805731573
5.88,0.3,0.34,9.7,0.041,32.4,138.1,0.99734,3.29,0.66,9.450200602
6.95,0.246,0.51,1.35,0.039,40.0,179.1,0.992231,3.26,1.42,10.087634162
6.61,0.339,0.1,6.58,0.064,21.2,75.9,0.994358,3.35,0.42,10.158350357
7.16,0.46,0.21,0.89,0.05,6.4,6.0,0.990887,3.26,0.38,12.299001825
8.47,0.354,0.37,11.66,0.066,11.9,71.8,0.999251,3.09,0.43,9.009129567
6.47,0.157,0.51,2.51,0.08,61.6,149.7,0.992681,3.28,0.4,9.555391188
6.28,0.29,0.22,9.82,0.04,34.3,179.3,0.997106,3.23,0.5,9.782875779
6.42,0.276,0.27,12.43,0.049,34.8,158.3,0.99738,3.01,0.38,9.167766713
6.28,0.28,0.19,1.04,0.021,45.6,102.1,0.98786,3.18,0.31,11.771981274
5.67,0.206,0.64,4.43,0.022,44.2,178.4,0.990232,3.22,0.36,11.909333444
6.09,0.13,0.38,3.46,0.043,33.0,121.0,0.990938,3.02,0.38,11.322381685
8.7,0.535,0.18,9.12,0.059,38.1,136.7,0.995826,3.1,0.48,10.359453768
6.69,0.452,0.31,4.41,0.085,36.5,102.9,0.995768,3.16,0.41,9.433631217
7.85,0.271,0.38,1.34,0.027,5.3,71.0,0.993593,3.19,0.68,9.663154504
8.22,0.176,0.54,7.22,0.031,38.6,220.2,0.99596,2.81,0.46,8.756571619
6.81,0.48,0.11,4.86,0.053,17.2,134.3,0.995729,3.14,0.34,9.433357929
5.77,0.144,0.21,3.19,0.036,20.4,135.6,0.994817,3.16,0.57,9.447958259
6.83,0.395,0.35,20.12,0.037,61.7,269.2,0.998881,3.12,0.52,8.903468118
7.04,0.13,0.15,4.18,0.029,35.3,221.1,0.992736,2.93,0.33,10.320641458
5.82,0.213,0.4,10.63,0.03,66.1,185.6,0.989851,2.91,0.33,12.309139098
6.58,0.284,0.33,4.69,0.029,38.1,162.5,0.991412,3.21,0.31,12.510495326
7.91,0.384,0.12,3.35,0.046,5.0,41.6,0.996791,3.51,0.68,10.655548038
9.28,1.219,0.0,0.6,0.076,11.3,6.0,0.994209,3.53,0.31,10.47928515
6.3,0.281,0.31,15.17,0.057,52.2,205.0,0.997877,3.23,1.5,10.047047798
6.35,0.231,0.19,13.11,0.039,19.4,83.2,0.994527,2.96,0.31,10.354178289
5.89,0.314,0.24,6.75,0.079,39.5,135.4,0.996701,2.95,0.38,8.64732854
8.16,0.367,0.33,17.0,0.051,80.7,258.5,1.000029,3.28,0.48,9.733388244
7.53,0.478,0.19,2.54,0.074,28.1,152.8,0.995217,3.29,0.34,9.259138889
6.84,0.446,0.0,3.03,0.046,7.2,20.8,0.991743,3.08,0.51,11.816981024
5.4,0.376,0.18,3.72,0.018,37.7,116.4,0.987974,3.06,0.32,12.086492248
7.06,0.313,0.33,11.05,0.05,33.5,129.1,0.996105,3.29,0.35,10.861182911
7.63,0.141,0.54,12.3,0.051,41.7,194.9,0.99761,3.06,0.53,9.210209996
7.46,0.125,0.42,10.54,0.013,81.8,163.4,0.992934,3.13,0.5,12.997700484
6.32,0.53,0.16,5.99,0.033,38.6,127.6,0.994899,3.31,0.4,9.51978438
8.74,0.366,0.22,3.35,0.066,17.9,74.8,0.999353,3.13,0.82,8.820137735
7.46,0.458,0.32,1.06,0.073,29.0,109.9,0.9958,3.33,1.28,10.011908547
8.89,0.125,0.54,2.25,0.044,58.8,227.4,0.994935,3.25,0.56,9.93881318
6.53,0.261,0.15,1.06,0.062,19.6,150.3,0.990332,3.28,0.42,11.10737675
7.7,0.63,0.2,10.36,0.054,45.4,177.7,0.99954,3.39,0.34,8.986059073
7.05,0.356,0.13,1.3,0.088,6.3,23.9,0.995073,3.43,0.45,10.345078108
5.95,0.636,0.19,1.6,0.095,11.1,50.9,0.993976,3.46,0.65,10.552892355
6.29,0.432,0.1,0.97,0.061,29.9,132.5,0.992951,3.37,0.85,10.380829001
6.3,0.254,0.24,2.37,0.087,8.4,34.3,0.994765,3.01,0.39,9.463738692
6.46,0.339,0.18,0.61,0.063,12.0,44.3,0.990026,3.39,0.34,12.832837418
6.84,0.208,0.34,0.71,0.028,10.7,81.9,0.989784,3.14,0.35,10.850669447
6.77,0.304,0.28,6.55,0.046,17.9,135.1,0.993433,3.09,0.56,10.167988824
6.56,0.349,0.16,1.82,0.041,15.7,13.2,0.992104,3.23,0.34,11.766826104
7.21,0.453,0.3,1.58,0.068,24.9,57.8,0.99513,3.22,0.34,9.087788364
8.4,0.202,0.58,4.02,0.054,23.0,54.8,0.994548,3.04,0.31,10.987817072
6.6,0.325,0.28,0.99,0.032,11.6,113.8,0.993179,3.3,0.32,9.405069051
10.49,0.411,0.42,0.9,0.044,9.7,6.0,0.994005,3.08,1.35,11.007192323
7.55,0.135,0.47,3.48,0.037,32.8,109.8,0.990547,2.91,0.33,12.230376981
7.12,0.145,0.34,2.87,0.045,70.5,189.2,0.993767,3.12,0.61,11.765680346
7.67,0.142,0.58,2.77,0.021,45.8,122.5,0.992256,3.24,0.51,11.905472015
11.0,0.602,0.49,11.1,0.076,22.9,146.0,0.999881,3.09,0.46,9.73797977
6.49,0.174,0.33,2.67,0.025,46.2,194.0,0.994242,3.25,0.6,9.688409251
8.4,0.324,0.24,1.81,0.056,24.4,52.5,0.995759,3.65,1.04,12.325559491
8.96,0.44,0.29,2.13,0.147,16.1,77.6,0.998383,3.2,0.8,9.55551097
8.55,0.27,0.56,14.38,0.047,46.1,225.9,0.999087,3.0,0.37,8.656254162
7.91,0.627,0.08,0.79,0.1,26.3,45.1,0.992795,3.37,0.54,11.27526695
6.84,0.226,0.25,1.37,0.035,7.6,74.2,0.99076,3.34,0.57,13.008449774
11.2,0.427,0.75,0.97,0.186,8.0,17.5,1.000393,3.32,0.74,9.015949897
8.58,0.469,0.41,16.04,0.07,18.1,131.2,0.998932,2.98,0.73,9.444825325
7.29,0.205,0.23,5.86,0.048,53.7,195.6,0.996568,3.31,0.61,9.270836697
11.44,0.756,0.31,2.61,0.062,16.1,92.5,0.998968,3.34,0.4,10.101947649
6.54,0.202,0.43,3.06,0.068,52.6,164.6,0.996185,3.19,0.63,9.414070844
9.19,0.225,0.54,2.58,0.082,26.8,68.1,0.995658,3.1,0.5,10.027758983
7.99,0.303,0.48,1.1,0.075,30.3,68.5,0.995876,3.27,1.31,9.201614571
9.28,0.269,0.38,5.79,0.065,45.8,110.3,0.998761,3.23,0.44,9.672187309
8.8,0.643,0.24,4.01,0.059,9.6,61.9,0.996348,3.34,0.32,10.643114251
8.78,0.166,0.42,0.94,0.046,36.5,100.4,0.993371,3.27,0.58,11.40978984
9.11,0.358,0.18,3.44,0.096,12.7,20.0,0.998363,3.19,0.67,9.540257251
7.65,0.214,0.26,1.92,0.053,39.1,85.7,0.998278,3.37,0.43,9.032957123
9.31,0.524,0.22,1.78,0.081,16.1,25.5,0.994599,3.25,0.9,12.522959131
7.25,0.132,0.35,19.78,0.049,69.2,189.5,0.999834,3.14,0.54,8.470146777
5.54,0.112,0.5,3.95,0.022,54.2,144.0,0.989777,3.16,0.47,11.802921829
6.93,0.294,0.2,3.1,0.032,21.2,116.4,0.99331,3.23,0.39,10.260631455
8.43,0.261,0.58,9.33,0.053,50.8,148.2,0.998714,3.03,0.51,9.49418905
10.22,0.498,0.3,6.58,0.059,7.5,85.0,0.998399,3.2,0.33,11.408685353
6.94,0.31,0.32,7.94,0.039,17.5,84.3,0.997505,3.4,0.47,10.386151808
6.47,0.381,0.12,7.53,0.052,7.0,51.4,0.99375,3.18,0.32,11.145987842
7.39,0.41,0.26,9.55,0.067,18.3,78.8,1.002029,3.5,0.36,9.328910801
7.88,0.318,0.2,2.23,0.044,25.2,137.9,0.993433,3.36,0.41,10.806167115
6.32,0.323,0.21,3.57,0.034,46.2,192.2,0.992237,3.25,0.6,11.052979084
5.25,0.248,0.22,10.31,0.024,28.7,211.2,0.990497,3.23,0.32,12.201766112
10.24,0.152,0.55,2.05,0.056,15.4,35.7,0.993042,2.72,0.36,11.207267479
8.91,0.576,0.38,0.95,0.072,10.6,117.3,0.995117,3.23,0.34,9.534748504
6.54,0.231,0.22,2.97,0.057,17.9,66.6,0.992797,3.19,1.2,12.271997642
5.27,0.34,0.19,1.27,0.031,30.8,40.6,0.988517,3.26,0.32,12.940599268
7.38,0.412,0.03,1.93,0.041,10.0,57.4,0.994353,3.34,0.35,11.236024859
7.53,0.151,0.52,5.83,0.051,41.6,189.3,0.997422,3.27,0.91,9.47855121
6.57,0.141,0.33,6.67,0.032,71.5,242.7,0.996646,3.35,0.77,8.854090448
9.37,0.298,0.53,2.25,0.037,16.0,79.7,0.995881,3.07,0.97,10.631406027
6.6,0.53,0.2,1.62,0.04,22.6,107.6,0.991692,3.27,0.52,10.899995211
5.85,0.469,0.36,2.13,0.074,26.3,66.1,0.991946,3.46,0.59,11.24161105
6.62,0.163,0.61,11.92,0.037,51.9,178.6,0.9948,3.2,0.4,10.562708761
5.34,0.269,0.22,3.64,0.055,32.5,133.2,0.991862,3.26,0.41,10.629042512
6.13,0.131,0.54,8.71,0.033,60.4,199.3,0.993977,3.27,0.32,9.580048455
8.03,0.243,0.52,5.99,0.054,33.8,125.9,0.995188,3.08,0.53,10.126444205
5.81,0.166,0.34,12.85,0.029,36.4,174.9,0.995513,3.25,0.46,9.666782931
8.28,0.351,0.37,15.39,0.079,30.0,168.4,1.00008,3.0,0.35,8.909065457
5.77,0.51,0.34,20.32,0.027,55.4,214.2,0.997241,3.24,0.31,9.333354815
5.27,0.413,0.38,11.79,0.057,53.2,186.1,0.99302,3.18,0.39,10.057388404
7.78,0.493,0.41,4.57,0.071,8.2,64.6,0.996213,3.19,0.76,10.201772724
5.39,0.381,0.1,2.62,0.095,54.1,122.0,0.993647,3.37,0.48,8.6911696
6.68,0.181,0.33,13.88,0.062,53.8,202.8,0.995274,3.1,1.5,10.37449426
5.71,0.139,0.32,4.69,0.045,130.3,184.7,0.991359,3.36,1.1,10.979786196
11.32,0.432,0.28,1.52,0.099,1.4,6.0,1.002193,3.19,0.64,8.418533967
6.12,0.147,0.43,3.34,0.034,19.7,79.6,0.992409,3.27,0.31,11.393164089
6.09,0.216,0.16,8.22,0.034,19.4,119.8,0.993596,3.28,0.46,10.473818561
6.32,0.407,0.52,8.86,0.036,25.9,198.5,0.991229,2.99,0.35,11.158270901
7.12,0.566,0.03,0.66,0.059,4.7,6.0,0.990906,3.56,0.9,13.644326269
7.5,0.131,0.46,3.68,0.03,60.7,294.5,0.993404,2.96,0.6,9.586626125
5.52,0.178,0.23,6.22,0.02,36.9,150.7,0.990568,3.3,0.68,12.31778328
5.85,0.229,0.32,2.12,0.02,32.2,157.4,0.990049,3.06,0.31,10.620753465
7.07,0.4,0.42,15.35,0.099,27.0,112.9,1.003867,3.44,1.11,8.555603424
7.58,0.351,0.52,21.9,0.064,58.0,189.9,0.999024,3.18,0.46,10.230223396
9.12,0.449,0.5,1.06,0.088,23.0,119.2,0.996563,3.39,0.36,9.525669293
5.55,0.481,0.11,4.57,0.1,21.2,140.3,0.993664,3.31,0.88,9.789006243
8.3,0.342,0.57,15.63,0.065,27.1,149.2,0.99904,3.08,0.77,9.468346308
8.58,0.572,0.19,3.67,0.02,23.9,120.5,0.996839,3.51,0.57,9.252135125
6.3,0.338,0.33,1.31,0.052,14.7,136.1,0.991761,3.22,0.34,10.047418815
7.72,0.305,0.52,9.74,0.075,31.4,165.1,0.997233,3.14,0.34,9.895864805
6.62,0.203,0.63,4.0,0.077,52.3,127.5,0.997637,3.13,0.4,8.660310333
6.02,0.196,0.4,9.47,0.048,22.6,127.4,0.995245,3.41,0.73,10.885589783
6.82,0.204,0.36,3.56,0.034,20.0,96.8,0.98984,3.22,0.41,14.830985467
6.46,0.266,0.08,5.73,0.046,35.9,121.8,0.994493,3.12,0.87,10.249120436
6.65,0.193,0.25,2.03,0.046,39.2,141.8,0.992908,3.11,0.34,10.226321558
7.87,0.322,0.6,4.12,0.072,45.2,154.1,0.996123,3.3,0.48,9.664610169
9.32,0.703,0.13,0.86,0.12,19.8,74.3,0.995014,3.12,0.66,10.134927638
5.55,0.183,0.47,8.1,0.028,45.6,166.5,0.992092,3.03,0.53,10.194651739
7.74,0.327,0.39,1.81,0.072,42.2,126.4,0.994588,3.43,0.9,11.265467842
6.85,0.508,0.38,1.95,0.076,20.3,27.8,0.993793,3.35,0.85,11.43351362
7.48,0.308,0.53,3.07,0.085,8.4,22.4,0.994472,3.16,0.46,11.216306541
8.69,0.156,0.49,10.58,0.039,51.7,206.1,0.997674,2.98,0.32,9.191653636
8.01,0.232,0.47,3.95,0.07,27.7,130.1,0.99459,3.23,0.31,10.232812807
5.83,0.448,0.12,3.1,0.036,31.1,95.6,0.991538,3.45,0.37,11.375966741
7.94,0.27,0.48,1.39,0.07,23.6,109.3,0.99431,3.04,0.84,9.535295937
6.57,0.415,0.36,0.69,0.095,22.7,58.8,0.990845,3.21,0.49,12.187726919
6.55,0.357,0.27,6.46,0.064,9.7,35.8,0.99774,3.26,0.64,9.602742629
6.19,0.15,0.3,1.19,0.041,19.5,89.4,0.991835,3.41,0.57,11.653911318
7.26,0.304,0.46,2.88,0.067,22.5,109.2,0.993418,3.16,0.54,10.98736382
6.32,0.146,0.39,10.14,0.021,44.6,146.3,0.993391,3.11,0.31,10.034787789
6.88,0.267,0.42,1.31,0.026,20.1,146.4,0.99127,3.16,0.39,10.799687731
8.21,0.646,0.22,10.86,0.095,18.6,83.8,1.001274,3.46,0.47,9.237409753
6.64,0.214,0.38,0.96,0.049,20.1,110.6,0.990804,3.18,0.65,10.89437207
5.56,0.179,0.15,2.6,0.04,22.1,114.9,0.992035,3.26,0.43,10.904478979
6.29,0.303,0.23,4.48,0.055,15.3,81.6,0.994757,3.25,0.36,10.256775561
4.93,0.105,0.31,5.85,0.037,84.5,150.2,0.991178,3.26,0.35,10.74743147
7.09,0.336,0.25,13.72,0.061,31.4,156.3,0.995934,2.95,0.44,9.853201568
6.68,0.122,0.27,3.6,0.029,40.8,126.4,0.993878,3.37,0.6,10.400452448
6.75,0.897,0.28,1.2,0.063,17.7,108.6,0.994623,3.17,0.81,10.485146209
7.01,0.151,0.48,10.18,0.033,55.5,166.6,0.995784,3.2,0.33,9.439831858
7.95,0.362,0.42,2.44,0.051,23.5,114.5,0.996423,3.4,0.41,10.09788732
6.65,0.31,0.24,2.84,0.031,51.6,252.3,0.992044,3.11,0.54,9.581118526
7.37,0.166,0.56,4.29,0.033,68.3,232.3,0.992247,3.03,0.33,10.317231191
7.85,0.373,0.32,11.04,0.06,38.2,145.2,0.997319,3.16,0.61,10.377624843
7.6,0.396,0.28,3.03,0.067,7.0,34.3,0.996786,3.44,0.34,10.963163134
8.04,0.507,0.19,2.5,0.099,17.0,88.9,1.001538,3.32,0.57,8.611962138
6.19,0.238,0.35,1.18,0.039,13.2,132.7,0.988717,3.1,0.39,10.907460775
7.1,0.431,0.32,0.9,0.07,11.6,105.1,0.992605,3.41,0.61,11.549959089
8.31,0.286,0.38,1.98,0.067,17.2,79.0,0.996292,3.41,0.78,9.798728178
7.58,0.169,0.37,2.26,0.033,22.7,109.0,0.990143,3.13,0.34,11.462131363
6.51,0.379,0.08,6.53,0.062,11.3,34.0,0.996596,3.46,0.83,11.576465209
7.25,0.212,0.34,7.96,0.047,38.7,158.2,0.995555,3.27,0.61,10.975330733
7.24,0.268,0.51,6.16,0.066,30.3,139.3,0.9953,3.22,0.75,10.38369386
6.29,0.212,0.15,1.36,0.062,23.0,106.9,0.993583,3.47,0.73,11.532638202
5.89,0.414,0.26,7.63,0.068,27.7,145.0,0.996166,3.46,0.46,9.812095652
6.07,0.214,0.26,1.2,0.032,29.0,123.0,0.990092,3.24,0.36,12.005857364
7.75,0.443,0.21,3.07,0.046,10.9,71.0,0.99357,3.01,0.31,10.590422642
8.88,0.331,0.44,1.92,0.051,25.5,52.2,0.99633,3.17,0.9,10.612476995
7.44,0.465,0.1,5.89,0.042,11.8,62.6,0.997856,3.22,0.52,9.829719463
8.72,0.319,0.33,1.58,0.083,22.5,64.4,0.994091,3.26,0.58,10.951633271
8.13,0.29,0.23,8.22,0.072,15.4,69.2,1.000364,3.33,0.63,9.669283243
6.66,0.308,0.43,3.58,0.072,33.6,55.0,0.994059,3.43,0.51,11.965472452
7.8,0.577,0.17,4.7,0.052,22.9,45.8,0.994978,3.11,0.55,10.160394554
6.96,0.132,0.38,2.71,0.021,38.7,129.6,0.991268,3.14,0.76,11.880159877
8.92,0.486,0.32,3.99,0.09,34.9,103.4,0.996356,3.08,0.94,10.799354172
8.1,0.312,0.52,7.65,0.064,4.1,62.8,0.996087,2.81,0.38,9.933150461
7.77,0.25,0.3,4.16,0.045,28.5,141.6,0.995789,3.21,0.43,10.024049079
8.52,0.581,0.2,15.2,0.039,38.1,116.6,0.998589,3.28,0.34,11.122298321
7.58,0.728,0.08,2.24,0.053,9.1,64.0,0.993118,3.05,0.74,9.673855086
7.8,0.314,0.29,12.74,0.053,28.1,153.4,0.997439,3.21,0.43,10.630388738
7.1,0.227,0.7,5.33,0.046,55.8,168.6,0.992682,3.07,0.37,11.902196607
8.54,0.641,0.2,8.53,0.054,29.7,109.2,0.999535,3.3,0.55,9.237816612
7.89,0.223,0.31,3.68,0.074,25.6,112.7,0.995698,2.99,0.39,9.590161016
8.0,0.432,0.33,14.49,0.043,16.6,49.9,0.994954,2.76,0.34,10.422664217
7.08,0.256,0.0,2.43,0.084,13.6,38.6,0.995218,3.31,0.92,10.49602726
6.48,0.183,0.31,1.81,0.025,38.0,169.6,0.989698,3.12,0.46,12.137523727
8.28,0.365,0.24,12.64,0.065,52.7,111.0,0.997039,3.17,0.32,9.765129057
9.51,0.412,0.51,6.86,0.052,16.5,117.9,0.999428,3.12,0.51,9.060443535
6.44,0.354,0.34,30.02,0.059,63.3,179.1,1.002629,3.41,0.4,8.862087079
5.48,0.689,0.0,2.5,0.056,17.6,47.0,0.993281,3.44,0.56,11.222352368
9.04,0.172,0.3,5.21,0.07,32.3,111.9,0.99734,3.2,0.77,9.588513546
8.16,0.234,0.3,2.78,0.071,7.5,38.8,0.998287,3.33,1.09,9.305334374
4.98,0.156,0.25,5.48,0.012,59.6,198.9,0.990651,3.07,0.31,10.14344639
8.11,0.292,0.46,2.01,0.078,17.6,111.1,0.995959,3.37,0.39,9.685836267
7.48,0.693,0.16,2.48,0.036,31.8,126.1,0.992032,3.19,0.31,11.061854204
5.83,0.14,0.4,6.57,0.042,55.1,180.6,0.994397,3.16,0.34,9.026196315
8.97,0.259,0.55,1.1,0.063,9.5,41.0,0.992149,3.08,1.59,11.918318935
6.84,0.36,0.33,2.49,0.058,34.0,108.2,0.993384,3.1,0.37,10.086698923
7.53,0.506,0.43,6.31,0.061,33.6,105.9,0.993038,3.12,0.49,11.383374481
7.64,0.154,0.43,2.85,0.019,35.4,106.3,0.988576,2.91,0.34,13.113578758
8.28,0.236,0.4,1.49,0.038,25.5,114.8,0.990091,2.75,0.59,10.692484891
7.45,0.468,0.24,1.43,0.077,16.9,91.3,0.993807,3.26,0.45,10.402463048
5.57,0.199,0.23,4.7,0.06,47.4,175.1,0.996246,3.28,0.69,8.790051387
10.14,0.395,0.66,3.33,0.057,3.2,6.0,0.996728,3.17,0.38,10.328686125
11.49,0.257,0.44,7.17,0.078,18.8,108.4,0.99855,2.89,0.33,10.101665885
6.44,0.457,0.18,8.43,0.061,34.1,128.8,1.001063,3.29,0.43,8.585206647
6.03,0.425,0.16,2.82,0.038,22.5,119.6,0.9935,3.22,0.53,10.798478967
7.03,0.19,0.36,1.26,0.023,26.0,132.0,0.989294,3.25,0.61,12.880015886
9.89,0.278,0.42,1.11,0.057,8.7,63.0,0.997141,3.42,0.57,11.477456096
6.68,0.352,0.45,2.74,0.049,37.3,146.2,0.993358,3.23,0.5,10.551811387
7.4,0.155,0.5,7.79,0.047,24.1,194.7,0.994452,3.16,0.32,10.082554565
7.14,0.254,0.39,0.77,0.034,41.2,194.4,0.991592,3.36,0.38,10.781220255
9.76,0.364,0.37,1.41,0.083,18.1,63.4,0.997016,3.28,0.86,9.605334531
6.42,0.273,0.29,15.51,0.025,57.8,159.1,0.993578,3.07,0.46,11.097157824
8.5,0.178,0.33,3.59,0.032,71.4,171.3,0.991555,3.27,0.41,12.113127881
7.34,0.295,0.24,6.45,0.085,45.5,154.5,0.997147,3.25,0.36,8.946136693
6.62,0.505,0.22,3.78,0.039,18.7,60.7,0.995712,3.46,0.38,11.093625532
6.74,0.166,0.31,0.83,0.033,21.4,49.0,0.989632,3.39,0.32,13.367421912
6.22,0.244,0.33,12.96,0.019,35.4,175.7,0.994911,3.32,0.41,10.077178013
7.53,0.254,0.67,3.08,0.084,40.7,143.5,0.995273,3.21,0.32,10.416856305
7.26,0.471,0.21,4.17,0.06,30.7,112.0,0.995344,3.29,0.46,10.98736491
7.18,0.511,0.04,25.31,0.062,51.8,100.6,1.000588,3.24,0.98,9.86566454
7.58,0.458,0.07,1.89,0.069,21.5,21.4,0.994459,3.23,0.91,11.550874715
8.2,0.386,0.13,2.38,0.053,17.0,92.3,0.996177,3.28,0.49,9.820838463
6.21,0.537,0.16,1.26,0.064,3.0,6.0,0.992392,3.78,1.27,14.133992702
8.26,0.542,0.18,4.01,0.052,14.3,94.5,0.996413,2.99,0.73,9.871672565
6.69,0.175,0.56,1.64,0.025,48.9,136.4,0.990023,3.29,0.43,13.435886838
8.28,0.277,0.6,5.28,0.032,28.9,122.2,0.992899,2.99,0.49,12.191219755
10.9,0.231,0.52,0.85,0.056,13.2,71.6,0.995519,3.11,0.7,9.926153309
7.9,0.493,0.28,2.78,0.086,14.3,66.2,0.997716,3.49,0.89,9.588069521
6.22,0.307,0.15,1.55,0.05,19.3,66.6,0.991921,3.36,0.43,10.883809772
5.95,0.223,0.18,5.59,0.054,26.7,95.3,0.993172,3.16,0.43,10.860192565
8.65,0.28,0.46,14.93,0.065,73.6,172.0,0.999539,3.21,0.82,9.461771544
7.69,0.306,0.21,1.24,0.054,8.6,50.6,0.996494,3.46,0.6,9.557976552
6.7,0.167,0.3,2.56,0.027,45.8,197.4,0.991207,3.27,0.35,10.956838658
6.57,0.234,0.33,4.66,0.033,21.4,152.0,0.997296,2.99,0.44,8.817883932
5.85,0.16,0.32,9.1,0.07,73.0,194.6,0.993674,3.08,0.34,10.63988482
5.67,0.425,0.07,4.03,0.052,27.0,109.5,0.994764,3.27,0.39,10.286048788
6.59,0.473,0.3,1.59,0.027,29.1,56.6,0.98944,3.18,0.74,13.330463639
5.61,0.454,0.02,3.26,0.037,44.0,162.8,0.991029,3.23,0.31,11.335090618
9.74,0.569,0.41,3.22,0.094,11.2,25.3,0.995527,2.92,0.57,10.334663878
5.86,0.512,0.39,1.51,0.04,16.0,72.3,0.990159,3.22,0.43,11.786608957
7.58,0.188,0.31,6.26,0.078,6.2,71.6,0.999855,3.28,0.38,9.165780091
8.85,0.522,0.19,1.68,0.123,16.9,27.1,0.996934,3.13,0.66,9.596614844
6.73,0.175,0.26,3.36,0.066,15.2,81.1,0.995962,3.21,0.34,8.635215869
6.81,0.28,0.35,0.61,0.049,3.4,22.2,0.989958,3.17,0.53,10.500335338
6.71,0.748,0.29,1.43,0.067,2.9,7.6,0.992739,3.15,0.61,12.129544627
5.83,0.229,0.51,17.67,0.038,110.5,288.4,0.992589,2.98,0.39,10.432641424
7.86,0.302,0.25,0.75,0.051,41.8,100.8,0.989638,3.11,0.5,13.078615175
8.38,0.187,0.47,15.34,0.084,15.9,114.8,1.000988,3.29,0.92,9.223352064
6.76,0.399,0.44,0.74,0.091,13.3,50.8,0.991513,3.47,0.97,11.870164534
7.69,0.302,0.3,2.14,0.055,70.9,194.8,0.995872,3.38,0.34,8.955989928
5.23,0.196,0.36,9.59,0.025,29.4,200.2,0.991899,3.42,0.47,11.800051069
6.0,0.493,0.21,1.34,0.067,17.3,93.5,0.995768,3.18,0.74,9.356024904
7.27,0.194,0.26,8.2,0.05,36.5,154.0,0.997583,3.06,0.46,9.359427881
7.65,0.14,0.24,2.37,0.047,14.5,102.0,0.993281,3.19,1.11,10.296850523
5.61,0.297,0.1,6.42,0.035,51.7,171.1,0.994794,3.32,0.94,9.574790253
6.57,0.222,0.69,12.34,0.063,44.9,226.2,0.994222,2.96,0.34,10.388253762
6.13,0.308,0.3,7.46,0.045,14.4,135.7,0.990925,3.13,0.46,11.951622767
5.14,0.172,0.18,3.1,0.029,41.6,198.9,0.990708,3.27,0.65,10.866541286
8.17,0.26,0.3,0.87,0.052,3.7,6.0,0.992622,3.3,0.43,11.533004409
9.05,0.273,0.33,11.37,0.073,56.9,122.8,0.998006,2.81,0.41,9.196319199
6.87,0.568,0.35,5.2,0.029,45.4,139.6,0.993376,3.16,0.31,10.942495585
7.66,0.378,0.22,4.97,0.043,32.5,92.2,0.991349,2.89,0.45,12.2991973
7.05,0.381,0.25,2.05,0.049,54.5,129.9,0.992901,3.2,0.35,9.481708788
8.05,0.484,0.18,1.06,0.056,59.6,117.3,0.99367,3.45,0.33,10.660776582
6.7,0.386,0.26,3.01,0.083,41.4,140.9,0.996052,3.27,1.16,9.626592579
5.91,0.236,0.32,29.88,0.018,52.1,97.9,0.995107,3.01,0.36,11.339793476
6.61,0.23,0.06,1.51,0.052,5.6,31.4,0.994,3.44,0.66,9.87576689
4.48,0.145,0.02,2.3,0.015,30.4,95.3,0.989519,3.35,0.31,10.754361573
6.68,0.612,0.11,3.03,0.075,24.6,79.5,0.994662,3.42,0.55,12.289879295
7.32,0.272,0.57,12.23,0.054,45.7,149.5,0.996012,2.87,0.38,10.457808116
7.1,0.597,0.21,3.14,0.052,27.6,46.2,0.995286,3.47,0.41,12.072292761
6.99,0.335,0.12,3.48,0.048,18.0,76.9,0.99491,3.3,0.31,10.280042608
6.5,0.352,0.19,6.77,0.059,18.8,140.9,0.995881,3.23,0.44,9.407228462
8.36,0.422,0.34,7.3,0.067,32.2,125.4,0.99462,2.9,0.32,10.254401175
5.23,0.287,0.07,1.8,0.043,26.1,142.9,0.99092,3.21,0.45,10.028700247
7.95,0.404,0.35,7.24,0.044,19.5,94.8,0.996134,3.17,0.77,11.020940823
5.48,0.401,0.16,1.85,0.038,20.6,55.1,0.99294,3.13,0.47,9.693043495
9.66,0.501,0.32,4.07,0.067,26.6,139.1,0.998968,3.15,0.65,9.551140289
9.53,0.319,0.45,0.9,0.16,8.2,46.2,0.998043,3.27,0.83,9.506810656
6.66,0.448,0.14,4.42,0.051,23.7,64.4,0.994313,3.34,0.36,11.082614186
6.03,0.424,0.03,5.4,0.069,5.0,37.8,0.993372,3.28,0.32,11.291965275
10.56,0.548,0.39,9.38,0.088,58.1,229.3,1.004605,3.06,0.59,8.630488828
7.02,0.279,0.52,1.65,0.047,29.2,92.9,0.993393,3.17,0.36,11.057809535
8.04,0.185,0.51,3.24,0.038,24.7,172.5,0.993724,2.98,0.72,9.799238828
7.11,0.617,0.2,1.38,0.055,11.9,71.5,0.993506,3.25,0.45,11.485203686
8.4,0.166,0.36,5.52,0.058,8.4,52.4,0.997368,3.02,0.35,9.870777453
6.24,0.182,0.3,5.96,0.036,34.1,109.6,0.991347,3.18,0.32,11.581116118
6.76,0.182,0.31,8.69,0.049,46.2,197.3,1.000178,3.14,0.31,8.116368453
8.63,0.22,0.49,3.51,0.044,51.7,202.9,0.994325,2.9,0.33,9.261995664
6.26,0.175,0.44,7.62,0.047,35.9,164.4,0.993716,3.04,0.42,9.934886744
6.59,0.224,0.28,3.4,0.062,49.6,154.6,0.995785,3.22,0.32,9.173734047
6.67,0.783,0.26,4.97,0.06,29.2,101.0,0.995435,3.31,0.32,10.617382965
7.02,0.33,0.23,1.82,0.025,13.5,100.8,0.989648,3.1,0.31,13.034408146
7.61,0.235,0.32,3.12,0.022,30.5,180.7,0.993377,3.05,0.31,10.077885188
8.66,0.137,0.54,7.96,0.053,37.5,184.1,0.999043,3.12,0.37,9.252646427
8.02,0.559,0.27,3.09,0.058,9.9,27.0,0.992795,3.29,0.36,12.316427089
9.14,0.292,0.45,3.93,0.038,22.5,137.9,0.994967,3.01,0.62,10.068480934
7.37,0.35,0.26,4.45,0.083,29.5,91.6,0.998445,3.19,0.55,9.086689645
8.08,0.254,0.69,3.57,0.037,27.9,116.6,0.992202,2.96,0.36,10.799719084
5.81,0.244,0.24,5.09,0.049,67.0,184.9,0.990727,3.01,0.36,10.905858526
6.74,0.154,0.52,0.93,0.038,15.6,76.9,0.990875,3.23,0.64,11.654599567
7.38,0.204,0.33,0.88,0.05,18.1,89.5,0.99236,2.94,0.33,9.699649984
8.17,0.129,0.37,5.29,0.032,37.9,84.8,0.993531,3.19,0.51,12.142533994
5.94,0.494,0.26,2.77,0.018,16.6,205.7,0.990579,3.09,0.5,11.103788291
8.28,0.244,0.37,1.71,0.071,26.9,110.0,0.995872,3.21,0.52,9.18996617
6.26,0.242,0.45,2.72,0.05,29.0,77.8,0.993146,3.32,0.55,10.350393843
7.28,0.204,0.56,7.06,0.03,60.8,237.9,0.995651,3.05,0.41,8.856003721
8.01,0.378,0.36,3.76,0.022,62.9,134.7,0.992367,3.2,0.33,11.038068174
7.2,0.501,0.14,3.58,0.031,14.8,67.8,0.994447,3.25,0.52,9.776283242
9.01,0.263,0.46,4.11,0.065,34.9,105.8,0.998426,3.2,0.64,9.426581223
5.92,0.267,0.16,3.86,0.037,27.8,144.4,0.994072,3.46,0.86,10.844805179
6.49,0.288,0.49,1.26,0.054,72.0,118.9,0.990599,3.11,0.46,11.406474789
8.57,0.358,0.2,1.27,0.083,28.8,110.8,0.994536,3.04,0.58,10.569105248
7.83,0.545,0.29,5.86,0.076,12.6,48.1,0.999788,3.31,0.81,9.248040861
6.31,0.184,0.37,0.99,0.05,37.4,133.5,0.991503,3.25,0.42,9.569732623
7.1,0.347,0.2,4.33,0.053,26.0,85.2,0.996149,3.27,0.52,9.640635483
8.71,0.196,0.53,3.67,0.038,27.9,137.3,0.993019,3.15,0.31,11.08858292
6.35,0.587,0.23,6.8,0.082,21.5,139.4,0.996251,3.27,0.4,9.897585133
6.01,0.192,0.25,1.05,0.07,70.3,179.3,0.993154,3.51,1.23,10.432982958
6.53,0.24,0.48,11.75,0.025,35.1,153.2,0.994907,3.2,0.52,11.213138566
7.06,0.42,0.29,5.94,0.061,42.4,138.4,0.998748,3.33,0.44,9.599995927
7.16,0.299,0.23,2.94,0.071,23.8,83.7,0.993441,3.24,0.37,11.653840397
6.42,0.238,0.42,3.65,0.024,27.9,205.7,0.994183,3.2,0.6,9.822383155
9.06,0.404,0.31,1.15,0.045,24.2,125.5,0.989763,2.9,0.74,12.449901215
7.19,0.161,0.47,2.27,0.036,29.1,141.9,0.992169,2.93,0.45,9.349026227
6.2,0.215,0.26,8.78,0.02,51.9,262.1,0.994176,2.94,0.43,9.153115171
7.55,0.258,0.48,4.86,0.112,83.6,162.5,0.996399,3.27,0.5,9.071198467
6.24,0.277,0.12,6.27,0.049,34.0,171.6,0.996302,3.44,0.46,8.863514112
6.48,0.289,0.25,3.76,0.058,32.7,155.4,0.997437,3.36,0.34,8.81980697
7.0,0.483,0.24,4.0,0.059,11.6,59.0,0.996097,3.33,0.32,10.047068394
7.89,0.483,0.24,4.88,0.062,20.5,159.6,0.994141,3.12,0.38,11.13110088
8.24,0.131,0.37,4.6,0.043,54.1,169.9,0.996436,3.18,0.58,10.269200071
6.95,0.222,0.62,9.39,0.047,52.3,153.9,0.994369,2.97,0.67,10.79064696
6.29,0.204,0.3,5.98,0.052,37.7,116.8,0.99519,3.15,0.37,9.145429057
7.15,0.483,0.14,10.91,0.061,7.9,64.1,1.000028,3.47,0.4,9.227906167
7.84,0.379,0.16,5.88,0.048,44.7,129.1,0.996626,3.16,0.34,9.740409168
10.86,0.4,0.39,1.57,0.062,5.0,101.3,0.995234,3.21,0.43,11.17720665
7.26,0.156,0.37,9.3,0.017,63.2,233.4,0.992288,3.11,0.32,11.548979552
6.21,0.244,0.32,5.06,0.025,51.4,148.8,0.992164,3.33,0.37,12.909105581
4.92,0.096,0.36,15.49,0.018,88.9,226.8,0.991666,3.32,0.56,13.30119539
6.87,0.365,0.21,20.79,0.021,43.3,139.8,0.996572,2.97,0.32,10.298861141
8.33,0.474,0.09,4.63,0.068,16.6,92.2,0.996954,3.22,0.33,9.886534375
6.34,0.208,0.65,8.19,0.046,40.9,170.6,0.992949,3.19,0.6,10.308403829
5.95,0.608,0.03,3.29,0.055,34.5,162.8,0.993515,3.35,0.35,11.384495852
6.46,0.496,0.41,1.06,0.061,16.0,97.5,0.989618,3.14,0.31,11.503399325
5.97,0.245,0.24,2.72,0.041,39.6,173.1,0.989508,3.25,0.31,11.228616597
8.01,0.249,0.54,4.31,0.035,19.0,146.9,0.996009,3.22,0.33,10.108404001
7.69,0.273,0.09,8.78,0.08,54.0,105.5,0.997719,3.21,0.43,10.082158905
9.95,0.399,0.41,1.36,0.05,15.2,110.1,0.994375,3.03,0.39,10.204022409
11.06,0.168,0.5,5.36,0.061,39.3,191.4,0.995609,2.77,0.43,10.045028647
8.37,0.189,0.77,3.45,0.04,38.0,294.6,0.994211,3.25,0.39,11.057208436
5.67,0.265,0.18,4.08,0.073,68.7,170.7,0.993163,3.15,0.37,9.804868372
7.85,0.313,0.39,4.07,0.051,39.9,123.2,0.993865,3.17,0.57,11.800979766
8.43,0.521,0.25,1.81,0.08,18.4,37.5,0.99769,3.03,1.18,9.272189002
5.53,0.263,0.29,9.77,0.021,70.3,204.6,0.988666,3.22,0.32,12.78516819
6.2,0.274,0.39,2.66,0.085,33.8,136.5,0.993643,3.22,0.74,9.938493067
5.08,0.177,0.28,9.81,0.046,34.2,157.2,0.993878,3.29,0.46,9.51512966
8.07,0.619,0.23,2.2,0.108,10.4,49.0,0.999967,3.32,0.66,8.649059324
6.3,0.188,0.67,11.61,0.021,48.8,220.7,0.995567,3.08,0.32,9.81294019
5.58,0.44,0.22,8.82,0.06,5.8,75.4,0.995638,3.36,0.36,10.329286794
9.45,0.371,0.56,5.75,0.083,19.9,121.8,0.999011,3.09,0.53,10.158248681
7.55,0.295,0.36,16.17,0.081,80.0,216.1,1.001278,3.24,0.34,8.762410622
9.71,0.544,0.44,7.98,0.096,13.2,136.7,1.00191,3.2,0.4,9.176868199
6.97,0.292,0.23,0.94,0.05,17.8,21.4,0.991187,3.33,0.59,11.920450112
7.05,0.279,0.38,5.16,0.047,32.0,74.6,0.994903,3.13,0.57,9.868155211
7.73,0.218,0.42,3.84,0.072,16.0,80.2,0.996004,2.76,1.05,9.47045873
5.57,0.408,0.15,0.72,0.067,8.6,79.0,0.991166,3.36,0.94,10.130913537
8.8,0.227,0.35,1.15,0.055,14.0,142.9,0.996983,3.42,0.35,9.501692733
7.07,0.419,0.38,14.38,0.035,24.4,141.2,0.998034,3.07,0.44,10.213398204
7.88,0.131,0.33,2.98,0.049,30.2,69.2,0.992887,3.33,0.63,12.073590214
6.15,0.221,0.45,1.67,0.023,38.8,196.8,0.99087,3.42,0.47,10.275897303
8.81,0.487,0.27,2.44,0.048,24.3,131.7,0.994516,3.11,0.56,11.324334635
6.54,0.114,0.26,10.38,0.026,22.5,191.5,0.996943,3.32,0.41,9.017039378
8.09,0.377,0.65,16.29,0.044,27.2,137.6,0.997803,3.17,0.34,10.29006809
6.37,0.154,0.4,2.44,0.051,23.5,99.1,0.991731,3.32,0.35,10.6473848
8.17,0.729,0.28,3.74,0.073,6.2,71.4,0.996497,3.15,0.53,11.014031062
8.0,0.611,0.32,0.89,0.086,13.2,54.3,0.994743,3.25,0.74,10.413132418
6.31,0.276,0.52,15.58,0.029,63.0,194.7,0.994678,3.06,0.32,11.038835378
7.43,0.341,0.27,3.93,0.059,18.3,116.4,0.994506,3.42,0.47,10.735161665
5.47,0.417,0.07,6.05,0.021,80.0,152.4,0.991891,3.41,0.35,11.632947178
5.69,0.331,0.3,0.77,0.059,18.9,98.1,0.989022,3.41,0.75,12.949726575
7.42,0.329,0.22,5.11,0.044,23.1,52.0,0.993787,3.24,0.44,10.915386461
6.43,0.289,0.22,2.7,0.055,12.1,88.5,0.994803,3.26,0.53,10.073992044
5.94,0.102,0.3,11.95,0.021,35.1,186.7,0.993782,3.31,0.34,11.392896428
6.66,0.386,0.26,5.26,0.021,43.7,132.4,0.991203,3.02,0.72,11.418357131
6.87,0.276,0.5,4.47,0.018,9.4,19.1,0.989929,3.12,0.39,14.047284719
8.57,0.685,0.26,15.7,0.065,23.2,169.9,1.000165,3.15,0.53,9.100344778
7.52,0.293,0.32,1.19,0.054,30.4,92.7,0.992289,3.21,0.39,11.672698183
6.52,0.292,0.33,2.58,0.061,19.7,78.7,0.995359,3.44,0.64,11.071086093
5.22,0.431,0.33,6.09,0.038,43.5,146.8,0.99236,3.42,0.38,11.770718542
7.87,0.639,0.35,17.41,0.047,17.4,110.3,0.997671,3.07,0.37,9.881578864
7.12,0.218,0.27,6.76,0.034,7.0,168.6,0.992692,3.17,0.31,11.495622443
5.79,0.31,0.35,2.47,0.025,27.7,172.6,0.990818,3.17,0.67,11.671806385
6.22,0.214,0.35,3.18,0.051,26.3,163.6,0.992943,3.4,0.4,10.699543446
6.43,0.295,0.17,7.57,0.049,62.0,139.7,0.993966,3.19,0.53,10.95550325
7.11,0.461,0.29,2.6,0.046,16.2,79.0,0.993341,3.36,0.75,12.319662126
6.02,0.188,0.42,3.65,0.055,35.0,118.1,0.991644,3.18,0.33,10.500056146
7.4,0.43,0.36,11.13,0.042,28.4,145.9,0.999645,3.51,0.45,9.623403927
6.65,0.228,0.43,6.9,0.023,39.4,177.2,0.992634,3.22,0.33,11.76201903
6.0,0.123,0.33,7.18,0.045,19.8,70.7,0.994172,3.31,0.43,9.635664492
7.09,0.219,0.15,5.95,0.037,7.9,76.4,0.994733,3.3,0.36,9.883248163
5.51,0.112,0.33,1.43,0.018,48.4,205.5,0.989923,3.29,0.74,11.013616975
6.98,0.369,0.32,1.84,0.057,23.0,109.5,0.992174,3.17,0.53,10.384988022
8.32,0.69,0.33,1.67,0.091,26.5,110.7,0.995455,3.26,1.17,10.907654789
6.03,0.6,0.05,1.71,0.085,13.1,46.6,0.99278,3.48,0.35,11.500064386
6.23,0.42,0.3,2.31,0.025,19.8,119.8,0.991126,3.52,0.34,12.698278088
7.88,0.202,0.27,4.07,0.072,22.1,60.3,0.994969,3.12,0.51,10.25995838
7.78,0.608,0.31,6.02,0.077,10.1,99.6,0.99833,3.26,0.93,9.835791284
8.05,0.262,0.47,2.95,0.075,22.6,142.2,0.99541,3.13,0.6,9.409627106
6.37,0.237,0.41,6.03,0.02,23.9,145.0,0.992628,3.13,0.31,10.95500425
6.46,0.272,0.15,7.21,0.062,54.7,185.0,0.99525,3.12,0.39,9.723503685
9.97,0.39,0.48,7.69,0.08,12.7,55.0,0.999492,3.23,0.67,10.823171497
6.31,0.418,0.22,0.81,0.052,33.5,73.1,0.992417,3.47,0.34,10.842649085
7.24,0.257,0.5,5.71,0.047,48.9,158.7,0.993036,2.9,0.32,10.648145842
7.33,0.361,0.33,1.96,0.06,16.0,63.8,0.995503,3.44,0.32,9.412235981
6.09,0.733,0.12,10.15,0.064,23.8,164.2,0.998697,3.32,0.33,8.903655048
7.18,0.384,0.3,8.59,0.033,25.6,166.5,0.993342,3.17,0.36,10.957318605
7.45,0.859,0.12,1.53,0.058,15.0,7.4,0.996775,3.65,0.69,10.385808002
8.13,0.54,0.06,1.16,0.046,4.1,6.0,0.995703,3.37,0.53,10.034349743
7.09,0.579,0.22,2.31,0.077,38.1,80.0,0.996749,3.43,0.63,9.537571475
6.18,0.292,0.41,5.21,0.062,40.3,86.2,0.992729,3.29,0.34,11.442283687
7.32,0.217,0.36,13.11,0.064,39.5,94.6,0.999149,3.21,0.43,9.311701874
7.64,0.357,0.37,0.65,0.045,8.6,25.0,0.988273,3.22,0.35,13.190056435
7.83,0.219,0.45,1.81,0.06,11.8,39.9,0.995706,3.46,1.01,10.294511544
5.43,0.191,0.3,0.82,0.033,32.9,84.8,0.987291,3.31,0.36,12.96807085
5.37,0.137,0.38,3.33,0.03,49.8,144.6,0.991169,3.23,0.38,10.275617345
10.47,0.355,0.57,7.98,0.055,23.9,124.7,0.995359,3.14,0.94,11.334096065
9.81,0.271,0.28,1.37,0.066,8.1,44.2,0.992243,3.23,0.38,11.935939394
8.14,0.79,0.06,7.85,0.117,2.7,26.5,1.000891,3.3,0.51,8.798607913
4.81,0.188,0.22,8.48,0.027,49.3,192.0,0.990413,3.16,0.38,9.756401752
5.79,0.646,0.4,2.94,0.135,8.6,82.1,0.999495,3.47,0.68,8.699186466
7.69,0.311,0.15,8.35,0.049,52.1,62.0,0.997365,3.37,0.61,10.125830256
5.22,0.178,0.1,7.04,0.046,28.7,111.4,0.993079,3.33,0.45,11.28635421
9.88,0.185,0.23,3.12,0.042,47.9,168.7,0.994417,3.0,0.33,10.809675766
6.68,0.336,0.23,5.39,0.061,24.6,93.0,0.994205,3.05,0.32,9.734618203
6.94,0.268,0.14,15.59,0.021,52.0,179.8,0.997124,3.01,0.55,8.904417962
9.38,0.598,0.53,11.91,0.091,24.1,225.2,1.00122,2.93,0.41,8.691253119
5.73,0.339,0.28,10.35,0.055,53.6,172.4,0.995839,3.25,0.48,10.515320202
8.8,0.461,0.36,20.64,0.122,24.4,88.0,1.005349,3.33,0.55,8.511647566
6.65,0.342,0.18,1.92,0.061,37.2,130.4,0.992992,3.2,0.81,10.11916241
6.9,0.296,0.35,6.83,0.022,31.5,160.1,0.993959,3.18,0.36,10.463527757
6.64,0.231,0.19,3.38,0.029,12.7,128.9,0.992485,3.02,0.31,10.472933584
8.2,0.276,0.54,3.64,0.069,33.0,109.8,0.99731,3.25,0.83,8.815270057
10.33,0.258,0.38,5.89,0.065,18.7,136.7,0.99818,2.89,0.57,9.400264579
5.67,0.407,0.21,2.35,0.051,55.9,166.1,0.992513,3.26,0.93,10.586117055
6.48,0.592,0.26,6.32,0.037,15.6,149.7,0.997112,3.28,0.42,9.76999525
9.47,0.631,0.34,17.79,0.104,27.0,146.4,1.002699,3.07,0.38,9.328467092
9.64,0.718,0.3,1.04,0.068,11.3,12.2,0.995363,3.22,0.56,11.060467756
5.64,0.599,0.2,0.62,0.022,8.9,27.1,0.989034,3.42,0.42,11.200533987
6.93,0.304,0.28,2.83,0.04,48.7,122.8,0.992559,3.29,0.34,11.030395125
5.9,0.405,0.32,1.08,0.051,17.8,148.4,0.992526,3.47,0.42,11.422160355
5.37,0.516,0.1,5.34,0.062,7.4,34.9,0.991315,3.39,0.56,12.682742989
9.09,0.474,0.36,5.2,0.042,7.4,83.1,0.996761,3.11,0.35,9.861505343
6.06,0.374,0.3,0.98,0.042,22.3,126.2,0.99243,3.36,0.32,9.439776344
5.55,0.202,0.09,9.35,0.044,36.3,143.5,0.994767,3.36,0.78,9.660897628
6.72,0.295,0.26,6.15,0.051,24.9,62.4,0.995494,3.2,0.43,11.07920787
5.78,0.222,0.12,1.81,0.043,59.1,183.5,0.992306,3.38,0.39,10.28997845
5.98,0.262,0.12,1.05,0.023,28.8,89.0,0.987835,3.22,0.43,13.434018088
6.75,0.294,0.26,8.54,0.047,58.2,172.1,0.995237,3.32,0.41,11.369740529
9.2,0.611,0.48,2.43,0.073,21.5,89.5,0.998915,3.33,0.74,9.281198573
6.07,0.221,0.48,2.56,0.03,57.4,146.3,0.991809,3.39,0.43,10.872804479
7.13,0.322,0.25,1.43,0.022,18.7,55.9,0.991706,3.19,0.82,11.252203374
6.26,0.192,0.31,0.69,0.053,13.4,66.7,0.990507,3.3,0.37,11.272084671
7.03,0.411,0.33,2.6,0.081,7.3,39.5,0.994272,3.17,0.75,10.852842304
7.79,0.201,0.83,10.45,0.06,38.8,101.3,0.999322,3.09,0.66,8.894828591
6.62,0.353,0.36,5.14,0.027,31.0,183.7,0.994276,3.27,0.32,10.271777864
8.07,0.534,0.19,1.8,0.065,9.2,6.0,0.993117,3.29,0.49,11.987616101
6.09,0.183,0.25,2.44,0.06,15.0,53.1,0.991433,3.38,0.43,12.929045454
8.1,0.206,0.41,13.06,0.023,60.8,234.2,0.995559,2.98,0.33,10.523979402
7.33,0.565,0.14,0.81,0.042,27.7,132.9,0.992281,2.95,0.49,10.125487863
9.9,0.837,0.37,5.74,0.093,26.0,63.6,1.00015,3.21,1.06,9.579497866
4.66,0.223,0.06,15.93,0.025,35.2,97.6,0.992167,3.33,0.31,10.838108029
8.86,0.25,0.43,8.19,0.03,44.8,154.5,0.994019,2.97,0.31,11.067509525
7.34,0.53,0.13,1.07,0.052,11.8,73.7,0.992779,3.31,0.54,11.275875442
7.68,0.706,0.06,1.55,0.064,9.4,36.8,0.992067,3.42,1.34,12.42463882
6.99,0.235,0.34,5.87,0.036,21.5,122.9,0.996665,3.24,0.33,9.342453886
4.67,0.102,0.21,18.88,0.016,85.7,238.3,0.992363,3.02,0.31,9.428757495
4.9,0.2,0.21,8.18,0.02,56.3,186.7,0.993068,3.49,0.36,10.505797459
5.73,0.327,0.18,2.87,0.026,36.3,79.5,0.993031,3.6,0.35,11.64681712
7.85,0.33,0.45,1.25,0.088,12.5,43.5,0.993726,3.21,0.43,10.381181376
6.9,0.244,0.0,3.27,0.045,21.3,112.2,0.993147,3.43,0.34,11.158294799
6.46,0.134,0.29,6.03,0.06,49.7,201.7,0.994044,3.14,0.64,9.981493108
8.45,0.362,0.42,23.18,0.099,28.2,121.0,1.003299,3.44,0.57,9.841502814
8.75,0.224,0.42,2.81,0.103,15.7,52.0,0.997761,3.26,0.6,9.804164659
7.35,0.364,0.27,3.3,0.035,50.2,136.3,0.9953,3.16,0.48,8.954684607
6.49,0.321,0.37,0.95,0.05,24.5,97.1,0.993091,3.36,0.34,10.024649694
7.11,0.347,0.33,3.66,0.089,20.6,71.2,0.994305,3.46,0.86,11.979687839
6.9,0.259,0.3,3.69,0.035,6.2,62.8,0.993144,3.36,0.31,11.917201189
5.68,0.636,0.14,10.71,0.023,30.6,82.3,0.993104,3.09,0.31,11.140301137
5.71,0.267,0.38,10.85,0.042,59.3,158.4,0.994636,3.28,0.47,9.275936269
5.61,0.228,0.26,11.97,0.025,48.8,152.4,0.993012,3.25,0.54,11.415770352
6.93,0.338,0.29,8.98,0.061,24.9,156.6,0.996966,3.3,0.35,9.489354851
8.42,0.4,0.41,0.99,0.062,3.4,6.0,0.993064,3.3,0.37,10.932587568
6.3,0.23,0.27,0.75,0.057,29.2,126.3,0.990614,3.34,0.38,10.869033199
6.83,0.851,0.0,1.74,0.053,5.8,38.5,0.996321,3.31,0.32,10.009073639
8.07,0.614,0.03,1.28,0.116,20.2,27.2,0.998519,3.51,1.87,10.91995326
6.73,0.185,0.36,3.31,0.053,26.9,110.9,0.993806,3.45,0.47,11.787840837
7.55,0.246,0.53,4.76,0.04,25.2,87.3,0.996442,3.0,0.57,9.692367442
5.43,0.313,0.53,7.82,0.016,80.7,243.8,0.992029,2.93,0.4,10.281472761
7.94,0.214,0.51,1.67,0.056,18.2,119.4,0.992959,3.02,0.41,11.937121772
5.82,0.268,0.26,1.79,0.06,20.8,97.6,0.991565,3.34,0.6,11.230261965
7.21,0.598,0.43,1.68,0.062,15.4,138.3,0.996465,3.47,1.13,10.303533784
7.14,0.459,0.29,13.31,0.072,21.0,206.9,1.000068,3.34,0.89,9.023342899
6.61,0.402,0.23,0.87,0.064,9.2,30.5,0.992521,3.38,0.61,11.039241973
5.4,0.213,0.3,4.3,0.054,47.2,178.7,0.994716,3.17,0.37,8.821586124
9.02,0.175,0.43,2.22,0.02,19.8,129.4,0.995966,3.42,1.21,10.622451124
6.19,0.535,0.13,4.23,0.067,37.2,119.6,0.997017,3.47,0.57,10.787972696
7.64,0.149,0.66,5.9,0.046,16.4,72.8,0.994336,3.3,0.34,11.222304968
5.08,0.465,0.31,1.13,0.02,20.3,35.0,0.98997,3.63,0.36,12.931182582
5.84,0.424,0.39,4.62,0.045,52.4,101.1,0.990433,3.2,0.31,12.311802361
5.42,0.447,0.21,7.75,0.029,35.7,180.7,0.994412,3.48,0.34,9.763121701
8.31,0.592,0.19,1.85,0.065,37.3,93.3,0.993675,3.36,0.34,11.059152946
8.64,0.302,0.37,1.63,0.049,12.8,77.1,0.992946,2.96,0.35,11.042543231
8.48,0.301,0.43,0.75,0.021,7.2,41.2,0.991882,3.27,0.47,11.778319164
6.34,0.238,0.27,15.9,0.043,33.5,125.6,0.99636,3.09,0.59,9.503351605
6.14,0.275,0.24,3.09,0.047,4.2,14.4,0.992873,3.31,0.32,11.040818491
6.29,0.411,0.11,0.92,0.095,12.4,52.9,0.992905,3.66,0.78,11.338547523
9.16,0.451,0.31,3.03,0.062,35.7,172.5,0.994922,3.31,0.42,11.118283384
7.88,0.574,0.28,2.99,0.127,12.3,90.0,0.995267,3.17,0.61,10.285393505
6.37,0.356,0.17,3.93,0.049,26.1,44.8,0.995007,3.29,0.42,11.029224902
5.22,0.269,0.26,13.8,0.023,78.6,277.2,0.995327,3.4,0.57,9.736486992
8.81,0.442,0.13,4.69,0.069,33.0,49.2,0.99845,3.63,0.51,10.403373588
5.96,0.534,0.04,1.88,0.035,9.6,92.9,0.989258,3.27,0.38,13.553079966
9.84,0.393,0.57,1.26,0.069,10.1,111.6,0.995922,3.03,0.73,8.987505692
7.06,0.45,0.15,7.44,0.045,21.0,28.6,0.9949,3.38,0.4,11.198063471
5.56,0.261,0.0,4.36,0.04,60.2,146.5,0.992594,3.19,0.34,9.629763005
7.53,0.396,0.28,4.59,0.078,7.7,45.2,1.000405,3.41,0.51,8.789242029
6.64,0.316,0.28,14.31,0.037,62.1,202.7,0.997459,3.17,0.36,9.018623129
9.54,0.44,0.51,12.29,0.043,4.5,28.9,0.997831,3.19,0.54,11.852057845
6.23,0.301,0.17,4.16,0.045,21.9,77.7,0.992859,3.17,0.43,10.666309555
6.86,0.367,0.16,18.06,0.045,36.9,96.4,1.000722,3.43,0.75,9.326705482
8.61,0.379,0.37,1.97,0.049,19.3,78.8,0.993424,3.32,0.5,13.076569161
7.23,0.247,0.7,1.1,0.055,18.1,18.6,0.992405,3.24,0.35,11.74838299
7.27,0.341,0.15,15.82,0.032,38.7,203.4,0.99673,3.2,0.32,9.620950604
6.6,0.353,0.09,7.21,0.104,45.4,106.4,0.996692,3.48,0.42,10.536271228
6.32,0.411,0.39,4.69,0.06,22.2,110.2,0.997099,3.41,0.55,10.053387379
7.24,0.535,0.45,9.81,0.086,38.0,150.3,0.996793,3.07,0.49,11.045471275
7.32,0.592,0.03,0.78,0.066,11.5,29.2,0.995075,3.43,0.68,10.067007806
5.88,0.251,0.22,1.3,0.02,21.9,181.9,0.988903,3.05,0.36,10.99038862
8.12,0.436,0.38,20.02,0.085,73.9,180.6,1.00163,3.06,0.32,8.587429188
5.32,0.202,0.37,19.79,0.054,43.0,120.1,0.996019,3.24,0.35,9.578958469
8.16,0.541,0.18,6.03,0.039,36.1,85.0,0.995182,3.39,0.64,11.628658844
7.9,0.607,0.33,3.96,0.084,10.1,30.2,0.993598,3.41,0.41,12.797184201
7.64,0.305,0.31,4.33,0.118,32.1,59.5,1.001508,3.57,0.55,8.999559239
8.25,0.503,0.35,2.54,0.056,25.3,98.5,0.993204,3.09,0.37,11.810168226
6.52,0.159,0.2,3.48,0.018,37.6,132.9,0.991819,3.23,0.79,11.678363302
6.21,0.129,0.25,3.12,0.019,91.3,287.8,0.990372,3.13,0.37,9.894718848
7.45,0.142,0.91,0.65,0.033,58.7,175.1,0.990765,3.39,0.74,10.480221019
4.95,0.215,0.05,4.26,0.026,72.9,225.2,0.992408,3.27,0.32,9.781920344
9.18,0.181,0.93,6.75,0.035,14.7,124.8,0.996874,3.34,0.5,10.138373111
6.87,0.165,0.35,5.86,0.034,53.8,236.9,0.994745,3.04,0.4,9.468816384
7.67,0.28,0.51,3.85,0.047,114.4,223.2,0.999575,3.29,0.75,8.429101678
7.47,0.466,0.16,6.55,0.052,31.4,112.5,0.996045,3.28,0.33,10.133325692
6.01,0.19,0.58,1.76,0.045,41.8,138.3,0.990275,3.23,0.43,11.376692486
7.61,0.326,0.37,8.08,0.028,37.7,144.4,0.994576,3.03,0.75,11.330796495
7.23,0.183,0.32,23.96,0.033,89.6,195.4,1.001132,3.08,0.32,8.318555852
7.9,0.235,0.25,3.66,0.04,34.0,156.3,0.992054,3.06,0.32,10.468215167
6.6,0.526,0.05,1.42,0.052,4.7,30.0,0.991074,3.38,0.33,13.968901887
7.98,0.507,0.39,4.24,0.089,14.7,74.9,0.999093,3.25,1.42,9.55981675
7.73,0.389,0.31,7.45,0.086,20.9,106.4,0.995626,3.1,0.59,10.981543795
5.35,0.124,0.23,4.05,0.04,19.1,104.5,0.992118,3.18,0.32,9.147222427
6.02,0.216,0.42,4.8,0.037,36.3,145.2,0.991677,3.23,0.38,10.871893809
7.49,0.201,0.27,5.45,0.023,15.1,55.3,0.990428,3.11,0.35,13.425102197
7.04,0.797,0.5,11.81,0.101,12.7,57.8,0.999878,3.08,0.44,9.490490786
6.68,0.433,0.05,3.14,0.084,20.0,64.4,0.993137,3.34,0.52,11.656200721
8.76,0.396,0.38,13.86,0.052,48.6,127.9,0.996848,2.78,0.58,10.364293536
8.29,0.318,0.41,3.06,0.043,26.8,120.8,0.992997,3.17,0.75,11.468736543
6.15,0.462,0.1,3.13,0.084,15.6,101.4,0.995544,3.25,0.69,9.103145448
7.46,0.298,0.38,2.33,0.111,18.8,69.1,0.994965,3.06,0.69,9.536108262
6.97,0.188,0.21,19.86,0.036,47.7,192.7,0.998296,3.13,0.54,9.829611492
8.57,0.286,0.56,13.84,0.046,68.8,242.1,0.997305,2.98,0.79,9.542773326
8.35,0.211,0.46,2.78,0.039,43.6,156.2,0.993155,2.82,0.44,9.148694709
5.96,0.398,0.11,1.85,0.052,23.2,120.3,0.99344,3.08,0.52,9.357959436
8.1,0.236,0.44,1.72,0.055,18.0,93.2,0.992714,3.19,0.32,10.643554318
7.04,0.49,0.25,2.98,0.111,49.0,129.5,0.997432,3.35,0.56,9.323019356
6.3,0.144,0.37,13.25,0.058,35.2,151.4,0.997697,3.13,0.38,9.059150631
5.75,0.232,0.12,3.45,0.038,23.5,92.9,0.992174,3.37,0.48,11.53033583
6.15,0.594,0.24,2.5,0.047,24.6,116.0,0.992144,3.35,0.55,12.913582173
6.1,0.32,0.11,7.71,0.028,36.6,162.1,0.993324,3.12,0.37,9.758630251
6.04,0.25,0.29,6.99,0.043,28.3,190.5,0.996856,3.39,0.31,9.239258405
7.66,0.437,0.41,16.73,0.047,18.5,94.3,0.997698,3.36,0.46,10.608468786
10.13,0.493,0.31,6.98,0.1,55.3,166.9,0.998646,3.0,0.32,10.045908071
6.15,0.307,0.26,2.21,0.054,50.0,112.4,0.993602,3.34,0.52,11.313019124
7.26,0.275,0.27,5.16,0.045,8.5,88.6,0.995515,3.15,0.38,10.452593915
7.08,0.15,0.68,5.96,0.067,45.1,178.2,0.992878,2.96,0.41,10.959286632
5.86,0.167,0.1,1.62,0.057,12.5,89.5,0.994106,3.4,0.31,9.121523021
6.41,0.264,0.17,1.99,0.027,9.6,57.8,0.991974,3.44,0.66,12.213118799
8.58,0.149,0.46,0.87,0.051,12.7,6.0,0.991015,3.26,0.51,12.984304764
5.95,0.531,0.19,2.79,0.026,33.8,112.4,0.990775,3.38,0.57,11.504868332
5.46,0.473,0.02,6.34,0.07,44.3,184.7,0.993813,3.35,0.38,10.659248827
7.37,0.64,0.27,7.06,0.064,6.9,48.8,0.996347,3.15,0.46,10.253895168
8.9,0.262,0.43,1.19,0.051,23.0,57.0,0.991359,3.11,0.33,12.261366592
7.75,0.355,0.27,3.41,0.116,8.7,91.1,0.998697,3.39,0.49,8.957436039
4.79,0.112,0.22,1.41,0.035,33.3,126.6,0.988946,3.46,0.33,11.659778591
7.84,0.308,0.3,3.4,0.025,19.8,81.1,0.995004,3.15,0.31,10.378247633
10.4,0.557,0.54,1.84,0.084,6.6,59.9,0.994279,3.06,0.53,10.988499897
6.79,0.114,0.43,1.61,0.017,37.2,114.5,0.988878,3.03,0.31,11.238113795
9.31,0.164,0.5,9.88,0.102,57.3,217.0,1.001228,3.1,0.41,8.262186707
8.36,0.374,0.39,10.92,0.047,36.6,111.7,0.999861,3.12,0.6,9.937024602
7.35,0.247,0.3,2.92,0.075,23.6,95.7,0.997826,3.33,0.83,9.330922077
7.98,0.239,0.23,9.26,0.045,53.9,131.2,0.997794,2.96,0.33,8.338496958
7.09,0.242,0.39,0.62,0.055,25.2,103.8,0.991024,3.37,0.7,10.190192549
7.03,0.513,0.2,0.64,0.088,37.6,100.0,0.994036,3.36,0.54,9.531151404
6.63,0.406,0.04,1.04,0.052,14.2,39.9,0.992221,3.15,0.55,9.878719522
7.4,0.142,0.54,6.46,0.033,46.6,140.6,0.994778,3.24,0.42,10.100678895
7.53,0.258,0.31,2.03,0.041,22.3,107.0,0.995302,3.25,0.75,9.619018595
5.39,0.161,0.27,3.47,0.045,42.6,150.7,0.992524,3.28,1.0,9.633223776
6.18,0.29,0.3,1.76,0.033,29.9,120.4,0.990697,3.28,0.62,10.714875971
8.27,0.197,0.33,5.49,0.041,14.0,81.7,0.994535,3.22,0.35,9.954185995
7.83,0.584,0.17,3.47,0.071,25.6,112.9,0.994992,3.17,0.38,11.221873673
7.1,0.643,0.09,5.42,0.07,11.5,45.9,0.996661,3.46,0.4,11.296486956
5.7,0.255,0.15,2.29,0.029,56.5,206.9,0.989496,3.05,0.36,9.757920812
9.26,0.571,0.24,9.13,0.047,6.2,106.5,0.99832,3.13,0.31,9.668138219
6.67,0.295,0.11,0.66,0.046,24.8,46.7,0.989521,3.33,0.55,12.538601033
6.78,0.137,0.44,0.83,0.03,28.7,114.7,0.989204,3.13,0.35,11.366167635
5.64,0.64,0.07,2.16,0.052,32.2,94.7,0.991809,3.35,0.31,11.122363345
6.11,0.171,0.28,7.91,0.112,32.2,78.5,0.997686,3.21,0.4,9.805984325
7.73,0.133,0.41,0.73,0.03,23.9,48.6,0.987934,3.01,0.51,12.928736752
7.04,0.087,0.53,10.55,0.024,34.2,162.9,0.994276,2.92,0.53,11.061848648
5.06,0.41,0.3,3.4,0.021,21.6,65.6,0.988094,3.22,0.31,13.060870526
7.68,0.351,0.44,1.35,0.145,11.7,72.1,0.994882,3.31,0.54,10.844929907
6.82,0.423,0.25,7.21,0.059,31.5,107.7,0.996629,3.2,0.97,9.514410037
8.22,0.32,0.25,2.92,0.077,5.7,59.1,0.994219,3.42,0.7,11.407727432
9.15,0.322,0.21,6.49,0.057,9.4,97.4,1.001732,3.23,0.8,8.383233929
6.92,0.23,0.52,7.38,0.036,53.6,140.6,0.994891,3.21,0.66,9.626349947
6.63,0.128,0.42,1.35,0.029,47.3,162.2,0.987452,3.12,0.31,14.191933461
5.58,0.241,0.41,2.41,0.055,52.3,181.3,0.991046,3.48,0.32,11.352385249
6.76,0.207,0.2,3.56,0.047,24.2,116.2,0.997958,3.24,0.56,8.708912866
6.72,0.644,0.24,3.26,0.062,39.6,134.2,0.9932,3.07,0.53,11.564736443
5.61,0.41,0.06,7.1,0.033,24.0,124.2,0.996564,3.25,0.47,8.870087084
6.75,0.222,0.3,9.63,0.03,46.7,185.9,0.991915,3.02,0.35,11.499354286
7.51,0.315,0.06,12.81,0.054,36.7,158.3,1.000502,3.4,0.41,9.044890892
8.19,0.359,0.3,3.92,0.049,25.3,175.7,0.993701,3.18,0.52,10.666521997
5.56,0.189,0.34,3.23,0.028,68.5,194.2,0.993509,3.53,0.77,10.83742219
7.86,0.231,0.32,3.89,0.023,34.9,100.7,0.993434,2.94,0.37,11.16414423
5.84,0.147,0.31,8.7,0.066,54.5,173.1,0.995839,3.15,0.45,9.926056665
6.82,0.317,0.27,1.12,0.044,49.1,169.1,0.99119,3.23,0.32,11.406543082
6.46,0.344,0.08,4.3,0.04,26.9,89.9,0.993831,3.48,0.48,11.36352322
7.91,0.683,0.47,1.34,0.098,7.2,7.7,0.998055,3.57,0.57,10.716403157
7.45,0.249,0.49,2.56,0.034,16.2,128.3,0.99443,3.18,0.67,9.768384774
9.85,0.5,0.39,8.37,0.04,12.3,21.0,0.996619,3.25,0.33,12.580208916
6.86,0.241,0.27,1.69,0.047,42.2,121.1,0.993088,3.16,0.32,9.444075525
6.08,0.42,0.15,9.18,0.046,86.5,166.9,0.996844,3.35,0.34,8.938207095
6.79,0.58,0.12,3.98,0.037,12.0,36.3,0.994379,3.23,0.43,11.013913995
9.21,0.381,0.35,1.04,0.104,13.7,46.3,0.995339,3.28,0.49,10.771163515
8.71,0.47,0.27,2.23,0.065,38.5,120.4,0.998418,3.45,0.76,10.044540037
7.38,0.109,0.45,11.93,0.03,13.6,162.5,0.992917,2.87,0.34,9.96024319
10.13,0.203,0.34,2.33,0.057,23.5,128.6,0.996892,3.11,0.58,9.999060208
7.34,0.193,0.47,3.34,0.025,10.2,72.2,0.990572,3.24,0.4,12.806315611
8.24,0.211,0.38,15.07,0.028,44.6,167.0,0.995877,3.12,0.35,11.072711114
6.92,0.405,0.29,3.93,0.05,39.1,185.0,0.994928,3.02,0.43,9.635649088
6.99,0.291,0.32,8.52,0.036,44.9,182.7,0.995981,2.99,0.85,9.185576481
10.35,0.435,0.33,10.97,0.063,17.3,103.1,0.997694,3.01,1.35,10.31349401
7.35,0.795,0.03,3.06,0.053,16.8,50.4,0.994299,3.33,0.75,12.468303961
8.95,0.622,0.15,5.55,0.054,4.9,21.1,0.998683,3.12,0.71,9.726400936
7.0,0.272,0.34,2.66,0.023,37.4,99.5,0.99101,3.25,0.69,11.168763226
8.16,0.319,0.37,8.5,0.069,21.3,94.6,0.999844,3.45,1.58,11.550379828
9.56,0.401,0.28,5.85,0.058,23.4,105.5,0.996143,3.12,0.33,10.207414461
6.78,0.381,0.24,1.88,0.058,10.6,70.7,0.994383,3.41,0.76,10.440109884
8.84,0.446,0.25,3.38,0.08,27.9,84.9,0.99895,3.2,0.68,8.822252952
7.06,0.318,0.4,22.5,0.06,83.9,252.6,0.998907,2.9,0.49,8.68740909
6.42,0.378,0.08,4.23,0.039,16.6,104.4,0.995616,3.61,1.03,11.090271095
6.48,0.378,0.31,3.11,0.08,36.5,104.2,0.993701,3.05,0.31,9.823417903
6.08,0.163,0.23,3.11,0.031,65.1,218.5,0.991303,3.03,0.32,9.822093981
7.93,0.319,0.35,11.86,0.07,35.9,121.5,0.998464,3.25,0.62,9.817165144
8.31,0.233,0.54,4.65,0.078,9.4,57.2,0.994494,3.0,0.41,10.26663084
5.44,0.49,0.23,0.97,0.052,41.3,116.4,0.989486,3.26,0.33,10.191312834
7.07,0.772,0.28,6.04,0.131,34.3,74.3,0.998498,3.27,0.65,8.929986232
5.35,0.522,0.28,4.79,0.088,35.7,136.2,0.993959,3.29,0.34,9.364383071
7.56,0.255,0.59,13.18,0.07,23.4,135.4,0.996601,3.4,0.52,11.328093573
6.95,0.227,0.46,4.65,0.069,56.4,157.7,0.994671,3.06,0.54,10.021573325
7.71,0.33,0.34,8.75,0.069,34.4,138.3,1.000354,2.85,0.51,8.403467437
9.88,0.207,0.43,3.35,0.049,5.7,37.4,0.994307,2.93,0.43,11.245001867
6.33,0.119,0.51,3.26,0.042,29.7,161.5,0.994695,3.49,1.53,10.605774395
6.36,0.341,0.42,2.78,0.025,55.5,204.7,0.989493,3.16,0.41,11.50356522
6.47,0.329,0.25,1.55,0.025,30.3,58.7,0.991825,3.5,0.99,13.342944
9.71,0.225,0.44,4.59,0.032,40.6,147.1,0.995118,3.12,0.53,10.958870774
7.49,0.401,0.4,2.57,0.046,29.5,71.1,0.992291,3.29,1.1,11.927890059
7.43,0.281,0.5,8.6,0.044,60.5,162.6,0.996527,3.09,0.47,9.895298441
6.47,0.428,0.2,4.85,0.105,41.5,151.3,0.996226,3.34,0.31,9.708052195
7.28,0.38,0.46,5.45,0.101,57.8,191.8,1.00027,3.18,0.34,8.286908394
7.64,0.179,0.36,2.55,0.022,31.9,125.3,0.990574,3.1,0.79,12.98203823
8.06,0.243,0.18,4.81,0.062,40.1,110.6,0.997553,3.09,0.58,8.934702023
9.61,0.449,0.48,1.47,0.04,20.5,93.5,0.994926,3.22,0.61,10.207076675
6.28,0.112,0.34,15.64,0.03,47.0,86.4,0.997978,3.14,0.34,10.532966725
8.22,0.347,0.18,3.66,0.071,22.4,30.0,1.000314,3.31,0.63,8.516726352
6.26,0.235,0.35,5.51,0.04,64.9,178.6,0.993779,3.16,0.79,10.095755586
6.79,0.233,0.25,0.63,0.052,13.4,49.3,0.99125,3.31,0.83,10.062180263
6.24,0.263,0.23,1.9,0.058,28.3,118.5,0.991803,3.37,0.31,11.12072077
8.24,0.281,0.25,1.04,0.056,18.6,125.3,0.994813,3.2,0.46,9.57802699
6.48,0.25,0.45,5.81,0.028,24.1,98.3,0.993781,3.16,0.33,11.242654393
5.33,0.287,0.27,6.99,0.018,50.0,159.1,0.991428,3.41,0.31,10.646039034
8.2,0.429,0.21,8.31,0.107,21.5,102.9,1.00137,3.22,0.63,9.707464565
6.23,0.521,0.36,10.91,0.047,74.1,218.7,0.992263,3.11,0.41,11.220799941
6.78,0.19,0.17,3.8,0.05,29.6,60.7,0.99334,3.46,0.76,11.439454777
5.91,0.434,0.31,8.14,0.078,38.7,123.5,0.993843,3.15,0.66,10.372750354
5.68,0.166,0.26,15.24,0.02,42.0,201.4,0.993568,3.23,0.72,10.887171416
8.84,0.429,0.43,4.01,0.045,20.5,118.4,0.997244,3.13,0.45,9.548124383
8.28,0.551,0.34,1.44,0.08,10.3,69.2,0.996172,3.08,1.54,9.963352374
7.89,0.513,0.0,5.43,0.095,32.4,111.6,1.000016,3.5,0.95,9.49361108
7.74,0.293,0.56,5.69,0.064,47.5,143.2,0.999715,3.26,0.98,8.751298291
7.69,0.666,0.08,1.44,0.101,29.3,37.1,0.995481,3.44,0.43,10.738632923
6.7,0.225,0.37,3.58,0.024,53.2,200.5,0.99242,3.0,0.36,10.155929071
6.26,0.358,0.31,1.56,0.018,27.4,86.4,0.988476,3.17,0.4,14.319830401
11.47,0.575,0.36,3.2,0.125,4.1,29.3,1.00154,3.32,0.82,9.854793369
5.88,0.22,0.48,16.22,0.038,60.1,223.6,0.995237,3.13,0.34,8.993527646
9.4,0.25,0.3,1.94,0.052,7.6,56.0,0.996909,3.24,0.36,9.429783028
5.99,0.322,0.15,3.6,0.046,16.2,59.6,0.994242,3.36,0.42,9.78969471
9.64,0.465,0.62,1.43,0.079,25.6,65.6,0.996012,3.18,1.52,9.687757573
5.16,0.123,0.34,2.59,0.051,42.3,147.1,0.988496,3.26,0.45,12.802188358
5.81,0.328,0.15,10.51,0.043,36.0,121.1,0.995786,3.31,0.54,10.341317798
10.35,0.721,0.16,2.39,0.086,4.1,25.7,0.998278,3.25,0.65,9.695552066
7.81,0.34,0.32,2.24,0.087,21.9,107.2,0.996566,3.24,1.04,9.537842345
6.48,0.461,0.29,3.32,0.066,27.2,92.4,0.993038,3.23,0.7,10.825903116
6.59,0.468,0.07,4.14,0.051,13.2,91.9,0.994537,3.28,0.39,10.263086601
7.86,0.513,0.37,3.97,0.074,16.5,131.6,0.994047,3.1,1.05,11.855494352
9.64,0.196,0.43,7.75,0.133,9.3,39.9,1.004533,3.35,1.39,8.371719763
6.97,0.341,0.23,3.19,0.076,41.8,136.3,0.993868,3.23,1.15,10.545320339
5.55,0.145,0.25,7.48,0.029,56.0,207.7,0.991107,3.28,0.45,11.523760836
8.65,0.186,0.49,2.69,0.029,21.8,71.3,0.993542,3.09,0.59,11.476384288
8.1,0.34,0.35,0.92,0.089,6.6,45.6,0.992912,3.51,0.54,12.655905431
7.33,0.109,0.38,5.07,0.038,49.7,174.9,0.994059,3.29,0.45,10.626461105
7.91,0.296,0.39,2.2,0.08,30.7,64.9,0.992771,3.03,0.45,11.097678471
7.2,0.317,0.32,1.61,0.051,15.9,102.6,0.991201,3.11,0.35,11.009220335
8.6,0.251,0.45,12.03,0.042,74.7,220.3,0.999164,2.99,0.42,9.450123189
6.84,0.349,0.35,10.75,0.033,44.9,151.9,0.994301,3.18,0.32,10.313299035
5.96,0.168,0.38,4.87,0.049,55.4,137.6,0.990322,3.11,0.65,12.060752284
6.61,0.542,0.27,9.2,0.058,27.8,119.6,0.996829,3.26,0.41,8.930905421
7.32,0.526,0.39,7.11,0.06,36.5,135.2,0.996264,2.96,0.35,10.303032861
8.32,0.298,0.41,5.4,0.05,22.5,89.8,0.995155,3.13,0.63,10.600029723
5.81,0.21,0.35,7.13,0.062,21.1,121.1,0.994616,3.11,0.44,10.324660848
7.52,0.239,0.41,16.67,0.04,53.1,259.6,0.99944,3.08,0.58,9.408355848
8.85,0.334,0.35,10.22,0.078,39.1,89.2,0.997976,3.26,0.4,9.465927454
6.4,0.579,0.01,3.55,0.063,34.0,76.6,0.995487,3.39,0.92,9.54571079
6.55,0.231,0.27,22.21,0.04,53.1,214.2,0.993881,3.06,0.33,10.735231326
6.09,0.392,0.1,3.17,0.052,22.7,198.3,0.993635,3.2,0.46,9.890276495
7.82,0.153,0.64,8.31,0.031,45.4,186.6,0.993693,3.07,0.37,11.323384625
7.1,0.14,0.34,0.91,0.068,14.2,49.4,0.995066,3.35,0.59,9.330042372
6.72,0.136,0.55,1.17,0.023,35.0,233.2,0.98987,3.22,0.49,10.714178926
5.88,0.155,0.48,1.53,0.053,47.1,129.0,0.991722,3.46,0.5,10.891943108
6.96,0.165,0.49,8.19,0.031,32.3,147.1,0.99545,3.19,0.4,9.888460248
9.15,0.474,0.33,7.63,0.025,24.2,60.1,0.996967,3.29,0.32,11.173410723
7.5,0.141,0.71,10.77,0.031,40.5,188.1,0.996041,3.08,0.31,9.611608088
6.43,0.174,0.26,2.75,0.041,21.4,92.6,0.993039,3.49,0.94,11.643619649
6.96,0.421,0.36,4.15,0.06,25.8,113.5,0.995375,3.27,0.8,10.221874766
4.55,0.212,0.03,3.36,0.019,77.7,145.3,0.989031,3.56,0.58,10.89097652
6.09,0.358,0.18,1.59,0.069,9.0,63.6,0.993621,3.38,0.5,9.662864541
10.55,0.293,0.26,0.88,0.061,8.1,31.2,0.994235,3.31,0.32,13.189313334
7.98,0.517,0.13,1.21,0.062,7.2,79.6,0.996458,3.57,0.71,10.705505642
8.92,0.197,0.43,6.68,0.055,27.4,86.7,0.996605,3.3,0.41,10.886630624
8.85,0.337,0.42,5.02,0.057,12.1,84.8,0.99624,3.07,0.63,10.273447802
7.11,0.135,0.28,5.93,0.042,49.6,127.9,0.99609,3.33,0.41,9.008713879
6.21,0.23,0.23,3.39,0.027,38.7,144.8,0.994482,3.52,0.49,10.198872437
7.32,0.127,0.63,11.82,0.046,70.1,268.1,0.993965,2.95,0.39,9.468702382
6.7,0.381,0.22,4.33,0.055,42.4,113.2,0.997549,3.12,0.38,8.934089572
5.92,0.463,0.27,1.17,0.05,39.0,61.7,0.989782,3.46,0.41,12.730755669
8.2,0.198,0.49,7.77,0.064,31.0,107.3,0.99735,3.09,0.37,9.463649606
7.48,0.246,0.26,1.36,0.062,25.1,73.1,0.996252,3.36,0.51,9.640644685
7.17,0.212,0.44,11.07,0.03,26.9,146.0,0.994592,3.13,0.34,10.372309168
9.97,0.289,0.54,1.56,0.064,10.7,70.8,0.997565,3.01,0.55,9.028263868
5.66,0.354,0.0,4.39,0.017,23.4,135.0,0.993725,3.46,0.4,10.908713059
9.37,0.303,0.11,1.24,0.048,22.0,111.9,0.993372,3.25,0.64,11.246670163
8.39,0.574,0.31,6.65,0.038,21.8,116.9,0.995215,3.11,0.33,10.133950109
8.06,0.188,0.2,12.86,0.034,69.2,213.4,0.998562,3.35,0.51,9.961758727
8.04,0.189,0.86,2.04,0.079,36.9,81.9,0.993977,3.21,0.48,10.470231683
7.47,0.302,0.33,4.38,0.062,46.4,154.7,0.99457,2.91,0.42,9.221797592
6.78,0.174,0.63,1.52,0.035,20.7,108.8,0.994145,3.45,0.39,9.797877133
5.19,0.202,0.0,0.9,0.036,22.0,35.9,0.989391,3.48,0.38,11.577441839
8.94,0.262,0.51,8.74,0.032,10.7,72.9,0.993313,2.97,0.32,11.929768966
8.87,0.286,0.64,2.4,0.038,26.5,94.7,0.995658,3.26,0.66,9.943206037
8.2,0.393,0.68,2.17,0.078,27.8,150.8,0.993963,3.2,0.52,10.762964172
8.05,0.314,0.47,6.44,0.057,19.4,94.8,0.996505,3.21,0.61,11.004555737
10.56,0.348,0.41,1.49,0.031,17.6,68.7,0.992739,3.38,0.36,12.386762393
6.37,0.142,0.58,17.49,0.036,45.6,201.4,0.997514,3.02,0.33,8.832852724
5.5,0.724,0.13,1.11,0.023,5.3,51.4,0.988321,3.45,0.39,13.805852603
5.99,0.446,0.4,1.37,0.025,10.0,103.0,0.991726,3.26,0.33,11.650052686
7.65,0.186,0.36,10.91,0.042,32.6,107.0,0.995772,3.19,0.36,11.179050538
5.52,0.419,0.18,1.36,0.057,12.4,52.9,0.990388,3.2,0.54,11.971983018
7.86,0.187,0.33,11.24,0.022,71.8,193.9,0.995986,3.23,0.37,10.477015927
9.08,0.325,0.33,0.63,0.07,37.8,71.7,0.99492,3.32,0.97,9.694738365
5.37,0.357,0.2,2.7,0.06,17.9,105.9,0.993192,3.41,0.51,10.644333295
7.11,0.308,0.27,2.28,0.023,18.8,117.8,0.991495,2.98,0.48,10.32066934
5.75,0.255,0.13,1.31,0.072,4.2,57.6,0.991983,3.49,0.69,10.707108202
8.39,0.495,0.23,18.5,0.074,44.4,172.9,1.000337,3.12,0.38,9.536463471
7.78,0.433,0.31,2.18,0.058,33.9,68.0,0.994519,3.33,1.23,10.832724032
7.19,0.338,0.36,2.27,0.077,34.6,114.0,0.994143,2.94,0.57,10.231061402
7.1,0.141,0.53,7.21,0.07,28.4,127.0,0.994584,3.22,0.41,10.276504672
7.14,0.389,0.16,0.62,0.041,6.5,15.2,0.988882,3.35,0.35,13.482901656
8.47,0.448,0.23,2.65,0.041,19.4,49.9,0.993397,3.17,0.38,10.267819019
7.38,0.174,0.28,6.8,0.05,25.0,138.3,0.995481,3.02,0.37,9.660463353
6.44,0.212,0.55,0.87,0.02,26.5,117.0,0.987352,3.29,0.59,13.352574977
7.52,0.639,0.17,0.76,0.074,45.8,95.1,0.993561,3.55,0.51,10.587518199
4.72,0.24,0.0,11.54,0.036,69.5,194.2,0.993317,3.4,0.32,9.845133711
6.56,0.189,0.36,4.44,0.022,47.5,78.3,0.991686,3.34,0.42,13.550390483
7.93,0.239,0.4,9.08,0.077,27.8,186.4,0.999138,3.16,0.32,8.685830866
6.34,0.576,0.23,0.82,0.089,35.4,74.3,0.995009,3.31,1.1,9.011523708
7.29,0.145,0.52,1.86,0.032,40.6,154.2,0.991618,3.2,0.6,10.679702367
6.16,0.26,0.24,4.57,0.043,64.4,135.6,0.993992,3.23,0.32,9.251701071
5.97,0.471,0.14,5.5,0.04,18.8,135.8,0.992427,3.2,0.31,11.456146367
6.76,0.218,0.38,23.5,0.03,26.2,119.7,0.999447,3.31,0.45,9.426228068
6.04,0.14,0.47,11.3,0.048,124.6,240.3,0.994122,2.89,0.69,8.842772446
8.07,0.249,0.29,1.48,0.041,16.5,94.6,0.994357,3.04,0.4,9.589756769
5.71,0.238,0.27,22.47,0.049,62.3,254.7,0.997252,3.0,0.31,8.700186833
7.88,0.39,0.26,1.08,0.055,10.8,7.1,0.993551,3.36,0.53,10.829488593
6.4,0.514,0.09,2.89,0.061,26.7,53.8,0.99639,3.44,0.96,9.657717117
6.91,0.545,0.23,4.01,0.027,38.4,139.5,0.994483,3.11,0.34,9.61655841
5.73,0.175,0.41,2.82,0.034,33.1,105.3,0.991997,2.98,0.37,9.835361016
5.99,0.551,0.09,2.71,0.033,29.9,114.5,0.992163,3.22,0.41,11.428258168
7.88,0.155,0.48,4.78,0.035,52.7,172.7,0.996765,3.23,0.34,9.748273836
9.07,0.705,0.19,0.81,0.082,2.8,6.0,0.993395,3.33,0.87,12.687771876
7.15,0.818,0.17,0.69,0.084,1.8,6.0,0.994066,3.53,1.99,11.30564386
6.9,0.177,0.28,4.78,0.034,24.5,116.4,0.994867,3.09,0.37,9.386244393
8.77,0.214,0.42,2.12,0.042,10.4,71.2,0.995569,3.21,0.49,9.617729587
8.22,0.348,0.33,1.19,0.029,6.6,6.0,0.991575,2.79,0.45,10.936714691
7.25,0.682,0.15,2.68,0.065,8.8,105.0,0.993948,3.33,0.49,11.537016827
7.55,0.353,0.19,14.39,0.058,47.6,183.8,0.997786,3.12,0.77,8.89713396
7.67,0.356,0.16,1.97,0.04,15.4,75.0,0.991489,3.21,0.43,11.822507079
5.17,0.248,0.14,3.71,0.078,45.8,88.1,0.991527,3.49,0.43,11.410589402
7.92,0.53,0.25,8.35,0.12,32.8,148.1,0.998123,3.13,0.33,9.306599618
6.44,0.51,0.14,3.64,0.039,23.0,129.9,0.994434,3.47,0.33,10.103192664
7.43,0.441,0.39,4.85,0.032,44.9,128.3,0.992315,3.19,0.36,12.130546659
6.09,0.781,0.11,1.86,0.052,11.6,46.8,0.993515,3.4,0.47,10.856531218
5.71,0.34,0.33,2.06,0.048,19.5,52.9,0.995727,3.61,0.62,10.263164887
7.12,0.615,0.33,7.93,0.026,27.7,122.4,0.993468,3.16,0.59,12.083349601
5.61,0.148,0.22,6.85,0.047,17.6,126.5,0.992188,3.02,0.62,10.853198136
5.88,0.152,0.22,11.5,0.036,24.7,137.8,0.994482,3.35,0.61,10.869248745
8.1,0.384,0.47,4.69,0.078,15.0,164.3,0.994918,2.9,0.59,9.927408265
6.51,0.316,0.36,1.44,0.049,40.0,133.8,0.991835,3.06,0.42,10.846190235
8.84,0.369,0.5,4.24,0.074,21.4,138.9,0.998804,3.05,0.36,8.559956281
8.05,0.68,0.19,2.92,0.051,9.8,49.2,0.994202,3.15,0.74,12.728667842
6.36,0.435,0.22,5.83,0.048,49.7,220.6,0.997053,3.44,0.37,9.482396877
8.99,0.347,0.24,1.47,0.118,15.8,42.5,0.996984,3.33,0.33,9.818679809
7.68,0.513,0.27,2.32,0.061,32.4,158.8,0.996573,3.18,0.33,9.272368101
7.54,0.315,0.24,2.08,0.045,25.7,110.4,0.992457,3.08,0.34,10.703030913
8.66,0.402,0.3,4.49,0.052,9.7,71.6,0.996106,3.1,0.44,10.394417001
7.74,0.313,0.18,1.79,0.036,15.6,32.4,0.99174,2.91,0.52,11.433690371
9.72,0.647,0.36,3.31,0.065,44.0,104.6,0.999371,3.16,0.58,9.308423677
5.31,0.552,0.0,0.7,0.055,8.8,36.9,0.989307,3.33,0.89,10.757616686
7.05,0.663,0.1,8.52,0.036,21.4,121.4,0.997427,3.41,0.32,9.30881074
6.14,0.42,0.07,3.36,0.028,22.0,108.6,0.992751,3.19,0.31,11.159830099
8.66,0.85,0.39,7.99,0.095,20.3,79.1,0.998634,3.23,0.31,9.304516456
5.46,0.272,0.51,2.33,0.044,33.3,112.2,0.992154,3.46,0.48,11.185844996
7.69,0.204,0.3,9.76,0.048,31.2,73.3,0.996806,3.22,0.44,10.739071551
6.24,0.457,0.12,1.37,0.035,15.5,54.1,0.994519,3.4,0.63,10.507768398
8.74,0.301,0.39,2.72,0.055,26.6,42.4,0.997462,3.4,0.57,10.536193976
8.21,0.399,0.28,1.94,0.067,19.7,86.4,0.99703,3.27,0.61,10.088539067
6.38,0.487,0.19,4.37,0.041,23.5,82.3,0.993483,3.35,0.87,10.798966392
8.3,0.136,0.5,1.59,0.03,23.8,101.1,0.9911,2.9,0.34,10.859535276
7.01,0.3,0.0,2.77,0.025,10.2,64.3,0.995777,3.28,0.4,9.397543954
6.34,0.331,0.21,3.04,0.082,19.0,71.9,0.993175,3.42,0.52,10.495457012
9.37,0.362,0.49,4.07,0.065,58.9,180.4,0.992959,3.03,0.89,12.521093488
7.1,0.204,0.2,3.3,0.038,31.7,74.5,0.994182,3.45,0.88,11.916116726
5.85,0.178,0.37,4.81,0.022,64.5,205.8,0.990739,3.14,0.69,11.164658173
8.96,0.667,0.23,3.12,0.073,1.7,6.0,0.99819,3.2,0.34,9.333633597
7.25,0.366,0.25,13.2,0.081,27.4,124.8,1.001633,3.4,0.66,9.100015342
8.74,0.504,0.4,1.57,0.076,10.5,21.5,0.99548,3.33,0.4,12.468935551
7.79,0.213,0.36,2.25,0.032,30.5,143.2,0.991803,3.07,0.31,10.836654711
6.03,0.341,0.23,5.68,0.028,67.7,186.9,0.995691,3.37,0.37,9.916572548
6.75,0.304,0.34,3.92,0.067,24.4,69.6,0.9965,3.38,0.48,9.080504073
7.25,0.399,0.27,18.08,0.028,54.7,232.6,0.998152,3.03,0.51,10.485158122
7.93,0.411,0.27,1.86,0.097,25.8,52.0,0.993991,3.16,0.39,10.301371973
8.27,0.322,0.4,14.47,0.05,28.3,145.4,1.001958,3.18,0.42,9.252652737
6.64,0.641,0.35,3.16,0.053,9.4,69.2,0.993639,3.19,0.36,10.258643508
7.41,0.344,0.3,13.28,0.05,16.6,150.7,0.995147,2.84,0.46,9.966915898
8.95,0.321,0.39,0.97,0.091,27.4,84.5,0.992262,3.13,0.58,11.256663001
5.82,0.419,0.28,7.46,0.058,41.8,178.6,0.992805,3.37,0.68,11.782888318
6.42,0.17,0.33,1.23,0.093,63.9,102.2,0.996945,3.33,0.42,8.505686239
9.26,0.343,0.49,7.25,0.066,14.1,108.1,0.997457,3.19,0.34,10.453891299
5.25,0.635,0.26,3.11,0.057,25.2,83.4,0.99353,3.58,0.62,10.795566383
5.54,0.209,0.3,5.31,0.068,36.3,111.1,0.994563,3.46,1.29,10.075498778
8.39,0.179,0.47,0.71,0.076,17.7,62.7,0.994775,3.43,0.54,10.45855476
8.3,0.238,0.44,3.22,0.074,24.3,117.8,0.997331,3.12,0.43,9.166132469
5.1,0.436,0.2,7.18,0.041,45.4,49.5,0.992846,3.63,0.47,12.351860529
5.32,0.243,0.21,1.41,0.046,25.5,168.0,0.99131,3.23,0.32,10.397069301
5.52,0.39,0.29,1.15,0.069,26.2,56.8,0.99233,3.38,0.43,10.182218309
6.54,0.62,0.16,1.24,0.053,11.4,49.4,0.989264,3.22,0.33,12.885761078
5.78,0.189,0.07,2.91,0.034,46.4,120.3,0.992568,3.28,0.37,9.760733036
6.41,0.118,0.35,11.92,0.043,111.2,216.2,0.994801,3.01,0.34,8.915159354
6.86,0.289,0.3,1.99,0.046,27.5,119.8,0.992613,3.36,0.32,10.643844495
6.13,0.426,0.28,3.99,0.075,5.5,12.7,0.994082,3.28,0.66,10.505202977
6.08,0.461,0.19,4.63,0.077,10.6,60.2,0.994953,3.36,0.35,9.929188449
7.51,0.219,0.47,4.14,0.024,85.7,186.7,0.992032,3.54,0.34,12.064255828
7.77,0.395,0.28,2.35,0.072,14.9,83.4,0.995377,3.26,0.71,10.101320428
7.64,0.353,0.28,8.29,0.06,54.1,126.6,0.996965,3.27,0.39,9.564434699
8.49,0.141,0.45,7.49,0.067,29.9,108.5,1.000671,3.31,0.45,8.661203526
6.4,0.59,0.24,3.4,0.074,33.3,82.4,0.995313,3.36,0.33,9.563615972
8.58,0.494,0.27,4.06,0.146,34.7,110.2,0.999934,3.1,0.32,8.652194536
8.7,0.676,0.42,12.25,0.039,36.4,179.2,0.99709,3.11,0.31,10.527366141
6.39,0.306,0.0,4.5,0.024,32.1,126.0,0.992254,3.23,0.37,10.716198058
7.81,0.299,0.4,13.47,0.076,37.2,117.9,0.997991,3.2,0.5,9.758625421
7.18,0.474,0.21,2.35,0.08,16.1,71.0,0.991365,3.15,0.37,12.102069518
6.59,0.246,0.29,1.85,0.025,19.8,151.2,0.99096,3.17,0.43,11.305977134
11.31,0.372,0.52,8.27,0.111,20.3,41.4,0.998757,2.95,0.43,9.799811816
6.92,0.207,0.25,11.19,0.071,9.3,116.7,0.997366,3.03,0.37,9.302783722
6.95,0.253,0.36,5.89,0.024,60.5,190.8,0.99435,3.27,0.31,10.14405277
7.45,0.199,0.35,9.22,0.042,38.1,188.0,0.998948,3.28,1.32,9.679330275
7.2,0.483,0.02,0.84,0.079,5.9,89.2,0.994511,3.25,0.59,10.007297687
6.04,0.399,0.21,12.59,0.154,27.9,165.1,1.000366,3.24,0.51,8.341501839
8.46,0.363,0.39,4.67,0.037,37.9,167.7,0.994927,3.27,0.48,11.716835861
8.42,0.293,0.41,18.48,0.046,37.8,176.1,1.004738,3.19,0.78,8.633396897
6.08,0.396,0.09,1.83,0.044,12.8,85.9,0.991973,3.45,0.44,10.694797126
7.28,0.37,0.27,1.72,0.057,13.4,79.6,0.994127,3.4,0.39,11.182684539
8.82,0.317,0.15,8.55,0.04,19.8,86.5,0.997243,3.24,0.32,10.050532119
6.95,0.317,0.34,3.1,0.028,43.0,117.1,0.992252,3.35,0.66,13.453644179
7.81,0.218,0.46,3.27,0.026,14.0,92.1,0.993063,3.41,0.4,13.140005146
5.95,0.217,0.24,3.88,0.033,37.2,73.7,0.994675,3.22,0.61,9.792743455
6.6,0.276,0.41,5.15,0.045,22.3,114.9,0.994734,3.22,0.45,9.609604143
8.74,0.349,0.37,8.1,0.074,30.8,137.9,0.998118,3.24,0.48,10.456294799
7.79,0.273,0.57,6.59,0.038,38.4,156.7,0.995839,3.17,0.66,11.210245138
8.5,0.677,0.32,0.91,0.067,11.3,85.8,0.99325,3.06,0.39,9.200861678
6.96,0.221,0.48,6.03,0.026,42.1,218.2,0.995318,3.2,0.61,9.87162791
7.4,0.183,0.52,1.04,0.033,29.7,76.7,0.988626,3.24,0.32,13.579587062
6.71,0.218,0.34,0.69,0.05,16.4,31.6,0.99079,3.69,0.86,13.017532165
5.39,0.246,0.15,4.79,0.038,51.6,109.2,0.992697,3.27,0.33,11.197443548
11.9,0.728,0.51,5.45,0.188,15.3,61.9,1.003762,2.95,0.75,8.474016178
7.66,0.299,0.39,6.76,0.049,23.2,129.7,0.993405,2.88,0.33,10.702872675
8.06,0.374,0.36,7.89,0.064,16.7,107.9,0.998663,3.21,0.37,10.093801653
5.82,0.659,0.0,12.92,0.084,32.1,99.8,0.997063,3.26,0.45,9.772339683
6.35,0.271,0.38,7.04,0.056,29.2,174.5,0.998106,3.42,0.37,9.506117621
7.04,0.183,0.4,5.72,0.049,16.6,34.1,0.994785,3.2,0.87,10.854437249
7.01,0.308,0.19,3.36,0.043,17.0,144.2,0.99549,3.37,0.65,10.768263668
6.6,0.316,0.47,4.72,0.065,21.8,54.6,0.997751,3.2,0.32,9.293842455
6.23,0.165,0.28,9.44,0.033,81.7,174.9,0.993764,3.23,0.32,9.305214396
5.75,0.335,0.31,11.57,0.021,14.9,196.1,0.995261,3.12,0.45,9.740005881
7.65,0.81,0.3,7.14,0.1,11.3,116.4,0.999646,3.28,0.98,9.578609211
7.52,0.604,0.15,8.04,0.043,43.1,196.2,0.997569,3.25,0.45,9.8162913
8.06,0.281,0.54,4.61,0.058,30.0,108.3,0.994468,3.05,0.5,9.802013962
6.4,0.204,0.4,4.67,0.037,63.1,209.6,0.990214,3.19,0.46,12.818640475
6.17,0.358,0.22,2.76,0.062,50.0,141.4,0.991522,3.21,0.38,10.336598081
6.83,0.552,0.12,5.23,0.06,29.7,120.1,0.998831,3.34,1.37,9.010165308
8.5,0.359,0.15,3.32,0.082,42.7,125.4,0.998758,3.16,0.52,8.943467006
6.47,0.68,0.28,4.28,0.083,17.0,163.7,0.995621,3.25,0.44,9.971546473
6.96,0.201,0.42,3.57,0.055,13.1,97.0,0.997009,3.3,0.36,8.83726504
6.28,0.345,0.23,17.91,0.075,28.4,154.5,1.000552,3.13,0.72,8.96892975
7.94,0.309,0.14,1.35,0.05,11.4,69.3,0.993009,3.26,0.5,10.223771639
7.6,0.769,0.24,1.9,0.077,13.2,28.0,0.995018,3.17,0.67,10.739900287
8.06,0.429,0.15,2.6,0.04,6.4,15.1,0.995646,3.13,0.44,10.504335391
7.25,0.181,0.3,8.71,0.03,39.8,97.3,0.994519,3.02,0.86,9.955587825
4.92,0.256,0.19,7.19,0.019,33.8,176.9,0.989037,3.12,0.36,11.890316564
6.39,0.163,0.16,16.45,0.025,93.6,219.3,0.992462,3.04,0.4,11.864008799
9.39,0.184,0.45,13.9,0.073,44.5,185.7,0.996972,2.93,0.32,9.467714103
5.44,0.478,0.33,3.64,0.021,74.2,179.9,0.993898,3.34,0.48,9.058542417
5.74,0.179,0.43,8.16,0.023,57.8,237.9,0.992922,3.31,0.37,11.211722294
7.11,0.679,0.42,14.6,0.101,21.5,169.5,0.998196,3.02,0.65,8.767254643
8.14,0.292,0.41,2.46,0.053,20.7,114.2,0.996016,3.1,0.37,9.503723817
6.85,0.469,0.26,5.53,0.056,44.8,183.6,0.996886,3.52,0.38,9.178092732
7.05,0.416,0.47,2.98,0.079,20.6,44.4,0.994125,3.38,0.5,10.775876722
7.1,0.555,0.12,1.65,0.08,28.4,101.3,0.999406,3.43,0.66,8.459079276
7.43,0.327,0.3,1.24,0.032,12.7,129.8,0.993014,3.31,0.31,10.982034228
8.04,1.064,0.09,1.16,0.061,6.2,6.0,0.995519,3.31,0.51,11.287531167
6.86,0.513,0.37,21.19,0.025,18.4,134.8,0.99813,3.26,0.32,11.109986629
10.19,0.172,0.42,0.91,0.068,27.2,95.6,0.994533,3.13,0.43,10.330227291
6.13,0.347,0.24,2.91,0.063,30.1,73.9,0.994641,3.22,0.35,10.042962686
6.05,0.502,0.23,4.77,0.059,34.1,123.4,0.992816,3.26,0.31,13.132181446
6.1,0.188,0.32,1.09,0.051,29.5,151.2,0.991476,3.35,0.35,10.325890773
7.41,0.248,0.5,5.79,0.048,16.3,30.9,0.993225,3.27,0.46,12.651621372
9.9,0.424,0.59,3.38,0.066,40.7,110.3,0.998288,3.31,0.42,10.41713515
8.86,0.356,0.41,1.69,0.055,34.4,78.4,0.996783,3.33,0.32,9.903837579
7.22,0.397,0.47,7.96,0.054,54.0,171.0,0.995982,3.14,0.59,8.996999232
5.8,0.564,0.15,2.07,0.067,46.8,127.5,0.993101,3.46,0.31,9.610925816
6.83,0.312,0.24,2.45,0.034,8.8,103.1,0.99284,3.47,0.72,12.175137939
7.37,0.217,0.31,2.12,0.043,21.3,85.5,0.995124,3.33,0.44,10.301177113
7.86,0.418,0.11,2.04,0.055,39.6,132.0,0.995054,3.26,0.5,9.999354737
5.21,0.267,0.24,10.9,0.038,66.4,184.6,0.994259,3.25,0.36,9.945544715
7.13,0.327,0.49,7.19,0.024,40.9,134.7,0.99453,3.29,0.8,11.564459296
5.82,0.107,0.74,8.79,0.019,67.3,173.5,0.991304,2.87,0.31,10.093596567
6.74,0.407,0.55,4.3,0.047,31.9,98.3,0.996037,3.37,0.49,10.555534557
5.65,0.186,0.12,3.44,0.026,29.0,59.2,0.991442,3.19,0.38,11.374703214
7.98,0.178,0.29,3.02,0.023,31.3,98.1,0.990157,3.0,0.32,11.27722806
9.63,0.415,0.61,7.92,0.073,15.1,107.3,0.99765,2.97,0.72,10.049695261
5.61,0.521,0.16,8.07,0.127,43.0,134.8,0.995478,3.21,0.76,9.642700427
7.2,0.701,0.31,4.2,0.066,39.3,156.3,0.994084,3.12,0.4,9.733886562
8.02,0.326,0.67,11.78,0.045,76.0,224.3,1.00002,3.34,0.55,9.575631454
8.98,0.257,0.24,3.68,0.06,22.0,109.7,0.99877,3.21,0.75,9.273034281
5.57,0.165,0.32,7.98,0.02,57.6,171.3,0.990468,3.13,0.4,11.527057172
6.06,0.163,0.46,4.89,0.031,40.5,131.4,0.993048,3.31,1.21,11.795815026
5.55,0.441,0.05,4.11,0.041,8.5,88.0,0.993817,3.21,0.41,10.938055707
8.79,0.399,0.55,2.46,0.092,1.0,29.6,0.994843,3.33,0.73,11.1893009
5.55,0.266,0.31,2.31,0.037,31.2,148.6,0.990903,3.4,0.39,11.022192613
10.56,0.316,0.46,8.21,0.062,14.4,84.2,0.998528,3.16,0.38,9.927906996
7.2,0.398,0.26,2.5,0.054,45.6,128.7,0.995858,3.09,0.33,8.37275708
10.29,0.443,0.67,4.59,0.128,28.7,142.8,1.002516,3.05,0.88,8.523259595
7.46,0.225,0.34,1.92,0.051,29.1,69.6,0.991781,3.36,0.31,11.936541606
9.07,0.301,0.33,1.73,0.046,19.2,6.0,0.994542,3.29,0.59,11.899184166
7.37,0.188,0.47,4.93,0.055,29.6,73.5,0.993877,3.13,1.26,10.223358755
7.2,0.238,0.48,9.16,0.031,52.7,145.6,0.995224,3.14,0.41,10.527660144
7.04,0.242,0.25,4.45,0.053,18.2,115.1,0.994095,3.15,0.32,9.68331168
5.88,0.247,0.34,3.71,0.049,30.4,148.9,0.994524,3.18,0.33,9.64178844
7.54,0.232,0.39,3.73,0.079,23.1,118.3,0.993952,3.13,0.46,11.324156794
8.34,0.163,0.44,4.12,0.022,30.5,121.4,0.992847,3.16,0.44,11.556546701
8.26,0.26,0.44,4.99,0.062,40.5,154.3,0.99423,3.17,0.56,10.536954904
5.99,0.349,0.16,1.9,0.029,44.2,81.6,0.992375,3.29,0.72,11.452037127
6.71,0.849,0.38,0.85,0.141,30.1,118.3,0.993509,3.32,0.32,10.528388316
6.75,0.6,0.09,2.7,0.039,32.0,81.7,0.991876,3.23,0.49,10.520097611
6.9,0.242,0.52,9.68,0.049,44.3,138.3,0.993332,2.95,0.32,10.536675306
5.29,0.311,0.23,6.2,0.016,66.3,161.5,0.992151,3.31,0.52,11.257751229
6.38,0.283,0.09,3.69,0.036,15.7,75.9,0.991339,3.16,0.63,13.478168145
6.9,0.641,0.41,4.92,0.114,36.7,137.7,0.99784,3.11,0.48,8.396582309
6.66,0.163,0.52,14.61,0.025,26.3,116.8,0.995415,3.32,0.4,11.408272346
7.32,0.208,0.32,0.96,0.094,15.4,27.4,0.994712,3.16,0.57,9.976548194
6.92,0.349,0.33,3.75,0.029,37.0,121.8,0.99016,2.98,0.34,12.100849981
7.68,0.207,0.38,10.29,0.028,63.5,225.6,0.996617,2.93,0.45,8.848202709
7.48,0.352,0.26,2.24,0.067,3.1,15.0,0.993923,3.25,0.33,9.488086719
6.12,0.389,0.11,3.93,0.046,36.3,154.0,0.994113,3.39,0.59,9.787716838
8.63,0.74,0.39,1.02,0.092,5.3,49.1,0.995577,3.23,0.67,9.442100153
7.44,0.127,0.5,2.28,0.033,16.6,106.9,0.992406,3.45,0.61,12.696342321
6.99,0.371,0.33,2.5,0.059,8.9,78.9,0.992588,3.42,0.8,12.80965522
8.01,0.24,0.41,4.78,0.049,27.8,98.4,0.99306,3.14,0.33,12.342965004
5.77,0.198,0.18,6.08,0.052,94.6,176.1,0.996516,3.49,0.55,10.050227054
6.88,0.176,0.38,2.39,0.041,29.9,99.7,0.993954,3.47,1.03,9.890776632
7.26,0.302,0.51,7.44,0.056,28.0,164.8,0.997278,3.11,0.35,9.385792934
12.57,0.604,0.34,2.52,0.057,4.6,7.6,0.998679,2.98,0.88,10.373517405
7.55,0.145,0.54,5.24,0.024,34.6,72.4,0.993722,3.03,0.44,11.080664604
7.29,0.29,0.44,2.45,0.057,15.8,8.0,0.995858,3.23,0.41,9.490685237
6.92,0.322,0.16,2.07,0.027,15.1,6.1,0.989991,3.16,0.34,12.889125789
9.53,0.227,0.33,9.11,0.096,22.3,119.0,1.000003,3.1,0.72,9.283719982
8.06,0.322,0.44,1.66,0.078,27.8,77.1,0.994248,3.46,0.6,12.10346806
6.91,0.194,0.52,7.07,0.044,46.2,252.1,0.99454,3.05,0.62,9.631719852
6.83,0.186,0.45,3.71,0.039,49.2,145.4,0.993711,2.97,0.31,9.170078177
7.03,0.268,0.42,14.47,0.041,19.7,105.5,0.994971,3.17,0.42,12.099704034
7.74,0.275,0.47,4.65,0.077,24.6,104.2,0.99338,3.08,0.58,11.61725
8.24,0.168,0.41,0.83,0.02,6.0,41.8,0.988459,2.79,0.57,13.815549522
5.94,0.191,0.08,3.44,0.059,7.3,101.6,0.992643,3.37,0.32,10.694272627
7.93,0.296,0.44,8.04,0.05,32.4,149.2,0.996067,3.09,0.33,10.346366191
8.94,0.394,0.33,0.78,0.072,25.9,83.6,0.993787,2.84,0.34,9.386364324
6.34,0.28,0.48,9.54,0.056,52.7,129.8,0.994813,3.25,0.32,10.33943642
6.07,0.553,0.2,2.04,0.055,43.9,144.2,0.993371,3.35,0.59,11.533955025
6.99,0.248,0.34,2.43,0.034,26.8,158.4,0.990932,3.12,0.38,11.224877238
7.87,1.018,0.23,4.31,0.093,2.3,6.0,0.999631,3.33,0.56,9.88115636
6.84,0.545,0.19,1.95,0.068,15.6,69.6,0.997039,3.3,0.33,8.844783822
8.12,0.383,0.32,1.17,0.113,8.2,13.4,0.994268,3.05,1.27,10.346981003
7.2,0.179,0.38,1.15,0.041,11.9,93.0,0.991066,2.92,0.32,10.888607844
10.17,0.543,0.38,6.42,0.046,15.7,101.5,0.998934,3.15,0.32,9.846764192
5.88,0.255,0.26,4.91,0.076,35.3,94.2,0.994467,3.21,0.34,10.413702335
8.61,0.182,0.68,5.58,0.049,31.3,128.6,0.993871,3.06,0.9,11.568501624
6.6,0.354,0.25,17.28,0.043,47.4,172.6,0.99818,3.23,0.5,9.082298526
8.27,0.217,0.17,1.08,0.034,10.1,57.7,0.990399,3.11,0.53,13.066765516
6.76,0.197,0.62,12.99,0.047,50.7,202.6,0.996469,3.01,0.41,8.971976491
6.41,0.259,0.53,7.89,0.034,80.1,213.0,0.993514,2.85,0.57,9.517016025
7.86,0.686,0.37,3.34,0.083,19.7,37.8,0.998096,3.3,0.33,10.132153211
6.34,0.319,0.35,0.71,0.038,32.7,125.5,0.990978,3.38,0.32,10.5636428
8.15,0.361,0.23,2.51,0.042,14.7,111.3,0.995355,3.08,0.67,9.083116947
7.16,0.169,0.38,3.78,0.053,18.8,88.5,0.994581,3.19,0.35,9.30097881
5.79,0.146,0.47,3.36,0.052,23.7,103.8,0.992707,3.24,0.73,9.527757519
6.76,0.357,0.24,1.82,0.062,34.1,146.6,0.991006,3.14,0.51,10.904852185
7.7,0.318,0.41,4.93,0.041,27.8,105.3,0.993099,3.05,0.57,11.408035168
7.62,0.324,0.22,2.59,0.058,33.1,170.4,0.994306,3.32,0.6,10.284941501
7.64,0.172,0.34,10.04,0.076,28.5,119.8,0.9981,3.1,0.32,8.889494636
7.58,0.335,0.29,17.07,0.058,23.5,163.1,1.000468,2.86,0.78,8.753751295
6.03,0.204,0.19,10.21,0.024,29.1,74.4,0.997214,3.24,0.41,9.807285707
8.11,0.198,0.49,2.72,0.023,10.5,74.2,0.992707,3.16,0.36,10.771722909
7.77,0.33,0.42,2.42,0.034,11.8,79.6,0.994351,2.93,0.34,9.977205899
7.79,0.355,0.1,1.14,0.03,25.0,48.8,0.989441,3.4,0.36,14.077335412
9.17,0.346,0.05,1.04,0.166,15.9,34.7,0.997438,3.17,0.67,9.68852264
7.68,0.266,0.35,2.23,0.067,20.9,97.7,0.99652,3.02,0.93,8.706621527
5.94,0.363,0.31,1.34,0.05,7.4,95.7,0.993523,3.38,0.66,11.528856954
5.82,0.226,0.29,1.76,0.054,20.6,122.7,0.989849,3.36,0.53,12.150928298
8.45,0.503,0.38,4.77,0.064,29.1,105.5,0.995178,3.15,0.37,11.479763552
6.72,0.148,0.57,9.31,0.028,19.2,94.7,0.996,3.11,0.38,11.408860864
7.35,0.181,0.28,4.11,0.028,13.8,109.0,0.99251,3.21,0.31,10.876399279
7.31,0.326,0.36,1.91,0.039,28.7,119.2,0.990891,3.3,0.39,12.922764297
5.83,0.211,0.27,12.65,0.051,62.7,201.6,0.998869,3.29,0.4,8.725173898
5.26,0.27,0.3,2.89,0.038,30.1,193.4,0.989769,3.07,0.31,11.116239242
5.61,0.333,0.04,8.61,0.062,35.7,124.1,0.997575,3.79,0.49,10.391036738
6.27,0.28,0.4,1.95,0.036,10.5,120.5,0.993889,3.61,0.64,10.231815871
7.92,0.717,0.28,6.28,0.131,17.9,15.5,1.001481,3.29,1.23,9.274336321
7.37,0.231,0.64,15.1,0.038,27.8,195.8,0.997214,2.96,0.39,9.883673941
8.19,0.387,0.48,9.93,0.073,57.7,192.6,0.995937,2.96,0.35,9.92316618
7.15,0.154,0.43,9.04,0.053,22.6,151.7,0.995084,2.9,0.41,9.783841163
5.55,0.172,0.06,4.28,0.035,56.1,119.5,0.993002,3.15,0.43,10.539205913
10.51,0.429,0.59,2.3,0.063,12.6,17.0,0.99559,2.97,0.79,9.941287547
9.36,0.16,0.64,5.6,0.087,15.5,107.4,0.99714,3.12,0.33,10.100284326
7.01,0.39,0.43,18.82,0.053,45.2,151.2,0.99682,3.23,0.38,9.784650547
6.47,0.324,0.28,7.96,0.052,24.5,131.7,0.992486,3.01,0.36,11.530911545
5.83,0.284,0.22,5.68,0.058,43.6,138.7,0.994586,3.42,0.55,10.790390328
6.91,0.176,0.32,5.97,0.012,25.5,141.8,0.990519,3.21,0.36,12.71811551
6.39,0.253,0.27,1.28,0.067,20.5,53.2,0.988961,3.11,0.36,13.788807735
7.75,0.296,0.18,4.48,0.093,18.3,18.9,0.998593,3.44,0.57,9.80044986
7.01,0.392,0.36,7.33,0.051,8.2,65.4,0.996001,3.18,0.35,10.197059809
7.08,0.282,0.14,12.86,0.046,36.6,133.7,0.997195,3.09,0.31,9.098583498
6.54,0.406,0.24,8.65,0.043,18.2,57.6,0.996004,3.34,0.44,10.917521982
6.28,0.38,0.11,3.59,0.076,13.8,71.0,0.993664,3.23,0.37,10.462599478
8.23,0.347,0.44,6.97,0.041,30.0,80.7,0.995587,2.97,0.35,9.732527973
7.31,0.315,0.02,3.91,0.043,35.9,129.5,0.992785,3.22,0.38,11.815119759
6.21,0.207,0.57,7.85,0.028,42.4,211.0,0.992988,3.14,0.33,10.416934159
9.59,0.3,0.57,1.23,0.126,5.2,6.0,0.998458,3.27,1.65,9.620620332
7.3,0.518,0.37,4.64,0.033,32.2,140.4,0.99127,3.05,0.35,13.303035024
9.49,0.286,0.45,0.98,0.044,20.9,59.0,0.995384,3.39,0.87,9.974241945
7.87,0.603,0.16,2.53,0.082,25.5,51.0,0.995586,3.46,0.38,10.986158321
6.94,0.244,0.39,13.62,0.043,58.9,207.3,0.996947,3.0,0.45,9.690568455
7.31,0.275,0.52,6.73,0.071,45.8,148.5,0.996493,3.2,0.48,9.259361968
5.94,0.162,0.18,3.06,0.045,12.5,67.2,0.990692,3.15,0.32,11.298952008
9.53,0.627,0.35,2.29,0.058,6.1,6.0,0.994864,3.11,0.5,10.72901345
5.54,0.611,0.02,0.61,0.047,33.5,82.2,0.98711,3.28,0.5,14.772647366
7.23,0.279,0.35,15.06,0.038,51.7,156.8,0.995936,3.26,0.33,11.821813591
5.61,0.237,0.27,13.22,0.044,73.3,331.1,0.994351,2.99,0.32,8.911531153
8.46,0.29,0.41,1.42,0.087,24.9,95.8,0.997149,3.13,0.49,9.326082212
6.2,0.189,0.28,4.16,0.045,28.7,139.0,0.995749,3.45,0.77,9.648229804
7.0,0.208,0.33,9.87,0.034,27.0,65.8,0.995152,3.08,0.31,11.468554629
5.0,0.467,0.13,4.92,0.048,35.2,123.5,0.99227,3.41,0.49,10.448371887
6.11,0.677,0.14,0.81,0.062,30.8,67.1,0.988916,3.16,0.31,11.001162175
9.53,0.605,0.22,7.59,0.035,3.2,24.1,0.992595,2.99,0.32,14.9
5.87,0.191,0.3,1.2,0.016,38.5,137.5,0.989725,3.31,0.74,11.197875745
5.32,0.18,0.27,4.53,0.041,31.0,159.8,0.993516,3.3,0.45,9.641770281
5.88,0.223,0.24,1.68,0.066,28.6,77.4,0.99245,3.23,0.44,10.037837468
7.92,0.413,0.14,2.36,0.071,13.1,98.7,0.995623,3.23,0.74,10.3778115
5.73,1.08,0.12,16.11,0.055,47.5,114.3,0.996867,3.29,0.41,10.101394074
7.23,0.154,0.56,7.8,0.032,29.4,158.2,0.99247,2.92,0.32,11.158283754
7.08,0.319,0.43,6.46,0.04,40.9,175.4,0.997022,3.28,0.35,9.231740681
6.34,0.194,0.49,3.87,0.075,44.1,152.9,0.99538,3.21,0.51,9.089515057
6.77,0.4,0.31,3.97,0.06,25.7,101.8,0.995164,3.39,0.68,10.13769339
8.11,0.628,0.26,1.53,0.06,8.5,80.1,0.993498,3.51,1.45,12.447613646
6.65,0.182,0.55,20.73,0.039,73.5,196.1,0.993649,2.88,0.31,9.737941076
6.43,0.535,0.06,4.26,0.135,31.0,107.8,0.996818,3.29,0.57,9.046991189
10.94,0.305,0.27,2.46,0.046,12.0,17.5,0.99784,2.99,0.55,9.688757667
8.04,0.437,0.23,8.38,0.04,7.1,72.8,0.996928,3.18,0.35,10.833558005
7.77,0.411,0.21,3.03,0.044,28.3,78.8,0.995059,3.44,0.41,10.337586237
6.89,0.211,0.29,3.24,0.042,8.7,43.6,0.992769,3.32,0.33,11.442686739
7.3,0.432,0.31,2.17,0.07,31.7,106.6,0.993974,3.21,0.67,10.940588183
6.21,0.189,0.43,5.94,0.027,41.5,183.5,0.993529,3.37,0.64,10.331075946
6.27,0.342,0.03,2.53,0.065,21.7,16.9,0.994731,3.35,0.63,10.262358142
8.46,0.231,0.43,1.29,0.038,25.1,102.6,0.990853,3.26,0.33,11.78861639
7.15,0.313,0.26,6.93,0.087,11.1,63.7,0.998454,3.03,0.8,8.884226225
8.44,0.187,0.54,6.77,0.046,79.2,222.9,0.996324,3.09,0.8,9.946451347
5.63,0.429,0.27,7.64,0.097,27.0,126.8,0.993313,3.19,0.39,10.430414545
6.3,0.431,0.1,1.34,0.052,11.1,38.5,0.993375,3.51,0.36,11.216448794
9.03,0.407,0.34,5.1,0.079,8.3,82.8,0.996906,3.21,1.08,11.451233417
8.26,0.748,0.31,2.85,0.092,15.8,49.4,0.997224,3.35,0.97,9.791501448
7.02,0.505,0.36,1.99,0.059,19.6,95.9,0.995155,3.42,0.49,9.915008868
5.99,0.246,0.19,4.51,0.047,43.4,87.4,0.992718,3.39,1.34,11.150865254
8.17,0.316,0.35,4.43,0.059,6.6,10.2,0.99434,3.05,0.53,11.414795072
8.2,0.301,0.36,2.76,0.082,14.7,84.4,0.997222,3.16,0.35,9.305459929
6.59,0.377,0.29,10.68,0.088,21.6,167.4,0.998608,3.24,0.33,8.738116496
9.26,0.253,0.53,5.15,0.099,17.5,65.1,0.99926,3.12,0.66,9.211225413
6.24,0.304,0.29,2.04,0.038,17.3,94.7,0.991139,3.2,0.63,11.875079346
7.32,0.206,0.2,2.15,0.027,20.5,63.4,0.990581,3.08,0.37,11.016098949
7.72,0.239,0.43,4.87,0.062,24.4,90.3,0.995929,3.14,0.42,9.963016708
8.55,0.375,0.65,1.52,0.041,28.9,38.6,0.991149,3.24,0.89,12.360604974
8.99,0.353,0.34,1.58,0.069,9.0,12.8,0.99278,3.04,0.54,11.259712981
6.52,0.348,0.12,2.83,0.024,67.6,121.9,0.991431,3.26,0.42,11.718037006
5.95,0.295,0.43,7.2,0.062,32.9,128.0,0.993827,3.02,0.86,10.962443542
7.36,0.419,0.17,7.31,0.082,29.6,48.2,0.99696,3.4,0.35,12.086227789
8.77,0.623,0.37,1.05,0.079,5.7,50.9,0.995167,3.07,0.49,9.978596398
6.16,0.277,0.31,3.4,0.019,29.1,127.7,0.992228,3.25,0.32,10.872149667
8.18,0.295,0.5,7.58,0.104,6.6,85.7,1.001313,3.38,0.53,8.868544674
6.76,0.108,0.75,4.38,0.02,76.3,208.3,0.991773,2.93,0.31,9.989036858
10.21,0.344,0.63,6.2,0.075,28.1,76.1,0.999175,3.03,0.67,8.768336698
6.81,0.275,0.49,3.55,0.034,9.9,72.9,0.995359,3.46,0.38,10.283760853
6.59,0.21,0.3,12.25,0.019,20.5,87.8,0.993259,3.13,0.37,11.545269266
5.32,0.307,0.16,13.53,0.038,35.7,174.0,0.995614,3.29,0.36,9.095800356
7.33,0.285,0.27,2.32,0.074,46.7,134.2,0.99476,3.41,0.9,11.124389977
6.18,0.404,0.18,3.23,0.051,57.9,145.2,0.995106,3.41,0.35,9.478005946
6.86,0.362,0.28,1.32,0.041,47.2,90.7,0.993374,3.3,0.83,10.685368413
5.68,0.248,0.22,2.04,0.035,34.7,93.3,0.990902,3.37,0.31,10.516936428
5.82,0.483,0.16,11.52,0.064,60.5,188.6,0.992921,3.16,0.37,10.971409784
6.94,0.645,0.11,3.91,0.091,32.7,138.9,0.995912,3.36,0.44,10.12032035
8.67,0.457,0.4,0.76,0.05,8.1,8.4,0.99157,3.22,0.53,12.907465506
6.64,0.59,0.25,9.27,0.093,38.9,112.7,0.999276,3.38,0.41,9.089105832
5.49,0.451,0.22,2.96,0.048,42.9,82.8,0.991104,3.21,0.48,12.555562216
6.27,0.5,0.23,2.87,0.081,21.1,57.2,0.995516,3.49,0.43,10.337963089
8.09,0.407,0.29,2.55,0.114,12.1,121.8,0.996445,3.2,0.81,9.096286638
7.18,0.46,0.28,3.73,0.076,15.6,92.6,0.99225,3.01,0.32,11.421729045
6.55,0.285,0.43,5.43,0.089,19.3,96.4,0.99715,3.34,0.63,9.140162716
10.3,0.521,0.37,4.11,0.099,20.1,125.6,0.999576,3.05,0.9,10.003971021
6.14,0.27,0.32,19.96,0.086,75.6,216.6,1.001517,3.34,1.19,8.91363351
7.15,0.542,0.07,9.57,0.046,48.4,210.2,0.993788,3.12,0.35,11.287431475
6.95,0.488,0.06,4.82,0.138,13.5,86.8,1.000794,3.2,0.95,8.411063037
5.34,0.601,0.18,13.99,0.037,37.2,191.1,0.992219,3.2,0.32,13.227919469
7.51,0.298,0.17,5.49,0.041,42.3,142.0,0.994359,3.13,0.34,10.830032896
7.56,0.354,0.5,2.75,0.035,32.6,140.0,0.992516,3.21,0.35,11.003207703
6.42,0.302,0.33,3.64,0.109,56.0,135.6,0.994552,3.29,0.79,10.744070419
8.62,0.282,0.36,1.79,0.05,43.5,150.2,0.991127,3.09,0.37,12.078358718
6.92,0.181,0.34,5.26,0.029,14.6,128.4,0.993414,3.04,0.32,10.426236368
9.7,0.506,0.39,2.16,0.1,7.0,7.7,1.000029,3.61,0.98,11.831685303
7.89,0.19,0.6,11.69,0.066,44.7,131.8,0.997566,3.02,0.34,8.934795023
6.81,0.39,0.39,11.22,0.038,20.4,91.2,0.993031,3.33,0.34,12.613614505
8.05,0.404,0.38,21.06,0.045,44.7,148.5,0.999397,2.94,0.67,10.011077812
7.0,0.355,0.34,0.61,0.069,12.4,47.0,0.990429,3.55,0.82,13.031969806
7.95,0.314,0.27,4.53,0.116,10.2,117.4,0.997229,3.28,0.31,10.002717294
7.23,0.142,0.4,13.33,0.025,40.1,193.2,0.995316,2.98,0.37,9.557975768
5.63,0.281,0.08,1.33,0.085,39.9,103.6,0.996117,3.61,0.73,9.158849977
5.88,0.127,0.19,4.51,0.015,64.6,192.3,0.991365,3.23,0.31,11.360073379
6.23,0.276,0.36,2.09,0.054,37.6,108.0,0.991197,3.41,0.45,12.410677858
7.46,0.291,0.32,1.5,0.042,30.0,91.8,0.992383,3.29,0.37,12.028322892
7.08,0.616,0.41,5.76,0.062,29.5,155.0,0.99821,3.33,0.46,9.066466183
7.24,0.401,0.35,0.69,0.039,9.9,47.3,0.990073,3.31,0.36,12.657707102
5.95,0.348,0.36,3.94,0.019,44.0,121.7,0.989546,3.15,0.35,12.199466007
7.14,0.236,0.05,6.03,0.083,65.4,205.5,0.996554,3.13,0.32,9.570420532
6.57,0.431,0.34,2.24,0.052,28.7,98.7,0.990273,3.13,0.46,12.376458694
6.7,0.45,0.61,5.18,0.053,30.3,169.2,0.993836,3.28,0.36,11.15801515
7.16,0.361,0.24,9.68,0.036,40.3,186.6,0.995574,2.96,0.56,9.832298901
5.45,0.194,0.26,0.74,0.026,14.4,109.3,0.987723,3.19,0.54,12.847785065
10.76,0.413,0.61,0.94,0.066,3.4,19.1,0.994133,3.08,0.69,11.436392049
6.88,0.217,0.41,12.88,0.043,47.1,179.2,0.99637,3.22,0.49,10.547904567
6.95,0.338,0.5,7.32,0.026,39.4,210.0,0.993677,3.3,0.42,11.435152911
5.94,0.192,0.23,3.94,0.044,20.4,178.2,0.989837,3.11,0.32,11.755471008
7.03,0.307,0.26,12.98,0.059,17.8,139.9,1.001508,3.25,1.09,8.420585951
8.55,0.296,0.25,2.11,0.043,5.1,89.5,0.992607,3.09,0.52,10.914313552
6.59,0.196,0.18,2.36,0.023,25.1,73.6,0.987769,3.17,0.32,14.648307652
7.15,0.356,0.46,4.8,0.071,36.5,158.7,0.997032,3.17,0.45,9.861063526
6.63,0.367,0.39,3.62,0.065,9.0,85.4,0.995122,3.27,0.44,11.761300066
9.85,0.296,0.37,17.65,0.035,48.6,167.6,0.99887,3.08,0.58,9.539831946
6.86,0.495,0.11,10.87,0.113,41.4,111.1,0.996445,3.12,0.39,10.200028771
8.67,0.253,0.36,8.47,0.082,47.1,161.0,0.996344,3.08,0.71,10.2130323
8.61,0.163,0.49,3.18,0.04,57.8,118.0,0.99267,3.11,0.42,11.743974609
6.87,0.184,0.34,3.02,0.055,15.4,61.7,0.993293,3.19,0.53,12.195512316
5.39,0.219,0.26,0.99,0.033,39.1,101.9,0.988692,3.36,0.49,13.181408493
7.92,0.898,0.13,1.54,0.09,28.3,78.0,0.993765,3.38,0.99,12.358157138
5.86,0.201,0.29,23.0,0.042,46.5,221.2,0.998988,3.09,0.42,8.602691311
6.82,0.261,0.24,4.88,0.068,20.5,98.2,0.995647,3.05,0.35,9.380176664
5.43,0.143,0.46,7.58,0.022,51.8,201.5,0.991285,3.14,0.44,10.977948471
7.14,0.305,0.54,6.95,0.045,51.4,134.5,0.996346,3.21,0.38,10.570365936
6.15,0.259,0.36,8.83,0.025,14.2,115.4,0.995431,3.27,0.35,10.449761111
9.08,0.423,0.38,2.44,0.051,23.0,64.1,0.992535,3.13,0.58,12.237865776
10.12,0.313,0.41,5.19,0.058,37.2,141.5,0.998937,3.08,0.57,9.105770194
5.99,0.238,0.3,5.22,0.042,53.2,156.1,0.994911,3.38,0.32,10.256288006
6.8,0.345,0.26,2.11,0.04,23.1,86.7,0.993513,3.47,0.46,11.965170081
6.73,0.208,0.33,1.97,0.108,50.7,153.8,0.996471,3.34,0.33,9.410323982
7.23,0.177,0.35,1.25,0.037,59.8,172.1,0.992792,3.15,0.8,9.457962739
5.42,0.211,0.24,8.6,0.024,51.6,240.9,0.993828,3.17,0.33,9.498526595
6.85,0.315,0.25,5.85,0.019,38.9,198.9,0.991065,3.05,0.35,11.275551223
7.96,0.61,0.19,1.57,0.064,7.0,48.5,0.995558,3.42,0.38,10.054492531
6.14,0.433,0.41,13.21,0.05,28.7,120.6,1.002703,3.54,0.46,8.646875399
6.48,0.398,0.15,2.47,0.036,36.5,64.7,0.991327,3.22,0.4,12.072163497
7.19,0.323,0.71,1.11,0.068,16.2,94.2,0.993126,3.39,0.73,11.156644797
7.18,0.302,0.4,1.74,0.078,9.2,61.9,0.994283,3.24,0.69,10.147322615
7.98,0.556,0.2,15.03,0.055,18.6,137.3,1.001579,3.12,0.34,8.618700811
8.21,0.24,0.35,4.8,0.1,81.9,238.4,0.997131,3.21,0.42,8.682994561
6.7,0.351,0.44,10.53,0.086,61.6,182.0,1.001678,3.28,0.76,8.396870868
6.65,0.136,0.54,5.39,0.031,44.2,154.9,0.992536,3.0,0.31,10.208719341
9.89,0.26,0.38,21.43,0.113,55.1,161.1,1.001187,2.89,0.6,9.16955665
5.48,0.209,0.37,9.95,0.035,61.0,209.8,0.996834,3.4,0.51,9.305323792
9.17,0.697,0.34,5.02,0.034,13.4,45.5,0.996969,3.46,0.39,11.368467724
5.12,0.237,0.26,2.37,0.047,59.9,194.1,0.993341,3.43,0.4,10.433310119
9.58,0.44,0.35,1.35,0.067,37.3,163.0,0.99431,3.11,0.64,9.960220572
8.69,0.134,0.41,10.12,0.06,41.9,182.8,0.998842,3.13,0.5,9.02528033
7.2,0.362,0.32,0.85,0.038,18.9,39.9,0.990469,3.17,0.47,11.168929653
6.73,0.558,0.11,4.04,0.018,17.1,114.0,0.992565,3.22,0.31,10.820685499
7.46,0.474,0.1,0.71,0.051,7.9,24.1,0.991687,3.47,1.11,11.700890229
7.94,0.411,0.42,0.94,0.063,19.2,63.1,0.995635,3.25,0.48,9.745369647
7.22,0.184,0.43,12.53,0.067,21.7,139.8,0.998881,3.14,0.57,9.0402777
6.15,0.238,0.41,2.07,0.04,26.3,133.7,0.988868,3.15,0.31,13.190742194
5.79,0.28,0.25,1.77,0.041,27.8,171.2,0.993528,3.4,0.63,9.731553975
8.08,0.592,0.18,5.84,0.074,12.1,46.3,0.998842,3.41,0.66,10.087424228
6.91,0.572,0.37,2.71,0.123,23.3,97.3,0.994067,3.22,0.55,10.613496922
8.98,0.436,0.33,1.75,0.097,9.2,6.0,0.998746,3.39,1.37,10.638750987
6.79,0.232,0.43,13.03,0.088,25.0,120.7,0.99962,3.36,0.58,8.83398231
6.9,0.194,0.24,1.65,0.078,45.5,187.4,0.99369,3.08,0.34,9.04971772
6.6,0.3,0.33,2.91,0.033,21.8,109.9,0.993366,2.98,0.32,9.279306207
7.2,0.142,0.41,2.15,0.087,33.7,106.8,0.993819,3.08,0.57,9.48622749
7.54,0.372,0.27,9.97,0.061,21.0,190.1,0.997111,3.05,0.8,10.11740275
6.55,0.24,0.27,1.66,0.068,24.1,175.0,0.992102,3.36,0.31,11.466984913
6.82,0.245,0.56,7.94,0.055,22.7,137.5,0.996656,3.49,1.24,10.7786892
7.66,0.478,0.3,7.15,0.052,26.5,71.2,0.997304,3.26,0.66,10.211383073
9.27,0.403,0.39,2.79,0.035,12.1,115.5,0.996306,3.15,0.6,10.521026642
6.47,0.23,0.22,1.27,0.055,19.3,50.3,0.990232,3.18,0.37,10.875262354
5.9,0.461,0.11,23.75,0.033,47.1,222.9,0.996584,3.0,0.36,9.832541751
5.45,0.418,0.02,1.81,0.047,10.9,64.8,0.993406,3.29,0.53,10.545740607
5.98,0.151,0.28,13.2,0.039,67.4,255.5,0.99871,3.24,0.51,8.3012825
6.86,0.226,0.43,4.81,0.025,68.7,202.1,0.991172,3.13,0.8,11.576339328
7.05,0.323,0.14,5.24,0.048,8.5,23.0,0.994259,3.2,0.39,11.096161073
5.99,0.225,0.27,2.46,0.063,42.2,146.5,0.992032,3.09,0.69,11.011668665
7.19,0.691,0.15,2.97,0.059,11.8,20.4,0.996431,3.32,0.61,10.249551436
7.35,0.588,0.18,1.86,0.075,9.0,45.8,0.992952,3.3,0.35,12.455181772
5.81,0.137,0.42,0.94,0.02,30.7,199.2,0.987739,3.15,0.37,11.799548208
6.03,0.489,0.32,10.2,0.052,37.0,151.1,0.993962,3.11,0.38,10.186059836
7.53,0.549,0.45,9.75,0.057,40.0,135.9,1.001886,3.4,0.51,8.889294204
8.35,0.268,0.55,9.63,0.029,43.2,120.6,0.996649,3.25,0.39,10.581343539
7.48,0.76,0.26,1.11,0.105,31.6,112.5,0.991908,3.13,1.01,10.892840217
5.89,0.128,0.07,3.55,0.031,52.4,156.0,0.993107,3.23,0.51,10.128815185
6.3,0.582,0.12,14.28,0.045,15.5,132.6,0.998237,3.31,0.4,9.25270586
6.5,0.313,0.22,23.29,0.076,44.1,181.0,1.000343,3.35,0.36,8.98689332
6.05,0.344,0.3,2.01,0.112,24.5,84.4,0.997518,3.4,0.52,9.095337825
6.87,0.278,0.48,3.06,0.082,18.1,119.2,0.997332,3.49,0.51,9.845596164
6.79,0.277,0.53,5.38,0.038,30.0,159.7,0.994167,3.21,0.67,10.803650702
8.46,0.514,0.33,6.18,0.083,29.5,101.3,0.996513,3.14,0.47,9.727096672
7.66,0.451,0.3,8.88,0.062,20.6,184.8,0.996984,3.33,0.33,9.707792275
7.13,0.299,0.41,3.57,0.034,51.0,141.1,0.994999,3.2,0.45,9.731498901
7.07,0.292,0.26,0.73,0.045,7.4,28.9,0.993395,3.52,0.52,10.778238356
6.88,0.514,0.16,1.47,0.066,10.2,59.9,0.99267,3.03,0.52,10.144982946
4.95,0.221,0.25,3.9,0.023,78.6,206.1,0.993213,3.43,0.39,9.773437983
6.46,0.478,0.32,8.5,0.034,51.3,171.9,0.995079,3.2,0.51,9.684328465
6.57,0.552,0.07,13.51,0.04,14.1,59.6,0.998193,3.16,0.81,9.084490359
9.2,0.696,0.35,6.44,0.067,17.2,142.3,0.996467,3.08,0.31,10.47377885
5.45,0.315,0.29,0.92,0.049,33.2,161.3,0.989873,3.18,0.42,10.040675095
9.71,0.842,0.17,12.73,0.058,25.4,66.2,0.998771,3.11,0.52,10.378142073
4.6,0.134,0.32,15.13,0.026,48.1,196.6,0.992185,3.19,0.46,9.977311135
6.82,0.271,0.16,3.47,0.053,35.2,69.0,0.99489,3.12,0.54,8.950763458
9.47,0.654,0.31,4.51,0.093,37.8,139.2,1.00108,3.07,0.44,8.545462158
9.43,0.506,0.3,13.03,0.078,13.9,197.7,1.001018,3.24,0.37,9.3272661
7.48,0.423,0.21,1.37,0.072,16.4,56.1,0.99398,3.3,0.62,9.956327221
5.88,0.317,0.31,0.82,0.046,19.6,54.4,0.989094,3.07,0.47,11.933279121
7.56,0.186,0.18,5.27,0.02,30.3,102.4,0.993843,3.02,0.34,9.838729313
6.91,0.513,0.23,6.29,0.068,23.0,181.9,0.99576,3.29,0.58,10.400495228
8.36,0.307,0.36,9.62,0.042,68.5,200.4,0.996375,3.19,0.38,10.843472693
6.5,0.361,0.27,11.95,0.076,71.0,179.6,0.995612,3.16,0.31,10.126447251
9.29,0.4,0.24,3.72,0.09,34.8,95.4,0.997514,3.02,0.74,9.457965105
6.96,0.549,0.34,1.97,0.091,10.0,56.4,0.993728,3.32,0.33,9.986059831
5.75,0.332,0.17,8.28,0.034,16.9,99.5,0.99578,3.22,0.35,8.877071764
10.7,0.279,0.35,9.81,0.095,24.0,64.7,1.000429,3.13,0.34,9.801305979
7.95,0.225,0.44,6.05,0.081,12.0,82.5,0.998464,3.29,0.42,9.72950119
7.95,0.21,0.37,1.37,0.038,69.7,155.9,0.990268,3.05,0.4,11.853493318
6.04,0.225,0.51,1.18,0.042,40.0,129.0,0.991966,3.27,0.47,10.636340058
6.55,0.178,0.46,2.89,0.024,41.2,146.7,0.990121,3.17,0.31,12.3027709
7.06,0.508,0.2,1.22,0.047,22.0,99.8,0.993588,3.11,0.36,9.831029827
6.84,0.261,0.48,0.78,0.068,10.1,42.8,0.99009,3.31,0.32,13.6654924
7.7,0.441,0.12,1.04,0.033,28.2,109.0,0.993137,3.27,0.45,10.632230048
8.36,0.32,0.33,8.81,0.051,15.7,105.9,0.995745,3.0,0.33,9.86923454
8.41,0.276,0.3,5.58,0.026,44.0,137.5,0.992839,2.95,0.63,11.145989552
5.6,0.196,0.48,4.5,0.027,71.7,243.2,0.993551,3.14,0.45,9.251698165
7.34,0.538,0.09,2.73,0.054,17.2,112.1,0.996651,3.06,0.68,9.153270217
7.47,0.14,0.53,13.56,0.045,32.3,117.9,0.999003,3.23,0.78,9.479708959
6.47,0.427,0.31,0.85,0.061,17.7,82.0,0.989286,3.26,0.56,13.331466177
5.49,0.363,0.18,5.4,0.038,48.6,179.9,0.991657,3.26,0.39,11.633099093
6.51,0.409,0.15,0.91,0.045,13.6,24.9,0.989469,2.98,0.4,12.429783566
7.81,0.429,0.27,6.8,0.115,38.4,111.7,0.996723,3.11,0.47,9.422432275
6.35,0.34,0.41,1.37,0.062,53.1,134.8,0.993181,3.46,0.83,10.35898172
6.47,0.42,0.2,8.77,0.052,29.7,118.2,0.998246,3.3,0.34,9.302025259
6.17,0.2,0.25,5.83,0.024,36.0,129.2,0.995109,3.32,0.35,10.167995119
7.89,0.385,0.34,7.56,0.063,21.8,139.7,0.996884,3.15,0.47,10.094093346
6.4,0.249,0.41,4.23,0.072,21.2,155.6,0.996854,3.4,0.37,9.565914417
7.35,0.453,0.37,5.17,0.051,50.1,146.3,0.997946,3.49,0.49,9.575376434
6.21,0.201,0.33,0.98,0.034,6.9,59.3,0.988819,3.21,0.32,12.375158064
7.61,0.422,0.4,8.86,0.079,50.6,189.8,0.999184,3.02,0.73,8.889405271
9.3,0.551,0.36,5.19,0.081,27.4,80.7,0.998305,3.33,1.15,10.319894167
8.5,0.468,0.15,1.22,0.05,13.8,28.7,0.995736,3.4,0.43,10.889257275
8.15,0.282,0.52,1.71,0.052,33.3,153.5,0.99168,3.01,0.64,11.253461329
6.1,0.63,0.37,1.11,0.044,41.7,106.6,0.993186,3.38,0.38,9.736732945
6.48,0.176,0.52,1.01,0.05,65.1,167.6,0.991382,3.25,0.44,10.570436182
7.95,0.478,0.23,7.46,0.098,35.1,156.5,0.997309,3.26,0.75,10.834673758
7.23,0.471,0.27,2.14,0.037,32.6,92.1,0.991364,3.19,0.32,12.339494467
10.0,0.351,0.49,1.47,0.065,3.3,36.7,0.996273,3.01,0.37,9.615970826
7.57,0.258,0.52,8.98,0.053,8.4,117.3,0.99656,2.94,0.37,8.936808894
6.25,0.166,0.15,2.6,0.036,44.0,175.6,0.991195,3.15,0.63,10.228502805
7.79,0.357,0.35,0.96,0.044,21.8,68.3,0.992632,3.42,0.64,11.364068693
9.35,0.339,0.32,12.16,0.104,16.2,136.6,1.002309,3.12,0.7,8.656290398
7.06,0.418,0.23,2.62,0.039,36.3,126.3,0.992838,3.3,0.54,10.502602379
6.19,0.171,0.53,11.8,0.039,26.5,169.5,0.995879,3.4,0.37,10.211335151
10.0,0.263,0.53,1.14,0.07,10.8,125.2,0.995725,2.98,1.11,9.681816568
6.95,0.41,0.19,5.1,0.101,28.3,84.2,0.999501,3.37,0.46,9.041542519
6.47,0.226,0.33,4.89,0.046,38.4,157.7,0.996045,3.54,0.33,9.502577767
6.03,0.407,0.14,0.78,0.076,5.9,6.0,0.992184,3.36,0.49,11.198547504
6.43,0.098,0.34,2.4,0.036,29.9,77.1,0.990775,3.34,0.39,11.004351805
6.23,0.469,0.06,9.46,0.045,23.6,96.6,0.995608,3.29,0.43,11.076991121
7.63,0.351,0.24,4.13,0.051,17.1,71.7,0.995661,3.23,0.55,10.193339203
6.32,0.237,0.5,1.77,0.051,26.5,164.7,0.991572,3.27,0.5,12.481282734
7.22,0.431,0.26,28.99,0.038,33.5,118.0,1.00108,3.23,0.54,10.246119959
8.83,0.246,0.48,2.02,0.122,18.7,115.3,0.99801,2.97,0.7,9.067892963
5.81,0.339,0.39,3.66,0.04,37.9,130.1,0.99152,3.18,0.31,10.580300353
7.12,0.343,0.29,3.07,0.046,36.2,70.9,0.995816,3.38,0.52,9.560668767
6.18,0.181,0.55,3.76,0.048,44.6,208.1,0.993218,3.14,0.71,9.214890935
4.93,0.16,0.26,4.8,0.032,39.0,74.9,0.991213,3.37,0.76,11.425217985
8.19,0.231,0.48,4.08,0.068,50.5,152.8,0.996989,3.28,0.6,9.986822611
5.93,0.232,0.2,4.56,0.061,12.7,127.7,0.993767,3.16,0.37,10.78965675
6.29,0.46,0.24,4.08,0.052,47.0,142.1,0.992559,3.24,0.35,11.435603422
6.51,0.249,0.26,1.31,0.049,20.2,102.2,0.99198,3.22,0.73,10.929344742
7.51,0.23,0.57,4.33,0.034,15.6,142.1,0.99489,3.04,0.36,9.798027409
8.29,0.274,0.4,20.73,0.082,23.7,122.6,0.998379,2.98,0.4,10.591282723
9.14,0.31,0.33,1.16,0.064,11.5,6.0,0.993293,3.38,0.42,13.157291133
6.4,0.379,0.27,4.06,0.094,28.4,131.3,0.995318,3.15,0.6,9.380538395
7.69,0.495,0.23,1.36,0.05,47.4,148.3,0.99134,3.15,0.39,12.620355665
6.11,0.187,0.17,2.43,0.063,16.9,63.7,0.993242,3.18,0.78,10.127318297
5.58,0.436,0.0,1.82,0.043,41.4,67.7,0.994387,3.5,0.68,10.504313321
8.41,0.206,0.53,3.69,0.069,21.8,147.2,0.994872,3.25,0.32,10.809993722
8.38,0.281,0.36,10.42,0.047,30.4,86.9,0.997846,3.24,0.38,9.490457771
6.39,0.141,0.33,4.23,0.032,38.5,95.2,0.99221,3.28,0.33,10.118225173
6.36,0.33,0.18,4.71,0.034,11.6,124.6,0.993231,3.21,0.4,10.72072892
7.39,0.21,0.36,4.11,0.043,16.2,38.9,0.995622,3.32,1.74,9.943643823
8.93,0.296,0.43,1.99,0.068,13.7,124.9,0.995225,3.24,1.27,10.544036373
8.05,0.241,0.24,1.27,0.051,16.9,44.8,0.991314,3.01,0.34,11.710176933
6.94,0.473,0.17,1.67,0.1,16.6,127.9,0.997758,3.52,0.82,9.208768697
6.62,0.301,0.28,7.09,0.051,41.5,123.4,0.996743,3.31,0.36,9.412727325
5.64,0.319,0.33,1.61,0.051,26.6,168.8,0.990993,3.17,0.51,10.147427524
9.19,0.94,0.23,9.12,0.074,17.0,111.1,0.99608,3.08,0.51,11.6102309
7.34,0.557,0.54,8.88,0.068,26.0,201.5,0.998896,3.28,1.06,9.329295048
8.1,0.319,0.29,21.51,0.03,16.9,123.7,1.003645,3.15,0.6,9.017829652
6.34,0.176,0.41,0.85,0.029,15.0,94.1,0.989701,3.35,0.34,12.328396321
6.18,0.236,0.5,2.5,0.041,42.6,119.7,0.991001,3.23,0.37,11.609726406
6.39,0.352,0.17,1.59,0.072,2.9,59.6,0.994365,3.14,0.64,9.524797492
8.04,0.234,0.52,5.28,0.039,22.4,94.6,0.99502,3.1,0.62,10.368553457
8.01,0.461,0.12,3.89,0.103,24.0,121.1,0.997211,3.15,0.33,8.982520917
6.85,0.256,0.21,3.21,0.028,11.2,144.5,0.993983,2.97,0.57,9.070594421
6.23,0.498,0.15,1.1,0.051,4.6,18.2,0.993271,3.29,0.44,10.531127352
8.25,0.412,0.42,12.89,0.043,47.8,133.7,0.997973,3.13,0.58,9.742640044
6.58,0.394,0.06,3.51,0.06,38.3,86.2,0.992863,3.35,0.8,11.538142851
8.61,0.393,0.51,5.95,0.088,7.7,88.3,0.997263,3.06,0.56,10.092907913
7.22,0.491,0.33,14.1,0.075,40.2,152.5,0.99859,3.14,0.44,9.395256141
7.0,0.407,0.16,5.56,0.054,35.1,119.2,0.993172,3.25,0.32,12.218965582
9.88,0.17,0.49,5.65,0.047,76.6,156.0,0.99746,3.13,0.6,9.888488993
7.81,0.306,0.15,2.16,0.075,18.8,33.0,0.993621,3.34,0.34,11.570332302
7.12,0.252,0.42,2.32,0.065,24.2,80.6,0.992655,3.39,0.59,11.032778823
8.64,0.384,0.36,2.1,0.055,20.4,122.8,0.995821,3.12,0.99,9.532875085
7.0,0.227,0.25,1.92,0.07,9.7,70.3,0.992365,3.19,0.48,10.424299486
7.19,0.57,0.34,5.95,0.063,27.0,180.3,0.993562,3.36,0.34,11.982414471
9.69,0.398,0.12,4.68,0.056,19.0,51.9,0.996167,3.22,0.85,11.127645429
6.57,0.768,0.26,13.08,0.07,43.4,139.0,0.996824,3.15,0.49,10.201833955
8.01,0.781,0.16,3.73,0.047,6.4,45.7,0.995367,3.46,0.46,12.56889611
5.55,0.433,0.22,6.4,0.054,94.2,266.1,0.993538,3.21,0.57,9.572405895
6.26,0.351,0.13,3.9,0.049,16.3,67.8,0.995161,3.44,0.4,9.706177517
6.84,0.198,0.31,4.66,0.06,16.3,172.0,0.994844,2.96,0.68,9.410737191
7.33,0.21,0.55,2.45,0.037,59.3,166.8,0.994739,3.39,0.99,11.003717567
6.16,0.182,0.19,1.39,0.026,21.4,122.9,0.991757,3.14,0.31,10.41924177
7.47,0.324,0.34,4.34,0.032,26.6,97.2,0.990884,3.17,0.33,12.487779034
7.17,0.581,0.15,1.01,0.071,2.3,6.0,0.991515,3.26,0.38,10.940977344
4.79,0.324,0.18,5.28,0.051,66.9,213.3,0.993106,3.35,0.39,8.945696564
6.63,0.202,0.17,5.42,0.027,49.3,203.0,0.993378,3.24,0.5,9.737691472
7.15,0.408,0.09,5.37,0.091,8.9,109.0,0.99648,3.32,0.4,9.919949897
9.14,0.23,0.4,1.93,0.034,44.2,147.4,0.994209,3.28,0.44,10.595709802
6.39,0.295,0.41,7.75,0.067,20.3,131.3,0.995869,3.5,1.22,10.568027363
5.94,0.296,0.37,9.54,0.033,31.1,172.8,0.992698,2.95,0.65,11.030038148
6.27,0.247,0.34,15.86,0.045,17.1,54.9,0.995336,2.94,0.38,10.037591337
6.29,0.218,0.18,1.52,0.081,36.4,104.2,0.995102,3.39,0.86,9.131664007
6.9,0.893,0.26,1.1,0.099,7.4,35.6,0.993101,3.35,0.55,10.419597072
6.82,0.223,0.19,4.06,0.03,27.9,137.7,0.994041,3.14,0.84,9.908757717
7.63,0.123,0.7,3.31,0.08,36.0,100.4,0.996591,3.12,0.62,9.25089663
8.51,0.451,0.38,1.67,0.082,21.8,104.6,0.995341,3.18,0.56,10.454490707
7.59,0.318,0.21,4.87,0.036,43.5,139.0,0.99468,3.27,0.46,11.108042915
6.3,0.102,0.33,5.01,0.018,50.0,140.6,0.99325,3.27,0.57,10.792269119
6.34,0.418,0.22,10.46,0.056,15.5,96.2,0.99618,3.5,1.0,10.809696357
6.97,0.293,0.14,7.79,0.047,24.2,117.8,0.993912,3.15,0.44,9.58105614
6.61,0.525,0.22,0.91,0.053,18.4,83.2,0.992371,3.5,0.66,11.038687823
6.46,0.475,0.11,1.02,0.073,8.5,11.1,0.991837,3.4,0.86,10.856251019
9.11,0.221,0.48,3.26,0.089,46.0,169.1,0.994797,3.03,0.34,9.069332137
6.18,0.365,0.14,4.24,0.058,22.2,107.1,0.997282,3.48,0.9,9.223471622
8.77,0.207,0.51,1.06,0.049,10.6,6.0,0.993026,3.26,0.56,11.091940495
7.69,0.31,0.33,1.47,0.038,32.4,156.8,0.990159,3.15,0.63,13.186727378
6.01,0.435,0.08,4.09,0.036,9.4,66.7,0.991828,3.05,0.31,9.547908261
7.17,0.218,0.51,1.07,0.037,21.6,73.7,0.988769,3.03,0.66,12.742474977
5.65,0.456,0.23,6.77,0.035,61.5,141.4,0.992929,3.34,0.46,10.351492808
11.66,0.503,0.41,3.34,0.104,17.1,64.6,1.000285,3.08,0.59,9.104237822
8.29,0.236,0.51,2.95,0.044,6.3,82.0,0.993522,3.2,0.34,12.09846218
7.64,0.295,0.21,4.66,0.045,10.0,121.5,0.995225,3.14,0.33,9.726507975
6.95,0.278,0.4,7.73,0.02,63.4,172.5,0.995928,3.46,0.38,9.965445959
8.65,0.277,0.28,2.61,0.032,21.2,96.5,0.994486,3.04,0.7,10.808321182
6.89,0.477,0.28,1.07,0.086,3.1,30.9,0.995551,3.22,1.07,9.434977751
7.43,0.398,0.14,1.63,0.064,40.3,70.2,0.994728,3.32,0.32,11.065226943
7.52,0.258,0.21,3.16,0.057,19.0,98.8,0.994559,3.02,0.34,9.512965221
6.98,0.233,0.43,2.61,0.063,25.4,61.9,0.993131,3.27,0.41,11.768858614
5.62,0.361,0.16,1.94,0.067,34.3,133.3,0.994791,3.41,0.87,9.178823703
8.47,0.46,0.23,3.37,0.111,45.6,76.5,0.996597,3.07,0.74,11.020597697
5.97,0.286,0.38,9.23,0.043,70.1,200.1,0.995828,3.16,0.48,8.857922974
10.07,0.185,0.4,1.0,0.056,10.3,57.3,0.993912,3.1,0.38,9.87451172
7.46,0.158,0.49,4.25,0.019,49.1,121.5,0.991459,2.92,0.35,11.403416826
7.19,0.307,0.42,0.71,0.074,21.2,70.8,0.991013,3.43,0.94,11.4636822
8.26,0.262,0.18,7.97,0.055,34.6,158.4,0.998177,3.13,0.37,9.413882189
7.85,0.164,0.43,8.11,0.025,60.8,150.2,0.99493,2.96,0.33,9.901701496
7.9,0.248,0.48,5.05,0.056,35.4,160.7,0.997105,3.14,0.42,8.943983114
8.03,0.328,0.33,1.93,0.13,17.1,59.9,0.999273,3.26,0.51,9.174915765
8.24,0.464,0.47,5.76,0.044,47.1,73.2,0.992713,2.88,0.36,12.258343544
8.34,0.387,0.11,16.64,0.033,24.0,150.4,0.999266,3.26,0.48,9.756988877
9.26,0.463,0.31,1.61,0.088,8.2,50.7,0.998403,3.09,0.46,9.686651176
8.61,0.266,0.33,5.47,0.061,13.4,74.2,0.993798,3.16,0.34,12.730403203
6.28,0.662,0.28,4.13,0.11,10.8,50.4,0.997061,3.57,0.62,10.974115659
7.93,0.137,0.45,3.02,0.028,43.4,204.2,0.992696,3.16,0.38,11.59058266
7.94,0.266,0.57,4.43,0.07,31.0,133.3,0.996623,3.45,0.42,9.616702175
7.61,0.251,0.46,6.5,0.042,44.0,163.3,0.996632,3.47,0.96,10.070619007
6.88,0.265,0.24,5.59,0.048,22.0,143.2,0.994218,3.29,0.51,11.930221124
7.45,0.508,0.2,9.52,0.083,36.1,114.6,1.000103,3.25,0.42,8.856307015
9.68,0.221,0.34,2.67,0.059,1.6,59.9,0.997282,3.16,0.57,8.977160697
6.21,0.534,0.24,0.91,0.084,27.6,96.8,0.994011,3.31,1.11,10.658085729
6.12,0.171,0.28,1.92,0.07,44.7,95.4,0.995757,3.44,0.86,9.918126614
7.66,0.156,0.58,22.0,0.064,46.5,180.9,0.999457,3.17,0.59,9.68545637
6.87,0.2,0.68,16.16,0.012,62.3,180.5,0.991306,2.92,0.32,11.100059163
6.2,0.253,0.16,0.63,0.056,4.1,6.0,0.991076,3.44,0.33,9.77771855
7.29,0.766,0.07,4.39,0.079,19.4,59.5,0.994612,3.31,0.35,10.95914307
6.46,0.299,0.39,6.45,0.042,9.5,32.0,0.991037,3.15,0.42,12.137075843
8.55,0.236,0.55,2.29,0.073,35.3,92.5,0.998921,3.33,0.34,8.846841885
6.16,0.379,0.34,5.19,0.052,14.0,133.6,0.993271,3.13,0.34,11.165529308
6.98,0.214,0.33,2.37,0.068,15.2,53.3,0.990473,3.35,0.37,12.730674427
8.99,0.31,0.43,7.84,0.096,18.8,102.1,0.998757,2.88,0.51,9.359450059
5.74,0.247,0.24,19.71,0.066,89.9,223.8,0.997703,3.17,0.57,8.996093088
6.6,0.154,0.33,2.84,0.028,65.5,195.8,0.99162,3.01,0.33,10.090493378
10.93,0.289,0.25,1.65,0.071,10.6,6.6,0.995097,3.05,0.37,10.928510994
6.53,0.345,0.39,6.1,0.047,17.9,108.1,0.993943,3.07,0.37,10.261474732
8.31,0.244,0.27,8.75,0.054,24.7,121.1,0.996691,3.2,0.35,9.641290747
8.12,0.473,0.43,2.54,0.057,27.4,54.9,0.995654,3.23,0.38,10.370380387
6.1,0.286,0.21,2.39,0.059,31.8,71.2,0.995612,3.48,0.37,9.94861438
7.28,0.246,0.22,3.79,0.027,32.5,110.5,0.992495,3.46,0.32,12.531204422
8.65,0.556,0.0,10.41,0.082,34.1,160.2,0.996458,3.16,0.37,10.353153998
11.23,0.292,0.56,4.08,0.052,33.0,63.9,0.996756,3.29,0.98,11.224184935
6.83,0.214,0.47,1.85,0.035,39.4,182.7,0.990289,3.04,0.46,11.057851359
5.93,0.278,0.33,9.76,0.048,35.2,171.4,0.996767,3.12,0.34,9.124966656
7.85,0.426,0.6,1.65,0.077,17.1,82.8,0.995649,3.24,0.46,10.367661226
9.75,0.396,0.58,0.96,0.067,5.0,6.0,0.99669,3.26,0.49,12.037518348
10.32,0.362,0.42,2.3,0.078,30.2,97.2,0.996219,3.15,0.48,10.195900958
5.54,0.547,0.1,2.49,0.055,30.8,140.7,0.991209,3.35,0.37,10.607889503
7.03,0.179,0.47,2.52,0.043,20.3,139.5,0.993486,3.1,0.54,9.437476813
5.2,0.213,0.38,1.09,0.037,63.1,215.9,0.988242,3.44,0.69,13.214477645
6.9,0.474,0.17,3.3,0.049,38.2,133.5,0.994347,3.29,0.32,10.130972811
6.75,0.315,0.36,4.27,0.04,31.8,153.6,0.996569,3.37,0.51,10.603694044
4.59,0.351,0.11,3.66,0.02,41.8,155.2,0.988845,3.47,0.36,12.590425368
7.53,0.179,0.54,6.9,0.044,84.3,217.4,0.993617,2.98,0.33,10.653809536
6.66,0.369,0.3,6.87,0.048,34.2,186.3,0.995467,3.37,0.36,9.666493838
6.77,0.252,0.37,0.92,0.055,21.5,78.9,0.992639,3.4,0.43,10.495316804
8.27,0.158,0.3,6.06,0.05,17.2,107.2,0.994053,3.05,0.44,11.416014527
6.73,0.4,0.21,4.55,0.079,38.2,173.5,0.997461,3.28,1.05,8.705957043
7.26,0.487,0.42,2.97,0.083,14.9,54.1,0.994325,3.5,0.79,11.21425849
8.69,0.225,0.33,5.25,0.049,48.2,129.1,0.996685,3.12,0.55,10.170689958
6.86,0.249,0.35,1.48,0.105,14.5,102.9,0.994713,3.14,0.54,9.849299993
6.69,0.27,0.19,3.63,0.021,32.4,115.7,0.991118,3.16,0.52,12.223242638
7.07,0.34,0.24,5.97,0.076,20.5,60.0,0.99538,3.2,0.52,10.045356942
5.84,0.293,0.14,3.75,0.031,40.5,97.1,0.995822,3.57,0.57,9.793759217
6.15,0.355,0.16,1.67,0.033,14.5,105.7,0.991974,3.33,0.49,10.823746216
10.3,0.402,0.38,3.02,0.034,28.0,91.8,0.994819,3.02,0.43,11.116035007
6.85,0.545,0.43,6.48,0.063,15.0,85.7,0.994863,3.32,0.67,10.206294416
8.06,0.394,0.39,5.09,0.036,14.5,97.8,0.992874,3.21,0.46,12.726859648
5.64,0.179,0.39,11.49,0.027,22.3,139.9,0.993895,3.13,0.36,10.129880717
9.0,0.735,0.13,8.97,0.058,5.8,26.3,1.000058,2.96,0.53,9.700640919
8.93,0.731,0.31,3.73,0.123,11.5,82.1,0.998308,3.27,0.4,9.754751139
6.02,0.155,0.24,6.71,0.033,34.8,136.9,0.994607,3.29,0.54,9.643485853
7.57,0.156,0.27,1.68,0.036,49.8,151.5,0.991616,3.29,0.4,11.173097207
6.44,0.205,0.39,9.47,0.06,24.9,96.5,0.995979,3.37,0.62,10.157366843
7.64,0.326,0.25,7.77,0.071,39.2,138.3,0.998451,3.12,0.33,9.009574024
6.0,0.282,0.17,8.45,0.04,34.1,175.7,0.99483,3.05,0.72,9.669807846
6.15,0.258,0.35,5.61,0.045,14.0,133.2,0.993279,3.18,0.36,10.947168989
5.39,0.212,0.14,7.11,0.024,80.9,238.5,0.992659,3.18,0.38,10.703464261
7.66,0.276,0.25,22.7,0.037,59.3,139.5,0.999507,3.24,0.44,10.304857885
7.14,0.272,0.32,5.06,0.04,49.8,155.1,0.996125,3.2,0.57,9.848046782
12.03,0.519,0.52,0.73,0.091,17.4,38.6,0.997356,3.28,0.51,10.463496426
6.5,0.329,0.15,4.81,0.031,16.8,83.4,0.994886,3.46,0.83,11.971702946
6.56,0.394,0.25,1.88,0.069,16.3,36.5,0.993764,3.28,1.02,10.549168785
7.36,0.345,0.3,2.55,0.028,39.2,167.0,0.991621,3.21,0.76,11.682286185
12.15,0.314,0.79,5.45,0.07,10.4,99.7,0.997709,3.09,0.43,11.195742628
6.36,0.274,0.22,2.33,0.054,5.5,22.1,0.992624,3.15,0.76,11.221187403
6.46,0.802,0.11,4.32,0.105,34.0,85.3,0.994664,3.31,0.52,10.606198686
8.75,0.202,0.31,6.45,0.05,37.0,99.9,0.996984,3.31,1.09,11.036347958
7.47,0.439,0.19,1.25,0.086,10.0,58.1,0.994323,3.3,0.96,11.366471414
6.38,0.519,0.15,2.24,0.046,34.5,94.9,0.992055,3.14,0.74,10.404276722
6.78,0.424,0.1,0.73,0.051,34.0,83.5,0.992975,3.34,0.45,10.81665203
7.66,0.271,0.34,2.81,0.04,28.7,149.6,0.994331,3.16,0.35,9.865778718
7.08,0.425,0.0,4.23,0.125,14.0,47.7,1.00193,3.51,0.42,8.487124737
7.89,0.198,0.34,2.15,0.057,13.3,82.3,0.993331,3.24,0.48,11.37805257
6.8,0.14,0.41,1.39,0.024,33.6,120.1,0.990035,3.24,0.9,12.103179405
6.98,0.327,0.29,8.62,0.036,19.8,144.3,0.995509,3.15,0.35,10.092290938
6.26,0.607,0.12,1.53,0.043,28.1,74.0,0.992448,3.33,0.33,11.441748876
8.48,0.11,0.46,1.83,0.033,13.1,105.1,0.991968,3.02,0.32,10.414691288
7.59,0.275,0.5,9.77,0.093,41.0,109.9,0.998865,3.17,0.52,9.829138505
6.34,0.263,0.15,3.11,0.03,43.5,148.6,0.991195,3.31,0.37,10.955212242
9.8,0.651,0.37,3.84,0.095,12.1,57.5,0.998472,3.31,0.81,10.634454513
5.29,0.321,0.5,2.23,0.029,35.7,68.3,0.991524,3.51,0.71,11.172534217
9.3,0.281,0.67,1.13,0.025,13.0,88.0,0.992601,3.29,0.55,11.6584208
7.88,0.292,0.55,5.59,0.043,24.3,114.1,0.99701,2.97,0.55,9.272993494
8.13,0.519,0.33,8.35,0.049,60.9,213.6,0.996634,3.27,0.31,9.326464066
6.29,0.18,0.34,1.4,0.048,41.6,144.1,0.989354,2.9,0.31,11.71905548
10.51,0.354,0.34,1.24,0.052,23.1,71.3,0.993746,3.13,0.42,12.568798089
7.84,0.431,0.1,4.64,0.046,41.8,119.5,0.996754,3.26,0.35,9.562133601
5.85,0.198,0.28,2.85,0.03,46.1,168.6,0.989898,2.97,0.32,10.038455964
5.56,0.176,0.32,4.35,0.022,31.1,163.7,0.992695,3.57,0.44,10.317487029
9.3,0.622,0.33,1.04,0.072,1.9,6.0,0.995425,3.32,0.58,11.319355578
6.32,0.211,0.28,2.91,0.033,36.6,99.5,0.991642,3.2,0.45,11.607951197
6.68,0.425,0.39,2.7,0.056,33.3,106.6,0.995268,3.15,0.78,9.375390723
6.45,0.18,0.32,4.68,0.04,25.7,90.5,0.991387,3.1,0.51,11.825511611
8.14,0.242,0.52,3.62,0.063,49.4,143.0,0.993696,3.18,0.5,11.288379728
9.49,0.243,0.46,1.17,0.099,19.8,105.2,0.99645,3.22,0.67,9.683138505
7.61,0.467,0.32,5.44,0.076,38.0,59.8,0.998098,3.41,0.48,9.136179365
6.25,0.402,0.12,2.1,0.075,23.4,101.1,0.996118,3.62,0.74,10.524751201
7.15,0.291,0.35,3.0,0.034,17.1,35.0,0.993528,3.26,0.35,11.433660012
8.86,0.164,0.38,9.02,0.075,43.2,168.6,0.998943,3.2,1.87,9.51194461
7.43,0.44,0.18,2.75,0.019,20.5,102.4,0.994725,3.32,0.83,10.982957584
9.08,0.841,0.27,4.57,0.067,54.2,184.3,0.99689,2.74,0.39,8.89886969
8.54,0.254,0.39,1.33,0.063,16.9,84.7,0.993736,3.1,0.71,10.95279218
6.1,0.326,0.14,1.14,0.051,9.2,36.4,0.992083,3.52,1.63,12.94976638
7.05,0.415,0.39,5.87,0.059,14.4,120.2,0.996604,3.27,0.35,9.37699237
12.19,0.757,0.37,8.11,0.116,10.4,79.4,1.003014,3.17,1.74,9.505098701
8.05,0.243,0.53,9.3,0.017,31.0,146.7,0.992346,2.82,0.46,12.01182912
6.87,0.194,0.28,4.86,0.057,58.0,177.3,0.991309,3.09,0.32,11.147687723
9.4,0.409,0.29,2.68,0.106,12.7,59.0,1.001297,3.36,0.47,8.515577034
7.9,0.487,0.37,4.89,0.062,19.6,78.2,0.995719,3.05,0.59,9.574494915
9.48,0.221,0.56,4.35,0.023,10.2,70.2,0.992622,3.0,0.4,13.301043366
6.68,0.2,0.39,1.32,0.024,11.9,74.6,0.991533,3.11,0.61,10.812629062
7.25,0.256,0.32,2.54,0.085,10.7,100.3,0.994962,3.11,0.63,9.846091168
6.98,0.283,0.32,9.61,0.073,53.8,177.2,0.99977,3.4,0.53,8.868798472
7.07,0.361,0.34,8.86,0.072,42.3,122.6,0.995779,3.44,0.67,11.143509924
8.73,0.415,0.56,1.67,0.051,21.9,93.4,0.992865,3.08,0.37,11.784870454
8.1,0.336,0.56,4.06,0.041,19.1,112.2,0.994362,3.13,0.31,9.759524805
4.97,0.117,0.37,15.58,0.037,49.3,158.2,0.99733,3.3,0.35,8.749256085
10.06,0.456,0.53,0.73,0.114,4.7,6.0,0.994813,3.28,0.45,10.152458512
7.03,0.282,0.42,4.95,0.063,14.3,142.5,0.996119,3.25,1.19,10.239689578
8.86,0.18,0.51,5.97,0.079,31.0,145.6,0.995834,3.19,1.02,10.75262079
7.13,0.177,0.37,1.66,0.03,29.6,117.9,0.992664,3.27,1.6,11.391120558
7.89,0.343,0.46,9.51,0.066,63.6,202.9,0.997042,3.19,0.85,9.855583244
6.71,0.672,0.3,8.17,0.057,57.0,197.5,0.99349,2.94,0.35,10.981075532
7.78,0.536,0.2,2.03,0.073,9.6,15.3,0.99479,3.05,0.64,9.412616294
6.33,0.352,0.31,11.56,0.029,46.8,179.8,0.99462,3.18,0.32,10.259054774
7.39,0.329,0.34,0.87,0.037,23.3,62.4,0.991676,3.4,0.55,11.196464589
5.57,0.358,0.06,2.02,0.051,6.8,26.6,0.992267,3.26,0.37,10.872124032
7.41,0.482,0.24,1.76,0.091,10.5,23.5,0.997059,3.57,0.51,10.232972041
8.34,0.277,0.3,0.83,0.099,3.0,6.0,0.993128,3.3,1.01,11.215343025
7.38,0.241,0.17,1.83,0.033,30.1,63.5,0.992278,3.36,0.38,11.335720408
5.53,0.527,0.16,10.57,0.048,37.8,61.5,0.996973,3.43,0.55,10.421216149
5.19,0.349,0.15,6.51,0.058,39.6,101.4,0.991732,3.36,0.31,13.141881537
7.97,0.456,0.11,3.36,0.055,12.6,30.2,0.995523,3.34,0.4,11.552790608
6.54,0.329,0.34,5.47,0.066,10.1,111.5,0.994883,3.29,0.43,10.810097954
4.79,0.527,0.18,6.45,0.038,26.4,94.9,0.991677,3.27,0.33,9.779585121
9.4,0.256,0.65,5.87,0.045,37.2,149.0,0.998657,3.0,0.54,9.316470691
6.95,0.634,0.21,3.02,0.096,57.4,193.8,0.996624,3.45,0.44,8.855471706
8.09,0.32,0.29,1.39,0.04,32.3,82.0,0.99521,3.17,0.57,9.353896256
8.25,0.336,0.41,7.91,0.098,23.0,91.9,1.00013,3.32,0.77,10.083453919
6.04,0.196,0.46,13.77,0.045,52.3,205.8,0.995881,3.05,0.45,9.514432897
5.77,0.575,0.0,0.6,0.039,6.0,17.4,0.987885,3.6,0.32,12.071096944
5.86,0.373,0.05,4.12,0.034,18.6,54.7,0.993965,3.21,0.34,10.559899358
10.2,0.324,0.27,5.0,0.094,8.8,6.0,1.000318,3.13,0.35,9.25258328
6.34,0.227,0.26,11.1,0.049,38.9,104.4,0.999661,3.35,0.31,8.518312181
7.74,0.228,0.42,5.83,0.046,56.9,145.0,0.993583,3.03,0.31,10.343109805
6.79,0.27,0.32,3.8,0.059,18.0,56.2,0.991823,3.29,1.06,12.912047086
6.4,0.167,0.42,10.76,0.068,13.0,182.6,0.997248,3.11,0.62,8.497595687
5.86,0.262,0.17,21.55,0.054,51.4,168.5,0.998283,3.09,0.78,9.16490857
9.41,0.445,0.35,3.6,0.094,60.6,155.6,0.998413,3.38,0.4,9.493327463
6.49,0.3,0.22,1.4,0.052,32.7,140.6,0.989758,3.25,0.52,12.836919951
6.01,0.666,0.28,0.79,0.05,10.1,36.2,0.989601,3.59,0.33,12.215884256
7.77,0.372,0.34,0.66,0.078,11.7,32.8,0.992384,3.37,1.47,11.557655111
5.91,0.221,0.11,3.02,0.021,29.6,111.8,0.991653,3.28,0.34,10.457237493
7.41,0.276,0.3,1.8,0.06,34.0,146.1,0.991563,3.07,0.31,10.255262365
6.43,0.21,0.25,8.65,0.066,31.5,170.8,0.993436,2.83,0.68,9.304597791
8.02,0.551,0.28,7.87,0.058,12.2,99.0,0.997029,3.26,0.53,10.519200154
7.25,0.735,0.2,7.02,0.06,29.3,109.0,0.996351,3.34,0.38,11.109004558
6.52,0.183,0.35,13.25,0.097,37.7,142.6,0.998353,3.19,0.55,8.952613439
6.21,0.25,0.17,3.09,0.051,72.6,129.8,0.994887,3.52,0.38,10.584561437
5.31,0.374,0.12,13.95,0.061,51.2,161.5,0.996128,3.23,0.36,9.679747919
8.62,0.49,0.29,1.12,0.033,16.0,97.2,0.991502,3.09,0.58,12.770815253
8.42,0.209,0.41,18.26,0.044,27.3,81.8,1.000144,3.05,0.38,10.733219136
5.72,0.161,0.55,6.8,0.035,92.1,217.3,0.993455,3.38,0.66,9.652024807
6.15,0.185,0.58,9.81,0.04,44.6,208.1,0.994929,3.14,0.67,10.364334647
6.64,0.379,0.34,3.64,0.047,26.3,61.9,0.99564,3.25,0.45,9.693910457
6.25,0.225,0.21,1.46,0.088,68.8,134.5,0.9948,3.21,0.88,9.963436767
7.58,0.67,0.22,2.44,0.103,8.7,31.3,0.995384,3.4,0.35,11.225964694
7.46,0.16,0.38,5.32,0.058,55.6,120.7,0.992892,2.99,0.31,11.631953408
6.15,0.429,0.31,16.34,0.041,40.5,181.3,0.996204,2.92,0.33,9.211400095
7.86,0.916,0.22,6.53,0.052,19.1,129.3,0.99877,3.19,0.48,9.601458353
10.69,0.43,0.33,1.54,0.121,7.4,14.8,0.997581,3.01,0.34,10.161010617
7.55,0.131,0.43,0.65,0.083,31.1,61.3,0.990885,3.21,1.18,10.837981287
8.22,0.355,0.19,1.33,0.09,26.0,93.9,0.99686,3.32,0.43,10.021833588
6.15,0.136,0.28,5.91,0.014,42.9,225.9,0.991284,3.33,0.33,10.863618438
6.62,0.431,0.44,1.0,0.068,13.1,68.2,0.991727,3.25,0.34,11.822731684
7.07,0.176,0.35,7.53,0.041,55.7,161.5,0.994605,3.17,0.44,9.943792816
7.16,0.463,0.37,10.35,0.036,33.2,184.5,0.9937,2.95,0.31,10.286079096
6.46,0.275,0.17,4.62,0.051,36.5,80.0,0.993674,3.19,0.35,9.983380496
6.45,0.345,0.17,2.94,0.036,25.9,161.1,0.991733,3.03,0.35,10.856731228
5.86,0.126,0.29,16.4,0.045,84.1,232.3,0.995775,2.95,0.32,8.70785229
7.02,0.394,0.35,0.65,0.056,1.0,6.0,0.991212,3.55,0.68,12.492088519
10.0,0.433,0.13,3.34,0.079,11.1,64.2,0.998443,3.38,0.44,9.814511407
7.38,0.307,0.37,1.18,0.083,3.6,28.6,0.993411,3.35,0.64,11.588260172
7.11,0.287,0.35,2.19,0.051,30.6,100.2,0.993975,3.19,0.54,9.901742986
5.77,0.272,0.29,7.55,0.065,54.7,175.5,0.995817,3.23,0.35,9.092127454
5.42,0.154,0.28,1.93,0.022,56.7,163.2,0.989609,3.38,0.32,11.853852787
6.57,0.158,0.26,2.32,0.047,25.9,84.6,0.994162,3.27,0.33,9.421702242
8.43,0.167,0.68,1.22,0.071,7.9,84.4,0.99348,3.03,0.42,9.968046489
5.92,0.237,0.19,5.64,0.039,47.5,142.2,0.995522,3.53,0.57,9.690308543
7.15,0.228,0.47,15.78,0.037,48.7,244.3,0.996773,3.13,0.32,9.807131784
7.96,0.463,0.11,1.94,0.114,17.7,77.6,0.996719,3.13,0.56,9.323386258
7.41,0.3,0.31,1.53,0.063,13.7,79.3,0.993531,3.09,0.53,10.508756681
9.35,0.876,0.37,4.24,0.122,3.6,19.5,0.996996,2.97,1.02,10.423426442
7.74,0.243,0.47,16.5,0.065,25.9,138.1,1.000278,3.12,0.32,8.835087439
5.97,0.258,0.28,1.22,0.039,27.3,113.1,0.991964,3.43,0.47,11.536575233
7.09,0.166,0.37,0.69,0.044,21.8,116.0,0.991014,3.26,0.32,11.149122856
8.93,0.523,0.35,9.63,0.084,38.2,112.4,0.998026,3.16,0.39,10.308936533
6.69,0.432,0.17,2.45,0.076,13.6,72.3,0.996809,3.27,0.44,8.84960844
5.94,0.141,0.27,1.07,0.04,45.9,123.0,0.99031,3.27,0.35,9.658147046
7.03,0.242,0.23,10.69,0.085,29.5,123.2,0.99689,3.02,0.39,9.703970073
10.85,0.656,0.25,3.93,0.078,11.6,42.9,1.000133,3.37,0.35,9.914347356
5.78,0.569,0.26,1.67,0.04,19.3,156.2,0.988874,3.39,0.52,12.374053872
7.82,0.471,0.14,1.83,0.089,9.7,88.0,0.994804,3.25,0.52,10.657140635
7.29,0.605,0.0,5.12,0.075,30.9,12.3,0.99405,3.31,0.34,12.737786705
8.54,0.151,0.32,6.66,0.032,18.0,137.6,0.995775,3.3,0.36,10.009282994
5.46,0.413,0.46,2.42,0.069,51.9,171.1,0.993591,3.38,0.59,10.146907171
6.93,0.292,0.4,12.95,0.037,23.5,101.8,0.993238,3.06,0.39,11.164298202
6.36,0.383,0.46,9.96,0.067,50.0,190.9,0.996458,3.05,0.36,9.057241797
9.33,0.708,0.31,2.84,0.109,9.5,34.3,0.999594,3.22,0.75,9.575122429
7.91,0.278,0.42,2.69,0.022,15.7,91.2,0.992167,3.23,0.43,11.745991679
7.96,0.216,0.38,3.32,0.043,33.6,137.6,0.993523,3.47,0.42,12.175259909
7.27,0.403,0.22,12.09,0.063,48.3,165.0,1.000964,3.59,0.59,9.370140929
6.86,0.429,0.43,6.99,0.072,47.4,166.1,0.997533,3.18,0.37,9.847237948
5.76,0.469,0.26,9.24,0.031,73.5,218.5,0.993545,3.1,0.36,10.57396629
9.45,0.186,0.36,4.48,0.042,15.0,129.0,0.995212,3.07,0.31,9.449851851
6.18,0.467,0.3,5.94,0.037,46.6,135.2,0.994259,3.28,0.65,10.823377596
5.81,0.249,0.2,15.83,0.06,70.2,212.3,0.998754,3.38,0.4,9.147320413
7.96,0.435,0.59,1.14,0.116,12.3,30.4,0.995438,3.35,0.34,9.700334278
6.53,0.263,0.24,3.84,0.05,59.9,234.5,0.994401,3.09,0.32,8.812484609
5.85,0.513,0.15,0.65,0.048,3.2,29.4,0.990998,3.35,0.45,10.873861898
8.16,0.207,0.22,11.49,0.03,49.8,179.1,0.996408,3.18,0.57,8.929828543
6.16,0.533,0.07,6.96,0.049,45.4,151.4,0.994125,3.13,0.35,10.206531991
7.15,0.381,0.31,14.54,0.053,39.3,178.1,0.997198,3.13,0.51,8.850207016
5.92,0.229,0.24,5.99,0.043,47.7,115.2,0.993291,3.15,0.33,10.377449277
7.43,0.55,0.17,4.43,0.07,43.1,124.8,0.995973,3.33,1.08,9.705171224
6.25,0.424,0.35,3.73,0.047,24.8,108.7,0.996235,3.38,0.85,9.239537067
6.85,0.208,0.39,0.78,0.048,43.8,143.5,0.993835,3.36,0.39,9.587053207
7.79,0.294,0.43,5.02,0.037,52.6,124.9,0.994153,3.26,0.42,12.379454117
6.1,0.334,0.42,18.24,0.027,34.7,163.2,0.995136,3.48,0.32,11.046497628
9.56,0.224,0.36,4.69,0.051,19.5,62.5,0.994842,3.07,0.39,10.018046391
6.31,0.143,0.53,6.63,0.024,77.8,226.3,0.992264,3.12,0.51,11.31688565
9.5,0.191,0.64,7.62,0.02,30.6,221.5,0.995547,3.04,0.7,10.081050754
8.84,0.706,0.22,4.18,0.066,18.9,70.6,0.9978,3.23,0.43,10.277366796
5.11,0.172,0.11,12.95,0.027,48.5,193.7,0.993919,3.24,0.33,9.566920129
9.76,0.744,0.2,1.07,0.081,2.8,6.0,0.99518,3.09,0.45,11.550729005
6.39,0.225,0.27,1.22,0.072,55.7,151.9,0.991731,3.33,0.31,10.265487338
6.89,0.464,0.39,2.34,0.031,36.5,150.6,0.990148,3.15,0.33,12.373363451
8.59,0.302,0.38,3.5,0.052,19.2,98.8,0.997001,3.25,0.46,10.976515555
8.49,0.339,0.29,1.73,0.078,14.6,70.0,0.999142,3.26,0.9,8.970725858
9.75,0.767,0.32,2.51,0.051,8.0,31.4,0.994539,3.28,0.32,12.55586255
7.23,0.372,0.27,3.27,0.055,17.7,96.8,0.995,3.33,0.7,11.486143218
8.67,0.58,0.31,1.64,0.112,16.1,81.5,0.997279,3.44,0.85,9.765870712
6.48,0.293,0.52,1.08,0.04,26.5,85.5,0.990567,3.37,1.13,12.140320521
5.45,0.725,0.16,3.52,0.087,24.1,80.5,0.992338,3.43,0.49,11.628590902
8.97,0.414,0.43,0.68,0.064,13.0,13.1,0.995396,3.39,1.17,11.277594398
6.46,0.412,0.22,5.52,0.059,42.7,189.7,0.998652,3.45,0.63,8.719864476
10.62,0.465,0.52,6.95,0.074,11.8,24.2,1.002471,3.23,0.94,10.366865386
10.0,0.397,0.53,2.25,0.091,52.9,83.7,0.994755,2.96,0.92,11.883742239
4.72,0.313,0.21,11.87,0.024,18.3,136.2,0.991155,3.24,0.38,11.260822705
7.53,0.405,0.25,4.31,0.095,42.7,105.3,0.999371,3.15,0.76,8.542777229
6.76,0.261,0.22,16.08,0.041,26.0,114.5,0.994857,3.06,0.37,10.617303458
7.01,0.469,0.2,8.97,0.043,46.1,157.6,0.996158,3.01,0.41,9.995531977
6.57,0.219,0.37,1.95,0.027,61.3,175.7,0.99035,3.12,0.34,11.746933387
7.6,0.425,0.24,3.92,0.081,38.7,174.4,0.998045,3.12,0.34,8.265560881
5.27,0.408,0.15,7.45,0.036,34.1,94.3,0.993024,3.57,0.34,11.640327291
6.91,0.459,0.28,0.63,0.035,17.6,37.0,0.990517,3.37,0.62,11.563736177
5.42,0.383,0.01,4.96,0.033,23.0,127.4,0.991128,3.53,0.46,12.129947253
7.07,0.294,0.32,0.68,0.072,15.6,72.8,0.991474,3.35,0.36,11.411084579
5.98,0.427,0.21,0.72,0.074,9.1,46.8,0.990618,3.41,0.38,11.021374657
8.05,0.213,0.45,1.13,0.042,31.1,114.4,0.993389,3.07,0.32,9.370970242
7.11,0.321,0.27,0.99,0.085,12.5,15.8,0.993685,3.4,0.78,10.364713432
7.68,0.525,0.07,12.57,0.028,25.4,83.0,0.998398,3.15,0.6,8.717435431
8.67,0.131,0.46,7.34,0.095,39.5,122.9,0.995636,3.06,0.54,9.602389927
7.33,0.142,0.51,7.96,0.027,46.5,138.1,0.992259,3.08,0.6,11.331350617
8.91,0.248,0.38,2.54,0.05,18.9,80.0,0.994155,3.06,0.36,11.456231889
8.94,0.4,0.33,1.56,0.049,17.7,47.5,0.992004,2.99,0.57,11.76917107
7.29,0.201,0.14,2.59,0.033,54.6,140.0,0.992171,3.19,0.6,12.140554072
7.77,0.25,0.51,4.4,0.069,21.9,148.2,0.999611,3.17,0.64,8.517927638
7.3,0.343,0.5,2.77,0.06,34.1,146.4,0.995674,3.28,0.58,9.789926849
7.35,0.38,0.5,1.3,0.053,17.3,55.7,0.994692,3.32,0.64,10.398624156
6.24,0.347,0.24,3.55,0.033,59.8,166.2,0.997546,3.32,0.43,9.313157118
5.35,0.21,0.44,11.39,0.049,64.7,212.7,0.992199,3.35,0.42,11.997953379
7.42,0.295,0.32,4.67,0.07,24.8,105.4,0.995433,3.33,0.8,10.41930194
7.19,0.293,0.53,3.8,0.031,68.5,166.1,0.991893,2.96,0.87,11.286805701
7.42,0.326,0.27,3.41,0.092,24.5,111.8,0.996089,3.04,0.35,9.483125514
5.46,0.158,0.34,4.66,0.015,67.9,176.2,0.991395,3.27,0.39,9.69689014
6.39,0.316,0.09,2.38,0.099,32.9,89.3,0.994676,3.32,0.43,10.03380999
6.11,0.453,0.17,5.99,0.064,7.8,60.2,0.997715,3.41,1.11,9.618437553
9.24,0.392,0.28,1.3,0.08,11.4,71.5,0.995127,3.09,0.34,9.593527851
8.15,0.308,0.45,0.98,0.106,32.4,42.3,0.992619,3.26,0.63,11.132262476
7.21,0.212,0.38,4.54,0.031,32.0,108.1,0.993137,3.28,0.6,11.272933815
5.78,0.3,0.2,2.48,0.034,24.6,147.4,0.991793,3.49,0.44,11.751441623
8.23,0.302,0.46,7.13,0.034,40.8,106.3,0.994284,3.19,0.36,11.698601192
7.23,0.253,0.23,2.37,0.025,17.2,94.5,0.992227,3.06,0.32,10.153926647
7.32,0.188,0.33,1.44,0.049,45.0,110.4,0.99342,3.34,0.32,11.280194644
6.59,0.439,0.21,4.03,0.026,61.1,199.2,0.991596,3.03,0.41,10.231985206
10.38,0.539,0.37,0.67,0.135,8.9,9.3,0.998349,3.22,0.76,8.828751908
7.53,0.566,0.28,10.93,0.067,19.6,105.0,0.997112,3.18,0.31,10.188707882
7.58,0.156,0.41,2.8,0.035,29.0,135.9,0.992249,3.27,0.5,11.800617624
10.17,0.474,0.45,1.13,0.065,3.3,6.0,0.996641,3.1,0.94,12.016179972
7.23,0.292,0.39,1.02,0.086,35.8,109.8,0.993403,3.3,0.49,10.580833224
9.5,0.286,0.45,1.18,0.056,18.6,30.8,0.994762,3.34,0.91,10.337633047
9.04,0.521,0.54,15.22,0.096,21.5,122.8,1.002951,3.27,1.21,8.690254937
10.19,0.241,0.42,1.32,0.046,11.0,44.5,0.992951,3.0,0.35,11.152810379
5.7,0.118,0.51,4.28,0.012,37.4,174.7,0.988958,2.94,0.31,11.187551618
7.48,0.237,0.4,14.71,0.019,79.5,197.7,0.996715,2.93,0.68,9.60255259
6.51,0.206,0.3,15.85,0.055,72.5,188.7,0.996212,3.07,0.32,9.980034874
6.84,0.154,0.37,4.05,0.045,38.4,158.6,0.992205,3.14,0.34,9.625788917
7.69,0.393,0.42,3.23,0.073,28.8,59.9,0.995842,3.22,0.37,9.327074659
6.58,0.197,0.41,1.0,0.044,15.2,103.0,0.989065,2.98,0.34,11.35970123
7.77,0.524,0.12,2.3,0.078,8.8,40.4,0.995764,3.21,0.58,10.254444672
7.7,0.376,0.18,4.33,0.049,29.4,101.1,0.993085,3.18,0.31,12.664012478
7.98,0.436,0.3,3.23,0.029,22.9,85.1,0.994956,3.28,0.39,11.160171514
6.24,0.333,0.29,1.19,0.056,19.3,68.4,0.991194,3.46,1.03,12.097061302
6.82,0.438,0.33,1.52,0.061,12.1,74.4,0.99668,3.52,0.36,9.209113977
8.06,0.348,0.14,4.64,0.072,10.1,71.5,0.996861,3.31,0.43,11.547558948
8.38,0.248,0.4,4.8,0.031,7.0,22.7,0.993052,3.14,0.37,11.582500013
6.62,0.278,0.41,1.52,0.071,15.8,89.6,0.993549,3.42,0.43,11.72633399
7.51,0.136,0.36,1.53,0.094,20.7,60.9,0.995023,3.23,0.42,9.931731906
5.51,0.1,0.53,21.35,0.028,41.0,218.8,0.992922,3.16,0.42,10.451307558
9.33,0.649,0.32,5.74,0.071,25.1,154.4,0.999511,3.17,0.53,9.825411084
7.2,0.342,0.29,4.28,0.055,29.9,82.8,0.993534,3.15,0.36,10.232990098
8.16,0.537,0.5,7.02,0.127,25.3,89.2,0.999395,3.19,0.77,9.078056929
6.24,0.416,0.14,4.8,0.026,42.5,99.8,0.995296,3.26,0.35,9.713334513
8.24,0.212,0.47,4.97,0.025,8.4,97.8,0.995121,3.04,0.38,9.256078683
6.47,0.279,0.37,2.36,0.063,24.3,156.0,0.991216,3.32,0.56,12.230818283
7.73,0.634,0.33,9.27,0.085,16.6,118.9,0.996089,3.21,0.8,10.410188971
6.25,0.396,0.28,2.09,0.035,14.8,91.5,0.992505,3.18,0.39,11.20160802
7.41,0.453,0.39,2.19,0.049,4.9,6.0,0.993406,3.48,0.47,11.833736002
5.23,0.278,0.31,6.08,0.06,43.9,114.6,0.992161,3.51,0.51,11.945391784
6.43,0.369,0.34,2.31,0.041,25.3,112.8,0.992544,3.35,0.34,10.822354506
7.19,0.233,0.56,1.82,0.077,27.1,140.8,0.996655,3.39,0.47,10.107849212
6.63,0.278,0.56,3.32,0.044,41.3,103.7,0.992671,3.57,0.7,13.088260801
6.51,0.109,0.57,1.78,0.042,54.6,205.6,0.992488,3.24,0.35,9.551884415
5.46,0.422,0.15,1.38,0.036,21.5,81.7,0.989033,3.3,0.53,12.909260429
7.8,0.467,0.21,2.53,0.043,12.7,93.0,0.996633,3.19,0.57,9.49136674
5.89,0.237,0.33,9.96,0.043,85.0,213.5,0.993183,3.14,0.31,9.590421972
5.81,0.354,0.38,1.59,0.02,19.5,120.2,0.990498,3.2,0.33,12.236544702
10.26,0.393,0.31,1.72,0.114,16.6,76.2,0.994176,2.94,0.64,10.704886228
7.18,0.186,0.64,8.56,0.035,34.8,178.4,0.99287,3.08,0.44,10.978297945
6.48,0.157,0.32,14.78,0.038,42.0,201.3,0.993678,2.95,0.33,10.40550896
6.41,0.247,0.27,7.33,0.087,26.3,158.1,0.997035,3.35,0.71,9.647788717
7.71,0.266,0.4,7.86,0.023,52.8,90.8,0.99345,2.96,0.41,11.378511703
6.25,0.669,0.23,4.79,0.031,22.2,150.3,0.993771,3.25,0.37,10.601786042
7.34,0.214,0.48,9.76,0.037,51.3,210.0,0.992534,3.02,0.34,11.550392464
8.68,0.429,0.28,4.63,0.066,7.8,59.1,0.998337,3.49,0.7,10.714854757
6.85,0.45,0.26,4.07,0.071,26.6,86.5,0.995226,3.18,0.53,9.591303572
6.17,0.254,0.04,4.23,0.04,26.5,128.8,0.993365,3.53,0.8,10.905373675
6.67,0.396,0.31,5.72,0.046,23.5,89.7,0.996559,3.1,0.44,9.101348972
5.3,0.597,0.22,2.51,0.039,34.2,129.4,0.991055,3.43,0.69,12.136631179
6.16,0.212,0.33,3.14,0.048,55.4,137.2,0.992212,3.15,0.35,10.493037689
7.58,0.37,0.26,1.95,0.055,13.8,70.7,0.991658,3.31,0.48,12.403945557
7.48,0.282,0.45,11.07,0.058,33.0,137.7,0.99519,2.93,0.31,10.803005105
6.24,0.269,0.41,5.35,0.062,59.0,218.8,0.995798,3.08,0.41,9.008880108
8.08,0.289,0.37,4.73,0.032,38.2,156.4,0.992904,2.97,0.32,12.552320707
7.82,0.254,0.36,1.79,0.037,29.1,160.5,0.991847,3.05,0.39,11.023066129
7.33,0.309,0.42,8.36,0.055,4.1,83.3,1.000221,3.23,0.4,8.835267106
6.66,0.436,0.04,3.5,0.036,5.8,48.1,0.992783,3.04,0.48,10.787845847
6.77,0.21,0.47,16.53,0.047,69.1,181.3,0.99418,3.1,0.32,10.08118301
7.11,0.876,0.18,3.14,0.06,7.9,83.9,0.995075,3.23,0.37,10.423192464
6.26,0.713,0.18,25.11,0.067,11.9,73.1,1.003097,3.28,0.59,9.066529325
6.75,0.36,0.25,5.08,0.044,26.2,174.9,0.996108,3.03,0.37,9.173785772
7.22,0.312,0.08,3.74,0.078,31.2,100.6,0.997849,3.4,0.5,8.610631577
5.77,0.189,0.31,7.44,0.041,48.4,223.1,0.993978,3.23,0.33,9.228759604
6.51,0.282,0.19,1.45,0.041,21.9,123.3,0.994368,3.36,0.48,9.805010369
7.99,0.397,0.37,1.62,0.06,23.4,104.7,0.990953,3.22,0.35,12.40502455
7.73,0.246,0.38,14.17,0.019,68.6,233.7,0.990919,2.82,0.34,12.057160013
5.96,0.227,0.41,2.78,0.033,67.0,190.5,0.99032,3.37,0.59,11.833206429
5.65,0.353,0.22,4.22,0.037,31.4,143.6,0.994348,3.21,0.43,9.705945842
6.34,0.178,0.15,15.2,0.043,46.3,185.0,0.997613,3.25,0.39,9.078481802
5.59,0.178,0.1,1.93,0.049,20.5,75.9,0.99193,3.28,0.38,12.218062033
6.05,0.206,0.4,6.92,0.039,29.5,83.6,0.991839,3.28,0.47,12.165201812
6.92,0.3,0.42,4.29,0.024,26.9,87.3,0.991518,3.32,0.34,13.594409224
5.58,0.297,0.25,1.43,0.046,22.4,147.5,0.989856,3.28,0.4,12.458288798
7.0,0.465,0.05,7.86,0.045,17.7,79.5,0.996888,3.29,0.49,10.299617899
10.46,0.324,0.46,13.19,0.088,29.9,128.8,1.000741,2.89,0.54,8.610073825
6.93,0.252,0.16,3.12,0.015,52.0,117.5,0.990785,3.06,0.33,12.233923757
6.41,0.24,0.28,4.31,0.061,25.9,119.2,0.99634,3.32,0.46,9.671229269
7.03,0.245,0.25,7.67,0.06,17.7,166.4,0.99592,3.31,0.46,10.490360071
7.22,0.212,0.36,8.13,0.107,30.7,193.9,1.000143,3.37,0.31,8.771376975
7.25,0.277,0.35,3.6,0.041,34.3,152.9,0.993847,3.03,0.34,10.090042814
6.33,0.356,0.09,5.3,0.042,44.5,134.6,0.993114,3.29,0.31,10.206376615
7.01,0.3,0.27,9.9,0.028,14.2,135.1,0.995532,3.0,0.49,10.457049417
8.45,0.249,0.38,9.3,0.062,41.5,111.1,0.997092,2.87,0.33,9.583696925
6.22,0.147,0.36,3.87,0.02,36.1,163.6,0.988058,3.07,0.34,14.17219131
8.44,0.438,0.27,5.7,0.056,54.9,123.9,0.99549,3.1,0.7,10.276018198
6.01,0.662,0.0,3.0,0.054,15.0,82.4,0.990929,3.27,0.97,11.137711724
7.54,0.692,0.37,21.44,0.079,43.4,181.4,1.003531,3.06,0.7,8.533333278
6.77,0.139,0.38,2.23,0.034,30.5,154.1,0.990142,3.06,0.31,12.64937721
5.42,0.24,0.13,6.03,0.052,29.4,155.0,0.994384,3.27,1.31,10.158915623
8.04,0.314,0.39,0.9,0.115,12.1,9.1,0.995327,3.28,0.82,9.363076428
7.11,0.165,0.51,1.91,0.036,45.4,169.8,0.990537,3.09,0.6,11.530429494
7.75,0.232,0.52,8.88,0.046,54.5,159.8,0.997171,3.06,0.58,10.179995772
6.86,0.488,0.42,2.03,0.064,16.7,107.9,0.993186,3.4,0.5,10.818176931
7.46,0.537,0.37,10.65,0.061,34.4,119.4,0.99712,3.13,0.36,10.528928781
6.65,0.46,0.36,0.75,0.051,1.6,6.0,0.991968,3.43,0.66,11.456188717
7.97,0.177,0.41,8.98,0.024,47.1,166.7,0.995334,2.98,0.31,9.838364698
7.85,0.227,0.37,3.01,0.043,41.0,129.2,0.993973,3.33,0.32,10.956684142
5.42,0.744,0.36,3.47,0.049,11.7,48.7,0.990608,3.32,0.42,13.343486469
6.29,0.207,0.44,7.15,0.036,38.4,122.2,0.995395,3.27,0.57,10.027266161
5.75,0.216,0.22,16.09,0.031,25.7,112.0,0.995073,3.14,0.31,10.112943631
5.36,0.279,0.24,2.71,0.027,44.1,178.4,0.992939,3.44,0.31,9.464158975
7.32,0.245,0.35,21.09,0.035,35.6,104.1,0.999784,3.47,0.47,9.990965842
8.58,0.27,0.4,5.26,0.075,25.5,127.0,0.995605,3.35,0.31,9.59387198
10.52,0.95,0.16,3.01,0.071,10.9,25.0,0.999888,3.36,0.51,9.77755236
5.98,0.134,0.29,1.11,0.093,26.5,112.8,0.994634,3.53,0.38,8.777863639
7.86,0.573,0.34,3.68,0.037,15.1,26.2,0.996485,3.22,0.58,10.237008867
7.06,0.291,0.17,3.28,0.077,14.4,112.5,0.996286,3.23,1.06,8.900406436
6.08,0.391,0.13,9.27,0.065,29.8,124.8,0.995613,2.99,0.56,9.156977424
7.74,0.472,0.4,1.87,0.071,23.6,131.2,0.995263,3.24,1.33,8.987570625
7.2,0.381,0.4,7.27,0.036,16.1,72.2,0.993878,3.22,0.48,10.732192208
7.03,0.477,0.24,1.71,0.098,6.7,76.5,0.993191,3.39,0.73,10.803343706
5.5,0.245,0.3,2.23,0.046,54.8,191.4,0.988983,3.14,0.33,11.691406525
6.6,0.402,0.31,0.62,0.051,7.8,10.2,0.99071,3.28,0.32,11.591525555
8.24,0.241,0.38,5.38,0.034,11.9,132.0,0.991068,2.86,0.57,13.374065247
7.8,0.385,0.53,5.69,0.053,33.6,170.2,0.993721,2.96,0.39,10.63428654
6.79,0.291,0.34,9.93,0.039,27.6,120.8,0.99662,3.23,0.43,9.554501418
5.07,0.349,0.19,3.11,0.084,18.7,99.4,0.993558,3.32,0.33,9.381956114
6.04,0.314,0.53,6.86,0.041,40.2,129.7,0.994878,3.43,0.68,11.012339182
8.65,0.313,0.72,5.51,0.094,19.9,54.3,0.996236,2.98,0.33,9.06384326
6.46,0.375,0.21,5.03,0.046,37.9,125.5,0.994222,3.25,0.56,9.261042763
7.8,0.801,0.01,2.23,0.052,4.8,40.7,0.997678,3.46,0.67,10.103880307
7.08,0.255,0.44,8.13,0.055,50.1,160.5,0.998828,3.49,0.77,9.566266138
8.08,0.542,0.43,2.59,0.056,8.3,9.6,0.995626,3.41,0.46,10.5053285
6.15,0.127,0.11,7.81,0.029,35.2,145.2,0.9945,3.04,0.37,9.333795307
7.91,0.195,0.37,1.98,0.056,42.8,104.1,0.992585,3.22,0.7,10.908204338
7.74,0.306,0.24,1.48,0.052,32.1,97.7,0.991631,3.08,0.37,12.062057965
8.16,0.22,0.48,2.68,0.049,50.6,108.5,0.995492,3.27,0.42,10.265750629
5.33,0.32,0.13,1.07,0.08,43.5,128.1,0.989127,3.08,0.41,10.77906275
7.39,0.246,0.62,20.58,0.048,20.5,83.3,0.99722,3.05,0.34,10.300643516
5.7,0.151,0.41,7.16,0.034,85.0,188.5,0.991349,2.85,0.44,10.225714397
6.83,0.295,0.31,3.68,0.04,70.4,161.0,0.995514,3.21,1.33,8.730534744
8.59,0.511,0.05,1.99,0.086,6.6,24.7,0.997828,3.46,0.44,9.604481259
7.1,0.607,0.28,8.84,0.098,59.4,158.8,1.001036,3.12,0.48,8.107336134
6.93,0.323,0.19,17.57,0.042,49.7,198.7,0.997548,3.1,1.4,10.506134142
10.63,0.381,0.4,1.1,0.043,4.3,101.4,0.99279,3.17,0.34,11.881901097
5.9,0.292,0.14,3.61,0.044,37.1,110.0,0.994201,3.47,0.7,10.445166323
13.63,0.249,0.37,4.71,0.067,18.0,120.5,1.003587,3.05,0.77,8.76537018
7.67,0.126,0.65,16.04,0.029,60.0,204.2,0.997077,3.09,0.34,10.726694776
5.61,0.155,0.41,18.66,0.032,44.8,209.4,0.992427,2.82,0.41,9.542528711
6.58,0.627,0.23,8.99,0.12,12.1,106.7,0.996823,3.19,0.32,9.289435173
8.83,0.846,0.29,1.35,0.056,26.6,100.9,0.992024,3.3,0.6,12.506296046
6.8,0.212,0.65,4.34,0.062,5.6,15.3,0.992161,3.17,0.49,11.137969085
6.54,0.187,0.38,5.94,0.041,56.4,218.2,0.996815,3.41,0.44,9.703704028
6.91,0.343,0.52,4.01,0.096,37.0,119.5,0.995877,3.22,0.52,10.253372849
5.65,0.204,0.35,3.01,0.013,45.9,132.1,0.989843,3.32,0.5,11.035103094
7.73,0.637,0.5,1.42,0.062,12.3,117.8,0.994656,3.24,1.35,10.637867977
6.72,0.475,0.04,7.19,0.047,29.7,102.6,0.99525,3.11,0.35,10.121699495
6.35,0.173,0.39,3.87,0.039,25.3,201.7,0.992255,3.17,0.67,11.125604308
8.86,0.443,0.37,6.26,0.088,12.4,36.1,0.996372,3.33,0.55,12.016848279
6.73,0.184,0.39,2.66,0.053,34.6,112.6,0.992759,3.33,0.68,10.350384822
8.94,0.349,0.35,5.39,0.059,12.1,59.5,0.995382,2.77,0.42,10.068279032
7.08,0.417,0.39,7.67,0.045,44.6,85.5,0.994487,3.11,0.39,11.505503387
8.75,0.148,0.52,12.7,0.018,37.1,170.1,0.996462,2.93,0.57,10.080909572
8.31,0.532,0.36,2.45,0.081,13.8,59.5,0.997825,3.28,0.48,8.82407722
8.46,0.48,0.44,4.02,0.082,7.8,30.8,0.998064,3.31,0.51,10.650492588
7.03,0.481,0.17,3.82,0.079,22.1,99.8,0.997128,3.23,0.57,9.156674255
9.5,0.772,0.31,5.83,0.1,5.6,41.2,0.999145,3.15,0.64,9.873360459
6.48,0.446,0.23,3.03,0.079,38.9,155.0,0.996672,3.39,0.51,9.028147163
7.27,0.202,0.49,4.1,0.06,32.7,145.4,0.995412,3.22,0.42,10.010976604
9.16,0.372,0.33,1.02,0.06,43.6,109.7,0.995223,3.33,0.43,10.165162877
5.71,0.288,0.29,3.52,0.101,40.6,157.6,0.994043,3.34,0.33,10.154681692
7.43,0.494,0.19,1.75,0.027,7.1,22.9,0.991609,3.19,0.34,12.212318478
8.41,0.666,0.12,8.17,0.049,9.7,115.9,0.995856,3.27,0.34,11.067147838
7.26,0.171,0.22,3.51,0.073,19.1,130.6,0.994221,3.08,0.57,9.728691447
7.68,0.155,0.29,2.15,0.048,37.7,157.6,0.990309,3.08,0.45,13.976233059
6.9,0.225,0.22,15.16,0.039,31.2,120.9,0.997697,3.19,0.43,9.489028365
7.06,0.244,0.53,4.55,0.041,46.4,165.2,0.994414,3.07,0.36,9.377126371
9.63,0.555,0.41,1.49,0.084,10.9,78.9,0.997008,3.13,0.43,9.171345603
7.12,0.72,0.08,2.23,0.124,7.0,109.4,0.999157,3.44,1.03,8.636168326
6.0,0.383,0.13,0.82,0.044,25.1,69.7,0.989298,3.37,0.53,13.04683015
7.21,0.432,0.23,1.9,0.057,21.7,101.1,0.991825,3.21,0.6,11.837604834
6.91,0.385,0.31,12.87,0.061,19.5,138.0,0.998982,3.19,0.63,9.396840052
7.0,0.307,0.31,3.38,0.108,36.6,108.1,1.000318,3.47,1.21,8.546883384
7.17,0.193,0.58,16.79,0.044,49.6,125.5,0.998347,3.03,0.31,9.144088082
9.45,0.444,0.29,10.0,0.069,23.2,113.7,0.998456,3.06,0.32,9.75214102
5.94,0.139,0.42,4.66,0.045,43.1,158.8,0.996329,3.35,1.07,8.776935829
6.04,0.24,0.35,2.27,0.079,23.2,87.2,0.995053,3.39,0.79,9.613525007
5.78,0.124,0.49,16.89,0.057,49.3,175.8,0.996137,3.36,0.5,9.298355411
6.64,0.215,0.24,2.17,0.066,10.0,70.9,0.996132,3.3,0.34,9.146533415
7.41,0.85,0.07,7.06,0.059,4.9,100.1,1.001682,3.45,0.68,8.765877325
6.18,0.234,0.3,0.68,0.043,11.6,47.1,0.989459,3.42,0.32,12.348289369
8.95,0.171,0.7,12.01,0.067,29.4,196.5,0.999668,3.14,0.92,9.531354345
7.93,0.233,0.41,1.73,0.067,15.4,98.9,0.99649,3.28,1.28,9.73030344
10.21,0.717,0.23,0.64,0.094,9.1,23.1,0.998101,3.49,0.93,9.823032354
6.04,0.189,0.32,6.91,0.032,38.1,114.1,0.99209,3.1,0.4,11.173423987
6.55,0.309,0.15,13.09,0.043,36.7,131.0,0.9971,2.94,0.32,9.592352645
5.74,0.504,0.2,7.32,0.04,26.8,112.7,0.993933,3.41,0.64,10.884729282
8.6,0.484,0.47,1.97,0.104,27.5,100.1,0.997222,3.12,0.92,9.94638457
7.99,0.389,0.29,3.06,0.039,9.2,95.0,0.995873,3.24,0.33,9.355012967
7.01,0.172,0.43,1.01,0.045,12.6,77.1,0.989199,2.91,0.44,11.247574032
10.46,0.816,0.47,14.78,0.139,16.5,104.8,1.004543,3.25,0.68,8.728289071
8.51,0.325,0.08,4.29,0.086,18.6,81.2,0.997657,3.18,0.54,9.563801907
6.22,0.49,0.13,3.38,0.049,19.4,88.5,0.992907,3.15,1.51,10.912293992
7.52,0.207,0.53,1.39,0.048,19.6,113.5,0.99312,3.04,0.37,9.656418989
9.49,0.138,0.45,3.07,0.026,29.3,79.3,0.992039,2.94,0.31,11.201151128
5.7,0.177,0.42,3.99,0.032,65.8,177.6,0.992165,3.19,0.45,10.941672614
11.14,0.499,0.41,12.09,0.065,9.9,100.1,0.998114,2.85,0.4,10.086785848
5.63,0.097,0.4,5.98,0.05,50.7,225.9,0.991991,3.07,0.49,9.978325063
6.21,0.262,0.24,1.16,0.042,30.1,45.0,0.990283,3.35,0.32,12.661296223
6.35,0.216,0.14,10.58,0.032,40.3,192.6,0.995279,3.17,0.73,10.228765301
5.23,0.294,0.33,7.76,0.025,44.3,185.1,0.991327,3.41,0.36,11.777536748
9.06,0.241,0.63,2.81,0.057,23.4,83.6,0.997192,3.0,0.32,9.03986506
6.97,0.431,0.38,14.6,0.085,60.3,225.8,1.000563,3.29,1.31,8.696204855
9.51,0.672,0.46,4.28,0.093,6.4,26.4,0.995864,3.1,0.65,10.492305943
6.54,0.321,0.52,2.76,0.058,40.1,190.2,0.9959,3.35,0.82,9.655174374
8.75,0.21,0.56,7.06,0.064,24.7,91.9,0.997881,3.06,0.36,9.681549774
6.71,0.167,0.4,18.78,0.05,59.6,242.0,0.998629,3.31,0.39,9.937434571
9.06,0.297,0.19,3.69,0.055,27.5,68.6,0.995316,3.24,0.79,10.546228731
8.34,0.239,0.5,3.71,0.032,7.3,95.6,0.994059,3.27,0.38,12.056150061
7.58,0.56,0.29,3.28,0.064,37.7,159.4,0.996132,3.21,0.81,10.120656656
9.78,0.274,0.47,2.33,0.048,38.2,170.2,0.995288,2.95,0.39,9.41327971
9.41,0.251,0.44,0.8,0.065,10.1,9.9,0.993598,3.11,0.38,11.348337231
7.73,0.435,0.3,1.78,0.062,21.7,91.1,0.995952,3.33,0.83,9.258367676
8.47,0.265,0.43,1.21,0.076,21.9,107.0,0.993894,3.12,0.39,10.813116701
6.59,0.4,0.09,1.68,0.035,31.2,81.8,0.994151,3.38,0.34,9.548089568
6.91,0.404,0.42,0.95,0.085,45.3,147.1,0.991009,3.43,0.33,11.889400958
7.42,0.435,0.23,1.39,0.04,35.7,137.1,0.992401,3.05,0.32,11.453269835
8.46,0.301,0.44,2.36,0.086,34.7,126.2,0.993643,2.94,0.44,10.002865804
8.52,0.439,0.49,6.67,0.055,30.3,119.2,0.999163,3.14,0.32,8.838464529
7.79,0.261,0.52,2.35,0.027,22.4,84.9,0.992385,2.95,0.32,11.282519501
10.43,0.575,0.31,2.64,0.086,14.3,73.8,0.998271,3.22,0.63,9.663821969
6.05,0.271,0.27,3.04,0.059,48.1,170.1,0.994109,3.25,0.45,9.723031058
8.52,0.212,0.56,8.73,0.066,18.8,174.9,0.99777,3.03,0.36,9.568646456
7.22,0.201,0.38,15.76,0.122,16.6,95.8,0.998019,3.21,0.35,9.964840248
6.78,0.148,0.34,20.67,0.028,72.6,224.1,0.993934,2.93,0.45,10.819450109
6.78,0.199,0.47,1.5,0.074,19.1,90.4,0.994071,3.39,0.7,11.245187038
7.49,0.461,0.42,3.27,0.129,8.1,16.2,0.998079,3.49,0.37,9.409226387
6.91,0.346,0.3,1.38,0.094,29.4,46.7,0.994046,3.23,1.19,10.078718802
6.44,0.697,0.02,2.27,0.073,2.7,6.0,0.992254,3.21,0.51,10.960854135
6.33,0.264,0.31,0.72,0.039,37.0,104.9,0.990006,3.4,0.46,11.364286011
8.41,0.474,0.31,1.93,0.038,25.9,113.3,0.996051,3.38,0.72,11.852198519
7.1,0.16,0.42,2.08,0.02,35.2,112.9,0.98972,3.34,0.32,12.868970519
7.63,0.367,0.25,3.25,0.064,13.4,23.3,0.993161,3.26,0.31,10.760074184
6.5,0.41,0.21,1.32,0.031,38.6,179.4,0.99147,3.37,0.43,10.824139955
9.27,0.425,0.41,2.79,0.063,19.1,116.9,0.998488,3.26,0.51,9.383168996
4.82,0.438,0.24,2.14,0.051,69.8,126.6,0.991845,3.58,0.55,10.690600885
7.69,0.23,0.38,1.86,0.033,30.2,115.9,0.993861,3.26,0.61,10.113425825
6.77,0.319,0.56,1.81,0.05,17.2,59.4,0.993037,3.25,0.32,10.362877881
5.19,0.349,0.08,4.8,0.041,30.0,86.1,0.993441,3.45,0.58,11.040477459
5.86,0.211,0.05,5.57,0.056,36.8,164.2,0.993624,3.25,0.37,9.412094868
9.76,0.241,0.31,1.07,0.061,22.0,64.3,0.993746,3.2,0.6,11.892099232
7.5,0.268,0.47,2.36,0.025,12.1,34.0,0.99227,3.04,0.64,11.527994288
9.21,0.54,0.59,8.87,0.038,14.4,114.7,0.999232,3.02,0.85,9.305906354
6.3,0.369,0.22,7.86,0.045,15.1,112.2,0.993881,3.4,1.26,11.993888275
5.42,0.187,0.02,5.58,0.034,40.8,155.1,0.990571,3.23,0.34,11.366447428
5.07,0.508,0.46,2.66,0.061,25.5,104.4,0.991402,3.39,0.96,11.711024065
5.55,0.339,0.26,1.39,0.074,80.1,183.6,0.992455,3.33,0.37,10.449463623
6.09,0.23,0.37,1.21,0.035,9.0,101.0,0.990813,3.19,1.04,11.061544342
6.29,0.334,0.42,10.89,0.07,38.7,166.8,0.995647,3.23,0.32,9.860359324
8.42,0.483,0.15,1.75,0.082,22.2,104.9,0.995137,3.25,0.81,10.597886823
6.51,0.493,0.1,1.34,0.087,18.5,89.4,0.993113,3.31,0.8,10.022942889
7.1,0.121,0.46,1.56,0.024,35.3,108.1,0.989715,2.99,0.67,11.238694762
7.08,0.218,0.41,9.49,0.045,27.7,128.3,0.993962,3.12,0.34,11.906769953
6.89,0.238,0.4,5.44,0.071,49.1,164.0,0.997003,3.26,0.45,9.039246603
6.09,0.535,0.23,2.45,0.043,15.9,137.3,0.993902,3.59,0.72,11.588019807
7.65,0.379,0.57,9.47,0.08,72.4,223.1,0.996304,3.24,0.33,10.766168209
5.64,0.35,0.25,3.15,0.047,32.5,155.4,0.990916,3.31,1.1,12.217495191
8.53,0.337,0.39,6.24,0.07,26.0,119.4,0.999429,3.32,0.66,9.894757306
5.3,0.122,0.55,14.32,0.015,107.5,367.3,0.991839,2.92,0.75,9.71119538
7.5,0.368,0.18,1.72,0.053,12.9,97.0,0.996097,3.55,0.65,10.159787985
7.7,0.282,0.31,25.22,0.062,62.3,179.7,1.000177,3.08,0.33,9.494154618
6.48,0.22,0.57,1.77,0.065,15.6,153.9,0.993912,3.08,0.4,9.229714801
5.44,0.26,0.07,9.54,0.042,26.2,153.0,0.995584,3.48,0.54,10.553380714
5.26,0.213,0.23,11.78,0.044,62.1,207.1,0.995013,3.25,1.08,9.947768124
6.38,0.19,0.54,2.34,0.046,36.1,172.8,0.992136,3.24,0.5,10.773447222
7.28,0.187,0.27,4.99,0.024,51.4,231.2,0.99206,3.11,0.36,10.503691504
8.15,0.177,0.43,2.95,0.055,65.4,109.3,0.993933,3.09,0.45,9.83050401
5.54,0.279,0.34,1.94,0.083,24.8,117.3,0.991563,3.3,0.4,10.125463884
6.89,0.461,0.16,1.76,0.096,15.1,100.5,0.993198,3.26,0.35,10.558418037
9.7,0.27,0.57,1.13,0.055,7.6,95.2,0.992181,2.79,0.35,11.023243716
10.05,0.352,0.45,21.17,0.11,28.2,101.7,1.004297,3.08,0.39,8.81825247
6.88,0.378,0.25,1.99,0.062,22.4,88.8,0.992943,3.09,0.53,10.965943928
6.13,0.292,0.16,2.01,0.034,37.8,88.7,0.991152,3.3,0.36,12.34302431
10.67,0.773,0.32,1.68,0.096,9.5,6.0,0.997736,3.22,0.45,10.302003014
7.36,0.266,0.29,7.35,0.053,6.2,38.9,0.995977,3.36,0.44,10.921147451
8.04,0.358,0.39,0.75,0.129,4.0,74.5,0.993724,3.24,0.67,10.601072832
6.64,0.313,0.38,5.08,0.043,22.6,49.9,0.996695,3.47,0.44,9.556914693
6.03,0.224,0.26,7.47,0.029,48.0,152.7,0.991797,2.97,0.63,11.447607875
5.92,0.254,0.36,1.49,0.022,44.0,145.5,0.989443,3.17,0.32,11.888727493
7.39,0.364,0.18,2.08,0.053,27.0,68.6,0.994753,3.52,0.67,11.39626067
8.03,0.285,0.28,2.24,0.053,23.3,75.1,0.993537,3.02,0.35,10.604566252
7.5,0.435,0.35,4.91,0.094,20.0,120.4,0.99724,3.23,0.74,9.615956025
9.26,0.321,0.36,8.49,0.09,16.1,48.8,0.997436,3.01,0.86,9.603081161
4.64,0.213,0.22,1.99,0.03,54.9,164.5,0.991496,3.38,0.35,9.090597006
6.74,0.27,0.08,1.02,0.033,8.2,34.5,0.991881,3.13,0.36,10.669643233
6.11,0.388,0.33,9.95,0.054,63.2,169.1,0.99322,3.14,0.73,11.510255854
9.32,0.531,0.37,1.17,0.106,7.3,35.4,0.997834,3.34,1.25,9.820658703
5.5,0.264,0.38,8.92,0.041,40.5,181.0,0.996191,3.26,0.53,9.768735278
6.51,0.137,0.33,1.15,0.045,56.3,152.6,0.991038,3.09,0.35,10.275511569
7.91,0.16,0.25,5.49,0.075,15.2,96.2,0.997672,3.37,0.4,9.030650176
6.88,0.17,0.41,14.97,0.033,66.5,137.2,0.996889,3.08,0.34,9.619992098
6.79,0.379,0.27,4.95,0.033,32.4,114.9,0.994689,3.13,0.64,10.594432447
6.8,0.382,0.23,10.52,0.044,25.2,141.8,0.995463,3.34,0.37,10.629596775
5.91,0.128,0.39,2.66,0.037,15.0,92.3,0.991881,3.29,0.45,10.924541581
9.5,0.339,0.54,6.31,0.051,13.5,95.5,0.996555,3.09,0.42,10.543786461
7.15,0.267,0.21,1.48,0.074,16.2,42.3,0.99516,3.39,0.55,9.084279573
7.66,0.404,0.25,10.45,0.042,27.3,150.3,0.997725,3.3,0.46,9.936913992
7.17,0.323,0.22,4.9,0.072,20.5,134.0,0.996672,3.25,0.31,9.416908334
7.54,0.497,0.25,6.69,0.075,32.0,154.8,0.997374,3.05,0.41,10.003284102
8.31,0.469,0.37,3.06,0.082,20.3,96.9,0.995828,3.08,0.44,9.697232477
8.41,0.399,0.49,6.56,0.028,19.8,104.5,0.994862,3.14,0.51,10.535146274
5.82,0.114,0.27,7.23,0.015,46.8,196.1,0.991686,3.4,0.91,11.352970292
7.82,0.656,0.16,1.46,0.086,22.2,6.0,0.996428,3.31,0.45,11.108006886
9.79,0.275,0.52,2.26,0.029,22.2,82.2,0.993281,3.02,0.31,12.076299904
5.96,0.155,0.37,7.18,0.061,50.1,130.8,0.994279,3.07,0.34,8.888362135
6.96,0.452,0.37,2.33,0.103,38.8,147.4,0.995235,3.31,0.65,9.283673988
6.09,0.283,0.17,2.6,0.046,38.5,151.3,0.99203,3.2,0.41,11.40112383
8.82,0.501,0.18,2.98,0.086,6.1,36.5,0.998219,3.23,0.36,9.835463129
7.38,0.501,0.26,2.92,0.037,10.7,43.0,0.996409,3.35,0.56,9.627338069
8.67,0.247,0.31,0.68,0.092,16.6,60.1,0.993106,3.23,0.68,10.038094804
7.27,0.396,0.11,10.71,0.049,26.2,116.6,1.000053,3.34,0.52,9.208615178
5.61,0.098,0.7,4.47,0.028,45.8,164.9,0.989933,3.09,0.37,11.496475948
10.78,0.455,0.24,12.61,0.101,3.8,76.1,1.004532,3.15,0.6,8.972461694
7.94,0.148,0.46,22.8,0.063,50.2,207.1,1.002706,2.95,0.78,8.160054861
6.45,0.368,0.51,1.68,0.052,27.4,127.6,0.990636,3.11,0.45,12.03588406
6.71,0.37,0.22,9.63,0.036,24.2,137.8,0.99333,2.91,0.56,10.739756691
11.66,0.423,0.34,2.39,0.153,6.4,41.2,1.001114,3.0,0.95,9.172046767
7.6,0.581,0.44,9.96,0.089,39.1,136.9,0.9974,3.13,0.45,9.752941862
6.63,0.416,0.1,1.31,0.045,10.4,29.2,0.990952,3.25,0.38,12.076706125
6.6,0.267,0.1,1.33,0.02,15.8,25.2,0.989541,3.18,0.32,12.263945347
7.39,0.18,0.15,1.24,0.071,21.1,87.7,0.993652,3.38,0.84,10.252234569
5.87,0.406,0.18,12.18,0.033,16.9,142.6,0.994676,3.46,0.33,10.954732885
5.55,0.427,0.09,10.63,0.059,32.6,187.4,0.995204,3.26,0.32,9.640784741
6.5,0.216,0.45,9.3,0.031,36.2,218.3,0.993616,3.18,0.33,9.819074344
6.69,0.268,0.37,3.91,0.039,17.3,87.8,0.991504,3.2,0.42,12.738256961
8.07,0.315,0.17,4.37,0.057,35.2,125.4,0.995625,3.09,0.36,10.178828794
7.17,0.346,0.48,3.29,0.042,16.1,114.2,0.99473,3.33,0.71,11.609589119
6.94,0.327,0.55,1.23,0.04,31.9,132.2,0.989524,3.1,0.33,11.404407303
7.47,0.298,0.39,12.19,0.043,26.1,176.0,0.995948,3.12,0.4,9.36325681
8.43,0.258,0.59,1.98,0.06,42.2,106.8,0.993725,2.94,0.35,11.762745709
5.44,0.332,0.13,2.66,0.025,50.1,116.8,0.990173,3.33,0.6,12.032338617
7.47,0.376,0.1,2.97,0.055,27.7,121.5,0.994779,3.6,0.51,10.799982887
8.76,0.177,0.56,1.84,0.048,42.5,159.2,0.995969,2.85,0.49,8.468569265
6.53,0.308,0.36,5.23,0.089,36.8,141.8,0.998443,3.5,0.48,9.552719743
6.42,0.328,0.24,9.64,0.066,42.7,189.2,0.999999,3.38,0.85,9.192965839
7.36,0.204,0.46,3.51,0.1,44.4,191.9,0.995805,3.14,0.64,9.632742233
6.63,0.148,0.36,2.65,0.042,52.1,89.6,0.992966,3.45,0.41,11.626862626
8.72,0.524,0.21,7.86,0.087,28.2,155.2,1.001865,2.94,0.59,8.322461478
8.44,0.932,0.26,5.18,0.11,6.7,32.5,0.998661,3.23,0.63,9.580923811
5.18,0.167,0.36,3.78,0.021,76.4,183.3,0.989912,3.39,0.44,12.108254232
7.24,0.19,0.57,4.76,0.023,65.0,209.2,0.994101,3.09,0.42,9.923595072
7.88,0.239,0.69,7.4,0.035,42.8,214.6,0.992747,2.94,0.31,11.787286891
5.63,0.289,0.28,0.8,0.045,30.0,138.4,0.989306,3.33,0.41,11.479440442
5.55,0.309,0.28,5.99,0.062,11.7,63.4,0.993225,3.29,0.53,11.495796919
7.07,0.181,0.37,5.94,0.052,26.0,84.3,0.997598,3.04,0.61,8.663542755
6.58,0.398,0.22,2.97,0.084,46.8,153.6,0.996788,3.37,0.55,9.536827038
6.93,0.482,0.32,2.22,0.074,6.6,42.2,0.995416,3.17,0.71,9.858447019
8.5,0.709,0.0,3.89,0.044,7.8,11.8,0.995275,3.23,0.48,11.304096041
7.57,0.527,0.39,1.2,0.12,22.3,120.0,0.995319,3.22,0.35,9.598369289
8.76,0.286,0.46,3.12,0.061,29.0,53.3,0.995099,3.04,0.33,9.172014818
8.34,0.291,0.4,2.22,0.041,8.5,118.1,0.993235,3.0,0.31,11.059594015
10.27,0.437,0.45,2.19,0.079,19.2,44.6,0.995831,3.11,0.46,11.552508848
6.28,0.332,0.2,7.65,0.05,56.9,209.3,0.999242,3.38,0.33,9.012803924
8.39,0.319,0.28,3.45,0.024,12.1,92.5,0.993898,2.94,0.41,9.894845626
6.53,0.118,0.21,2.79,0.071,86.3,166.6,0.990962,3.2,0.37,11.474406534
5.32,0.238,0.14,11.13,0.045,28.5,99.8,0.995994,3.31,0.32,10.044240736
8.72,0.453,0.37,7.61,0.035,54.4,166.4,0.995562,3.1,0.35,11.286463765
6.29,0.309,0.4,0.97,0.052,47.0,107.3,0.992109,3.45,0.35,11.351166131
9.39,0.371,0.49,9.5,0.118,30.6,64.9,0.998596,3.22,0.33,10.710770035
7.15,0.315,0.34,8.93,0.067,23.2,124.1,0.992921,2.95,0.34,11.737675074
7.76,0.601,0.09,4.31,0.075,17.3,154.9,0.997519,3.31,0.83,9.53817966
7.08,0.3,0.25,2.83,0.051,37.3,195.7,0.993509,3.38,0.45,10.915427364
11.97,0.321,0.46,3.58,0.123,36.3,138.7,0.99695,3.0,0.93,10.475114144
9.58,0.61,0.29,3.87,0.134,4.3,6.0,1.000881,3.49,0.53,9.72793325
7.26,0.257,0.35,5.88,0.043,50.0,157.7,0.991509,3.19,0.82,12.775735767
6.23,0.253,0.29,6.94,0.043,45.0,194.2,0.994263,3.34,0.33,10.233062831
7.17,0.387,0.17,4.97,0.067,40.6,164.5,0.997198,3.06,0.95,9.253378356
6.33,0.841,0.07,6.44,0.078,34.3,119.2,0.997255,3.3,0.42,9.146674765
8.58,0.225,0.53,1.54,0.062,36.3,125.4,0.994544,3.24,0.61,10.722044558
8.51,0.429,0.35,3.54,0.073,35.1,212.6,0.998211,3.34,0.33,9.155233095
6.09,0.131,0.3,1.98,0.027,64.2,210.3,0.987957,3.16,0.31,11.397495945
7.1,0.23,0.14,10.42,0.035,50.2,121.1,0.993667,3.08,0.32,10.475279119
7.47,0.212,0.34,5.73,0.052,18.4,61.7,0.99666,3.16,1.11,10.068570115
9.46,0.388,0.34,2.0,0.114,3.6,6.0,1.001648,3.45,0.87,9.043252146
7.88,0.226,0.39,1.87,0.036,40.2,143.7,0.992944,3.1,0.45,11.142675042
5.51,0.359,0.09,0.99,0.023,6.1,95.8,0.988877,3.26,0.32,11.585297666
6.41,0.283,0.35,10.18,0.047,27.3,140.6,0.994214,3.44,0.57,12.431522043
8.44,0.481,0.16,1.21,0.061,8.6,52.7,0.996536,3.25,0.58,9.219446167
5.48,0.324,0.19,6.58,0.041,52.6,144.4,0.992552,3.2,0.4,10.508571948
6.46,0.21,0.4,2.43,0.039,9.6,83.9,0.990828,3.4,0.32,14.050286793
5.74,0.299,0.0,1.57,0.052,32.5,140.3,0.991377,3.39,0.6,10.227346876
9.89,0.524,0.17,4.7,0.058,32.4,87.3,1.000121,3.22,0.89,9.56553159
6.78,0.313,0.33,3.91,0.028,7.5,77.9,0.996056,3.18,0.42,9.371536751
6.25,0.194,0.43,0.91,0.054,48.3,175.1,0.992676,3.37,0.35,9.341358201
8.22,0.618,0.37,1.05,0.031,4.6,17.9,0.989535,3.24,0.31,13.522702334
7.9,0.417,0.43,10.77,0.089,23.7,143.5,1.002419,3.07,0.57,8.559586338
5.65,0.195,0.37,0.79,0.028,18.9,111.6,0.988636,3.27,0.9,12.468691791
7.38,0.546,0.22,3.89,0.047,10.7,96.3,0.994899,3.32,0.32,10.326896617
6.34,0.33,0.22,3.29,0.038,16.6,131.3,0.993479,3.2,0.33,10.391524972
7.52,0.414,0.33,2.52,0.058,4.8,54.1,0.991389,3.08,0.37,11.596203791
10.19,0.417,0.34,2.28,0.072,17.5,79.1,0.996569,3.0,0.51,9.690225146
5.42,0.374,0.0,7.35,0.036,22.5,158.9,0.990168,3.27,0.72,13.298287291
6.87,0.27,0.25,9.71,0.07,39.2,168.6,0.996039,2.99,0.63,9.440032641
6.01,0.093,0.43,7.07,0.017,83.9,259.4,0.991219,2.95,0.36,9.955445389
5.78,0.409,0.38,2.04,0.033,22.3,139.0,0.99031,2.97,0.59,11.31115068
7.91,0.535,0.31,19.7,0.052,54.2,158.0,0.998443,3.07,0.44,9.614132314
6.18,0.378,0.12,1.06,0.02,21.5,81.1,0.987237,3.16,0.53,14.08753613
8.84,0.472,0.4,2.57,0.111,18.0,45.9,0.99613,3.37,0.96,11.841209046
7.45,0.258,0.18,1.94,0.075,9.5,6.0,0.995964,3.49,0.75,11.176116777
6.73,0.406,0.25,1.21,0.037,16.3,81.7,0.989202,3.2,0.42,12.077783769
9.33,0.164,0.46,0.68,0.024,30.1,96.4,0.989256,2.95,0.38,12.199162347
6.94,0.312,0.24,5.09,0.032,47.1,151.5,0.996557,3.05,0.44,9.06439045
7.0,0.216,0.43,4.61,0.057,33.3,146.8,0.995329,3.31,0.38,9.581552506
7.25,0.231,0.28,4.07,0.066,45.2,107.5,0.994626,3.29,0.31,10.303761613
7.45,0.331,0.57,12.95,0.045,41.8,98.4,0.995004,3.16,0.4,11.607556501
7.38,0.424,0.24,1.65,0.114,13.7,29.8,0.994898,3.13,0.47,10.583668425
9.36,0.308,0.49,8.46,0.074,24.9,125.4,0.999324,3.05,0.57,9.076442852
7.26,0.263,0.68,6.9,0.055,19.8,82.8,0.995828,3.26,0.49,11.371800395
6.71,0.334,0.35,16.95,0.041,41.9,190.0,0.998607,3.14,0.92,9.517560796
6.03,0.335,0.34,17.92,0.04,55.3,213.2,0.99688,3.14,0.55,9.709986249
10.83,0.326,0.62,1.65,0.052,20.8,94.0,0.995072,3.1,0.32,10.189706445
7.29,0.416,0.14,0.87,0.07,11.4,84.7,0.994935,3.52,1.13,9.9656598
4.85,0.105,0.28,11.21,0.017,55.9,211.9,0.990164,2.96,0.31,10.583223905
5.34,0.199,0.33,15.57,0.043,61.4,186.7,0.994569,3.11,0.34,10.121968428
11.01,0.34,0.5,7.39,0.06,27.7,94.8,0.998706,3.14,0.41,10.767093121
8.56,0.131,0.53,4.18,0.041,20.0,109.7,0.994119,3.12,0.68,11.011583923
5.69,0.452,0.0,10.85,0.024,43.8,215.8,0.995776,3.17,0.75,9.028460131
7.04,0.681,0.29,6.11,0.091,10.0,47.3,0.998115,3.22,0.44,9.261319882
6.61,0.223,0.38,4.4,0.028,38.3,157.9,0.992194,3.04,0.32,10.470868
7.84,0.372,0.5,16.17,0.08,47.2,122.2,0.997787,3.12,0.34,11.500840167
7.73,0.27,0.23,6.63,0.058,20.1,53.3,0.994287,3.25,0.35,10.884142078
5.52,0.402,0.23,11.38,0.039,30.7,123.1,0.993037,3.34,0.33,11.452369319
7.66,0.24,0.61,2.8,0.044,21.7,136.2,0.99209,3.02,0.36,10.331376089
6.7,0.267,0.27,5.24,0.046,15.2,88.3,0.992718,3.44,0.7,13.124470411
7.91,0.158,0.67,4.98,0.018,41.9,210.4,0.995118,3.11,0.35,9.95778311
5.48,0.391,0.19,16.2,0.037,44.2,186.4,0.993792,3.2,0.31,10.765831335
6.61,0.586,0.0,5.37,0.089,13.3,6.0,0.998175,3.45,1.32,10.118587417
9.44,0.267,0.31,6.28,0.112,55.2,161.0,0.999829,3.13,1.07,8.987066259
6.8,0.169,0.44,1.0,0.028,32.9,80.3,0.99027,3.12,0.56,10.633907943
6.04,0.163,0.48,6.45,0.065,67.2,150.1,0.993959,3.0,0.64,10.300346168
7.19,0.421,0.27,0.73,0.038,7.8,20.8,0.991551,3.31,0.5,11.572102256
9.01,0.377,0.15,1.38,0.089,22.9,86.4,0.996229,3.2,0.39,9.126628728
5.89,0.164,0.36,1.23,0.024,29.7,140.0,0.988608,3.26,0.32,12.987724072
6.95,0.468,0.28,0.63,0.036,13.8,9.2,0.989471,3.47,0.38,14.270945608
7.19,0.364,0.25,3.83,0.03,6.5,36.6,0.991406,3.2,0.72,13.853271417
8.81,0.453,0.33,2.89,0.111,12.8,26.5,0.99902,3.44,0.49,9.51534625
7.78,0.303,0.46,1.49,0.06,9.1,49.1,0.99258,3.17,0.47,11.524382093
8.63,0.417,0.31,1.58,0.073,13.5,55.8,0.995543,3.15,0.67,9.88025089
6.55,0.241,0.36,1.45,0.026,16.7,77.7,0.989527,3.16,0.45,11.855159713
8.28,0.408,0.54,0.89,0.119,12.8,61.6,0.993062,2.97,0.44,9.235271612
9.07,0.165,0.48,2.63,0.045,41.7,183.1,0.994768,3.22,0.49,10.832009318
7.67,0.371,0.19,2.52,0.058,12.5,91.7,0.996607,3.31,0.36,10.076379921
7.19,0.13,0.75,1.17,0.065,30.3,114.6,0.99197,3.02,0.33,9.513638571
6.27,0.262,0.4,4.72,0.033,62.1,163.6,0.991173,3.13,0.35,9.79881739
6.93,0.439,0.16,2.74,0.1,7.7,36.8,0.995867,3.41,0.52,10.393763954
7.83,0.173,0.43,14.44,0.031,22.2,155.1,0.993299,3.05,0.53,11.807104358
5.66,0.624,0.21,6.05,0.066,34.2,84.8,0.994092,3.42,0.4,10.957020832
6.61,0.326,0.32,2.48,0.062,31.9,109.9,0.99509,3.34,1.26,10.146220612
6.77,0.253,0.24,2.55,0.048,46.3,135.1,0.99436,3.27,0.9,10.270512704
7.43,0.14,0.57,5.71,0.062,77.3,150.8,0.992948,3.03,0.4,10.815980337
7.65,0.357,0.5,8.66,0.088,19.7,66.1,0.997795,3.35,0.48,10.174699373
7.08,0.156,0.23,13.5,0.056,22.4,112.6,0.996208,3.11,0.31,9.54475476
6.34,0.398,0.33,4.97,0.038,23.7,112.7,0.992724,3.33,0.34,11.518228015
7.25,0.328,0.21,6.96,0.033,53.6,139.8,0.995206,3.16,0.31,10.785712674
8.35,0.292,0.35,6.3,0.039,26.9,107.2,0.995013,3.06,0.43,10.385482086
7.19,0.155,0.24,1.54,0.041,21.1,100.2,0.991118,3.18,0.37,10.503153168
10.85,0.532,0.48,2.06,0.12,9.0,72.4,0.998572,3.09,0.69,9.800610536
8.07,0.384,0.42,5.04,0.055,25.6,30.7,0.994818,3.12,0.34,10.327155808
7.71,0.495,0.0,4.31,0.049,12.1,112.6,0.99433,3.04,0.7,12.259982209
6.61,0.16,0.68,4.77,0.054,44.6,152.8,0.993189,3.29,0.65,11.154240925
7.16,0.238,0.41,6.05,0.043,58.2,173.2,0.995572,3.32,0.43,9.761146431
8.61,0.287,0.66,5.69,0.063,34.3,114.5,0.99661,3.1,0.35,9.622582859
8.4,1.116,0.19,0.99,0.099,31.1,27.8,0.996506,3.33,0.93,10.237221759
9.34,0.571,0.25,2.01,0.068,35.1,57.0,0.993721,3.21,1.02,11.434355861
7.46,0.536,0.1,1.16,0.049,23.9,105.5,0.992547,3.11,0.33,11.245849607
6.16,0.615,0.3,3.81,0.046,33.0,148.7,0.994931,3.27,0.32,9.591239207
7.57,0.297,0.19,2.85,0.049,27.5,55.8,0.992112,3.33,0.38,12.81987605
7.13,0.251,0.25,5.61,0.045,24.7,138.7,0.999185,3.12,0.78,8.558431408
6.28,0.471,0.21,9.93,0.051,16.9,167.6,0.99666,3.29,0.43,10.2457644
5.42,0.192,0.33,2.61,0.035,14.8,99.0,0.990151,3.43,0.34,13.027146527
7.58,0.726,0.22,3.06,0.115,15.7,72.2,1.002166,3.59,0.67,8.686579392
5.09,0.427,0.25,11.9,0.089,38.2,239.2,0.994352,3.05,0.51,9.386253858
5.99,0.337,0.34,2.15,0.053,25.4,53.7,0.991608,3.33,0.36,11.924152422
8.06,0.162,0.49,2.08,0.027,52.2,139.9,0.99114,2.89,0.31,10.181548759
7.15,0.403,0.44,19.58,0.062,27.4,132.7,0.998626,3.16,0.33,10.758331294
8.56,0.285,0.29,2.31,0.064,34.4,126.1,0.996583,3.21,0.91,9.080896991
7.8,0.343,0.22,14.28,0.042,50.7,147.2,0.996235,3.08,0.34,10.005680566
6.27,0.244,0.35,1.03,0.038,55.2,118.7,0.98768,3.19,0.37,13.633393147
7.04,0.418,0.55,0.83,0.084,38.6,104.4,0.991484,3.44,0.66,11.678087019
7.09,0.188,0.68,14.47,0.068,53.5,173.1,0.993753,2.91,0.35,10.027716455
7.26,0.204,0.26,1.9,0.062,45.1,123.3,0.989092,3.2,0.64,13.504213704
7.09,0.299,0.22,4.12,0.066,19.5,171.6,0.997726,3.46,0.4,8.5914388
6.48,0.333,0.4,2.22,0.045,16.7,92.8,0.99227,3.2,0.93,11.144419282
8.04,0.374,0.37,3.73,0.059,32.2,102.3,0.992836,3.12,0.74,11.20155506
10.79,0.192,0.57,4.86,0.088,24.2,86.1,1.000073,3.15,0.64,8.635348459
8.43,0.329,0.38,1.08,0.029,23.2,98.1,0.992353,3.13,0.55,10.720141779
5.89,0.234,0.4,8.9,0.036,33.4,135.8,0.995103,3.16,0.34,9.664616571
7.1,0.236,0.2,1.85,0.069,2.4,43.1,0.993652,3.24,0.31,10.762021233
7.91,0.373,0.4,1.39,0.051,11.9,6.0,0.995808,3.58,0.7,10.1471274
7.38,0.343,0.38,11.69,0.059,52.5,161.9,0.996447,3.03,0.78,9.569924985
8.88,0.324,0.57,12.61,0.054,28.1,114.4,0.999074,2.95,0.39,10.18061314
6.82,0.148,0.18,3.62,0.027,35.5,169.8,0.992427,3.2,0.54,10.195135291
7.81,0.257,0.17,2.23,0.098,44.7,110.5,0.996609,3.37,0.69,8.875162977
6.89,0.394,0.37,2.22,0.033,51.6,115.5,0.995623,3.27,0.71,9.887004093
8.58,0.118,0.51,13.48,0.035,56.8,148.0,0.996202,3.02,0.33,10.514352637
7.74,0.232,0.26,1.69,0.066,16.1,106.4,0.993859,3.5,0.58,10.474662363
7.85,0.417,0.2,9.85,0.04,47.6,150.2,0.994823,3.04,0.39,9.696626486
6.18,0.229,0.37,9.46,0.033,67.2,140.6,0.991137,3.1,0.41,12.647252363
6.69,0.199,0.34,5.88,0.038,30.1,115.5,0.99408,3.1,0.31,9.826323547
8.3,0.502,0.22,5.11,0.059,23.8,75.5,0.995446,2.99,0.44,9.529781222
6.98,0.401,0.38,6.59,0.115,21.0,131.5,1.003144,3.5,0.34,8.324756914
9.24,0.159,0.42,15.22,0.067,32.9,192.3,0.999803,3.18,0.36,9.302006014
6.52,0.17,0.15,10.84,0.037,51.6,187.6,0.994762,3.31,0.57,10.929682658
8.07,0.34,0.5,3.08,0.059,17.4,91.0,0.994645,3.23,0.57,11.54623955
6.43,0.172,0.2,0.67,0.037,37.3,152.4,0.987628,3.18,0.31,12.533001945
8.34,0.406,0.22,4.04,0.088,13.0,104.5,0.996437,3.14,0.64,10.181872262
7.9,0.353,0.38,9.34,0.067,11.9,42.0,0.999246,3.23,0.77,9.463947568
4.99,0.204,0.27,1.59,0.023,60.8,140.0,0.98711,3.14,0.33,13.088230146
5.9,0.487,0.28,1.23,0.054,34.4,83.1,0.989503,3.12,0.32,11.882619912
7.64,0.226,0.3,1.7,0.026,6.5,52.6,0.994068,3.22,0.45,10.819534181
7.5,0.211,0.34,4.02,0.064,51.7,94.6,0.994328,3.19,0.33,10.110372861
6.63,0.547,0.2,4.23,0.074,6.5,58.5,0.998305,3.47,1.17,9.178304101
7.61,0.273,0.53,17.2,0.057,49.0,171.7,1.003469,2.94,0.31,8.242535953
9.15,0.324,0.19,1.57,0.03,18.6,31.7,0.99353,3.09,0.32,11.644638463
6.47,0.573,0.08,3.88,0.056,24.0,85.4,0.995561,3.66,0.55,12.196097342
5.0,0.172,0.29,3.36,0.033,33.1,111.2,0.9891,3.29,0.88,12.627590439
6.23,0.378,0.22,4.46,0.025,42.2,230.0,0.993015,3.07,0.31,9.584246985
7.6,0.282,0.68,5.76,0.07,7.1,77.9,0.99927,3.36,1.05,9.631971663
6.99,0.184,0.31,1.24,0.035,12.5,83.6,0.990996,3.33,0.41,11.909788819
5.13,0.544,0.16,4.07,0.064,20.6,48.4,0.993455,3.64,0.68,11.746102324
7.33,0.702,0.39,2.53,0.074,25.9,122.6,0.994784,3.07,0.81,10.153635248
5.17,0.158,0.22,4.94,0.023,83.0,224.3,0.991753,3.36,0.31,9.763959966
6.26,0.251,0.44,2.74,0.048,40.9,191.8,0.992706,3.21,0.52,9.421900481
5.68,0.153,0.5,10.9,0.043,27.3,133.0,0.993444,3.19,0.61,10.918596341
6.92,0.669,0.2,0.64,0.157,2.9,6.0,0.992936,3.33,0.41,11.031346879
7.85,0.306,0.2,4.43,0.051,54.1,210.0,0.993805,3.18,0.55,10.147879176
10.03,0.487,0.49,2.2,0.08,22.6,125.1,0.997066,3.4,0.5,10.433777183
5.42,0.283,0.25,2.83,0.027,25.0,111.5,0.990713,3.29,0.42,12.234682865
7.8,0.629,0.12,0.64,0.134,1.0,6.0,0.994799,3.34,0.45,9.738236752
6.41,0.232,0.19,8.99,0.066,18.2,100.9,0.99681,3.14,0.57,9.242043489
6.65,0.16,0.37,1.09,0.051,14.4,38.5,0.989524,3.02,0.36,11.06372836
6.07,0.191,0.58,8.9,0.042,70.5,257.6,0.993523,3.26,0.42,9.823694052
5.75,0.368,0.27,6.36,0.026,34.6,134.4,0.989864,3.26,0.48,11.946028072
8.32,0.36,0.33,7.93,0.062,21.6,49.8,0.997742,3.03,0.4,9.350685982
6.35,0.44,0.22,3.18,0.062,25.8,86.5,0.995819,3.37,1.26,10.991225247
8.8,0.252,0.49,2.33,0.03,10.8,141.6,0.994208,3.19,0.57,10.846615694
5.03,0.3,0.1,6.49,0.021,51.5,153.1,0.99153,3.11,0.32,9.440383279
6.77,0.298,0.29,0.98,0.049,33.4,112.6,0.990832,3.37,0.67,11.566201417
6.83,0.338,0.33,6.36,0.059,29.7,132.5,0.997609,3.57,0.43,10.011719683
5.63,0.536,0.02,3.1,0.02,27.0,107.2,0.989485,3.16,0.31,11.973204799
5.3,0.182,0.28,1.42,0.017,20.3,118.4,0.989129,3.31,0.36,12.285168183
9.28,0.243,0.52,12.16,0.088,27.3,190.4,1.002763,3.1,0.66,8.500353493
8.39,0.541,0.53,8.86,0.08,34.5,198.4,0.996899,2.9,0.42,9.407630543
7.05,0.397,0.34,4.52,0.061,40.1,65.4,0.996261,3.27,0.75,9.676182138
7.62,0.226,0.41,4.24,0.043,39.3,146.1,0.99482,3.27,0.44,11.811909508
5.7,0.36,0.41,12.59,0.042,27.1,163.4,0.995968,3.3,0.58,10.331460949
6.92,0.398,0.15,1.94,0.083,39.6,141.4,0.993255,3.11,0.41,10.326146721
6.65,0.257,0.36,1.3,0.022,35.4,145.8,0.989788,3.04,0.32,10.345521863
7.72,0.351,0.0,3.65,0.047,14.1,14.7,0.994221,3.07,0.48,10.333846908
9.32,0.407,0.39,0.97,0.078,25.3,126.2,0.993913,3.34,0.63,10.030482779
6.03,0.383,0.27,22.69,0.044,67.1,250.5,0.996546,3.05,0.36,9.387255838
7.4,0.231,0.29,1.77,0.05,48.3,70.3,0.993498,3.53,0.57,11.684986155
5.33,0.177,0.43,7.94,0.039,54.9,197.8,0.993459,3.26,0.43,11.264780406
10.43,0.176,0.6,1.2,0.109,18.8,90.4,0.995246,3.18,0.73,10.327407582
5.77,0.48,0.23,7.39,0.068,32.8,149.1,0.995162,3.33,0.34,10.627080455
8.81,0.281,0.47,1.58,0.053,53.5,283.5,0.991948,2.96,0.46,10.287018794
7.41,0.454,0.43,9.81,0.088,13.3,151.0,0.998434,3.22,0.72,9.447716907
5.25,0.434,0.05,4.95,0.026,30.4,118.1,0.992235,3.43,0.33,10.841589014
7.42,0.352,0.41,3.91,0.026,24.8,105.0,0.993921,3.23,0.37,10.982433362
6.79,0.495,0.14,2.06,0.103,32.4,112.7,0.993735,3.42,0.82,12.434982538
5.67,0.344,0.19,21.56,0.018,43.7,147.7,0.995559,3.24,0.31,9.723707204
6.05,0.131,0.59,8.47,0.016,70.3,207.7,0.989076,3.07,0.31,13.021734303
7.81,0.326,0.35,3.31,0.088,14.6,49.5,0.998854,3.28,0.63,9.106685717
9.01,0.442,0.42,0.73,0.062,16.1,109.4,0.99196,3.21,0.75,10.972326678
6.87,0.289,0.36,1.67,0.015,60.3,163.3,0.988119,3.05,0.58,13.363907582
8.38,0.559,0.32,2.05,0.074,22.6,72.3,0.993449,3.36,0.5,11.402600076
7.94,0.369,0.43,0.68,0.029,7.7,6.0,0.990004,3.33,1.09,12.586908767
6.67,0.311,0.32,5.51,0.075,27.4,216.8,0.99597,3.17,0.95,9.47928093
8.82,0.2,0.51,3.78,0.054,19.0,131.3,0.996673,3.1,0.58,8.968758999
6.0,0.164,0.46,6.98,0.048,55.5,76.7,0.994734,3.39,0.44,10.531045582
8.79,0.394,0.23,3.76,0.06,12.4,66.0,0.993333,3.32,0.39,12.244265628
10.73,0.332,0.53,2.54,0.051,41.9,124.1,0.998675,3.05,0.38,9.97901333
5.5,0.487,0.22,3.93,0.059,40.5,119.7,0.995903,3.4,0.53,9.076140803
4.93,0.487,0.12,2.47,0.032,26.7,83.5,0.991301,3.62,0.34,11.610948649
5.68,0.13,0.27,8.28,0.03,26.3,154.8,0.9904,3.15,0.34,12.421679582
5.02,0.517,0.2,5.24,0.052,26.3,164.3,0.993559,3.52,0.34,9.721275104
8.46,0.547,0.15,1.66,0.057,15.1,55.2,0.994218,3.21,0.31,11.050624349
5.78,0.248,0.28,5.52,0.065,58.9,219.9,0.997522,3.3,0.43,8.525828894
7.41,0.519,0.18,2.55,0.061,22.3,99.2,0.995708,3.5,0.38,10.519243956
7.65,0.356,0.4,10.11,0.058,42.6,129.8,0.996866,3.0,0.58,9.887538086
6.6,0.427,0.35,2.43,0.063,37.4,92.8,0.993001,3.38,0.43,12.686562123
7.4,0.456,0.33,10.29,0.062,11.6,54.2,0.996628,2.98,0.45,9.652883025
7.06,0.161,0.3,7.51,0.039,33.9,118.1,0.994165,3.08,0.49,11.236113223
6.1,0.325,0.22,2.62,0.035,14.7,137.9,0.9899,3.28,0.91,11.154966357
6.86,0.231,0.33,8.09,0.035,35.3,89.3,0.99634,3.22,0.39,10.27576633
11.95,0.319,0.62,6.23,0.102,31.0,97.8,1.00111,3.19,0.37,9.816139403
6.92,0.433,0.26,1.08,0.062,19.6,129.6,0.992285,3.46,0.41,10.49575937
7.22,0.255,0.49,2.72,0.053,45.1,160.3,0.995355,3.18,0.32,9.698215936
5.78,0.24,0.27,2.46,0.036,64.0,155.5,0.989414,3.32,0.46,13.488296394
9.25,0.369,0.39,2.7,0.034,29.0,112.1,0.993063,3.13,0.49,13.530790582
8.58,0.607,0.22,1.81,0.091,10.9,30.8,0.997947,3.32,1.27,10.468138885
8.38,0.225,0.34,2.37,0.074,17.1,39.9,0.995663,3.12,0.59,9.969900425
5.62,0.449,0.32,8.88,0.051,48.6,119.4,0.994545,3.46,0.62,11.960744118
6.93,0.132,0.39,8.11,0.052,61.6,172.4,0.998233,3.03,1.37,8.528105315
8.32,0.29,0.31,11.46,0.046,43.6,136.3,1.000311,3.22,0.93,9.096113741
8.55,0.338,0.35,6.16,0.066,43.9,154.8,0.996818,3.14,0.96,10.547836758
9.08,0.326,0.58,2.35,0.039,26.9,122.9,0.993198,2.93,0.32,11.196798608
6.4,0.12,0.56,9.45,0.019,67.4,242.3,0.993064,3.22,0.42,11.761299597
5.71,0.162,0.1,7.97,0.051,59.0,155.5,0.995425,3.38,0.34,9.171161424
8.82,0.343,0.29,1.43,0.048,8.7,16.9,0.993893,2.96,0.36,9.98640734
7.45,0.444,0.33,3.9,0.039,22.0,99.7,0.994096,3.17,0.59,10.004072377
6.35,0.584,0.23,11.99,0.064,27.3,181.7,0.996806,3.04,0.76,9.185050597
6.85,0.527,0.21,4.74,0.119,29.6,103.3,0.997247,3.39,0.43,9.759450463
6.82,0.092,0.57,1.72,0.042,30.3,132.1,0.988696,2.93,0.4,11.786173755
6.08,0.259,0.16,0.86,0.043,19.8,137.4,0.990654,3.25,0.31,9.534041803
7.1,0.412,0.0,7.79,0.061,41.1,119.0,0.996494,3.29,0.97,9.862438133
5.37,0.532,0.05,6.94,0.069,53.4,140.6,0.992416,3.4,0.49,11.013323285
6.94,0.459,0.46,4.9,0.058,45.0,189.2,0.993909,3.22,0.33,10.486092636
9.94,0.146,0.61,8.44,0.046,37.5,169.1,0.996723,2.77,0.59,9.200053528
9.97,0.548,0.3,6.36,0.087,10.9,12.8,1.003088,3.07,1.5,8.511084446
6.82,0.315,0.68,3.09,0.035,38.4,188.0,0.994008,3.04,0.73,10.044651691
7.63,0.109,0.5,2.44,0.034,24.4,111.2,0.991307,3.12,0.38,11.468624417
7.49,0.418,0.25,6.4,0.067,20.0,65.3,0.995722,3.06,0.38,9.98411517
6.45,0.17,0.34,8.12,0.066,36.3,116.9,0.997864,3.21,0.71,9.522744325
8.6,0.498,0.06,1.27,0.09,6.3,6.0,0.994746,3.28,0.38,10.413986367
4.81,0.243,0.39,9.72,0.018,75.8,234.0,0.990346,3.21,0.36,11.776717035
7.31,0.299,0.11,3.97,0.029,28.8,138.1,0.994974,3.14,0.66,9.863653446
7.67,0.405,0.22,5.84,0.078,8.1,64.8,0.998398,3.16,0.48,9.375562795
4.51,0.116,0.16,13.7,0.018,60.7,208.0,0.990505,3.33,0.31,10.925990555
6.81,0.227,0.29,7.87,0.021,26.1,133.9,0.995143,3.12,0.46,9.744986924
5.59,0.146,0.46,2.72,0.066,31.7,122.7,0.992825,3.35,0.39,9.850290536
9.22,0.705,0.5,0.95,0.093,16.4,30.8,0.996414,3.31,0.58,10.134611558
7.5,0.139,0.33,6.34,0.075,22.0,130.0,1.000754,3.5,0.6,8.624695284
6.36,0.563,0.02,1.1,0.051,9.5,36.8,0.990975,3.33,0.4,12.094656732
5.75,0.425,0.34,0.77,0.073,13.2,98.7,0.989861,3.63,0.34,11.345754749
7.53,0.421,0.36,2.01,0.06,18.4,21.4,0.993106,2.96,0.6,11.091067154
6.98,0.402,0.36,1.94,0.032,14.4,90.1,0.993252,3.53,0.34,10.575868884
7.01,0.626,0.17,1.51,0.057,11.7,6.0,0.99174,3.33,0.33,13.640357124
6.93,0.159,0.69,14.7,0.078,53.5,240.6,1.002034,2.88,0.33,8.229484927
8.01,0.695,0.28,4.92,0.055,40.2,165.9,0.993579,3.26,0.68,11.791828017
6.7,0.173,0.24,3.23,0.035,23.4,108.8,0.994585,3.43,0.7,10.985944007
8.98,0.52,0.4,7.76,0.073,19.3,60.9,0.998487,3.07,0.83,10.105761327
6.95,0.173,0.71,17.22,0.064,39.0,136.7,0.994605,3.03,0.38,10.573677445
9.2,0.433,0.25,1.13,0.062,32.9,98.3,0.994449,3.17,0.32,9.335408024
7.05,0.323,0.33,30.95,0.03,29.7,152.5,1.000005,3.26,0.66,9.75299371
6.98,0.362,0.26,4.93,0.048,12.6,77.4,0.994867,3.09,0.34,9.618272674
6.68,0.162,0.35,19.36,0.027,26.2,124.2,0.998667,3.13,0.32,9.551734768
6.15,0.362,0.38,4.16,0.065,27.2,100.0,0.995472,3.08,0.52,8.944058394
7.7,0.254,0.32,3.75,0.052,12.8,93.3,0.996201,3.37,0.54,9.942934779
8.11,0.204,0.48,1.75,0.031,24.4,141.5,0.990845,2.93,0.34,11.738477754
5.73,0.447,0.57,9.68,0.047,47.2,187.3,0.993791,3.36,0.32,10.916207037
7.39,0.409,0.0,3.4,0.04,6.6,48.0,0.996444,3.32,0.43,10.284817684
9.86,0.173,0.7,1.6,0.077,8.5,74.0,0.99123,3.17,0.31,13.343060144
7.77,0.758,0.45,2.5,0.079,22.0,41.2,0.996984,3.37,1.45,10.496145186
8.21,0.698,0.55,3.19,0.073,59.4,171.9,0.995364,3.19,0.34,10.318566648
9.34,0.389,0.16,0.72,0.08,2.9,29.0,0.994979,3.13,0.62,9.681498851
6.93,0.471,0.42,2.81,0.044,16.9,126.2,0.993626,3.36,0.34,10.636023521
7.26,0.333,0.22,2.08,0.023,20.9,150.4,0.992627,2.97,0.46,10.68270784
10.33,0.715,0.49,5.02,0.082,6.4,57.5,0.997475,3.06,1.1,10.577157538
6.64,0.261,0.66,19.69,0.066,52.1,199.9,0.998467,3.01,1.01,8.994753502
6.5,0.166,0.03,6.22,0.043,53.5,161.8,0.993264,3.16,0.32,10.118326967
6.6,0.191,0.33,1.11,0.02,15.9,102.9,0.989977,3.28,0.42,10.070225811
6.23,0.128,0.18,3.13,0.06,52.6,134.4,0.993097,3.37,0.58,9.818597583
8.82,0.509,0.25,0.86,0.05,14.8,7.2,0.994272,3.17,0.97,10.655258887
7.43,0.336,0.26,0.98,0.112,5.3,111.9,0.996164,3.39,0.45,9.112912604
6.93,0.138,0.33,3.26,0.044,30.6,134.1,0.993234,3.29,0.33,9.852377892
6.85,0.279,0.3,1.96,0.036,6.5,6.0,0.992242,3.27,0.39,12.352898791
10.56,0.527,0.3,3.47,0.098,5.9,34.6,0.99822,3.13,0.31,9.927115681
8.37,0.286,0.4,10.91,0.077,33.9,131.0,0.998671,3.27,0.31,9.713954353
8.57,0.234,0.36,1.56,0.047,46.6,117.7,0.995538,3.4,0.39,9.50309659
7.5,0.249,0.46,4.09,0.033,21.7,112.0,0.994076,3.22,0.69,10.610641058
6.22,0.351,0.4,5.55,0.068,65.6,182.8,0.99386,3.12,0.32,9.53470747
5.68,0.394,0.07,1.94,0.056,25.0,91.7,0.989993,3.18,0.39,11.202641842
5.8,0.113,0.41,8.47,0.016,78.8,213.4,0.989847,2.87,0.31,9.975049951
7.65,0.213,0.33,6.26,0.047,38.3,224.9,0.997746,3.3,0.66,8.680120736
6.28,0.465,0.3,0.92,0.083,18.8,134.1,0.991963,3.38,0.35,10.107482267
5.64,0.302,0.35,11.98,0.068,34.1,150.9,0.995549,3.1,0.49,10.01839257
6.99,0.35,0.44,9.24,0.019,69.1,242.0,0.994175,3.01,0.31,9.941639375
7.95,0.402,0.2,1.79,0.063,15.8,6.0,0.991915,3.0,0.56,11.055582222
6.2,0.227,0.2,1.79,0.096,19.2,143.0,0.995734,3.54,0.71,10.080134903
5.7,0.36,0.0,0.74,0.031,21.9,19.7,0.9885,3.37,0.48,12.490110661
7.45,0.359,0.29,2.52,0.058,22.9,95.7,0.996996,3.15,0.37,9.224905005
8.39,0.23,0.65,2.05,0.044,19.4,108.3,0.992737,3.01,0.57,10.488915458
7.76,0.331,0.2,0.84,0.046,16.6,67.5,0.993254,3.32,0.48,10.0238914
7.17,0.458,0.33,4.17,0.055,41.4,175.8,0.994714,3.07,0.51,9.486738081
8.73,0.183,0.52,4.37,0.042,23.4,121.2,0.99534,3.11,0.53,9.909978805
6.83,0.146,0.48,19.3,0.046,47.7,207.2,0.997647,2.91,0.32,8.928485946
5.64,0.173,0.41,11.04,0.031,55.7,218.3,0.991096,3.04,0.31,10.577024162
6.95,0.454,0.32,6.76,0.067,7.5,39.4,0.997809,3.12,0.45,9.197545214
7.06,0.506,0.16,8.05,0.04,56.2,198.5,0.996223,3.27,0.31,10.380666541
5.3,0.146,0.43,9.9,0.048,57.8,236.7,0.99054,3.08,0.32,11.490605093
8.93,0.217,0.42,12.42,0.054,51.0,205.0,0.996492,3.18,0.32,10.346668197
6.63,0.231,0.29,10.4,0.029,46.3,196.7,0.995081,3.05,0.33,9.430388243
8.19,0.576,0.46,5.64,0.045,17.0,112.9,0.996581,3.03,0.45,9.423731755
6.04,0.3,0.17,3.31,0.05,33.4,143.8,0.992593,3.21,0.35,9.878063484
8.88,0.31,0.31,1.69,0.058,16.1,68.2,0.994446,3.29,0.78,11.625153662
10.66,0.139,0.64,5.21,0.034,28.0,142.8,0.99543,3.17,0.43,11.112619977
7.4,0.398,0.21,7.77,0.037,45.0,219.4,0.9942,3.07,0.31,10.8301997
6.61,0.369,0.36,11.18,0.026,24.8,196.6,0.995175,3.14,0.4,10.702630262
6.7,0.11,0.65,9.31,0.06,108.1,227.0,0.993673,2.99,0.4,9.717235298
9.07,0.246,0.5,6.67,0.027,56.3,179.3,0.996733,3.1,0.47,10.105763758
6.13,0.294,0.36,3.16,0.037,38.5,152.2,0.992379,3.28,0.36,11.20041278
7.1,0.226,0.22,0.76,0.044,7.5,41.1,0.988623,3.23,0.32,13.624493601
7.65,0.269,0.53,2.49,0.097,33.9,124.8,0.993935,3.37,0.58,12.310580838
7.56,0.339,0.35,10.27,0.038,46.8,112.6,0.99733,3.2,0.31,9.363113344
6.8,0.307,0.29,0.96,0.033,12.8,60.2,0.991479,3.11,0.42,11.237010622
7.0,0.283,0.51,12.38,0.03,29.3,136.4,0.995833,3.19,0.42,10.605613966
5.92,0.667,0.0,2.37,0.062,35.2,103.4,0.996597,3.39,0.42,8.715104371
6.31,0.268,0.31,8.84,0.07,36.6,160.9,0.995111,3.12,0.4,9.370031676
8.15,0.572,0.46,0.76,0.062,8.4,32.4,0.993628,3.51,0.66,10.136994281
6.54,0.473,0.27,3.85,0.068,7.1,60.8,0.995199,3.33,0.5,9.361276965
6.11,0.225,0.23,10.12,0.057,87.0,189.0,0.99442,3.01,0.74,10.744400432
8.22,0.345,0.23,7.29,0.065,56.1,108.5,0.996839,3.29,0.44,9.897213089
5.89,0.517,0.25,3.39,0.041,19.9,120.8,0.992237,3.27,0.33,10.732310881
6.27,0.202,0.35,3.87,0.024,35.1,150.4,0.993599,3.42,0.66,10.999097566
5.74,0.172,0.44,6.57,0.027,28.6,127.6,0.99142,3.07,0.44,11.328728033
10.89,0.294,0.48,1.6,0.055,7.8,38.4,0.993568,2.78,0.34,10.285258511
7.78,1.088,0.0,3.57,0.122,15.1,58.7,0.998717,3.52,1.3,10.719808771
6.46,0.291,0.34,13.86,0.041,54.7,97.6,0.996544,3.2,0.64,10.777957748
5.25,0.111,0.17,5.04,0.015,77.5,226.0,0.99328,3.42,0.37,9.873939322
7.61,0.436,0.17,2.33,0.033,20.8,76.7,0.992645,3.17,0.46,10.574499877
5.51,0.197,0.28,4.48,0.023,35.5,157.1,0.992691,3.35,0.33,11.635105415
6.72,0.841,0.0,0.62,0.076,4.7,11.6,0.991142,3.56,0.56,11.831464819
8.24,0.314,0.6,5.37,0.079,30.9,89.3,0.994747,3.14,0.59,11.677346511
6.38,0.208,0.3,1.63,0.066,30.1,71.7,0.994007,3.14,0.55,9.61777422
9.6,0.374,0.39,2.95,0.037,17.2,72.9,0.995623,3.07,0.33,10.572939032
6.84,0.598,0.31,14.18,0.072,22.8,136.1,0.998543,3.41,0.49,11.025469661
8.07,0.597,0.27,5.12,0.108,27.5,148.7,0.998719,3.22,0.57,9.942954952
5.73,0.165,0.36,11.18,0.036,59.7,207.0,0.992781,3.1,0.35,10.003080308
5.63,0.698,0.1,3.21,0.096,14.7,84.0,0.995743,3.67,0.62,10.698531984
6.33,0.133,0.44,11.15,0.021,49.8,208.1,0.991616,3.15,0.43,11.283492633
6.62,0.582,0.2,2.18,0.061,14.9,37.0,0.994651,3.66,0.44,12.071550876
9.14,0.228,0.36,14.19,0.055,45.3,156.5,0.998317,3.15,0.32,10.529041905
8.65,0.218,0.71,5.57,0.024,67.2,192.5,0.994105,3.27,0.44,11.264834767
7.53,0.559,0.27,0.96,0.092,5.5,18.7,0.993588,3.31,0.53,11.224267164
6.55,0.174,0.48,6.14,0.034,20.5,169.4,0.995313,3.44,0.39,10.001847761
8.45,0.41,0.57,25.47,0.076,34.8,183.6,1.002807,3.14,0.69,8.941575051
5.75,0.28,0.22,4.7,0.058,48.0,157.9,0.995288,3.34,0.42,10.238657297
6.69,0.324,0.46,10.16,0.022,54.7,174.1,0.992042,2.95,0.38,11.299141388
7.45,0.19,0.32,1.06,0.035,12.0,108.6,0.991651,2.93,0.52,10.51995031
8.57,0.353,0.57,5.07,0.075,17.0,45.0,0.995989,3.23,1.21,10.970562917
6.63,0.568,0.06,1.83,0.088,23.0,107.9,0.997812,3.56,0.51,8.951545523
6.49,0.224,0.22,5.99,0.035,33.8,123.2,0.99538,3.47,0.51,10.492311692
5.84,0.304,0.3,4.56,0.027,13.2,55.5,0.993478,3.36,0.64,10.675165095
9.32,0.308,0.24,2.49,0.106,43.3,88.1,0.997108,2.81,0.35,9.170993092
6.63,0.561,0.01,5.08,0.036,32.5,148.4,0.994308,3.09,0.36,9.361519599
5.58,0.214,0.22,2.0,0.046,30.9,95.1,0.9887,3.16,0.33,13.198999209
8.76,0.216,0.39,5.96,0.047,62.0,191.1,0.997733,3.2,1.27,9.613811308
6.19,0.331,0.36,2.94,0.053,35.4,106.3,0.994371,3.31,0.62,10.376432188
7.92,0.309,0.25,9.32,0.075,26.0,165.0,0.996976,2.89,0.47,9.300956675
7.11,0.355,0.32,3.63,0.052,8.1,69.7,0.995961,3.31,0.67,10.365033823
6.4,0.099,0.47,3.68,0.055,47.8,150.7,0.989129,3.04,0.38,13.145397524
8.08,0.504,0.19,0.81,0.07,7.7,65.0,0.994473,3.38,0.43,11.781238878
5.59,0.295,0.16,9.38,0.059,36.2,88.2,0.993949,3.3,0.42,10.908826541
7.07,0.15,0.3,4.1,0.059,55.9,152.0,0.994323,3.2,0.34,9.562691403
5.93,0.345,0.1,6.23,0.048,33.1,175.0,0.992334,3.23,0.43,10.022274447
7.71,0.392,0.24,0.65,0.083,18.8,31.6,0.994821,3.31,0.89,10.125343038
8.21,0.228,0.53,11.46,0.079,61.6,243.6,1.000922,3.04,0.43,8.439507315
6.78,0.305,0.59,4.45,0.062,27.1,152.9,0.993943,3.25,0.69,10.963475617
5.06,0.146,0.28,12.08,0.035,57.0,236.4,0.992665,3.18,0.54,9.884221423
5.88,0.567,0.05,4.11,0.047,6.7,98.3,0.993788,3.29,0.71,10.648644218
6.98,0.221,0.54,9.5,0.035,73.0,216.3,0.994722,2.81,0.32,9.403296821
6.23,0.25,0.39,3.96,0.021,23.9,116.3,0.991387,3.44,0.64,12.196921574
6.16,0.12,0.3,5.31,0.024,50.8,158.4,0.99384,3.33,0.46,10.605857907
7.58,0.323,0.32,1.23,0.075,13.6,44.9,0.994145,3.36,0.39,11.309887472
8.75,0.629,0.16,2.85,0.125,19.3,55.5,0.999485,3.35,0.71,9.815517693
7.33,0.341,0.47,8.34,0.057,24.9,107.9,0.996173,3.13,0.5,9.384944629
5.89,0.177,0.18,16.25,0.045,30.4,135.0,0.998703,3.14,0.5,9.489836458
5.3,0.237,0.3,12.61,0.014,60.1,231.4,0.993561,2.96,0.54,9.413702453
6.98,0.594,0.16,0.98,0.13,8.0,21.8,0.997032,3.41,0.43,9.187343017
6.9,0.27,0.62,1.48,0.036,50.2,181.6,0.991826,3.22,0.32,10.332270701
5.25,0.171,0.19,9.38,0.021,68.2,213.2,0.995073,3.21,0.38,9.520115502
6.85,0.366,0.26,5.86,0.092,26.7,83.9,0.996691,3.42,0.85,9.99982646
8.38,0.272,0.34,1.18,0.042,54.1,143.6,0.993635,3.43,0.94,11.548958997
5.17,0.111,0.51,17.65,0.018,64.8,189.7,0.992096,3.18,0.32,11.876949758
8.5,0.435,0.18,1.79,0.086,60.2,103.4,0.993841,3.09,0.32,10.453180373
6.02,0.17,0.4,1.0,0.036,18.9,117.8,0.989862,3.12,0.34,10.982603897
7.8,0.306,0.63,5.09,0.032,52.8,123.4,0.993545,3.23,0.35,11.901751012
9.04,0.287,0.26,1.75,0.063,14.5,66.1,0.995252,3.23,0.67,12.190805897
7.18,0.299,0.25,2.85,0.024,40.7,127.3,0.994271,3.26,0.41,10.846878463
8.48,0.561,0.24,2.22,0.109,21.8,64.7,0.997074,3.22,0.76,9.505729269
7.77,0.388,0.26,1.11,0.028,20.9,62.7,0.990682,3.31,0.41,13.366204944
6.01,0.296,0.45,3.23,0.064,18.0,113.7,0.992884,3.18,0.7,11.456596643
8.63,0.248,0.37,1.72,0.043,8.7,74.5,0.994011,3.28,0.85,11.025131339
6.66,0.144,0.17,2.22,0.032,46.6,159.3,0.990964,3.21,0.33,10.570623536
6.38,0.339,0.46,4.37,0.057,26.7,45.6,0.992982,3.31,0.31,12.256361526
7.42,0.394,0.29,2.65,0.057,32.9,81.6,0.992077,3.35,0.34,12.747746682
9.65,0.542,0.32,2.9,0.116,30.2,101.4,0.99918,3.41,0.45,9.475968846
8.63,0.356,0.24,14.11,0.058,38.3,128.4,1.00014,3.17,0.48,10.200122882
7.48,0.286,0.31,3.36,0.074,32.1,124.9,0.994386,3.03,0.48,9.604412599
6.33,0.516,0.15,1.12,0.041,15.0,52.9,0.993447,3.38,0.34,9.290655872
6.88,0.244,0.34,8.56,0.067,23.1,51.2,0.994813,3.1,0.43,10.756124153
7.59,0.316,0.27,9.39,0.035,17.2,74.4,0.997115,3.3,0.41,10.609932496
6.89,0.328,0.46,3.39,0.044,47.2,121.1,0.994478,3.42,0.79,11.62773787
8.33,0.359,0.24,8.26,0.067,10.6,101.3,0.999271,3.31,0.46,11.139724425
9.44,0.317,0.52,4.61,0.073,7.8,99.2,0.996741,2.88,0.4,10.596051557
6.58,0.333,0.28,7.69,0.028,83.3,258.7,0.993109,3.2,0.61,9.370919677
5.67,0.209,0.24,3.21,0.031,35.7,151.8,0.991463,3.48,0.39,11.852334569
7.01,0.331,0.34,0.77,0.042,21.7,149.7,0.990525,3.07,0.35,11.350831367
7.31,0.206,0.52,3.79,0.059,16.7,102.7,0.994336,3.34,0.32,10.077650526
5.96,0.384,0.34,2.49,0.094,41.7,67.7,0.997004,3.32,0.74,9.121263866
5.38,0.236,0.25,3.13,0.023,48.4,133.5,0.990058,3.37,0.6,12.734614064
8.7,0.251,0.3,12.69,0.055,23.8,159.2,0.997211,2.87,0.5,9.597802224
6.24,0.313,0.5,7.08,0.054,34.6,144.2,0.99302,3.2,0.38,10.820096427
7.84,0.809,0.08,5.61,0.087,18.8,62.8,0.996849,3.29,0.78,10.739151418
5.51,0.22,0.17,1.96,0.066,10.8,90.4,0.990576,3.36,0.37,11.744976905
6.76,0.181,0.39,18.33,0.041,30.3,133.9,0.995268,3.2,0.33,11.819145426
8.44,0.333,0.32,8.44,0.139,21.1,49.4,1.000289,3.08,0.37,8.882087635
5.88,0.606,0.05,3.55,0.06,11.8,85.9,0.997885,3.36,0.77,9.608829912
6.61,0.215,0.32,4.85,0.034,70.7,233.3,0.990793,2.9,0.46,10.378007139
7.63,0.115,0.73,5.56,0.039,44.2,142.6,0.994262,3.01,0.93,9.787468836
6.6,0.166,0.39,5.43,0.038,108.7,170.2,0.99302,3.25,0.54,10.027432681
7.38,0.403,0.21,2.55,0.064,24.8,112.9,0.994381,3.06,0.56,11.40138461
5.35,0.335,0.22,3.66,0.031,25.7,73.0,0.991171,3.2,0.38,12.998878205
6.49,0.279,0.25,1.55,0.027,14.6,80.6,0.990387,3.13,0.32,11.343146868
6.51,0.245,0.24,6.09,0.04,47.5,163.3,0.993509,3.24,0.36,10.514252157
7.99,0.296,0.35,9.5,0.048,38.4,156.6,0.997946,3.01,0.32,9.077534541
8.16,0.395,0.32,4.02,0.031,29.1,93.3,0.993312,3.12,0.76,11.51645088
7.87,0.441,0.36,1.58,0.077,13.9,14.5,0.994261,3.12,0.64,11.526216133
6.41,0.256,0.2,2.13,0.028,17.2,52.4,0.993557,3.38,0.73,11.172563604
5.93,0.266,0.18,8.54,0.026,64.0,150.0,0.994186,3.4,0.53,11.603147074
7.6,0.442,0.31,2.14,0.051,12.8,112.8,0.993903,3.43,0.56,11.708579405
5.71,0.23,0.14,8.81,0.027,60.6,220.3,0.994126,3.26,0.36,9.643350617
6.25,0.266,0.1,8.15,0.056,10.0,123.8,0.997751,3.25,1.56,8.896206835
6.31,0.265,0.41,3.46,0.039,31.1,188.6,0.993526,3.1,0.58,10.13481894
6.71,0.337,0.26,3.06,0.049,37.3,103.0,0.992994,3.22,0.31,11.807783762
5.13,0.452,0.06,4.62,0.055,41.1,86.8,0.992689,3.36,0.52,10.512639075
7.37,0.314,0.35,4.86,0.081,56.3,159.8,0.994915,3.21,0.5,10.763408073
7.84,0.496,0.37,1.57,0.096,19.4,67.6,0.994511,3.3,0.46,10.55312829
8.04,0.286,0.1,5.42,0.072,4.7,33.6,0.997576,3.01,0.41,8.595864074
9.32,0.363,0.42,6.95,0.041,23.1,89.0,0.997006,3.25,0.7,10.793567875
7.01,0.164,0.48,1.38,0.074,21.5,81.0,0.991984,3.34,0.58,10.476127098
6.74,0.12,0.39,1.42,0.031,59.9,198.4,0.990117,3.22,0.43,11.076957068
9.2,0.548,0.29,1.15,0.034,19.4,99.5,0.990866,3.05,0.41,13.369899095
7.13,0.206,0.52,20.62,0.021,38.4,186.4,0.996053,3.23,0.31,10.726899413
8.82,0.41,0.26,3.26,0.095,16.8,104.3,0.995389,2.94,0.41,9.22207182
5.91,0.371,0.19,7.48,0.031,62.4,248.5,0.993414,3.05,0.77,10.210138573
6.06,0.354,0.33,7.74,0.059,21.0,124.6,0.994675,3.19,0.32,9.528888129
6.56,0.291,0.22,0.96,0.041,20.7,103.3,0.990077,3.34,0.34,12.374956511
7.96,0.311,0.37,4.06,0.036,28.0,109.2,0.994315,3.15,0.86,10.479919034
6.83,0.515,0.11,3.24,0.04,17.5,106.8,0.992402,3.28,0.33,11.068227739
8.74,0.21,0.57,9.37,0.101,41.6,101.9,0.99652,3.07,0.53,10.392893041
8.48,0.144,0.22,1.51,0.037,21.8,121.9,0.992917,3.2,0.33,10.475120059
6.61,0.523,0.09,2.02,0.097,26.5,100.3,0.992143,3.32,0.43,11.965887658
6.92,0.412,0.32,1.05,0.056,22.2,113.6,0.994948,3.45,0.98,9.851803346
7.37,0.292,0.31,15.21,0.056,41.3,177.2,1.000938,3.26,0.46,8.670468945
6.29,0.394,0.24,5.43,0.081,27.2,153.3,0.997159,3.39,0.79,9.289707619
7.25,0.319,0.38,4.81,0.04,30.7,132.9,0.994976,3.17,0.36,9.622144991
7.88,0.68,0.26,1.18,0.153,4.0,6.0,0.994202,3.55,1.03,12.456408302
4.96,0.287,0.22,2.11,0.036,62.0,179.2,0.99104,3.24,0.35,9.383373748
6.57,0.45,0.2,8.19,0.029,7.7,29.8,0.994248,2.98,0.43,10.255824737
8.31,0.353,0.18,2.44,0.051,23.5,146.2,0.994852,3.15,0.77,10.627138134
8.57,0.868,0.33,2.86,0.163,17.2,13.4,1.001812,3.34,0.67,8.862598304
6.85,0.319,0.23,0.68,0.037,5.2,9.3,0.99055,3.08,0.31,9.660796021
9.69,0.416,0.33,2.45,0.082,8.8,37.4,0.999133,3.19,0.44,8.572417384
9.33,0.441,0.13,0.97,0.065,12.0,6.0,0.996603,3.45,0.7,10.680749212
8.42,0.183,0.22,6.22,0.026,22.8,127.3,0.996893,3.16,0.34,9.521952658
5.19,0.28,0.0,1.06,0.035,16.6,40.6,0.992712,3.51,0.41,9.727708401
7.92,0.388,0.32,4.64,0.049,28.6,77.9,0.995337,3.39,0.44,10.984813413
7.26,0.285,0.19,3.42,0.02,22.9,140.0,0.994263,3.26,0.38,10.360902188
10.92,0.2,0.73,8.69,0.073,46.2,107.4,0.999817,2.81,0.46,8.590117462
7.34,0.209,0.44,7.73,0.075,39.4,217.9,0.995977,3.1,0.47,9.289899229
6.33,0.171,0.36,4.66,0.033,37.4,92.5,0.995045,3.14,0.31,9.440906117
6.89,0.375,0.21,1.2,0.095,34.0,60.4,0.994416,3.31,0.96,10.065364458
9.07,0.641,0.17,4.18,0.098,15.0,78.2,0.997833,3.26,0.48,10.242041674
6.18,0.344,0.26,4.43,0.07,35.5,131.4,0.995251,3.43,0.5,10.573613657
6.41,0.129,0.5,4.8,0.041,50.8,229.4,0.993281,3.14,0.48,9.459747527
7.44,0.304,0.35,6.45,0.039,41.1,116.3,0.995096,3.28,0.4,9.929779107
9.57,0.515,0.11,2.2,0.072,1.6,6.0,1.000115,3.43,0.64,9.466508862
6.58,0.288,0.27,5.56,0.066,48.0,98.7,0.993835,3.26,0.79,11.200689974
8.48,0.616,0.5,3.15,0.088,5.9,6.0,0.996121,3.15,0.69,10.908254837
5.33,0.276,0.23,3.61,0.047,45.4,69.3,0.991877,3.5,0.35,12.103110045
8.37,0.298,0.34,2.03,0.073,8.5,40.8,0.995871,3.19,0.58,10.051886062
8.45,0.261,0.24,10.02,0.067,7.4,59.6,0.998132,3.14,0.43,10.385962234
7.16,0.238,0.25,4.84,0.049,50.7,159.2,0.995276,2.85,0.34,8.938645759
7.81,0.443,0.29,1.56,0.112,24.1,60.9,0.995331,3.16,0.96,9.586638343
7.97,0.299,0.34,3.08,0.072,36.9,115.4,0.994821,3.15,0.57,10.839136559
6.72,0.194,0.33,6.02,0.047,21.0,171.1,0.994367,3.4,0.31,10.822958891
6.05,0.187,0.59,5.93,0.019,11.7,130.3,0.991169,3.02,0.34,11.959566927
6.4,0.421,0.25,2.71,0.049,26.7,20.2,0.992028,3.37,0.57,10.931182271
6.16,0.415,0.32,20.92,0.078,37.5,115.8,0.998029,3.29,0.37,9.939712134
6.84,0.215,0.32,10.08,0.046,60.5,196.3,0.996189,3.06,0.46,9.49718897
8.14,0.414,0.06,3.07,0.047,16.9,136.2,0.995697,2.9,0.34,8.882399351
10.38,0.662,0.15,9.02,0.096,5.6,49.9,1.003275,3.09,0.46,8.912282945
6.29,0.445,0.15,2.67,0.039,12.5,142.3,0.990608,2.84,0.31,10.74810614
6.43,0.211,0.19,2.11,0.051,37.6,129.4,0.992336,3.18,0.34,9.879624127
6.14,0.227,0.32,16.86,0.04,54.2,237.7,0.996479,3.17,0.59,9.389929258
5.47,0.195,0.2,1.38,0.049,22.4,108.0,0.993503,3.52,0.47,9.923401967
7.2,0.149,0.62,0.92,0.042,21.1,41.0,0.991108,3.11,0.6,11.506503574
6.92,0.419,0.29,2.16,0.065,22.9,95.5,0.995292,3.18,0.33,9.476095817
5.4,0.224,0.15,8.78,0.031,39.1,153.4,0.995828,3.33,0.37,9.544637885
8.4,0.689,0.2,0.83,0.11,4.0,6.0,0.995041,3.22,0.33,10.337603485
7.45,0.402,0.45,3.63,0.046,24.4,138.3,0.989918,3.14,0.51,13.625169474
9.03,0.302,0.45,8.01,0.037,10.4,71.8,1.001683,3.08,0.4,8.896494693
5.71,0.191,0.28,4.93,0.032,70.4,156.4,0.99006,3.33,0.43,12.463373948
7.7,0.607,0.33,1.01,0.045,16.8,87.5,0.991057,3.22,0.68,13.554391638
9.63,0.627,0.26,1.15,0.096,16.7,41.1,0.995396,3.2,0.77,9.990215211
6.98,0.504,0.33,1.98,0.121,21.7,100.8,0.995304,3.37,0.93,9.758361702
6.9,0.249,0.35,1.13,0.046,7.2,6.0,0.99237,3.26,0.8,10.645803124
6.29,0.207,0.27,4.84,0.051,58.7,124.8,0.993001,3.27,0.31,10.708383595
8.7,0.156,0.49,2.97,0.04,54.6,187.2,0.992573,2.89,0.4,11.35288009
7.77,0.327,0.09,1.83,0.037,3.3,38.6,0.994727,3.36,0.33,10.09218958
6.96,0.634,0.25,7.95,0.073,15.7,36.0,0.998834,3.39,0.6,9.912992477
5.7,0.333,0.21,1.26,0.048,20.7,96.4,0.992468,3.44,0.44,9.813420972
6.43,0.188,0.46,9.64,0.058,11.2,40.0,0.996482,3.15,0.63,10.022952259
6.5,0.436,0.43,2.13,0.072,38.0,122.9,0.99405,3.28,0.54,10.171203239
7.11,0.406,0.51,7.15,0.093,23.1,137.8,0.998323,3.09,0.58,9.013422472
7.81,0.535,0.64,8.0,0.051,33.3,214.8,0.992753,3.04,0.87,12.633734956
8.28,0.326,0.32,6.54,0.042,16.0,91.4,0.995842,3.23,0.56,11.656896564
6.58,0.23,0.23,3.25,0.022,14.0,97.0,0.994218,3.26,0.65,10.266544645
8.17,0.47,0.28,7.93,0.064,26.9,80.8,0.998154,3.14,0.55,9.702703724
5.47,0.423,0.39,3.25,0.044,15.9,53.4,0.991296,3.43,0.96,12.629014352
7.39,0.235,0.39,7.94,0.078,36.2,130.2,0.996495,2.92,0.51,8.621755934
6.86,0.251,0.29,3.09,0.054,23.7,79.1,0.991505,3.2,0.43,12.193086701
5.88,0.153,0.49,5.68,0.032,43.6,158.2,0.989929,3.07,0.31,11.917693772
7.11,0.628,0.44,5.77,0.06,38.9,62.9,0.999272,3.37,1.02,9.268494252
6.36,0.992,0.0,0.85,0.047,14.1,18.2,0.992109,3.39,0.38,10.560167445
6.49,0.309,0.32,1.07,0.039,9.6,87.1,0.990247,3.31,0.33,11.931011706
5.89,0.409,0.27,4.56,0.039,22.2,115.1,0.994901,3.19,0.33,9.598887634
7.29,0.451,0.25,5.03,0.057,23.1,103.9,0.999364,3.28,0.49,8.733011862
6.06,0.379,0.09,1.26,0.068,16.9,58.1,0.994365,3.53,0.52,10.664731014
7.81,0.341,0.37,4.66,0.058,27.4,134.5,0.994468,3.29,0.35,10.841284131
6.88,0.205,0.34,6.2,0.076,39.7,151.9,0.994473,3.23,0.48,9.590356589
7.28,0.497,0.43,16.72,0.035,42.1,140.1,1.000833,3.5,0.72,10.073081006
6.55,0.268,0.45,8.13,0.107,35.3,53.7,0.997679,3.16,0.38,9.621905639
11.47,0.55,0.47,4.06,0.084,1.0,6.0,0.995809,3.01,0.39,11.489113157
4.95,0.517,0.0,1.53,0.029,19.7,74.1,0.99073,3.46,0.32,12.16107029
7.39,0.285,0.26,0.94,0.076,32.7,82.8,0.991677,3.17,0.34,11.084850183
7.85,0.343,0.3,0.94,0.143,13.7,6.0,0.991588,3.49,0.74,14.57441676
6.78,0.246,0.35,2.9,0.039,18.4,102.8,0.992813,3.21,0.78,10.624517776
6.99,0.782,0.31,5.94,0.043,4.4,6.0,0.996844,3.24,1.03,10.043271596
6.91,0.614,0.29,1.55,0.1,13.0,81.3,0.994636,3.45,0.65,10.01386833
8.12,0.501,0.53,4.45,0.082,9.6,132.2,0.996431,3.12,0.43,9.397007437
7.33,0.761,0.31,1.9,0.101,23.8,113.8,0.994908,3.09,0.55,9.412470864
6.79,0.363,0.32,4.01,0.047,11.1,76.5,0.99097,3.12,0.32,13.281326126
5.96,0.819,0.2,13.1,0.042,38.4,137.7,0.996531,3.42,0.55,10.100244953
9.24,0.626,0.34,1.52,0.099,18.3,61.0,0.997184,3.25,0.91,9.576817255
6.96,0.555,0.1,6.81,0.064,13.8,40.9,0.99489,3.31,1.17,12.781906761
6.01,0.19,0.39,5.42,0.027,36.1,103.4,0.9917,3.12,0.33,11.082973905
8.5,1.008,0.09,1.11,0.091,9.8,42.4,0.998517,3.5,0.66,9.967613081
5.49,0.318,0.08,4.6,0.051,31.6,163.1,0.993516,3.12,0.36,9.357388913
6.68,0.434,0.25,1.07,0.149,6.5,37.8,0.994213,3.57,0.41,11.060971022
7.28,0.429,0.15,0.63,0.071,4.7,6.0,0.992477,3.34,0.53,11.228371981
6.23,0.517,0.21,5.39,0.095,13.8,21.4,0.996262,3.36,0.9,10.567144798
7.96,0.191,0.51,2.35,0.026,20.8,145.2,0.990138,2.99,0.49,11.474116483
7.52,0.293,0.18,8.57,0.118,14.9,112.7,1.000548,3.2,0.57,9.218699337
6.56,0.409,0.11,3.64,0.083,21.6,85.0,0.994084,3.13,0.68,11.023550404
5.77,0.312,0.16,4.12,0.046,42.9,135.1,0.994116,3.43,0.32,9.462834863
8.43,0.362,0.48,1.8,0.05,29.8,110.4,0.995198,3.47,0.54,11.559044682
7.26,0.18,0.19,1.82,0.052,36.3,98.9,0.994795,3.35,0.35,9.152525424
7.0,0.39,0.51,14.19,0.086,29.1,122.8,0.998505,3.18,0.95,9.840329565
5.87,0.487,0.23,1.44,0.059,27.6,110.2,0.993484,3.34,0.62,10.57575603
7.88,0.191,0.25,0.8,0.042,8.2,121.1,0.991895,3.19,0.37,10.207254801
8.2,0.205,0.28,5.85,0.044,13.6,107.7,0.999269,3.18,0.67,9.021226808
8.25,0.107,0.28,12.61,0.067,51.7,246.5,0.998764,2.92,0.83,8.465165311
6.3,0.2,0.34,6.64,0.043,19.0,145.9,0.994185,3.2,1.16,10.690259486
8.08,0.306,0.42,4.15,0.074,29.4,90.0,0.998611,3.3,0.41,9.617084359
9.37,0.341,0.19,1.07,0.029,20.6,77.3,0.994863,3.35,0.42,10.784430423
7.27,0.579,0.51,4.36,0.062,13.7,52.6,0.9954,3.25,0.44,11.116286932
8.1,0.401,0.3,4.27,0.084,7.9,97.1,0.998452,3.29,0.44,9.590147226
8.5,0.307,0.48,26.18,0.084,43.9,244.3,1.002539,3.22,0.64,9.573313705
8.0,0.515,0.31,3.81,0.13,37.6,75.0,0.997939,3.03,0.5,8.868561305
8.61,0.371,0.25,1.08,0.096,25.3,42.4,0.994806,3.31,0.51,11.87423264
8.53,0.375,0.27,7.83,0.069,39.9,180.5,1.000365,3.4,0.88,9.774599881
6.61,0.335,0.42,3.13,0.015,35.0,169.0,0.990609,3.46,0.42,13.059440669
8.12,0.32,0.39,3.61,0.08,39.7,91.0,0.99563,2.92,0.63,10.994977457
5.65,0.142,0.2,5.64,0.044,34.0,145.7,0.99307,3.06,1.16,9.873762895
8.28,0.766,0.29,22.68,0.083,42.2,173.5,1.002367,3.26,0.33,9.437983906
9.69,0.517,0.38,3.75,0.08,15.7,79.1,0.999431,3.26,0.78,9.776154399
7.18,0.41,0.08,1.96,0.043,18.9,83.2,0.991854,3.27,0.39,12.105835326
7.86,0.218,0.33,3.77,0.065,20.6,80.3,0.995147,3.37,0.4,9.865606354
6.31,0.16,0.31,23.87,0.035,67.8,158.8,0.996606,3.15,0.58,9.846198183
8.32,0.238,0.6,0.65,0.048,21.6,61.8,0.990311,3.0,0.34,11.351511519
6.69,0.26,0.34,1.13,0.03,27.8,60.9,0.989996,3.16,0.32,12.058512627
6.91,0.275,0.38,13.05,0.023,57.2,211.5,0.994529,3.14,0.42,10.342247352
5.92,0.335,0.04,7.71,0.031,48.4,148.1,0.993417,3.37,0.44,11.34503006
6.98,0.65,0.27,3.94,0.031,39.0,116.3,0.993064,3.26,0.38,11.298098776
7.4,0.378,0.22,4.48,0.028,13.0,56.3,0.993577,3.47,1.17,11.833910607
6.85,0.258,0.42,1.01,0.033,27.5,54.2,0.990405,3.14,0.46,11.423318335
7.74,0.243,0.58,12.45,0.055,36.3,216.8,0.997202,3.05,0.33,9.496820718
7.7,0.545,0.17,1.3,0.141,27.1,122.8,0.996054,2.97,0.48,8.8858537
6.66,0.127,0.2,7.17,0.037,116.9,210.9,0.993721,3.13,0.32,9.831877036
9.41,0.194,0.38,7.53,0.055,43.5,121.9,0.997552,3.13,0.51,10.121242037
5.66,0.19,0.45,8.92,0.043,23.3,108.8,0.994182,3.19,0.36,9.954953454
7.34,0.205,0.32,4.41,0.065,28.0,120.5,0.996372,3.21,0.33,9.66624622
6.48,0.291,0.16,2.09,0.059,50.5,132.2,0.995415,3.3,0.39,9.287019627
7.19,0.193,0.38,1.92,0.071,41.5,124.2,0.992379,3.0,0.83,10.946557091
8.24,0.564,0.23,4.34,0.132,15.3,43.5,1.001785,3.49,0.39,9.23999253
6.22,0.181,0.18,15.46,0.093,30.0,175.9,1.000748,3.25,0.39,8.589790431
5.5,0.201,0.36,4.38,0.028,66.8,138.4,0.990456,3.38,0.38,13.295566404
10.21,0.38,0.37,6.19,0.053,11.9,6.0,0.995586,2.91,0.34,11.844745435
6.66,0.272,0.32,1.11,0.037,23.9,46.5,0.990854,3.51,0.58,13.184036604
7.16,0.5,0.23,10.29,0.038,28.3,114.9,0.995879,3.01,0.63,9.357972165
8.61,0.447,0.28,9.33,0.029,7.9,68.6,0.998451,3.15,0.36,10.843681172
7.42,0.448,0.2,1.91,0.05,10.2,107.0,0.99442,3.06,0.38,10.10831053
7.74,0.186,0.53,3.36,0.025,39.6,165.0,0.991468,2.98,0.33,9.985841488
9.43,0.435,0.32,6.36,0.106,10.2,30.3,1.001194,3.27,0.61,9.696152657
8.84,0.443,0.22,5.51,0.047,26.6,159.7,0.997711,3.1,0.39,9.037880702
6.52,0.304,0.25,9.16,0.034,39.6,119.9,0.994858,3.38,0.48,11.653271445
6.04,0.237,0.4,10.86,0.06,81.1,272.7,0.996073,2.9,0.6,8.795439819
13.42,0.673,0.3,0.63,0.109,2.3,17.4,0.997794,3.18,0.44,9.107340072
10.52,0.643,0.7,12.7,0.138,14.6,90.5,1.004579,3.21,0.47,9.084496503
5.74,0.221,0.21,8.18,0.037,107.2,169.3,0.991211,3.24,0.32,12.772291143
8.38,0.211,0.33,4.79,0.059,56.8,143.0,0.998365,3.2,0.35,9.144621287
7.37,0.227,0.32,3.62,0.031,18.1,83.6,0.994567,3.06,0.34,9.846747674
7.8,0.313,0.37,4.86,0.033,24.4,99.8,0.994278,3.2,0.31,11.294897615
6.46,0.18,0.17,3.36,0.014,35.3,151.5,0.990967,3.22,0.32,11.812860373
7.74,0.208,0.21,1.77,0.067,45.9,139.8,0.995087,3.05,0.63,9.964230508
6.96,0.657,0.2,1.56,0.054,8.9,100.8,0.993676,3.36,0.34,10.965813992
8.23,0.456,0.17,10.73,0.037,15.3,85.7,0.998079,3.28,1.03,10.187075273
7.47,0.188,0.22,0.81,0.047,20.6,40.0,0.990826,3.43,1.06,13.584415566
7.13,0.307,0.47,5.68,0.058,58.5,199.7,0.993738,3.01,0.33,10.362117415
6.66,0.134,0.52,1.65,0.018,49.4,157.5,0.989354,3.21,0.32,10.720926286
7.74,0.379,0.48,1.27,0.022,18.9,25.5,0.990307,3.04,0.32,11.942979415
6.43,0.497,0.06,1.14,0.053,12.0,29.1,0.993309,3.45,1.23,11.15761359
7.67,0.364,0.38,1.1,0.055,22.8,101.2,0.993277,3.27,0.35,9.742854907
5.65,0.25,0.13,12.03,0.033,33.1,128.4,0.996266,3.18,0.31,8.57576204
8.04,0.256,0.36,5.73,0.101,38.5,135.4,0.997408,3.11,0.33,9.001775037
7.49,0.308,0.18,1.44,0.056,35.6,87.7,0.993355,3.27,0.44,10.119949911
6.97,0.142,0.34,1.48,0.034,25.5,126.1,0.991629,3.13,0.36,10.418111603
5.81,0.256,0.34,2.85,0.023,30.4,189.6,0.99074,3.24,0.32,10.408023847
7.17,0.25,0.52,1.95,0.057,18.0,63.6,0.996234,3.57,0.63,10.177904902
6.76,0.519,0.26,6.52,0.078,26.0,103.4,0.997267,3.37,1.18,9.846651759
5.62,0.28,0.19,0.79,0.052,69.7,188.7,0.989868,3.32,0.38,11.095594226
7.99,0.5,0.34,16.49,0.091,27.3,123.6,1.001392,3.24,0.68,8.808732349
6.51,0.223,0.44,3.75,0.078,44.5,132.4,0.994923,3.22,0.42,10.519305308
9.0,0.244,0.46,2.97,0.07,8.1,84.9,0.996677,3.05,0.37,9.699201894
9.52,0.374,0.34,2.27,0.054,5.1,6.0,0.996732,3.09,0.59,9.325246248
7.11,0.175,0.21,7.17,0.062,21.4,66.1,0.99767,3.15,0.32,8.891440645
5.33,0.253,0.13,1.36,0.08,35.0,140.6,0.995561,3.39,0.62,8.734649687
6.23,0.317,0.31,3.27,0.086,48.0,155.1,0.995249,3.28,1.08,10.285863078
6.14,0.343,0.15,3.19,0.049,32.5,105.4,0.992353,3.35,0.47,11.718392353
9.5,0.24,0.4,2.96,0.061,18.3,91.9,0.999733,3.21,1.21,8.673628975
5.08,0.161,0.36,11.4,0.026,58.4,218.8,0.992941,3.18,0.4,10.759681256
6.5,0.362,0.3,5.81,0.05,27.1,158.2,0.995025,3.06,0.37,9.151168883
7.0,0.229,0.42,5.43,0.06,47.3,162.5,0.993434,3.27,0.47,11.449621525
8.26,0.36,0.31,11.46,0.077,23.3,107.7,0.99749,3.11,0.43,10.137148118
6.45,0.244,0.26,5.28,0.044,27.9,88.6,0.991457,3.24,0.35,12.498374853
8.3,0.267,0.18,8.87,0.052,53.9,101.5,0.999465,3.28,0.96,9.256508306
7.68,0.228,0.52,3.82,0.074,20.3,54.4,0.994891,3.21,0.62,11.099984827
8.3,0.227,0.73,17.47,0.078,44.1,183.5,0.997629,2.92,0.84,10.234903412
6.83,0.366,0.34,7.54,0.051,70.2,142.3,0.99383,3.25,0.39,12.118629141
8.26,0.298,0.4,2.65,0.051,37.9,136.0,0.993479,3.24,0.51,12.692662987
6.34,0.226,0.24,9.02,0.035,31.0,128.0,0.994866,3.03,0.34,9.675270114
9.06,0.535,0.36,0.72,0.084,13.0,31.7,0.990993,3.21,0.44,13.065235994
7.83,0.193,0.2,0.94,0.054,29.9,134.5,0.994267,3.28,0.7,9.27447867
5.92,0.296,0.1,1.2,0.053,37.6,108.6,0.993713,3.56,0.46,9.579174025
8.6,0.286,0.55,3.21,0.045,20.6,107.8,0.995764,3.06,0.41,11.063863316
8.61,0.386,0.4,7.02,0.082,32.3,138.1,0.996832,2.76,0.75,9.226928208
8.16,0.576,0.26,8.09,0.162,6.6,44.7,0.999206,3.0,0.32,8.892782673
6.85,0.382,0.38,4.01,0.048,46.8,144.8,0.994037,3.27,0.34,9.878110393
5.19,0.504,0.33,3.02,0.043,27.8,113.5,0.99325,3.38,0.5,10.077820472
7.26,0.267,0.41,6.56,0.039,35.4,179.2,0.992801,3.16,0.36,11.55240678
6.42,0.178,0.32,1.43,0.057,7.2,40.0,0.99084,3.12,0.41,10.921630891
7.25,0.139,0.48,14.65,0.041,56.6,191.9,0.994923,3.14,0.9,9.885440875
7.08,0.465,0.15,8.04,0.04,20.8,78.8,0.993228,3.08,0.33,10.467081824
6.36,0.566,0.1,2.65,0.09,12.4,71.4,0.994554,3.37,0.44,10.292195233
7.81,0.313,0.32,2.87,0.082,12.9,65.6,0.994027,2.97,0.46,10.305536874
6.59,0.462,0.06,5.25,0.076,39.7,127.7,0.993761,3.54,0.31,11.571179445
6.73,0.619,0.04,18.6,0.042,37.1,156.4,0.998985,3.01,0.35,8.749399044
11.25,0.313,0.4,1.41,0.105,16.5,73.4,0.994957,3.02,0.54,11.003062618
7.18,0.561,0.17,3.47,0.039,15.7,152.7,0.993002,3.34,0.49,11.332258158
6.3,0.445,0.36,1.25,0.094,37.6,149.0,0.992836,3.23,0.54,10.103681801
7.22,0.364,0.23,3.14,0.035,28.4,101.3,0.993111,3.12,0.32,10.754598212
7.77,0.306,0.41,4.08,0.087,28.8,27.2,0.994333,3.19,0.73,12.155790324
5.34,0.627,0.0,6.16,0.044,58.8,172.4,0.992677,3.34,0.65,11.331328655
7.31,0.262,0.31,1.09,0.058,20.9,92.1,0.994767,3.35,0.38,9.619228317
9.11,0.546,0.52,1.19,0.128,5.8,6.0,1.001445,3.43,0.59,9.092902163
5.59,0.253,0.18,7.06,0.036,17.6,100.4,0.991039,3.06,0.32,11.873421858
9.39,0.352,0.55,0.65,0.036,13.3,18.4,0.991202,3.14,0.33,12.313200695
7.74,0.525,0.35,2.33,0.103,5.1,22.6,0.997289,3.27,0.39,9.158114625
6.15,0.36,0.32,7.18,0.047,30.9,160.0,0.994517,3.51,0.46,9.659180989
8.5,0.409,0.38,7.74,0.103,31.4,166.5,1.000152,3.15,0.59,9.143577459
8.4,0.339,0.42,3.83,0.106,14.8,67.4,0.998206,3.21,0.35,9.72983611
7.58,0.264,0.38,8.04,0.045,35.8,118.9,0.99729,3.06,0.32,9.481457652
6.18,0.309,0.36,12.13,0.051,57.7,191.7,0.995534,2.96,0.41,9.286981141
7.81,0.159,0.3,2.21,0.042,44.1,119.9,0.993813,3.34,0.38,10.064834526
8.27,0.393,0.39,10.22,0.091,30.9,100.0,0.999205,3.12,0.9,9.10680953
7.48,0.198,0.36,5.58,0.056,30.9,112.0,0.996418,3.13,0.56,9.766292945
6.47,0.444,0.17,5.38,0.06,17.8,111.8,0.996903,3.47,0.41,9.83889976
6.33,0.273,0.24,13.99,0.058,52.9,220.3,0.995286,3.01,0.32,9.576023288
7.39,0.157,0.29,6.13,0.049,53.3,171.6,0.99316,3.1,0.6,11.158885887
6.03,0.284,0.25,14.05,0.04,35.7,179.9,0.994447,3.1,0.32,11.3728598
6.17,0.239,0.21,2.1,0.065,21.1,88.6,0.994258,3.32,1.1,10.059842731
7.66,0.135,0.38,16.64,0.044,36.6,177.7,0.999155,3.03,0.64,9.681284041
6.34,0.555,0.33,1.01,0.048,13.2,57.4,0.989792,3.25,0.32,12.17861959
8.39,0.486,0.25,6.74,0.055,7.6,6.0,0.996514,3.35,0.34,11.294022023
6.97,0.23,0.25,1.06,0.072,33.3,126.4,0.995319,3.34,0.93,8.923097813
6.78,0.274,0.23,5.31,0.027,26.7,193.9,0.992265,3.0,0.32,10.938143958
8.06,0.397,0.32,5.26,0.045,27.9,109.6,0.994124,3.05,0.92,11.709729436
5.71,0.349,0.15,3.55,0.056,42.9,156.8,0.99386,3.24,0.49,10.48857301
6.68,0.343,0.07,16.19,0.041,27.1,125.2,0.996195,3.18,0.33,10.093448188
6.6,0.276,0.23,0.95,0.067,31.1,112.6,0.990732,3.21,0.38,10.456999572
6.6,0.308,0.12,1.56,0.082,18.1,6.0,0.992679,3.38,0.31,10.931410968
6.29,0.334,0.24,3.6,0.083,27.8,129.5,0.99602,3.35,0.43,10.056050749
6.56,0.357,0.39,2.36,0.055,20.8,77.4,0.994861,3.41,0.8,10.443768827
5.51,0.375,0.11,6.11,0.042,47.1,143.5,0.991461,3.23,0.32,11.986111191
6.34,0.495,0.09,11.36,0.064,17.5,96.0,0.996111,3.17,0.42,10.479826169
7.69,0.302,0.52,6.87,0.047,27.1,163.6,0.993967,3.1,0.46,11.282914846
5.54,0.415,0.15,2.02,0.067,58.9,174.6,0.991566,3.26,0.36,10.280675384
7.15,0.207,0.4,4.36,0.059,29.3,63.1,0.993665,3.04,0.41,10.546952783
7.94,0.451,0.38,15.17,0.066,52.0,188.9,1.002153,3.26,0.37,8.711910255
6.94,0.294,0.17,5.81,0.05,37.1,109.5,0.996798,3.55,0.33,9.896881249
8.31,0.281,0.2,5.5,0.066,22.3,71.0,0.998435,3.17,0.86,9.341667651
10.05,0.141,0.58,1.81,0.12,24.6,35.0,0.99368,2.94,0.43,10.383244174
6.46,0.315,0.4,14.71,0.071,36.2,110.6,0.999473,3.32,0.71,9.81814252
6.03,0.368,0.26,5.56,0.041,31.3,119.7,0.993997,3.4,0.49,10.013361724
8.53,0.482,0.28,12.39,0.038,35.8,142.5,0.995866,3.21,0.32,11.403013296
6.87,0.241,0.48,3.05,0.042,8.9,24.9,0.994652,3.33,0.41,10.215227775
7.48,0.311,0.26,4.15,0.019,31.7,102.9,0.992053,3.21,0.37,14.094305661
7.26,0.178,0.54,6.47,0.058,34.7,199.6,0.996214,3.26,0.64,9.07640212
8.34,0.479,0.19,2.03,0.128,6.6,116.2,0.996633,3.17,0.44,9.770523401
7.85,0.306,0.23,6.33,0.027,40.7,127.6,0.994018,3.08,0.31,10.470628048
7.1,0.218,0.35,5.16,0.04,24.0,206.9,0.993412,3.34,0.96,10.286076033
6.6,0.247,0.41,4.77,0.05,17.0,130.9,0.993922,3.2,0.45,10.607353518
6.74,0.23,0.49,6.8,0.038,59.1,193.7,0.995144,3.07,0.6,9.898121061
6.19,0.402,0.3,0.84,0.036,35.4,108.3,0.991689,3.46,0.8,11.752385843
5.42,0.267,0.03,6.94,0.06,60.4,118.5,0.997223,3.19,0.35,9.071431723
7.05,0.356,0.26,13.42,0.058,42.7,174.3,0.996445,3.03,0.36,9.426596617
5.71,0.211,0.25,2.52,0.027,17.4,100.9,0.99048,3.22,0.49,11.136963617
7.27,0.351,0.3,1.76,0.032,26.9,74.3,0.994826,3.33,0.68,10.828216644
8.1,0.24,0.28,3.7,0.086,25.7,137.0,0.995725,3.1,0.44,10.185600307
8.54,0.179,0.29,15.63,0.035,17.8,128.9,0.999213,2.98,0.72,9.258325292
8.9,0.564,0.01,1.47,0.078,27.1,59.0,0.996491,3.29,0.45,9.603894537
8.42,0.306,0.51,4.76,0.061,38.0,153.9,0.998129,3.24,0.83,9.858134412
5.08,0.238,0.15,1.02,0.018,18.5,137.4,0.988081,3.37,0.42,11.882733138
8.39,0.488,0.17,3.87,0.053,31.8,102.3,0.994713,3.12,0.64,11.518250492
6.17,0.442,0.29,5.09,0.079,50.4,134.5,0.997132,3.44,0.57,9.502233095
8.37,0.353,0.33,7.18,0.045,36.3,123.6,0.997044,3.24,0.68,10.309584676
6.37,0.249,0.2,4.38,0.043,19.2,104.0,0.994725,3.29,1.17,11.229547169
8.28,0.454,0.51,4.68,0.053,24.5,21.2,0.998774,3.48,0.72,10.187948901
5.32,0.169,0.51,4.28,0.073,37.6,192.2,0.991615,3.05,0.31,9.421564681
9.4,0.238,0.54,1.0,0.055,8.9,58.4,0.993994,3.07,0.32,10.153156474
5.63,0.239,0.04,0.75,0.034,11.8,67.8,0.989415,3.28,0.69,11.972922098
5.61,0.437,0.27,10.84,0.047,35.7,117.5,0.993088,3.17,0.32,11.9994356
7.2,0.23,0.62,0.89,0.025,21.4,134.0,0.990818,3.21,0.48,12.104696324
6.47,0.517,0.15,0.64,0.063,14.5,38.6,0.989636,3.39,0.43,12.502290753
5.51,0.204,0.39,2.35,0.06,45.4,143.8,0.992279,3.36,0.39,10.669971568
8.75,0.341,0.4,2.21,0.054,38.0,195.7,0.993065,3.2,0.42,11.885144927
5.03,0.302,0.03,7.28,0.042,48.2,157.9,0.995904,3.29,0.33,9.369024118
7.11,0.372,0.45,5.24,0.074,12.2,53.2,0.995801,3.2,0.38,9.872742566
7.08,0.513,0.27,4.01,0.067,8.1,116.5,0.994596,3.15,0.32,9.647211317
6.37,0.678,0.18,1.84,0.037,31.0,111.8,0.990603,3.2,0.41,10.556227295
10.02,0.675,0.42,9.1,0.075,20.2,92.8,1.002584,3.1,0.42,8.41894615
5.42,0.24,0.2,1.78,0.051,38.0,103.0,0.990041,3.33,0.61,11.207712414
6.48,0.441,0.27,9.04,0.043,40.5,118.2,0.994791,3.17,0.37,11.927978578
7.98,0.569,0.29,1.46,0.115,14.9,92.8,0.995106,3.29,0.72,10.283697409
7.47,0.101,0.75,10.47,0.036,33.0,162.0,0.9959,3.21,0.42,10.693968142
8.06,0.512,0.25,7.53,0.072,31.4,130.5,0.996042,2.89,0.7,10.67103501
12.33,0.743,0.32,0.89,0.176,5.7,25.2,0.999664,3.14,0.81,9.571511319
8.02,0.622,0.44,4.62,0.062,25.5,117.2,0.994531,3.23,0.78,11.462550983
5.8,0.219,0.1,7.9,0.072,25.4,93.8,0.997077,3.37,0.46,8.74395855
7.25,0.25,0.5,20.07,0.027,55.2,177.6,0.993122,2.91,0.55,12.396310821
9.53,0.298,0.24,0.65,0.046,8.9,49.9,0.991449,3.01,0.45,10.223971347
5.54,0.452,0.12,9.44,0.04,23.5,109.3,0.994433,3.42,0.39,10.399907198
8.32,0.457,0.31,2.09,0.056,3.3,6.0,0.993002,3.09,0.34,12.430375985
8.51,0.331,0.35,2.36,0.112,30.5,33.5,0.996941,3.36,0.41,11.358180552
7.76,0.428,0.44,4.17,0.059,32.9,128.4,0.996361,3.27,0.59,10.655242449
8.33,0.236,0.24,6.18,0.066,30.7,150.2,0.997087,3.33,0.65,9.837317068
9.6,0.145,0.45,7.4,0.028,45.0,186.7,0.993556,2.79,0.45,10.627462844
6.44,0.57,0.36,6.33,0.049,47.2,117.3,0.994611,3.04,0.31,9.756989794
6.74,0.439,0.28,3.54,0.04,23.8,138.2,0.99251,3.22,0.35,9.986310617
5.93,0.338,0.34,1.93,0.093,18.9,112.1,0.994985,3.42,0.39,9.28734962
6.42,0.503,0.15,8.34,0.039,63.5,170.3,0.995567,3.19,0.53,8.898657142
4.91,0.099,0.39,18.77,0.014,118.1,217.2,0.988821,3.05,0.31,13.25176637
9.2,0.864,0.19,2.42,0.166,3.2,6.1,0.994635,3.13,0.42,11.544945734
5.07,0.484,0.07,2.09,0.062,16.6,52.6,0.990734,3.16,0.41,10.553656765
8.65,0.393,0.34,0.78,0.077,23.7,113.5,0.992591,3.38,0.4,11.99905309
6.42,0.778,0.0,1.38,0.071,29.9,77.1,0.992005,3.24,0.71,12.296609306
4.84,0.208,0.32,1.47,0.063,33.4,143.7,0.991022,3.54,0.64,10.383311574
7.63,0.342,0.42,2.77,0.048,17.1,114.3,0.992431,3.2,0.52,10.79999564
8.72,0.147,0.44,14.66,0.037,34.1,189.1,0.996024,3.0,0.52,10.286717464
8.57,0.174,0.74,3.58,0.026,29.6,184.0,0.993094,2.93,0.52,10.225880782
5.87,0.294,0.47,3.11,0.055,47.7,154.6,0.991682,3.04,0.37,9.733333307
7.95,0.413,0.3,10.48,0.037,42.1,138.5,0.996455,3.04,0.44,9.735046389
6.0,0.135,0.45,4.5,0.109,19.3,49.0,0.995387,3.37,0.35,9.632048887
7.01,0.173,0.25,6.1,0.057,41.8,193.7,0.99648,3.14,0.5,9.310212737
6.43,0.298,0.45,10.34,0.054,73.2,189.9,0.99498,3.08,0.54,10.066597283
6.86,0.419,0.25,6.32,0.076,47.9,157.7,0.993488,3.06,0.36,10.107407738
7.51,0.182,0.31,3.77,0.032,21.5,117.3,0.993946,3.04,0.43,9.709315539
6.45,0.353,0.31,1.46,0.092,30.0,100.7,0.993767,3.33,0.64,10.500046987
8.54,0.313,0.44,4.82,0.072,8.2,67.2,0.998181,2.99,0.53,9.30694924
7.03,0.145,0.21,4.78,0.048,21.7,57.0,0.994203,3.18,0.71,10.607202613
7.66,0.186,0.46,5.47,0.037,35.7,157.2,0.995333,3.24,0.44,11.342689775
5.8,0.244,0.33,2.16,0.031,29.8,176.6,0.990941,3.18,0.7,11.654763463
6.91,0.526,0.23,6.56,0.062,32.4,121.2,0.99733,3.12,0.34,9.653826836
7.21,0.311,0.1,0.81,0.063,23.5,102.4,0.994294,3.1,0.44,9.047685176
5.06,0.223,0.23,4.12,0.033,44.4,149.8,0.993409,3.42,0.36,9.605236411
7.13,0.216,0.0,3.42,0.045,21.2,104.6,0.997402,3.5,0.43,8.721324553
6.25,0.35,0.31,5.27,0.038,55.7,201.1,0.994962,2.95,0.32,8.65704367
6.68,0.132,0.52,1.96,0.027,60.4,147.9,0.988899,2.91,0.31,11.915280263
7.65,0.217,0.52,5.12,0.057,38.6,121.6,0.995196,3.29,0.96,10.86485885
7.43,0.304,0.14,8.03,0.052,24.0,93.0,0.998888,3.29,0.37,9.005503445
6.52,0.275,0.43,5.74,0.054,33.7,179.1,0.997543,3.09,0.38,8.87259593
7.74,0.387,0.28,5.34,0.048,9.5,37.5,0.997255,3.3,0.45,9.078347995
5.03,0.221,0.35,1.23,0.037,56.1,177.2,0.988525,3.56,0.32,12.633318658
7.23,0.665,0.06,5.2,0.069,18.6,61.8,0.996556,3.22,0.33,10.073819227
5.91,0.118,0.45,2.05,0.026,30.2,103.2,0.988896,3.15,0.35,12.292179077
7.06,0.262,0.34,1.29,0.05,32.7,91.8,0.992846,3.29,0.35,12.200863651
7.51,0.357,0.27,1.89,0.048,17.7,106.5,0.991936,2.99,0.33,10.853315296
9.06,0.243,0.57,5.57,0.098,20.2,74.0,0.99919,3.23,0.89,9.522552627
8.92,0.393,0.36,1.94,0.077,33.1,182.1,0.995011,3.13,0.38,9.869695411
7.07,0.201,0.39,3.67,0.065,15.7,84.8,0.995589,3.28,0.38,10.085373063
7.88,0.324,0.2,2.61,0.037,41.0,132.8,0.995233,3.4,0.67,10.832477601
7.46,0.167,0.16,2.63,0.05,18.4,51.9,0.992889,3.36,0.38,10.676147045
8.31,0.151,0.24,9.49,0.069,85.5,183.0,0.999752,3.38,1.34,9.344258015
7.31,0.452,0.27,8.96,0.037,10.3,90.5,0.996303,3.05,0.37,10.212920499
5.79,0.322,0.35,5.63,0.043,57.7,202.7,0.992347,3.21,0.38,10.779225276
4.85,0.378,0.2,9.93,0.034,55.9,173.4,0.992824,3.43,0.41,10.332622042
7.02,0.359,0.13,2.22,0.038,13.9,31.5,0.991217,3.41,0.54,13.753774866
7.26,0.458,0.36,2.2,0.085,6.3,39.4,0.995999,3.15,0.32,9.322867029
8.46,0.366,0.33,4.79,0.081,9.4,12.6,0.997941,3.35,0.84,11.75570889
7.94,0.425,0.39,1.59,0.099,11.1,106.8,0.996903,3.5,0.96,9.92055206
5.7,0.257,0.3,13.67,0.03,33.2,164.3,0.995138,3.3,0.32,9.346495542
6.87,0.251,0.3,10.47,0.064,33.1,144.3,0.997263,3.17,0.81,9.010733319
6.92,0.159,0.47,2.79,0.046,36.4,179.7,0.991753,3.11,0.35,10.731068087
7.75,0.236,0.45,10.54,0.029,44.3,194.2,0.994699,2.93,0.4,8.745044035
7.51,0.352,0.29,6.79,0.036,29.3,190.9,0.994493,3.08,0.41,9.752128062
7.84,0.248,0.49,6.36,0.062,25.2,154.6,0.996041,3.11,0.42,9.724096988
8.86,0.424,0.28,9.27,0.041,21.5,158.5,0.999418,3.2,0.32,9.313731268
6.54,0.248,0.23,4.69,0.047,39.7,93.3,0.994631,3.47,0.35,10.905325809
7.02,0.424,0.26,1.75,0.1,20.5,131.7,0.995041,3.3,0.38,9.549420648
9.82,0.384,0.35,2.36,0.045,25.0,25.9,0.99477,3.24,1.33,11.038812237
6.37,0.199,0.26,2.4,0.044,34.2,92.8,0.992165,3.08,0.31,10.548317709
6.68,0.453,0.36,14.39,0.031,39.1,104.4,0.995705,3.25,1.01,10.74373289
6.74,0.173,0.33,4.68,0.029,27.5,143.7,0.993054,3.01,0.37,10.570117841
6.08,0.338,0.32,4.75,0.075,26.1,126.7,0.994332,3.45,0.49,11.040519277
7.98,0.266,0.21,2.46,0.059,29.9,79.7,0.995275,3.14,0.46,10.206499949
6.31,0.197,0.4,12.81,0.053,46.6,176.4,0.994622,3.01,0.42,9.679369781
7.43,0.34,0.3,6.81,0.104,27.5,91.3,0.997163,3.19,0.86,9.882167297
7.37,0.159,0.58,4.3,0.059,66.7,272.4,0.995162,3.2,0.93,9.444583201
6.73,0.174,0.33,4.75,0.015,35.7,136.7,0.991661,3.19,0.37,10.675810762
6.74,0.457,0.4,6.52,0.043,49.3,171.2,0.993273,3.09,0.43,10.927182277
10.26,0.346,0.55,6.12,0.081,10.3,6.0,0.999335,3.15,0.98,10.149908359
5.81,0.426,0.14,1.52,0.07,32.3,52.0,0.990268,3.38,0.73,11.305861056
6.72,0.166,0.35,6.4,0.046,70.0,192.9,0.992669,3.04,0.44,10.00020809
7.43,0.434,0.1,3.01,0.091,43.8,138.8,0.992138,3.1,0.33,12.108609725
6.26,0.256,0.18,1.37,0.024,13.3,69.8,0.992736,3.24,0.53,9.824393947
7.64,0.386,0.3,0.87,0.027,56.4,88.8,0.988916,3.21,0.32,14.291788666
6.59,0.293,0.29,3.39,0.053,22.2,113.5,0.992695,3.26,0.36,9.895606106
10.49,0.572,0.44,2.89,0.087,9.0,61.1,0.99649,3.1,0.53,10.95064488
10.74,0.197,0.5,8.56,0.037,27.9,60.8,0.999756,3.21,0.44,11.155064637
6.77,0.303,0.35,12.18,0.061,90.9,197.6,0.997381,3.16,0.38,9.495322798
7.81,0.278,0.45,2.53,0.053,37.2,145.5,0.995186,3.3,0.92,10.499051536
6.54,0.132,0.28,1.23,0.053,21.4,60.1,0.995055,3.36,0.86,9.429057673
7.21,0.307,0.16,2.6,0.06,9.5,6.0,0.993589,3.1,0.31,10.056908496
7.01,0.155,0.43,0.74,0.028,19.6,145.0,0.991063,3.26,0.79,10.596854944
7.12,0.196,0.35,4.79,0.054,28.7,166.6,0.997862,3.05,0.32,8.720296037
7.51,0.298,0.27,1.42,0.033,50.8,89.9,0.991278,3.07,0.74,11.503240487
6.24,0.298,0.27,1.27,0.044,28.8,119.3,0.988592,3.2,0.7,12.868998199
7.36,0.237,0.26,1.18,0.061,58.9,91.2,0.991967,3.22,0.31,9.992339011
5.95,0.305,0.05,3.18,0.049,75.7,189.5,0.992447,3.42,0.47,10.370083459
6.82,0.294,0.23,9.92,0.058,22.6,121.2,0.99643,3.35,0.4,10.439194641
6.7,0.255,0.14,2.82,0.066,19.1,69.2,0.991458,3.17,0.32,11.407718975
7.54,0.617,0.12,2.76,0.062,12.8,50.1,0.995373,3.36,1.13,10.419526571
7.35,0.297,0.42,6.6,0.061,30.8,142.9,0.999493,3.32,0.36,8.741832139
6.39,0.292,0.41,3.68,0.019,32.5,151.4,0.990123,3.01,0.38,10.335641164
7.85,0.158,0.48,7.41,0.063,17.7,117.2,0.997457,2.97,0.99,9.420123663
5.81,0.576,0.14,1.56,0.043,11.1,109.6,0.992239,3.42,0.31,10.808870511
7.43,0.455,0.28,7.64,0.063,39.6,151.3,0.995058,3.08,0.57,10.115722399
7.26,0.574,0.24,2.48,0.071,16.1,99.9,0.995626,3.46,0.97,10.355862694
5.42,0.297,0.33,7.32,0.03,34.1,161.4,0.994285,3.23,0.48,9.862018868
6.42,0.401,0.23,2.3,0.039,37.7,117.6,0.990288,3.5,0.76,13.280180009
8.4,0.242,0.46,2.22,0.088,12.1,83.1,0.995031,3.18,0.33,10.589671665
9.91,0.604,0.41,3.74,0.098,16.4,68.7,0.998859,3.09,0.52,9.266275119
6.9,0.374,0.41,3.91,0.08,34.6,165.7,0.991895,3.14,0.31,11.392600534
9.29,0.291,0.89,1.55,0.082,28.2,93.2,0.995576,3.06,1.19,10.465822806
8.03,0.16,0.67,9.94,0.026,43.6,158.7,0.99367,3.02,0.31,11.125184989
7.16,0.398,0.39,3.14,0.036,42.0,122.5,0.993326,3.19,0.43,10.857894142
7.22,0.22,0.47,3.85,0.034,73.1,196.2,0.99204,3.13,0.52,10.816392405
8.49,0.57,0.05,1.91,0.068,32.6,53.5,0.996322,3.38,0.52,11.377208344
7.02,0.166,0.46,4.96,0.057,35.5,129.9,0.994729,3.49,0.36,11.611528848
8.44,0.364,0.23,2.89,0.082,21.5,151.7,0.997946,2.98,0.64,8.838830404
7.3,0.385,0.29,3.93,0.037,42.0,175.4,0.995206,3.21,0.36,9.811820893
5.65,0.135,0.42,18.24,0.034,83.2,302.9,0.996046,2.92,0.33,8.608211407
8.25,0.465,0.63,15.36,0.041,23.4,164.0,0.997307,3.25,0.33,11.32671617
7.36,0.17,0.23,1.53,0.038,21.3,93.4,0.991,3.09,0.47,10.679262438
5.88,0.243,0.11,3.51,0.041,39.9,136.8,0.992571,3.05,0.34,10.145663338
8.62,0.131,0.46,2.42,0.054,21.0,124.2,0.994462,3.16,0.33,9.994962277
7.34,0.225,0.27,3.3,0.041,21.2,77.7,0.994635,3.1,0.36,9.261701979
8.73,0.163,0.46,12.31,0.037,35.6,138.2,0.995135,3.0,0.33,11.010878408
8.52,0.368,0.38,6.13,0.028,42.0,123.0,0.992478,3.33,0.52,13.048616791
8.44,0.465,0.31,4.67,0.061,13.0,67.4,0.997234,3.14,0.78,10.080249938
6.85,0.303,0.43,4.82,0.068,35.4,109.6,0.99343,2.99,0.32,10.659843926
5.63,0.235,0.31,5.19,0.04,79.7,271.3,0.991567,3.14,0.31,9.94895457
5.51,0.272,0.37,6.13,0.025,30.2,139.1,0.99149,3.3,0.51,11.449607947
7.26,0.567,0.34,3.4,0.073,25.4,145.5,0.997369,3.33,0.33,9.773955207
6.63,0.411,0.16,4.18,0.029,65.7,141.3,0.994108,3.27,0.73,10.133511285
8.4,0.147,0.44,3.47,0.042,63.3,156.4,0.993562,2.95,0.7,10.321586936
7.57,0.296,0.28,4.83,0.046,20.2,88.8,0.99608,3.4,0.8,10.907205462
6.12,0.235,0.49,2.68,0.022,14.9,61.6,0.987846,3.25,0.39,14.051947973
6.26,0.349,0.13,1.14,0.03,9.8,25.8,0.993457,3.49,0.46,11.378414541
8.19,0.27,0.2,13.28,0.053,16.9,70.6,1.000635,3.04,0.36,8.615082527
7.66,0.376,0.17,0.87,0.084,42.9,126.8,0.992361,3.34,0.39,10.946286909
5.62,0.493,0.2,2.25,0.02,21.4,49.5,0.99078,3.08,0.33,11.76655682
9.32,0.461,0.45,6.96,0.075,50.1,96.5,0.998894,3.2,0.52,10.196032852
7.29,0.147,0.37,10.12,0.026,10.4,152.9,0.993302,3.01,0.64,11.902410807
6.14,0.32,0.3,7.48,0.018,18.2,173.7,0.991164,2.92,0.33,10.180396373
6.63,0.27,0.46,0.84,0.077,34.2,113.1,0.992842,3.37,0.46,10.03936232
7.62,0.188,0.49,2.87,0.032,20.3,185.9,0.990842,3.11,0.34,11.14433249
6.97,0.288,0.17,1.8,0.056,16.4,64.3,0.992032,3.31,0.45,11.579990982
6.47,0.119,0.55,11.25,0.023,43.0,177.0,0.993866,3.07,0.31,8.833447723
10.08,0.465,0.36,1.08,0.048,16.4,114.3,0.994195,3.13,0.33,11.395302053
7.32,0.456,0.18,9.84,0.052,10.5,85.1,0.997329,3.21,0.82,9.797285414
8.45,0.382,0.4,9.64,0.054,27.5,99.8,0.998572,3.07,0.38,10.007092213
7.35,0.363,0.21,3.2,0.025,12.7,54.4,0.991222,3.26,0.35,13.47209897
6.81,0.344,0.31,6.47,0.055,25.4,184.1,0.996966,3.37,0.58,9.608295166
6.18,0.167,0.53,12.73,0.035,97.1,224.7,0.990976,3.03,0.32,13.87356473
7.03,0.432,0.35,9.83,0.071,28.8,114.4,0.998805,3.32,0.84,9.275554587
5.84,0.416,0.11,3.56,0.058,20.5,120.9,0.993498,3.23,0.32,10.016946095
7.76,0.354,0.43,10.97,0.094,20.0,92.7,1.00144,3.01,0.32,8.390158027
9.3,0.136,0.68,3.15,0.072,11.8,91.3,0.997004,3.26,0.76,10.651640699
7.1,0.207,0.32,6.19,0.035,55.5,151.4,0.993357,3.22,0.41,10.304923152
8.91,0.356,0.49,3.39,0.049,3.0,6.0,0.993818,2.95,0.67,11.323062207
7.94,0.191,0.77,15.91,0.045,17.4,158.5,0.996795,3.12,0.36,10.450997765
5.81,0.254,0.33,13.08,0.03,69.7,208.2,0.99527,3.07,0.47,9.485344258
5.96,0.321,0.53,15.82,0.022,35.2,209.0,0.995531,3.12,0.32,9.529482115
7.88,0.196,0.45,3.09,0.065,38.5,139.7,0.993289,3.26,0.52,11.424831797
7.5,0.242,0.34,5.16,0.056,59.6,110.8,0.996521,3.18,0.47,9.42785881
5.49,0.22,0.42,23.72,0.029,92.8,277.3,0.996427,2.92,0.46,9.119888038
10.79,0.383,0.34,3.53,0.043,30.7,79.8,0.99527,3.2,0.58,12.988985498
5.23,0.306,0.09,3.99,0.028,68.2,223.7,0.992648,3.54,0.5,10.789528596
6.34,0.153,0.25,1.7,0.027,29.3,84.9,0.992057,3.22,0.5,10.649228128
7.53,0.426,0.38,7.22,0.031,17.9,56.9,0.995763,3.1,0.47,10.16159017
8.51,0.636,0.11,3.06,0.107,19.9,66.5,0.997769,3.48,0.86,9.892367686
6.32,0.236,0.37,19.23,0.087,52.5,146.9,1.000266,3.19,0.9,8.780957737
6.53,0.258,0.3,1.93,0.079,58.5,154.7,0.99445,3.36,0.46,9.087288227
6.11,0.409,0.19,10.16,0.061,34.3,142.4,0.996344,3.31,0.45,9.681641935
6.6,0.514,0.15,4.3,0.049,72.2,225.1,0.996324,3.35,0.36,8.871347365
5.66,0.467,0.25,16.67,0.05,27.7,176.0,0.997118,3.29,0.75,9.025302376
8.2,0.316,0.32,21.81,0.048,22.1,168.5,0.999161,3.2,0.45,9.496551595
7.76,0.638,0.25,2.89,0.069,13.5,22.8,0.998717,3.45,1.23,9.836079033
8.56,0.272,0.4,3.89,0.062,37.7,176.7,0.994657,3.02,0.66,9.354791705
7.62,0.38,0.42,2.56,0.061,14.1,58.5,0.992392,3.2,0.84,12.874834121
7.3,0.46,0.36,18.74,0.061,34.6,140.9,0.999729,3.09,0.35,9.085788194
7.41,0.242,0.49,10.04,0.053,56.2,86.8,0.995639,3.34,0.43,11.908330247
7.43,0.293,0.2,1.56,0.053,16.2,58.2,0.993435,3.34,0.8,11.246106897
6.81,0.218,0.13,4.41,0.033,19.4,127.3,0.992156,3.11,0.33,11.938553722
6.17,0.505,0.25,0.94,0.069,26.4,79.3,0.992311,3.5,0.41,11.812415327
6.27,0.185,0.37,21.95,0.04,50.3,227.0,0.998261,2.97,0.32,8.837639464
8.74,0.479,0.19,2.98,0.091,23.2,43.4,0.996264,3.12,0.38,8.917770073
6.11,0.279,0.27,12.26,0.047,48.3,124.4,0.993528,2.92,0.31,9.602710577
7.33,0.195,0.26,13.2,0.025,46.1,221.4,0.995045,3.07,0.32,10.495871131
8.04,0.678,0.21,4.62,0.038,18.7,126.4,0.993116,3.33,0.58,12.924103238
5.25,0.236,0.21,1.2,0.033,54.3,215.7,0.988854,3.35,0.5,11.686870969
6.72,0.383,0.05,4.84,0.053,20.8,75.8,0.997524,3.32,0.43,9.648667726
7.52,0.538,0.19,1.72,0.052,12.9,101.6,0.993814,3.34,0.62,11.904542056
7.79,0.292,0.46,4.1,0.048,13.0,93.4,0.994352,3.39,0.82,12.314798312
6.66,0.273,0.12,0.88,0.036,34.7,131.9,0.989142,3.39,0.35,11.969735121
7.08,0.351,0.41,2.72,0.098,28.6,134.3,0.993573,3.13,0.72,9.610827262
5.77,0.638,0.12,5.29,0.023,26.9,109.1,0.994087,3.14,0.36,10.023643044
10.93,0.377,0.59,1.48,0.061,24.2,84.1,0.996477,3.15,0.48,9.905686702
5.56,0.241,0.44,8.51,0.053,78.0,283.6,0.994928,3.22,0.46,9.633702236
6.55,0.208,0.38,8.04,0.048,48.7,176.6,0.995399,3.09,0.46,9.462437634
6.18,0.254,0.25,1.37,0.06,6.3,15.9,0.996398,3.75,0.74,10.983104477
5.46,0.18,0.19,11.88,0.044,47.8,155.8,0.99247,3.34,0.54,10.699583764
8.57,0.462,0.54,5.21,0.061,38.9,161.1,0.995466,2.95,0.37,9.520856438
8.18,0.344,0.36,3.12,0.056,38.3,89.9,0.996023,3.26,0.32,9.8729318
7.7,0.299,0.51,3.12,0.031,20.1,74.6,0.994641,3.26,0.37,10.655538343
8.75,0.269,0.52,8.38,0.072,39.4,128.4,0.997071,3.16,0.34,10.148803282
8.12,0.459,0.37,8.78,0.04,16.3,98.9,0.995678,3.0,0.42,12.202457416
6.62,0.31,0.4,4.58,0.073,26.0,165.1,0.995269,3.31,0.36,9.551603463
8.49,0.326,0.16,7.53,0.036,68.6,67.2,0.995234,3.05,0.59,11.015743006
5.71,0.508,0.12,3.53,0.076,14.3,39.2,0.991988,3.2,0.31,11.21013185
6.66,0.17,0.48,1.49,0.05,41.3,184.0,0.991684,3.15,0.34,10.070078613
8.47,0.38,0.6,5.37,0.058,29.4,161.6,0.996735,3.0,0.35,10.034241742
6.17,0.424,0.23,17.43,0.041,28.2,151.4,0.994919,3.2,0.44,11.482933424
6.69,0.227,0.23,1.78,0.042,18.6,97.1,0.991089,3.1,0.33,9.994040633
8.6,0.122,0.48,18.28,0.041,41.0,125.3,0.998878,3.12,0.34,9.914345093
6.52,0.47,0.11,1.79,0.039,47.0,107.2,0.991482,3.23,0.97,12.005449269
7.27,0.27,0.16,3.73,0.045,25.9,171.9,0.993618,3.09,0.32,9.664719975
7.07,0.458,0.25,8.9,0.04,28.2,112.8,0.991908,3.11,0.44,13.962963419
7.51,0.557,0.29,1.87,0.093,45.1,50.9,0.993294,3.19,0.69,12.421324409
7.81,0.449,0.17,0.74,0.065,5.5,40.6,0.993286,3.57,0.6,11.440244805
6.92,0.197,0.4,4.57,0.036,119.3,191.7,0.989846,2.9,0.34,11.786978634
10.19,0.304,0.23,2.33,0.048,39.4,156.7,0.993837,3.24,0.59,11.862746588
8.31,0.303,0.28,7.22,0.054,16.3,134.6,0.995533,3.01,0.38,11.13305599
8.01,0.395,0.23,2.51,0.061,7.1,66.7,0.997143,3.37,1.37,9.588995904
5.76,0.132,0.57,1.87,0.05,56.5,168.0,0.991501,3.25,0.45,9.847075194
6.62,0.201,0.43,8.32,0.079,42.7,147.8,0.994718,2.96,0.31,9.733669517
6.68,0.381,0.31,2.23,0.049,44.7,49.9,0.99426,3.52,0.32,11.065475576
6.7,0.64,0.51,3.42,0.123,23.3,65.6,0.995647,3.32,0.6,9.541214707
7.83,0.408,0.14,1.3,0.074,5.3,6.0,0.991176,3.38,1.11,14.406638835
7.48,0.224,0.31,6.08,0.042,75.4,161.6,0.992995,3.37,0.31,11.39386687
5.59,0.275,0.17,2.85,0.029,21.6,198.0,0.992479,3.2,0.44,9.214310951
5.56,0.248,0.25,1.96,0.038,50.9,193.0,0.990491,3.02,0.34,10.285408954
6.47,0.362,0.05,1.57,0.058,17.6,113.0,0.993588,3.26,0.43,9.903303353
5.43,0.186,0.21,2.28,0.02,27.3,122.6,0.990753,3.34,0.76,10.541622771
8.38,0.215,0.55,11.8,0.043,29.4,137.1,0.997977,3.18,0.55,9.870232321
5.66,0.34,0.13,9.07,0.038,42.1,162.7,0.994224,3.23,0.6,10.413394544
10.91,0.343,0.41,1.8,0.104,24.2,107.2,0.997177,2.98,0.36,9.564251713
6.74,0.494,0.22,5.8,0.058,17.7,84.5,0.995346,3.18,0.37,10.770740484
6.43,0.472,0.2,7.7,0.057,60.5,135.1,0.995438,3.17,0.34,10.854301381
5.99,0.156,0.36,1.5,0.034,39.4,143.3,0.990647,3.12,0.35,10.683694901
8.26,0.41,0.08,2.66,0.052,27.4,84.8,0.993569,2.9,0.37,10.944169765
7.55,0.417,0.27,4.38,0.062,41.1,97.4,0.994332,3.28,0.31,11.151476225
8.89,0.324,0.28,2.41,0.052,26.9,45.5,0.99575,3.2,0.52,11.309305731
9.62,0.237,0.41,0.96,0.067,21.5,34.6,0.993421,3.16,0.82,11.78071328
10.98,0.18,0.59,5.72,0.054,24.4,149.5,1.000727,2.94,0.6,8.978492251
6.82,0.308,0.24,3.23,0.051,40.9,139.8,0.994969,3.19,0.78,10.263572689
6.39,0.407,0.14,6.99,0.046,32.3,144.8,0.994115,3.38,0.75,12.416254057
11.88,0.259,0.74,5.04,0.049,19.7,120.0,0.997209,2.88,0.49,11.211777097
9.14,0.331,0.22,2.76,0.052,7.6,55.7,0.994965,3.24,0.44,10.861540286
8.13,0.306,0.27,8.61,0.098,47.6,143.7,0.998107,3.09,0.7,8.690131683
5.52,0.581,0.0,3.62,0.044,35.9,141.2,0.992782,3.38,0.5,9.78976927
6.93,0.174,0.11,1.68,0.096,43.3,101.5,0.996551,3.4,0.63,9.850322014
6.84,0.117,0.64,7.42,0.027,65.1,263.9,0.993122,3.03,0.55,10.342699141
7.72,0.337,0.28,1.98,0.04,11.7,72.7,0.991718,3.1,0.85,12.826614184
5.06,0.151,0.35,13.5,0.021,59.1,215.1,0.992991,3.27,0.32,9.840271937
6.66,0.35,0.16,2.19,0.045,20.5,86.0,0.990085,3.12,0.53,12.845922415
6.23,0.41,0.07,3.18,0.083,17.1,89.5,0.993022,3.2,0.31,10.561563447
7.52,0.213,0.37,7.61,0.034,49.2,117.9,0.993939,3.38,0.34,12.031674387
10.94,0.411,0.43,15.63,0.065,27.9,115.0,1.002744,2.92,0.95,9.227502318
6.98,0.332,0.23,3.39,0.051,13.6,95.6,0.994442,3.42,0.51,10.850438
6.89,0.343,0.27,3.7,0.068,11.2,96.7,0.994401,3.38,0.45,10.489940074
6.28,0.622,0.29,1.76,0.061,10.2,52.0,0.992349,3.25,0.81,10.5197663
8.54,0.554,0.41,7.82,0.069,13.5,124.6,0.997535,3.3,0.73,10.767773015
5.49,0.433,0.19,2.71,0.025,16.1,37.2,0.991332,3.33,0.32,12.406041766
6.74,0.181,0.42,6.68,0.05,26.9,78.2,0.997216,3.38,0.43,9.822257332
7.97,0.434,0.46,10.16,0.046,15.8,70.8,1.001805,3.18,0.37,8.795237425
7.32,0.333,0.5,3.92,0.051,26.0,164.5,0.995212,3.08,0.48,9.906707287
5.93,0.255,0.5,5.7,0.044,98.8,153.9,0.993152,3.24,0.33,10.374673547
6.75,0.195,0.03,1.35,0.038,29.3,101.2,0.993143,3.2,0.49,9.728892088
8.61,0.213,0.48,16.75,0.066,45.5,192.1,0.997766,3.03,0.44,9.739785361
6.13,0.384,0.43,4.18,0.056,14.9,134.0,0.995294,3.23,0.32,10.441241371
8.27,0.513,0.31,1.21,0.045,19.8,129.8,0.992317,2.94,1.02,9.505192726
8.45,0.228,0.6,13.03,0.049,28.9,108.5,0.998322,3.28,0.32,10.660198973
6.91,0.405,0.44,3.58,0.068,24.6,113.8,0.996522,3.31,0.67,10.774707324
5.4,0.181,0.38,4.72,0.073,48.9,101.3,0.995862,3.51,0.69,10.174638138
7.58,0.65,0.22,8.55,0.05,40.5,170.6,0.99668,3.48,0.36,9.630900534
6.33,0.235,0.07,5.82,0.093,21.1,47.6,0.995341,3.02,0.32,9.149694538
7.0,0.179,0.5,3.52,0.037,38.1,168.8,0.99168,3.03,0.35,11.159373565
7.8,0.381,0.45,18.34,0.04,36.6,151.1,0.996939,3.13,0.42,10.886580697
5.88,0.553,0.23,2.94,0.039,9.7,103.1,0.991811,3.31,0.37,11.248511012
7.34,0.469,0.48,2.62,0.081,32.1,105.3,0.995596,3.25,0.33,10.111328702
5.29,0.3,0.28,1.33,0.031,42.2,138.2,0.988368,3.53,0.41,12.717690343
7.33,0.277,0.4,8.71,0.044,56.3,167.7,0.996604,3.12,0.46,9.269069462
7.86,0.437,0.33,2.82,0.053,44.7,191.6,0.994846,3.18,0.41,10.70000014
6.3,0.345,0.53,2.88,0.039,20.7,73.9,0.990625,3.04,0.34,11.267279977
8.32,0.142,0.39,6.2,0.027,26.2,45.1,0.992121,3.06,0.36,12.951558319
5.29,0.508,0.21,9.77,0.054,34.7,169.8,0.992566,3.14,0.34,10.130524084
9.91,0.386,0.31,1.73,0.077,6.5,9.1,0.995991,3.15,0.77,11.702491259
5.98,0.188,0.22,1.83,0.069,31.7,118.5,0.99372,3.27,0.73,9.250704197
5.79,0.269,0.31,11.34,0.032,44.1,152.5,0.994346,3.25,0.32,10.077327101
7.06,0.282,0.31,5.52,0.045,53.5,168.0,0.99633,3.34,0.31,10.108551666
6.03,0.385,0.13,3.59,0.047,19.1,142.7,0.992935,3.37,0.34,11.595142118
8.61,0.489,0.16,0.8,0.051,3.6,6.0,0.993846,3.4,0.32,12.145663699
6.52,0.155,0.2,1.55,0.028,24.9,111.5,0.992208,3.4,0.4,9.705183234
4.58,0.342,0.21,0.8,0.025,13.7,123.4,0.98711,3.49,0.37,14.9
7.68,0.263,0.45,10.35,0.041,25.1,174.9,0.99898,3.19,0.4,9.073329182
6.99,0.434,0.16,9.38,0.079,8.6,59.1,0.998135,3.29,0.33,10.510628002
7.13,0.347,0.39,1.83,0.075,17.3,81.1,0.991991,3.32,0.4,13.19393705
7.5,0.474,0.13,4.4,0.052,15.4,73.6,0.997242,3.34,1.04,9.278855043
6.22,0.361,0.36,6.22,0.036,31.9,103.5,0.99281,3.49,0.81,12.438015254
5.11,0.211,0.11,3.97,0.078,12.3,76.8,0.989992,3.37,0.32,12.302872411
6.24,0.452,0.36,6.53,0.061,57.0,164.8,0.994686,3.32,0.41,10.75701677
7.48,0.176,0.31,22.99,0.051,48.2,157.9,0.998914,2.88,0.38,9.776720473
7.41,0.34,0.16,11.09,0.063,21.7,137.3,1.001072,3.38,0.38,9.39024141
5.86,0.52,0.02,5.62,0.027,24.8,119.4,0.991006,3.37,0.47,11.717159056
6.63,0.536,0.14,3.85,0.058,24.8,61.5,0.99786,3.49,0.75,10.068692402
7.07,0.26,0.35,4.56,0.065,23.3,74.4,0.995607,3.33,0.55,9.709020039
6.84,0.343,0.27,11.89,0.057,42.8,108.6,0.996027,2.98,0.32,10.168641834
9.76,0.188,0.61,5.77,0.046,24.1,107.2,0.996751,3.23,0.34,10.192571924
7.37,0.419,0.41,4.01,0.108,40.0,127.0,0.996557,3.21,0.54,9.489187134
6.6,0.369,0.13,1.42,0.034,7.1,20.0,0.989524,3.13,0.55,11.657743732
9.28,0.242,0.4,0.92,0.058,2.7,16.2,0.992553,3.19,0.67,11.826332676
6.3,0.276,0.57,5.2,0.057,60.1,208.8,0.993404,3.08,0.49,10.350366266
7.37,0.29,0.5,7.19,0.038,31.8,118.6,0.99175,3.09,0.33,11.277499313
6.7,0.204,0.21,7.1,0.045,21.7,148.7,0.995792,3.1,0.42,9.619481063
7.63,0.341,0.44,9.25,0.035,70.1,141.7,0.995122,3.06,0.5,10.347396757
8.11,0.46,0.21,12.66,0.07,11.0,34.0,0.997959,3.0,0.5,9.818964374
8.32,0.54,0.3,0.73,0.071,18.5,70.6,0.991473,3.09,0.51,12.184913505
7.79,0.392,0.27,4.27,0.076,40.6,180.0,0.995554,3.07,0.51,10.06883209
9.19,0.339,0.54,9.07,0.035,21.9,113.6,0.997705,3.05,0.32,10.047029731
8.61,0.385,0.22,3.29,0.043,22.6,95.8,0.996249,3.49,0.33,10.699080781
7.75,0.227,0.51,0.87,0.037,54.1,163.5,0.991375,3.17,0.44,10.831179961
8.22,0.506,0.09,7.5,0.066,32.0,108.3,0.998839,3.42,0.95,9.653705309
9.89,0.341,0.33,2.98,0.048,29.9,53.5,0.993886,2.98,0.47,11.593701092
7.28,0.323,0.22,3.11,0.031,10.7,142.3,0.995197,3.1,0.34,9.477557575
7.04,0.328,0.45,3.52,0.041,9.9,140.8,0.995839,3.36,0.42,9.881194484
6.75,0.308,0.29,2.44,0.054,16.1,55.0,0.994788,3.33,0.6,10.158916357
6.14,0.213,0.28,3.14,0.022,20.1,108.3,0.991236,3.08,0.44,10.550787048
7.15,0.312,0.08,2.6,0.022,62.0,209.8,0.992237,3.36,0.45,10.797259871
5.77,0.225,0.4,2.47,0.036,32.0,161.4,0.99085,3.51,0.32,11.526116664
6.41,0.277,0.27,5.22,0.035,35.3,159.5,0.994317,3.33,0.38,10.309828511
5.52,0.435,0.19,3.15,0.065,7.8,40.5,0.994349,3.56,0.39,9.976713357
9.26,0.378,0.3,3.34,0.048,8.4,64.1,0.994778,3.25,0.53,12.111201371
8.22,0.249,0.3,4.59,0.059,35.5,198.5,1.001894,3.33,1.12,8.284729037
6.69,0.371,0.26,1.32,0.033,14.0,73.8,0.99118,3.07,0.36,11.513299437
6.5,0.46,0.49,6.1,0.066,24.3,130.9,0.995575,3.02,0.38,9.147450231
6.38,0.244,0.21,3.4,0.049,49.5,63.3,0.997311,3.65,1.01,9.00039991
7.54,0.243,0.28,1.32,0.077,24.4,20.2,0.992715,3.31,0.41,10.78694862
7.73,0.295,0.42,2.02,0.095,19.2,93.0,0.999368,3.16,1.48,8.783418074
7.02,0.538,0.16,1.29,0.086,24.0,76.7,0.994052,3.52,0.77,10.176050698
5.75,0.386,0.17,7.87,0.038,47.1,192.8,0.992778,3.13,0.31,11.086114866
9.07,0.357,0.2,3.23,0.04,19.0,99.2,0.995862,3.24,0.34,10.965510189
6.24,0.707,0.0,0.93,0.049,8.2,36.8,0.992318,3.66,0.44,12.302724573
6.56,0.797,0.11,1.36,0.083,4.6,59.9,0.99258,3.33,0.89,11.238888487
5.42,0.227,0.41,6.67,0.04,36.0,197.8,0.996516,3.19,0.37,8.504490901
5.42,0.255,0.19,2.07,0.042,34.7,177.7,0.993412,3.31,0.41,9.314692196
6.76,0.335,0.2,9.37,0.045,16.2,55.5,0.994006,3.18,0.33,11.281268762
8.94,0.603,0.35,4.28,0.186,33.0,99.7,1.002032,3.18,1.16,8.642171006
6.17,0.319,0.25,3.08,0.057,22.2,110.8,0.99325,3.33,0.51,10.681354588
10.19,0.474,0.33,3.98,0.09,14.2,85.9,0.998926,3.03,0.67,9.547648667
6.66,0.555,0.0,4.49,0.048,8.9,6.0,0.996229,3.46,0.54,10.094232313
6.04,0.195,0.44,1.9,0.065,43.8,163.4,0.993298,3.41,0.32,9.715934428
8.17,0.414,0.5,11.17,0.118,67.7,173.0,0.999381,3.19,0.53,9.706403774
7.45,0.29,0.18,1.49,0.081,31.4,112.8,0.99498,3.32,0.32,10.082854008
7.91,0.372,0.33,2.68,0.11,26.8,89.9,0.997649,3.5,0.52,9.550335114
7.51,0.331,0.2,16.39,0.038,34.4,139.6,0.999238,3.27,0.33,9.372285615
7.31,0.184,0.29,2.13,0.061,22.6,149.1,0.992615,3.17,0.34,10.154286547
7.62,0.453,0.09,17.28,0.099,12.9,68.4,1.003614,3.39,0.4,8.766165965
6.34,0.596,0.21,6.03,0.081,33.4,198.7,0.996987,3.38,0.62,9.604832676
7.94,0.489,0.33,1.33,0.072,17.7,59.2,0.99483,3.27,0.86,11.075012112
5.03,0.303,0.28,11.02,0.044,33.7,158.9,0.995073,3.28,0.34,9.944296518
6.81,0.341,0.52,12.0,0.042,71.1,269.3,0.997846,3.3,0.33,9.136480072
5.68,0.285,0.43,6.34,0.042,44.4,196.4,0.992864,3.13,0.34,9.764496868
7.22,0.385,0.38,3.83,0.071,35.5,169.7,0.993259,3.23,0.59,11.346640895
6.49,0.125,0.47,1.49,0.015,20.0,87.0,0.98711,3.24,0.56,14.9
7.57,0.267,0.2,9.85,0.042,46.5,164.9,0.995718,3.05,0.32,10.618316828
6.13,0.157,0.36,2.94,0.019,51.9,150.8,0.991167,3.25,0.52,10.269092333
6.04,0.331,0.28,4.9,0.062,38.8,148.8,0.994698,3.5,0.56,10.36512817
8.89,0.334,0.36,1.15,0.1,18.9,10.1,0.99505,3.22,0.58,9.781114631
6.75,0.293,0.34,1.86,0.048,18.2,91.8,0.993384,3.04,0.42,9.635928796
6.74,0.296,0.2,5.97,0.05,18.9,79.1,0.996267,3.58,0.32,10.666930121
6.58,0.243,0.44,2.34,0.047,6.7,117.1,0.990386,3.03,0.58,11.746518763
7.52,0.165,0.38,2.43,0.06,45.7,194.0,0.997759,3.28,0.38,8.607245685
5.41,0.136,0.3,5.09,0.016,30.8,132.7,0.989715,3.4,0.31,13.342826538
7.11,0.276,0.3,6.67,0.055,39.3,122.9,0.996956,3.27,0.52,10.738176064
5.34,0.534,0.1,1.0,0.047,39.0,146.9,0.990949,3.45,0.34,11.538406364
5.73,0.211,0.26,1.82,0.022,74.7,219.9,0.989023,3.3,0.47,11.404274274
7.36,0.642,0.13,4.34,0.075,11.0,94.6,0.994676,2.95,0.39,9.638819064
8.2,0.294,0.35,3.99,0.04,20.9,156.4,0.994398,3.05,0.45,10.581447411
7.69,0.713,0.21,5.45,0.048,23.2,56.8,0.99481,3.28,0.38,11.317015768
5.69,0.376,0.32,1.04,0.071,35.4,70.8,0.991605,3.32,0.46,10.104083077
7.17,0.13,0.57,6.69,0.033,52.3,140.1,0.992594,3.27,0.32,10.623194176
7.8,0.327,0.13,3.33,0.1,22.9,89.9,0.99776,3.27,0.97,9.861376707
7.05,0.255,0.29,1.24,0.051,28.4,58.5,0.991829,3.12,0.41,10.304516545
6.03,0.132,0.42,8.14,0.07,50.8,144.4,0.992749,3.06,0.31,10.234048694
7.07,0.345,0.35,7.96,0.048,13.1,185.5,0.995554,2.9,0.4,9.109877877
6.19,0.601,0.42,11.35,0.079,36.8,143.7,0.997073,3.09,0.98,9.193783588
8.18,0.623,0.25,2.77,0.055,14.0,8.3,0.992627,3.23,0.4,13.134339365
7.62,0.569,0.42,13.6,0.097,54.4,155.2,0.999475,3.37,0.32,10.027479736
7.16,0.254,0.26,8.62,0.07,14.4,108.3,0.998345,3.26,0.42,9.415438833
8.6,0.377,0.39,13.12,0.037,31.5,120.8,0.993256,2.8,0.32,11.404041312
7.49,0.394,0.31,9.94,0.047,14.8,102.0,0.998773,3.21,0.92,10.391603665
7.37,0.361,0.44,9.46,0.082,55.9,200.5,0.999524,3.18,0.44,8.782918259
7.03,0.204,0.31,1.3,0.047,23.2,34.2,0.995827,3.25,1.15,10.39277829
9.6,0.607,0.23,3.46,0.072,28.3,72.2,0.993767,3.16,0.35,13.326166097
7.89,0.395,0.36,9.14,0.049,38.4,95.4,0.999767,3.03,0.44,9.269293441
6.2,0.284,0.34,11.41,0.032,84.1,194.5,0.995192,3.23,0.36,10.599322576
8.23,0.227,0.43,1.13,0.049,45.2,59.0,0.995762,3.31,1.16,10.330419842
7.86,0.38,0.2,4.18,0.04,6.1,72.6,0.995769,3.14,0.44,9.970021599
8.24,0.22,0.6,4.54,0.032,23.1,113.1,0.99452,3.09,0.68,9.873330156
7.92,0.557,0.17,1.89,0.06,18.7,57.2,0.994859,3.31,0.67,10.628978583
6.24,0.121,0.24,9.1,0.055,42.9,121.9,0.995046,3.37,0.36,9.719248102
8.31,0.626,0.26,7.41,0.087,10.6,97.9,0.999897,3.34,0.36,9.427560297
7.29,0.191,0.36,0.97,0.042,15.5,88.0,0.992227,3.13,0.36,10.284619752
7.82,0.279,0.49,10.32,0.053,25.8,141.7,0.997663,3.09,0.31,9.756583442
8.22,0.248,0.25,11.75,0.076,29.8,101.0,0.998888,3.03,0.36,9.907700673
6.34,0.431,0.32,15.8,0.047,22.1,184.5,0.99979,3.44,1.34,9.684519666
9.15,0.321,0.7,7.83,0.048,35.9,166.5,0.999898,3.14,0.4,8.718208611
6.24,0.221,0.45,3.27,0.034,62.7,230.1,0.992851,3.27,0.32,9.892566038
7.26,0.242,0.21,1.29,0.048,20.5,56.4,0.991648,3.28,0.5,11.846284805
8.34,0.205,0.26,9.63,0.045,37.9,136.1,0.99682,3.13,0.33,9.212324948
9.88,0.252,0.6,0.99,0.038,9.1,90.5,0.992858,3.19,0.39,12.073953959
7.94,0.586,0.32,1.95,0.073,22.0,94.4,0.995666,3.15,0.33,9.501818506
8.82,0.322,0.2,4.1,0.076,19.8,38.5,0.996545,3.2,0.45,10.349064671
7.33,0.349,0.33,8.78,0.046,21.6,94.6,0.995272,3.26,0.47,10.819928508
7.74,0.172,0.28,7.79,0.042,53.7,179.7,0.994096,3.0,0.33,10.164596717
10.54,0.44,0.34,0.83,0.053,2.6,46.9,0.994055,3.25,0.49,10.664430605
6.39,0.241,0.45,5.09,0.018,23.1,132.6,0.992953,3.42,0.36,11.583649345
5.98,0.197,0.27,1.32,0.038,18.0,60.5,0.989126,3.15,0.32,11.471211622
7.22,0.619,0.0,3.98,0.06,16.3,33.4,0.996263,3.1,0.33,9.225586609
7.99,0.495,0.26,20.28,0.107,39.4,270.7,1.002681,3.16,1.37,8.571494731
8.82,0.454,0.52,3.9,0.126,3.8,6.0,1.000389,3.13,0.51,9.774981671
6.35,0.358,0.03,1.76,0.034,17.9,81.3,0.989746,3.45,0.34,13.975224643
8.12,0.361,0.44,4.02,0.069,34.2,142.5,0.996079,3.02,0.39,10.05893658
7.58,0.186,0.36,4.22,0.039,18.5,137.5,0.993409,3.14,0.45,9.963915658
9.29,0.337,0.42,0.95,0.12,6.5,6.0,0.994457,3.31,0.57,11.330977816
6.97,0.274,0.3,7.37,0.041,26.4,155.4,0.993795,3.22,0.32,10.388760286
8.07,0.37,0.52,2.82,0.071,33.7,101.2,0.995,3.35,0.38,10.146717029
8.42,0.175,0.59,7.38,0.055,18.4,146.3,0.998557,3.15,0.72,9.248377974
5.96,0.324,0.23,6.38,0.043,46.9,209.1,0.995723,3.38,0.36,9.593646799
6.1,0.277,0.16,6.31,0.038,40.5,67.3,0.993104,3.29,0.45,12.51842548
6.88,0.366,0.44,8.06,0.031,19.3,170.4,0.994222,3.25,0.97,11.875368919
9.14,0.572,0.4,7.7,0.076,26.6,81.0,1.000011,3.28,0.43,9.187560183
8.0,0.267,0.44,4.81,0.033,46.7,151.5,0.995228,2.96,0.52,10.502859311
7.41,0.283,0.29,6.5,0.046,18.9,67.7,0.993791,3.34,0.93,13.703722474
6.68,0.33,0.27,8.15,0.102,18.6,77.8,0.996513,3.5,0.38,10.521787083
8.05,0.373,0.46,9.44,0.052,39.3,189.6,0.995814,3.33,0.5,10.223585103
6.99,0.349,0.22,7.8,0.035,63.3,210.7,0.994921,3.11,0.48,9.215184059
5.59,0.475,0.16,6.4,0.034,33.0,118.8,0.993359,3.13,0.35,10.434831579
5.57,0.483,0.24,5.74,0.051,21.4,128.1,0.991755,3.5,0.64,12.235106667
6.64,0.287,0.51,6.9,0.06,26.1,154.8,0.999291,3.27,0.7,8.512410293
8.14,0.354,0.24,0.64,0.064,14.1,28.4,0.990673,3.44,1.01,12.735469671
6.42,0.214,0.12,2.9,0.059,29.2,70.0,0.993489,3.09,0.34,9.843201555
5.92,0.581,0.23,0.69,0.057,34.7,104.7,0.988753,3.42,0.51,11.819905039
5.7,0.395,0.26,8.7,0.038,17.7,129.1,0.994067,3.35,0.73,11.393516019
6.5,0.389,0.15,17.87,0.045,22.2,79.8,0.997284,3.16,0.66,10.332732642
6.24,0.379,0.26,4.29,0.034,25.2,113.4,0.991941,3.2,0.32,11.036915599
9.0,0.623,0.23,0.92,0.042,16.5,96.9,0.992575,3.38,0.89,11.841861474
7.19,0.262,0.36,19.65,0.032,69.6,199.9,0.997805,3.13,0.32,10.282963432
7.09,0.178,0.44,6.76,0.05,27.9,114.7,0.997343,3.2,0.39,8.990383534
7.27,0.469,0.27,2.27,0.038,27.9,143.3,0.994605,3.09,0.48,9.773336865
8.06,0.592,0.23,0.97,0.046,4.4,6.0,0.994088,3.61,1.07,12.006880057
6.06,0.154,0.33,4.2,0.03,26.1,147.7,0.993345,3.4,0.4,10.00180235
7.25,0.506,0.25,5.4,0.064,74.1,210.4,0.996285,3.12,0.4,9.208155811
6.01,0.615,0.14,8.57,0.052,37.5,168.4,0.9975,3.31,0.47,9.236462872
6.76,0.265,0.36,13.63,0.072,44.6,173.6,0.997292,3.3,0.93,10.275230315
6.88,0.302,0.25,3.2,0.022,45.1,188.3,0.991541,3.27,0.35,11.206276636
7.97,0.229,0.6,15.49,0.068,61.8,176.6,0.997763,2.89,0.45,9.278729708
6.6,0.245,0.4,6.24,0.055,22.1,104.3,1.000246,3.48,0.42,9.0474984
10.93,0.346,0.45,1.03,0.072,7.9,35.5,0.995019,3.08,0.41,10.366014311
6.69,0.361,0.1,5.05,0.054,14.1,131.6,0.99491,3.25,0.42,9.360890224
8.67,0.381,0.14,6.1,0.06,26.1,94.4,1.001281,3.16,0.75,8.649763538
8.02,0.48,0.34,8.69,0.094,32.2,59.3,0.998758,3.26,0.83,10.131872192
8.85,0.228,0.38,7.5,0.073,23.6,74.1,0.99744,2.95,0.56,10.077348912
6.5,0.195,0.33,4.25,0.069,48.9,178.1,0.995865,3.52,0.33,9.494774642
8.95,0.308,0.45,14.7,0.06,75.9,137.0,0.998622,2.93,0.6,9.641594308
6.87,0.261,0.21,2.08,0.071,16.3,116.4,0.994623,3.26,0.32,9.088749775
7.77,0.293,0.59,9.28,0.051,97.0,199.9,0.996689,3.1,0.45,9.846616008
8.03,0.315,0.18,7.56,0.047,41.3,125.8,0.998633,3.42,0.5,9.66927553
6.75,0.334,0.35,1.46,0.083,37.1,121.7,0.995803,3.47,0.56,9.633295355
7.67,0.532,0.19,2.74,0.029,16.2,70.0,0.994219,3.22,0.33,10.848189316
5.66,0.101,0.37,3.03,0.034,68.0,214.2,0.99093,3.2,0.83,10.972471421
6.65,0.347,0.18,2.3,0.057,45.6,70.8,0.994775,3.42,0.54,9.89253207
7.32,0.299,0.34,7.75,0.11,50.0,134.8,0.994822,3.17,0.45,10.870672056
7.43,0.198,0.22,2.66,0.066,49.7,174.1,0.994794,3.19,0.43,9.726680732
7.04,0.346,0.23,1.51,0.071,57.4,170.5,0.993994,3.25,0.34,9.418609088
8.85,0.443,0.22,2.35,0.159,8.8,28.9,0.999034,3.38,1.31,9.745102313
7.3,0.255,0.34,2.55,0.068,26.6,153.5,0.99633,3.1,0.4,8.792297032
8.2,0.259,0.56,0.95,0.065,19.2,84.2,0.99125,2.97,1.2,10.81984369
6.19,0.588,0.32,4.42,0.073,26.7,118.5,0.996344,3.43,0.36,10.021218155
4.74,0.238,0.26,8.05,0.038,103.2,232.3,0.990976,3.41,0.44,10.498405754
6.68,0.304,0.33,1.04,0.032,19.6,137.9,0.990024,3.09,0.61,11.547342122
6.28,0.425,0.44,11.93,0.045,11.7,142.5,0.994624,3.19,0.36,10.841934611
6.13,0.475,0.05,8.65,0.13,29.4,57.0,0.99822,3.5,0.65,10.704432549
10.43,0.275,0.34,2.61,0.036,8.3,99.7,0.99213,2.72,0.33,12.652805014
8.69,0.306,0.47,7.0,0.061,32.1,103.3,0.998478,3.05,0.49,9.276224262
7.3,0.221,0.6,3.12,0.027,46.7,233.2,0.994353,3.19,0.46,9.92201042
8.51,0.448,0.42,11.6,0.107,32.8,147.5,1.002447,3.02,0.37,8.566790004
7.4,0.395,0.04,15.29,0.088,43.6,140.9,0.999713,3.16,0.44,9.033523997
6.58,0.278,0.24,1.94,0.035,31.0,99.8,0.993155,3.19,0.43,9.820737309
7.51,0.689,0.25,5.91,0.053,25.3,92.7,0.995021,3.33,0.38,11.436832109
8.14,0.258,0.4,14.79,0.052,82.2,232.9,0.999808,3.18,0.56,9.011753047
8.32,0.29,0.56,8.64,0.046,42.6,143.3,0.997497,3.16,0.35,9.940235862
6.66,0.386,0.13,3.07,0.071,19.4,138.4,0.995554,3.24,0.32,9.494980779
6.78,0.207,0.28,1.89,0.012,33.5,154.9,0.989338,3.12,0.32,12.541537845
7.43,0.249,0.36,2.01,0.054,47.0,142.9,0.993435,3.28,0.98,10.291556159
6.96,0.57,0.15,22.53,0.073,23.2,85.8,0.999774,3.14,0.51,9.47830252
7.16,0.266,0.52,5.36,0.04,39.8,141.2,0.993999,2.82,0.31,9.970095037
7.06,0.395,0.03,5.45,0.035,10.1,49.7,0.992638,3.21,0.48,13.067991422
6.05,0.148,0.43,7.32,0.068,66.2,243.9,0.994641,3.24,0.43,10.512049939
8.23,0.48,0.35,2.1,0.04,9.1,6.0,0.99441,3.15,0.37,12.393099181
6.31,0.577,0.32,13.29,0.057,15.3,75.1,0.997548,3.19,0.51,10.321883594
7.6,0.414,0.33,4.18,0.056,28.4,115.9,0.995851,3.17,0.34,8.951844888
8.5,0.318,0.46,3.94,0.101,36.2,124.3,0.995137,3.1,0.73,9.92260567
9.04,0.384,0.38,5.95,0.063,14.5,118.3,0.998491,3.35,0.4,10.622219666
7.37,0.205,0.73,15.62,0.061,19.2,148.3,0.997913,3.04,1.26,9.73645888
6.84,0.647,0.0,2.47,0.045,29.7,90.1,0.992827,3.22,0.31,10.977746242
6.16,0.422,0.28,4.54,0.033,31.3,115.5,0.993432,3.3,0.5,10.628385773
6.2,0.139,0.42,20.97,0.047,75.1,211.2,0.995621,3.06,0.33,9.837797128
5.98,0.39,0.2,1.68,0.035,16.5,101.3,0.99289,3.22,0.41,10.381062629
5.9,0.18,0.14,4.48,0.046,32.3,104.7,0.992569,3.13,0.36,9.727759037
5.82,0.23,0.34,8.24,0.055,55.4,154.1,0.994564,3.11,0.37,9.497593441
4.97,0.247,0.03,8.17,0.022,16.9,174.0,0.990674,3.18,0.31,11.670248279
6.66,0.192,0.63,6.2,0.03,41.2,179.4,0.99174,2.81,0.31,10.149103025
8.75,0.6,0.27,7.88,0.052,39.4,135.2,0.996964,3.31,0.51,11.546290161
6.09,0.342,0.19,6.92,0.032,50.4,153.0,0.992793,3.25,0.33,11.548727717
5.59,0.341,0.46,14.44,0.069,38.8,223.8,1.000129,3.39,0.74,8.662727611
7.95,0.144,0.45,6.45,0.028,25.5,213.0,0.992667,2.85,0.45,9.402997723
7.19,0.373,0.35,2.09,0.047,14.6,112.5,0.993223,3.11,0.32,11.185105205
7.7,0.533,0.39,1.41,0.059,20.8,93.8,0.991767,3.25,0.64,11.154811608
10.34,0.445,0.45,2.64,0.122,17.3,59.9,1.002306,3.3,1.04,8.960102847
6.94,0.118,0.56,1.08,0.058,34.1,102.7,0.989511,3.26,0.42,12.882218791
7.56,0.262,0.43,7.12,0.063,27.7,230.7,0.996108,3.21,0.43,9.14303513
8.74,0.552,0.28,1.39,0.16,7.7,59.5,0.994686,3.17,0.38,10.39172586
6.82,0.179,0.45,0.99,0.076,59.8,102.6,0.990754,2.94,0.48,10.659576961
6.36,0.278,0.24,7.93,0.026,29.5,144.5,0.990831,3.04,0.44,12.250379975
6.75,0.208,0.46,6.47,0.047,26.3,131.5,0.99501,3.43,0.32,11.064724911
9.21,0.389,0.34,8.58,0.082,53.1,180.7,0.998138,3.0,0.43,9.150824056
10.66,0.275,0.53,1.2,0.084,11.1,72.2,0.995646,3.1,0.6,9.572775684
6.32,0.702,0.28,2.75,0.068,22.3,108.3,0.994331,3.39,0.79,10.637238566
5.56,0.516,0.21,2.24,0.059,20.9,189.3,0.99363,3.52,0.84,11.6610412
5.67,0.111,0.38,4.37,0.026,48.1,207.1,0.993174,3.21,0.32,9.074625605
6.5,0.188,0.28,4.85,0.059,29.8,118.3,0.995196,3.21,0.52,10.108855154
6.39,0.257,0.38,1.33,0.09,26.3,68.4,0.990442,3.25,0.38,11.436963289
4.73,0.509,0.09,5.42,0.049,45.7,182.0,0.990237,3.22,0.31,11.056994782
8.06,0.13,0.54,8.18,0.043,30.3,105.6,0.996535,2.88,0.72,9.145434456
7.19,0.232,0.45,9.9,0.04,51.6,228.1,0.997136,2.92,0.49,9.066235479
6.62,0.391,0.11,5.67,0.044,15.4,90.1,0.994227,3.3,0.45,11.073688288
6.82,0.367,0.2,9.53,0.047,43.0,128.4,0.998571,3.29,0.69,9.414561467
5.92,0.14,0.28,0.75,0.057,27.9,93.1,0.987778,3.28,0.67,12.316160538
6.28,0.314,0.63,11.0,0.047,40.5,128.8,0.995737,3.26,0.61,10.780572387
5.35,0.608,0.08,2.89,0.029,32.1,93.4,0.988617,3.26,0.34,13.282990061
5.76,0.395,0.3,1.97,0.092,11.0,84.3,0.993886,3.17,0.53,9.277560337
7.12,0.473,0.31,2.4,0.069,8.3,38.1,0.99661,3.56,0.87,10.921695871
8.01,0.32,0.38,4.3,0.039,25.5,64.9,0.997122,3.35,1.07,10.36092242
6.58,0.171,0.19,0.61,0.044,14.0,84.7,0.991771,3.48,0.69,10.359573393
6.91,0.306,0.33,1.73,0.028,26.5,131.5,0.992811,3.17,0.36,10.225010922
6.49,0.158,0.47,6.53,0.025,81.2,262.5,0.992096,3.11,0.45,9.835057358
7.42,0.261,0.47,2.83,0.102,9.6,73.4,0.995313,3.27,0.74,11.272257835
5.35,0.447,0.21,3.4,0.052,82.1,217.1,0.991025,3.35,0.56,11.222014352
7.11,0.276,0.56,2.44,0.073,25.7,120.2,0.993393,3.21,0.37,11.478092145
7.63,0.339,0.38,2.87,0.062,5.2,39.6,0.994157,3.3,0.61,11.298292893
9.39,0.598,0.32,2.12,0.12,31.6,24.0,0.995275,3.07,1.37,11.895246479
6.64,0.248,0.41,2.02,0.044,47.2,168.1,0.994488,3.5,0.95,9.688218394
6.53,0.476,0.35,0.61,0.034,11.8,25.2,0.987744,3.1,0.42,12.786724935
5.81,0.225,0.32,13.96,0.056,39.2,182.2,0.995544,3.04,0.65,9.455553834
9.12,0.354,0.17,1.2,0.049,23.9,20.7,0.994394,3.1,0.91,9.772832285
6.73,0.177,0.43,8.21,0.031,48.3,199.6,0.994009,3.19,0.39,10.189706207
7.95,0.302,0.22,2.65,0.048,23.7,132.2,0.995584,3.47,0.51,10.564850467
5.0,0.33,0.28,7.38,0.036,45.9,144.0,0.991257,3.47,0.88,12.708944514
7.53,0.441,0.33,4.43,0.043,11.0,72.1,0.994625,3.06,0.33,9.836056398
7.85,0.224,0.17,18.09,0.113,47.8,218.7,1.005846,3.28,0.42,8.097221034
12.41,0.107,0.5,6.88,0.105,20.2,44.5,1.005355,3.09,0.39,8.42059369
8.28,0.332,0.53,5.66,0.095,28.8,84.1,0.997743,3.07,0.51,9.501187888
4.8,0.324,0.29,19.52,0.041,44.5,189.0,0.995551,3.28,0.55,10.121709289
7.48,0.441,0.36,21.21,0.082,54.8,185.9,1.001472,3.11,1.32,10.225788898
7.44,0.574,0.32,5.16,0.081,23.9,142.4,0.997804,3.02,0.31,8.961584958
7.38,0.152,0.47,10.21,0.026,21.4,147.2,0.994274,2.95,0.42,10.468829296
5.1,0.427,0.21,2.72,0.02,25.7,99.1,0.992033,3.59,0.62,11.159616573
7.71,0.417,0.17,0.97,0.07,8.8,61.3,0.994424,3.48,0.69,11.259437763
6.96,0.414,0.2,6.88,0.033,22.9,144.6,0.992843,3.02,0.33,10.240921508
8.25,0.741,0.08,4.25,0.077,31.7,167.8,0.995392,3.21,0.67,10.870582284
10.27,0.282,0.46,1.22,0.035,14.8,37.1,0.991164,3.31,0.32,13.624655187
5.85,0.174,0.65,3.78,0.03,9.3,164.6,0.993717,3.29,0.38,10.128152752
6.85,0.265,0.5,6.74,0.069,32.9,177.0,0.996325,3.38,0.36,10.94826071
5.45,0.273,0.17,6.94,0.054,15.5,171.6,0.996707,3.33,0.33,8.602645191
9.06,0.264,0.61,3.62,0.076,20.5,124.0,0.996168,3.07,0.38,10.216932731
5.54,0.284,0.28,8.52,0.051,95.9,271.1,0.996594,3.45,0.87,8.938442719
6.94,0.204,0.29,4.53,0.029,30.5,163.4,0.99226,3.09,0.32,12.28006217
7.88,0.184,0.45,5.25,0.046,62.2,171.7,0.992917,2.87,0.32,9.499232987
6.72,0.336,0.29,6.42,0.071,13.6,101.8,0.995957,3.46,0.5,10.895591124
9.93,0.229,0.94,10.87,0.071,33.9,196.2,0.998592,2.98,0.48,9.097841102
6.69,0.169,0.35,13.74,0.029,25.9,132.2,0.996019,3.25,0.32,9.943758683
7.31,0.405,0.35,5.48,0.096,68.1,208.0,0.996112,3.26,0.39,10.738224264
6.79,0.738,0.09,2.75,0.027,19.2,85.9,0.991796,3.5,0.39,12.536687669
8.17,0.35,0.29,7.63,0.048,24.0,104.6,0.99944,3.2,0.34,9.174011479
7.92,0.323,0.31,1.49,0.067,3.0,72.1,0.99451,3.09,1.69,10.436635657
8.86,0.321,0.23,2.54,0.083,13.4,94.1,0.994509,2.92,0.32,10.130033062
6.95,0.351,0.22,4.7,0.073,44.0,184.0,0.995573,3.11,0.35,9.717916876
6.34,0.327,0.56,5.72,0.043,37.1,140.2,0.993066,3.31,0.42,12.479733629
8.6,0.239,0.23,2.31,0.058,20.7,126.6,0.995184,3.19,0.32,10.760504273
8.0,0.256,0.49,8.94,0.028,45.7,184.6,0.99351,2.93,0.85,11.970931271
6.37,0.28,0.28,1.23,0.041,23.8,113.5,0.99392,3.39,0.57,10.102857447
7.64,0.654,0.07,4.23,0.062,18.9,106.9,0.995036,3.38,0.58,10.490704214
7.95,0.309,0.49,2.8,0.046,14.5,93.3,0.994679,3.02,0.45,10.11553042
6.21,0.379,0.46,3.84,0.017,38.5,209.4,0.990663,3.24,0.59,12.903923462
7.2,0.373,0.25,1.35,0.041,8.4,35.6,0.990986,3.43,0.51,12.98819503
6.71,0.383,0.33,3.86,0.033,3.8,11.8,0.993937,3.22,0.65,11.40633706
9.57,0.193,1.02,12.64,0.022,69.7,237.9,0.994485,2.72,0.41,10.43242017
5.64,0.147,0.47,1.08,0.021,27.7,87.2,0.987238,3.24,0.42,12.887615652
8.56,0.568,0.4,4.45,0.101,28.5,93.1,0.998817,3.3,0.49,9.790757366
5.68,0.328,0.1,1.87,0.038,27.1,30.0,0.99139,3.45,0.31,12.151651917
5.32,0.137,0.36,6.47,0.029,31.0,92.7,0.991012,3.31,0.34,11.063751084
6.58,0.202,0.28,3.02,0.052,56.6,178.1,0.993199,3.34,0.43,10.635795486
6.17,0.27,0.29,2.22,0.044,27.5,130.5,0.991989,3.14,0.58,10.121337916
7.31,0.279,0.43,6.38,0.057,39.9,163.5,0.995656,3.22,0.61,11.017382592
5.19,0.139,0.21,2.3,0.051,19.9,115.1,0.990683,3.31,0.53,10.829061862
7.02,0.624,0.3,7.16,0.08,20.2,168.9,0.997517,3.11,0.91,8.956370771
6.02,0.405,0.24,1.89,0.06,17.1,101.3,0.993543,3.45,0.34,10.485896993
6.59,0.273,0.17,4.98,0.038,39.8,167.7,0.997012,3.29,0.52,8.841797451
6.28,0.17,0.28,4.1,0.042,10.4,56.5,0.993866,3.29,0.4,11.508883967
6.15,0.288,0.26,10.02,0.042,36.5,143.2,0.99354,3.0,0.39,10.078239744
7.45,0.128,0.63,8.1,0.041,61.4,158.7,0.99528,3.13,0.89,10.343971522
6.71,0.176,0.48,3.81,0.037,57.2,189.2,0.991652,2.89,0.58,9.548269601
6.09,0.158,0.4,1.93,0.05,32.5,82.3,0.991462,3.41,0.61,11.865806302
8.55,0.524,0.3,6.36,0.079,28.5,24.4,0.996174,3.22,0.38,11.068804283
6.28,0.358,0.17,5.69,0.086,33.8,155.5,0.99668,3.19,0.81,8.657667525
6.26,0.296,0.15,3.85,0.024,42.2,69.5,0.990583,3.33,0.32,12.630021568
9.52,0.161,0.35,2.32,0.052,13.8,41.6,0.995659,3.16,0.43,10.065378928
7.78,0.247,0.4,5.62,0.057,54.8,112.8,0.995582,3.13,0.4,9.943984187
5.91,0.542,0.17,2.59,0.057,21.1,105.6,0.995798,3.53,0.37,9.321041502
7.18,0.586,0.17,1.85,0.131,6.3,6.0,0.995904,3.41,0.53,9.57207302
9.26,0.461,0.42,6.3,0.054,13.8,31.6,1.000616,3.24,0.59,9.107631309
7.12,0.24,0.32,2.01,0.028,82.8,165.4,0.991567,3.1,0.33,10.665092966
5.4,0.158,0.37,7.51,0.038,22.2,118.5,0.993696,3.27,0.47,9.23057992
5.14,0.257,0.21,14.67,0.054,79.0,284.0,0.998877,3.01,0.43,8.071217595
6.03,0.376,0.28,3.84,0.058,28.5,175.2,0.992496,3.34,0.61,10.434164333
6.39,0.156,0.38,1.79,0.038,30.6,157.8,0.991458,3.16,0.46,10.154234633
6.8,0.366,0.45,2.61,0.083,55.4,180.6,0.994383,3.23,0.51,10.073001052
6.88,0.421,0.07,2.0,0.026,43.9,181.2,0.989334,3.02,0.31,13.191024984
6.97,0.421,0.27,9.07,0.061,37.1,155.8,0.996433,2.96,0.36,8.994985043
8.33,0.286,0.23,1.68,0.071,31.3,112.6,0.995915,3.08,0.41,9.578098698
7.85,0.357,0.24,1.03,0.041,16.1,81.7,0.992044,3.22,0.94,11.547271989
6.58,0.32,0.41,5.89,0.066,30.8,151.0,0.994362,3.11,0.42,9.787423445
9.59,0.331,0.59,6.44,0.069,37.7,80.6,0.996556,3.02,0.65,10.581787858
6.82,0.219,0.4,15.85,0.033,59.7,230.3,0.998259,3.27,0.34,9.112446393
8.08,0.346,0.54,15.01,0.087,79.0,273.5,1.002412,3.21,0.97,8.427064335
5.78,0.607,0.28,3.14,0.049,16.3,50.3,0.995386,3.67,0.39,11.01257573
7.74,0.526,0.22,0.76,0.11,3.6,13.2,0.994154,3.08,0.39,9.816001426
6.14,0.313,0.31,2.81,0.08,14.6,47.6,0.9919,3.18,0.42,10.353757226
7.57,0.385,0.36,7.44,0.113,14.2,108.6,0.996156,3.15,0.56,10.549458864
7.42,0.167,0.45,1.78,0.058,42.5,174.8,0.993852,3.05,0.5,9.029011842
7.72,0.272,0.3,4.66,0.064,52.7,121.9,0.995171,3.19,0.37,10.534598412
6.29,0.133,0.49,6.84,0.021,35.1,215.9,0.994208,3.25,0.31,9.827700589
5.83,0.224,0.23,14.89,0.035,33.6,132.5,0.992047,3.17,0.37,11.92411015
5.36,0.777,0.05,8.08,0.062,57.9,146.1,0.994218,3.74,0.53,10.868858078
6.11,0.501,0.12,3.17,0.064,35.0,136.8,0.994319,3.32,0.41,9.884072002
6.79,0.285,0.41,16.93,0.036,43.2,243.8,0.996761,3.02,0.33,9.233746651
6.36,0.276,0.4,2.16,0.017,21.8,165.8,0.989925,3.34,0.85,12.861499091
9.15,0.259,0.56,3.76,0.035,45.3,106.9,0.99548,3.19,0.47,12.375642466
7.1,0.116,0.42,5.15,0.031,25.5,210.5,0.992275,3.18,0.36,10.382725345
6.57,0.248,0.28,6.68,0.05,41.2,121.9,0.995807,3.2,1.15,10.191256882
8.18,0.397,0.4,10.73,0.069,28.2,65.9,0.997484,3.29,0.5,11.213255374
7.79,0.253,0.46,1.19,0.051,29.5,55.2,0.990858,3.11,0.46,11.837874477
7.38,0.595,0.21,10.02,0.033,11.9,83.8,0.996294,3.13,0.92,11.177521428
6.48,0.386,0.28,7.33,0.063,17.1,89.1,0.997461,3.44,0.32,10.364504146
9.53,0.367,0.3,2.16,0.039,49.3,159.9,0.993452,3.05,0.43,9.829804982
7.71,0.767,0.29,3.7,0.106,19.4,104.8,1.000099,3.47,1.21,9.004426436
5.68,0.313,0.36,7.06,0.043,34.2,131.7,0.99436,3.41,0.58,11.027175093
5.77,0.264,0.38,1.19,0.085,14.7,86.5,0.991634,3.47,0.77,11.773795214
6.77,0.379,0.17,18.18,0.05,40.0,127.2,0.997939,3.1,0.48,10.013304239
10.68,0.227,0.58,2.23,0.03,32.3,146.0,0.990772,3.22,0.49,14.108688297
5.3,0.308,0.04,7.46,0.034,40.5,179.9,0.996276,3.58,0.37,9.582149356
5.92,0.407,0.31,13.99,0.063,53.9,171.7,0.99723,3.24,0.84,10.555898335
8.95,0.26,0.47,4.13,0.046,14.3,99.6,0.993789,3.13,0.4,11.965476864
5.56,0.466,0.19,1.64,0.021,25.5,63.3,0.989411,3.31,0.55,11.565335112
7.9,0.561,0.19,1.36,0.051,19.8,102.7,0.993814,3.12,0.35,9.961999531
8.72,0.284,0.31,4.47,0.055,11.6,124.0,0.996241,3.18,0.36,9.894249538
8.19,0.286,0.35,11.02,0.055,33.5,134.9,0.996178,3.2,0.33,10.937489966
8.13,0.456,0.37,17.71,0.089,30.0,133.8,1.003488,3.21,0.84,8.814044648
8.26,0.397,0.49,11.3,0.045,23.3,69.4,0.996743,3.12,0.46,11.706039245
7.27,0.648,0.08,1.22,0.057,19.9,94.2,0.993789,3.02,0.65,10.341652248
5.07,0.396,0.27,7.49,0.052,68.3,222.1,0.992011,3.08,0.4,10.059675651
8.95,0.823,0.33,1.35,0.086,16.4,77.0,0.995262,3.18,0.43,10.036410158
7.17,0.501,0.16,1.35,0.055,30.1,42.3,0.993849,3.37,1.26,12.179818367
7.71,0.537,0.25,4.97,0.1,17.1,138.7,0.998008,3.02,0.32,8.750772255
6.59,0.145,0.4,0.99,0.057,57.4,225.5,0.991101,3.36,1.25,10.441388073
7.53,0.327,0.22,1.48,0.054,23.9,160.1,0.993057,3.21,0.48,9.966022712
6.44,0.17,0.57,15.93,0.043,23.9,168.3,0.994536,2.91,0.37,9.785171465
5.53,0.193,0.27,3.29,0.031,35.3,173.5,0.990019,3.12,0.35,11.261964938
9.47,0.513,0.19,18.9,0.046,30.2,151.6,1.002788,3.04,0.4,8.718048532
8.24,0.48,0.19,3.01,0.072,39.6,165.8,0.997468,3.09,0.87,9.928836843
5.9,0.252,0.29,0.61,0.018,14.7,8.2,0.98711,3.23,0.81,14.66261456
8.32,0.243,0.31,4.37,0.064,22.4,108.1,0.999399,3.17,0.34,8.895402441
6.54,0.174,0.46,4.0,0.038,23.7,126.4,0.991242,3.14,0.31,10.599147492
5.9,0.525,0.27,10.01,0.042,54.6,152.3,0.99372,3.2,0.34,11.25980082
5.94,0.19,0.34,5.43,0.051,70.8,166.0,0.993316,3.32,0.56,10.433297571
7.22,0.251,0.44,4.78,0.065,27.7,163.1,0.996404,3.18,0.89,9.618595367
7.49,0.252,0.12,2.74,0.076,22.2,158.1,0.995504,3.28,0.67,9.814040035
7.73,0.408,0.22,3.85,0.086,21.1,62.3,0.998262,3.21,0.67,9.072998511
6.26,0.237,0.46,2.19,0.045,36.4,120.9,0.991407,3.6,0.86,12.714381176
7.01,0.629,0.1,15.13,0.078,21.7,134.6,0.999938,3.28,0.39,10.232565466
6.46,0.27,0.31,0.92,0.04,20.1,7.6,0.990416,3.23,0.58,12.635524081
7.79,0.323,0.37,14.9,0.047,42.6,158.4,0.997565,3.12,0.36,10.27880138
7.08,0.199,0.23,7.37,0.032,13.9,97.4,0.995086,2.98,0.38,10.028334262
6.31,0.277,0.39,5.07,0.066,36.2,83.8,0.995573,3.33,0.37,10.700880062
6.95,0.411,0.2,1.31,0.094,19.3,106.2,0.99512,3.25,0.51,8.659758694
5.64,0.619,0.27,1.09,0.064,35.4,131.2,0.990528,3.11,0.42,10.447680624
7.49,0.344,0.32,0.85,0.079,22.0,121.8,0.994862,3.37,0.48,9.657073943
10.29,0.275,0.61,1.55,0.068,8.4,42.2,0.993458,3.28,0.96,12.739386301
9.0,0.495,0.32,4.02,0.068,16.5,42.3,0.996431,3.15,0.64,10.815494181
8.07,0.283,0.36,4.01,0.091,14.8,103.7,0.998301,3.31,0.87,9.484038694
7.55,0.36,0.37,0.94,0.037,23.6,112.5,0.992956,3.48,0.85,9.738498547
6.27,0.638,0.35,3.28,0.046,24.6,102.4,0.992557,3.4,0.33,11.317855578
8.66,0.646,0.31,0.88,0.029,24.8,49.3,0.992893,3.4,0.96,11.830995755
5.63,0.149,0.23,13.73,0.028,55.3,132.8,0.993427,3.19,0.32,10.658074181
5.17,0.162,0.36,14.38,0.035,59.8,148.0,0.993406,3.25,0.39,10.804681493
7.07,0.497,0.27,4.59,0.036,13.1,59.3,0.99257,3.21,0.43,13.897575298
5.07,0.226,0.02,3.05,0.026,27.5,150.2,0.991186,3.13,0.31,9.694011968
6.62,0.236,0.24,10.62,0.028,39.1,172.8,0.997086,3.15,1.01,9.375735256
7.21,0.539,0.28,1.51,0.09,30.3,158.5,0.997435,3.35,0.56,8.941335775
5.12,0.159,0.33,4.01,0.024,69.0,148.9,0.99244,3.34,0.41,9.664848379
5.71,0.303,0.26,13.92,0.036,33.7,168.2,0.994657,3.15,0.4,9.718638335
5.11,0.445,0.17,2.77,0.051,26.5,126.1,0.993248,3.56,0.32,9.843015249
5.87,0.354,0.4,5.8,0.053,50.1,170.1,0.994493,3.34,0.69,10.612254471
6.39,0.58,0.19,3.7,0.045,19.6,50.0,0.993537,3.41,0.37,12.014333362
7.98,0.171,0.6,6.1,0.041,60.8,141.2,0.994434,3.02,0.37,9.974117586
7.45,0.346,0.23,4.37,0.057,12.3,81.1,0.996032,3.04,0.38,10.067368973
7.86,0.461,0.29,2.99,0.06,26.5,103.9,0.997314,3.3,0.66,9.457948462
5.12,0.161,0.1,6.77,0.023,51.7,144.0,0.992516,3.14,1.08,9.631756712
6.6,0.494,0.06,3.01,0.045,29.0,111.9,0.992446,3.22,0.83,11.107912858
7.69,0.209,0.4,7.48,0.047,34.5,112.3,0.994266,3.12,0.8,10.13716721
8.03,0.816,0.15,0.84,0.096,13.0,39.3,0.991637,3.18,0.47,11.930823411
5.5,0.308,0.22,14.74,0.067,43.8,138.9,0.996851,3.15,0.85,9.377341059
5.02,0.152,0.18,2.48,0.034,44.7,132.4,0.990344,3.15,0.33,9.512781666
6.28,0.285,0.47,16.86,0.075,33.8,178.1,0.999983,2.89,0.53,8.213948039
6.84,0.271,0.21,1.9,0.062,13.9,78.0,0.9943,3.39,0.48,11.326972784
5.99,0.165,0.42,13.17,0.08,26.9,104.3,0.997934,2.92,0.42,8.481105062
7.61,0.46,0.43,1.0,0.055,21.4,91.8,0.98972,3.1,0.52,12.591973667
6.3,0.34,0.16,3.26,0.067,62.2,154.3,0.99183,3.03,0.31,10.762906675
6.89,0.352,0.43,4.91,0.056,19.9,81.4,0.993222,3.2,0.31,11.213100465
7.18,0.258,0.47,9.81,0.071,50.9,255.3,0.999526,3.03,0.34,8.535837197
7.24,0.175,0.45,3.5,0.023,53.6,172.7,0.989127,2.95,0.31,11.859464832
4.58,0.51,0.0,2.94,0.025,21.8,60.2,0.988411,3.72,0.53,14.9
10.1,0.792,0.35,4.46,0.092,10.2,49.8,0.99762,2.9,0.32,9.629635793
7.55,0.205,0.46,7.18,0.023,59.7,203.6,0.99139,3.03,0.32,11.608914608
7.18,0.362,0.34,0.61,0.029,30.6,156.8,0.98711,3.07,0.38,12.851082486
8.48,0.325,0.43,3.51,0.095,34.8,146.0,0.996806,2.94,0.43,9.079429122
7.28,0.367,0.14,4.74,0.044,35.1,68.0,0.995267,3.57,0.68,12.407966831
6.4,0.152,0.17,6.08,0.067,33.0,191.3,0.994018,3.01,0.56,9.639355586
5.79,0.098,0.45,4.1,0.028,46.2,200.9,0.992134,3.22,0.8,10.813959085
12.04,0.731,0.34,4.67,0.069,2.6,9.0,0.997361,3.19,0.51,11.381119871
7.63,0.339,0.17,9.03,0.042,28.3,165.1,0.995437,3.17,0.34,10.25213179
8.9,0.319,0.26,8.38,0.04,12.9,89.7,0.995531,2.92,0.37,10.12054144
6.12,0.397,0.3,4.44,0.053,38.1,93.6,0.991393,3.05,0.32,11.026895138
8.15,0.172,0.64,9.07,0.058,15.9,65.7,0.996442,2.91,0.32,9.985898835
5.5,0.18,0.4,10.7,0.028,41.7,228.2,0.991446,3.34,0.44,12.653336843
9.11,0.453,0.51,5.67,0.061,12.8,130.5,0.998023,3.13,0.33,9.312971456
6.43,0.29,0.27,0.82,0.107,25.7,44.0,0.995876,3.49,0.49,9.636111869
7.39,0.509,0.2,9.06,0.081,40.2,126.4,0.996941,3.27,0.55,10.294344502
7.23,0.319,0.34,2.58,0.056,42.1,120.1,0.991802,3.11,0.33,12.009693978
7.44,0.31,0.48,3.76,0.028,18.1,142.1,0.992104,3.13,0.33,12.344618147
6.94,0.277,0.5,11.9,0.043,29.0,156.6,0.995589,3.11,0.35,10.127245517
6.03,0.432,0.2,5.29,0.04,45.2,140.3,0.993966,3.25,0.6,10.609352442
7.31,0.536,0.27,7.78,0.058,14.5,50.9,0.995533,3.1,0.48,9.896261507
8.13,0.391,0.4,3.18,0.059,32.8,79.2,0.998633,3.19,0.47,8.679762552
7.91,0.205,0.59,11.42,0.057,22.2,159.9,0.998854,3.29,0.66,9.717720111
5.74,0.237,0.42,6.4,0.063,12.2,33.7,0.992542,3.37,0.54,11.884343208
7.99,0.215,0.22,0.74,0.058,34.8,107.2,0.991603,3.22,0.46,11.243099533
6.51,0.342,0.29,8.61,0.047,54.2,157.6,0.99266,3.22,0.44,11.902309437
9.22,0.205,0.76,5.9,0.082,55.0,137.2,0.996133,3.08,0.51,11.165996638
7.99,0.267,0.44,8.09,0.038,31.5,155.4,0.993177,2.95,0.37,10.822135766
6.11,0.484,0.29,1.35,0.039,24.1,160.3,0.992462,3.58,0.53,10.789386322
7.7,0.244,0.63,10.74,0.048,29.8,139.6,0.995024,2.87,0.38,10.545305409
6.68,0.164,0.66,6.94,0.034,68.3,156.0,0.996391,3.37,0.44,9.493785376
7.04,0.158,0.23,4.48,0.025,16.5,81.1,0.993076,3.23,0.39,12.690772643
6.38,0.528,0.14,2.98,0.07,34.2,175.1,0.994925,3.48,0.89,11.107457509
10.26,0.22,0.55,20.37,0.049,71.0,142.0,1.00189,3.2,0.44,9.669783965
8.3,0.449,0.19,1.27,0.079,16.2,58.7,0.995949,3.37,0.54,9.570600592
7.08,0.514,0.21,3.5,0.078,7.5,24.1,0.996346,3.33,0.64,9.984074609
7.04,0.147,0.37,3.79,0.064,40.7,79.2,0.993594,3.06,0.34,11.436147473
8.59,0.489,0.4,2.16,0.061,26.0,69.9,0.995383,3.06,0.39,9.399755862
7.18,0.335,0.36,8.43,0.046,30.0,87.8,0.994754,3.06,0.92,10.724807736
7.19,0.338,0.06,1.82,0.046,16.3,17.4,0.995698,3.22,0.4,9.47436611
6.16,0.457,0.17,18.83,0.049,30.7,146.9,1.000926,3.35,1.33,9.25176201
7.85,0.327,0.52,7.53,0.066,15.3,56.5,0.998287,3.07,1.02,9.894469174
6.14,0.222,0.28,6.71,0.019,32.6,124.9,0.99385,3.25,0.57,10.928100786
7.79,0.132,0.4,1.36,0.057,11.9,8.3,0.991969,3.1,0.77,12.056245373
6.93,0.307,0.24,1.4,0.062,18.8,81.8,0.994067,3.41,0.35,9.844908096
6.07,0.392,0.29,0.79,0.078,20.7,116.8,0.990011,3.16,0.33,11.03205792
5.91,0.122,0.55,8.22,0.021,114.3,304.9,0.992152,3.15,0.64,11.173600937
5.97,0.135,0.34,5.59,0.038,53.4,185.4,0.99151,3.11,0.4,10.492701853
6.41,0.105,0.76,5.01,0.022,59.6,228.0,0.992512,3.22,0.52,10.681382016
6.47,0.191,0.29,0.99,0.043,44.1,81.8,0.990571,3.23,0.31,10.30398226
4.37,0.314,0.22,0.83,0.03,38.6,146.0,0.987224,3.39,0.34,13.447244787
6.67,0.269,0.32,1.71,0.033,30.2,82.5,0.992382,3.42,0.61,11.030313678
5.3,0.147,0.21,5.5,0.023,37.8,178.9,0.991934,3.18,0.36,11.221534788
10.19,0.427,0.45,4.83,0.136,16.7,85.5,0.999814,3.12,0.89,9.222279329
10.06,0.385,0.45,8.18,0.059,34.6,149.3,0.996938,2.95,0.47,10.47900151
7.94,0.473,0.19,8.23,0.053,44.7,156.1,0.998464,3.03,0.35,8.898085218
6.13,0.256,0.08,2.16,0.025,18.6,94.5,0.99368,3.22,0.5,10.084307438
5.75,0.156,0.37,4.57,0.025,56.9,168.5,0.99151,3.13,0.32,10.307241566
8.33,0.649,0.45,1.43,0.085,4.3,22.1,0.994088,3.22,0.54,11.489073534
6.7,0.405,0.12,11.52,0.039,11.9,40.7,0.995422,3.2,0.46,11.387645199
6.13,0.122,0.59,0.99,0.024,23.7,81.3,0.989105,3.36,0.58,12.585748739
6.71,0.325,0.34,8.17,0.058,20.6,77.3,0.996208,3.14,0.4,10.150323656
8.44,0.269,0.41,3.18,0.03,15.3,54.8,0.99706,3.35,0.38,10.28324329
6.71,0.462,0.19,1.97,0.093,27.1,57.0,0.995397,3.32,1.16,10.578167548
5.77,0.288,0.29,6.71,0.053,42.6,147.8,0.995996,3.44,0.39,9.316938634
7.32,0.378,0.2,4.23,0.054,24.8,107.1,0.994595,3.0,0.35,10.678733348
5.89,0.595,0.16,12.75,0.073,61.8,177.4,0.994534,3.15,0.38,9.937759163
7.73,0.458,0.3,5.06,0.039,33.5,93.3,0.999046,3.29,0.74,8.840024881
7.03,0.327,0.13,8.8,0.066,30.1,110.7,1.000476,3.52,0.72,8.947554202
6.0,0.575,0.08,2.25,0.079,5.9,56.1,0.994497,3.25,0.34,9.94378777
5.04,0.342,0.21,3.44,0.029,80.0,160.3,0.987919,3.29,0.43,12.435800197
7.99,0.271,0.41,1.45,0.045,16.1,113.6,0.992494,3.12,0.48,10.465794611
5.85,0.368,0.16,1.96,0.079,19.2,93.6,0.994519,3.53,0.76,9.510856062
5.68,0.41,0.18,2.4,0.025,18.0,145.1,0.990984,3.37,0.42,10.5232758
6.87,0.741,0.27,18.45,0.06,32.0,119.7,0.997789,3.18,0.35,10.731987873
7.64,0.221,0.31,2.93,0.097,31.1,137.4,0.998144,3.19,0.55,8.93423772
7.44,0.146,0.4,8.36,0.034,20.0,117.0,0.996349,3.18,0.67,9.479812682
7.5,0.332,0.1,8.96,0.075,54.7,149.9,0.999158,3.14,0.32,8.304607368
8.5,0.432,0.31,0.67,0.064,13.7,34.7,0.99466,3.47,1.46,11.554048035
8.83,0.436,0.48,8.12,0.085,33.7,136.9,0.995511,3.18,0.64,10.81569364
6.44,0.292,0.32,1.39,0.057,32.8,168.5,0.993013,3.3,0.37,10.595142654
6.75,0.177,0.41,8.95,0.033,50.2,193.1,0.994279,3.22,0.34,10.116036812
6.57,0.416,0.34,4.28,0.035,11.4,65.0,0.995587,3.15,0.37,10.012116802
6.41,0.527,0.02,11.86,0.053,7.2,84.6,0.997627,3.1,0.44,9.757478767
5.75,0.377,0.09,22.9,0.098,27.2,100.8,0.997477,3.05,0.42,9.71949357
6.45,0.874,0.3,2.58,0.02,31.4,85.6,0.989294,3.26,0.44,14.443125585
8.61,0.373,0.35,3.31,0.071,22.0,101.4,0.992877,2.96,0.46,11.523082954
6.83,0.293,0.43,6.48,0.056,52.5,238.7,0.995247,2.97,0.31,8.886565967
5.67,0.24,0.26,15.56,0.023,57.0,182.3,0.991522,3.24,0.31,12.570293307
8.55,0.313,0.32,1.49,0.028,5.7,51.5,0.99354,3.1,0.32,10.836310142
7.07,0.275,0.46,6.65,0.054,23.7,163.3,0.993991,3.16,0.31,10.054957675
10.09,0.7,0.44,7.59,0.094,17.7,83.7,0.996278,3.15,0.43,11.662901044
8.2,0.353,0.31,5.94,0.085,54.3,185.3,0.998547,2.97,0.5,8.657669264
5.24,0.155,0.52,9.48,0.036,56.7,172.0,0.991762,3.21,0.35,10.822503162
6.87,0.321,0.26,0.85,0.036,9.8,99.6,0.990634,3.32,0.33,11.736721804
7.21,0.258,0.53,11.54,0.083,23.3,164.5,0.996265,3.01,0.32,9.798515828
7.68,0.482,0.23,1.03,0.065,26.7,83.3,0.994231,3.39,0.47,10.186495176
8.47,0.405,0.22,6.69,0.044,19.1,94.3,0.998633,3.4,1.02,9.476942484
7.11,0.486,0.26,6.72,0.106,27.6,107.1,0.999203,3.04,0.38,8.382874541
8.07,0.686,0.09,4.5,0.11,10.8,21.3,0.99739,3.22,0.47,10.689085867
6.63,0.373,0.22,1.84,0.049,11.0,55.2,0.990738,3.03,0.33,11.339390278
8.14,0.412,0.24,1.37,0.079,33.3,116.5,0.993985,3.22,1.14,11.186714073
5.36,0.602,0.18,3.41,0.041,17.7,128.8,0.993853,3.64,0.35,10.905649592
6.34,0.166,0.35,7.26,0.052,69.3,188.8,0.996052,2.95,0.52,8.465156413
8.79,0.398,0.42,9.89,0.061,34.1,140.2,0.997539,3.03,0.43,9.831629835
6.34,0.3,0.51,1.47,0.041,39.1,135.6,0.990652,3.3,0.46,12.421694479
7.32,0.299,0.13,3.04,0.108,15.2,71.7,0.997074,3.39,0.5,9.4254113
8.54,0.274,0.29,5.53,0.083,6.2,87.1,0.992142,3.11,0.84,13.778637992
6.9,0.21,0.2,2.67,0.076,55.4,93.8,0.99732,3.52,0.82,9.493180979
7.33,0.456,0.19,6.42,0.049,15.8,104.2,0.994127,3.2,0.45,11.702343024
6.31,0.326,0.24,1.17,0.042,18.0,83.5,0.992892,3.37,0.4,10.476779591
5.6,0.191,0.15,7.98,0.053,58.6,162.3,0.99445,3.2,0.46,9.278632891
10.06,0.504,0.29,8.01,0.062,26.1,122.0,0.999672,3.03,0.34,9.795664042
8.94,0.377,0.48,9.38,0.078,42.8,92.9,1.000431,3.15,0.8,8.869692901
6.01,0.483,0.21,18.76,0.029,63.8,226.0,0.997768,3.21,0.43,9.514512775
6.96,0.167,0.34,1.99,0.042,32.3,152.3,0.991275,3.05,0.34,10.765003127
5.72,0.246,0.17,4.15,0.023,36.7,170.3,0.990717,3.15,0.32,11.964286301
8.1,0.58,0.13,3.22,0.046,45.9,132.4,0.996486,3.03,0.53,9.490661925
7.48,0.249,0.49,11.73,0.058,44.0,184.3,0.997311,3.16,0.77,9.458611717
7.41,0.465,0.24,2.21,0.061,15.5,114.4,0.994123,3.58,0.43,11.178719854
6.18,0.312,0.22,10.01,0.033,76.9,176.9,0.995783,3.45,0.66,9.915829321
6.29,0.513,0.32,9.12,0.029,32.4,136.7,0.994764,3.39,0.38,12.715036209
8.38,0.199,0.35,10.75,0.034,21.9,96.5,0.997546,3.1,0.52,10.084538801
7.6,0.368,0.49,11.04,0.067,67.9,204.5,0.99495,2.9,0.4,10.301198614
6.46,0.212,0.27,5.66,0.095,26.8,168.6,0.996728,3.13,0.39,8.442709905
7.32,0.585,0.29,1.7,0.075,15.6,65.4,0.993012,3.37,0.32,11.314955251
9.87,0.423,0.25,10.52,0.08,39.8,175.6,1.002377,3.16,0.58,9.065457116
6.86,0.52,0.19,2.08,0.077,11.9,84.7,0.99591,3.12,1.05,8.6530983
8.57,0.622,0.27,1.27,0.047,20.7,72.7,0.990871,3.2,0.36,13.140914145
8.28,0.52,0.31,1.11,0.042,2.6,6.0,0.99458,3.39,0.54,11.751644996
7.15,0.212,0.42,12.85,0.027,69.7,199.2,0.995795,3.24,0.38,9.604594573
7.23,0.105,0.37,0.8,0.038,16.2,61.4,0.991236,3.38,0.4,10.818065744
5.78,0.217,0.33,2.45,0.042,53.4,150.6,0.992,3.32,0.52,11.058696825
6.61,0.149,0.38,6.72,0.038,44.9,95.2,0.99642,3.31,0.32,9.433960958
6.84,0.428,0.35,3.04,0.023,34.6,122.3,0.991093,3.18,0.33,12.015114618
5.89,0.217,0.46,10.85,0.039,84.0,256.4,0.997231,3.23,0.38,9.042622669
6.31,0.385,0.13,1.64,0.077,24.1,134.9,0.993062,3.33,0.48,10.565764098
7.6,0.574,0.27,7.94,0.056,39.4,165.8,0.997312,3.07,0.35,9.1172998
10.49,0.249,0.55,3.97,0.048,17.0,144.6,0.994913,2.9,0.32,9.681368991
8.46,0.35,0.4,6.92,0.084,21.6,88.3,0.997115,3.09,0.59,10.57680824
8.84,0.186,0.47,11.05,0.043,24.1,154.9,0.996691,2.86,0.81,10.087816994
7.24,0.257,0.38,13.93,0.101,35.1,129.0,1.000265,3.23,0.74,9.612549337
7.52,0.206,0.79,14.72,0.042,69.0,234.2,0.993388,2.86,0.38,10.479089852
5.99,0.14,0.46,1.97,0.028,42.1,72.7,0.990937,3.4,0.48,11.904932685
6.82,0.504,0.19,10.33,0.063,38.3,127.1,0.997877,3.22,0.36,9.693327847
8.22,0.382,0.28,6.09,0.072,23.0,134.2,0.997972,3.21,0.33,9.640350679
9.01,0.296,0.43,13.23,0.095,43.8,231.9,1.000382,3.2,0.38,10.168302929
9.42,0.292,0.27,1.42,0.054,14.3,6.0,0.996109,2.92,0.79,9.089636002
6.03,0.241,0.33,1.08,0.034,11.2,65.2,0.990487,3.4,0.47,11.253896131
5.72,0.465,0.11,2.18,0.054,42.7,99.3,0.992935,3.48,0.62,10.403447177
7.31,0.45,0.31,2.24,0.03,35.0,53.9,0.99317,3.38,0.52,11.990600149
6.45,0.171,0.46,17.25,0.059,52.2,139.9,0.99722,3.34,0.45,10.789016897
6.95,0.301,0.19,3.37,0.109,10.6,49.0,0.995853,3.28,0.49,9.385756849
7.45,0.231,0.37,7.13,0.065,6.6,76.2,0.999287,3.44,0.4,9.132146319
7.01,0.271,0.3,2.08,0.057,22.9,122.1,0.99341,3.28,0.92,10.673561374
7.55,0.339,0.17,2.77,0.098,36.5,62.1,0.996242,3.17,0.39,9.079936926
8.9,0.507,0.37,1.45,0.116,11.3,103.0,0.996069,3.27,0.45,10.241262213
6.25,0.219,0.38,0.9,0.022,32.5,65.0,0.990386,3.5,0.94,13.340184301
7.84,0.652,0.28,1.31,0.047,31.7,111.4,0.994453,3.43,0.66,10.651359028
6.56,0.227,0.36,5.79,0.031,57.4,188.5,0.993286,3.18,0.4,11.094691782
8.13,0.347,0.29,1.6,0.112,7.1,6.0,0.997767,3.39,0.68,9.53809241
6.71,0.704,0.08,2.96,0.051,9.5,74.2,0.992276,3.27,0.38,11.731890199
5.7,0.177,0.29,5.86,0.037,102.0,229.2,0.994959,3.35,0.31,9.153870139
6.55,0.341,0.44,1.7,0.098,28.7,75.5,0.994512,3.36,0.46,10.392894269
6.39,0.383,0.45,0.9,0.036,30.2,130.3,0.989327,3.18,0.33,11.523823259
8.08,0.268,0.27,3.84,0.059,35.1,182.2,0.996228,3.2,0.76,9.263277363
6.32,0.225,0.5,2.81,0.039,52.6,162.5,0.992298,3.38,0.34,11.159480765
9.11,0.28,0.39,7.32,0.069,25.0,123.1,1.000287,2.98,0.59,8.777326922
7.52,0.332,0.41,8.99,0.118,47.4,175.7,0.998707,3.35,0.51,9.325710773
5.7,0.637,0.0,3.35,0.091,29.4,53.1,0.995426,3.6,0.76,10.599635385
6.28,0.175,0.18,8.9,0.066,48.5,180.1,0.998215,3.18,0.32,8.891444858
7.63,0.39,0.23,3.83,0.022,43.4,116.9,0.992428,3.33,0.33,11.116900392
6.42,0.274,0.45,4.97,0.051,27.7,127.0,0.995492,3.46,0.4,10.078638307
6.66,0.228,0.41,2.71,0.062,36.9,164.5,0.993966,3.48,0.61,9.861383134
6.62,0.593,0.25,0.91,0.052,9.6,41.0,0.993334,3.22,0.35,9.723682976
5.8,0.553,0.25,2.17,0.04,35.9,147.3,0.992709,3.52,0.31,10.796021205
9.38,0.522,0.28,4.07,0.083,26.1,98.6,0.998405,3.28,0.63,9.935742657
6.28,0.595,0.07,20.09,0.062,17.2,94.3,0.997684,3.24,0.31,10.37588349
7.24,0.205,0.44,3.21,0.121,37.4,164.8,0.996979,3.23,0.56,9.249676477
9.24,0.483,0.49,7.24,0.071,64.3,150.2,0.998563,3.19,0.37,9.314462952
6.62,0.552,0.15,3.79,0.056,18.6,75.9,0.995803,3.33,0.31,9.464080067
8.11,0.539,0.28,3.45,0.088,32.9,103.3,0.996435,3.18,1.08,10.939102084
6.38,0.547,0.36,3.45,0.051,59.2,103.3,0.99286,3.44,0.82,12.566053558
6.52,0.215,0.29,2.12,0.041,8.5,6.0,0.991452,3.15,0.4,11.631635145
6.5,0.208,0.29,14.45,0.091,54.2,190.3,0.998189,3.01,0.53,8.647095592
8.75,0.777,0.19,1.33,0.093,6.0,36.2,0.999472,3.41,0.32,8.911533881
6.57,0.489,0.06,2.58,0.033,35.7,111.5,0.989571,3.16,0.31,12.754907905
8.67,0.78,0.0,0.74,0.032,8.9,53.6,0.992111,3.31,1.0,12.024843608
8.7,0.218,0.42,1.87,0.042,28.0,151.4,0.994771,3.05,0.44,9.966702145
6.97,0.399,0.14,1.55,0.033,21.6,52.9,0.990594,3.25,0.31,12.258198774
4.66,0.294,0.37,0.65,0.024,31.1,127.0,0.98711,3.27,0.31,13.733132466
6.12,0.41,0.11,2.3,0.087,14.2,99.2,0.993378,3.34,0.32,9.768212361
8.55,0.405,0.47,8.2,0.082,20.6,125.2,0.997911,3.02,0.37,9.372659314
7.65,0.164,0.57,2.88,0.03,39.5,92.2,0.989559,2.98,0.32,13.830577068
7.06,0.231,0.41,6.33,0.019,45.0,124.2,0.994065,3.25,0.76,10.730846638
7.08,0.183,0.33,1.41,0.046,10.1,71.8,0.993696,3.09,0.64,9.887856846
5.98,0.415,0.14,4.11,0.04,40.6,89.8,0.995038,3.61,1.16,11.117327152
8.36,0.39,0.2,5.18,0.054,8.3,19.7,0.997107,3.17,0.85,9.6888208
6.96,0.357,0.5,14.19,0.046,27.8,115.2,0.995317,3.08,1.23,10.639541843
5.02,0.208,0.06,1.07,0.032,15.0,115.3,0.992474,3.71,0.48,10.740969161
5.12,0.179,0.19,11.54,0.044,47.4,220.7,0.994839,3.29,0.46,9.667646767
9.65,0.441,0.28,11.49,0.043,13.3,85.6,0.998441,2.92,0.67,10.092975583
7.12,0.394,0.48,1.88,0.056,15.6,72.4,0.996204,3.44,0.7,9.982635476
7.34,0.147,0.32,1.01,0.027,40.8,135.6,0.990416,3.1,0.42,11.395929468
6.0,0.143,0.22,3.86,0.041,76.4,213.9,0.99267,3.33,0.44,10.265622216
8.06,0.375,0.17,1.31,0.04,21.0,81.8,0.995383,3.21,0.65,9.550772041
7.07,0.327,0.57,7.9,0.069,56.8,168.2,0.995715,3.05,0.41,9.567537502
8.09,0.209,0.36,2.4,0.044,6.9,92.6,0.995342,3.16,0.34,9.582393099
6.3,0.393,0.0,3.12,0.041,19.1,104.5,0.992481,3.34,0.33,10.481646904
5.25,0.249,0.23,2.97,0.031,22.5,86.1,0.989418,3.59,0.33,11.917686653
6.31,0.264,0.37,5.68,0.016,54.1,107.8,0.995144,3.31,0.33,9.791146807
6.07,0.49,0.16,0.97,0.051,19.7,76.4,0.992477,3.26,0.31,9.936008995
7.12,0.193,0.35,13.34,0.043,16.8,104.7,0.998422,3.13,0.31,9.351637808
6.24,0.521,0.19,3.89,0.041,22.0,134.0,0.994068,3.18,0.36,10.52714127
9.72,0.175,0.73,1.71,0.045,17.5,41.4,0.993199,3.37,0.62,12.833510889
6.26,0.276,0.12,1.72,0.042,29.9,132.5,0.99325,3.46,1.12,9.711393939
8.13,0.662,0.05,1.31,0.058,8.9,52.9,0.993576,3.35,0.48,11.813455032
6.43,0.377,0.37,4.24,0.05,33.5,110.1,0.993938,3.25,0.39,9.972360538
12.26,0.303,0.38,5.16,0.085,17.4,121.9,0.999874,2.83,0.6,8.8975014
6.67,0.436,0.13,6.71,0.059,25.1,131.9,0.99589,3.16,0.37,10.143712865
8.27,0.355,0.44,18.73,0.113,40.0,230.8,1.00459,2.95,0.31,8.269082386
6.38,0.325,0.22,2.08,0.078,20.2,56.3,0.99755,3.31,0.38,8.841264631
6.1,0.368,0.21,5.68,0.04,41.2,185.5,0.991778,3.08,0.34,10.994554739
9.33,0.362,0.54,1.66,0.084,4.6,23.9,0.996646,3.38,0.65,10.867975636
6.49,0.602,0.43,3.08,0.029,12.0,55.5,0.992469,3.17,0.32,11.542814831
6.54,0.283,0.32,1.24,0.06,14.3,90.8,0.990717,3.09,0.31,10.243634085
7.35,0.413,0.26,4.27,0.043,12.0,63.5,0.995364,3.19,0.32,10.890870764
6.69,0.231,0.54,7.8,0.037,40.4,174.4,0.995322,3.28,0.32,10.163019684
8.17,0.219,0.47,15.18,0.034,61.9,259.2,0.998413,2.82,0.32,8.777049755
7.72,0.394,0.19,7.77,0.061,24.3,104.3,0.996373,3.31,0.34,10.643467496
6.87,0.362,0.29,10.48,0.056,32.4,146.1,0.998001,3.25,0.8,9.58019423
6.61,0.408,0.35,11.34,0.035,35.3,178.5,0.993554,3.05,0.78,11.071499505
8.99,0.277,0.28,6.11,0.051,28.4,101.7,0.9969,3.01,0.39,9.260773611
6.57,0.313,0.29,0.9,0.076,23.7,23.8,0.990255,3.36,1.06,12.723899317
8.27,0.234,0.3,2.63,0.047,52.3,102.2,0.994841,3.22,0.7,10.732105591
5.54,0.189,0.16,11.29,0.039,42.2,172.5,0.995414,3.22,0.49,9.085830245
6.6,0.198,0.31,3.84,0.02,38.4,220.2,0.990899,3.1,0.31,9.989030033
7.74,0.32,0.33,7.83,0.09,43.3,143.8,0.995559,3.14,0.39,10.029348525
6.7,0.408,0.16,8.89,0.076,13.2,51.6,0.995973,3.27,0.32,11.146941852
6.0,0.498,0.28,0.81,0.063,4.4,40.5,0.991722,3.41,0.57,10.971181922
6.95,0.277,0.22,2.7,0.073,31.9,131.1,0.995474,3.08,0.54,8.999018639
5.92,0.277,0.41,13.77,0.041,50.3,243.9,0.995779,3.26,0.41,9.498090945
5.8,0.211,0.27,1.75,0.048,27.5,82.0,0.992588,3.49,0.57,10.390968257
6.37,0.201,0.43,2.54,0.093,67.0,190.4,0.995372,3.13,0.33,8.832808428
7.94,0.157,0.49,1.0,0.091,12.4,86.7,0.992936,3.2,0.32,10.71381293
5.64,0.325,0.17,5.59,0.038,5.7,56.4,0.991913,3.33,0.33,12.652711114
6.33,0.166,0.3,6.7,0.033,37.0,118.5,0.993945,3.33,0.32,9.291013481
7.05,0.314,0.25,3.12,0.06,10.8,94.2,0.994695,3.18,0.46,11.065439016
9.08,0.218,0.61,3.48,0.088,27.8,145.0,0.995995,3.12,0.34,9.500426882
9.05,0.215,0.53,0.68,0.093,30.5,97.9,0.992721,3.12,0.37,10.292014179
6.76,0.437,0.11,7.14,0.042,13.8,79.5,0.995793,3.21,0.34,10.234569225
5.96,0.331,0.19,5.2,0.026,12.7,69.4,0.991005,3.06,0.31,11.88842512
7.71,0.872,0.0,0.6,0.086,4.3,11.9,0.992092,3.02,0.97,9.74770573
7.09,0.477,0.14,7.52,0.061,21.7,137.2,0.99572,3.38,0.45,11.172252909
5.06,0.098,0.37,6.78,0.02,50.6,229.7,0.989789,3.14,0.32,11.259237514
5.45,0.266,0.17,2.65,0.033,44.6,190.7,0.989947,3.51,0.35,12.755835407
4.94,0.194,0.39,2.14,0.037,43.7,220.3,0.990169,3.29,1.1,10.147754674
6.87,0.276,0.38,4.36,0.063,67.0,118.3,0.996166,3.28,0.8,9.956117036
7.19,0.254,0.46,8.99,0.04,28.5,167.6,0.997064,3.18,0.35,9.586182014
6.16,0.384,0.13,3.72,0.063,13.3,37.6,0.993968,3.35,0.93,10.937569974
7.08,0.34,0.44,16.35,0.064,88.0,248.4,0.998637,3.31,0.5,9.435959809
6.89,0.473,0.17,3.85,0.129,40.0,88.5,0.997685,3.41,0.65,10.712225088
7.31,0.315,0.15,1.32,0.045,31.7,120.4,0.992427,3.31,0.36,11.178049625
7.16,0.27,0.18,2.09,0.05,41.6,145.2,0.994505,3.31,0.36,9.876892506
6.46,0.292,0.23,1.89,0.042,20.3,82.6,0.991897,3.12,0.48,10.36765932
5.83,0.175,0.3,1.68,0.027,46.4,175.4,0.990788,3.36,0.77,11.405906304
7.54,0.343,0.44,6.31,0.112,48.1,175.6,0.996901,2.84,0.49,9.33646817
10.29,0.369,0.38,6.48,0.062,15.8,81.2,0.998526,3.11,0.34,10.353706906
8.01,0.365,0.21,1.83,0.083,32.4,85.2,0.99674,3.48,0.86,10.583206879
5.8,0.384,0.25,2.5,0.029,32.7,123.4,0.989235,3.34,0.33,12.773048426
7.61,0.327,0.49,16.14,0.07,50.6,197.7,0.998141,3.06,0.34,9.555640064
5.74,0.579,0.28,5.73,0.039,44.3,130.9,0.992717,3.14,0.37,10.282622948
8.98,0.381,0.32,3.82,0.083,15.9,60.8,0.999514,3.19,0.72,8.894528625
5.77,0.277,0.38,1.8,0.038,53.2,149.8,0.989668,3.29,0.42,11.974955752
5.58,0.387,0.14,0.76,0.054,18.3,44.2,0.990024,3.62,0.66,12.850606714
7.12,0.317,0.41,3.0,0.03,39.7,169.3,0.994082,3.38,0.97,11.02818918
6.39,0.237,0.49,1.38,0.045,28.3,108.2,0.992055,3.35,0.32,10.528467401
7.27,0.488,0.34,1.4,0.061,10.9,47.4,0.992081,3.29,0.53,11.859045764
5.69,0.342,0.16,4.86,0.051,47.0,147.3,0.992441,3.44,0.61,11.749690709
6.95,0.425,0.47,5.03,0.063,52.7,162.6,0.993068,3.18,0.48,10.816220196
7.23,0.342,0.47,2.63,0.065,19.2,106.0,0.994765,3.28,0.35,10.175385056
8.83,0.619,0.28,0.8,0.113,17.8,17.9,0.996924,3.43,0.58,9.428133739
5.93,0.208,0.32,6.05,0.058,23.6,120.3,0.992742,3.02,1.22,11.081502004
7.32,0.283,0.32,2.12,0.053,22.3,59.6,0.993032,2.89,0.75,10.335826514
5.38,0.222,0.2,7.45,0.065,12.2,44.7,0.998623,3.22,0.92,8.816447346
7.28,0.259,0.2,5.6,0.117,30.5,119.2,1.000664,3.24,0.99,8.825364847
7.51,0.252,0.32,1.96,0.064,36.0,82.8,0.996237,3.34,0.4,9.502190598
5.9,0.309,0.33,2.1,0.052,49.2,191.9,0.993619,3.46,0.44,9.777262363
8.24,0.557,0.06,2.9,0.035,10.8,14.2,0.992399,3.08,0.36,11.568068124
5.25,0.221,0.27,1.91,0.03,46.5,203.4,0.989093,3.2,0.42,11.311327562
6.92,0.361,0.06,6.16,0.095,19.4,91.6,0.995997,3.21,0.31,9.661947804
6.4,0.395,0.45,6.52,0.061,29.4,146.0,0.994066,3.27,0.65,10.912409946
6.82,0.238,0.39,5.47,0.058,32.7,88.1,0.993434,3.31,0.52,11.143123782
7.17,0.255,0.24,1.76,0.041,25.5,122.8,0.990734,3.16,0.68,12.735330104
10.41,0.2,0.41,8.54,0.04,25.1,151.5,1.000527,3.16,0.61,9.107905424
8.17,0.272,0.33,4.77,0.037,53.8,115.5,0.995054,3.28,0.65,10.507946509
5.39,0.158,0.23,2.44,0.029,32.0,117.3,0.990333,3.46,0.31,12.255664451
5.06,0.254,0.32,4.67,0.068,13.0,72.2,0.99249,3.15,0.37,10.446108516
7.15,0.385,0.3,0.82,0.097,3.7,6.0,0.993353,3.25,1.04,12.35553164
9.37,0.335,0.61,7.59,0.033,28.7,140.3,0.995235,3.04,0.34,10.858266708
7.25,0.396,0.17,0.64,0.106,11.0,24.3,0.99227,3.22,0.67,10.87373026
7.11,0.3,0.23,9.37,0.06,34.8,148.4,1.000103,3.31,0.69,8.576507945
6.56,0.393,0.21,3.39,0.12,19.7,87.2,0.995423,3.32,0.62,10.289204297
6.56,0.232,0.16,3.12,0.06,10.3,103.6,0.996199,3.48,0.77,9.29517632
8.87,0.172,0.34,3.33,0.049,35.6,179.1,0.995718,3.08,0.34,8.926282211
8.4,0.354,0.42,6.91,0.046,54.1,209.9,1.00041,3.25,0.73,9.055561726
9.39,0.636,0.3,4.61,0.057,18.1,59.0,0.993166,3.03,0.34,12.580431554
8.79,0.555,0.41,1.75,0.159,24.6,73.4,1.000066,3.15,0.48,8.923431367
6.82,0.203,0.35,0.61,0.081,35.4,116.0,0.988552,3.28,0.36,12.580415504
6.5,0.388,0.22,1.38,0.026,38.3,165.0,0.990738,3.35,0.36,12.16277678
8.65,0.446,0.3,3.0,0.038,24.5,51.4,0.994336,3.07,0.47,10.72841511
6.89,0.588,0.13,4.18,0.036,19.8,89.6,0.993917,3.54,0.39,12.014344363
8.5,0.546,0.28,1.24,0.057,1.5,6.0,0.993171,2.93,0.32,10.86179954
10.84,0.967,0.22,1.05,0.079,3.0,24.1,0.994848,3.06,0.37,11.030792525
6.23,0.215,0.34,2.45,0.026,54.7,228.3,0.990613,3.06,0.35,11.642613224
9.6,0.246,0.51,12.24,0.062,24.2,116.7,0.998917,2.92,0.31,9.006648977
7.22,0.362,0.43,5.96,0.037,26.9,108.1,0.994533,3.26,0.37,10.004839396
10.12,0.562,0.49,1.09,0.136,6.6,52.1,0.997723,3.24,0.89,9.521839267
7.79,0.463,0.37,3.29,0.1,22.7,107.0,0.998473,3.28,0.39,9.319031578
8.1,0.345,0.28,4.22,0.084,28.6,152.7,1.000227,3.18,0.47,8.450579377
6.54,0.134,0.12,5.14,0.019,46.4,138.0,0.992603,3.18,0.57,10.567444629
8.51,0.544,0.03,2.37,0.06,4.6,6.0,0.993137,3.36,0.76,12.554339496
8.42,0.345,0.23,4.39,0.053,32.6,170.7,0.997104,3.04,0.71,10.025090807
8.52,0.246,0.42,12.19,0.062,69.4,183.5,1.002172,3.24,0.45,8.413277647
7.75,0.373,0.42,1.03,0.087,8.0,17.5,0.997345,3.42,0.42,8.939127251
6.74,0.301,0.31,8.7,0.067,30.7,85.3,0.998052,3.28,0.66,9.53935172
7.09,0.283,0.44,3.98,0.056,43.4,144.5,0.99417,2.9,0.39,10.02587292
6.86,0.182,0.48,6.97,0.064,25.8,109.2,0.994065,3.14,1.0,10.979247598
8.72,0.6,0.08,1.25,0.105,8.1,6.0,0.995066,3.13,1.41,9.416189127
6.11,0.3,0.32,1.93,0.038,41.4,85.5,0.989346,3.19,0.36,12.956747354
7.61,0.899,0.21,3.03,0.065,4.0,19.1,0.994975,3.24,0.46,11.438782531
8.55,0.469,0.22,9.83,0.076,16.0,71.9,0.998028,3.12,0.41,9.853115032
6.29,0.381,0.32,11.52,0.056,80.6,250.7,0.996271,2.94,0.45,8.678264075
8.77,0.408,0.33,6.8,0.052,24.9,120.0,0.994837,2.89,0.32,10.36900249
9.93,0.291,0.44,1.11,0.092,1.0,6.0,0.994926,3.12,1.06,10.63105506
6.33,0.198,0.28,4.09,0.077,33.7,215.2,0.990963,2.98,0.43,10.614650493
5.87,0.169,0.22,2.09,0.057,18.3,132.5,0.993018,3.26,0.53,9.97588483
7.04,0.318,0.17,1.73,0.07,16.9,92.0,0.993514,3.45,0.52,9.498013788
12.05,0.394,0.38,3.67,0.096,3.7,40.5,0.999602,3.02,0.31,9.151380536
6.35,0.486,0.28,13.29,0.07,45.6,205.4,0.997723,3.06,0.36,9.576201123
9.59,0.904,0.32,3.28,0.089,10.6,31.9,0.998331,3.3,0.52,9.896220592
5.09,0.408,0.14,4.71,0.039,15.4,67.6,0.991119,3.28,0.36,11.735094062
8.79,0.225,0.68,2.92,0.054,23.6,122.6,0.995364,3.18,0.32,10.447392569
6.82,0.74,0.31,2.61,0.108,16.7,115.1,0.997664,3.45,1.21,9.198053751
5.66,0.254,0.25,1.0,0.029,22.0,139.3,0.989382,3.32,0.31,11.430500078
8.85,0.296,0.48,10.58,0.076,19.9,152.1,0.996827,2.77,0.38,9.616537752
5.77,0.436,0.16,3.0,0.041,32.8,152.6,0.995734,3.37,0.77,9.608982458
9.57,0.382,0.41,7.89,0.086,14.1,157.7,1.002542,3.07,0.5,8.376200613
5.37,0.476,0.15,1.62,0.042,36.5,157.4,0.989504,3.22,0.35,11.689860294
6.68,0.482,0.19,7.42,0.061,38.7,164.8,0.996307,3.25,0.46,10.100213034
7.48,0.406,0.07,0.89,0.06,7.0,6.0,0.994773,3.48,0.65,11.642495636
6.1,0.37,0.0,0.61,0.064,16.5,12.0,0.991348,3.63,0.41,11.167526344
5.07,0.22,0.12,2.71,0.032,28.6,163.1,0.989273,3.28,0.34,11.990814177
9.61,0.248,0.67,4.13,0.078,17.0,96.9,0.996008,2.86,0.43,10.450166751
8.06,0.31,0.28,0.93,0.091,5.9,6.0,0.997005,3.56,0.75,9.639029047
7.47,0.22,0.59,2.85,0.061,70.5,176.1,0.994362,3.24,0.36,9.643260394
10.14,0.587,0.5,6.03,0.15,28.6,82.2,1.000804,2.99,0.44,9.093739163
7.42,0.241,0.44,2.59,0.028,35.6,112.0,0.992754,3.22,0.42,11.537126236
4.87,0.125,0.26,1.72,0.021,53.8,112.3,0.990456,3.6,0.36,10.359078407
8.65,0.272,0.47,1.63,0.154,3.8,22.7,0.997348,3.51,0.44,11.148249527
8.36,0.578,0.23,11.32,0.102,4.4,6.0,1.001568,3.42,0.71,9.963367965
5.46,0.151,0.16,8.64,0.023,25.1,188.4,0.994733,3.23,0.31,9.323641264
6.13,0.392,0.38,4.78,0.057,27.9,75.7,0.991562,3.49,0.37,12.673877057
6.96,0.477,0.39,15.6,0.061,39.9,183.0,1.001419,3.33,0.62,9.534400283
6.6,0.135,0.46,1.84,0.047,14.5,86.0,0.992289,3.29,0.59,10.64619445
7.99,0.231,0.24,5.79,0.039,32.1,154.8,0.990845,3.01,0.37,12.524018893
7.56,0.561,0.04,8.84,0.081,9.7,50.8,0.998693,3.23,0.42,9.320213263
8.61,0.135,0.52,1.5,0.061,11.1,37.4,0.994933,3.42,0.97,11.46782648
6.49,0.5,0.22,5.79,0.056,24.4,123.2,0.998086,3.4,0.52,9.882475249
9.03,0.371,0.23,5.69,0.057,19.5,117.6,0.997596,3.06,0.46,9.428508124
6.25,0.17,0.47,1.69,0.038,15.4,71.9,0.988667,3.02,0.32,12.422877517
6.17,0.366,0.34,1.42,0.038,15.4,96.8,0.991353,3.28,1.2,11.799351609
5.79,0.132,0.46,13.08,0.04,55.1,260.6,0.992779,2.94,0.32,9.859688841
7.46,0.205,0.4,5.98,0.045,9.8,77.3,0.995376,3.22,0.8,10.86366997
8.57,0.251,0.56,0.9,0.054,5.8,42.8,0.992294,3.12,0.64,12.429401117
5.95,0.325,0.51,15.46,0.063,13.8,85.9,0.993986,3.03,0.46,11.311732167
9.94,0.625,0.13,0.85,0.104,4.3,6.0,0.996001,3.23,1.13,11.215574776
5.45,0.15,0.44,5.09,0.035,62.2,182.9,0.99095,3.23,1.07,11.053247303
6.07,0.206,0.43,2.89,0.059,27.6,147.6,0.992604,3.26,0.78,11.498028834
6.78,0.228,0.38,2.66,0.041,45.3,120.0,0.990754,3.37,0.4,13.210237587
4.72,0.324,0.19,2.67,0.046,33.5,96.4,0.989613,3.61,0.37,12.618129848
8.45,0.624,0.21,2.06,0.121,11.6,6.0,0.995659,3.28,0.42,10.659262759
6.89,0.294,0.32,0.88,0.111,5.9,53.2,0.995674,3.47,0.88,9.988929303
7.66,0.255,0.56,14.84,0.032,33.4,156.9,1.000237,3.35,0.32,9.070239117
6.8,0.314,0.28,4.23,0.037,37.5,164.6,0.996388,3.39,0.73,9.351222567
7.17,0.353,0.34,1.85,0.102,58.9,137.1,0.993753,3.13,0.44,10.058601813
9.29,0.223,0.44,8.97,0.037,64.3,225.1,0.995924,2.89,0.36,9.044756385
8.11,0.409,0.45,0.87,0.098,6.6,36.2,0.995347,3.42,0.81,11.264133522
7.71,0.486,0.18,6.17,0.053,20.7,95.3,0.996833,3.42,0.32,11.000586245
8.38,0.501,0.21,0.78,0.045,7.7,104.3,0.99349,3.43,0.35,10.744500777
8.63,0.179,0.63,4.3,0.061,30.7,134.0,0.997973,3.18,0.81,9.924211568
5.72,0.293,0.24,1.76,0.031,33.4,59.2,0.988313,3.21,0.37,14.150770431
9.23,0.329,0.27,4.93,0.069,18.8,157.1,0.995763,2.94,0.4,10.294525121
7.06,0.411,0.26,6.77,0.05,20.9,125.7,0.996351,3.44,0.67,10.018355682
7.98,0.525,0.45,1.05,0.077,29.4,81.8,0.994728,3.11,0.43,9.436052517
6.54,0.279,0.4,14.81,0.071,46.7,129.6,0.996516,3.02,0.37,9.281985448
6.56,0.418,0.13,2.9,0.055,52.8,152.4,0.996343,3.39,0.63,9.501781311
6.81,0.3,0.33,5.17,0.057,12.8,93.5,0.996407,3.37,0.42,9.366282116
6.27,0.35,0.23,11.01,0.037,48.7,161.1,0.993525,3.07,0.35,9.674185927
9.01,0.335,0.18,13.73,0.046,77.0,235.3,1.000947,3.21,0.42,9.53797568
8.45,0.343,0.21,3.74,0.053,9.6,28.9,0.996327,3.37,0.85,10.763788237
6.21,0.229,0.24,6.07,0.039,54.3,190.9,0.995411,3.12,0.4,9.925119769
7.74,0.478,0.05,5.7,0.102,50.1,91.5,0.997477,3.19,0.67,9.080811727
7.56,0.143,0.52,6.8,0.054,36.7,142.9,0.996466,3.08,0.53,9.806008965
6.99,0.155,0.55,14.62,0.048,42.3,217.1,0.994941,3.0,0.42,10.587238184
7.7,0.401,0.3,3.96,0.083,28.4,81.7,0.997467,3.51,0.57,9.368244267
7.45,0.327,0.47,10.55,0.041,17.0,84.4,0.996958,3.18,0.44,10.782520505
7.14,0.422,0.39,13.82,0.08,27.7,125.3,1.003448,3.3,0.55,8.605794886
6.9,0.408,0.4,6.36,0.031,34.2,140.4,0.991741,3.03,0.42,12.020204775
10.41,0.172,0.63,13.76,0.023,35.5,119.0,0.999888,3.2,0.35,10.247769719
7.77,0.271,0.28,6.59,0.03,24.0,91.5,0.995358,3.15,0.49,11.091271714
6.42,0.247,0.32,1.57,0.024,23.5,122.4,0.992188,3.27,0.45,10.213677833
6.66,0.189,0.46,3.88,0.051,67.3,199.8,0.993383,3.29,0.46,9.816816405
8.31,0.513,0.36,1.24,0.08,14.3,66.1,0.994708,3.21,0.35,10.41632968
6.77,0.378,0.41,1.84,0.039,12.6,69.0,0.990757,3.15,0.33,11.140129751
6.85,0.298,0.23,0.76,0.026,18.9,60.0,0.989967,3.51,0.31,12.237389857
7.61,0.562,0.17,4.36,0.075,29.4,75.6,0.995419,3.32,0.32,10.48199292
8.92,0.44,0.41,3.07,0.076,3.1,18.3,0.99706,3.22,0.73,10.773607841
7.82,0.169,0.46,11.48,0.039,39.3,192.2,0.996549,2.77,0.35,8.715158893
8.23,0.403,0.3,1.74,0.107,2.8,71.1,0.995453,3.24,0.47,10.110050455
6.86,0.298,0.23,3.66,0.047,35.5,93.9,0.995447,3.31,0.39,10.537119032
8.9,0.496,0.21,19.57,0.049,24.6,112.6,1.003589,3.33,0.71,9.688115565
8.19,0.335,0.62,1.04,0.074,9.3,54.3,0.995891,3.32,1.68,9.2349738
6.3,0.32,0.35,6.35,0.026,106.0,217.8,0.9923,3.18,0.43,10.412865931
6.19,0.179,0.18,3.66,0.063,47.4,136.6,0.995496,3.25,0.38,8.781040327
6.14,0.156,0.21,7.45,0.03,60.9,154.7,0.995341,3.29,0.46,9.48772164
6.84,0.192,0.39,4.18,0.083,46.1,192.0,0.996173,3.43,0.33,9.699994545
7.2,0.444,0.24,3.57,0.105,15.7,69.7,1.000311,3.54,1.11,9.570033069
8.45,0.208,0.13,11.61,0.081,28.3,83.1,0.998591,3.21,0.42,10.182896588
8.33,0.478,0.16,4.78,0.044,13.1,30.5,0.996123,3.17,0.38,10.175501014
6.98,0.257,0.27,4.86,0.03,17.4,62.3,0.990453,3.08,0.36,12.818902169
7.7,0.186,0.47,9.6,0.035,30.0,183.5,0.99583,3.11,0.31,10.010115792
4.95,0.109,0.38,18.74,0.04,26.7,160.4,0.994892,3.2,0.37,9.17019612
6.92,0.16,0.41,5.6,0.035,69.5,221.0,0.99325,3.05,0.45,9.689577097
7.49,0.792,0.27,6.13,0.041,17.5,83.8,0.995259,3.31,0.33,11.256278141
9.01,0.414,0.02,2.72,0.054,20.2,72.8,0.99513,3.24,0.63,10.672817312
6.8,0.595,0.24,9.37,0.045,38.0,167.3,0.99854,3.44,0.54,9.503833072
6.1,0.177,0.3,4.08,0.044,31.3,119.9,0.996229,3.36,0.54,9.075809172
7.72,0.633,0.42,4.12,0.055,7.3,63.2,0.998074,3.4,0.33,9.6128721
9.32,0.256,0.79,1.65,0.095,26.6,135.6,0.99602,2.95,1.07,9.700023812
6.84,0.107,0.33,4.47,0.034,43.5,87.0,0.992344,3.18,0.31,10.868687149
6.09,0.326,0.33,0.93,0.041,38.7,79.3,0.989669,3.16,0.43,11.36995344
6.07,0.119,0.23,6.37,0.049,66.9,187.4,0.992349,3.25,0.41,10.941992657
6.11,0.214,0.53,4.32,0.035,36.6,100.5,0.991196,3.33,0.45,12.161190296
8.57,0.518,0.37,3.34,0.105,23.1,87.5,0.998628,3.36,0.44,10.028066531
6.73,0.445,0.27,5.08,0.067,23.5,100.3,0.999244,3.44,0.79,9.386150034
6.51,0.252,0.08,4.59,0.044,14.1,107.4,0.992376,3.18,0.4,13.087464317
6.54,0.438,0.31,15.25,0.049,62.4,182.3,0.998268,3.26,0.34,8.709302368
6.51,0.172,0.42,9.13,0.089,48.3,137.4,0.995867,3.39,0.54,11.059049896
8.09,0.276,0.5,12.65,0.075,20.4,53.4,0.998374,3.24,0.55,10.427495497
7.17,0.144,0.29,1.1,0.04,26.1,97.2,0.992358,3.13,0.32,9.552500989
4.85,0.206,0.05,4.74,0.039,21.6,178.6,0.991315,3.37,0.52,10.651413005
8.69,0.181,0.51,6.7,0.017,32.2,136.9,0.991351,3.0,0.31,11.088357579
7.94,0.292,0.41,21.52,0.049,41.5,196.6,0.998075,3.05,0.35,9.870567096
7.68,0.297,0.1,3.34,0.041,18.2,76.4,0.994986,3.18,0.44,10.059695801
8.14,0.401,0.54,2.28,0.088,26.1,56.7,0.99584,3.28,0.9,10.770985656
8.01,0.354,0.29,2.42,0.08,23.7,82.7,0.99429,3.08,0.55,10.065490771
6.23,0.129,0.36,1.58,0.019,28.3,147.3,0.989024,3.12,0.55,11.398973156
7.36,0.385,0.14,2.69,0.052,9.0,60.1,0.995292,3.43,1.1,9.504140399
7.86,0.222,0.29,1.96,0.078,17.8,60.6,0.995111,3.31,0.39,9.480763521
5.5,0.153,0.22,7.33,0.016,56.4,195.6,0.989564,3.08,0.31,12.21361667
7.58,0.346,0.28,7.41,0.101,42.3,195.0,1.001182,3.17,0.52,8.161180367
6.34,0.207,0.31,7.16,0.025,34.3,124.0,0.99314,3.2,0.35,10.344089338
6.23,0.253,0.21,2.49,0.042,34.6,125.8,0.991982,3.39,0.47,11.083325036
5.48,0.124,0.31,0.81,0.039,35.2,109.5,0.98741,3.18,0.49,12.545005985
6.95,0.547,0.13,1.3,0.091,11.1,64.6,0.994967,3.56,0.56,12.876039928
8.42,0.561,0.38,4.16,0.045,22.1,81.9,0.996163,2.97,0.69,9.56436974
6.19,0.239,0.46,2.43,0.066,40.3,136.3,0.992649,3.33,0.72,10.938728844
7.86,0.623,0.36,5.09,0.093,18.0,129.0,0.99777,3.34,0.84,9.900376082
9.96,0.338,0.37,4.35,0.052,1.1,74.5,0.998309,3.15,0.63,9.547274389
5.56,0.161,0.27,2.78,0.026,19.6,56.4,0.994095,3.4,0.46,9.624929359
7.47,0.334,0.19,6.66,0.029,21.0,125.3,0.994876,3.11,0.31,9.810998851
7.78,0.841,0.15,2.77,0.092,7.1,29.7,0.999901,3.16,1.47,8.610466515
6.49,0.305,0.49,1.28,0.041,45.1,189.9,0.992331,3.35,0.39,9.835032212
5.44,0.407,0.36,3.15,0.06,49.6,154.4,0.993047,3.34,0.37,11.323840072
7.68,0.445,0.15,3.92,0.056,30.6,68.8,0.992648,2.98,0.41,10.783057439
7.55,0.5,0.47,4.04,0.027,39.5,208.9,0.991964,3.16,0.32,11.938272329
6.0,0.533,0.21,1.72,0.044,34.5,158.8,0.99366,3.31,0.64,9.475069176
8.3,0.555,0.29,0.75,0.086,12.4,27.8,0.991997,3.2,0.69,11.513953857
7.18,0.401,0.16,1.03,0.044,39.0,103.4,0.993418,3.65,0.9,11.456835002
7.98,0.408,0.22,1.91,0.09,26.8,67.1,0.996561,3.11,0.49,8.935099652
6.76,0.486,0.27,15.81,0.078,18.4,117.8,1.000221,3.1,0.5,8.934575214
5.56,0.249,0.27,0.87,0.067,41.1,88.3,0.99148,3.48,0.42,10.561486307
5.7,0.305,0.08,1.73,0.034,47.6,175.0,0.991546,3.21,0.31,9.992506413
7.54,0.551,0.1,1.38,0.027,11.5,45.7,0.992525,3.32,0.4,12.025791611
6.61,0.414,0.1,2.21,0.031,27.8,130.0,0.991897,3.3,0.33,11.849428633
11.1,0.353,0.4,2.97,0.041,32.2,62.5,0.993435,3.2,0.87,13.384080868
8.87,0.462,0.18,3.26,0.096,7.7,49.0,0.996727,3.17,1.12,10.033103355
6.44,0.264,0.38,15.25,0.031,51.0,176.6,0.998871,3.18,0.4,8.666161284
5.68,0.299,0.25,9.42,0.04,37.8,162.9,0.993056,3.22,0.31,11.023449926
4.9,0.121,0.35,4.57,0.028,65.2,108.1,0.989775,3.5,0.61,12.144687304
7.55,0.416,0.21,6.26,0.048,36.2,106.0,0.994575,3.21,0.42,10.476395839
8.31,0.425,0.38,0.8,0.089,2.1,6.0,0.99137,3.27,0.79,13.354400979
7.1,0.36,0.07,0.7,0.039,23.1,74.4,0.991116,3.55,0.67,13.109778575
5.14,0.157,0.3,9.55,0.023,72.0,165.6,0.993249,3.13,0.31,10.052452641
7.32,0.429,0.17,0.79,0.062,17.1,6.0,0.99137,3.17,0.85,11.937757199
9.12,0.721,0.16,10.73,0.088,25.8,101.8,1.001035,3.36,0.73,10.433740378
7.8,0.272,0.37,3.91,0.068,21.2,110.0,0.996722,2.89,0.32,8.515139099
7.0,0.409,0.23,2.22,0.058,42.9,80.3,0.995127,3.3,0.55,9.955872636
6.01,0.118,0.42,6.84,0.023,27.7,145.6,0.989909,3.31,0.33,13.609416737
6.13,0.237,0.32,3.91,0.048,65.8,197.2,0.993762,3.31,1.01,11.231618041
7.11,0.178,0.48,1.22,0.043,17.7,45.9,0.991469,3.42,0.57,12.846471464
6.36,0.245,0.34,6.55,0.048,20.1,112.9,0.998256,3.35,0.55,8.818215793
7.58,0.363,0.41,1.48,0.05,23.9,97.5,0.993674,3.35,0.39,12.055471596
8.81,0.303,0.17,2.15,0.056,20.7,46.8,0.99449,3.18,0.43,12.177818237
7.47,0.494,0.24,3.22,0.082,8.6,12.9,0.995356,3.31,0.59,11.212020871
7.38,0.236,0.38,1.59,0.043,29.3,168.7,0.988967,3.05,0.45,12.835149448
6.79,0.351,0.23,9.32,0.049,39.1,108.7,0.997829,3.41,0.73,8.760959797
7.12,0.317,0.25,13.9,0.057,36.9,157.7,0.995687,3.24,0.35,11.079890055
9.18,0.49,0.3,1.35,0.131,19.3,81.4,0.998785,3.47,0.68,9.814395621
5.71,0.166,0.3,0.81,0.046,25.8,73.8,0.990063,3.39,0.34,12.248996254
7.96,0.303,0.24,4.98,0.058,35.1,133.6,0.99429,3.39,0.47,11.229456404
5.9,0.336,0.28,7.83,0.023,43.4,197.2,0.992989,3.33,0.51,10.098055078
6.84,0.153,0.22,1.56,0.026,8.8,60.4,0.992882,3.31,0.37,11.095404628
6.35,0.46,0.3,0.65,0.06,22.3,96.3,0.990866,3.28,0.5,9.91640832
11.43,0.282,0.82,5.42,0.065,25.1,125.1,0.99615,3.06,0.38,10.378913548
8.1,0.426,0.29,2.53,0.062,23.6,66.8,0.996228,3.2,0.34,10.359511881
7.37,0.472,0.37,5.06,0.088,13.5,81.6,1.001132,3.21,0.78,8.632783721
5.83,0.262,0.0,2.73,0.031,15.4,108.0,0.992972,3.38,0.47,9.897312465
6.26,0.348,0.61,3.84,0.057,10.9,79.4,0.990578,2.97,0.33,10.639430295
10.78,0.378,0.49,28.72,0.069,57.2,168.6,1.003194,3.13,0.77,9.020798658
5.79,0.28,0.36,7.69,0.025,55.2,201.0,0.991059,2.99,0.36,11.146593054
6.13,0.317,0.26,6.76,0.047,50.1,143.1,0.993172,3.37,0.34,11.260089703
7.86,0.265,0.47,0.64,0.037,21.8,76.9,0.990828,3.4,0.6,12.039595072
10.39,0.433,0.12,4.43,0.063,17.2,92.8,0.999977,3.17,0.75,9.017333826
7.02,0.195,0.26,2.66,0.047,34.8,126.1,0.993319,3.13,0.46,10.477649585
6.04,0.213,0.31,3.63,0.03,19.1,86.7,0.990864,2.99,0.55,10.528435891
7.93,0.328,0.38,5.12,0.03,58.8,147.2,0.995925,3.36,0.5,10.764748344
5.64,0.3,0.37,1.68,0.021,54.0,185.6,0.988304,3.09,0.46,11.832151045
6.28,0.193,0.47,3.41,0.05,18.8,134.9,0.993841,3.14,0.48,9.610110665
8.79,0.229,0.47,2.05,0.077,26.0,33.8,0.996029,3.35,0.75,10.248993982
7.46,0.699,0.34,4.75,0.056,15.8,67.5,0.996833,3.13,0.42,10.347189986
5.71,0.636,0.21,9.88,0.05,13.2,140.6,0.997535,3.29,0.53,9.874042068
6.53,0.223,0.34,11.99,0.037,40.5,175.0,0.993901,2.97,0.34,10.205833983
6.48,0.189,0.26,2.63,0.029,23.4,57.6,0.990178,3.22,0.43,13.427126423
5.85,0.353,0.17,1.98,0.034,11.3,75.4,0.989135,3.28,0.51,12.824788765
7.32,0.163,0.2,4.62,0.096,35.0,93.6,1.000599,3.38,0.56,8.471742818
9.21,0.342,0.3,6.8,0.037,22.0,90.4,0.998075,2.98,0.41,9.833606608
6.18,0.124,0.37,5.3,0.036,34.2,144.2,0.995656,3.24,0.39,8.708082025
7.23,0.185,0.62,14.9,0.038,66.1,168.5,0.99639,3.16,0.4,10.112358775
8.44,0.654,0.14,0.67,0.036,3.5,6.0,0.991317,3.36,0.41,13.141790469
7.08,0.251,0.06,2.04,0.084,12.6,69.5,0.995011,3.13,0.67,10.306636156
9.1,0.246,0.31,4.61,0.06,11.1,35.4,1.000758,3.24,0.48,8.974641433
6.94,0.401,0.29,10.8,0.072,33.4,82.7,0.99787,3.18,0.94,9.502370648
7.95,0.467,0.26,9.6,0.092,26.6,122.0,1.001164,3.16,0.57,8.740785974
7.78,0.707,0.28,6.53,0.111,67.6,181.4,0.99745,3.19,0.59,9.658818654
7.94,0.413,0.4,4.04,0.024,29.9,58.0,0.994162,3.21,0.47,11.155548018
7.91,0.225,0.5,6.32,0.028,23.9,137.0,0.993674,3.15,0.38,10.616721775
7.55,0.153,0.37,1.08,0.042,37.4,97.6,0.988407,2.96,0.31,12.247719003
7.65,0.328,0.36,1.08,0.057,12.3,57.5,0.992622,3.12,0.98,11.337970594
8.3,0.422,0.24,3.52,0.045,42.9,164.9,0.994363,3.12,0.54,10.634781211
7.66,0.29,0.27,1.15,0.087,28.1,54.5,0.993389,3.11,0.45,11.162952096
6.05,0.407,0.29,6.65,0.047,28.3,155.9,0.997259,3.04,0.38,8.51473466
7.68,0.478,0.28,2.88,0.04,13.5,139.3,0.9953,3.27,0.54,10.357170195
5.48,0.129,0.29,3.97,0.045,34.4,193.7,0.991149,3.33,0.33,10.970597365
7.59,0.263,0.32,0.75,0.059,23.2,60.7,0.992034,3.11,0.43,10.643076975
9.09,0.391,0.55,4.56,0.107,18.3,142.4,0.998728,3.11,0.37,9.316538692
5.56,0.127,0.56,5.73,0.04,54.4,162.4,0.98949,3.06,0.4,11.963128003
8.52,0.202,0.19,10.41,0.06,14.0,116.7,1.003343,3.25,0.99,8.700344599
6.05,0.213,0.36,1.57,0.053,36.5,197.1,0.992506,3.36,0.34,9.482991661
8.15,0.454,0.43,6.32,0.061,12.1,98.5,0.997617,3.22,0.37,9.68818367
7.29,0.26,0.63,6.23,0.056,23.7,132.7,0.996664,3.19,0.66,9.77932749
6.63,0.334,0.43,2.68,0.048,32.9,134.9,0.997265,3.58,1.23,9.737256982
6.27,0.204,0.44,1.63,0.034,26.1,96.7,0.989669,3.02,0.45,11.754705152
7.38,0.636,0.19,2.5,0.048,13.4,70.1,0.994512,3.26,0.68,11.077631601
7.78,0.498,0.08,13.25,0.058,13.5,51.4,0.997532,3.15,0.31,9.951129791
6.16,0.359,0.3,13.33,0.062,56.2,170.6,1.00141,3.34,0.32,8.214440897
6.42,0.171,0.28,0.88,0.022,30.9,74.7,0.988758,3.21,0.4,12.035636217
7.54,0.473,0.22,6.7,0.047,29.7,175.6,0.995614,3.14,0.68,10.409741382
7.62,0.302,0.1,14.43,0.084,83.9,224.4,1.000839,3.15,0.39,8.584541159
7.27,0.386,0.47,5.81,0.06,3.4,112.9,0.99595,3.13,0.84,9.806553289
7.46,0.155,0.48,9.56,0.047,33.4,123.2,0.992492,2.97,0.42,11.367636522
4.9,0.301,0.28,5.66,0.027,46.0,183.0,0.988528,3.25,0.36,12.951827692
6.31,0.551,0.02,5.0,0.058,22.3,153.1,0.992297,3.08,0.4,11.172248453
7.83,0.331,0.27,2.83,0.065,19.8,68.0,0.995087,3.19,0.44,10.639090667
4.99,0.268,0.27,5.1,0.048,42.1,184.6,0.991425,3.37,0.32,10.633767056
7.35,0.354,0.21,12.38,0.08,45.0,179.4,1.001671,3.1,0.38,8.150208403
5.7,0.345,0.36,3.47,0.028,42.0,160.9,0.993314,3.18,1.07,9.45396349
7.96,0.295,0.28,11.76,0.041,32.7,189.3,0.996625,2.8,0.51,9.118537146
5.88,0.686,0.02,0.89,0.029,10.1,102.0,0.99056,3.3,1.38,10.952523338
7.68,0.409,0.54,7.42,0.084,30.2,65.7,0.995802,3.35,0.86,11.747518534
5.78,0.223,0.44,17.83,0.053,55.5,207.8,0.994222,3.01,0.37,9.502166382
7.48,0.399,0.22,5.65,0.072,26.9,83.8,0.997705,3.45,0.34,9.253044828
6.03,0.476,0.33,6.15,0.06,35.9,175.9,0.997633,3.33,0.33,8.75497141
9.39,0.389,0.42,1.54,0.061,17.8,172.4,0.995049,3.01,0.34,10.154556405
5.91,0.378,0.29,21.76,0.033,33.8,203.7,0.997202,3.08,0.31,9.174846536
6.62,0.151,0.34,6.96,0.028,19.8,91.0,0.991255,3.12,0.42,14.45084648
8.01,0.569,0.17,7.24,0.07,22.1,61.3,0.993967,3.12,0.88,11.882381762
7.48,0.745,0.02,1.41,0.106,20.4,85.0,0.996692,3.18,0.95,8.714957117
7.36,0.512,0.35,9.63,0.057,32.0,142.6,0.997972,3.26,0.85,10.373196801
5.41,0.259,0.51,5.46,0.031,37.2,177.5,0.991286,3.05,0.31,10.383984529
6.05,0.374,0.1,5.3,0.04,44.6,142.9,0.993423,3.35,0.97,10.943535528
8.73,0.217,0.47,6.0,0.073,34.9,165.3,0.994855,3.18,0.4,10.674729193
7.49,0.352,0.24,20.82,0.055,36.7,90.2,1.000833,3.37,0.47,10.565412032
9.07,0.644,0.2,6.26,0.056,21.6,132.2,0.997287,3.24,0.74,11.133233904
6.46,0.423,0.12,4.35,0.084,35.5,134.3,0.998834,3.59,0.9,9.178681522
7.31,0.272,0.61,11.54,0.031,47.4,209.1,0.995965,3.19,0.43,11.330031507
6.94,0.402,0.32,2.09,0.053,27.7,97.3,0.993077,3.32,0.4,11.743576114
9.49,0.327,0.33,1.31,0.126,22.0,35.2,0.995357,3.11,0.39,10.459259469
8.25,0.1,0.39,8.77,0.035,38.9,186.5,0.99704,3.15,0.32,9.002093659
6.15,0.319,0.05,6.03,0.117,47.3,155.3,1.001761,3.44,0.84,8.481734098
9.95,0.317,0.45,1.88,0.065,33.8,111.8,0.995173,3.0,0.55,9.577924399
6.78,0.355,0.08,3.75,0.031,25.2,75.4,0.992626,3.25,0.51,11.151706655
7.4,0.344,0.43,7.98,0.023,19.0,74.9,0.993049,3.33,0.47,12.910093241
6.0,0.334,0.13,4.32,0.048,36.5,104.3,0.992364,3.38,0.37,10.495682412
8.31,0.203,0.34,8.07,0.037,7.9,74.4,0.996893,3.05,1.12,9.826504995
6.21,0.17,0.29,12.04,0.035,12.8,125.7,0.996086,3.09,0.71,9.00778733
10.33,0.426,0.31,2.27,0.054,31.0,51.3,0.99481,3.18,0.61,10.678413717
7.35,0.271,0.42,1.06,0.082,5.0,46.5,0.993834,3.28,0.33,9.782168146
6.45,0.452,0.14,1.6,0.034,6.4,28.7,0.990274,3.06,0.33,11.178520636
10.28,0.34,0.44,1.82,0.112,31.5,68.1,0.996278,3.18,0.31,10.244335535
8.17,0.419,0.49,8.92,0.036,11.5,84.5,0.994813,3.01,0.31,9.815314216
7.61,0.321,0.34,1.86,0.067,10.9,73.0,0.997446,3.41,0.47,9.236861863
5.89,0.172,0.45,5.28,0.023,15.1,65.9,0.991498,3.44,0.71,13.477445828
6.62,0.504,0.04,1.76,0.111,23.0,60.8,0.994741,3.5,1.0,11.234062014
6.34,0.136,0.54,9.56,0.024,58.5,219.2,0.992029,2.99,0.59,9.866507707
7.59,0.35,0.33,1.48,0.109,24.6,116.0,0.995389,3.34,1.11,10.796402221
7.59,0.652,0.32,1.13,0.068,25.8,44.7,0.993131,3.25,1.16,11.209029316
7.27,0.248,0.18,11.96,0.055,22.3,135.5,0.995913,3.05,0.32,10.589716425
10.09,0.369,0.45,1.37,0.06,26.2,68.8,0.997537,3.15,1.09,10.412630096
7.54,0.618,0.13,2.3,0.062,11.5,41.8,0.993899,3.19,0.69,12.028791119
7.48,0.544,0.24,8.92,0.06,2.5,21.5,0.996272,3.04,0.32,10.787137434
7.22,0.256,0.34,14.98,0.046,12.7,59.7,0.997191,3.21,0.45,10.74941758
6.91,0.233,0.11,13.23,0.075,33.7,147.5,0.995759,3.27,0.31,9.778278682
6.22,0.284,0.35,6.98,0.021,47.1,184.3,0.993824,3.2,0.44,9.52305144
7.14,0.503,0.13,1.32,0.036,1.0,6.0,0.991781,3.14,0.48,12.677282881
10.74,0.506,0.47,10.94,0.093,25.6,118.7,1.003137,3.2,1.49,9.670996862
6.62,0.272,0.21,2.96,0.052,18.2,64.0,0.994336,3.24,0.47,10.164773979
5.35,0.256,0.19,5.81,0.023,81.5,221.0,0.99426,3.36,0.38,8.974368846
5.84,0.181,0.38,6.41,0.024,43.4,196.1,0.990062,3.13,0.31,11.698403293
7.59,0.155,0.45,2.08,0.04,6.3,82.7,0.991198,2.89,0.31,10.41550937
7.96,0.42,0.24,3.51,0.056,7.8,41.3,0.997929,3.25,0.76,9.656210772
5.84,0.543,0.07,2.59,0.055,17.3,95.4,0.992609,3.32,0.35,11.074220149
4.6,0.127,0.24,4.42,0.013,95.8,299.2,0.987213,3.09,0.31,11.081547887
6.01,0.783,0.08,2.04,0.057,25.4,163.4,0.993269,3.6,0.34,11.62992468
8.96,0.353,0.28,5.97,0.057,49.4,66.8,0.996589,3.17,0.44,10.209665446
6.9,0.279,0.25,9.13,0.047,26.1,131.4,0.995991,3.07,0.32,9.405087308
7.16,0.183,0.5,2.44,0.055,13.4,46.1,0.993525,3.21,0.41,11.137456334
5.4,0.281,0.32,2.89,0.034,55.9,210.2,0.991788,3.35,0.49,10.453714627
