Dataset,Generator,Seed,Experiment,Metric,Value,Mean,Std,Classifier,RegressionModel,Regressor,Leakage,LeakageLevel,TrainingPercentage,EvaluationType,Category,MetricValue,SourceFile
4. Forest cover dataset,CopulaGAN,,fidelity,Gower_Similarity,0.901364,0.901364,,,,,0.0,0.0,100.0,Score,Fidelity,0.901364,Generators\SDV models\4.Forest cover.ipynb
4. Forest cover dataset,CTGAN,,fidelity,Gower_Similarity,0.902477,0.902477,,,,,0.0,0.0,100.0,Score,Fidelity,0.902477,Generators\SDV models\4.Forest cover.ipynb
3. Adult,GaussianCopula,,fidelity,PCA_Mean_Error,595.285454,595.285454,,,,,0.0,0.0,100.0,Score,Fidelity,595.285454,Generators\SDV models\3. Adult census.ipynb
3. Adult,TVAE,,fidelity,PCA_Mean_Error,40.344942,40.344942,,,,,0.0,0.0,100.0,Score,Fidelity,40.344942,Generators\SDV models\3. Adult census.ipynb
3. Adult,CopulaGAN,,fidelity,PCA_Mean_Error,48.729227,48.729227,,,,,0.0,0.0,100.0,Score,Fidelity,48.729227,Generators\SDV models\3. Adult census.ipynb
3. Adult,CTGAN,,fidelity,PCA_Mean_Error,38.298415,38.298415,,,,,0.0,0.0,100.0,Score,Fidelity,38.298415,Generators\SDV models\3. Adult census.ipynb
3. Adult,GaussianCopula,,fidelity,PCA_Correlation_Diff,0.162811,0.162811,,,,,0.0,0.0,100.0,Score,Fidelity,0.162811,Generators\SDV models\3. Adult census.ipynb
3. Adult,TVAE,,fidelity,PCA_Correlation_Diff,0.159209,0.159209,,,,,0.0,0.0,100.0,Score,Fidelity,0.159209,Generators\SDV models\3. Adult census.ipynb
3. Adult,CopulaGAN,,fidelity,PCA_Correlation_Diff,0.156685,0.156685,,,,,0.0,0.0,100.0,Score,Fidelity,0.156685,Generators\SDV models\3. Adult census.ipynb
3. Adult,CTGAN,,fidelity,PCA_Correlation_Diff,0.162565,0.162565,,,,,0.0,0.0,100.0,Score,Fidelity,0.162565,Generators\SDV models\3. Adult census.ipynb
4. Forest cover dataset,TabDDPM,,fidelity,Quality_Score,0.1043,0.1043,,,,,,0.0,,,Fidelity,0.1043,Generators/Diffusion GANs/4_Forest_Cover_diffusion.ipynb
4. Forest cover dataset,ForestDiffusion,,fidelity,Quality_Score,0.1889,0.1889,,,,,,0.0,,,Fidelity,0.1889,Generators/Diffusion GANs/4_Forest_Cover_diffusion.ipynb
4. Forest cover dataset,WGAN_GP,,fidelity,Quality_Score,0.9376,0.9376,,,,,,0.0,,,Fidelity,0.9376,Generators/Other GANS/4_Forest_Cover_other_GAN.ipynb
4. Forest cover dataset,CTABGAN,,fidelity,Quality_Score,0.9687,0.9687,,,,,,0.0,,,Fidelity,0.9687,Generators/Other GANS/4_Forest_Cover_other_GAN.ipynb
3. Adult,GaussianCopula,,,JS_Divergence,,0.0447333333333333,,,,,,0.0,,Score,Fidelity,0.0447333333333333,Generators/SDV models/3. Adult census.ipynb
3. Adult,TVAE,,,JS_Divergence,,0.2172666666666666,,,,,,0.0,,Score,Fidelity,0.2172666666666666,Generators/SDV models/3. Adult census.ipynb
15. Real Estate Valuation,TabDDPM,,fidelity,Quality_Score,0.65929,0.65929,,,,,,0.0,,,Fidelity,0.65929,Generators/Diffusion GANs/15. Real Estate Valuation_diffusion.ipynb
15. Real Estate Valuation,ForestDiffusion,,fidelity,Quality_Score,0.944539,0.944539,,,,,,0.0,,,Fidelity,0.944539,Generators/Diffusion GANs/15. Real Estate Valuation_diffusion.ipynb
15. Real Estate Valuation,WGAN_GP,,fidelity,Quality_Score,0.734693,0.734693,,,,,,0.0,,,Fidelity,0.734693,Generators/Other GANS/15. Real Estate Valuation_other GAN.ipynb
15. Real Estate Valuation,CTABGAN,,fidelity,Quality_Score,0.911592,0.911592,,,,,,0.0,,,Fidelity,0.911592,Generators/Other GANS/15. Real Estate Valuation_other GAN.ipynb
15. Real Estate Valuation,CopulaGAN,,fidelity,Quality_Score,0.734702,0.734702,,,,,,0.0,,,Fidelity,0.734702,Generators/SDV models/15. Real Estate Valuation.ipynb
15. Real Estate Valuation,CTGAN,,fidelity,Quality_Score,0.764289,0.764289,,,,,,0.0,,,Fidelity,0.764289,Generators/SDV models/15. Real Estate Valuation.ipynb
15. Real Estate Valuation,GaussianCopula,,fidelity,Quality_Score,0.884307,0.884307,,,,,,0.0,,,Fidelity,0.884307,Generators/SDV models/15. Real Estate Valuation.ipynb
15. Real Estate Valuation,TVAE,,fidelity,Quality_Score,0.92108,0.92108,,,,,,0.0,,,Fidelity,0.92108,Generators/SDV models/15. Real Estate Valuation.ipynb
14. Energy Efficiency,TabDDPM,,fidelity,Quality_Score,0.654671,0.654671,,,,,,0.0,,,Fidelity,0.654671,Generators/Diffusion GANs/14. Energy Efficiency_diffusion.ipynb
14. Energy Efficiency,ForestDiffusion,,fidelity,Quality_Score,0.708662,0.708662,,,,,,0.0,,,Fidelity,0.708662,Generators/Diffusion GANs/14. Energy Efficiency_diffusion.ipynb
14. Energy Efficiency,WGAN_GP,,fidelity,Quality_Score,0.626702,0.626702,,,,,,0.0,,,Fidelity,0.626702,Generators/Other GANS/14. Energy Efficiency_other GAN.ipynb
14. Energy Efficiency,CTABGAN,,fidelity,Quality_Score,0.704767,0.704767,,,,,,0.0,,,Fidelity,0.704767,Generators/Other GANS/14. Energy Efficiency_other GAN.ipynb
14. Energy Efficiency,CTGAN,,fidelity,Quality_Score,0.677298,0.677298,,,,,,0.0,,,Fidelity,0.677298,Generators/SDV models/14. Energy Efficiency.ipynb
14. Energy Efficiency,CopulaGAN,,fidelity,Quality_Score,0.686985,0.686985,,,,,,0.0,,,Fidelity,0.686985,Generators/SDV models/14. Energy Efficiency.ipynb
14. Energy Efficiency,GaussianCopula,,fidelity,Quality_Score,0.789355,0.789355,,,,,,0.0,,,Fidelity,0.789355,Generators/SDV models/14. Energy Efficiency.ipynb
14. Energy Efficiency,TVAE,,fidelity,Quality_Score,0.88622,0.88622,,,,,,0.0,,,Fidelity,0.88622,Generators/SDV models/14. Energy Efficiency.ipynb
13. Concrete Compressive Strength,ForestDiffusion,,fidelity,Quality_Score,0.877,0.877,,,,,,0.0,,,Fidelity,0.877,Generators/Diffusion GANs/13. Concrete Compressive Strength_diffusion.ipynb
13. Concrete Compressive Strength,TabDDPM,,fidelity,Quality_Score,0.948889,0.948889,,,,,,0.0,,,Fidelity,0.948889,Generators/Diffusion GANs/13. Concrete Compressive Strength_diffusion.ipynb
13. Concrete Compressive Strength,WGAN_GP,,fidelity,Quality_Score,0.744333,0.744333,,,,,,0.0,,,Fidelity,0.744333,Generators/Other GANS/13. Concrete Compressive Strength_other GAN.ipynb
13. Concrete Compressive Strength,CTABGAN,,fidelity,Quality_Score,0.772333,0.772333,,,,,,0.0,,,Fidelity,0.772333,Generators/Other GANS/13. Concrete Compressive Strength_other GAN.ipynb
13. Concrete Compressive Strength,CTGAN,,fidelity,Quality_Score,0.720855,0.720855,,,,,,0.0,,,Fidelity,0.720855,Generators/SDV models/13. Concrete Compressive Strength.ipynb
13. Concrete Compressive Strength,CopulaGAN,,fidelity,Quality_Score,0.724632,0.724632,,,,,,0.0,,,Fidelity,0.724632,Generators/SDV models/13. Concrete Compressive Strength.ipynb
13. Concrete Compressive Strength,GaussianCopula,,fidelity,Quality_Score,0.847314,0.847314,,,,,,0.0,,,Fidelity,0.847314,Generators/SDV models/13. Concrete Compressive Strength.ipynb
13. Concrete Compressive Strength,TVAE,,fidelity,Quality_Score,0.894231,0.894231,,,,,,0.0,,,Fidelity,0.894231,Generators/SDV models/13. Concrete Compressive Strength.ipynb
12. Air Quality,TabDDPM,,fidelity,Quality_Score,0.773077,0.773077,,,,,,0.0,,,Fidelity,0.773077,Generators/Diffusion GANs/12. Air Quality_diffusion.ipynb
12. Air Quality,ForestDiffusion,,fidelity,Quality_Score,0.919615,0.919615,,,,,,0.0,,,Fidelity,0.919615,Generators/Diffusion GANs/12. Air Quality_diffusion.ipynb
12. Air Quality,WGAN_GP,,fidelity,Quality_Score,0.841846,0.841846,,,,,,0.0,,,Fidelity,0.841846,Generators/Other GANS/12. Air Quality_other GAN.ipynb
12. Air Quality,CTABGAN,,fidelity,Quality_Score,0.873,0.873,,,,,,0.0,,,Fidelity,0.873,Generators/Other GANS/12. Air Quality_other GAN.ipynb
12. Air Quality,CopulaGAN,,fidelity,Quality_Score,0.671844,0.671844,,,,,,0.0,,,Fidelity,0.671844,Generators/SDV models/12. Air Quality.ipynb
12. Air Quality,CTGAN,,fidelity,Quality_Score,0.724395,0.724395,,,,,,0.0,,,Fidelity,0.724395,Generators/SDV models/12. Air Quality.ipynb
12. Air Quality,TVAE,,fidelity,Quality_Score,0.927111,0.927111,,,,,,0.0,,,Fidelity,0.927111,Generators/SDV models/12. Air Quality.ipynb
12. Air Quality,GaussianCopula,,fidelity,Quality_Score,0.948563,0.948563,,,,,,0.0,,,Fidelity,0.948563,Generators/SDV models/12. Air Quality.ipynb
11. online shopping,TVAE,,fidelity,Quality_Score,0.608031,0.608031,,,,,,0.0,,,Fidelity,0.608031,Generators/SDV models/11. Online Shopping.ipynb
11. online shopping,CTGAN,,fidelity,Quality_Score,0.672431,0.672431,,,,,,0.0,,,Fidelity,0.672431,Generators/SDV models/11. Online Shopping.ipynb
11. online shopping,CopulaGAN,,fidelity,Quality_Score,0.682,0.682,,,,,,0.0,,,Fidelity,0.682,Generators/SDV models/11. Online Shopping.ipynb
11. online shopping,GaussianCopula,,fidelity,Quality_Score,0.704185,0.704185,,,,,,0.0,,,Fidelity,0.704185,Generators/SDV models/11. Online Shopping.ipynb
10. Metro interstate,GaussianCopula,,fidelity,Quality_Score,0.573533,0.573533,,,,,,0.0,,,Fidelity,0.573533,Generators/SDV models/10. Metro Interstate Traffic Volume.ipynb
10. Metro interstate,CopulaGAN,,fidelity,Quality_Score,0.719811,0.719811,,,,,,0.0,,,Fidelity,0.719811,Generators/SDV models/10. Metro Interstate Traffic Volume.ipynb
10. Metro interstate,CTGAN,,fidelity,Quality_Score,0.755272,0.755272,,,,,,0.0,,,Fidelity,0.755272,Generators/SDV models/10. Metro Interstate Traffic Volume.ipynb
10. Metro interstate,TVAE,,fidelity,Quality_Score,0.852997,0.852997,,,,,,0.0,,,Fidelity,0.852997,Generators/SDV models/10. Metro Interstate Traffic Volume.ipynb
9. MAGIC Gamma Telescope,TabDDPM,,fidelity,Quality_Score,0.722636,0.722636,,,,,,0.0,,,Fidelity,0.722636,Generators/Diffusion GANs/9. MAGIC Gamma Telescope_diffusion.ipynb
9. MAGIC Gamma Telescope,ForestDiffusion,,fidelity,Quality_Score,0.867091,0.867091,,,,,,0.0,,,Fidelity,0.867091,Generators/Diffusion GANs/9. MAGIC Gamma Telescope_diffusion.ipynb
9. MAGIC Gamma Telescope,CTABGAN,,fidelity,Quality_Score,0.939745,0.939745,,,,,,0.0,,,Fidelity,0.939745,Generators/Other GANS/9. MAGIC Gamma Telescope_other GAN.ipynb
9. MAGIC Gamma Telescope,WGAN_GP,,fidelity,Quality_Score,0.94941,0.94941,,,,,,0.0,,,Fidelity,0.94941,Generators/Other GANS/9. MAGIC Gamma Telescope_other GAN.ipynb
9. MAGIC Gamma Telescope,CopulaGAN,,fidelity,Quality_Score,0.888847,0.888847,,,,,,0.0,,,Fidelity,0.888847,Generators/SDV models/9. MAGIC Gamma Telescope.ipynb
9. MAGIC Gamma Telescope,CTGAN,,fidelity,Quality_Score,0.894375,0.894375,,,,,,0.0,,,Fidelity,0.894375,Generators/SDV models/9. MAGIC Gamma Telescope.ipynb
9. MAGIC Gamma Telescope,GaussianCopula,,fidelity,Quality_Score,0.895806,0.895806,,,,,,0.0,,,Fidelity,0.895806,Generators/SDV models/9. MAGIC Gamma Telescope.ipynb
9. MAGIC Gamma Telescope,TVAE,,fidelity,Quality_Score,0.928895,0.928895,,,,,,0.0,,,Fidelity,0.928895,Generators/SDV models/9. MAGIC Gamma Telescope.ipynb
8. Mushroom dataset,TabDDPM,,fidelity,Quality_Score,0.452807,0.452807,,,,,,0.0,,,Fidelity,0.452807,Generators/Diffusion GANs/8. Mushroom_diffusion.ipynb
8. Mushroom dataset,ForestDiffusion,,fidelity,Quality_Score,0.573974,0.573974,,,,,,0.0,,,Fidelity,0.573974,Generators/Diffusion GANs/8. Mushroom_diffusion.ipynb
8. Mushroom dataset,WGAN_GP,,fidelity,Quality_Score,0.600454,0.600454,,,,,,0.0,,,Fidelity,0.600454,Generators/Other GANS/8. Mushroom_other GAN.ipynb
8. Mushroom dataset,CTABGAN,,fidelity,Quality_Score,0.921772,0.921772,,,,,,0.0,,,Fidelity,0.921772,Generators/Other GANS/8. Mushroom_other GAN.ipynb
8. Mushroom dataset,CTGAN,,fidelity,Quality_Score,0.878921,0.878921,,,,,,0.0,,,Fidelity,0.878921,Generators/SDV models/8. Mushroom.ipynb
8. Mushroom dataset,CopulaGAN,,fidelity,Quality_Score,0.892834,0.892834,,,,,,0.0,,,Fidelity,0.892834,Generators/SDV models/8. Mushroom.ipynb
8. Mushroom dataset,GaussianCopula,,fidelity,Quality_Score,0.909833,0.909833,,,,,,0.0,,,Fidelity,0.909833,Generators/SDV models/8. Mushroom.ipynb
8. Mushroom dataset,TVAE,,fidelity,Quality_Score,0.914558,0.914558,,,,,,0.0,,,Fidelity,0.914558,Generators/SDV models/8. Mushroom.ipynb
7. CDC diabetes dataset,CTABGAN,,fidelity,Quality_Score,0.760273,0.760273,,,,,,0.0,,,Fidelity,0.760273,Generators/Other GANS/7_CDC_diabetes_other_GAN.ipynb
7. CDC diabetes dataset,WGAN_GP,,fidelity,Quality_Score,0.847955,0.847955,,,,,,0.0,,,Fidelity,0.847955,Generators/Other GANS/7_CDC_diabetes_other_GAN.ipynb
7. CDC diabetes dataset,CTGAN,,fidelity,Quality_Score,0.87481,0.87481,,,,,,0.0,,,Fidelity,0.87481,Generators/SDV models/7. Heart.ipynb
7. CDC diabetes dataset,CopulaGAN,,fidelity,Quality_Score,0.88296,0.88296,,,,,,0.0,,,Fidelity,0.88296,Generators/SDV models/7. Heart.ipynb
7. CDC diabetes dataset,TVAE,,fidelity,Quality_Score,0.916702,0.916702,,,,,,0.0,,,Fidelity,0.916702,Generators/SDV models/7. Heart.ipynb
7. CDC diabetes dataset,GaussianCopula,,fidelity,Quality_Score,0.923657,0.923657,,,,,,0.0,,,Fidelity,0.923657,Generators/SDV models/7. Heart.ipynb
6. Wine dataset,TabDDPM,,fidelity,Quality_Score,0.761333,0.761333,,,,,,0.0,,,Fidelity,0.761333,Generators/Diffusion GANs/6. Winequality_diffusion.ipynb
6. Wine dataset,ForestDiffusion,,fidelity,Quality_Score,0.857667,0.857667,,,,,,0.0,,,Fidelity,0.857667,Generators/Diffusion GANs/6. Winequality_diffusion.ipynb
6. Wine dataset,WGAN_GP,,fidelity,Quality_Score,0.716417,0.716417,,,,,,0.0,,,Fidelity,0.716417,Generators/Other GANS/6. Winequality_other GAN.ipynb
6. Wine dataset,CTABGAN,,fidelity,Quality_Score,0.834,0.834,,,,,,0.0,,,Fidelity,0.834,Generators/Other GANS/6. Winequality_other GAN.ipynb
6. Wine dataset,CopulaGAN,,fidelity,Quality_Score,0.869136,0.869136,,,,,,0.0,,,Fidelity,0.869136,Generators/SDV models/6. Wine quality.ipynb
6. Wine dataset,CTGAN,,fidelity,Quality_Score,0.870891,0.870891,,,,,,0.0,,,Fidelity,0.870891,Generators/SDV models/6. Wine quality.ipynb
6. Wine dataset,TVAE,,fidelity,Quality_Score,0.94743,0.94743,,,,,,0.0,,,Fidelity,0.94743,Generators/SDV models/6. Wine quality.ipynb
6. Wine dataset,GaussianCopula,,fidelity,Quality_Score,0.951731,0.951731,,,,,,0.0,,,Fidelity,0.951731,Generators/SDV models/6. Wine quality.ipynb
5. Bank Markting,TabDDPM,,fidelity,Quality_Score,0.39863,0.39863,,,,,,0.0,,,Fidelity,0.39863,Generators/Diffusion GANs/5. Bank marketing_diffusion.ipynb
5. Bank Markting,ForestDiffusion,,fidelity,Quality_Score,0.830322,0.830322,,,,,,0.0,,,Fidelity,0.830322,Generators/Diffusion GANs/5. Bank marketing_diffusion.ipynb
5. Bank Markting,WGAN_GP,,fidelity,Quality_Score,0.766527,0.766527,,,,,,0.0,,,Fidelity,0.766527,Generators/Other GANS/5. Bank marketing_other GAN.ipynb
5. Bank Markting,CTABGAN,,fidelity,Quality_Score,0.895316,0.895316,,,,,,0.0,,,Fidelity,0.895316,Generators/Other GANS/5. Bank marketing_other GAN.ipynb
5. Bank Markting,GaussianCopula,,fidelity,Quality_Score,0.821755,0.821755,,,,,,0.0,,,Fidelity,0.821755,Generators/SDV models/5. Bank Marketing.ipynb
5. Bank Markting,TVAE,,fidelity,Quality_Score,0.828657,0.828657,,,,,,0.0,,,Fidelity,0.828657,Generators/SDV models/5. Bank Marketing.ipynb
5. Bank Markting,CopulaGAN,,fidelity,Quality_Score,0.845611,0.845611,,,,,,0.0,,,Fidelity,0.845611,Generators/SDV models/5. Bank Marketing.ipynb
5. Bank Markting,CTGAN,,fidelity,Quality_Score,0.867679,0.867679,,,,,,0.0,,,Fidelity,0.867679,Generators/SDV models/5. Bank Marketing.ipynb
4. Forest cover dataset,CopulaGAN,,fidelity,Quality_Score,0.85485,0.85485,,,,,,0.0,,,Fidelity,0.85485,Generators/SDV models/4.Forest cover.ipynb
4. Forest cover dataset,CTGAN,,fidelity,Quality_Score,0.861948,0.861948,,,,,,0.0,,,Fidelity,0.861948,Generators/SDV models/4.Forest cover.ipynb
4. Forest cover dataset,TVAE,,fidelity,Quality_Score,0.881179,0.881179,,,,,,0.0,,,Fidelity,0.881179,Generators/SDV models/4.Forest cover.ipynb
4. Forest cover dataset,GaussianCopula,,fidelity,Quality_Score,0.925026,0.925026,,,,,,0.0,,,Fidelity,0.925026,Generators/SDV models/4.Forest cover.ipynb
2. Alzhimers,TabDDPM,,fidelity,Quality_Score,0.435996,0.435996,,,,,,0.0,,,Fidelity,0.435996,Generators/Diffusion GANs/2. Alzhimers_diffusion.ipynb
2. Alzhimers,ForestDiffusion,,fidelity,Quality_Score,0.735671,0.735671,,,,,,0.0,,,Fidelity,0.735671,Generators/Diffusion GANs/2. Alzhimers_diffusion.ipynb
2. Alzhimers,CTABGAN,,fidelity,Quality_Score,0.684233,0.684233,,,,,,0.0,,,Fidelity,0.684233,Generators/Other GANS/2. Alzhimers_other GAN.ipynb
2. Alzhimers,WGAN_GP,,fidelity,Quality_Score,0.782315,0.782315,,,,,,0.0,,,Fidelity,0.782315,Generators/Other GANS/2. Alzhimers_other GAN.ipynb
2. Alzhimers,CopulaGAN,,fidelity,Quality_Score,0.639551,0.639551,,,,,,0.0,,,Fidelity,0.639551,Generators/SDV models/2. Alzhimers.ipynb
2. Alzhimers,CTGAN,,fidelity,Quality_Score,0.686399,0.686399,,,,,,0.0,,,Fidelity,0.686399,Generators/SDV models/2. Alzhimers.ipynb
2. Alzhimers,TVAE,,fidelity,Quality_Score,0.744373,0.744373,,,,,,0.0,,,Fidelity,0.744373,Generators/SDV models/2. Alzhimers.ipynb
2. Alzhimers,GaussianCopula,,fidelity,Quality_Score,0.789691,0.789691,,,,,,0.0,,,Fidelity,0.789691,Generators/SDV models/2. Alzhimers.ipynb
1. Cancer,TabDDPM,,fidelity,Quality_Score,0.401382,0.401382,,,,,,0.0,,,Fidelity,0.401382,Generators/Diffusion GANs/1. Cancer_diffusion.ipynb
1. Cancer,ForestDiffusion,,fidelity,Quality_Score,0.947885,0.947885,,,,,,0.0,,,Fidelity,0.947885,Generators/Diffusion GANs/1. Cancer_diffusion.ipynb
1. Cancer,CTABGAN,,fidelity,Quality_Score,0.851563,0.851563,,,,,,0.0,,,Fidelity,0.851563,Generators/Other GANS/1. Cancer_other GAN.ipynb
1. Cancer,WGAN_GP,,fidelity,Quality_Score,0.949012,0.949012,,,,,,0.0,,,Fidelity,0.949012,Generators/Other GANS/1. Cancer_other GAN.ipynb
1. Cancer,CopulaGAN,,fidelity,Quality_Score,0.721867,0.721867,,,,,,0.0,,,Fidelity,0.721867,Generators/SDV models/1. Cancer.ipynb
1. Cancer,CTGAN,,fidelity,Quality_Score,0.765081,0.765081,,,,,,0.0,,,Fidelity,0.765081,Generators/SDV models/1. Cancer.ipynb
1. Cancer,TVAE,,fidelity,Quality_Score,0.896421,0.896421,,,,,,0.0,,,Fidelity,0.896421,Generators/SDV models/1. Cancer.ipynb
1. Cancer,GaussianCopula,,fidelity,Quality_Score,0.943748,0.943748,,,,,,0.0,,,Fidelity,0.943748,Generators/SDV models/1. Cancer.ipynb
15. Real Estate Valuation,TabDDPM,,,JS_Divergence,,0.2444145999999999,,,,,,0.0,,Score,Fidelity,0.2444145999999999,Generators/Diffusion GANs/15. Real Estate Valuation_diffusion.ipynb
15. Real Estate Valuation,ForestDiffusion,,,KS_Complement,,0.9445,,,,,,0.0,,Score,Fidelity,0.9445,Generators/Diffusion GANs/15. Real Estate Valuation_diffusion.ipynb
15. Real Estate Valuation,TabDDPM,,,KS_Complement,,0.6593000000000001,,,,,,0.0,,Score,Fidelity,0.6593000000000001,Generators/Diffusion GANs/15. Real Estate Valuation_diffusion.ipynb
15. Real Estate Valuation,TabDDPM,,,MMD_Multivariate,,0.134849,,,,,,0.0,,Score,Fidelity,0.134849,Generators/Diffusion GANs/15. Real Estate Valuation_diffusion.ipynb
15. Real Estate Valuation,ForestDiffusion,,,MMD_Multivariate,,-0.000807,,,,,,0.0,,Score,Fidelity,-0.000807,Generators/Diffusion GANs/15. Real Estate Valuation_diffusion.ipynb
15. Real Estate Valuation,ForestDiffusion,,,PCA_Correlation_Diff,,0.069516,,,,,,0.0,,Score,Fidelity,0.069516,Generators/Diffusion GANs/15. Real Estate Valuation_diffusion.ipynb
15. Real Estate Valuation,TabDDPM,,,PCA_Correlation_Diff,,0.880434,,,,,,0.0,,Score,Fidelity,0.880434,Generators/Diffusion GANs/15. Real Estate Valuation_diffusion.ipynb
15. Real Estate Valuation,ForestDiffusion,,,PCA_Mean_Error,,2.227323,,,,,,0.0,,Score,Fidelity,2.227323,Generators/Diffusion GANs/15. Real Estate Valuation_diffusion.ipynb
15. Real Estate Valuation,TabDDPM,,,PCA_Mean_Error,,46.180834,,,,,,0.0,,Score,Fidelity,46.180834,Generators/Diffusion GANs/15. Real Estate Valuation_diffusion.ipynb
15. Real Estate Valuation,TabDDPM,,,Cosine_Similarity,,-0.031771,,,,,,0.0,,Score,Fidelity,-0.031771,Generators/Diffusion GANs/15. Real Estate Valuation_diffusion.ipynb
15. Real Estate Valuation,ForestDiffusion,,,Cosine_Similarity,,0.023181,,,,,,0.0,,Score,Fidelity,0.023181,Generators/Diffusion GANs/15. Real Estate Valuation_diffusion.ipynb
15. Real Estate Valuation,TabDDPM,,,MMD,,0.230156,,,,,,0.0,,Score,Fidelity,0.230156,Generators/Diffusion GANs/15. Real Estate Valuation_diffusion.ipynb
15. Real Estate Valuation,ForestDiffusion,,,MMD,,0.000787,,,,,,0.0,,Score,Fidelity,0.000787,Generators/Diffusion GANs/15. Real Estate Valuation_diffusion.ipynb
15. Real Estate Valuation,ForestDiffusion,,,Gower_Distance,,0.76937,,,,,,0.0,,Score,Fidelity,0.76937,Generators/Diffusion GANs/15. Real Estate Valuation_diffusion.ipynb
15. Real Estate Valuation,TabDDPM,,,Gower_Distance,,0.599162,,,,,,0.0,,Score,Fidelity,0.599162,Generators/Diffusion GANs/15. Real Estate Valuation_diffusion.ipynb
15. Real Estate Valuation,TabDDPM,,,Wasserstein_Distance,,0.227584,,,,,,0.0,,Score,Fidelity,0.227584,Generators/Diffusion GANs/15. Real Estate Valuation_diffusion.ipynb
15. Real Estate Valuation,ForestDiffusion,,,Wasserstein_Distance,,0.009755,,,,,,0.0,,Score,Fidelity,0.009755,Generators/Diffusion GANs/15. Real Estate Valuation_diffusion.ipynb
15. Real Estate Valuation,WGAN_GP,,,JS_Divergence,,0.1768491999999999,,,,,,0.0,,Score,Fidelity,0.1768491999999999,Generators/Other GANS/15. Real Estate Valuation_other GAN.ipynb
15. Real Estate Valuation,WGAN_GP,,,KS_Complement,,0.7347,,,,,,0.0,,Score,Fidelity,0.7347,Generators/Other GANS/15. Real Estate Valuation_other GAN.ipynb
15. Real Estate Valuation,CTABGAN,,,KS_Complement,,0.9116,,,,,,0.0,,Score,Fidelity,0.9116,Generators/Other GANS/15. Real Estate Valuation_other GAN.ipynb
15. Real Estate Valuation,WGAN_GP,,,MMD_Multivariate,,0.061439,,,,,,0.0,,Score,Fidelity,0.061439,Generators/Other GANS/15. Real Estate Valuation_other GAN.ipynb
15. Real Estate Valuation,CTABGAN,,,MMD_Multivariate,,0.006785,,,,,,0.0,,Score,Fidelity,0.006785,Generators/Other GANS/15. Real Estate Valuation_other GAN.ipynb
15. Real Estate Valuation,WGAN_GP,,,PCA_Correlation_Diff,,0.562106,,,,,,0.0,,Score,Fidelity,0.562106,Generators/Other GANS/15. Real Estate Valuation_other GAN.ipynb
15. Real Estate Valuation,CTABGAN,,,PCA_Correlation_Diff,,0.625634,,,,,,0.0,,Score,Fidelity,0.625634,Generators/Other GANS/15. Real Estate Valuation_other GAN.ipynb
15. Real Estate Valuation,WGAN_GP,,,PCA_Mean_Error,,24.321296,,,,,,0.0,,Score,Fidelity,24.321296,Generators/Other GANS/15. Real Estate Valuation_other GAN.ipynb
15. Real Estate Valuation,CTABGAN,,,PCA_Mean_Error,,5.521376,,,,,,0.0,,Score,Fidelity,5.521376,Generators/Other GANS/15. Real Estate Valuation_other GAN.ipynb
15. Real Estate Valuation,CTABGAN,,,Cosine_Similarity,,0.016572,,,,,,0.0,,Score,Fidelity,0.016572,Generators/Other GANS/15. Real Estate Valuation_other GAN.ipynb
15. Real Estate Valuation,WGAN_GP,,,Cosine_Similarity,,0.023284,,,,,,0.0,,Score,Fidelity,0.023284,Generators/Other GANS/15. Real Estate Valuation_other GAN.ipynb
15. Real Estate Valuation,WGAN_GP,,,MMD,,0.080058,,,,,,0.0,,Score,Fidelity,0.080058,Generators/Other GANS/15. Real Estate Valuation_other GAN.ipynb
15. Real Estate Valuation,CTABGAN,,,MMD,,0.010593,,,,,,0.0,,Score,Fidelity,0.010593,Generators/Other GANS/15. Real Estate Valuation_other GAN.ipynb
15. Real Estate Valuation,WGAN_GP,,,Gower_Distance,,0.843701,,,,,,0.0,,Score,Fidelity,0.843701,Generators/Other GANS/15. Real Estate Valuation_other GAN.ipynb
15. Real Estate Valuation,CTABGAN,,,Gower_Distance,,0.776166,,,,,,0.0,,Score,Fidelity,0.776166,Generators/Other GANS/15. Real Estate Valuation_other GAN.ipynb
15. Real Estate Valuation,WGAN_GP,,,Wasserstein_Distance,,0.107111,,,,,,0.0,,Score,Fidelity,0.107111,Generators/Other GANS/15. Real Estate Valuation_other GAN.ipynb
15. Real Estate Valuation,CTABGAN,,,Wasserstein_Distance,,0.024693,,,,,,0.0,,Score,Fidelity,0.024693,Generators/Other GANS/15. Real Estate Valuation_other GAN.ipynb
15. Real Estate Valuation,GaussianCopula,,,JS_Divergence,,0.8356060000000001,,,,,,0.0,,Score,Fidelity,0.8356060000000001,Generators/SDV models/15. Real Estate Valuation.ipynb
15. Real Estate Valuation,TVAE,,,JS_Divergence,,0.3109671666666667,,,,,,0.0,,Score,Fidelity,0.3109671666666667,Generators/SDV models/15. Real Estate Valuation.ipynb
15. Real Estate Valuation,CopulaGAN,,,JS_Divergence,,0.3512481666666667,,,,,,0.0,,Score,Fidelity,0.3512481666666667,Generators/SDV models/15. Real Estate Valuation.ipynb
15. Real Estate Valuation,CTGAN,,,JS_Divergence,,0.3247696666666667,,,,,,0.0,,Score,Fidelity,0.3247696666666667,Generators/SDV models/15. Real Estate Valuation.ipynb
15. Real Estate Valuation,GaussianCopula,,,KS_Complement,,0.8043,,,,,,0.0,,Score,Fidelity,0.8043,Generators/SDV models/15. Real Estate Valuation.ipynb
15. Real Estate Valuation,TVAE,,,KS_Complement,,0.8945000000000001,,,,,,0.0,,Score,Fidelity,0.8945000000000001,Generators/SDV models/15. Real Estate Valuation.ipynb
15. Real Estate Valuation,CopulaGAN,,,KS_Complement,,0.7287,,,,,,0.0,,Score,Fidelity,0.7287,Generators/SDV models/15. Real Estate Valuation.ipynb
15. Real Estate Valuation,CTGAN,,,KS_Complement,,0.7720999999999999,,,,,,0.0,,Score,Fidelity,0.7720999999999999,Generators/SDV models/15. Real Estate Valuation.ipynb
15. Real Estate Valuation,TVAE,,,MMD_Multivariate,,0.557081,,,,,,0.0,,Score,Fidelity,0.557081,Generators/SDV models/15. Real Estate Valuation.ipynb
15. Real Estate Valuation,CTGAN,,,MMD_Multivariate,,0.557081,,,,,,0.0,,Score,Fidelity,0.557081,Generators/SDV models/15. Real Estate Valuation.ipynb
15. Real Estate Valuation,GaussianCopula,,,MMD_Multivariate,,0.557081,,,,,,0.0,,Score,Fidelity,0.557081,Generators/SDV models/15. Real Estate Valuation.ipynb
15. Real Estate Valuation,CopulaGAN,,,MMD_Multivariate,,0.557081,,,,,,0.0,,Score,Fidelity,0.557081,Generators/SDV models/15. Real Estate Valuation.ipynb
15. Real Estate Valuation,GaussianCopula,,,PCA_Correlation_Diff,,0.877297,,,,,,0.0,,Score,Fidelity,0.877297,Generators/SDV models/15. Real Estate Valuation.ipynb
15. Real Estate Valuation,TVAE,,,PCA_Correlation_Diff,,0.758204,,,,,,0.0,,Score,Fidelity,0.758204,Generators/SDV models/15. Real Estate Valuation.ipynb
15. Real Estate Valuation,CopulaGAN,,,PCA_Correlation_Diff,,0.864963,,,,,,0.0,,Score,Fidelity,0.864963,Generators/SDV models/15. Real Estate Valuation.ipynb
15. Real Estate Valuation,CTGAN,,,PCA_Correlation_Diff,,0.842184,,,,,,0.0,,Score,Fidelity,0.842184,Generators/SDV models/15. Real Estate Valuation.ipynb
15. Real Estate Valuation,GaussianCopula,,,PCA_Mean_Error,,54.66314,,,,,,0.0,,Score,Fidelity,54.66314,Generators/SDV models/15. Real Estate Valuation.ipynb
15. Real Estate Valuation,TVAE,,,PCA_Mean_Error,,49.869909,,,,,,0.0,,Score,Fidelity,49.869909,Generators/SDV models/15. Real Estate Valuation.ipynb
15. Real Estate Valuation,CopulaGAN,,,PCA_Mean_Error,,71.639749,,,,,,0.0,,Score,Fidelity,71.639749,Generators/SDV models/15. Real Estate Valuation.ipynb
15. Real Estate Valuation,CTGAN,,,PCA_Mean_Error,,55.159242,,,,,,0.0,,Score,Fidelity,55.159242,Generators/SDV models/15. Real Estate Valuation.ipynb
15. Real Estate Valuation,CopulaGAN,,,Cosine_Similarity,,-0.050764,,,,,,0.0,,Score,Fidelity,-0.050764,Generators/SDV models/15. Real Estate Valuation.ipynb
15. Real Estate Valuation,CTGAN,,,Cosine_Similarity,,-0.050747,,,,,,0.0,,Score,Fidelity,-0.050747,Generators/SDV models/15. Real Estate Valuation.ipynb
15. Real Estate Valuation,GaussianCopula,,,Cosine_Similarity,,-0.050746,,,,,,0.0,,Score,Fidelity,-0.050746,Generators/SDV models/15. Real Estate Valuation.ipynb
15. Real Estate Valuation,TVAE,,,Cosine_Similarity,,-0.050741,,,,,,0.0,,Score,Fidelity,-0.050741,Generators/SDV models/15. Real Estate Valuation.ipynb
15. Real Estate Valuation,TVAE,,,MMD,,0.558462,,,,,,0.0,,Score,Fidelity,0.558462,Generators/SDV models/15. Real Estate Valuation.ipynb
15. Real Estate Valuation,CTGAN,,,MMD,,0.558462,,,,,,0.0,,Score,Fidelity,0.558462,Generators/SDV models/15. Real Estate Valuation.ipynb
15. Real Estate Valuation,GaussianCopula,,,MMD,,0.558462,,,,,,0.0,,Score,Fidelity,0.558462,Generators/SDV models/15. Real Estate Valuation.ipynb
15. Real Estate Valuation,CopulaGAN,,,MMD,,0.558462,,,,,,0.0,,Score,Fidelity,0.558462,Generators/SDV models/15. Real Estate Valuation.ipynb
15. Real Estate Valuation,GaussianCopula,,,Gower_Distance,,0.700365,,,,,,0.0,,Score,Fidelity,0.700365,Generators/SDV models/15. Real Estate Valuation.ipynb
15. Real Estate Valuation,TVAE,,,Gower_Distance,,0.721756,,,,,,0.0,,Score,Fidelity,0.721756,Generators/SDV models/15. Real Estate Valuation.ipynb
15. Real Estate Valuation,CopulaGAN,,,Gower_Distance,,0.667636,,,,,,0.0,,Score,Fidelity,0.667636,Generators/SDV models/15. Real Estate Valuation.ipynb
15. Real Estate Valuation,CTGAN,,,Gower_Distance,,0.708963,,,,,,0.0,,Score,Fidelity,0.708963,Generators/SDV models/15. Real Estate Valuation.ipynb
15. Real Estate Valuation,CopulaGAN,,,Wasserstein_Distance,,340.846522,,,,,,0.0,,Score,Fidelity,340.846522,Generators/SDV models/15. Real Estate Valuation.ipynb
15. Real Estate Valuation,CTGAN,,,Wasserstein_Distance,,340.821029,,,,,,0.0,,Score,Fidelity,340.821029,Generators/SDV models/15. Real Estate Valuation.ipynb
15. Real Estate Valuation,GaussianCopula,,,Wasserstein_Distance,,340.8144,,,,,,0.0,,Score,Fidelity,340.8144,Generators/SDV models/15. Real Estate Valuation.ipynb
15. Real Estate Valuation,TVAE,,,Wasserstein_Distance,,340.802477,,,,,,0.0,,Score,Fidelity,340.802477,Generators/SDV models/15. Real Estate Valuation.ipynb
14. Energy Efficiency,ForestDiffusion,,,KS_Complement,,0.7087,,,,,,0.0,,Score,Fidelity,0.7087,Generators/Diffusion GANs/14. Energy Efficiency_diffusion.ipynb
14. Energy Efficiency,TabDDPM,,,KS_Complement,,0.6547,,,,,,0.0,,Score,Fidelity,0.6547,Generators/Diffusion GANs/14. Energy Efficiency_diffusion.ipynb
14. Energy Efficiency,TabDDPM,,,MMD_Multivariate,,0.058913,,,,,,0.0,,Score,Fidelity,0.058913,Generators/Diffusion GANs/14. Energy Efficiency_diffusion.ipynb
14. Energy Efficiency,ForestDiffusion,,,MMD_Multivariate,,-0.000548,,,,,,0.0,,Score,Fidelity,-0.000548,Generators/Diffusion GANs/14. Energy Efficiency_diffusion.ipynb
14. Energy Efficiency,ForestDiffusion,,,PCA_Correlation_Diff,,0.130137,,,,,,0.0,,Score,Fidelity,0.130137,Generators/Diffusion GANs/14. Energy Efficiency_diffusion.ipynb
14. Energy Efficiency,TabDDPM,,,PCA_Correlation_Diff,,0.505822,,,,,,0.0,,Score,Fidelity,0.505822,Generators/Diffusion GANs/14. Energy Efficiency_diffusion.ipynb
14. Energy Efficiency,ForestDiffusion,,,PCA_Mean_Error,,0.744817,,,,,,0.0,,Score,Fidelity,0.744817,Generators/Diffusion GANs/14. Energy Efficiency_diffusion.ipynb
14. Energy Efficiency,TabDDPM,,,PCA_Mean_Error,,10.645464,,,,,,0.0,,Score,Fidelity,10.645464,Generators/Diffusion GANs/14. Energy Efficiency_diffusion.ipynb
14. Energy Efficiency,ForestDiffusion,,,Cosine_Similarity,,0.000579,,,,,,0.0,,Score,Fidelity,0.000579,Generators/Diffusion GANs/14. Energy Efficiency_diffusion.ipynb
14. Energy Efficiency,TabDDPM,,,Cosine_Similarity,,0.001883,,,,,,0.0,,Score,Fidelity,0.001883,Generators/Diffusion GANs/14. Energy Efficiency_diffusion.ipynb
14. Energy Efficiency,TabDDPM,,,MMD,,0.096222,,,,,,0.0,,Score,Fidelity,0.096222,Generators/Diffusion GANs/14. Energy Efficiency_diffusion.ipynb
14. Energy Efficiency,ForestDiffusion,,,MMD,,0.000597,,,,,,0.0,,Score,Fidelity,0.000597,Generators/Diffusion GANs/14. Energy Efficiency_diffusion.ipynb
14. Energy Efficiency,ForestDiffusion,,,Gower_Distance,,0.623942,,,,,,0.0,,Score,Fidelity,0.623942,Generators/Diffusion GANs/14. Energy Efficiency_diffusion.ipynb
14. Energy Efficiency,TabDDPM,,,Gower_Distance,,0.551458,,,,,,0.0,,Score,Fidelity,0.551458,Generators/Diffusion GANs/14. Energy Efficiency_diffusion.ipynb
14. Energy Efficiency,TabDDPM,,,Wasserstein_Distance,,0.162632,,,,,,0.0,,Score,Fidelity,0.162632,Generators/Diffusion GANs/14. Energy Efficiency_diffusion.ipynb
14. Energy Efficiency,ForestDiffusion,,,Wasserstein_Distance,,0.010613,,,,,,0.0,,Score,Fidelity,0.010613,Generators/Diffusion GANs/14. Energy Efficiency_diffusion.ipynb
14. Energy Efficiency,WGAN_GP,,,KS_Complement,,0.6267,,,,,,0.0,,Score,Fidelity,0.6267,Generators/Other GANS/14. Energy Efficiency_other GAN.ipynb
14. Energy Efficiency,CTABGAN,,,KS_Complement,,0.7048000000000001,,,,,,0.0,,Score,Fidelity,0.7048000000000001,Generators/Other GANS/14. Energy Efficiency_other GAN.ipynb
14. Energy Efficiency,CTABGAN,,,MMD_Multivariate,,0.097387,,,,,,0.0,,Score,Fidelity,0.097387,Generators/Other GANS/14. Energy Efficiency_other GAN.ipynb
14. Energy Efficiency,WGAN_GP,,,MMD_Multivariate,,0.018008,,,,,,0.0,,Score,Fidelity,0.018008,Generators/Other GANS/14. Energy Efficiency_other GAN.ipynb
14. Energy Efficiency,WGAN_GP,,,PCA_Correlation_Diff,,0.692157,,,,,,0.0,,Score,Fidelity,0.692157,Generators/Other GANS/14. Energy Efficiency_other GAN.ipynb
14. Energy Efficiency,CTABGAN,,,PCA_Correlation_Diff,,0.988662,,,,,,0.0,,Score,Fidelity,0.988662,Generators/Other GANS/14. Energy Efficiency_other GAN.ipynb
14. Energy Efficiency,WGAN_GP,,,PCA_Mean_Error,,4.049586,,,,,,0.0,,Score,Fidelity,4.049586,Generators/Other GANS/14. Energy Efficiency_other GAN.ipynb
14. Energy Efficiency,CTABGAN,,,PCA_Mean_Error,,9.30352,,,,,,0.0,,Score,Fidelity,9.30352,Generators/Other GANS/14. Energy Efficiency_other GAN.ipynb
14. Energy Efficiency,CTABGAN,,,Cosine_Similarity,,-0.003831,,,,,,0.0,,Score,Fidelity,-0.003831,Generators/Other GANS/14. Energy Efficiency_other GAN.ipynb
14. Energy Efficiency,WGAN_GP,,,Cosine_Similarity,,0.000862,,,,,,0.0,,Score,Fidelity,0.000862,Generators/Other GANS/14. Energy Efficiency_other GAN.ipynb
14. Energy Efficiency,CTABGAN,,,MMD,,0.120882,,,,,,0.0,,Score,Fidelity,0.120882,Generators/Other GANS/14. Energy Efficiency_other GAN.ipynb
14. Energy Efficiency,WGAN_GP,,,MMD,,0.030559,,,,,,0.0,,Score,Fidelity,0.030559,Generators/Other GANS/14. Energy Efficiency_other GAN.ipynb
14. Energy Efficiency,WGAN_GP,,,Gower_Distance,,0.837679,,,,,,0.0,,Score,Fidelity,0.837679,Generators/Other GANS/14. Energy Efficiency_other GAN.ipynb
14. Energy Efficiency,CTABGAN,,,Gower_Distance,,0.632868,,,,,,0.0,,Score,Fidelity,0.632868,Generators/Other GANS/14. Energy Efficiency_other GAN.ipynb
14. Energy Efficiency,CTABGAN,,,Wasserstein_Distance,,0.154255,,,,,,0.0,,Score,Fidelity,0.154255,Generators/Other GANS/14. Energy Efficiency_other GAN.ipynb
14. Energy Efficiency,WGAN_GP,,,Wasserstein_Distance,,0.147232,,,,,,0.0,,Score,Fidelity,0.147232,Generators/Other GANS/14. Energy Efficiency_other GAN.ipynb
14. Energy Efficiency,TVAE,,,JS_Divergence,,0.272864,,,,,,0.0,,Score,Fidelity,0.272864,Generators/SDV models/14. Energy Efficiency.ipynb
14. Energy Efficiency,CopulaGAN,,,JS_Divergence,,0.1319796666666667,,,,,,0.0,,Score,Fidelity,0.1319796666666667,Generators/SDV models/14. Energy Efficiency.ipynb
14. Energy Efficiency,GaussianCopula,,,KS_Complement,,0.7555,,,,,,0.0,,Score,Fidelity,0.7555,Generators/SDV models/14. Energy Efficiency.ipynb
14. Energy Efficiency,TVAE,,,KS_Complement,,0.8604,,,,,,0.0,,Score,Fidelity,0.8604,Generators/SDV models/14. Energy Efficiency.ipynb
14. Energy Efficiency,CopulaGAN,,,KS_Complement,,0.8096,,,,,,0.0,,Score,Fidelity,0.8096,Generators/SDV models/14. Energy Efficiency.ipynb
14. Energy Efficiency,CTGAN,,,KS_Complement,,0.7759,,,,,,0.0,,Score,Fidelity,0.7759,Generators/SDV models/14. Energy Efficiency.ipynb
14. Energy Efficiency,CTGAN,,,MMD_Multivariate,,0.054252,,,,,,0.0,,Score,Fidelity,0.054252,Generators/SDV models/14. Energy Efficiency.ipynb
14. Energy Efficiency,CopulaGAN,,,MMD_Multivariate,,0.030936,,,,,,0.0,,Score,Fidelity,0.030936,Generators/SDV models/14. Energy Efficiency.ipynb
14. Energy Efficiency,GaussianCopula,,,MMD_Multivariate,,0.02369,,,,,,0.0,,Score,Fidelity,0.02369,Generators/SDV models/14. Energy Efficiency.ipynb
14. Energy Efficiency,TVAE,,,MMD_Multivariate,,0.01939,,,,,,0.0,,Score,Fidelity,0.01939,Generators/SDV models/14. Energy Efficiency.ipynb
14. Energy Efficiency,GaussianCopula,,,PCA_Correlation_Diff,,0.391368,,,,,,0.0,,Score,Fidelity,0.391368,Generators/SDV models/14. Energy Efficiency.ipynb
14. Energy Efficiency,TVAE,,,PCA_Correlation_Diff,,0.197171,,,,,,0.0,,Score,Fidelity,0.197171,Generators/SDV models/14. Energy Efficiency.ipynb
14. Energy Efficiency,CopulaGAN,,,PCA_Correlation_Diff,,0.991153,,,,,,0.0,,Score,Fidelity,0.991153,Generators/SDV models/14. Energy Efficiency.ipynb
14. Energy Efficiency,CTGAN,,,PCA_Correlation_Diff,,1.01786,,,,,,0.0,,Score,Fidelity,1.01786,Generators/SDV models/14. Energy Efficiency.ipynb
14. Energy Efficiency,GaussianCopula,,,PCA_Mean_Error,,3.734944,,,,,,0.0,,Score,Fidelity,3.734944,Generators/SDV models/14. Energy Efficiency.ipynb
14. Energy Efficiency,TVAE,,,PCA_Mean_Error,,6.5698,,,,,,0.0,,Score,Fidelity,6.5698,Generators/SDV models/14. Energy Efficiency.ipynb
14. Energy Efficiency,CopulaGAN,,,PCA_Mean_Error,,6.337747,,,,,,0.0,,Score,Fidelity,6.337747,Generators/SDV models/14. Energy Efficiency.ipynb
14. Energy Efficiency,CTGAN,,,PCA_Mean_Error,,6.831319,,,,,,0.0,,Score,Fidelity,6.831319,Generators/SDV models/14. Energy Efficiency.ipynb
14. Energy Efficiency,CopulaGAN,,,Cosine_Similarity,,-0.001534,,,,,,0.0,,Score,Fidelity,-0.001534,Generators/SDV models/14. Energy Efficiency.ipynb
14. Energy Efficiency,GaussianCopula,,,Cosine_Similarity,,0.001194,,,,,,0.0,,Score,Fidelity,0.001194,Generators/SDV models/14. Energy Efficiency.ipynb
14. Energy Efficiency,CTGAN,,,Cosine_Similarity,,0.002569,,,,,,0.0,,Score,Fidelity,0.002569,Generators/SDV models/14. Energy Efficiency.ipynb
14. Energy Efficiency,TVAE,,,Cosine_Similarity,,0.00282,,,,,,0.0,,Score,Fidelity,0.00282,Generators/SDV models/14. Energy Efficiency.ipynb
14. Energy Efficiency,CTGAN,,,MMD,,0.054927,,,,,,0.0,,Score,Fidelity,0.054927,Generators/SDV models/14. Energy Efficiency.ipynb
14. Energy Efficiency,CopulaGAN,,,MMD,,0.0318,,,,,,0.0,,Score,Fidelity,0.0318,Generators/SDV models/14. Energy Efficiency.ipynb
14. Energy Efficiency,GaussianCopula,,,MMD,,0.024683,,,,,,0.0,,Score,Fidelity,0.024683,Generators/SDV models/14. Energy Efficiency.ipynb
14. Energy Efficiency,TVAE,,,MMD,,0.020381,,,,,,0.0,,Score,Fidelity,0.020381,Generators/SDV models/14. Energy Efficiency.ipynb
14. Energy Efficiency,GaussianCopula,,,Gower_Distance,,0.611222,,,,,,0.0,,Score,Fidelity,0.611222,Generators/SDV models/14. Energy Efficiency.ipynb
14. Energy Efficiency,TVAE,,,Gower_Distance,,0.628166,,,,,,0.0,,Score,Fidelity,0.628166,Generators/SDV models/14. Energy Efficiency.ipynb
14. Energy Efficiency,CopulaGAN,,,Gower_Distance,,0.595962,,,,,,0.0,,Score,Fidelity,0.595962,Generators/SDV models/14. Energy Efficiency.ipynb
14. Energy Efficiency,CTGAN,,,Gower_Distance,,0.61768,,,,,,0.0,,Score,Fidelity,0.61768,Generators/SDV models/14. Energy Efficiency.ipynb
14. Energy Efficiency,CTGAN,,,Wasserstein_Distance,,0.102021,,,,,,0.0,,Score,Fidelity,0.102021,Generators/SDV models/14. Energy Efficiency.ipynb
14. Energy Efficiency,CopulaGAN,,,Wasserstein_Distance,,0.098246,,,,,,0.0,,Score,Fidelity,0.098246,Generators/SDV models/14. Energy Efficiency.ipynb
14. Energy Efficiency,GaussianCopula,,,Wasserstein_Distance,,0.089152,,,,,,0.0,,Score,Fidelity,0.089152,Generators/SDV models/14. Energy Efficiency.ipynb
14. Energy Efficiency,TVAE,,,Wasserstein_Distance,,0.055541,,,,,,0.0,,Score,Fidelity,0.055541,Generators/SDV models/14. Energy Efficiency.ipynb
13. Concrete Compressive Strength,ForestDiffusion,,,JS_Divergence,,0.007319,,,,,,0.0,,Score,Fidelity,0.007319,Generators/Diffusion GANs/13. Concrete Compressive Strength_diffusion.ipynb
13. Concrete Compressive Strength,TabDDPM,,,JS_Divergence,,0.031480875,,,,,,0.0,,Score,Fidelity,0.031480875,Generators/Diffusion GANs/13. Concrete Compressive Strength_diffusion.ipynb
13. Concrete Compressive Strength,ForestDiffusion,,,KS_Complement,,0.877,,,,,,0.0,,Score,Fidelity,0.877,Generators/Diffusion GANs/13. Concrete Compressive Strength_diffusion.ipynb
13. Concrete Compressive Strength,TabDDPM,,,KS_Complement,,0.9489,,,,,,0.0,,Score,Fidelity,0.9489,Generators/Diffusion GANs/13. Concrete Compressive Strength_diffusion.ipynb
13. Concrete Compressive Strength,TabDDPM,,,MMD_Multivariate,,0.000832,,,,,,0.0,,Score,Fidelity,0.000832,Generators/Diffusion GANs/13. Concrete Compressive Strength_diffusion.ipynb
13. Concrete Compressive Strength,ForestDiffusion,,,MMD_Multivariate,,0.000235,,,,,,0.0,,Score,Fidelity,0.000235,Generators/Diffusion GANs/13. Concrete Compressive Strength_diffusion.ipynb
13. Concrete Compressive Strength,ForestDiffusion,,,PCA_Correlation_Diff,,0.097754,,,,,,0.0,,Score,Fidelity,0.097754,Generators/Diffusion GANs/13. Concrete Compressive Strength_diffusion.ipynb
13. Concrete Compressive Strength,TabDDPM,,,PCA_Correlation_Diff,,0.277647,,,,,,0.0,,Score,Fidelity,0.277647,Generators/Diffusion GANs/13. Concrete Compressive Strength_diffusion.ipynb
13. Concrete Compressive Strength,ForestDiffusion,,,PCA_Mean_Error,,3.217264,,,,,,0.0,,Score,Fidelity,3.217264,Generators/Diffusion GANs/13. Concrete Compressive Strength_diffusion.ipynb
13. Concrete Compressive Strength,TabDDPM,,,PCA_Mean_Error,,2.932205,,,,,,0.0,,Score,Fidelity,2.932205,Generators/Diffusion GANs/13. Concrete Compressive Strength_diffusion.ipynb
13. Concrete Compressive Strength,TabDDPM,,,Cosine_Similarity,,0.002792,,,,,,0.0,,Score,Fidelity,0.002792,Generators/Diffusion GANs/13. Concrete Compressive Strength_diffusion.ipynb
13. Concrete Compressive Strength,ForestDiffusion,,,Cosine_Similarity,,0.003079,,,,,,0.0,,Score,Fidelity,0.003079,Generators/Diffusion GANs/13. Concrete Compressive Strength_diffusion.ipynb
13. Concrete Compressive Strength,TabDDPM,,,MMD,,0.002176,,,,,,0.0,,Score,Fidelity,0.002176,Generators/Diffusion GANs/13. Concrete Compressive Strength_diffusion.ipynb
13. Concrete Compressive Strength,ForestDiffusion,,,MMD,,0.001323,,,,,,0.0,,Score,Fidelity,0.001323,Generators/Diffusion GANs/13. Concrete Compressive Strength_diffusion.ipynb
13. Concrete Compressive Strength,ForestDiffusion,,,Gower_Distance,,0.762258,,,,,,0.0,,Score,Fidelity,0.762258,Generators/Diffusion GANs/13. Concrete Compressive Strength_diffusion.ipynb
13. Concrete Compressive Strength,TabDDPM,,,Gower_Distance,,0.759916,,,,,,0.0,,Score,Fidelity,0.759916,Generators/Diffusion GANs/13. Concrete Compressive Strength_diffusion.ipynb
13. Concrete Compressive Strength,TabDDPM,,,Wasserstein_Distance,,0.019023,,,,,,0.0,,Score,Fidelity,0.019023,Generators/Diffusion GANs/13. Concrete Compressive Strength_diffusion.ipynb
13. Concrete Compressive Strength,ForestDiffusion,,,Wasserstein_Distance,,0.011506,,,,,,0.0,,Score,Fidelity,0.011506,Generators/Diffusion GANs/13. Concrete Compressive Strength_diffusion.ipynb
13. Concrete Compressive Strength,CTABGAN,,,JS_Divergence,,0.09550825,,,,,,0.0,,Score,Fidelity,0.09550825,Generators/Other GANS/13. Concrete Compressive Strength_other GAN.ipynb
13. Concrete Compressive Strength,WGAN_GP,,,KS_Complement,,0.7443000000000001,,,,,,0.0,,Score,Fidelity,0.7443000000000001,Generators/Other GANS/13. Concrete Compressive Strength_other GAN.ipynb
13. Concrete Compressive Strength,CTABGAN,,,KS_Complement,,0.7723,,,,,,0.0,,Score,Fidelity,0.7723,Generators/Other GANS/13. Concrete Compressive Strength_other GAN.ipynb
13. Concrete Compressive Strength,WGAN_GP,,,MMD_Multivariate,,0.051293,,,,,,0.0,,Score,Fidelity,0.051293,Generators/Other GANS/13. Concrete Compressive Strength_other GAN.ipynb
13. Concrete Compressive Strength,CTABGAN,,,MMD_Multivariate,,0.019092,,,,,,0.0,,Score,Fidelity,0.019092,Generators/Other GANS/13. Concrete Compressive Strength_other GAN.ipynb
13. Concrete Compressive Strength,WGAN_GP,,,PCA_Correlation_Diff,,0.701016,,,,,,0.0,,Score,Fidelity,0.701016,Generators/Other GANS/13. Concrete Compressive Strength_other GAN.ipynb
13. Concrete Compressive Strength,CTABGAN,,,PCA_Correlation_Diff,,0.605698,,,,,,0.0,,Score,Fidelity,0.605698,Generators/Other GANS/13. Concrete Compressive Strength_other GAN.ipynb
13. Concrete Compressive Strength,WGAN_GP,,,PCA_Mean_Error,,26.940413,,,,,,0.0,,Score,Fidelity,26.940413,Generators/Other GANS/13. Concrete Compressive Strength_other GAN.ipynb
13. Concrete Compressive Strength,CTABGAN,,,PCA_Mean_Error,,14.438487,,,,,,0.0,,Score,Fidelity,14.438487,Generators/Other GANS/13. Concrete Compressive Strength_other GAN.ipynb
13. Concrete Compressive Strength,CTABGAN,,,Cosine_Similarity,,0.001184,,,,,,0.0,,Score,Fidelity,0.001184,Generators/Other GANS/13. Concrete Compressive Strength_other GAN.ipynb
13. Concrete Compressive Strength,WGAN_GP,,,Cosine_Similarity,,0.013373,,,,,,0.0,,Score,Fidelity,0.013373,Generators/Other GANS/13. Concrete Compressive Strength_other GAN.ipynb
13. Concrete Compressive Strength,WGAN_GP,,,MMD,,0.069911,,,,,,0.0,,Score,Fidelity,0.069911,Generators/Other GANS/13. Concrete Compressive Strength_other GAN.ipynb
13. Concrete Compressive Strength,CTABGAN,,,MMD,,0.026633,,,,,,0.0,,Score,Fidelity,0.026633,Generators/Other GANS/13. Concrete Compressive Strength_other GAN.ipynb
13. Concrete Compressive Strength,WGAN_GP,,,Gower_Distance,,0.830615,,,,,,0.0,,Score,Fidelity,0.830615,Generators/Other GANS/13. Concrete Compressive Strength_other GAN.ipynb
13. Concrete Compressive Strength,CTABGAN,,,Gower_Distance,,0.767293,,,,,,0.0,,Score,Fidelity,0.767293,Generators/Other GANS/13. Concrete Compressive Strength_other GAN.ipynb
13. Concrete Compressive Strength,WGAN_GP,,,Wasserstein_Distance,,0.100008,,,,,,0.0,,Score,Fidelity,0.100008,Generators/Other GANS/13. Concrete Compressive Strength_other GAN.ipynb
13. Concrete Compressive Strength,CTABGAN,,,Wasserstein_Distance,,0.049142,,,,,,0.0,,Score,Fidelity,0.049142,Generators/Other GANS/13. Concrete Compressive Strength_other GAN.ipynb
13. Concrete Compressive Strength,TVAE,,,JS_Divergence,,0.2023745,,,,,,0.0,,Score,Fidelity,0.2023745,Generators/SDV models/13. Concrete Compressive Strength.ipynb
13. Concrete Compressive Strength,CopulaGAN,,,JS_Divergence,,0.1435051111111111,,,,,,0.0,,Score,Fidelity,0.1435051111111111,Generators/SDV models/13. Concrete Compressive Strength.ipynb
13. Concrete Compressive Strength,GaussianCopula,,,KS_Complement,,0.7931,,,,,,0.0,,Score,Fidelity,0.7931,Generators/SDV models/13. Concrete Compressive Strength.ipynb
13. Concrete Compressive Strength,TVAE,,,KS_Complement,,0.8344,,,,,,0.0,,Score,Fidelity,0.8344,Generators/SDV models/13. Concrete Compressive Strength.ipynb
13. Concrete Compressive Strength,CopulaGAN,,,KS_Complement,,0.7297,,,,,,0.0,,Score,Fidelity,0.7297,Generators/SDV models/13. Concrete Compressive Strength.ipynb
13. Concrete Compressive Strength,CTGAN,,,KS_Complement,,0.7018000000000001,,,,,,0.0,,Score,Fidelity,0.7018000000000001,Generators/SDV models/13. Concrete Compressive Strength.ipynb
13. Concrete Compressive Strength,CTGAN,,,MMD_Multivariate,,0.080264,,,,,,0.0,,Score,Fidelity,0.080264,Generators/SDV models/13. Concrete Compressive Strength.ipynb
13. Concrete Compressive Strength,CopulaGAN,,,MMD_Multivariate,,0.078129,,,,,,0.0,,Score,Fidelity,0.078129,Generators/SDV models/13. Concrete Compressive Strength.ipynb
13. Concrete Compressive Strength,GaussianCopula,,,MMD_Multivariate,,0.035597,,,,,,0.0,,Score,Fidelity,0.035597,Generators/SDV models/13. Concrete Compressive Strength.ipynb
13. Concrete Compressive Strength,TVAE,,,MMD_Multivariate,,0.016361,,,,,,0.0,,Score,Fidelity,0.016361,Generators/SDV models/13. Concrete Compressive Strength.ipynb
13. Concrete Compressive Strength,GaussianCopula,,,PCA_Correlation_Diff,,0.19788,,,,,,0.0,,Score,Fidelity,0.19788,Generators/SDV models/13. Concrete Compressive Strength.ipynb
13. Concrete Compressive Strength,TVAE,,,PCA_Correlation_Diff,,0.254163,,,,,,0.0,,Score,Fidelity,0.254163,Generators/SDV models/13. Concrete Compressive Strength.ipynb
13. Concrete Compressive Strength,CopulaGAN,,,PCA_Correlation_Diff,,0.617588,,,,,,0.0,,Score,Fidelity,0.617588,Generators/SDV models/13. Concrete Compressive Strength.ipynb
13. Concrete Compressive Strength,CTGAN,,,PCA_Correlation_Diff,,0.640607,,,,,,0.0,,Score,Fidelity,0.640607,Generators/SDV models/13. Concrete Compressive Strength.ipynb
13. Concrete Compressive Strength,GaussianCopula,,,PCA_Mean_Error,,18.677544,,,,,,0.0,,Score,Fidelity,18.677544,Generators/SDV models/13. Concrete Compressive Strength.ipynb
13. Concrete Compressive Strength,TVAE,,,PCA_Mean_Error,,14.595778,,,,,,0.0,,Score,Fidelity,14.595778,Generators/SDV models/13. Concrete Compressive Strength.ipynb
13. Concrete Compressive Strength,CopulaGAN,,,PCA_Mean_Error,,28.576191,,,,,,0.0,,Score,Fidelity,28.576191,Generators/SDV models/13. Concrete Compressive Strength.ipynb
13. Concrete Compressive Strength,CTGAN,,,PCA_Mean_Error,,27.228872,,,,,,0.0,,Score,Fidelity,27.228872,Generators/SDV models/13. Concrete Compressive Strength.ipynb
13. Concrete Compressive Strength,CTGAN,,,Cosine_Similarity,,-0.006918,,,,,,0.0,,Score,Fidelity,-0.006918,Generators/SDV models/13. Concrete Compressive Strength.ipynb
13. Concrete Compressive Strength,CopulaGAN,,,Cosine_Similarity,,0.00665,,,,,,0.0,,Score,Fidelity,0.00665,Generators/SDV models/13. Concrete Compressive Strength.ipynb
13. Concrete Compressive Strength,GaussianCopula,,,Cosine_Similarity,,0.006954,,,,,,0.0,,Score,Fidelity,0.006954,Generators/SDV models/13. Concrete Compressive Strength.ipynb
13. Concrete Compressive Strength,TVAE,,,Cosine_Similarity,,0.010488,,,,,,0.0,,Score,Fidelity,0.010488,Generators/SDV models/13. Concrete Compressive Strength.ipynb
13. Concrete Compressive Strength,CTGAN,,,MMD,,0.081176,,,,,,0.0,,Score,Fidelity,0.081176,Generators/SDV models/13. Concrete Compressive Strength.ipynb
13. Concrete Compressive Strength,CopulaGAN,,,MMD,,0.078885,,,,,,0.0,,Score,Fidelity,0.078885,Generators/SDV models/13. Concrete Compressive Strength.ipynb
13. Concrete Compressive Strength,GaussianCopula,,,MMD,,0.036636,,,,,,0.0,,Score,Fidelity,0.036636,Generators/SDV models/13. Concrete Compressive Strength.ipynb
13. Concrete Compressive Strength,TVAE,,,MMD,,0.017383,,,,,,0.0,,Score,Fidelity,0.017383,Generators/SDV models/13. Concrete Compressive Strength.ipynb
13. Concrete Compressive Strength,GaussianCopula,,,Gower_Distance,,0.739443,,,,,,0.0,,Score,Fidelity,0.739443,Generators/SDV models/13. Concrete Compressive Strength.ipynb
13. Concrete Compressive Strength,TVAE,,,Gower_Distance,,0.778318,,,,,,0.0,,Score,Fidelity,0.778318,Generators/SDV models/13. Concrete Compressive Strength.ipynb
13. Concrete Compressive Strength,CopulaGAN,,,Gower_Distance,,0.729719,,,,,,0.0,,Score,Fidelity,0.729719,Generators/SDV models/13. Concrete Compressive Strength.ipynb
13. Concrete Compressive Strength,CTGAN,,,Gower_Distance,,0.730471,,,,,,0.0,,Score,Fidelity,0.730471,Generators/SDV models/13. Concrete Compressive Strength.ipynb
13. Concrete Compressive Strength,CTGAN,,,Wasserstein_Distance,,0.106878,,,,,,0.0,,Score,Fidelity,0.106878,Generators/SDV models/13. Concrete Compressive Strength.ipynb
13. Concrete Compressive Strength,CopulaGAN,,,Wasserstein_Distance,,0.104317,,,,,,0.0,,Score,Fidelity,0.104317,Generators/SDV models/13. Concrete Compressive Strength.ipynb
13. Concrete Compressive Strength,GaussianCopula,,,Wasserstein_Distance,,0.069025,,,,,,0.0,,Score,Fidelity,0.069025,Generators/SDV models/13. Concrete Compressive Strength.ipynb
13. Concrete Compressive Strength,TVAE,,,Wasserstein_Distance,,0.045116,,,,,,0.0,,Score,Fidelity,0.045116,Generators/SDV models/13. Concrete Compressive Strength.ipynb
12. Air Quality,ForestDiffusion,,,KS_Complement,,0.9196,,,,,,0.0,,Score,Fidelity,0.9196,Generators/Diffusion GANs/12. Air Quality_diffusion.ipynb
12. Air Quality,TabDDPM,,,KS_Complement,,0.7731,,,,,,0.0,,Score,Fidelity,0.7731,Generators/Diffusion GANs/12. Air Quality_diffusion.ipynb
12. Air Quality,TabDDPM,,,MMD_Multivariate,,0.133545,,,,,,0.0,,Score,Fidelity,0.133545,Generators/Diffusion GANs/12. Air Quality_diffusion.ipynb
12. Air Quality,ForestDiffusion,,,MMD_Multivariate,,-0.000461,,,,,,0.0,,Score,Fidelity,-0.000461,Generators/Diffusion GANs/12. Air Quality_diffusion.ipynb
12. Air Quality,ForestDiffusion,,,PCA_Correlation_Diff,,0.061447,,,,,,0.0,,Score,Fidelity,0.061447,Generators/Diffusion GANs/12. Air Quality_diffusion.ipynb
12. Air Quality,TabDDPM,,,PCA_Correlation_Diff,,0.873926,,,,,,0.0,,Score,Fidelity,0.873926,Generators/Diffusion GANs/12. Air Quality_diffusion.ipynb
12. Air Quality,ForestDiffusion,,,PCA_Mean_Error,,0.594682,,,,,,0.0,,Score,Fidelity,0.594682,Generators/Diffusion GANs/12. Air Quality_diffusion.ipynb
1. Cancer,CopulaGAN,,,Wasserstein_Distance,,0.123656,,,,,,0.0,,Score,Fidelity,0.123656,Generators/SDV models/1. Cancer.ipynb
1. Cancer,CTGAN,,,Wasserstein_Distance,,0.07423,,,,,,0.0,,Score,Fidelity,0.07423,Generators/SDV models/1. Cancer.ipynb
1. Cancer,TVAE,,,Wasserstein_Distance,,0.030417,,,,,,0.0,,Score,Fidelity,0.030417,Generators/SDV models/1. Cancer.ipynb
1. Cancer,GaussianCopula,,,Wasserstein_Distance,,0.014806,,,,,,0.0,,Score,Fidelity,0.014806,Generators/SDV models/1. Cancer.ipynb
12. Air Quality,TabDDPM,,,PCA_Mean_Error,,24.713369,,,,,,0.0,,Score,Fidelity,24.713369,Generators/Diffusion GANs/12. Air Quality_diffusion.ipynb
12. Air Quality,TabDDPM,,,Cosine_Similarity,,-0.006147,,,,,,0.0,,Score,Fidelity,-0.006147,Generators/Diffusion GANs/12. Air Quality_diffusion.ipynb
12. Air Quality,ForestDiffusion,,,Cosine_Similarity,,0.010261,,,,,,0.0,,Score,Fidelity,0.010261,Generators/Diffusion GANs/12. Air Quality_diffusion.ipynb
12. Air Quality,TabDDPM,,,MMD,,0.136264,,,,,,0.0,,Score,Fidelity,0.136264,Generators/Diffusion GANs/12. Air Quality_diffusion.ipynb
12. Air Quality,ForestDiffusion,,,MMD,,0.00054,,,,,,0.0,,Score,Fidelity,0.00054,Generators/Diffusion GANs/12. Air Quality_diffusion.ipynb
12. Air Quality,ForestDiffusion,,,Gower_Distance,,0.824465,,,,,,0.0,,Score,Fidelity,0.824465,Generators/Diffusion GANs/12. Air Quality_diffusion.ipynb
12. Air Quality,TabDDPM,,,Gower_Distance,,0.70232,,,,,,0.0,,Score,Fidelity,0.70232,Generators/Diffusion GANs/12. Air Quality_diffusion.ipynb
12. Air Quality,TabDDPM,,,Wasserstein_Distance,,0.149101,,,,,,0.0,,Score,Fidelity,0.149101,Generators/Diffusion GANs/12. Air Quality_diffusion.ipynb
12. Air Quality,ForestDiffusion,,,Wasserstein_Distance,,0.006151,,,,,,0.0,,Score,Fidelity,0.006151,Generators/Diffusion GANs/12. Air Quality_diffusion.ipynb
12. Air Quality,WGAN_GP,,,KS_Complement,,0.8418000000000001,,,,,,0.0,,Score,Fidelity,0.8418000000000001,Generators/Other GANS/12. Air Quality_other GAN.ipynb
12. Air Quality,CTABGAN,,,KS_Complement,,0.873,,,,,,0.0,,Score,Fidelity,0.873,Generators/Other GANS/12. Air Quality_other GAN.ipynb
12. Air Quality,WGAN_GP,,,MMD_Multivariate,,0.037577,,,,,,0.0,,Score,Fidelity,0.037577,Generators/Other GANS/12. Air Quality_other GAN.ipynb
12. Air Quality,CTABGAN,,,MMD_Multivariate,,0.012824,,,,,,0.0,,Score,Fidelity,0.012824,Generators/Other GANS/12. Air Quality_other GAN.ipynb
12. Air Quality,WGAN_GP,,,PCA_Correlation_Diff,,0.524847,,,,,,0.0,,Score,Fidelity,0.524847,Generators/Other GANS/12. Air Quality_other GAN.ipynb
1. Cancer,GaussianCopula,,,PCA_Mean_Error,,1.140859,,,,,,0.0,,Score,Fidelity,1.140859,Generators/SDV models/1. Cancer.ipynb
1. Cancer,TVAE,,,PCA_Mean_Error,,9.333224,,,,,,0.0,,Score,Fidelity,9.333224,Generators/SDV models/1. Cancer.ipynb
1. Cancer,CopulaGAN,,,PCA_Mean_Error,,43.617757,,,,,,0.0,,Score,Fidelity,43.617757,Generators/SDV models/1. Cancer.ipynb
1. Cancer,CTGAN,,,PCA_Mean_Error,,22.139785,,,,,,0.0,,Score,Fidelity,22.139785,Generators/SDV models/1. Cancer.ipynb
1. Cancer,CopulaGAN,,,Cosine_Similarity,,-0.042749,,,,,,0.0,,Score,Fidelity,-0.042749,Generators/SDV models/1. Cancer.ipynb
1. Cancer,CTGAN,,,Cosine_Similarity,,0.007301,,,,,,0.0,,Score,Fidelity,0.007301,Generators/SDV models/1. Cancer.ipynb
1. Cancer,GaussianCopula,,,Cosine_Similarity,,0.012774,,,,,,0.0,,Score,Fidelity,0.012774,Generators/SDV models/1. Cancer.ipynb
1. Cancer,TVAE,,,Cosine_Similarity,,0.043196,,,,,,0.0,,Score,Fidelity,0.043196,Generators/SDV models/1. Cancer.ipynb
1. Cancer,CopulaGAN,,,MMD,,0.341616,,,,,,0.0,,Score,Fidelity,0.341616,Generators/SDV models/1. Cancer.ipynb
1. Cancer,CTGAN,,,MMD,,0.142486,,,,,,0.0,,Score,Fidelity,0.142486,Generators/SDV models/1. Cancer.ipynb
1. Cancer,TVAE,,,MMD,,0.020162,,,,,,0.0,,Score,Fidelity,0.020162,Generators/SDV models/1. Cancer.ipynb
1. Cancer,GaussianCopula,,,MMD,,0.003901,,,,,,0.0,,Score,Fidelity,0.003901,Generators/SDV models/1. Cancer.ipynb
1. Cancer,GaussianCopula,,,Gower_Distance,,0.851888,,,,,,0.0,,Score,Fidelity,0.851888,Generators/SDV models/1. Cancer.ipynb
1. Cancer,TVAE,,,Gower_Distance,,0.865425,,,,,,0.0,,Score,Fidelity,0.865425,Generators/SDV models/1. Cancer.ipynb
1. Cancer,CopulaGAN,,,Gower_Distance,,0.787046,,,,,,0.0,,Score,Fidelity,0.787046,Generators/SDV models/1. Cancer.ipynb
1. Cancer,CTGAN,,,Gower_Distance,,0.825575,,,,,,0.0,,Score,Fidelity,0.825575,Generators/SDV models/1. Cancer.ipynb
1. Cancer,WGAN_GP,,,Gower_Distance,,0.87225,,,,,,0.0,,Score,Fidelity,0.87225,Generators/Other GANS/1. Cancer_other GAN.ipynb
1. Cancer,CTABGAN,,,Gower_Distance,,0.845894,,,,,,0.0,,Score,Fidelity,0.845894,Generators/Other GANS/1. Cancer_other GAN.ipynb
1. Cancer,CTABGAN,,,Wasserstein_Distance,,0.037154,,,,,,0.0,,Score,Fidelity,0.037154,Generators/Other GANS/1. Cancer_other GAN.ipynb
1. Cancer,WGAN_GP,,,Wasserstein_Distance,,0.010063,,,,,,0.0,,Score,Fidelity,0.010063,Generators/Other GANS/1. Cancer_other GAN.ipynb
1. Cancer,GaussianCopula,,,KS_Complement,,0.93,,,,,,0.0,,Score,Fidelity,0.93,Generators/SDV models/1. Cancer.ipynb
1. Cancer,TVAE,,,KS_Complement,,0.873,,,,,,0.0,,Score,Fidelity,0.873,Generators/SDV models/1. Cancer.ipynb
1. Cancer,CopulaGAN,,,KS_Complement,,0.6568999999999999,,,,,,0.0,,Score,Fidelity,0.6568999999999999,Generators/SDV models/1. Cancer.ipynb
1. Cancer,CTGAN,,,KS_Complement,,0.7403,,,,,,0.0,,Score,Fidelity,0.7403,Generators/SDV models/1. Cancer.ipynb
1. Cancer,CopulaGAN,,,MMD_Multivariate,,0.210474,,,,,,0.0,,Score,Fidelity,0.210474,Generators/SDV models/1. Cancer.ipynb
1. Cancer,CTGAN,,,MMD_Multivariate,,0.087208,,,,,,0.0,,Score,Fidelity,0.087208,Generators/SDV models/1. Cancer.ipynb
1. Cancer,TVAE,,,MMD_Multivariate,,0.018341,,,,,,0.0,,Score,Fidelity,0.018341,Generators/SDV models/1. Cancer.ipynb
1. Cancer,GaussianCopula,,,MMD_Multivariate,,0.001456,,,,,,0.0,,Score,Fidelity,0.001456,Generators/SDV models/1. Cancer.ipynb
1. Cancer,TabDDPM,,,Wasserstein_Distance,,0.424491,,,,,,0.0,,Score,Fidelity,0.424491,Generators/Diffusion GANs/1. Cancer_diffusion.ipynb
1. Cancer,ForestDiffusion,,,Wasserstein_Distance,,0.012196,,,,,,0.0,,Score,Fidelity,0.012196,Generators/Diffusion GANs/1. Cancer_diffusion.ipynb
1. Cancer,WGAN_GP,,,KS_Complement,,0.949,,,,,,0.0,,Score,Fidelity,0.949,Generators/Other GANS/1. Cancer_other GAN.ipynb
1. Cancer,CTABGAN,,,KS_Complement,,0.8515999999999999,,,,,,0.0,,Score,Fidelity,0.8515999999999999,Generators/Other GANS/1. Cancer_other GAN.ipynb
1. Cancer,CTABGAN,,,MMD_Multivariate,,0.029374,,,,,,0.0,,Score,Fidelity,0.029374,Generators/Other GANS/1. Cancer_other GAN.ipynb
1. Cancer,WGAN_GP,,,MMD_Multivariate,,0.000164,,,,,,0.0,,Score,Fidelity,0.000164,Generators/Other GANS/1. Cancer_other GAN.ipynb
1. Cancer,WGAN_GP,,,PCA_Correlation_Diff,,0.153608,,,,,,0.0,,Score,Fidelity,0.153608,Generators/Other GANS/1. Cancer_other GAN.ipynb
1. Cancer,CTABGAN,,,PCA_Correlation_Diff,,1.040025,,,,,,0.0,,Score,Fidelity,1.040025,Generators/Other GANS/1. Cancer_other GAN.ipynb
1. Cancer,WGAN_GP,,,PCA_Mean_Error,,1.608508,,,,,,0.0,,Score,Fidelity,1.608508,Generators/Other GANS/1. Cancer_other GAN.ipynb
1. Cancer,CTABGAN,,,PCA_Mean_Error,,10.578803,,,,,,0.0,,Score,Fidelity,10.578803,Generators/Other GANS/1. Cancer_other GAN.ipynb
1. Cancer,CTABGAN,,,Cosine_Similarity,,-0.008807,,,,,,0.0,,Score,Fidelity,-0.008807,Generators/Other GANS/1. Cancer_other GAN.ipynb
1. Cancer,WGAN_GP,,,Cosine_Similarity,,0.021422,,,,,,0.0,,Score,Fidelity,0.021422,Generators/Other GANS/1. Cancer_other GAN.ipynb
1. Cancer,CTABGAN,,,MMD,,0.045172,,,,,,0.0,,Score,Fidelity,0.045172,Generators/Other GANS/1. Cancer_other GAN.ipynb
1. Cancer,WGAN_GP,,,MMD,,0.001618,,,,,,0.0,,Score,Fidelity,0.001618,Generators/Other GANS/1. Cancer_other GAN.ipynb
1. Cancer,ForestDiffusion,,,KS_Complement,,0.9479,,,,,,0.0,,Score,Fidelity,0.9479,Generators/Diffusion GANs/1. Cancer_diffusion.ipynb
1. Cancer,TabDDPM,,,KS_Complement,,0.4014,,,,,,0.0,,Score,Fidelity,0.4014,Generators/Diffusion GANs/1. Cancer_diffusion.ipynb
1. Cancer,TabDDPM,,,MMD_Multivariate,,0.370326,,,,,,0.0,,Score,Fidelity,0.370326,Generators/Diffusion GANs/1. Cancer_diffusion.ipynb
1. Cancer,ForestDiffusion,,,MMD_Multivariate,,0.00178,,,,,,0.0,,Score,Fidelity,0.00178,Generators/Diffusion GANs/1. Cancer_diffusion.ipynb
1. Cancer,ForestDiffusion,,,PCA_Correlation_Diff,,0.193923,,,,,,0.0,,Score,Fidelity,0.193923,Generators/Diffusion GANs/1. Cancer_diffusion.ipynb
1. Cancer,TabDDPM,,,PCA_Correlation_Diff,,0.711648,,,,,,0.0,,Score,Fidelity,0.711648,Generators/Diffusion GANs/1. Cancer_diffusion.ipynb
1. Cancer,ForestDiffusion,,,PCA_Mean_Error,,1.192193,,,,,,0.0,,Score,Fidelity,1.192193,Generators/Diffusion GANs/1. Cancer_diffusion.ipynb
1. Cancer,TabDDPM,,,PCA_Mean_Error,,138.499025,,,,,,0.0,,Score,Fidelity,138.499025,Generators/Diffusion GANs/1. Cancer_diffusion.ipynb
1. Cancer,TabDDPM,,,Cosine_Similarity,,-0.05887,,,,,,0.0,,Score,Fidelity,-0.05887,Generators/Diffusion GANs/1. Cancer_diffusion.ipynb
1. Cancer,ForestDiffusion,,,Cosine_Similarity,,0.020406,,,,,,0.0,,Score,Fidelity,0.020406,Generators/Diffusion GANs/1. Cancer_diffusion.ipynb
1. Cancer,TabDDPM,,,MMD,,0.568095,,,,,,0.0,,Score,Fidelity,0.568095,Generators/Diffusion GANs/1. Cancer_diffusion.ipynb
1. Cancer,ForestDiffusion,,,MMD,,0.003385,,,,,,0.0,,Score,Fidelity,0.003385,Generators/Diffusion GANs/1. Cancer_diffusion.ipynb
1. Cancer,ForestDiffusion,,,Gower_Distance,,0.860912,,,,,,0.0,,Score,Fidelity,0.860912,Generators/Diffusion GANs/1. Cancer_diffusion.ipynb
1. Cancer,TabDDPM,,,Gower_Distance,,0.478821,,,,,,0.0,,Score,Fidelity,0.478821,Generators/Diffusion GANs/1. Cancer_diffusion.ipynb
2. Alzhimers,CTGAN,,,Cosine_Similarity,,-0.007544,,,,,,0.0,,Score,Fidelity,-0.007544,Generators/SDV models/2. Alzhimers.ipynb
2. Alzhimers,CopulaGAN,,,Cosine_Similarity,,-0.006982,,,,,,0.0,,Score,Fidelity,-0.006982,Generators/SDV models/2. Alzhimers.ipynb
2. Alzhimers,TVAE,,,Cosine_Similarity,,0.01326,,,,,,0.0,,Score,Fidelity,0.01326,Generators/SDV models/2. Alzhimers.ipynb
2. Alzhimers,GaussianCopula,,,Cosine_Similarity,,0.016283,,,,,,0.0,,Score,Fidelity,0.016283,Generators/SDV models/2. Alzhimers.ipynb
2. Alzhimers,CTGAN,,,MMD,,0.155068,,,,,,0.0,,Score,Fidelity,0.155068,Generators/SDV models/2. Alzhimers.ipynb
2. Alzhimers,CopulaGAN,,,MMD,,0.119443,,,,,,0.0,,Score,Fidelity,0.119443,Generators/SDV models/2. Alzhimers.ipynb
2. Alzhimers,GaussianCopula,,,MMD,,0.053118,,,,,,0.0,,Score,Fidelity,0.053118,Generators/SDV models/2. Alzhimers.ipynb
2. Alzhimers,TVAE,,,MMD,,0.042209,,,,,,0.0,,Score,Fidelity,0.042209,Generators/SDV models/2. Alzhimers.ipynb
2. Alzhimers,GaussianCopula,,,Gower_Distance,,0.791535,,,,,,0.0,,Score,Fidelity,0.791535,Generators/SDV models/2. Alzhimers.ipynb
2. Alzhimers,TVAE,,,Gower_Distance,,0.788536,,,,,,0.0,,Score,Fidelity,0.788536,Generators/SDV models/2. Alzhimers.ipynb
2. Alzhimers,CopulaGAN,,,Gower_Distance,,0.733296,,,,,,0.0,,Score,Fidelity,0.733296,Generators/SDV models/2. Alzhimers.ipynb
2. Alzhimers,CTGAN,,,Gower_Distance,,0.735633,,,,,,0.0,,Score,Fidelity,0.735633,Generators/SDV models/2. Alzhimers.ipynb
2. Alzhimers,CopulaGAN,,,Wasserstein_Distance,,0.109986,,,,,,0.0,,Score,Fidelity,0.109986,Generators/SDV models/2. Alzhimers.ipynb
2. Alzhimers,CTGAN,,,Wasserstein_Distance,,0.108791,,,,,,0.0,,Score,Fidelity,0.108791,Generators/SDV models/2. Alzhimers.ipynb
2. Alzhimers,TVAE,,,Wasserstein_Distance,,0.054921,,,,,,0.0,,Score,Fidelity,0.054921,Generators/SDV models/2. Alzhimers.ipynb
2. Alzhimers,GaussianCopula,,,Wasserstein_Distance,,0.051368,,,,,,0.0,,Score,Fidelity,0.051368,Generators/SDV models/2. Alzhimers.ipynb
2. Alzhimers,GaussianCopula,,,KS_Complement,,0.8158,,,,,,0.0,,Score,Fidelity,0.8158,Generators/SDV models/2. Alzhimers.ipynb
2. Alzhimers,TVAE,,,KS_Complement,,0.8161,,,,,,0.0,,Score,Fidelity,0.8161,Generators/SDV models/2. Alzhimers.ipynb
2. Alzhimers,CopulaGAN,,,KS_Complement,,0.7252,,,,,,0.0,,Score,Fidelity,0.7252,Generators/SDV models/2. Alzhimers.ipynb
2. Alzhimers,CTGAN,,,KS_Complement,,0.7539,,,,,,0.0,,Score,Fidelity,0.7539,Generators/SDV models/2. Alzhimers.ipynb
2. Alzhimers,CTGAN,,,MMD_Multivariate,,0.117579,,,,,,0.0,,Score,Fidelity,0.117579,Generators/SDV models/2. Alzhimers.ipynb
2. Alzhimers,CopulaGAN,,,MMD_Multivariate,,0.078679,,,,,,0.0,,Score,Fidelity,0.078679,Generators/SDV models/2. Alzhimers.ipynb
2. Alzhimers,GaussianCopula,,,MMD_Multivariate,,0.043953,,,,,,0.0,,Score,Fidelity,0.043953,Generators/SDV models/2. Alzhimers.ipynb
2. Alzhimers,TVAE,,,MMD_Multivariate,,0.032374,,,,,,0.0,,Score,Fidelity,0.032374,Generators/SDV models/2. Alzhimers.ipynb
2. Alzhimers,GaussianCopula,,,PCA_Correlation_Diff,,0.321389,,,,,,0.0,,Score,Fidelity,0.321389,Generators/SDV models/2. Alzhimers.ipynb
2. Alzhimers,TVAE,,,PCA_Correlation_Diff,,0.454044,,,,,,0.0,,Score,Fidelity,0.454044,Generators/SDV models/2. Alzhimers.ipynb
2. Alzhimers,CopulaGAN,,,PCA_Correlation_Diff,,0.969908,,,,,,0.0,,Score,Fidelity,0.969908,Generators/SDV models/2. Alzhimers.ipynb
2. Alzhimers,CTGAN,,,PCA_Correlation_Diff,,0.933791,,,,,,0.0,,Score,Fidelity,0.933791,Generators/SDV models/2. Alzhimers.ipynb
2. Alzhimers,GaussianCopula,,,PCA_Mean_Error,,16.343796,,,,,,0.0,,Score,Fidelity,16.343796,Generators/SDV models/2. Alzhimers.ipynb
2. Alzhimers,TVAE,,,PCA_Mean_Error,,10.833991,,,,,,0.0,,Score,Fidelity,10.833991,Generators/SDV models/2. Alzhimers.ipynb
2. Alzhimers,CopulaGAN,,,PCA_Mean_Error,,24.770905,,,,,,0.0,,Score,Fidelity,24.770905,Generators/SDV models/2. Alzhimers.ipynb
2. Alzhimers,CTGAN,,,PCA_Mean_Error,,18.930353,,,,,,0.0,,Score,Fidelity,18.930353,Generators/SDV models/2. Alzhimers.ipynb
2. Alzhimers,WGAN_GP,,,PCA_Correlation_Diff,,0.146525,,,,,,0.0,,Score,Fidelity,0.146525,Generators/Other GANS/2. Alzhimers_other GAN.ipynb
2. Alzhimers,CTABGAN,,,PCA_Correlation_Diff,,0.920281,,,,,,0.0,,Score,Fidelity,0.920281,Generators/Other GANS/2. Alzhimers_other GAN.ipynb
2. Alzhimers,WGAN_GP,,,PCA_Mean_Error,,3.408592,,,,,,0.0,,Score,Fidelity,3.408592,Generators/Other GANS/2. Alzhimers_other GAN.ipynb
2. Alzhimers,CTABGAN,,,PCA_Mean_Error,,12.702118,,,,,,0.0,,Score,Fidelity,12.702118,Generators/Other GANS/2. Alzhimers_other GAN.ipynb
2. Alzhimers,CTABGAN,,,Cosine_Similarity,,-0.009937,,,,,,0.0,,Score,Fidelity,-0.009937,Generators/Other GANS/2. Alzhimers_other GAN.ipynb
2. Alzhimers,WGAN_GP,,,Cosine_Similarity,,0.006048,,,,,,0.0,,Score,Fidelity,0.006048,Generators/Other GANS/2. Alzhimers_other GAN.ipynb
2. Alzhimers,CTABGAN,,,MMD,,0.045034,,,,,,0.0,,Score,Fidelity,0.045034,Generators/Other GANS/2. Alzhimers_other GAN.ipynb
2. Alzhimers,WGAN_GP,,,MMD,,0.004291,,,,,,0.0,,Score,Fidelity,0.004291,Generators/Other GANS/2. Alzhimers_other GAN.ipynb
2. Alzhimers,WGAN_GP,,,Gower_Distance,,0.835927,,,,,,0.0,,Score,Fidelity,0.835927,Generators/Other GANS/2. Alzhimers_other GAN.ipynb
2. Alzhimers,CTABGAN,,,Gower_Distance,,0.779736,,,,,,0.0,,Score,Fidelity,0.779736,Generators/Other GANS/2. Alzhimers_other GAN.ipynb
2. Alzhimers,CTABGAN,,,Wasserstein_Distance,,0.058118,,,,,,0.0,,Score,Fidelity,0.058118,Generators/Other GANS/2. Alzhimers_other GAN.ipynb
2. Alzhimers,WGAN_GP,,,Wasserstein_Distance,,0.037194,,,,,,0.0,,Score,Fidelity,0.037194,Generators/Other GANS/2. Alzhimers_other GAN.ipynb
2. Alzhimers,ForestDiffusion,,,PCA_Mean_Error,,0.887645,,,,,,0.0,,Score,Fidelity,0.887645,Generators/Diffusion GANs/2. Alzhimers_diffusion.ipynb
2. Alzhimers,TabDDPM,,,PCA_Mean_Error,,51.173386,,,,,,0.0,,Score,Fidelity,51.173386,Generators/Diffusion GANs/2. Alzhimers_diffusion.ipynb
2. Alzhimers,TabDDPM,,,Cosine_Similarity,,-0.02195,,,,,,0.0,,Score,Fidelity,-0.02195,Generators/Diffusion GANs/2. Alzhimers_diffusion.ipynb
2. Alzhimers,ForestDiffusion,,,Cosine_Similarity,,0.003124,,,,,,0.0,,Score,Fidelity,0.003124,Generators/Diffusion GANs/2. Alzhimers_diffusion.ipynb
2. Alzhimers,TabDDPM,,,MMD,,0.336058,,,,,,0.0,,Score,Fidelity,0.336058,Generators/Diffusion GANs/2. Alzhimers_diffusion.ipynb
2. Alzhimers,ForestDiffusion,,,MMD,,0.001763,,,,,,0.0,,Score,Fidelity,0.001763,Generators/Diffusion GANs/2. Alzhimers_diffusion.ipynb
2. Alzhimers,ForestDiffusion,,,Gower_Distance,,0.785988,,,,,,0.0,,Score,Fidelity,0.785988,Generators/Diffusion GANs/2. Alzhimers_diffusion.ipynb
2. Alzhimers,TabDDPM,,,Gower_Distance,,0.585711,,,,,,0.0,,Score,Fidelity,0.585711,Generators/Diffusion GANs/2. Alzhimers_diffusion.ipynb
2. Alzhimers,TabDDPM,,,Wasserstein_Distance,,0.289061,,,,,,0.0,,Score,Fidelity,0.289061,Generators/Diffusion GANs/2. Alzhimers_diffusion.ipynb
2. Alzhimers,ForestDiffusion,,,Wasserstein_Distance,,0.011849,,,,,,0.0,,Score,Fidelity,0.011849,Generators/Diffusion GANs/2. Alzhimers_diffusion.ipynb
2. Alzhimers,WGAN_GP,,,KS_Complement,,0.7823,,,,,,0.0,,Score,Fidelity,0.7823,Generators/Other GANS/2. Alzhimers_other GAN.ipynb
2. Alzhimers,CTABGAN,,,KS_Complement,,0.6842,,,,,,0.0,,Score,Fidelity,0.6842,Generators/Other GANS/2. Alzhimers_other GAN.ipynb
2. Alzhimers,CTABGAN,,,MMD_Multivariate,,0.033461,,,,,,0.0,,Score,Fidelity,0.033461,Generators/Other GANS/2. Alzhimers_other GAN.ipynb
2. Alzhimers,WGAN_GP,,,MMD_Multivariate,,0.001447,,,,,,0.0,,Score,Fidelity,0.001447,Generators/Other GANS/2. Alzhimers_other GAN.ipynb
12. Air Quality,CTABGAN,,,PCA_Correlation_Diff,,0.652932,,,,,,0.0,,Score,Fidelity,0.652932,Generators/Other GANS/12. Air Quality_other GAN.ipynb
12. Air Quality,WGAN_GP,,,PCA_Mean_Error,,4.384418,,,,,,0.0,,Score,Fidelity,4.384418,Generators/Other GANS/12. Air Quality_other GAN.ipynb
12. Air Quality,CTABGAN,,,PCA_Mean_Error,,4.121865,,,,,,0.0,,Score,Fidelity,4.121865,Generators/Other GANS/12. Air Quality_other GAN.ipynb
12. Air Quality,WGAN_GP,,,Cosine_Similarity,,-0.00211,,,,,,0.0,,Score,Fidelity,-0.00211,Generators/Other GANS/12. Air Quality_other GAN.ipynb
12. Air Quality,CTABGAN,,,Cosine_Similarity,,0.006073,,,,,,0.0,,Score,Fidelity,0.006073,Generators/Other GANS/12. Air Quality_other GAN.ipynb
12. Air Quality,WGAN_GP,,,MMD,,0.046666,,,,,,0.0,,Score,Fidelity,0.046666,Generators/Other GANS/12. Air Quality_other GAN.ipynb
12. Air Quality,CTABGAN,,,MMD,,0.019195,,,,,,0.0,,Score,Fidelity,0.019195,Generators/Other GANS/12. Air Quality_other GAN.ipynb
12. Air Quality,WGAN_GP,,,Gower_Distance,,0.852592,,,,,,0.0,,Score,Fidelity,0.852592,Generators/Other GANS/12. Air Quality_other GAN.ipynb
12. Air Quality,CTABGAN,,,Gower_Distance,,0.823107,,,,,,0.0,,Score,Fidelity,0.823107,Generators/Other GANS/12. Air Quality_other GAN.ipynb
12. Air Quality,WGAN_GP,,,Wasserstein_Distance,,0.043182,,,,,,0.0,,Score,Fidelity,0.043182,Generators/Other GANS/12. Air Quality_other GAN.ipynb
12. Air Quality,CTABGAN,,,Wasserstein_Distance,,0.022478,,,,,,0.0,,Score,Fidelity,0.022478,Generators/Other GANS/12. Air Quality_other GAN.ipynb
12. Air Quality,CTGAN,,,JS_Divergence,,0.122306,,,,,,0.0,,Score,Fidelity,0.122306,Generators/SDV models/12. Air Quality.ipynb
12. Air Quality,GaussianCopula,,,KS_Complement,,0.9098,,,,,,0.0,,Score,Fidelity,0.9098,Generators/SDV models/12. Air Quality.ipynb
12. Air Quality,TVAE,,,KS_Complement,,0.9016,,,,,,0.0,,Score,Fidelity,0.9016,Generators/SDV models/12. Air Quality.ipynb
3. Adult,GaussianCopula,,,KS_Complement,,0.8753,,,,,,0.0,,Score,Fidelity,0.8753,Generators/SDV models/3. Adult census.ipynb
3. Adult,TVAE,,,KS_Complement,,0.9101,,,,,,0.0,,Score,Fidelity,0.9101,Generators/SDV models/3. Adult census.ipynb
3. Adult,CopulaGAN,,,KS_Complement,,0.9159,,,,,,0.0,,Score,Fidelity,0.9159,Generators/SDV models/3. Adult census.ipynb
3. Adult,CTGAN,,,KS_Complement,,0.8681,,,,,,0.0,,Score,Fidelity,0.8681,Generators/SDV models/3. Adult census.ipynb
3. Adult,GaussianCopula,,,Gower_Distance,,0.61611,,,,,,0.0,,Score,Fidelity,0.61611,Generators/SDV models/3. Adult census.ipynb
3. Adult,TVAE,,,Gower_Distance,,0.646593,,,,,,0.0,,Score,Fidelity,0.646593,Generators/SDV models/3. Adult census.ipynb
3. Adult,CopulaGAN,,,Gower_Distance,,0.614765,,,,,,0.0,,Score,Fidelity,0.614765,Generators/SDV models/3. Adult census.ipynb
3. Adult,CTGAN,,,Gower_Distance,,0.611885,,,,,,0.0,,Score,Fidelity,0.611885,Generators/SDV models/3. Adult census.ipynb
2. Alzhimers,ForestDiffusion,,,JS_Divergence,,0.0230402,,,,,,0.0,,Score,Fidelity,0.0230402,Generators/Diffusion GANs/2. Alzhimers_diffusion.ipynb
2. Alzhimers,TabDDPM,,,JS_Divergence,,0.3603165,,,,,,0.0,,Score,Fidelity,0.3603165,Generators/Diffusion GANs/2. Alzhimers_diffusion.ipynb
2. Alzhimers,ForestDiffusion,,,KS_Complement,,0.7356999999999999,,,,,,0.0,,Score,Fidelity,0.7356999999999999,Generators/Diffusion GANs/2. Alzhimers_diffusion.ipynb
2. Alzhimers,TabDDPM,,,KS_Complement,,0.436,,,,,,0.0,,Score,Fidelity,0.436,Generators/Diffusion GANs/2. Alzhimers_diffusion.ipynb
2. Alzhimers,TabDDPM,,,MMD_Multivariate,,0.217116,,,,,,0.0,,Score,Fidelity,0.217116,Generators/Diffusion GANs/2. Alzhimers_diffusion.ipynb
2. Alzhimers,ForestDiffusion,,,MMD_Multivariate,,-0.000335,,,,,,0.0,,Score,Fidelity,-0.000335,Generators/Diffusion GANs/2. Alzhimers_diffusion.ipynb
2. Alzhimers,ForestDiffusion,,,PCA_Correlation_Diff,,0.138389,,,,,,0.0,,Score,Fidelity,0.138389,Generators/Diffusion GANs/2. Alzhimers_diffusion.ipynb
2. Alzhimers,TabDDPM,,,PCA_Correlation_Diff,,0.646359,,,,,,0.0,,Score,Fidelity,0.646359,Generators/Diffusion GANs/2. Alzhimers_diffusion.ipynb
3. Adult,ForestDiffusion,,,Gower_Distance,,0.645353,,,,,,0.0,,Score,Fidelity,0.645353,Generators/Diffusion GANs/3. Adult census_diffusion.ipynb
3. Adult,TabDDPM,,,Gower_Distance,,0.313479,,,,,,0.0,,Score,Fidelity,0.313479,Generators/Diffusion GANs/3. Adult census_diffusion.ipynb
3. Adult,WGAN_GP,,,JS_Divergence,,0.29984,,,,,,0.0,,Score,Fidelity,0.29984,Generators/Other GANS/3. Adult census_other GAN.ipynb
3. Adult,CTABGAN,,,JS_Divergence,,0.120311,,,,,,0.0,,Score,Fidelity,0.120311,Generators/Other GANS/3. Adult census_other GAN.ipynb
3. Adult,WGAN_GP,,,KS_Complement,,0.6234000000000001,,,,,,0.0,,Score,Fidelity,0.6234000000000001,Generators/Other GANS/3. Adult census_other GAN.ipynb
3. Adult,CTABGAN,,,KS_Complement,,0.7981,,,,,,0.0,,Score,Fidelity,0.7981,Generators/Other GANS/3. Adult census_other GAN.ipynb
3. Adult,CTABGAN,,,MMD_Multivariate,,0.07775,,,,,,0.0,,Score,Fidelity,0.07775,Generators/Other GANS/3. Adult census_other GAN.ipynb
3. Adult,WGAN_GP,,,MMD_Multivariate,,0.060505,,,,,,0.0,,Score,Fidelity,0.060505,Generators/Other GANS/3. Adult census_other GAN.ipynb
3. Adult,WGAN_GP,,,PCA_Correlation_Diff,,0.40812,,,,,,0.0,,Score,Fidelity,0.40812,Generators/Other GANS/3. Adult census_other GAN.ipynb
3. Adult,CTABGAN,,,PCA_Correlation_Diff,,0.296554,,,,,,0.0,,Score,Fidelity,0.296554,Generators/Other GANS/3. Adult census_other GAN.ipynb
3. Adult,WGAN_GP,,,PCA_Mean_Error,,49.179406,,,,,,0.0,,Score,Fidelity,49.179406,Generators/Other GANS/3. Adult census_other GAN.ipynb
3. Adult,CTABGAN,,,PCA_Mean_Error,,142.051511,,,,,,0.0,,Score,Fidelity,142.051511,Generators/Other GANS/3. Adult census_other GAN.ipynb
3. Adult,WGAN_GP,,,Gower_Distance,,0.521082,,,,,,0.0,,Score,Fidelity,0.521082,Generators/Other GANS/3. Adult census_other GAN.ipynb
3. Adult,CTABGAN,,,Gower_Distance,,0.61206,,,,,,0.0,,Score,Fidelity,0.61206,Generators/Other GANS/3. Adult census_other GAN.ipynb
3. Adult,CopulaGAN,,,JS_Divergence,,0.0602624,,,,,,0.0,,Score,Fidelity,0.0602624,Generators/SDV models/3. Adult census.ipynb
3. Adult,CTGAN,,,JS_Divergence,,0.0251296,,,,,,0.0,,Score,Fidelity,0.0251296,Generators/SDV models/3. Adult census.ipynb
4. Forest cover dataset,CTGAN,,,MMD,,0.017627,,,,,,0.0,,Score,Fidelity,0.017627,Generators/SDV models/4.Forest cover.ipynb
4. Forest cover dataset,GaussianCopula,,,MMD,,0.002448,,,,,,0.0,,Score,Fidelity,0.002448,Generators/SDV models/4.Forest cover.ipynb
4. Forest cover dataset,GaussianCopula,,,Gower_Distance,,0.906039,,,,,,0.0,,Score,Fidelity,0.906039,Generators/SDV models/4.Forest cover.ipynb
4. Forest cover dataset,TVAE,,,Gower_Distance,,0.924451,,,,,,0.0,,Score,Fidelity,0.924451,Generators/SDV models/4.Forest cover.ipynb
4. Forest cover dataset,CopulaGAN,,,Gower_Distance,,0.901364,,,,,,0.0,,Score,Fidelity,0.901364,Generators/SDV models/4.Forest cover.ipynb
4. Forest cover dataset,CTGAN,,,Gower_Distance,,0.902477,,,,,,0.0,,Score,Fidelity,0.902477,Generators/SDV models/4.Forest cover.ipynb
3. Adult,ForestDiffusion,,,JS_Divergence,,0.118464,,,,,,0.0,,Score,Fidelity,0.118464,Generators/Diffusion GANs/3. Adult census_diffusion.ipynb
3. Adult,TabDDPM,,,JS_Divergence,,0.614837,,,,,,0.0,,Score,Fidelity,0.614837,Generators/Diffusion GANs/3. Adult census_diffusion.ipynb
3. Adult,ForestDiffusion,,,KS_Complement,,0.8329000000000001,,,,,,0.0,,Score,Fidelity,0.8329000000000001,Generators/Diffusion GANs/3. Adult census_diffusion.ipynb
3. Adult,TabDDPM,,,KS_Complement,,0.3953,,,,,,0.0,,Score,Fidelity,0.3953,Generators/Diffusion GANs/3. Adult census_diffusion.ipynb
3. Adult,TabDDPM,,,MMD_Multivariate,,0.35908,,,,,,0.0,,Score,Fidelity,0.35908,Generators/Diffusion GANs/3. Adult census_diffusion.ipynb
3. Adult,ForestDiffusion,,,MMD_Multivariate,,0.006923,,,,,,0.0,,Score,Fidelity,0.006923,Generators/Diffusion GANs/3. Adult census_diffusion.ipynb
3. Adult,ForestDiffusion,,,PCA_Correlation_Diff,,0.110073,,,,,,0.0,,Score,Fidelity,0.110073,Generators/Diffusion GANs/3. Adult census_diffusion.ipynb
3. Adult,TabDDPM,,,PCA_Correlation_Diff,,0.78344,,,,,,0.0,,Score,Fidelity,0.78344,Generators/Diffusion GANs/3. Adult census_diffusion.ipynb
3. Adult,ForestDiffusion,,,PCA_Mean_Error,,15.091778,,,,,,0.0,,Score,Fidelity,15.091778,Generators/Diffusion GANs/3. Adult census_diffusion.ipynb
3. Adult,TabDDPM,,,PCA_Mean_Error,,787.660693,,,,,,0.0,,Score,Fidelity,787.660693,Generators/Diffusion GANs/3. Adult census_diffusion.ipynb
4. Forest cover dataset,CopulaGAN,,,KS_Complement,,0.9415,,,,,,0.0,,Score,Fidelity,0.9415,Generators/SDV models/4.Forest cover.ipynb
4. Forest cover dataset,CTGAN,,,KS_Complement,,0.9576,,,,,,0.0,,Score,Fidelity,0.9576,Generators/SDV models/4.Forest cover.ipynb
4. Forest cover dataset,CTGAN,,,PCA_Correlation_Diff,,0.867565,,,,,,0.0,,Score,Fidelity,0.867565,Generators/SDV models/4.Forest cover.ipynb
4. Forest cover dataset,CopulaGAN,,,PCA_Correlation_Diff,,0.816677,,,,,,0.0,,Score,Fidelity,0.816677,Generators/SDV models/4.Forest cover.ipynb
4. Forest cover dataset,GaussianCopula,,,PCA_Correlation_Diff,,0.473179,,,,,,0.0,,Score,Fidelity,0.473179,Generators/SDV models/4.Forest cover.ipynb
4. Forest cover dataset,TVAE,,,PCA_Correlation_Diff,,0.521883,,,,,,0.0,,Score,Fidelity,0.521883,Generators/SDV models/4.Forest cover.ipynb
4. Forest cover dataset,GaussianCopula,,,PCA_Mean_Error,,26.61077,,,,,,0.0,,Score,Fidelity,26.61077,Generators/SDV models/4.Forest cover.ipynb
4. Forest cover dataset,TVAE,,,PCA_Mean_Error,,76.959918,,,,,,0.0,,Score,Fidelity,76.959918,Generators/SDV models/4.Forest cover.ipynb
4. Forest cover dataset,CopulaGAN,,,PCA_Mean_Error,,72.636275,,,,,,0.0,,Score,Fidelity,72.636275,Generators/SDV models/4.Forest cover.ipynb
4. Forest cover dataset,CTGAN,,,PCA_Mean_Error,,40.198757,,,,,,0.0,,Score,Fidelity,40.198757,Generators/SDV models/4.Forest cover.ipynb
4. Forest cover dataset,CTGAN,,,Cosine_Similarity,,0.000336,,,,,,0.0,,Score,Fidelity,0.000336,Generators/SDV models/4.Forest cover.ipynb
4. Forest cover dataset,GaussianCopula,,,Cosine_Similarity,,0.002111,,,,,,0.0,,Score,Fidelity,0.002111,Generators/SDV models/4.Forest cover.ipynb
4. Forest cover dataset,CopulaGAN,,,Cosine_Similarity,,0.004608,,,,,,0.0,,Score,Fidelity,0.004608,Generators/SDV models/4.Forest cover.ipynb
4. Forest cover dataset,TVAE,,,Cosine_Similarity,,0.009101,,,,,,0.0,,Score,Fidelity,0.009101,Generators/SDV models/4.Forest cover.ipynb
4. Forest cover dataset,TVAE,,,MMD,,0.056792,,,,,,0.0,,Score,Fidelity,0.056792,Generators/SDV models/4.Forest cover.ipynb
4. Forest cover dataset,CopulaGAN,,,MMD,,0.031029,,,,,,0.0,,Score,Fidelity,0.031029,Generators/SDV models/4.Forest cover.ipynb
4. Forest cover dataset,WGAN_GP,,,MMD_Multivariate,,0.030261,,,,,,0.0,,Score,Fidelity,0.030261,Generators/Other GANS/4_Forest_Cover_other_GAN.ipynb
4. Forest cover dataset,CTABGAN,,,MMD_Multivariate,,0.007217,,,,,,0.0,,Score,Fidelity,0.007217,Generators/Other GANS/4_Forest_Cover_other_GAN.ipynb
4. Forest cover dataset,WGAN_GP,,,PCA_Correlation_Diff,,0.996833,,,,,,0.0,,Score,Fidelity,0.996833,Generators/Other GANS/4_Forest_Cover_other_GAN.ipynb
4. Forest cover dataset,CTABGAN,,,PCA_Correlation_Diff,,0.849288,,,,,,0.0,,Score,Fidelity,0.849288,Generators/Other GANS/4_Forest_Cover_other_GAN.ipynb
4. Forest cover dataset,WGAN_GP,,,PCA_Mean_Error,,66.583539,,,,,,0.0,,Score,Fidelity,66.583539,Generators/Other GANS/4_Forest_Cover_other_GAN.ipynb
4. Forest cover dataset,CTABGAN,,,PCA_Mean_Error,,98.575519,,,,,,0.0,,Score,Fidelity,98.575519,Generators/Other GANS/4_Forest_Cover_other_GAN.ipynb
4. Forest cover dataset,CTABGAN,,,Cosine_Similarity,,0.002905,,,,,,0.0,,Score,Fidelity,0.002905,Generators/Other GANS/4_Forest_Cover_other_GAN.ipynb
4. Forest cover dataset,WGAN_GP,,,Cosine_Similarity,,0.004645,,,,,,0.0,,Score,Fidelity,0.004645,Generators/Other GANS/4_Forest_Cover_other_GAN.ipynb
4. Forest cover dataset,WGAN_GP,,,MMD,,0.029089,,,,,,0.0,,Score,Fidelity,0.029089,Generators/Other GANS/4_Forest_Cover_other_GAN.ipynb
4. Forest cover dataset,CTABGAN,,,MMD,,0.009128,,,,,,0.0,,Score,Fidelity,0.009128,Generators/Other GANS/4_Forest_Cover_other_GAN.ipynb
4. Forest cover dataset,WGAN_GP,,,Gower_Distance,,0.905784,,,,,,0.0,,Score,Fidelity,0.905784,Generators/Other GANS/4_Forest_Cover_other_GAN.ipynb
4. Forest cover dataset,CTABGAN,,,Gower_Distance,,0.904271,,,,,,0.0,,Score,Fidelity,0.904271,Generators/Other GANS/4_Forest_Cover_other_GAN.ipynb
4. Forest cover dataset,WGAN_GP,,,Wasserstein_Distance,,0.040051,,,,,,0.0,,Score,Fidelity,0.040051,Generators/Other GANS/4_Forest_Cover_other_GAN.ipynb
4. Forest cover dataset,CTABGAN,,,Wasserstein_Distance,,0.017958,,,,,,0.0,,Score,Fidelity,0.017958,Generators/Other GANS/4_Forest_Cover_other_GAN.ipynb
4. Forest cover dataset,GaussianCopula,,,KS_Complement,,0.9829,,,,,,0.0,,Score,Fidelity,0.9829,Generators/SDV models/4.Forest cover.ipynb
4. Forest cover dataset,TVAE,,,KS_Complement,,0.9544,,,,,,0.0,,Score,Fidelity,0.9544,Generators/SDV models/4.Forest cover.ipynb
4. Forest cover dataset,ForestDiffusion,,,PCA_Correlation_Diff,,0.094384,,,,,,0.0,,Score,Fidelity,0.094384,Generators/Diffusion GANs/4_Forest_Cover_diffusion.ipynb
4. Forest cover dataset,TabDDPM,,,PCA_Correlation_Diff,,0.485208,,,,,,0.0,,Score,Fidelity,0.485208,Generators/Diffusion GANs/4_Forest_Cover_diffusion.ipynb
4. Forest cover dataset,ForestDiffusion,,,PCA_Mean_Error,,28.68433,,,,,,0.0,,Score,Fidelity,28.68433,Generators/Diffusion GANs/4_Forest_Cover_diffusion.ipynb
4. Forest cover dataset,TabDDPM,,,PCA_Mean_Error,,5790.181813,,,,,,0.0,,Score,Fidelity,5790.181813,Generators/Diffusion GANs/4_Forest_Cover_diffusion.ipynb
4. Forest cover dataset,TabDDPM,,,Cosine_Similarity,,-0.020852,,,,,,0.0,,Score,Fidelity,-0.020852,Generators/Diffusion GANs/4_Forest_Cover_diffusion.ipynb
4. Forest cover dataset,ForestDiffusion,,,Cosine_Similarity,,0.004782,,,,,,0.0,,Score,Fidelity,0.004782,Generators/Diffusion GANs/4_Forest_Cover_diffusion.ipynb
4. Forest cover dataset,TabDDPM,,,MMD,,0.511001,,,,,,0.0,,Score,Fidelity,0.511001,Generators/Diffusion GANs/4_Forest_Cover_diffusion.ipynb
4. Forest cover dataset,ForestDiffusion,,,MMD,,0.003424,,,,,,0.0,,Score,Fidelity,0.003424,Generators/Diffusion GANs/4_Forest_Cover_diffusion.ipynb
4. Forest cover dataset,ForestDiffusion,,,Gower_Distance,,0.911891,,,,,,0.0,,Score,Fidelity,0.911891,Generators/Diffusion GANs/4_Forest_Cover_diffusion.ipynb
4. Forest cover dataset,TabDDPM,,,Gower_Distance,,0.633701,,,,,,0.0,,Score,Fidelity,0.633701,Generators/Diffusion GANs/4_Forest_Cover_diffusion.ipynb
4. Forest cover dataset,TabDDPM,,,Wasserstein_Distance,,0.313269,,,,,,0.0,,Score,Fidelity,0.313269,Generators/Diffusion GANs/4_Forest_Cover_diffusion.ipynb
4. Forest cover dataset,ForestDiffusion,,,Wasserstein_Distance,,0.007472,,,,,,0.0,,Score,Fidelity,0.007472,Generators/Diffusion GANs/4_Forest_Cover_diffusion.ipynb
4. Forest cover dataset,WGAN_GP,,,JS_Divergence,,0.015944,,,,,,0.0,,Score,Fidelity,0.015944,Generators/Other GANS/4_Forest_Cover_other_GAN.ipynb
4. Forest cover dataset,CTABGAN,,,JS_Divergence,,0.011511,,,,,,0.0,,Score,Fidelity,0.011511,Generators/Other GANS/4_Forest_Cover_other_GAN.ipynb
4. Forest cover dataset,WGAN_GP,,,KS_Complement,,0.9376,,,,,,0.0,,Score,Fidelity,0.9376,Generators/Other GANS/4_Forest_Cover_other_GAN.ipynb
4. Forest cover dataset,CTABGAN,,,KS_Complement,,0.9687,,,,,,0.0,,Score,Fidelity,0.9687,Generators/Other GANS/4_Forest_Cover_other_GAN.ipynb
5. Bank Markting,CopulaGAN,,,MMD,,0.021132,,,,,,0.0,,Score,Fidelity,0.021132,Generators/SDV models/5. Bank Marketing.ipynb
5. Bank Markting,CTGAN,,,MMD,,0.005335,,,,,,0.0,,Score,Fidelity,0.005335,Generators/SDV models/5. Bank Marketing.ipynb
5. Bank Markting,GaussianCopula,,,Gower_Distance,,0.626154,,,,,,0.0,,Score,Fidelity,0.626154,Generators/SDV models/5. Bank Marketing.ipynb
5. Bank Markting,TVAE,,,Gower_Distance,,0.647807,,,,,,0.0,,Score,Fidelity,0.647807,Generators/SDV models/5. Bank Marketing.ipynb
5. Bank Markting,CopulaGAN,,,Gower_Distance,,0.617333,,,,,,0.0,,Score,Fidelity,0.617333,Generators/SDV models/5. Bank Marketing.ipynb
5. Bank Markting,CTGAN,,,Gower_Distance,,0.627346,,,,,,0.0,,Score,Fidelity,0.627346,Generators/SDV models/5. Bank Marketing.ipynb
5. Bank Markting,TVAE,,,Wasserstein_Distance,,0.021784,,,,,,0.0,,Score,Fidelity,0.021784,Generators/SDV models/5. Bank Marketing.ipynb
5. Bank Markting,GaussianCopula,,,Wasserstein_Distance,,0.017279,,,,,,0.0,,Score,Fidelity,0.017279,Generators/SDV models/5. Bank Marketing.ipynb
5. Bank Markting,CopulaGAN,,,Wasserstein_Distance,,0.015207,,,,,,0.0,,Score,Fidelity,0.015207,Generators/SDV models/5. Bank Marketing.ipynb
5. Bank Markting,CTGAN,,,Wasserstein_Distance,,0.010308,,,,,,0.0,,Score,Fidelity,0.010308,Generators/SDV models/5. Bank Marketing.ipynb
4. Forest cover dataset,ForestDiffusion,,,JS_Divergence,,0.003717,,,,,,0.0,,Score,Fidelity,0.003717,Generators/Diffusion GANs/4_Forest_Cover_diffusion.ipynb
4. Forest cover dataset,TabDDPM,,,JS_Divergence,,0.214195,,,,,,0.0,,Score,Fidelity,0.214195,Generators/Diffusion GANs/4_Forest_Cover_diffusion.ipynb
4. Forest cover dataset,ForestDiffusion,,,KS_Complement,,0.1889,,,,,,0.0,,Score,Fidelity,0.1889,Generators/Diffusion GANs/4_Forest_Cover_diffusion.ipynb
4. Forest cover dataset,TabDDPM,,,KS_Complement,,0.1043,,,,,,0.0,,Score,Fidelity,0.1043,Generators/Diffusion GANs/4_Forest_Cover_diffusion.ipynb
4. Forest cover dataset,TabDDPM,,,MMD_Multivariate,,0.189755,,,,,,0.0,,Score,Fidelity,0.189755,Generators/Diffusion GANs/4_Forest_Cover_diffusion.ipynb
4. Forest cover dataset,ForestDiffusion,,,MMD_Multivariate,,0.002604,,,,,,0.0,,Score,Fidelity,0.002604,Generators/Diffusion GANs/4_Forest_Cover_diffusion.ipynb
5. Bank Markting,CopulaGAN,,,MMD_Multivariate,,0.014594,,,,,,0.0,,Score,Fidelity,0.014594,Generators/SDV models/5. Bank Marketing.ipynb
5. Bank Markting,CTGAN,,,MMD_Multivariate,,0.003042,,,,,,0.0,,Score,Fidelity,0.003042,Generators/SDV models/5. Bank Marketing.ipynb
5. Bank Markting,GaussianCopula,,,PCA_Correlation_Diff,,0.23165,,,,,,0.0,,Score,Fidelity,0.23165,Generators/SDV models/5. Bank Marketing.ipynb
5. Bank Markting,TVAE,,,PCA_Correlation_Diff,,0.275759,,,,,,0.0,,Score,Fidelity,0.275759,Generators/SDV models/5. Bank Marketing.ipynb
5. Bank Markting,CopulaGAN,,,PCA_Correlation_Diff,,0.108287,,,,,,0.0,,Score,Fidelity,0.108287,Generators/SDV models/5. Bank Marketing.ipynb
5. Bank Markting,CTGAN,,,PCA_Correlation_Diff,,0.104697,,,,,,0.0,,Score,Fidelity,0.104697,Generators/SDV models/5. Bank Marketing.ipynb
5. Bank Markting,GaussianCopula,,,PCA_Mean_Error,,59.045216,,,,,,0.0,,Score,Fidelity,59.045216,Generators/SDV models/5. Bank Marketing.ipynb
5. Bank Markting,TVAE,,,PCA_Mean_Error,,25.553935,,,,,,0.0,,Score,Fidelity,25.553935,Generators/SDV models/5. Bank Marketing.ipynb
5. Bank Markting,CopulaGAN,,,PCA_Mean_Error,,27.112464,,,,,,0.0,,Score,Fidelity,27.112464,Generators/SDV models/5. Bank Marketing.ipynb
5. Bank Markting,CTGAN,,,PCA_Mean_Error,,15.683888,,,,,,0.0,,Score,Fidelity,15.683888,Generators/SDV models/5. Bank Marketing.ipynb
5. Bank Markting,GaussianCopula,,,Cosine_Similarity,,-0.020781,,,,,,0.0,,Score,Fidelity,-0.020781,Generators/SDV models/5. Bank Marketing.ipynb
5. Bank Markting,CopulaGAN,,,Cosine_Similarity,,-0.004861,,,,,,0.0,,Score,Fidelity,-0.004861,Generators/SDV models/5. Bank Marketing.ipynb
5. Bank Markting,CTGAN,,,Cosine_Similarity,,0.016167,,,,,,0.0,,Score,Fidelity,0.016167,Generators/SDV models/5. Bank Marketing.ipynb
5. Bank Markting,TVAE,,,Cosine_Similarity,,0.047822,,,,,,0.0,,Score,Fidelity,0.047822,Generators/SDV models/5. Bank Marketing.ipynb
5. Bank Markting,GaussianCopula,,,MMD,,0.063279,,,,,,0.0,,Score,Fidelity,0.063279,Generators/SDV models/5. Bank Marketing.ipynb
5. Bank Markting,TVAE,,,MMD,,0.022188,,,,,,0.0,,Score,Fidelity,0.022188,Generators/SDV models/5. Bank Marketing.ipynb
5. Bank Markting,WGAN_GP,,,PCA_Mean_Error,,48.281733,,,,,,0.0,,Score,Fidelity,48.281733,Generators/Other GANS/5. Bank marketing_other GAN.ipynb
5. Bank Markting,CTABGAN,,,PCA_Mean_Error,,37.171926,,,,,,0.0,,Score,Fidelity,37.171926,Generators/Other GANS/5. Bank marketing_other GAN.ipynb
5. Bank Markting,CTABGAN,,,Cosine_Similarity,,0.019165,,,,,,0.0,,Score,Fidelity,0.019165,Generators/Other GANS/5. Bank marketing_other GAN.ipynb
5. Bank Markting,WGAN_GP,,,Cosine_Similarity,,0.030217,,,,,,0.0,,Score,Fidelity,0.030217,Generators/Other GANS/5. Bank marketing_other GAN.ipynb
5. Bank Markting,WGAN_GP,,,MMD,,0.043817,,,,,,0.0,,Score,Fidelity,0.043817,Generators/Other GANS/5. Bank marketing_other GAN.ipynb
5. Bank Markting,CTABGAN,,,MMD,,0.022723,,,,,,0.0,,Score,Fidelity,0.022723,Generators/Other GANS/5. Bank marketing_other GAN.ipynb
5. Bank Markting,WGAN_GP,,,Gower_Distance,,0.620311,,,,,,0.0,,Score,Fidelity,0.620311,Generators/Other GANS/5. Bank marketing_other GAN.ipynb
5. Bank Markting,CTABGAN,,,Gower_Distance,,0.60794,,,,,,0.0,,Score,Fidelity,0.60794,Generators/Other GANS/5. Bank marketing_other GAN.ipynb
5. Bank Markting,WGAN_GP,,,Wasserstein_Distance,,0.057577,,,,,,0.0,,Score,Fidelity,0.057577,Generators/Other GANS/5. Bank marketing_other GAN.ipynb
5. Bank Markting,CTABGAN,,,Wasserstein_Distance,,0.038294,,,,,,0.0,,Score,Fidelity,0.038294,Generators/Other GANS/5. Bank marketing_other GAN.ipynb
5. Bank Markting,GaussianCopula,,,KS_Complement,,0.8642,,,,,,0.0,,Score,Fidelity,0.8642,Generators/SDV models/5. Bank Marketing.ipynb
5. Bank Markting,TVAE,,,KS_Complement,,0.8815000000000001,,,,,,0.0,,Score,Fidelity,0.8815000000000001,Generators/SDV models/5. Bank Marketing.ipynb
5. Bank Markting,CopulaGAN,,,KS_Complement,,0.863,,,,,,0.0,,Score,Fidelity,0.863,Generators/SDV models/5. Bank Marketing.ipynb
5. Bank Markting,CTGAN,,,KS_Complement,,0.9019,,,,,,0.0,,Score,Fidelity,0.9019,Generators/SDV models/5. Bank Marketing.ipynb
5. Bank Markting,GaussianCopula,,,MMD_Multivariate,,0.050541,,,,,,0.0,,Score,Fidelity,0.050541,Generators/SDV models/5. Bank Marketing.ipynb
5. Bank Markting,TVAE,,,MMD_Multivariate,,0.025269,,,,,,0.0,,Score,Fidelity,0.025269,Generators/SDV models/5. Bank Marketing.ipynb
5. Bank Markting,TabDDPM,,,Cosine_Similarity,,-0.05826,,,,,,0.0,,Score,Fidelity,-0.05826,Generators/Diffusion GANs/5. Bank marketing_diffusion.ipynb
5. Bank Markting,ForestDiffusion,,,Cosine_Similarity,,0.028548,,,,,,0.0,,Score,Fidelity,0.028548,Generators/Diffusion GANs/5. Bank marketing_diffusion.ipynb
5. Bank Markting,TabDDPM,,,MMD,,0.505625,,,,,,0.0,,Score,Fidelity,0.505625,Generators/Diffusion GANs/5. Bank marketing_diffusion.ipynb
5. Bank Markting,ForestDiffusion,,,MMD,,0.006,,,,,,0.0,,Score,Fidelity,0.006,Generators/Diffusion GANs/5. Bank marketing_diffusion.ipynb
5. Bank Markting,ForestDiffusion,,,Gower_Distance,,0.623875,,,,,,0.0,,Score,Fidelity,0.623875,Generators/Diffusion GANs/5. Bank marketing_diffusion.ipynb
5. Bank Markting,TabDDPM,,,Gower_Distance,,0.373353,,,,,,0.0,,Score,Fidelity,0.373353,Generators/Diffusion GANs/5. Bank marketing_diffusion.ipynb
5. Bank Markting,TabDDPM,,,Wasserstein_Distance,,0.325253,,,,,,0.0,,Score,Fidelity,0.325253,Generators/Diffusion GANs/5. Bank marketing_diffusion.ipynb
5. Bank Markting,ForestDiffusion,,,Wasserstein_Distance,,0.015511,,,,,,0.0,,Score,Fidelity,0.015511,Generators/Diffusion GANs/5. Bank marketing_diffusion.ipynb
5. Bank Markting,WGAN_GP,,,KS_Complement,,0.7665000000000001,,,,,,0.0,,Score,Fidelity,0.7665000000000001,Generators/Other GANS/5. Bank marketing_other GAN.ipynb
5. Bank Markting,CTABGAN,,,KS_Complement,,0.8953,,,,,,0.0,,Score,Fidelity,0.8953,Generators/Other GANS/5. Bank marketing_other GAN.ipynb
5. Bank Markting,WGAN_GP,,,MMD_Multivariate,,0.030767,,,,,,0.0,,Score,Fidelity,0.030767,Generators/Other GANS/5. Bank marketing_other GAN.ipynb
5. Bank Markting,CTABGAN,,,MMD_Multivariate,,0.020363,,,,,,0.0,,Score,Fidelity,0.020363,Generators/Other GANS/5. Bank marketing_other GAN.ipynb
5. Bank Markting,WGAN_GP,,,PCA_Correlation_Diff,,0.567878,,,,,,0.0,,Score,Fidelity,0.567878,Generators/Other GANS/5. Bank marketing_other GAN.ipynb
5. Bank Markting,CTABGAN,,,PCA_Correlation_Diff,,0.471534,,,,,,0.0,,Score,Fidelity,0.471534,Generators/Other GANS/5. Bank marketing_other GAN.ipynb
6. Wine dataset,CopulaGAN,,,Gower_Distance,,0.883799,,,,,,0.0,,Score,Fidelity,0.883799,Generators/SDV models/6. Wine quality.ipynb
6. Wine dataset,CTGAN,,,Gower_Distance,,0.881018,,,,,,0.0,,Score,Fidelity,0.881018,Generators/SDV models/6. Wine quality.ipynb
6. Wine dataset,CTGAN,,,Wasserstein_Distance,,0.026365,,,,,,0.0,,Score,Fidelity,0.026365,Generators/SDV models/6. Wine quality.ipynb
6. Wine dataset,CopulaGAN,,,Wasserstein_Distance,,0.025152,,,,,,0.0,,Score,Fidelity,0.025152,Generators/SDV models/6. Wine quality.ipynb
6. Wine dataset,TVAE,,,Wasserstein_Distance,,0.013171,,,,,,0.0,,Score,Fidelity,0.013171,Generators/SDV models/6. Wine quality.ipynb
6. Wine dataset,GaussianCopula,,,Wasserstein_Distance,,0.011826,,,,,,0.0,,Score,Fidelity,0.011826,Generators/SDV models/6. Wine quality.ipynb
5. Bank Markting,ForestDiffusion,,,KS_Complement,,0.8303,,,,,,0.0,,Score,Fidelity,0.8303,Generators/Diffusion GANs/5. Bank marketing_diffusion.ipynb
5. Bank Markting,TabDDPM,,,KS_Complement,,0.3986,,,,,,0.0,,Score,Fidelity,0.3986,Generators/Diffusion GANs/5. Bank marketing_diffusion.ipynb
5. Bank Markting,TabDDPM,,,MMD_Multivariate,,0.352077,,,,,,0.0,,Score,Fidelity,0.352077,Generators/Diffusion GANs/5. Bank marketing_diffusion.ipynb
5. Bank Markting,ForestDiffusion,,,MMD_Multivariate,,0.004806,,,,,,0.0,,Score,Fidelity,0.004806,Generators/Diffusion GANs/5. Bank marketing_diffusion.ipynb
5. Bank Markting,ForestDiffusion,,,PCA_Correlation_Diff,,0.088567,,,,,,0.0,,Score,Fidelity,0.088567,Generators/Diffusion GANs/5. Bank marketing_diffusion.ipynb
5. Bank Markting,TabDDPM,,,PCA_Correlation_Diff,,0.654094,,,,,,0.0,,Score,Fidelity,0.654094,Generators/Diffusion GANs/5. Bank marketing_diffusion.ipynb
5. Bank Markting,ForestDiffusion,,,PCA_Mean_Error,,7.241908,,,,,,0.0,,Score,Fidelity,7.241908,Generators/Diffusion GANs/5. Bank marketing_diffusion.ipynb
5. Bank Markting,TabDDPM,,,PCA_Mean_Error,,498.673544,,,,,,0.0,,Score,Fidelity,498.673544,Generators/Diffusion GANs/5. Bank marketing_diffusion.ipynb
6. Wine dataset,CopulaGAN,,,PCA_Correlation_Diff,,0.556285,,,,,,0.0,,Score,Fidelity,0.556285,Generators/SDV models/6. Wine quality.ipynb
6. Wine dataset,CTGAN,,,PCA_Correlation_Diff,,0.508821,,,,,,0.0,,Score,Fidelity,0.508821,Generators/SDV models/6. Wine quality.ipynb
6. Wine dataset,GaussianCopula,,,PCA_Mean_Error,,0.506707,,,,,,0.0,,Score,Fidelity,0.506707,Generators/SDV models/6. Wine quality.ipynb
6. Wine dataset,TVAE,,,PCA_Mean_Error,,3.932436,,,,,,0.0,,Score,Fidelity,3.932436,Generators/SDV models/6. Wine quality.ipynb
6. Wine dataset,CopulaGAN,,,PCA_Mean_Error,,5.089144,,,,,,0.0,,Score,Fidelity,5.089144,Generators/SDV models/6. Wine quality.ipynb
6. Wine dataset,CTGAN,,,PCA_Mean_Error,,5.266867,,,,,,0.0,,Score,Fidelity,5.266867,Generators/SDV models/6. Wine quality.ipynb
6. Wine dataset,GaussianCopula,,,Cosine_Similarity,,0.003519,,,,,,0.0,,Score,Fidelity,0.003519,Generators/SDV models/6. Wine quality.ipynb
6. Wine dataset,CopulaGAN,,,Cosine_Similarity,,0.005261,,,,,,0.0,,Score,Fidelity,0.005261,Generators/SDV models/6. Wine quality.ipynb
6. Wine dataset,CTGAN,,,Cosine_Similarity,,0.005918,,,,,,0.0,,Score,Fidelity,0.005918,Generators/SDV models/6. Wine quality.ipynb
6. Wine dataset,TVAE,,,Cosine_Similarity,,0.014057,,,,,,0.0,,Score,Fidelity,0.014057,Generators/SDV models/6. Wine quality.ipynb
6. Wine dataset,CTGAN,,,MMD,,0.013173,,,,,,0.0,,Score,Fidelity,0.013173,Generators/SDV models/6. Wine quality.ipynb
6. Wine dataset,CopulaGAN,,,MMD,,0.009521,,,,,,0.0,,Score,Fidelity,0.009521,Generators/SDV models/6. Wine quality.ipynb
6. Wine dataset,TVAE,,,MMD,,0.007385,,,,,,0.0,,Score,Fidelity,0.007385,Generators/SDV models/6. Wine quality.ipynb
6. Wine dataset,GaussianCopula,,,MMD,,0.003268,,,,,,0.0,,Score,Fidelity,0.003268,Generators/SDV models/6. Wine quality.ipynb
6. Wine dataset,GaussianCopula,,,Gower_Distance,,0.889308,,,,,,0.0,,Score,Fidelity,0.889308,Generators/SDV models/6. Wine quality.ipynb
6. Wine dataset,TVAE,,,Gower_Distance,,0.898376,,,,,,0.0,,Score,Fidelity,0.898376,Generators/SDV models/6. Wine quality.ipynb
6. Wine dataset,WGAN_GP,,,Wasserstein_Distance,,0.057512,,,,,,0.0,,Score,Fidelity,0.057512,Generators/Other GANS/6. Winequality_other GAN.ipynb
6. Wine dataset,CTABGAN,,,Wasserstein_Distance,,0.025031,,,,,,0.0,,Score,Fidelity,0.025031,Generators/Other GANS/6. Winequality_other GAN.ipynb
6. Wine dataset,GaussianCopula,,,KS_Complement,,0.9186,,,,,,0.0,,Score,Fidelity,0.9186,Generators/SDV models/6. Wine quality.ipynb
6. Wine dataset,TVAE,,,KS_Complement,,0.9186,,,,,,0.0,,Score,Fidelity,0.9186,Generators/SDV models/6. Wine quality.ipynb
6. Wine dataset,CopulaGAN,,,KS_Complement,,0.8839,,,,,,0.0,,Score,Fidelity,0.8839,Generators/SDV models/6. Wine quality.ipynb
6. Wine dataset,CTGAN,,,KS_Complement,,0.8667,,,,,,0.0,,Score,Fidelity,0.8667,Generators/SDV models/6. Wine quality.ipynb
6. Wine dataset,CTGAN,,,MMD_Multivariate,,0.011186,,,,,,0.0,,Score,Fidelity,0.011186,Generators/SDV models/6. Wine quality.ipynb
6. Wine dataset,CopulaGAN,,,MMD_Multivariate,,0.009166,,,,,,0.0,,Score,Fidelity,0.009166,Generators/SDV models/6. Wine quality.ipynb
6. Wine dataset,TVAE,,,MMD_Multivariate,,0.008219,,,,,,0.0,,Score,Fidelity,0.008219,Generators/SDV models/6. Wine quality.ipynb
6. Wine dataset,GaussianCopula,,,MMD_Multivariate,,0.002883,,,,,,0.0,,Score,Fidelity,0.002883,Generators/SDV models/6. Wine quality.ipynb
6. Wine dataset,GaussianCopula,,,PCA_Correlation_Diff,,0.138394,,,,,,0.0,,Score,Fidelity,0.138394,Generators/SDV models/6. Wine quality.ipynb
6. Wine dataset,TVAE,,,PCA_Correlation_Diff,,0.224182,,,,,,0.0,,Score,Fidelity,0.224182,Generators/SDV models/6. Wine quality.ipynb
6. Wine dataset,WGAN_GP,,,KS_Complement,,0.7164,,,,,,0.0,,Score,Fidelity,0.7164,Generators/Other GANS/6. Winequality_other GAN.ipynb
6. Wine dataset,CTABGAN,,,KS_Complement,,0.8340000000000001,,,,,,0.0,,Score,Fidelity,0.8340000000000001,Generators/Other GANS/6. Winequality_other GAN.ipynb
6. Wine dataset,WGAN_GP,,,MMD_Multivariate,,0.05039,,,,,,0.0,,Score,Fidelity,0.05039,Generators/Other GANS/6. Winequality_other GAN.ipynb
6. Wine dataset,CTABGAN,,,MMD_Multivariate,,0.010389,,,,,,0.0,,Score,Fidelity,0.010389,Generators/Other GANS/6. Winequality_other GAN.ipynb
6. Wine dataset,WGAN_GP,,,PCA_Correlation_Diff,,0.604353,,,,,,0.0,,Score,Fidelity,0.604353,Generators/Other GANS/6. Winequality_other GAN.ipynb
6. Wine dataset,CTABGAN,,,PCA_Correlation_Diff,,0.455425,,,,,,0.0,,Score,Fidelity,0.455425,Generators/Other GANS/6. Winequality_other GAN.ipynb
6. Wine dataset,WGAN_GP,,,PCA_Mean_Error,,16.358989,,,,,,0.0,,Score,Fidelity,16.358989,Generators/Other GANS/6. Winequality_other GAN.ipynb
6. Wine dataset,CTABGAN,,,PCA_Mean_Error,,4.495219,,,,,,0.0,,Score,Fidelity,4.495219,Generators/Other GANS/6. Winequality_other GAN.ipynb
6. Wine dataset,WGAN_GP,,,Cosine_Similarity,,-6.3e-05,,,,,,0.0,,Score,Fidelity,-6.3e-05,Generators/Other GANS/6. Winequality_other GAN.ipynb
6. Wine dataset,CTABGAN,,,Cosine_Similarity,,0.00224,,,,,,0.0,,Score,Fidelity,0.00224,Generators/Other GANS/6. Winequality_other GAN.ipynb
6. Wine dataset,WGAN_GP,,,MMD,,0.065135,,,,,,0.0,,Score,Fidelity,0.065135,Generators/Other GANS/6. Winequality_other GAN.ipynb
6. Wine dataset,CTABGAN,,,MMD,,0.017623,,,,,,0.0,,Score,Fidelity,0.017623,Generators/Other GANS/6. Winequality_other GAN.ipynb
6. Wine dataset,WGAN_GP,,,Gower_Distance,,0.868162,,,,,,0.0,,Score,Fidelity,0.868162,Generators/Other GANS/6. Winequality_other GAN.ipynb
6. Wine dataset,CTABGAN,,,Gower_Distance,,0.851682,,,,,,0.0,,Score,Fidelity,0.851682,Generators/Other GANS/6. Winequality_other GAN.ipynb
6. Wine dataset,ForestDiffusion,,,KS_Complement,,0.8576999999999999,,,,,,0.0,,Score,Fidelity,0.8576999999999999,Generators/Diffusion GANs/6. Winequality_diffusion.ipynb
6. Wine dataset,TabDDPM,,,KS_Complement,,0.7613,,,,,,0.0,,Score,Fidelity,0.7613,Generators/Diffusion GANs/6. Winequality_diffusion.ipynb
6. Wine dataset,TabDDPM,,,MMD_Multivariate,,0.080353,,,,,,0.0,,Score,Fidelity,0.080353,Generators/Diffusion GANs/6. Winequality_diffusion.ipynb
6. Wine dataset,ForestDiffusion,,,MMD_Multivariate,,0.002163,,,,,,0.0,,Score,Fidelity,0.002163,Generators/Diffusion GANs/6. Winequality_diffusion.ipynb
6. Wine dataset,ForestDiffusion,,,PCA_Correlation_Diff,,0.077458,,,,,,0.0,,Score,Fidelity,0.077458,Generators/Diffusion GANs/6. Winequality_diffusion.ipynb
6. Wine dataset,TabDDPM,,,PCA_Correlation_Diff,,0.734914,,,,,,0.0,,Score,Fidelity,0.734914,Generators/Diffusion GANs/6. Winequality_diffusion.ipynb
6. Wine dataset,ForestDiffusion,,,PCA_Mean_Error,,1.118672,,,,,,0.0,,Score,Fidelity,1.118672,Generators/Diffusion GANs/6. Winequality_diffusion.ipynb
6. Wine dataset,TabDDPM,,,PCA_Mean_Error,,24.10501,,,,,,0.0,,Score,Fidelity,24.10501,Generators/Diffusion GANs/6. Winequality_diffusion.ipynb
6. Wine dataset,TabDDPM,,,Cosine_Similarity,,-0.000788,,,,,,0.0,,Score,Fidelity,-0.000788,Generators/Diffusion GANs/6. Winequality_diffusion.ipynb
6. Wine dataset,ForestDiffusion,,,Cosine_Similarity,,0.009172,,,,,,0.0,,Score,Fidelity,0.009172,Generators/Diffusion GANs/6. Winequality_diffusion.ipynb
6. Wine dataset,TabDDPM,,,MMD,,0.064043,,,,,,0.0,,Score,Fidelity,0.064043,Generators/Diffusion GANs/6. Winequality_diffusion.ipynb
6. Wine dataset,ForestDiffusion,,,MMD,,0.004242,,,,,,0.0,,Score,Fidelity,0.004242,Generators/Diffusion GANs/6. Winequality_diffusion.ipynb
6. Wine dataset,ForestDiffusion,,,Gower_Distance,,0.858982,,,,,,0.0,,Score,Fidelity,0.858982,Generators/Diffusion GANs/6. Winequality_diffusion.ipynb
6. Wine dataset,TabDDPM,,,Gower_Distance,,0.767133,,,,,,0.0,,Score,Fidelity,0.767133,Generators/Diffusion GANs/6. Winequality_diffusion.ipynb
6. Wine dataset,TabDDPM,,,Wasserstein_Distance,,0.097735,,,,,,0.0,,Score,Fidelity,0.097735,Generators/Diffusion GANs/6. Winequality_diffusion.ipynb
6. Wine dataset,ForestDiffusion,,,Wasserstein_Distance,,0.012673,,,,,,0.0,,Score,Fidelity,0.012673,Generators/Diffusion GANs/6. Winequality_diffusion.ipynb
7. CDC diabetes dataset,CopulaGAN,,,Cosine_Similarity,,-0.000336,,,,,,0.0,,Score,Fidelity,-0.000336,Generators/SDV models/7. Heart.ipynb
7. CDC diabetes dataset,TVAE,,,Cosine_Similarity,,0.02507,,,,,,0.0,,Score,Fidelity,0.02507,Generators/SDV models/7. Heart.ipynb
7. CDC diabetes dataset,GaussianCopula,,,MMD,,0.039741,,,,,,0.0,,Score,Fidelity,0.039741,Generators/SDV models/7. Heart.ipynb
7. CDC diabetes dataset,CTGAN,,,MMD,,0.019512,,,,,,0.0,,Score,Fidelity,0.019512,Generators/SDV models/7. Heart.ipynb
7. CDC diabetes dataset,TVAE,,,MMD,,0.01466,,,,,,0.0,,Score,Fidelity,0.01466,Generators/SDV models/7. Heart.ipynb
7. CDC diabetes dataset,CopulaGAN,,,MMD,,0.014304,,,,,,0.0,,Score,Fidelity,0.014304,Generators/SDV models/7. Heart.ipynb
7. CDC diabetes dataset,GaussianCopula,,,Gower_Distance,,0.716012,,,,,,0.0,,Score,Fidelity,0.716012,Generators/SDV models/7. Heart.ipynb
7. CDC diabetes dataset,TVAE,,,Gower_Distance,,0.752427,,,,,,0.0,,Score,Fidelity,0.752427,Generators/SDV models/7. Heart.ipynb
7. CDC diabetes dataset,CopulaGAN,,,Gower_Distance,,0.714305,,,,,,0.0,,Score,Fidelity,0.714305,Generators/SDV models/7. Heart.ipynb
7. CDC diabetes dataset,CTGAN,,,Gower_Distance,,0.712221,,,,,,0.0,,Score,Fidelity,0.712221,Generators/SDV models/7. Heart.ipynb
7. CDC diabetes dataset,CopulaGAN,,,Wasserstein_Distance,,0.062756,,,,,,0.0,,Score,Fidelity,0.062756,Generators/SDV models/7. Heart.ipynb
7. CDC diabetes dataset,CTGAN,,,Wasserstein_Distance,,0.062105,,,,,,0.0,,Score,Fidelity,0.062105,Generators/SDV models/7. Heart.ipynb
7. CDC diabetes dataset,TVAE,,,Wasserstein_Distance,,0.039536,,,,,,0.0,,Score,Fidelity,0.039536,Generators/SDV models/7. Heart.ipynb
7. CDC diabetes dataset,GaussianCopula,,,Wasserstein_Distance,,0.024006,,,,,,0.0,,Score,Fidelity,0.024006,Generators/SDV models/7. Heart.ipynb
7. CDC diabetes dataset,GaussianCopula,,,KS_Complement,,0.9591,,,,,,0.0,,Score,Fidelity,0.9591,Generators/SDV models/7. Heart.ipynb
7. CDC diabetes dataset,TVAE,,,KS_Complement,,0.9449,,,,,,0.0,,Score,Fidelity,0.9449,Generators/SDV models/7. Heart.ipynb
7. CDC diabetes dataset,CopulaGAN,,,KS_Complement,,0.9145,,,,,,0.0,,Score,Fidelity,0.9145,Generators/SDV models/7. Heart.ipynb
7. CDC diabetes dataset,CTGAN,,,KS_Complement,,0.9051,,,,,,0.0,,Score,Fidelity,0.9051,Generators/SDV models/7. Heart.ipynb
7. CDC diabetes dataset,GaussianCopula,,,MMD_Multivariate,,0.040098,,,,,,0.0,,Score,Fidelity,0.040098,Generators/SDV models/7. Heart.ipynb
7. CDC diabetes dataset,CTGAN,,,MMD_Multivariate,,0.017494,,,,,,0.0,,Score,Fidelity,0.017494,Generators/SDV models/7. Heart.ipynb
7. CDC diabetes dataset,TVAE,,,MMD_Multivariate,,0.015303,,,,,,0.0,,Score,Fidelity,0.015303,Generators/SDV models/7. Heart.ipynb
7. CDC diabetes dataset,CopulaGAN,,,MMD_Multivariate,,0.013833,,,,,,0.0,,Score,Fidelity,0.013833,Generators/SDV models/7. Heart.ipynb
7. CDC diabetes dataset,GaussianCopula,,,PCA_Mean_Error,,20.260145,,,,,,0.0,,Score,Fidelity,20.260145,Generators/SDV models/7. Heart.ipynb
7. CDC diabetes dataset,TVAE,,,PCA_Mean_Error,,20.710261,,,,,,0.0,,Score,Fidelity,20.710261,Generators/SDV models/7. Heart.ipynb
7. CDC diabetes dataset,CopulaGAN,,,PCA_Mean_Error,,20.300259,,,,,,0.0,,Score,Fidelity,20.300259,Generators/SDV models/7. Heart.ipynb
7. CDC diabetes dataset,CTGAN,,,PCA_Mean_Error,,26.911364,,,,,,0.0,,Score,Fidelity,26.911364,Generators/SDV models/7. Heart.ipynb
7. CDC diabetes dataset,CTGAN,,,Cosine_Similarity,,-0.004886,,,,,,0.0,,Score,Fidelity,-0.004886,Generators/SDV models/7. Heart.ipynb
7. CDC diabetes dataset,GaussianCopula,,,Cosine_Similarity,,-0.004156,,,,,,0.0,,Score,Fidelity,-0.004156,Generators/SDV models/7. Heart.ipynb
12. Air Quality,CopulaGAN,,,KS_Complement,,0.6938,,,,,,0.0,,Score,Fidelity,0.6938,Generators/SDV models/12. Air Quality.ipynb
12. Air Quality,CTGAN,,,KS_Complement,,0.8023,,,,,,0.0,,Score,Fidelity,0.8023,Generators/SDV models/12. Air Quality.ipynb
12. Air Quality,CopulaGAN,,,MMD_Multivariate,,0.144545,,,,,,0.0,,Score,Fidelity,0.144545,Generators/SDV models/12. Air Quality.ipynb
12. Air Quality,CTGAN,,,MMD_Multivariate,,0.042712,,,,,,0.0,,Score,Fidelity,0.042712,Generators/SDV models/12. Air Quality.ipynb
12. Air Quality,TVAE,,,MMD_Multivariate,,0.003989,,,,,,0.0,,Score,Fidelity,0.003989,Generators/SDV models/12. Air Quality.ipynb
12. Air Quality,GaussianCopula,,,MMD_Multivariate,,0.000198,,,,,,0.0,,Score,Fidelity,0.000198,Generators/SDV models/12. Air Quality.ipynb
12. Air Quality,GaussianCopula,,,PCA_Correlation_Diff,,0.104403,,,,,,0.0,,Score,Fidelity,0.104403,Generators/SDV models/12. Air Quality.ipynb
12. Air Quality,TVAE,,,PCA_Correlation_Diff,,0.281607,,,,,,0.0,,Score,Fidelity,0.281607,Generators/SDV models/12. Air Quality.ipynb
12. Air Quality,CopulaGAN,,,PCA_Correlation_Diff,,0.974993,,,,,,0.0,,Score,Fidelity,0.974993,Generators/SDV models/12. Air Quality.ipynb
12. Air Quality,CTGAN,,,PCA_Correlation_Diff,,1.047007,,,,,,0.0,,Score,Fidelity,1.047007,Generators/SDV models/12. Air Quality.ipynb
12. Air Quality,GaussianCopula,,,PCA_Mean_Error,,0.998628,,,,,,0.0,,Score,Fidelity,0.998628,Generators/SDV models/12. Air Quality.ipynb
12. Air Quality,TVAE,,,PCA_Mean_Error,,2.776245,,,,,,0.0,,Score,Fidelity,2.776245,Generators/SDV models/12. Air Quality.ipynb
12. Air Quality,CopulaGAN,,,PCA_Mean_Error,,23.078899,,,,,,0.0,,Score,Fidelity,23.078899,Generators/SDV models/12. Air Quality.ipynb
12. Air Quality,CTGAN,,,PCA_Mean_Error,,9.509181,,,,,,0.0,,Score,Fidelity,9.509181,Generators/SDV models/12. Air Quality.ipynb
12. Air Quality,CopulaGAN,,,Cosine_Similarity,,-0.007748,,,,,,0.0,,Score,Fidelity,-0.007748,Generators/SDV models/12. Air Quality.ipynb
12. Air Quality,GaussianCopula,,,Cosine_Similarity,,0.00501,,,,,,0.0,,Score,Fidelity,0.00501,Generators/SDV models/12. Air Quality.ipynb
7. CDC diabetes dataset,CTABGAN,,,MMD_Multivariate,,0.257733,,,,,,0.0,,Score,Fidelity,0.257733,Generators/Other GANS/7_CDC_diabetes_other_GAN.ipynb
7. CDC diabetes dataset,WGAN_GP,,,MMD_Multivariate,,0.01716,,,,,,0.0,,Score,Fidelity,0.01716,Generators/Other GANS/7_CDC_diabetes_other_GAN.ipynb
7. CDC diabetes dataset,WGAN_GP,,,PCA_Correlation_Diff,,0.547171,,,,,,0.0,,Score,Fidelity,0.547171,Generators/Other GANS/7_CDC_diabetes_other_GAN.ipynb
7. CDC diabetes dataset,CTABGAN,,,PCA_Correlation_Diff,,0.503399,,,,,,0.0,,Score,Fidelity,0.503399,Generators/Other GANS/7_CDC_diabetes_other_GAN.ipynb
7. CDC diabetes dataset,WGAN_GP,,,PCA_Mean_Error,,24.444441,,,,,,0.0,,Score,Fidelity,24.444441,Generators/Other GANS/7_CDC_diabetes_other_GAN.ipynb
7. CDC diabetes dataset,CTABGAN,,,PCA_Mean_Error,,138.644819,,,,,,0.0,,Score,Fidelity,138.644819,Generators/Other GANS/7_CDC_diabetes_other_GAN.ipynb
7. CDC diabetes dataset,CTABGAN,,,Cosine_Similarity,,-0.032389,,,,,,0.0,,Score,Fidelity,-0.032389,Generators/Other GANS/7_CDC_diabetes_other_GAN.ipynb
7. CDC diabetes dataset,WGAN_GP,,,Cosine_Similarity,,0.007307,,,,,,0.0,,Score,Fidelity,0.007307,Generators/Other GANS/7_CDC_diabetes_other_GAN.ipynb
7. CDC diabetes dataset,CTABGAN,,,MMD,,0.334556,,,,,,0.0,,Score,Fidelity,0.334556,Generators/Other GANS/7_CDC_diabetes_other_GAN.ipynb
7. CDC diabetes dataset,WGAN_GP,,,MMD,,0.024435,,,,,,0.0,,Score,Fidelity,0.024435,Generators/Other GANS/7_CDC_diabetes_other_GAN.ipynb
7. CDC diabetes dataset,WGAN_GP,,,Gower_Distance,,0.845339,,,,,,0.0,,Score,Fidelity,0.845339,Generators/Other GANS/7_CDC_diabetes_other_GAN.ipynb
7. CDC diabetes dataset,CTABGAN,,,Gower_Distance,,0.636716,,,,,,0.0,,Score,Fidelity,0.636716,Generators/Other GANS/7_CDC_diabetes_other_GAN.ipynb
7. CDC diabetes dataset,CTABGAN,,,Wasserstein_Distance,,0.164295,,,,,,0.0,,Score,Fidelity,0.164295,Generators/Other GANS/7_CDC_diabetes_other_GAN.ipynb
7. CDC diabetes dataset,WGAN_GP,,,Wasserstein_Distance,,0.079861,,,,,,0.0,,Score,Fidelity,0.079861,Generators/Other GANS/7_CDC_diabetes_other_GAN.ipynb
7. CDC diabetes dataset,ForestDiffusion,,,PCA_Correlation_Diff,,0.13091,,,,,,0.0,,Score,Fidelity,0.13091,Generators/Diffusion GANs/7_CDC_diabetes_diffusion.ipynb
7. CDC diabetes dataset,TabDDPM,,,PCA_Correlation_Diff,,0.572374,,,,,,0.0,,Score,Fidelity,0.572374,Generators/Diffusion GANs/7_CDC_diabetes_diffusion.ipynb
7. CDC diabetes dataset,ForestDiffusion,,,PCA_Mean_Error,,7.220706,,,,,,0.0,,Score,Fidelity,7.220706,Generators/Diffusion GANs/7_CDC_diabetes_diffusion.ipynb
7. CDC diabetes dataset,TabDDPM,,,PCA_Mean_Error,,93.267141,,,,,,0.0,,Score,Fidelity,93.267141,Generators/Diffusion GANs/7_CDC_diabetes_diffusion.ipynb
7. CDC diabetes dataset,ForestDiffusion,,,Gower_Distance,,0.73907,,,,,,0.0,,Score,Fidelity,0.73907,Generators/Diffusion GANs/7_CDC_diabetes_diffusion.ipynb
7. CDC diabetes dataset,TabDDPM,,,Gower_Distance,,0.62126,,,,,,0.0,,Score,Fidelity,0.62126,Generators/Diffusion GANs/7_CDC_diabetes_diffusion.ipynb
7. CDC diabetes dataset,WGAN_GP,,,KS_Complement,,0.848,,,,,,0.0,,Score,Fidelity,0.848,Generators/Other GANS/7_CDC_diabetes_other_GAN.ipynb
7. CDC diabetes dataset,CTABGAN,,,KS_Complement,,0.7603,,,,,,0.0,,Score,Fidelity,0.7603,Generators/Other GANS/7_CDC_diabetes_other_GAN.ipynb
8. Mushroom dataset,CTGAN,,,Cosine_Similarity,,0.028863,,,,,,0.0,,Score,Fidelity,0.028863,Generators/SDV models/8. Mushroom.ipynb
8. Mushroom dataset,TVAE,,,Cosine_Similarity,,0.038429,,,,,,0.0,,Score,Fidelity,0.038429,Generators/SDV models/8. Mushroom.ipynb
8. Mushroom dataset,TVAE,,,MMD,,0.027479,,,,,,0.0,,Score,Fidelity,0.027479,Generators/SDV models/8. Mushroom.ipynb
8. Mushroom dataset,CopulaGAN,,,MMD,,0.006614,,,,,,0.0,,Score,Fidelity,0.006614,Generators/SDV models/8. Mushroom.ipynb
8. Mushroom dataset,CTGAN,,,MMD,,0.004656,,,,,,0.0,,Score,Fidelity,0.004656,Generators/SDV models/8. Mushroom.ipynb
8. Mushroom dataset,GaussianCopula,,,MMD,,0.002653,,,,,,0.0,,Score,Fidelity,0.002653,Generators/SDV models/8. Mushroom.ipynb
8. Mushroom dataset,GaussianCopula,,,Gower_Distance,,0.345135,,,,,,0.0,,Score,Fidelity,0.345135,Generators/SDV models/8. Mushroom.ipynb
8. Mushroom dataset,TVAE,,,Gower_Distance,,0.357493,,,,,,0.0,,Score,Fidelity,0.357493,Generators/SDV models/8. Mushroom.ipynb
8. Mushroom dataset,CopulaGAN,,,Gower_Distance,,0.33632,,,,,,0.0,,Score,Fidelity,0.33632,Generators/SDV models/8. Mushroom.ipynb
8. Mushroom dataset,CTGAN,,,Gower_Distance,,0.338231,,,,,,0.0,,Score,Fidelity,0.338231,Generators/SDV models/8. Mushroom.ipynb
8. Mushroom dataset,TVAE,,,Wasserstein_Distance,,0.02159,,,,,,0.0,,Score,Fidelity,0.02159,Generators/SDV models/8. Mushroom.ipynb
8. Mushroom dataset,GaussianCopula,,,Wasserstein_Distance,,0.010206,,,,,,0.0,,Score,Fidelity,0.010206,Generators/SDV models/8. Mushroom.ipynb
8. Mushroom dataset,CTGAN,,,Wasserstein_Distance,,0.010058,,,,,,0.0,,Score,Fidelity,0.010058,Generators/SDV models/8. Mushroom.ipynb
8. Mushroom dataset,CopulaGAN,,,Wasserstein_Distance,,0.009572,,,,,,0.0,,Score,Fidelity,0.009572,Generators/SDV models/8. Mushroom.ipynb
8. Mushroom dataset,CopulaGAN,,,KS_Complement,,0.9233,,,,,,0.0,,Score,Fidelity,0.9233,Generators/SDV models/8. Mushroom.ipynb
8. Mushroom dataset,CTGAN,,,KS_Complement,,0.9179,,,,,,0.0,,Score,Fidelity,0.9179,Generators/SDV models/8. Mushroom.ipynb
8. Mushroom dataset,TVAE,,,MMD_Multivariate,,0.024753,,,,,,0.0,,Score,Fidelity,0.024753,Generators/SDV models/8. Mushroom.ipynb
8. Mushroom dataset,CopulaGAN,,,MMD_Multivariate,,0.006553,,,,,,0.0,,Score,Fidelity,0.006553,Generators/SDV models/8. Mushroom.ipynb
8. Mushroom dataset,CTGAN,,,MMD_Multivariate,,0.004699,,,,,,0.0,,Score,Fidelity,0.004699,Generators/SDV models/8. Mushroom.ipynb
8. Mushroom dataset,GaussianCopula,,,MMD_Multivariate,,0.002145,,,,,,0.0,,Score,Fidelity,0.002145,Generators/SDV models/8. Mushroom.ipynb
8. Mushroom dataset,GaussianCopula,,,PCA_Correlation_Diff,,0.089522,,,,,,0.0,,Score,Fidelity,0.089522,Generators/SDV models/8. Mushroom.ipynb
8. Mushroom dataset,TVAE,,,PCA_Correlation_Diff,,0.157087,,,,,,0.0,,Score,Fidelity,0.157087,Generators/SDV models/8. Mushroom.ipynb
8. Mushroom dataset,CopulaGAN,,,PCA_Correlation_Diff,,0.36268,,,,,,0.0,,Score,Fidelity,0.36268,Generators/SDV models/8. Mushroom.ipynb
8. Mushroom dataset,CTGAN,,,PCA_Correlation_Diff,,0.327562,,,,,,0.0,,Score,Fidelity,0.327562,Generators/SDV models/8. Mushroom.ipynb
8. Mushroom dataset,GaussianCopula,,,PCA_Mean_Error,,1.3367,,,,,,0.0,,Score,Fidelity,1.3367,Generators/SDV models/8. Mushroom.ipynb
8. Mushroom dataset,TVAE,,,PCA_Mean_Error,,3.943863,,,,,,0.0,,Score,Fidelity,3.943863,Generators/SDV models/8. Mushroom.ipynb
8. Mushroom dataset,CopulaGAN,,,PCA_Mean_Error,,5.29511,,,,,,0.0,,Score,Fidelity,5.29511,Generators/SDV models/8. Mushroom.ipynb
8. Mushroom dataset,CTGAN,,,PCA_Mean_Error,,3.741476,,,,,,0.0,,Score,Fidelity,3.741476,Generators/SDV models/8. Mushroom.ipynb
8. Mushroom dataset,CopulaGAN,,,Cosine_Similarity,,0.014609,,,,,,0.0,,Score,Fidelity,0.014609,Generators/SDV models/8. Mushroom.ipynb
8. Mushroom dataset,GaussianCopula,,,Cosine_Similarity,,0.026794,,,,,,0.0,,Score,Fidelity,0.026794,Generators/SDV models/8. Mushroom.ipynb
8. Mushroom dataset,WGAN_GP,,,PCA_Mean_Error,,10.334658,,,,,,0.0,,Score,Fidelity,10.334658,Generators/Other GANS/8. Mushroom_other GAN.ipynb
8. Mushroom dataset,CTABGAN,,,PCA_Mean_Error,,21.351658,,,,,,0.0,,Score,Fidelity,21.351658,Generators/Other GANS/8. Mushroom_other GAN.ipynb
8. Mushroom dataset,WGAN_GP,,,Cosine_Similarity,,-0.005969,,,,,,0.0,,Score,Fidelity,-0.005969,Generators/Other GANS/8. Mushroom_other GAN.ipynb
8. Mushroom dataset,CTABGAN,,,Cosine_Similarity,,0.000778,,,,,,0.0,,Score,Fidelity,0.000778,Generators/Other GANS/8. Mushroom_other GAN.ipynb
8. Mushroom dataset,WGAN_GP,,,MMD,,0.235867,,,,,,0.0,,Score,Fidelity,0.235867,Generators/Other GANS/8. Mushroom_other GAN.ipynb
8. Mushroom dataset,CTABGAN,,,MMD,,0.005531,,,,,,0.0,,Score,Fidelity,0.005531,Generators/Other GANS/8. Mushroom_other GAN.ipynb
8. Mushroom dataset,WGAN_GP,,,Gower_Distance,,0.29057,,,,,,0.0,,Score,Fidelity,0.29057,Generators/Other GANS/8. Mushroom_other GAN.ipynb
8. Mushroom dataset,CTABGAN,,,Gower_Distance,,0.338105,,,,,,0.0,,Score,Fidelity,0.338105,Generators/Other GANS/8. Mushroom_other GAN.ipynb
8. Mushroom dataset,WGAN_GP,,,Wasserstein_Distance,,0.08401,,,,,,0.0,,Score,Fidelity,0.08401,Generators/Other GANS/8. Mushroom_other GAN.ipynb
8. Mushroom dataset,CTABGAN,,,Wasserstein_Distance,,0.013457,,,,,,0.0,,Score,Fidelity,0.013457,Generators/Other GANS/8. Mushroom_other GAN.ipynb
8. Mushroom dataset,GaussianCopula,,,KS_Complement,,0.984,,,,,,0.0,,Score,Fidelity,0.984,Generators/SDV models/8. Mushroom.ipynb
8. Mushroom dataset,TVAE,,,KS_Complement,,0.922,,,,,,0.0,,Score,Fidelity,0.922,Generators/SDV models/8. Mushroom.ipynb
8. Mushroom dataset,TabDDPM,,,Cosine_Similarity,,-0.010754,,,,,,0.0,,Score,Fidelity,-0.010754,Generators/Diffusion GANs/8. Mushroom_diffusion.ipynb
8. Mushroom dataset,ForestDiffusion,,,Cosine_Similarity,,-0.006439,,,,,,0.0,,Score,Fidelity,-0.006439,Generators/Diffusion GANs/8. Mushroom_diffusion.ipynb
8. Mushroom dataset,TabDDPM,,,MMD,,0.408414,,,,,,0.0,,Score,Fidelity,0.408414,Generators/Diffusion GANs/8. Mushroom_diffusion.ipynb
8. Mushroom dataset,ForestDiffusion,,,MMD,,0.223162,,,,,,0.0,,Score,Fidelity,0.223162,Generators/Diffusion GANs/8. Mushroom_diffusion.ipynb
8. Mushroom dataset,ForestDiffusion,,,Gower_Distance,,0.345428,,,,,,0.0,,Score,Fidelity,0.345428,Generators/Diffusion GANs/8. Mushroom_diffusion.ipynb
8. Mushroom dataset,TabDDPM,,,Gower_Distance,,0.174698,,,,,,0.0,,Score,Fidelity,0.174698,Generators/Diffusion GANs/8. Mushroom_diffusion.ipynb
8. Mushroom dataset,TabDDPM,,,Wasserstein_Distance,,0.195305,,,,,,0.0,,Score,Fidelity,0.195305,Generators/Diffusion GANs/8. Mushroom_diffusion.ipynb
8. Mushroom dataset,ForestDiffusion,,,Wasserstein_Distance,,0.128891,,,,,,0.0,,Score,Fidelity,0.128891,Generators/Diffusion GANs/8. Mushroom_diffusion.ipynb
8. Mushroom dataset,WGAN_GP,,,KS_Complement,,0.6004999999999999,,,,,,0.0,,Score,Fidelity,0.6004999999999999,Generators/Other GANS/8. Mushroom_other GAN.ipynb
8. Mushroom dataset,CTABGAN,,,KS_Complement,,0.9218,,,,,,0.0,,Score,Fidelity,0.9218,Generators/Other GANS/8. Mushroom_other GAN.ipynb
8. Mushroom dataset,CTABGAN,,,MMD_Multivariate,,0.064502,,,,,,0.0,,Score,Fidelity,0.064502,Generators/Other GANS/8. Mushroom_other GAN.ipynb
8. Mushroom dataset,WGAN_GP,,,MMD_Multivariate,,0.027574,,,,,,0.0,,Score,Fidelity,0.027574,Generators/Other GANS/8. Mushroom_other GAN.ipynb
8. Mushroom dataset,WGAN_GP,,,PCA_Correlation_Diff,,0.165821,,,,,,0.0,,Score,Fidelity,0.165821,Generators/Other GANS/8. Mushroom_other GAN.ipynb
8. Mushroom dataset,CTABGAN,,,PCA_Correlation_Diff,,0.754972,,,,,,0.0,,Score,Fidelity,0.754972,Generators/Other GANS/8. Mushroom_other GAN.ipynb
9. MAGIC Gamma Telescope,CopulaGAN,,,Gower_Distance,,0.847494,,,,,,0.0,,Score,Fidelity,0.847494,Generators/SDV models/9. MAGIC Gamma Telescope.ipynb
9. MAGIC Gamma Telescope,CTGAN,,,Gower_Distance,,0.853544,,,,,,0.0,,Score,Fidelity,0.853544,Generators/SDV models/9. MAGIC Gamma Telescope.ipynb
9. MAGIC Gamma Telescope,CopulaGAN,,,Wasserstein_Distance,,0.034697,,,,,,0.0,,Score,Fidelity,0.034697,Generators/SDV models/9. MAGIC Gamma Telescope.ipynb
9. MAGIC Gamma Telescope,CTGAN,,,Wasserstein_Distance,,0.030447,,,,,,0.0,,Score,Fidelity,0.030447,Generators/SDV models/9. MAGIC Gamma Telescope.ipynb
9. MAGIC Gamma Telescope,GaussianCopula,,,Wasserstein_Distance,,0.020501,,,,,,0.0,,Score,Fidelity,0.020501,Generators/SDV models/9. MAGIC Gamma Telescope.ipynb
9. MAGIC Gamma Telescope,TVAE,,,Wasserstein_Distance,,0.019745,,,,,,0.0,,Score,Fidelity,0.019745,Generators/SDV models/9. MAGIC Gamma Telescope.ipynb
8. Mushroom dataset,ForestDiffusion,,,KS_Complement,,0.574,,,,,,0.0,,Score,Fidelity,0.574,Generators/Diffusion GANs/8. Mushroom_diffusion.ipynb
8. Mushroom dataset,TabDDPM,,,KS_Complement,,0.4528,,,,,,0.0,,Score,Fidelity,0.4528,Generators/Diffusion GANs/8. Mushroom_diffusion.ipynb
8. Mushroom dataset,TabDDPM,,,MMD_Multivariate,,0.326503,,,,,,0.0,,Score,Fidelity,0.326503,Generators/Diffusion GANs/8. Mushroom_diffusion.ipynb
8. Mushroom dataset,ForestDiffusion,,,MMD_Multivariate,,0.035106,,,,,,0.0,,Score,Fidelity,0.035106,Generators/Diffusion GANs/8. Mushroom_diffusion.ipynb
8. Mushroom dataset,ForestDiffusion,,,PCA_Correlation_Diff,,0.050646,,,,,,0.0,,Score,Fidelity,0.050646,Generators/Diffusion GANs/8. Mushroom_diffusion.ipynb
8. Mushroom dataset,TabDDPM,,,PCA_Correlation_Diff,,0.610188,,,,,,0.0,,Score,Fidelity,0.610188,Generators/Diffusion GANs/8. Mushroom_diffusion.ipynb
8. Mushroom dataset,ForestDiffusion,,,PCA_Mean_Error,,9.037819,,,,,,0.0,,Score,Fidelity,9.037819,Generators/Diffusion GANs/8. Mushroom_diffusion.ipynb
8. Mushroom dataset,TabDDPM,,,PCA_Mean_Error,,184.402845,,,,,,0.0,,Score,Fidelity,184.402845,Generators/Diffusion GANs/8. Mushroom_diffusion.ipynb
9. MAGIC Gamma Telescope,CopulaGAN,,,PCA_Correlation_Diff,,0.789704,,,,,,0.0,,Score,Fidelity,0.789704,Generators/SDV models/9. MAGIC Gamma Telescope.ipynb
9. MAGIC Gamma Telescope,CTGAN,,,PCA_Correlation_Diff,,0.320199,,,,,,0.0,,Score,Fidelity,0.320199,Generators/SDV models/9. MAGIC Gamma Telescope.ipynb
9. MAGIC Gamma Telescope,GaussianCopula,,,PCA_Mean_Error,,38.653274,,,,,,0.0,,Score,Fidelity,38.653274,Generators/SDV models/9. MAGIC Gamma Telescope.ipynb
9. MAGIC Gamma Telescope,TVAE,,,PCA_Mean_Error,,24.578524,,,,,,0.0,,Score,Fidelity,24.578524,Generators/SDV models/9. MAGIC Gamma Telescope.ipynb
9. MAGIC Gamma Telescope,CopulaGAN,,,PCA_Mean_Error,,228.106995,,,,,,0.0,,Score,Fidelity,228.106995,Generators/SDV models/9. MAGIC Gamma Telescope.ipynb
9. MAGIC Gamma Telescope,CTGAN,,,PCA_Mean_Error,,368.927512,,,,,,0.0,,Score,Fidelity,368.927512,Generators/SDV models/9. MAGIC Gamma Telescope.ipynb
9. MAGIC Gamma Telescope,GaussianCopula,,,Cosine_Similarity,,0.004072,,,,,,0.0,,Score,Fidelity,0.004072,Generators/SDV models/9. MAGIC Gamma Telescope.ipynb
9. MAGIC Gamma Telescope,CopulaGAN,,,Cosine_Similarity,,0.017636,,,,,,0.0,,Score,Fidelity,0.017636,Generators/SDV models/9. MAGIC Gamma Telescope.ipynb
9. MAGIC Gamma Telescope,CTGAN,,,Cosine_Similarity,,0.028233,,,,,,0.0,,Score,Fidelity,0.028233,Generators/SDV models/9. MAGIC Gamma Telescope.ipynb
9. MAGIC Gamma Telescope,TVAE,,,Cosine_Similarity,,0.033048,,,,,,0.0,,Score,Fidelity,0.033048,Generators/SDV models/9. MAGIC Gamma Telescope.ipynb
9. MAGIC Gamma Telescope,GaussianCopula,,,MMD,,0.017409,,,,,,0.0,,Score,Fidelity,0.017409,Generators/SDV models/9. MAGIC Gamma Telescope.ipynb
9. MAGIC Gamma Telescope,CopulaGAN,,,MMD,,0.011489,,,,,,0.0,,Score,Fidelity,0.011489,Generators/SDV models/9. MAGIC Gamma Telescope.ipynb
9. MAGIC Gamma Telescope,CTGAN,,,MMD,,0.009227,,,,,,0.0,,Score,Fidelity,0.009227,Generators/SDV models/9. MAGIC Gamma Telescope.ipynb
9. MAGIC Gamma Telescope,TVAE,,,MMD,,0.006045,,,,,,0.0,,Score,Fidelity,0.006045,Generators/SDV models/9. MAGIC Gamma Telescope.ipynb
9. MAGIC Gamma Telescope,GaussianCopula,,,Gower_Distance,,0.846668,,,,,,0.0,,Score,Fidelity,0.846668,Generators/SDV models/9. MAGIC Gamma Telescope.ipynb
9. MAGIC Gamma Telescope,TVAE,,,Gower_Distance,,0.864338,,,,,,0.0,,Score,Fidelity,0.864338,Generators/SDV models/9. MAGIC Gamma Telescope.ipynb
9. MAGIC Gamma Telescope,CTABGAN,,,Wasserstein_Distance,,0.014038,,,,,,0.0,,Score,Fidelity,0.014038,Generators/Other GANS/9. MAGIC Gamma Telescope_other GAN.ipynb
9. MAGIC Gamma Telescope,WGAN_GP,,,Wasserstein_Distance,,0.010481,,,,,,0.0,,Score,Fidelity,0.010481,Generators/Other GANS/9. MAGIC Gamma Telescope_other GAN.ipynb
9. MAGIC Gamma Telescope,GaussianCopula,,,KS_Complement,,0.91,,,,,,0.0,,Score,Fidelity,0.91,Generators/SDV models/9. MAGIC Gamma Telescope.ipynb
9. MAGIC Gamma Telescope,TVAE,,,KS_Complement,,0.922,,,,,,0.0,,Score,Fidelity,0.922,Generators/SDV models/9. MAGIC Gamma Telescope.ipynb
9. MAGIC Gamma Telescope,CopulaGAN,,,KS_Complement,,0.9039,,,,,,0.0,,Score,Fidelity,0.9039,Generators/SDV models/9. MAGIC Gamma Telescope.ipynb
9. MAGIC Gamma Telescope,CTGAN,,,KS_Complement,,0.8917,,,,,,0.0,,Score,Fidelity,0.8917,Generators/SDV models/9. MAGIC Gamma Telescope.ipynb
9. MAGIC Gamma Telescope,GaussianCopula,,,MMD_Multivariate,,0.0244,,,,,,0.0,,Score,Fidelity,0.0244,Generators/SDV models/9. MAGIC Gamma Telescope.ipynb
9. MAGIC Gamma Telescope,CopulaGAN,,,MMD_Multivariate,,0.012128,,,,,,0.0,,Score,Fidelity,0.012128,Generators/SDV models/9. MAGIC Gamma Telescope.ipynb
9. MAGIC Gamma Telescope,CTGAN,,,MMD_Multivariate,,0.009336,,,,,,0.0,,Score,Fidelity,0.009336,Generators/SDV models/9. MAGIC Gamma Telescope.ipynb
9. MAGIC Gamma Telescope,TVAE,,,MMD_Multivariate,,0.005462,,,,,,0.0,,Score,Fidelity,0.005462,Generators/SDV models/9. MAGIC Gamma Telescope.ipynb
9. MAGIC Gamma Telescope,GaussianCopula,,,PCA_Correlation_Diff,,0.117564,,,,,,0.0,,Score,Fidelity,0.117564,Generators/SDV models/9. MAGIC Gamma Telescope.ipynb
9. MAGIC Gamma Telescope,TVAE,,,PCA_Correlation_Diff,,0.315617,,,,,,0.0,,Score,Fidelity,0.315617,Generators/SDV models/9. MAGIC Gamma Telescope.ipynb
12. Air Quality,CTGAN,,,Cosine_Similarity,,0.00592,,,,,,0.0,,Score,Fidelity,0.00592,Generators/SDV models/12. Air Quality.ipynb
12. Air Quality,TVAE,,,Cosine_Similarity,,0.007304,,,,,,0.0,,Score,Fidelity,0.007304,Generators/SDV models/12. Air Quality.ipynb
12. Air Quality,CopulaGAN,,,MMD,,0.145107,,,,,,0.0,,Score,Fidelity,0.145107,Generators/SDV models/12. Air Quality.ipynb
12. Air Quality,CTGAN,,,MMD,,0.043816,,,,,,0.0,,Score,Fidelity,0.043816,Generators/SDV models/12. Air Quality.ipynb
12. Air Quality,TVAE,,,MMD,,0.004921,,,,,,0.0,,Score,Fidelity,0.004921,Generators/SDV models/12. Air Quality.ipynb
12. Air Quality,GaussianCopula,,,MMD,,0.001076,,,,,,0.0,,Score,Fidelity,0.001076,Generators/SDV models/12. Air Quality.ipynb
12. Air Quality,GaussianCopula,,,Gower_Distance,,0.82247,,,,,,0.0,,Score,Fidelity,0.82247,Generators/SDV models/12. Air Quality.ipynb
12. Air Quality,TVAE,,,Gower_Distance,,0.816653,,,,,,0.0,,Score,Fidelity,0.816653,Generators/SDV models/12. Air Quality.ipynb
12. Air Quality,CopulaGAN,,,Gower_Distance,,0.784604,,,,,,0.0,,Score,Fidelity,0.784604,Generators/SDV models/12. Air Quality.ipynb
12. Air Quality,CTGAN,,,Gower_Distance,,0.804398,,,,,,0.0,,Score,Fidelity,0.804398,Generators/SDV models/12. Air Quality.ipynb
12. Air Quality,CopulaGAN,,,Wasserstein_Distance,,0.101425,,,,,,0.0,,Score,Fidelity,0.101425,Generators/SDV models/12. Air Quality.ipynb
12. Air Quality,CTGAN,,,Wasserstein_Distance,,0.051268,,,,,,0.0,,Score,Fidelity,0.051268,Generators/SDV models/12. Air Quality.ipynb
12. Air Quality,TVAE,,,Wasserstein_Distance,,0.023581,,,,,,0.0,,Score,Fidelity,0.023581,Generators/SDV models/12. Air Quality.ipynb
12. Air Quality,GaussianCopula,,,Wasserstein_Distance,,0.014048,,,,,,0.0,,Score,Fidelity,0.014048,Generators/SDV models/12. Air Quality.ipynb
9. MAGIC Gamma Telescope,WGAN_GP,,,KS_Complement,,0.9494,,,,,,0.0,,Score,Fidelity,0.9494,Generators/Other GANS/9. MAGIC Gamma Telescope_other GAN.ipynb
9. MAGIC Gamma Telescope,CTABGAN,,,KS_Complement,,0.9397,,,,,,0.0,,Score,Fidelity,0.9397,Generators/Other GANS/9. MAGIC Gamma Telescope_other GAN.ipynb
9. MAGIC Gamma Telescope,CTABGAN,,,MMD_Multivariate,,0.003713,,,,,,0.0,,Score,Fidelity,0.003713,Generators/Other GANS/9. MAGIC Gamma Telescope_other GAN.ipynb
9. MAGIC Gamma Telescope,WGAN_GP,,,MMD_Multivariate,,0.00077,,,,,,0.0,,Score,Fidelity,0.00077,Generators/Other GANS/9. MAGIC Gamma Telescope_other GAN.ipynb
9. MAGIC Gamma Telescope,WGAN_GP,,,PCA_Correlation_Diff,,0.178784,,,,,,0.0,,Score,Fidelity,0.178784,Generators/Other GANS/9. MAGIC Gamma Telescope_other GAN.ipynb
9. MAGIC Gamma Telescope,CTABGAN,,,PCA_Correlation_Diff,,0.162828,,,,,,0.0,,Score,Fidelity,0.162828,Generators/Other GANS/9. MAGIC Gamma Telescope_other GAN.ipynb
9. MAGIC Gamma Telescope,WGAN_GP,,,PCA_Mean_Error,,20.054725,,,,,,0.0,,Score,Fidelity,20.054725,Generators/Other GANS/9. MAGIC Gamma Telescope_other GAN.ipynb
9. MAGIC Gamma Telescope,CTABGAN,,,PCA_Mean_Error,,51.820437,,,,,,0.0,,Score,Fidelity,51.820437,Generators/Other GANS/9. MAGIC Gamma Telescope_other GAN.ipynb
9. MAGIC Gamma Telescope,CTABGAN,,,Cosine_Similarity,,0.013872,,,,,,0.0,,Score,Fidelity,0.013872,Generators/Other GANS/9. MAGIC Gamma Telescope_other GAN.ipynb
9. MAGIC Gamma Telescope,WGAN_GP,,,Cosine_Similarity,,0.028239,,,,,,0.0,,Score,Fidelity,0.028239,Generators/Other GANS/9. MAGIC Gamma Telescope_other GAN.ipynb
9. MAGIC Gamma Telescope,CTABGAN,,,MMD,,0.003609,,,,,,0.0,,Score,Fidelity,0.003609,Generators/Other GANS/9. MAGIC Gamma Telescope_other GAN.ipynb
9. MAGIC Gamma Telescope,WGAN_GP,,,MMD,,0.000807,,,,,,0.0,,Score,Fidelity,0.000807,Generators/Other GANS/9. MAGIC Gamma Telescope_other GAN.ipynb
9. MAGIC Gamma Telescope,WGAN_GP,,,Gower_Distance,,0.854163,,,,,,0.0,,Score,Fidelity,0.854163,Generators/Other GANS/9. MAGIC Gamma Telescope_other GAN.ipynb
9. MAGIC Gamma Telescope,CTABGAN,,,Gower_Distance,,0.83957,,,,,,0.0,,Score,Fidelity,0.83957,Generators/Other GANS/9. MAGIC Gamma Telescope_other GAN.ipynb
9. MAGIC Gamma Telescope,ForestDiffusion,,,KS_Complement,,0.8671,,,,,,0.0,,Score,Fidelity,0.8671,Generators/Diffusion GANs/9. MAGIC Gamma Telescope_diffusion.ipynb
9. MAGIC Gamma Telescope,TabDDPM,,,KS_Complement,,0.7226,,,,,,0.0,,Score,Fidelity,0.7226,Generators/Diffusion GANs/9. MAGIC Gamma Telescope_diffusion.ipynb
9. MAGIC Gamma Telescope,TabDDPM,,,MMD_Multivariate,,0.066392,,,,,,0.0,,Score,Fidelity,0.066392,Generators/Diffusion GANs/9. MAGIC Gamma Telescope_diffusion.ipynb
9. MAGIC Gamma Telescope,ForestDiffusion,,,MMD_Multivariate,,0.001326,,,,,,0.0,,Score,Fidelity,0.001326,Generators/Diffusion GANs/9. MAGIC Gamma Telescope_diffusion.ipynb
9. MAGIC Gamma Telescope,ForestDiffusion,,,PCA_Correlation_Diff,,0.188133,,,,,,0.0,,Score,Fidelity,0.188133,Generators/Diffusion GANs/9. MAGIC Gamma Telescope_diffusion.ipynb
9. MAGIC Gamma Telescope,TabDDPM,,,PCA_Correlation_Diff,,0.649311,,,,,,0.0,,Score,Fidelity,0.649311,Generators/Diffusion GANs/9. MAGIC Gamma Telescope_diffusion.ipynb
9. MAGIC Gamma Telescope,ForestDiffusion,,,PCA_Mean_Error,,15.62709,,,,,,0.0,,Score,Fidelity,15.62709,Generators/Diffusion GANs/9. MAGIC Gamma Telescope_diffusion.ipynb
9. MAGIC Gamma Telescope,TabDDPM,,,PCA_Mean_Error,,283.921016,,,,,,0.0,,Score,Fidelity,283.921016,Generators/Diffusion GANs/9. MAGIC Gamma Telescope_diffusion.ipynb
9. MAGIC Gamma Telescope,TabDDPM,,,Cosine_Similarity,,-0.002602,,,,,,0.0,,Score,Fidelity,-0.002602,Generators/Diffusion GANs/9. MAGIC Gamma Telescope_diffusion.ipynb
9. MAGIC Gamma Telescope,ForestDiffusion,,,Cosine_Similarity,,0.025724,,,,,,0.0,,Score,Fidelity,0.025724,Generators/Diffusion GANs/9. MAGIC Gamma Telescope_diffusion.ipynb
9. MAGIC Gamma Telescope,TabDDPM,,,MMD,,0.073068,,,,,,0.0,,Score,Fidelity,0.073068,Generators/Diffusion GANs/9. MAGIC Gamma Telescope_diffusion.ipynb
9. MAGIC Gamma Telescope,ForestDiffusion,,,MMD,,0.001385,,,,,,0.0,,Score,Fidelity,0.001385,Generators/Diffusion GANs/9. MAGIC Gamma Telescope_diffusion.ipynb
9. MAGIC Gamma Telescope,ForestDiffusion,,,Gower_Distance,,0.842496,,,,,,0.0,,Score,Fidelity,0.842496,Generators/Diffusion GANs/9. MAGIC Gamma Telescope_diffusion.ipynb
9. MAGIC Gamma Telescope,TabDDPM,,,Gower_Distance,,0.741751,,,,,,0.0,,Score,Fidelity,0.741751,Generators/Diffusion GANs/9. MAGIC Gamma Telescope_diffusion.ipynb
9. MAGIC Gamma Telescope,TabDDPM,,,Wasserstein_Distance,,0.11887,,,,,,0.0,,Score,Fidelity,0.11887,Generators/Diffusion GANs/9. MAGIC Gamma Telescope_diffusion.ipynb
9. MAGIC Gamma Telescope,ForestDiffusion,,,Wasserstein_Distance,,0.01135,,,,,,0.0,,Score,Fidelity,0.01135,Generators/Diffusion GANs/9. MAGIC Gamma Telescope_diffusion.ipynb
10. Metro interstate,TVAE,,,Cosine_Similarity,,0.009913,,,,,,0.0,,Score,Fidelity,0.009913,Generators/SDV models/10. Metro Interstate Traffic Volume.ipynb
10. Metro interstate,CTGAN,,,Cosine_Similarity,,0.016607,,,,,,0.0,,Score,Fidelity,0.016607,Generators/SDV models/10. Metro Interstate Traffic Volume.ipynb
10. Metro interstate,GaussianCopula,,,MMD,,1.123683,,,,,,0.0,,Score,Fidelity,1.123683,Generators/SDV models/10. Metro Interstate Traffic Volume.ipynb
10. Metro interstate,CopulaGAN,,,MMD,,0.018567,,,,,,0.0,,Score,Fidelity,0.018567,Generators/SDV models/10. Metro Interstate Traffic Volume.ipynb
10. Metro interstate,CTGAN,,,MMD,,0.009663,,,,,,0.0,,Score,Fidelity,0.009663,Generators/SDV models/10. Metro Interstate Traffic Volume.ipynb
10. Metro interstate,TVAE,,,MMD,,0.001842,,,,,,0.0,,Score,Fidelity,0.001842,Generators/SDV models/10. Metro Interstate Traffic Volume.ipynb
10. Metro interstate,GaussianCopula,,,Gower_Distance,,0.570833,,,,,,0.0,,Score,Fidelity,0.570833,Generators/SDV models/10. Metro Interstate Traffic Volume.ipynb
10. Metro interstate,TVAE,,,Gower_Distance,,0.689928,,,,,,0.0,,Score,Fidelity,0.689928,Generators/SDV models/10. Metro Interstate Traffic Volume.ipynb
10. Metro interstate,CopulaGAN,,,Gower_Distance,,0.665781,,,,,,0.0,,Score,Fidelity,0.665781,Generators/SDV models/10. Metro Interstate Traffic Volume.ipynb
10. Metro interstate,CTGAN,,,Gower_Distance,,0.665849,,,,,,0.0,,Score,Fidelity,0.665849,Generators/SDV models/10. Metro Interstate Traffic Volume.ipynb
10. Metro interstate,GaussianCopula,,,Wasserstein_Distance,,0.237024,,,,,,0.0,,Score,Fidelity,0.237024,Generators/SDV models/10. Metro Interstate Traffic Volume.ipynb
10. Metro interstate,CTGAN,,,Wasserstein_Distance,,0.0303,,,,,,0.0,,Score,Fidelity,0.0303,Generators/SDV models/10. Metro Interstate Traffic Volume.ipynb
10. Metro interstate,CopulaGAN,,,Wasserstein_Distance,,0.028848,,,,,,0.0,,Score,Fidelity,0.028848,Generators/SDV models/10. Metro Interstate Traffic Volume.ipynb
10. Metro interstate,TVAE,,,Wasserstein_Distance,,0.009702,,,,,,0.0,,Score,Fidelity,0.009702,Generators/SDV models/10. Metro Interstate Traffic Volume.ipynb
9. MAGIC Gamma Telescope,ForestDiffusion,,,JS_Divergence,,0.0186817,,,,,,0.0,,Score,Fidelity,0.0186817,Generators/Diffusion GANs/9. MAGIC Gamma Telescope_diffusion.ipynb
10. Metro interstate,CopulaGAN,,,KS_Complement,,0.7624,,,,,,0.0,,Score,Fidelity,0.7624,Generators/SDV models/10. Metro Interstate Traffic Volume.ipynb
10. Metro interstate,CTGAN,,,KS_Complement,,0.8336,,,,,,0.0,,Score,Fidelity,0.8336,Generators/SDV models/10. Metro Interstate Traffic Volume.ipynb
10. Metro interstate,GaussianCopula,,,MMD_Multivariate,,1.112865,,,,,,0.0,,Score,Fidelity,1.112865,Generators/SDV models/10. Metro Interstate Traffic Volume.ipynb
10. Metro interstate,CopulaGAN,,,MMD_Multivariate,,0.0197,,,,,,0.0,,Score,Fidelity,0.0197,Generators/SDV models/10. Metro Interstate Traffic Volume.ipynb
10. Metro interstate,CTGAN,,,MMD_Multivariate,,0.010768,,,,,,0.0,,Score,Fidelity,0.010768,Generators/SDV models/10. Metro Interstate Traffic Volume.ipynb
10. Metro interstate,TVAE,,,MMD_Multivariate,,0.001242,,,,,,0.0,,Score,Fidelity,0.001242,Generators/SDV models/10. Metro Interstate Traffic Volume.ipynb
10. Metro interstate,GaussianCopula,,,PCA_Correlation_Diff,,0.060328,,,,,,0.0,,Score,Fidelity,0.060328,Generators/SDV models/10. Metro Interstate Traffic Volume.ipynb
10. Metro interstate,TVAE,,,PCA_Correlation_Diff,,0.031271,,,,,,0.0,,Score,Fidelity,0.031271,Generators/SDV models/10. Metro Interstate Traffic Volume.ipynb
10. Metro interstate,CopulaGAN,,,PCA_Correlation_Diff,,0.086332,,,,,,0.0,,Score,Fidelity,0.086332,Generators/SDV models/10. Metro Interstate Traffic Volume.ipynb
10. Metro interstate,CTGAN,,,PCA_Correlation_Diff,,0.093407,,,,,,0.0,,Score,Fidelity,0.093407,Generators/SDV models/10. Metro Interstate Traffic Volume.ipynb
10. Metro interstate,GaussianCopula,,,PCA_Mean_Error,,18489.511373,,,,,,0.0,,Score,Fidelity,18489.511373,Generators/SDV models/10. Metro Interstate Traffic Volume.ipynb
10. Metro interstate,TVAE,,,PCA_Mean_Error,,47.241577,,,,,,0.0,,Score,Fidelity,47.241577,Generators/SDV models/10. Metro Interstate Traffic Volume.ipynb
10. Metro interstate,CopulaGAN,,,PCA_Mean_Error,,81.279423,,,,,,0.0,,Score,Fidelity,81.279423,Generators/SDV models/10. Metro Interstate Traffic Volume.ipynb
10. Metro interstate,CTGAN,,,PCA_Mean_Error,,40.048378,,,,,,0.0,,Score,Fidelity,40.048378,Generators/SDV models/10. Metro Interstate Traffic Volume.ipynb
10. Metro interstate,GaussianCopula,,,Cosine_Similarity,,-0.037933,,,,,,0.0,,Score,Fidelity,-0.037933,Generators/SDV models/10. Metro Interstate Traffic Volume.ipynb
10. Metro interstate,CopulaGAN,,,Cosine_Similarity,,0.006086,,,,,,0.0,,Score,Fidelity,0.006086,Generators/SDV models/10. Metro Interstate Traffic Volume.ipynb
10. Metro interstate,WGAN_GP,,,PCA_Mean_Error,,23.21184,,,,,,0.0,,Score,Fidelity,23.21184,Generators/Other GANS/10. Metro Interstate_other GAN.ipynb
10. Metro interstate,CTABGAN,,,PCA_Mean_Error,,10.002244,,,,,,0.0,,Score,Fidelity,10.002244,Generators/Other GANS/10. Metro Interstate_other GAN.ipynb
10. Metro interstate,CTABGAN,,,Cosine_Similarity,,0.000365,,,,,,0.0,,Score,Fidelity,0.000365,Generators/Other GANS/10. Metro Interstate_other GAN.ipynb
10. Metro interstate,WGAN_GP,,,Cosine_Similarity,,0.003326,,,,,,0.0,,Score,Fidelity,0.003326,Generators/Other GANS/10. Metro Interstate_other GAN.ipynb
10. Metro interstate,CTABGAN,,,MMD,,0.010479,,,,,,0.0,,Score,Fidelity,0.010479,Generators/Other GANS/10. Metro Interstate_other GAN.ipynb
10. Metro interstate,WGAN_GP,,,MMD,,0.00211,,,,,,0.0,,Score,Fidelity,0.00211,Generators/Other GANS/10. Metro Interstate_other GAN.ipynb
10. Metro interstate,WGAN_GP,,,Gower_Distance,,0.657231,,,,,,0.0,,Score,Fidelity,0.657231,Generators/Other GANS/10. Metro Interstate_other GAN.ipynb
10. Metro interstate,CTABGAN,,,Gower_Distance,,0.575214,,,,,,0.0,,Score,Fidelity,0.575214,Generators/Other GANS/10. Metro Interstate_other GAN.ipynb
10. Metro interstate,WGAN_GP,,,Wasserstein_Distance,,0.050029,,,,,,0.0,,Score,Fidelity,0.050029,Generators/Other GANS/10. Metro Interstate_other GAN.ipynb
10. Metro interstate,CTABGAN,,,Wasserstein_Distance,,0.040253,,,,,,0.0,,Score,Fidelity,0.040253,Generators/Other GANS/10. Metro Interstate_other GAN.ipynb
10. Metro interstate,GaussianCopula,,,KS_Complement,,0.7023999999999999,,,,,,0.0,,Score,Fidelity,0.7023999999999999,Generators/SDV models/10. Metro Interstate Traffic Volume.ipynb
10. Metro interstate,TVAE,,,KS_Complement,,0.9267,,,,,,0.0,,Score,Fidelity,0.9267,Generators/SDV models/10. Metro Interstate Traffic Volume.ipynb
10. Metro interstate,TabDDPM,,,Cosine_Similarity,,-0.037414,,,,,,0.0,,Score,Fidelity,-0.037414,Generators/Diffusion GANs/10. Metro Interstate_diffusion.ipynb
10. Metro interstate,ForestDiffusion,,,Cosine_Similarity,,0.00882,,,,,,0.0,,Score,Fidelity,0.00882,Generators/Diffusion GANs/10. Metro Interstate_diffusion.ipynb
10. Metro interstate,TabDDPM,,,MMD,,0.419871,,,,,,0.0,,Score,Fidelity,0.419871,Generators/Diffusion GANs/10. Metro Interstate_diffusion.ipynb
10. Metro interstate,ForestDiffusion,,,MMD,,0.004705,,,,,,0.0,,Score,Fidelity,0.004705,Generators/Diffusion GANs/10. Metro Interstate_diffusion.ipynb
10. Metro interstate,ForestDiffusion,,,Gower_Distance,,0.669023,,,,,,0.0,,Score,Fidelity,0.669023,Generators/Diffusion GANs/10. Metro Interstate_diffusion.ipynb
10. Metro interstate,TabDDPM,,,Gower_Distance,,0.4366,,,,,,0.0,,Score,Fidelity,0.4366,Generators/Diffusion GANs/10. Metro Interstate_diffusion.ipynb
10. Metro interstate,TabDDPM,,,Wasserstein_Distance,,0.274132,,,,,,0.0,,Score,Fidelity,0.274132,Generators/Diffusion GANs/10. Metro Interstate_diffusion.ipynb
10. Metro interstate,ForestDiffusion,,,Wasserstein_Distance,,0.020227,,,,,,0.0,,Score,Fidelity,0.020227,Generators/Diffusion GANs/10. Metro Interstate_diffusion.ipynb
10. Metro interstate,WGAN_GP,,,KS_Complement,,0.6805,,,,,,0.0,,Score,Fidelity,0.6805,Generators/Other GANS/10. Metro Interstate_other GAN.ipynb
10. Metro interstate,CTABGAN,,,KS_Complement,,0.7036,,,,,,0.0,,Score,Fidelity,0.7036,Generators/Other GANS/10. Metro Interstate_other GAN.ipynb
10. Metro interstate,CTABGAN,,,MMD_Multivariate,,0.009604,,,,,,0.0,,Score,Fidelity,0.009604,Generators/Other GANS/10. Metro Interstate_other GAN.ipynb
10. Metro interstate,WGAN_GP,,,MMD_Multivariate,,0.001288,,,,,,0.0,,Score,Fidelity,0.001288,Generators/Other GANS/10. Metro Interstate_other GAN.ipynb
10. Metro interstate,WGAN_GP,,,PCA_Correlation_Diff,,0.386903,,,,,,0.0,,Score,Fidelity,0.386903,Generators/Other GANS/10. Metro Interstate_other GAN.ipynb
10. Metro interstate,CTABGAN,,,PCA_Correlation_Diff,,0.24458,,,,,,0.0,,Score,Fidelity,0.24458,Generators/Other GANS/10. Metro Interstate_other GAN.ipynb
11. online shopping,CopulaGAN,,,Gower_Distance,,0.653286,,,,,,0.0,,Score,Fidelity,0.653286,Generators/SDV models/11. Online Shopping.ipynb
11. online shopping,CTGAN,,,Gower_Distance,,0.651777,,,,,,0.0,,Score,Fidelity,0.651777,Generators/SDV models/11. Online Shopping.ipynb
11. online shopping,TVAE,,,Wasserstein_Distance,,0.099596,,,,,,0.0,,Score,Fidelity,0.099596,Generators/SDV models/11. Online Shopping.ipynb
11. online shopping,CopulaGAN,,,Wasserstein_Distance,,0.035796,,,,,,0.0,,Score,Fidelity,0.035796,Generators/SDV models/11. Online Shopping.ipynb
11. online shopping,CTGAN,,,Wasserstein_Distance,,0.029616,,,,,,0.0,,Score,Fidelity,0.029616,Generators/SDV models/11. Online Shopping.ipynb
11. online shopping,GaussianCopula,,,Wasserstein_Distance,,0.022097,,,,,,0.0,,Score,Fidelity,0.022097,Generators/SDV models/11. Online Shopping.ipynb
10. Metro interstate,ForestDiffusion,,,KS_Complement,,0.7487,,,,,,0.0,,Score,Fidelity,0.7487,Generators/Diffusion GANs/10. Metro Interstate_diffusion.ipynb
10. Metro interstate,TabDDPM,,,KS_Complement,,0.5631,,,,,,0.0,,Score,Fidelity,0.5631,Generators/Diffusion GANs/10. Metro Interstate_diffusion.ipynb
10. Metro interstate,TabDDPM,,,MMD_Multivariate,,0.418946,,,,,,0.0,,Score,Fidelity,0.418946,Generators/Diffusion GANs/10. Metro Interstate_diffusion.ipynb
10. Metro interstate,ForestDiffusion,,,MMD_Multivariate,,0.003917,,,,,,0.0,,Score,Fidelity,0.003917,Generators/Diffusion GANs/10. Metro Interstate_diffusion.ipynb
10. Metro interstate,ForestDiffusion,,,PCA_Correlation_Diff,,0.054512,,,,,,0.0,,Score,Fidelity,0.054512,Generators/Diffusion GANs/10. Metro Interstate_diffusion.ipynb
10. Metro interstate,TabDDPM,,,PCA_Correlation_Diff,,0.568776,,,,,,0.0,,Score,Fidelity,0.568776,Generators/Diffusion GANs/10. Metro Interstate_diffusion.ipynb
10. Metro interstate,ForestDiffusion,,,PCA_Mean_Error,,10.219452,,,,,,0.0,,Score,Fidelity,10.219452,Generators/Diffusion GANs/10. Metro Interstate_diffusion.ipynb
10. Metro interstate,TabDDPM,,,PCA_Mean_Error,,4879.57694,,,,,,0.0,,Score,Fidelity,4879.57694,Generators/Diffusion GANs/10. Metro Interstate_diffusion.ipynb
11. online shopping,CopulaGAN,,,PCA_Correlation_Diff,,0.329411,,,,,,0.0,,Score,Fidelity,0.329411,Generators/SDV models/11. Online Shopping.ipynb
11. online shopping,CTGAN,,,PCA_Correlation_Diff,,0.33409,,,,,,0.0,,Score,Fidelity,0.33409,Generators/SDV models/11. Online Shopping.ipynb
11. online shopping,GaussianCopula,,,PCA_Mean_Error,,3.706453,,,,,,0.0,,Score,Fidelity,3.706453,Generators/SDV models/11. Online Shopping.ipynb
11. online shopping,TVAE,,,PCA_Mean_Error,,19.159839,,,,,,0.0,,Score,Fidelity,19.159839,Generators/SDV models/11. Online Shopping.ipynb
11. online shopping,CopulaGAN,,,PCA_Mean_Error,,6.679559,,,,,,0.0,,Score,Fidelity,6.679559,Generators/SDV models/11. Online Shopping.ipynb
11. online shopping,CTGAN,,,PCA_Mean_Error,,7.792363,,,,,,0.0,,Score,Fidelity,7.792363,Generators/SDV models/11. Online Shopping.ipynb
11. online shopping,GaussianCopula,,,Cosine_Similarity,,0.004029,,,,,,0.0,,Score,Fidelity,0.004029,Generators/SDV models/11. Online Shopping.ipynb
11. online shopping,CTGAN,,,Cosine_Similarity,,0.004921,,,,,,0.0,,Score,Fidelity,0.004921,Generators/SDV models/11. Online Shopping.ipynb
11. online shopping,CopulaGAN,,,Cosine_Similarity,,0.006996,,,,,,0.0,,Score,Fidelity,0.006996,Generators/SDV models/11. Online Shopping.ipynb
11. online shopping,TVAE,,,Cosine_Similarity,,0.017064,,,,,,0.0,,Score,Fidelity,0.017064,Generators/SDV models/11. Online Shopping.ipynb
11. online shopping,TVAE,,,MMD,,0.085852,,,,,,0.0,,Score,Fidelity,0.085852,Generators/SDV models/11. Online Shopping.ipynb
11. online shopping,CTGAN,,,MMD,,0.008181,,,,,,0.0,,Score,Fidelity,0.008181,Generators/SDV models/11. Online Shopping.ipynb
11. online shopping,CopulaGAN,,,MMD,,0.007746,,,,,,0.0,,Score,Fidelity,0.007746,Generators/SDV models/11. Online Shopping.ipynb
11. online shopping,GaussianCopula,,,MMD,,0.002196,,,,,,0.0,,Score,Fidelity,0.002196,Generators/SDV models/11. Online Shopping.ipynb
11. online shopping,GaussianCopula,,,Gower_Distance,,0.648611,,,,,,0.0,,Score,Fidelity,0.648611,Generators/SDV models/11. Online Shopping.ipynb
11. online shopping,TVAE,,,Gower_Distance,,0.666402,,,,,,0.0,,Score,Fidelity,0.666402,Generators/SDV models/11. Online Shopping.ipynb
11. online shopping,WGAN_GP,,,Wasserstein_Distance,,0.08708,,,,,,0.0,,Score,Fidelity,0.08708,Generators/Other GANS/11. Online shopping_other GAN.ipynb
11. online shopping,CTABGAN,,,Wasserstein_Distance,,0.03353,,,,,,0.0,,Score,Fidelity,0.03353,Generators/Other GANS/11. Online shopping_other GAN.ipynb
11. online shopping,GaussianCopula,,,KS_Complement,,0.9198,,,,,,0.0,,Score,Fidelity,0.9198,Generators/SDV models/11. Online Shopping.ipynb
11. online shopping,TVAE,,,KS_Complement,,0.7561,,,,,,0.0,,Score,Fidelity,0.7561,Generators/SDV models/11. Online Shopping.ipynb
11. online shopping,CopulaGAN,,,KS_Complement,,0.9086,,,,,,0.0,,Score,Fidelity,0.9086,Generators/SDV models/11. Online Shopping.ipynb
11. online shopping,CTGAN,,,KS_Complement,,0.9088,,,,,,0.0,,Score,Fidelity,0.9088,Generators/SDV models/11. Online Shopping.ipynb
11. online shopping,TVAE,,,MMD_Multivariate,,0.086052,,,,,,0.0,,Score,Fidelity,0.086052,Generators/SDV models/11. Online Shopping.ipynb
11. online shopping,CopulaGAN,,,MMD_Multivariate,,0.007664,,,,,,0.0,,Score,Fidelity,0.007664,Generators/SDV models/11. Online Shopping.ipynb
11. online shopping,CTGAN,,,MMD_Multivariate,,0.006853,,,,,,0.0,,Score,Fidelity,0.006853,Generators/SDV models/11. Online Shopping.ipynb
11. online shopping,GaussianCopula,,,MMD_Multivariate,,0.00234,,,,,,0.0,,Score,Fidelity,0.00234,Generators/SDV models/11. Online Shopping.ipynb
11. online shopping,GaussianCopula,,,PCA_Correlation_Diff,,0.349221,,,,,,0.0,,Score,Fidelity,0.349221,Generators/SDV models/11. Online Shopping.ipynb
11. online shopping,TVAE,,,PCA_Correlation_Diff,,0.484419,,,,,,0.0,,Score,Fidelity,0.484419,Generators/SDV models/11. Online Shopping.ipynb
11. online shopping,ForestDiffusion,,,KS_Complement,,0.4649,,,,,,0.0,,Score,Fidelity,0.4649,Generators/Diffusion GANs/11. Online shopping_diffusion.ipynb
11. online shopping,TabDDPM,,,KS_Complement,,0.4329,,,,,,0.0,,Score,Fidelity,0.4329,Generators/Diffusion GANs/11. Online shopping_diffusion.ipynb
11. online shopping,TabDDPM,,,MMD_Multivariate,,0.239814,,,,,,0.0,,Score,Fidelity,0.239814,Generators/Diffusion GANs/11. Online shopping_diffusion.ipynb
11. online shopping,ForestDiffusion,,,MMD_Multivariate,,0.012417,,,,,,0.0,,Score,Fidelity,0.012417,Generators/Diffusion GANs/11. Online shopping_diffusion.ipynb
11. online shopping,ForestDiffusion,,,PCA_Correlation_Diff,,0.182822,,,,,,0.0,,Score,Fidelity,0.182822,Generators/Diffusion GANs/11. Online shopping_diffusion.ipynb
11. online shopping,TabDDPM,,,PCA_Correlation_Diff,,0.413547,,,,,,0.0,,Score,Fidelity,0.413547,Generators/Diffusion GANs/11. Online shopping_diffusion.ipynb
11. online shopping,ForestDiffusion,,,PCA_Mean_Error,,7.56243,,,,,,0.0,,Score,Fidelity,7.56243,Generators/Diffusion GANs/11. Online shopping_diffusion.ipynb
11. online shopping,TabDDPM,,,PCA_Mean_Error,,60.697075,,,,,,0.0,,Score,Fidelity,60.697075,Generators/Diffusion GANs/11. Online shopping_diffusion.ipynb
11. online shopping,TabDDPM,,,Cosine_Similarity,,-0.027586,,,,,,0.0,,Score,Fidelity,-0.027586,Generators/Diffusion GANs/11. Online shopping_diffusion.ipynb
11. online shopping,ForestDiffusion,,,Cosine_Similarity,,0.015111,,,,,,0.0,,Score,Fidelity,0.015111,Generators/Diffusion GANs/11. Online shopping_diffusion.ipynb
11. online shopping,TabDDPM,,,MMD,,0.281929,,,,,,0.0,,Score,Fidelity,0.281929,Generators/Diffusion GANs/11. Online shopping_diffusion.ipynb
11. online shopping,ForestDiffusion,,,MMD,,0.004386,,,,,,0.0,,Score,Fidelity,0.004386,Generators/Diffusion GANs/11. Online shopping_diffusion.ipynb
11. online shopping,ForestDiffusion,,,Gower_Distance,,0.710192,,,,,,0.0,,Score,Fidelity,0.710192,Generators/Diffusion GANs/11. Online shopping_diffusion.ipynb
11. online shopping,TabDDPM,,,Gower_Distance,,0.576314,,,,,,0.0,,Score,Fidelity,0.576314,Generators/Diffusion GANs/11. Online shopping_diffusion.ipynb
11. online shopping,TabDDPM,,,Wasserstein_Distance,,0.22835,,,,,,0.0,,Score,Fidelity,0.22835,Generators/Diffusion GANs/11. Online shopping_diffusion.ipynb
11. online shopping,ForestDiffusion,,,Wasserstein_Distance,,0.049057,,,,,,0.0,,Score,Fidelity,0.049057,Generators/Diffusion GANs/11. Online shopping_diffusion.ipynb
11. online shopping,WGAN_GP,,,KS_Complement,,0.8012,,,,,,0.0,,Score,Fidelity,0.8012,Generators/Other GANS/11. Online shopping_other GAN.ipynb
11. online shopping,CTABGAN,,,KS_Complement,,0.2004,,,,,,0.0,,Score,Fidelity,0.2004,Generators/Other GANS/11. Online shopping_other GAN.ipynb
11. online shopping,WGAN_GP,,,MMD_Multivariate,,0.031888,,,,,,0.0,,Score,Fidelity,0.031888,Generators/Other GANS/11. Online shopping_other GAN.ipynb
11. online shopping,CTABGAN,,,MMD_Multivariate,,0.006289,,,,,,0.0,,Score,Fidelity,0.006289,Generators/Other GANS/11. Online shopping_other GAN.ipynb
11. online shopping,WGAN_GP,,,PCA_Correlation_Diff,,0.748242,,,,,,0.0,,Score,Fidelity,0.748242,Generators/Other GANS/11. Online shopping_other GAN.ipynb
11. online shopping,CTABGAN,,,PCA_Correlation_Diff,,0.725165,,,,,,0.0,,Score,Fidelity,0.725165,Generators/Other GANS/11. Online shopping_other GAN.ipynb
11. online shopping,WGAN_GP,,,PCA_Mean_Error,,14.820814,,,,,,0.0,,Score,Fidelity,14.820814,Generators/Other GANS/11. Online shopping_other GAN.ipynb
11. online shopping,CTABGAN,,,PCA_Mean_Error,,7.692611,,,,,,0.0,,Score,Fidelity,7.692611,Generators/Other GANS/11. Online shopping_other GAN.ipynb
11. online shopping,WGAN_GP,,,Cosine_Similarity,,-0.007068,,,,,,0.0,,Score,Fidelity,-0.007068,Generators/Other GANS/11. Online shopping_other GAN.ipynb
11. online shopping,CTABGAN,,,Cosine_Similarity,,0.07272,,,,,,0.0,,Score,Fidelity,0.07272,Generators/Other GANS/11. Online shopping_other GAN.ipynb
11. online shopping,WGAN_GP,,,MMD,,0.032643,,,,,,0.0,,Score,Fidelity,0.032643,Generators/Other GANS/11. Online shopping_other GAN.ipynb
11. online shopping,CTABGAN,,,MMD,,0.015137,,,,,,0.0,,Score,Fidelity,0.015137,Generators/Other GANS/11. Online shopping_other GAN.ipynb
11. online shopping,WGAN_GP,,,Gower_Distance,,0.652946,,,,,,0.0,,Score,Fidelity,0.652946,Generators/Other GANS/11. Online shopping_other GAN.ipynb
11. online shopping,CTABGAN,,,Gower_Distance,,0.670995,,,,,,0.0,,Score,Fidelity,0.670995,Generators/Other GANS/11. Online shopping_other GAN.ipynb
4. Forest cover dataset,TVAE,,fidelity,Gower_Similarity,0.924451,0.924451,,,,,0.0,0.0,100.0,Score,Fidelity,0.924451,Generators\SDV models\4.Forest cover.ipynb
4. Forest cover dataset,GaussianCopula,,fidelity,Gower_Similarity,0.906039,0.906039,,,,,0.0,0.0,100.0,Score,Fidelity,0.906039,Generators\SDV models\4.Forest cover.ipynb
1. Cancer,WGAN_GP,,fidelity,PCA_Mean_Error_Pct,0.804254,0.804254,,,,,0.0,0.0,100.0,Score,Fidelity,0.804254,/home/gopi.battineni/SYNTH_BENCHMARK/paper results/1. Cancer/fidelity_privacy_metrics.xlsx
1. Cancer,WGAN_GP,,fidelity,Gower_Similarity,0.87225,0.87225,,,,,0.0,0.0,100.0,Score,Fidelity,0.87225,/home/gopi.battineni/SYNTH_BENCHMARK/paper results/1. Cancer/fidelity_privacy_metrics.xlsx
1. Cancer,CTABGAN,,fidelity,Outlier_Count_Diff,22.833333,22.833333,,,,,0.0,0.0,100.0,Score,Fidelity,22.833333,/home/gopi.battineni/SYNTH_BENCHMARK/paper results/1. Cancer/fidelity_privacy_metrics.xlsx
1. Cancer,CTABGAN,,fidelity,PCA_Mean_Error_Pct,5.7894015,5.7894015,,,,,0.0,0.0,100.0,Score,Fidelity,5.7894015,/home/gopi.battineni/SYNTH_BENCHMARK/paper results/1. Cancer/fidelity_privacy_metrics.xlsx
1. Cancer,CTABGAN,,fidelity,Gower_Similarity,0.845894,0.845894,,,,,0.0,0.0,100.0,Score,Fidelity,0.845894,/home/gopi.battineni/SYNTH_BENCHMARK/paper results/1. Cancer/fidelity_privacy_metrics.xlsx
1. Cancer,GaussianCopula,,fidelity,Outlier_Count_Diff,7.366667,7.366667,,,,,0.0,0.0,100.0,Score,Fidelity,7.366667,/home/gopi.battineni/SYNTH_BENCHMARK/paper results/1. Cancer/fidelity_privacy_metrics.xlsx
1. Cancer,GaussianCopula,,fidelity,PCA_Mean_Error_Pct,0.5704295,0.5704295,,,,,0.0,0.0,100.0,Score,Fidelity,0.5704295,/home/gopi.battineni/SYNTH_BENCHMARK/paper results/1. Cancer/fidelity_privacy_metrics.xlsx
1. Cancer,GaussianCopula,,fidelity,Gower_Similarity,0.851888,0.851888,,,,,0.0,0.0,100.0,Score,Fidelity,0.851888,/home/gopi.battineni/SYNTH_BENCHMARK/paper results/1. Cancer/fidelity_privacy_metrics.xlsx
1. Cancer,TVAE,,fidelity,Outlier_Count_Diff,33.233333,33.233333,,,,,0.0,0.0,100.0,Score,Fidelity,33.233333,/home/gopi.battineni/SYNTH_BENCHMARK/paper results/1. Cancer/fidelity_privacy_metrics.xlsx
3. Adult,ForestDiffusion,,fidelity,MMD,0.007571,0.007571,,,,,0.0,0.0,100.0,Score,Fidelity,0.007571,paper results/3. Adult/fidelity_privacy_metrics.xlsx
3. Adult,TabDDPM,,fidelity,MMD,0.564577,0.564577,,,,,0.0,0.0,100.0,Score,Fidelity,0.564577,paper results/3. Adult/fidelity_privacy_metrics.xlsx
3. Adult,WGAN_GP,,fidelity,MMD,0.081653,0.081653,,,,,0.0,0.0,100.0,Score,Fidelity,0.081653,paper results/3. Adult/fidelity_privacy_metrics.xlsx
3. Adult,CTGAN,,fidelity,Outlier_Count_Diff,3324.0,3324.0,,,,,0.0,0.0,100.0,Score,Fidelity,3324.0,paper results\3. Adult\fidelity_privacy_metrics.xlsx
3. Adult,TVAE,,fidelity,Outlier_Count_Diff,3174.5,3174.5,,,,,0.0,0.0,100.0,Score,Fidelity,3174.5,paper results\3. Adult\fidelity_privacy_metrics.xlsx
3. Adult,GaussianCopula,,fidelity,Outlier_Count_Diff,3402.833333,3402.833333,,,,,0.0,0.0,100.0,Score,Fidelity,3402.833333,paper results\3. Adult\fidelity_privacy_metrics.xlsx
3. Adult,CopulaGAN,,fidelity,Outlier_Count_Diff,3402.666667,3402.666667,,,,,0.0,0.0,100.0,Score,Fidelity,3402.666667,paper results\3. Adult\fidelity_privacy_metrics.xlsx
3. Adult,CTABGAN,,fidelity,MMD,0.100346,0.100346,,,,,0.0,0.0,100.0,Score,Fidelity,0.100346,paper results/3. Adult/fidelity_privacy_metrics.xlsx
3. Adult,GaussianCopula,,fidelity,MMD,0.644094,0.644094,,,,,0.0,0.0,100.0,Score,Fidelity,0.644094,paper results/3. Adult/fidelity_privacy_metrics.xlsx
3. Adult,TVAE,,fidelity,MMD,0.175298,0.175298,,,,,0.0,0.0,100.0,Score,Fidelity,0.175298,paper results/3. Adult/fidelity_privacy_metrics.xlsx
10. Metro interstate,CTABGAN,,fidelity,Outlier_Count_Diff,3.777778,3.777778,,,,,0.0,0.0,100.0,Score,Fidelity,3.777778,/home/gopi.battineni/SYNTH_BENCHMARK/paper results/10. Metro interstate/fidelity_privacy_metrics.xlsx
10. Metro interstate,CTABGAN,,fidelity,PCA_Mean_Error_Pct,5.001122,5.001122,,,,,0.0,0.0,100.0,Score,Fidelity,5.001122,/home/gopi.battineni/SYNTH_BENCHMARK/paper results/10. Metro interstate/fidelity_privacy_metrics.xlsx
10. Metro interstate,CTABGAN,,fidelity,Gower_Similarity,0.575214,0.575214,,,,,0.0,0.0,100.0,Score,Fidelity,0.575214,/home/gopi.battineni/SYNTH_BENCHMARK/paper results/10. Metro interstate/fidelity_privacy_metrics.xlsx
10. Metro interstate,CTABGAN,,fidelity,Quality_Score,0.8821898055036569,0.8821898055036569,,,,,0.0,0.0,100.0,Score,Fidelity,0.8821898055036569,/home/gopi.battineni/SYNTH_BENCHMARK/paper results/10. Metro interstate/fidelity_privacy_metrics.xlsx
10. Metro interstate,GaussianCopula,,fidelity,Outlier_Count_Diff,47.5,47.5,,,,,0.0,0.0,100.0,Score,Fidelity,47.5,/home/gopi.battineni/SYNTH_BENCHMARK/paper results/10. Metro interstate/fidelity_privacy_metrics.xlsx
10. Metro interstate,GaussianCopula,,fidelity,PCA_Mean_Error_Pct,9245.2556865,9245.2556865,,,,,0.0,0.0,100.0,Score,Fidelity,9245.2556865,/home/gopi.battineni/SYNTH_BENCHMARK/paper results/10. Metro interstate/fidelity_privacy_metrics.xlsx
10. Metro interstate,GaussianCopula,,fidelity,Gower_Similarity,0.570833,0.570833,,,,,0.0,0.0,100.0,Score,Fidelity,0.570833,/home/gopi.battineni/SYNTH_BENCHMARK/paper results/10. Metro interstate/fidelity_privacy_metrics.xlsx
10. Metro interstate,TVAE,,fidelity,Outlier_Count_Diff,14.25,14.25,,,,,0.0,0.0,100.0,Score,Fidelity,14.25,/home/gopi.battineni/SYNTH_BENCHMARK/paper results/10. Metro interstate/fidelity_privacy_metrics.xlsx
10. Metro interstate,TVAE,,fidelity,PCA_Mean_Error_Pct,23.6209835,23.6209835,,,,,0.0,0.0,100.0,Score,Fidelity,23.6209835,/home/gopi.battineni/SYNTH_BENCHMARK/paper results/10. Metro interstate/fidelity_privacy_metrics.xlsx
10. Metro interstate,TVAE,,fidelity,Gower_Similarity,0.689928,0.689928,,,,,0.0,0.0,100.0,Score,Fidelity,0.689928,/home/gopi.battineni/SYNTH_BENCHMARK/paper results/10. Metro interstate/fidelity_privacy_metrics.xlsx
10. Metro interstate,CopulaGAN,,fidelity,Outlier_Count_Diff,15.75,15.75,,,,,0.0,0.0,100.0,Score,Fidelity,15.75,/home/gopi.battineni/SYNTH_BENCHMARK/paper results/10. Metro interstate/fidelity_privacy_metrics.xlsx
10. Metro interstate,CopulaGAN,,fidelity,PCA_Mean_Error_Pct,40.640829,40.640829,,,,,0.0,0.0,100.0,Score,Fidelity,40.640829,/home/gopi.battineni/SYNTH_BENCHMARK/paper results/10. Metro interstate/fidelity_privacy_metrics.xlsx
10. Metro interstate,CopulaGAN,,fidelity,Gower_Similarity,0.665781,0.665781,,,,,0.0,0.0,100.0,Score,Fidelity,0.665781,/home/gopi.battineni/SYNTH_BENCHMARK/paper results/10. Metro interstate/fidelity_privacy_metrics.xlsx
10. Metro interstate,CTGAN,,fidelity,Outlier_Count_Diff,10.75,10.75,,,,,0.0,0.0,100.0,Score,Fidelity,10.75,/home/gopi.battineni/SYNTH_BENCHMARK/paper results/10. Metro interstate/fidelity_privacy_metrics.xlsx
10. Metro interstate,CTGAN,,fidelity,PCA_Mean_Error_Pct,20.024189,20.024189,,,,,0.0,0.0,100.0,Score,Fidelity,20.024189,/home/gopi.battineni/SYNTH_BENCHMARK/paper results/10. Metro interstate/fidelity_privacy_metrics.xlsx
10. Metro interstate,CTGAN,,fidelity,Gower_Similarity,0.665849,0.665849,,,,,0.0,0.0,100.0,Score,Fidelity,0.665849,/home/gopi.battineni/SYNTH_BENCHMARK/paper results/10. Metro interstate/fidelity_privacy_metrics.xlsx
3. Adult,CopulaGAN,,fidelity,MMD,0.204773,0.204773,,,,,0.0,0.0,100.0,Score,Fidelity,0.204773,paper results/3. Adult/fidelity_privacy_metrics.xlsx
3. Adult,CTGAN,,fidelity,MMD,0.064738,0.064738,,,,,0.0,0.0,100.0,Score,Fidelity,0.064738,paper results/3. Adult/fidelity_privacy_metrics.xlsx
3. Adult,ForestDiffusion,,fidelity,Quality_Score,0.7954000000000001,0.7954000000000001,,,,,0.0,0.0,100.0,Score,Fidelity,0.7954000000000001,paper results/3. Adult/fidelity_privacy_metrics.xlsx
3. Adult,TabDDPM,,fidelity,Quality_Score,0.2522,0.2522,,,,,0.0,0.0,100.0,Score,Fidelity,0.2522,paper results/3. Adult/fidelity_privacy_metrics.xlsx
3. Adult,WGAN_GP,,fidelity,Quality_Score,0.4676,0.4676,,,,,0.0,0.0,100.0,Score,Fidelity,0.4676,paper results/3. Adult/fidelity_privacy_metrics.xlsx
3. Adult,CTABGAN,,fidelity,Quality_Score,0.7234999999999999,0.7234999999999999,,,,,0.0,0.0,100.0,Score,Fidelity,0.7234999999999999,paper results/3. Adult/fidelity_privacy_metrics.xlsx
3. Adult,GaussianCopula,,fidelity,Quality_Score,0.763417,0.763417,,,,,0.0,0.0,100.0,Score,Fidelity,0.763417,paper results/3. Adult/fidelity_privacy_metrics.xlsx
3. Adult,TVAE,,fidelity,Quality_Score,0.514101,0.514101,,,,,0.0,0.0,100.0,Score,Fidelity,0.514101,paper results/3. Adult/fidelity_privacy_metrics.xlsx
3. Adult,CopulaGAN,,fidelity,Quality_Score,0.768821,0.768821,,,,,0.0,0.0,100.0,Score,Fidelity,0.768821,paper results/3. Adult/fidelity_privacy_metrics.xlsx
3. Adult,CTGAN,,fidelity,Quality_Score,0.851945,0.851945,,,,,0.0,0.0,100.0,Score,Fidelity,0.851945,paper results/3. Adult/fidelity_privacy_metrics.xlsx
11. online shopping,TVAE,,fidelity,PCA_Mean_Error_Pct,19.159839,19.159839,,,,,0.0,0.0,100.0,Score,Fidelity,19.159839,/home/gopi.battineni/SYNTH_BENCHMARK/paper results/11. online shopping/fidelity_privacy_metrics.xlsx
11. online shopping,TVAE,,fidelity,Gower_Similarity,0.666402,0.666402,,,,,0.0,0.0,100.0,Score,Fidelity,0.666402,/home/gopi.battineni/SYNTH_BENCHMARK/paper results/11. online shopping/fidelity_privacy_metrics.xlsx
11. online shopping,CopulaGAN,,fidelity,PCA_Mean_Error_Pct,6.679559,6.679559,,,,,0.0,0.0,100.0,Score,Fidelity,6.679559,/home/gopi.battineni/SYNTH_BENCHMARK/paper results/11. online shopping/fidelity_privacy_metrics.xlsx
11. online shopping,CopulaGAN,,fidelity,Gower_Similarity,0.653286,0.653286,,,,,0.0,0.0,100.0,Score,Fidelity,0.653286,/home/gopi.battineni/SYNTH_BENCHMARK/paper results/11. online shopping/fidelity_privacy_metrics.xlsx
11. online shopping,CTGAN,,fidelity,PCA_Mean_Error_Pct,7.792363,7.792363,,,,,0.0,0.0,100.0,Score,Fidelity,7.792363,/home/gopi.battineni/SYNTH_BENCHMARK/paper results/11. online shopping/fidelity_privacy_metrics.xlsx
11. online shopping,CTGAN,,fidelity,Gower_Similarity,0.651777,0.651777,,,,,0.0,0.0,100.0,Score,Fidelity,0.651777,/home/gopi.battineni/SYNTH_BENCHMARK/paper results/11. online shopping/fidelity_privacy_metrics.xlsx
10. Metro interstate,ForestDiffusion,,fidelity,Outlier_Count_Diff,40.5,40.5,,,,,0.0,0.0,100.0,Score,Fidelity,40.5,/home/gopi.battineni/SYNTH_BENCHMARK/paper results/10. Metro interstate/fidelity_privacy_metrics.xlsx
10. Metro interstate,ForestDiffusion,,fidelity,PCA_Mean_Error_Pct,5.109726,5.109726,,,,,0.0,0.0,100.0,Score,Fidelity,5.109726,/home/gopi.battineni/SYNTH_BENCHMARK/paper results/10. Metro interstate/fidelity_privacy_metrics.xlsx
10. Metro interstate,ForestDiffusion,,fidelity,Gower_Similarity,0.669023,0.669023,,,,,0.0,0.0,100.0,Score,Fidelity,0.669023,/home/gopi.battineni/SYNTH_BENCHMARK/paper results/10. Metro interstate/fidelity_privacy_metrics.xlsx
10. Metro interstate,TabDDPM,,fidelity,Outlier_Count_Diff,20.0,20.0,,,,,0.0,0.0,100.0,Score,Fidelity,20.0,/home/gopi.battineni/SYNTH_BENCHMARK/paper results/10. Metro interstate/fidelity_privacy_metrics.xlsx
10. Metro interstate,TabDDPM,,fidelity,PCA_Mean_Error_Pct,2440.28847,2440.28847,,,,,0.0,0.0,100.0,Score,Fidelity,2440.28847,/home/gopi.battineni/SYNTH_BENCHMARK/paper results/10. Metro interstate/fidelity_privacy_metrics.xlsx
10. Metro interstate,TabDDPM,,fidelity,Gower_Similarity,0.4366,0.4366,,,,,0.0,0.0,100.0,Score,Fidelity,0.4366,/home/gopi.battineni/SYNTH_BENCHMARK/paper results/10. Metro interstate/fidelity_privacy_metrics.xlsx
10. Metro interstate,WGAN_GP,,fidelity,Outlier_Count_Diff,10.888889,10.888889,,,,,0.0,0.0,100.0,Score,Fidelity,10.888889,/home/gopi.battineni/SYNTH_BENCHMARK/paper results/10. Metro interstate/fidelity_privacy_metrics.xlsx
10. Metro interstate,WGAN_GP,,fidelity,PCA_Mean_Error_Pct,12.10592,12.10592,,,,,0.0,0.0,100.0,Score,Fidelity,12.10592,/home/gopi.battineni/SYNTH_BENCHMARK/paper results/10. Metro interstate/fidelity_privacy_metrics.xlsx
10. Metro interstate,WGAN_GP,,fidelity,Gower_Similarity,0.657231,0.657231,,,,,0.0,0.0,100.0,Score,Fidelity,0.657231,/home/gopi.battineni/SYNTH_BENCHMARK/paper results/10. Metro interstate/fidelity_privacy_metrics.xlsx
10. Metro interstate,WGAN_GP,,fidelity,Quality_Score,0.808212463794471,0.808212463794471,,,,,0.0,0.0,100.0,Score,Fidelity,0.808212463794471,/home/gopi.battineni/SYNTH_BENCHMARK/paper results/10. Metro interstate/fidelity_privacy_metrics.xlsx
11. online shopping,ForestDiffusion,,fidelity,Outlier_Count_Diff,13.75,13.75,,,,,0.0,0.0,100.0,Score,Fidelity,13.75,/home/gopi.battineni/SYNTH_BENCHMARK/paper results/11. online shopping/fidelity_privacy_metrics.xlsx
11. online shopping,ForestDiffusion,,fidelity,PCA_Mean_Error_Pct,3.781215,3.781215,,,,,0.0,0.0,100.0,Score,Fidelity,3.781215,/home/gopi.battineni/SYNTH_BENCHMARK/paper results/11. online shopping/fidelity_privacy_metrics.xlsx
11. online shopping,ForestDiffusion,,fidelity,Gower_Similarity,0.710192,0.710192,,,,,0.0,0.0,100.0,Score,Fidelity,0.710192,/home/gopi.battineni/SYNTH_BENCHMARK/paper results/11. online shopping/fidelity_privacy_metrics.xlsx
9. MAGIC Gamma Telescope,WGAN_GP,,fidelity,PCA_Mean_Error_Pct,10.0273625,10.0273625,,,,,0.0,0.0,100.0,Score,Fidelity,10.0273625,/home/gopi.battineni/SYNTH_BENCHMARK/paper results/9. MAGIC Gamma Telescope/fidelity_privacy_metrics.xlsx
9. MAGIC Gamma Telescope,WGAN_GP,,fidelity,Gower_Similarity,0.854163,0.854163,,,,,0.0,0.0,100.0,Score,Fidelity,0.854163,/home/gopi.battineni/SYNTH_BENCHMARK/paper results/9. MAGIC Gamma Telescope/fidelity_privacy_metrics.xlsx
9. MAGIC Gamma Telescope,CTABGAN,,fidelity,Outlier_Count_Diff,661.3,661.3,,,,,0.0,0.0,100.0,Score,Fidelity,661.3,/home/gopi.battineni/SYNTH_BENCHMARK/paper results/9. MAGIC Gamma Telescope/fidelity_privacy_metrics.xlsx
9. MAGIC Gamma Telescope,CTABGAN,,fidelity,PCA_Mean_Error_Pct,26.4102185,26.4102185,,,,,0.0,0.0,100.0,Score,Fidelity,26.4102185,/home/gopi.battineni/SYNTH_BENCHMARK/paper results/9. MAGIC Gamma Telescope/fidelity_privacy_metrics.xlsx
9. MAGIC Gamma Telescope,CTABGAN,,fidelity,Gower_Similarity,0.83957,0.83957,,,,,0.0,0.0,100.0,Score,Fidelity,0.83957,/home/gopi.battineni/SYNTH_BENCHMARK/paper results/9. MAGIC Gamma Telescope/fidelity_privacy_metrics.xlsx
11. online shopping,TabDDPM,,fidelity,Outlier_Count_Diff,52.916667,52.916667,,,,,0.0,0.0,100.0,Score,Fidelity,52.916667,/home/gopi.battineni/SYNTH_BENCHMARK/paper results/11. online shopping/fidelity_privacy_metrics.xlsx
11. online shopping,TabDDPM,,fidelity,PCA_Mean_Error_Pct,30.8485375,30.8485375,,,,,0.0,0.0,100.0,Score,Fidelity,30.8485375,/home/gopi.battineni/SYNTH_BENCHMARK/paper results/11. online shopping/fidelity_privacy_metrics.xlsx
11. online shopping,TabDDPM,,fidelity,Gower_Similarity,0.576314,0.576314,,,,,0.0,0.0,100.0,Score,Fidelity,0.576314,/home/gopi.battineni/SYNTH_BENCHMARK/paper results/11. online shopping/fidelity_privacy_metrics.xlsx
11. online shopping,WGAN_GP,,fidelity,Outlier_Count_Diff,53.363636,53.363636,,,,,0.0,0.0,100.0,Score,Fidelity,53.363636,/home/gopi.battineni/SYNTH_BENCHMARK/paper results/11. online shopping/fidelity_privacy_metrics.xlsx
11. online shopping,WGAN_GP,,fidelity,PCA_Mean_Error_Pct,7.910407,7.910407,,,,,0.0,0.0,100.0,Score,Fidelity,7.910407,/home/gopi.battineni/SYNTH_BENCHMARK/paper results/11. online shopping/fidelity_privacy_metrics.xlsx
11. online shopping,WGAN_GP,,fidelity,Gower_Similarity,0.652946,0.652946,,,,,0.0,0.0,100.0,Score,Fidelity,0.652946,/home/gopi.battineni/SYNTH_BENCHMARK/paper results/11. online shopping/fidelity_privacy_metrics.xlsx
11. online shopping,WGAN_GP,,fidelity,Quality_Score,0.0104148387545127,0.0104148387545127,,,,,0.0,0.0,100.0,Score,Fidelity,0.0104148387545127,/home/gopi.battineni/SYNTH_BENCHMARK/paper results/11. online shopping/fidelity_privacy_metrics.xlsx
11. online shopping,CTABGAN,,fidelity,Outlier_Count_Diff,32.272727,32.272727,,,,,0.0,0.0,100.0,Score,Fidelity,32.272727,/home/gopi.battineni/SYNTH_BENCHMARK/paper results/11. online shopping/fidelity_privacy_metrics.xlsx
11. online shopping,CTABGAN,,fidelity,PCA_Mean_Error_Pct,3.8463055,3.8463055,,,,,0.0,0.0,100.0,Score,Fidelity,3.8463055,/home/gopi.battineni/SYNTH_BENCHMARK/paper results/11. online shopping/fidelity_privacy_metrics.xlsx
11. online shopping,CTABGAN,,fidelity,Gower_Similarity,0.670995,0.670995,,,,,0.0,0.0,100.0,Score,Fidelity,0.670995,/home/gopi.battineni/SYNTH_BENCHMARK/paper results/11. online shopping/fidelity_privacy_metrics.xlsx
11. online shopping,CTABGAN,,fidelity,Quality_Score,0.9946252035570976,0.9946252035570976,,,,,0.0,0.0,100.0,Score,Fidelity,0.9946252035570976,/home/gopi.battineni/SYNTH_BENCHMARK/paper results/11. online shopping/fidelity_privacy_metrics.xlsx
11. online shopping,GaussianCopula,,fidelity,PCA_Mean_Error_Pct,3.706453,3.706453,,,,,0.0,0.0,100.0,Score,Fidelity,3.706453,/home/gopi.battineni/SYNTH_BENCHMARK/paper results/11. online shopping/fidelity_privacy_metrics.xlsx
11. online shopping,GaussianCopula,,fidelity,Gower_Similarity,0.648611,0.648611,,,,,0.0,0.0,100.0,Score,Fidelity,0.648611,/home/gopi.battineni/SYNTH_BENCHMARK/paper results/11. online shopping/fidelity_privacy_metrics.xlsx
12. Air Quality,WGAN_GP,,fidelity,Gower_Similarity,0.852592,0.852592,,,,,0.0,0.0,100.0,Score,Fidelity,0.852592,/home/gopi.battineni/SYNTH_BENCHMARK/paper results/12. Air Quality/fidelity_privacy_metrics.xlsx
12. Air Quality,CTABGAN,,fidelity,Outlier_Count_Diff,9.083333,9.083333,,,,,0.0,0.0,100.0,Score,Fidelity,9.083333,/home/gopi.battineni/SYNTH_BENCHMARK/paper results/12. Air Quality/fidelity_privacy_metrics.xlsx
12. Air Quality,CTABGAN,,fidelity,PCA_Mean_Error_Pct,4.121865,4.121865,,,,,0.0,0.0,100.0,Score,Fidelity,4.121865,/home/gopi.battineni/SYNTH_BENCHMARK/paper results/12. Air Quality/fidelity_privacy_metrics.xlsx
8. Mushroom dataset,ForestDiffusion,,fidelity,PCA_Mean_Error_Pct,4.5189095,4.5189095,,,,,0.0,0.0,100.0,Score,Fidelity,4.5189095,/home/gopi.battineni/SYNTH_BENCHMARK/paper results/8. Mushroom dataset/fidelity_privacy_metrics.xlsx
8. Mushroom dataset,ForestDiffusion,,fidelity,Gower_Similarity,0.345428,0.345428,,,,,0.0,0.0,100.0,Score,Fidelity,0.345428,/home/gopi.battineni/SYNTH_BENCHMARK/paper results/8. Mushroom dataset/fidelity_privacy_metrics.xlsx
8. Mushroom dataset,TabDDPM,,fidelity,Outlier_Count_Diff,39.666667,39.666667,,,,,0.0,0.0,100.0,Score,Fidelity,39.666667,/home/gopi.battineni/SYNTH_BENCHMARK/paper results/8. Mushroom dataset/fidelity_privacy_metrics.xlsx
8. Mushroom dataset,TabDDPM,,fidelity,PCA_Mean_Error_Pct,92.7014225,92.7014225,,,,,0.0,0.0,100.0,Score,Fidelity,92.7014225,/home/gopi.battineni/SYNTH_BENCHMARK/paper results/8. Mushroom dataset/fidelity_privacy_metrics.xlsx
8. Mushroom dataset,TabDDPM,,fidelity,Gower_Similarity,0.174698,0.174698,,,,,0.0,0.0,100.0,Score,Fidelity,0.174698,/home/gopi.battineni/SYNTH_BENCHMARK/paper results/8. Mushroom dataset/fidelity_privacy_metrics.xlsx
8. Mushroom dataset,WGAN_GP,,fidelity,Outlier_Count_Diff,28.333333,28.333333,,,,,0.0,0.0,100.0,Score,Fidelity,28.333333,/home/gopi.battineni/SYNTH_BENCHMARK/paper results/8. Mushroom dataset/fidelity_privacy_metrics.xlsx
8. Mushroom dataset,WGAN_GP,,fidelity,PCA_Mean_Error_Pct,5.167329,5.167329,,,,,0.0,0.0,100.0,Score,Fidelity,5.167329,/home/gopi.battineni/SYNTH_BENCHMARK/paper results/8. Mushroom dataset/fidelity_privacy_metrics.xlsx
9. MAGIC Gamma Telescope,ForestDiffusion,,fidelity,Outlier_Count_Diff,8.6,8.6,,,,,0.0,0.0,100.0,Score,Fidelity,8.6,/home/gopi.battineni/SYNTH_BENCHMARK/paper results/9. MAGIC Gamma Telescope/fidelity_privacy_metrics.xlsx
9. MAGIC Gamma Telescope,ForestDiffusion,,fidelity,PCA_Mean_Error_Pct,7.813545,7.813545,,,,,0.0,0.0,100.0,Score,Fidelity,7.813545,/home/gopi.battineni/SYNTH_BENCHMARK/paper results/9. MAGIC Gamma Telescope/fidelity_privacy_metrics.xlsx
9. MAGIC Gamma Telescope,ForestDiffusion,,fidelity,Gower_Similarity,0.842496,0.842496,,,,,0.0,0.0,100.0,Score,Fidelity,0.842496,/home/gopi.battineni/SYNTH_BENCHMARK/paper results/9. MAGIC Gamma Telescope/fidelity_privacy_metrics.xlsx
9. MAGIC Gamma Telescope,TabDDPM,,fidelity,Outlier_Count_Diff,69.4,69.4,,,,,0.0,0.0,100.0,Score,Fidelity,69.4,/home/gopi.battineni/SYNTH_BENCHMARK/paper results/9. MAGIC Gamma Telescope/fidelity_privacy_metrics.xlsx
9. MAGIC Gamma Telescope,TabDDPM,,fidelity,PCA_Mean_Error_Pct,142.460508,142.460508,,,,,0.0,0.0,100.0,Score,Fidelity,142.460508,/home/gopi.battineni/SYNTH_BENCHMARK/paper results/9. MAGIC Gamma Telescope/fidelity_privacy_metrics.xlsx
9. MAGIC Gamma Telescope,TabDDPM,,fidelity,Gower_Similarity,0.741751,0.741751,,,,,0.0,0.0,100.0,Score,Fidelity,0.741751,/home/gopi.battineni/SYNTH_BENCHMARK/paper results/9. MAGIC Gamma Telescope/fidelity_privacy_metrics.xlsx
9. MAGIC Gamma Telescope,WGAN_GP,,fidelity,Outlier_Count_Diff,660.1,660.1,,,,,0.0,0.0,100.0,Score,Fidelity,660.1,/home/gopi.battineni/SYNTH_BENCHMARK/paper results/9. MAGIC Gamma Telescope/fidelity_privacy_metrics.xlsx
8. Mushroom dataset,TVAE,,fidelity,Gower_Similarity,0.357493,0.357493,,,,,0.0,0.0,100.0,Score,Fidelity,0.357493,/home/gopi.battineni/SYNTH_BENCHMARK/paper results/8. Mushroom dataset/fidelity_privacy_metrics.xlsx
8. Mushroom dataset,CopulaGAN,,fidelity,Outlier_Count_Diff,125.0,125.0,,,,,0.0,0.0,100.0,Score,Fidelity,125.0,/home/gopi.battineni/SYNTH_BENCHMARK/paper results/8. Mushroom dataset/fidelity_privacy_metrics.xlsx
8. Mushroom dataset,CopulaGAN,,fidelity,PCA_Mean_Error_Pct,3.147555,3.147555,,,,,0.0,0.0,100.0,Score,Fidelity,3.147555,/home/gopi.battineni/SYNTH_BENCHMARK/paper results/8. Mushroom dataset/fidelity_privacy_metrics.xlsx
8. Mushroom dataset,CopulaGAN,,fidelity,Gower_Similarity,0.33632,0.33632,,,,,0.0,0.0,100.0,Score,Fidelity,0.33632,/home/gopi.battineni/SYNTH_BENCHMARK/paper results/8. Mushroom dataset/fidelity_privacy_metrics.xlsx
8. Mushroom dataset,CTGAN,,fidelity,Outlier_Count_Diff,105.666667,105.666667,,,,,0.0,0.0,100.0,Score,Fidelity,105.666667,/home/gopi.battineni/SYNTH_BENCHMARK/paper results/8. Mushroom dataset/fidelity_privacy_metrics.xlsx
8. Mushroom dataset,CTGAN,,fidelity,PCA_Mean_Error_Pct,2.174493,2.174493,,,,,0.0,0.0,100.0,Score,Fidelity,2.174493,/home/gopi.battineni/SYNTH_BENCHMARK/paper results/8. Mushroom dataset/fidelity_privacy_metrics.xlsx
8. Mushroom dataset,CTGAN,,fidelity,Gower_Similarity,0.338231,0.338231,,,,,0.0,0.0,100.0,Score,Fidelity,0.338231,/home/gopi.battineni/SYNTH_BENCHMARK/paper results/8. Mushroom dataset/fidelity_privacy_metrics.xlsx
9. MAGIC Gamma Telescope,GaussianCopula,,fidelity,PCA_Mean_Error_Pct,38.653274,38.653274,,,,,0.0,0.0,100.0,Score,Fidelity,38.653274,/home/gopi.battineni/SYNTH_BENCHMARK/paper results/9. MAGIC Gamma Telescope/fidelity_privacy_metrics.xlsx
9. MAGIC Gamma Telescope,GaussianCopula,,fidelity,Gower_Similarity,0.846668,0.846668,,,,,0.0,0.0,100.0,Score,Fidelity,0.846668,/home/gopi.battineni/SYNTH_BENCHMARK/paper results/9. MAGIC Gamma Telescope/fidelity_privacy_metrics.xlsx
9. MAGIC Gamma Telescope,TVAE,,fidelity,PCA_Mean_Error_Pct,24.578524,24.578524,,,,,0.0,0.0,100.0,Score,Fidelity,24.578524,/home/gopi.battineni/SYNTH_BENCHMARK/paper results/9. MAGIC Gamma Telescope/fidelity_privacy_metrics.xlsx
9. MAGIC Gamma Telescope,TVAE,,fidelity,Gower_Similarity,0.864338,0.864338,,,,,0.0,0.0,100.0,Score,Fidelity,0.864338,/home/gopi.battineni/SYNTH_BENCHMARK/paper results/9. MAGIC Gamma Telescope/fidelity_privacy_metrics.xlsx
9. MAGIC Gamma Telescope,CopulaGAN,,fidelity,PCA_Mean_Error_Pct,228.106995,228.106995,,,,,0.0,0.0,100.0,Score,Fidelity,228.106995,/home/gopi.battineni/SYNTH_BENCHMARK/paper results/9. MAGIC Gamma Telescope/fidelity_privacy_metrics.xlsx
9. MAGIC Gamma Telescope,CopulaGAN,,fidelity,Gower_Similarity,0.847494,0.847494,,,,,0.0,0.0,100.0,Score,Fidelity,0.847494,/home/gopi.battineni/SYNTH_BENCHMARK/paper results/9. MAGIC Gamma Telescope/fidelity_privacy_metrics.xlsx
9. MAGIC Gamma Telescope,CTGAN,,fidelity,PCA_Mean_Error_Pct,368.927512,368.927512,,,,,0.0,0.0,100.0,Score,Fidelity,368.927512,/home/gopi.battineni/SYNTH_BENCHMARK/paper results/9. MAGIC Gamma Telescope/fidelity_privacy_metrics.xlsx
9. MAGIC Gamma Telescope,CTGAN,,fidelity,Gower_Similarity,0.853544,0.853544,,,,,0.0,0.0,100.0,Score,Fidelity,0.853544,/home/gopi.battineni/SYNTH_BENCHMARK/paper results/9. MAGIC Gamma Telescope/fidelity_privacy_metrics.xlsx
8. Mushroom dataset,ForestDiffusion,,fidelity,Outlier_Count_Diff,11.666667,11.666667,,,,,0.0,0.0,100.0,Score,Fidelity,11.666667,/home/gopi.battineni/SYNTH_BENCHMARK/paper results/8. Mushroom dataset/fidelity_privacy_metrics.xlsx
7. CDC diabetes dataset,GaussianCopula,,fidelity,Outlier_Count_Diff,344.285714,344.285714,,,,,0.0,0.0,100.0,Score,Fidelity,344.285714,/home/gopi.battineni/SYNTH_BENCHMARK/paper results/7. CDC diabetes dataset/fidelity_privacy_metrics.xlsx
7. CDC diabetes dataset,GaussianCopula,,fidelity,PCA_Mean_Error_Pct,10.1300725,10.1300725,,,,,0.0,0.0,100.0,Score,Fidelity,10.1300725,/home/gopi.battineni/SYNTH_BENCHMARK/paper results/7. CDC diabetes dataset/fidelity_privacy_metrics.xlsx
7. CDC diabetes dataset,GaussianCopula,,fidelity,Gower_Similarity,0.716012,0.716012,,,,,0.0,0.0,100.0,Score,Fidelity,0.716012,/home/gopi.battineni/SYNTH_BENCHMARK/paper results/7. CDC diabetes dataset/fidelity_privacy_metrics.xlsx
7. CDC diabetes dataset,TVAE,,fidelity,Outlier_Count_Diff,165.047619,165.047619,,,,,0.0,0.0,100.0,Score,Fidelity,165.047619,/home/gopi.battineni/SYNTH_BENCHMARK/paper results/7. CDC diabetes dataset/fidelity_privacy_metrics.xlsx
8. Mushroom dataset,WGAN_GP,,fidelity,Gower_Similarity,0.29057,0.29057,,,,,0.0,0.0,100.0,Score,Fidelity,0.29057,/home/gopi.battineni/SYNTH_BENCHMARK/paper results/8. Mushroom dataset/fidelity_privacy_metrics.xlsx
8. Mushroom dataset,CTABGAN,,fidelity,Outlier_Count_Diff,24.333333,24.333333,,,,,0.0,0.0,100.0,Score,Fidelity,24.333333,/home/gopi.battineni/SYNTH_BENCHMARK/paper results/8. Mushroom dataset/fidelity_privacy_metrics.xlsx
8. Mushroom dataset,CTABGAN,,fidelity,PCA_Mean_Error_Pct,11.175829,11.175829,,,,,0.0,0.0,100.0,Score,Fidelity,11.175829,/home/gopi.battineni/SYNTH_BENCHMARK/paper results/8. Mushroom dataset/fidelity_privacy_metrics.xlsx
8. Mushroom dataset,CTABGAN,,fidelity,Gower_Similarity,0.338105,0.338105,,,,,0.0,0.0,100.0,Score,Fidelity,0.338105,/home/gopi.battineni/SYNTH_BENCHMARK/paper results/8. Mushroom dataset/fidelity_privacy_metrics.xlsx
8. Mushroom dataset,GaussianCopula,,fidelity,Outlier_Count_Diff,222.333333,222.333333,,,,,0.0,0.0,100.0,Score,Fidelity,222.333333,/home/gopi.battineni/SYNTH_BENCHMARK/paper results/8. Mushroom dataset/fidelity_privacy_metrics.xlsx
8. Mushroom dataset,GaussianCopula,,fidelity,PCA_Mean_Error_Pct,0.66835,0.66835,,,,,0.0,0.0,100.0,Score,Fidelity,0.66835,/home/gopi.battineni/SYNTH_BENCHMARK/paper results/8. Mushroom dataset/fidelity_privacy_metrics.xlsx
8. Mushroom dataset,GaussianCopula,,fidelity,Gower_Similarity,0.345135,0.345135,,,,,0.0,0.0,100.0,Score,Fidelity,0.345135,/home/gopi.battineni/SYNTH_BENCHMARK/paper results/8. Mushroom dataset/fidelity_privacy_metrics.xlsx
8. Mushroom dataset,TVAE,,fidelity,Outlier_Count_Diff,114.333333,114.333333,,,,,0.0,0.0,100.0,Score,Fidelity,114.333333,/home/gopi.battineni/SYNTH_BENCHMARK/paper results/8. Mushroom dataset/fidelity_privacy_metrics.xlsx
8. Mushroom dataset,TVAE,,fidelity,PCA_Mean_Error_Pct,2.301251,2.301251,,,,,0.0,0.0,100.0,Score,Fidelity,2.301251,/home/gopi.battineni/SYNTH_BENCHMARK/paper results/8. Mushroom dataset/fidelity_privacy_metrics.xlsx
6. Wine dataset,TabDDPM,,fidelity,PCA_Mean_Error_Pct,24.10501,24.10501,,,,,0.0,0.0,100.0,Score,Fidelity,24.10501,/home/gopi.battineni/SYNTH_BENCHMARK/paper results/6. Wine dataset/fidelity_privacy_metrics.xlsx
6. Wine dataset,TabDDPM,,fidelity,Gower_Similarity,0.767133,0.767133,,,,,0.0,0.0,100.0,Score,Fidelity,0.767133,/home/gopi.battineni/SYNTH_BENCHMARK/paper results/6. Wine dataset/fidelity_privacy_metrics.xlsx
6. Wine dataset,WGAN_GP,,fidelity,Outlier_Count_Diff,22.666667,22.666667,,,,,0.0,0.0,100.0,Score,Fidelity,22.666667,/home/gopi.battineni/SYNTH_BENCHMARK/paper results/6. Wine dataset/fidelity_privacy_metrics.xlsx
6. Wine dataset,WGAN_GP,,fidelity,PCA_Mean_Error_Pct,16.358989,16.358989,,,,,0.0,0.0,100.0,Score,Fidelity,16.358989,/home/gopi.battineni/SYNTH_BENCHMARK/paper results/6. Wine dataset/fidelity_privacy_metrics.xlsx
7. CDC diabetes dataset,WGAN_GP,,fidelity,Outlier_Count_Diff,34.428571,34.428571,,,,,0.0,0.0,100.0,Score,Fidelity,34.428571,/home/gopi.battineni/SYNTH_BENCHMARK/paper results/7. CDC diabetes dataset/fidelity_privacy_metrics.xlsx
7. CDC diabetes dataset,WGAN_GP,,fidelity,PCA_Mean_Error_Pct,23.376675,23.376675,,,,,0.0,0.0,100.0,Score,Fidelity,23.376675,/home/gopi.battineni/SYNTH_BENCHMARK/paper results/7. CDC diabetes dataset/fidelity_privacy_metrics.xlsx
7. CDC diabetes dataset,WGAN_GP,,fidelity,Gower_Similarity,0.845339,0.845339,,,,,0.0,0.0,100.0,Score,Fidelity,0.845339,/home/gopi.battineni/SYNTH_BENCHMARK/paper results/7. CDC diabetes dataset/fidelity_privacy_metrics.xlsx
7. CDC diabetes dataset,CTABGAN,,fidelity,Outlier_Count_Diff,48.52381,48.52381,,,,,0.0,0.0,100.0,Score,Fidelity,48.52381,/home/gopi.battineni/SYNTH_BENCHMARK/paper results/7. CDC diabetes dataset/fidelity_privacy_metrics.xlsx
7. CDC diabetes dataset,CTABGAN,,fidelity,PCA_Mean_Error_Pct,141.2737375,141.2737375,,,,,0.0,0.0,100.0,Score,Fidelity,141.2737375,/home/gopi.battineni/SYNTH_BENCHMARK/paper results/7. CDC diabetes dataset/fidelity_privacy_metrics.xlsx
7. CDC diabetes dataset,CTABGAN,,fidelity,Gower_Similarity,0.636716,0.636716,,,,,0.0,0.0,100.0,Score,Fidelity,0.636716,/home/gopi.battineni/SYNTH_BENCHMARK/paper results/7. CDC diabetes dataset/fidelity_privacy_metrics.xlsx
6. Wine dataset,CopulaGAN,,fidelity,Gower_Similarity,0.883799,0.883799,,,,,0.0,0.0,100.0,Score,Fidelity,0.883799,/home/gopi.battineni/SYNTH_BENCHMARK/paper results/6. Wine dataset/fidelity_privacy_metrics.xlsx
6. Wine dataset,CTGAN,,fidelity,Outlier_Count_Diff,113.0,113.0,,,,,0.0,0.0,100.0,Score,Fidelity,113.0,/home/gopi.battineni/SYNTH_BENCHMARK/paper results/6. Wine dataset/fidelity_privacy_metrics.xlsx
6. Wine dataset,CTGAN,,fidelity,PCA_Mean_Error_Pct,3.1334335,3.1334335,,,,,0.0,0.0,100.0,Score,Fidelity,3.1334335,/home/gopi.battineni/SYNTH_BENCHMARK/paper results/6. Wine dataset/fidelity_privacy_metrics.xlsx
6. Wine dataset,CTGAN,,fidelity,Gower_Similarity,0.881018,0.881018,,,,,0.0,0.0,100.0,Score,Fidelity,0.881018,/home/gopi.battineni/SYNTH_BENCHMARK/paper results/6. Wine dataset/fidelity_privacy_metrics.xlsx
7. CDC diabetes dataset,TVAE,,fidelity,PCA_Mean_Error_Pct,10.3889675,10.3889675,,,,,0.0,0.0,100.0,Score,Fidelity,10.3889675,/home/gopi.battineni/SYNTH_BENCHMARK/paper results/7. CDC diabetes dataset/fidelity_privacy_metrics.xlsx
7. CDC diabetes dataset,TVAE,,fidelity,Gower_Similarity,0.752427,0.752427,,,,,0.0,0.0,100.0,Score,Fidelity,0.752427,/home/gopi.battineni/SYNTH_BENCHMARK/paper results/7. CDC diabetes dataset/fidelity_privacy_metrics.xlsx
7. CDC diabetes dataset,CopulaGAN,,fidelity,Outlier_Count_Diff,372.714286,372.714286,,,,,0.0,0.0,100.0,Score,Fidelity,372.714286,/home/gopi.battineni/SYNTH_BENCHMARK/paper results/7. CDC diabetes dataset/fidelity_privacy_metrics.xlsx
7. CDC diabetes dataset,CopulaGAN,,fidelity,PCA_Mean_Error_Pct,10.153145,10.153145,,,,,0.0,0.0,100.0,Score,Fidelity,10.153145,/home/gopi.battineni/SYNTH_BENCHMARK/paper results/7. CDC diabetes dataset/fidelity_privacy_metrics.xlsx
7. CDC diabetes dataset,CopulaGAN,,fidelity,Gower_Similarity,0.714305,0.714305,,,,,0.0,0.0,100.0,Score,Fidelity,0.714305,/home/gopi.battineni/SYNTH_BENCHMARK/paper results/7. CDC diabetes dataset/fidelity_privacy_metrics.xlsx
7. CDC diabetes dataset,CTGAN,,fidelity,Outlier_Count_Diff,438.238095,438.238095,,,,,0.0,0.0,100.0,Score,Fidelity,438.238095,/home/gopi.battineni/SYNTH_BENCHMARK/paper results/7. CDC diabetes dataset/fidelity_privacy_metrics.xlsx
7. CDC diabetes dataset,CTGAN,,fidelity,PCA_Mean_Error_Pct,13.955682,13.955682,,,,,0.0,0.0,100.0,Score,Fidelity,13.955682,/home/gopi.battineni/SYNTH_BENCHMARK/paper results/7. CDC diabetes dataset/fidelity_privacy_metrics.xlsx
7. CDC diabetes dataset,CTGAN,,fidelity,Gower_Similarity,0.712221,0.712221,,,,,0.0,0.0,100.0,Score,Fidelity,0.712221,/home/gopi.battineni/SYNTH_BENCHMARK/paper results/7. CDC diabetes dataset/fidelity_privacy_metrics.xlsx
6. Wine dataset,ForestDiffusion,,fidelity,Outlier_Count_Diff,4.909091,4.909091,,,,,0.0,0.0,100.0,Score,Fidelity,4.909091,/home/gopi.battineni/SYNTH_BENCHMARK/paper results/6. Wine dataset/fidelity_privacy_metrics.xlsx
6. Wine dataset,ForestDiffusion,,fidelity,PCA_Mean_Error_Pct,1.118672,1.118672,,,,,0.0,0.0,100.0,Score,Fidelity,1.118672,/home/gopi.battineni/SYNTH_BENCHMARK/paper results/6. Wine dataset/fidelity_privacy_metrics.xlsx
6. Wine dataset,ForestDiffusion,,fidelity,Gower_Similarity,0.858982,0.858982,,,,,0.0,0.0,100.0,Score,Fidelity,0.858982,/home/gopi.battineni/SYNTH_BENCHMARK/paper results/6. Wine dataset/fidelity_privacy_metrics.xlsx
6. Wine dataset,TabDDPM,,fidelity,Outlier_Count_Diff,82.636364,82.636364,,,,,0.0,0.0,100.0,Score,Fidelity,82.636364,/home/gopi.battineni/SYNTH_BENCHMARK/paper results/6. Wine dataset/fidelity_privacy_metrics.xlsx
5. Bank Markting,GaussianCopula,,fidelity,Outlier_Count_Diff,3544.285714,3544.285714,,,,,0.0,0.0,100.0,Score,Fidelity,3544.285714,/home/gopi.battineni/SYNTH_BENCHMARK/paper results/5. Bank Markting/fidelity_privacy_metrics.xlsx
5. Bank Markting,GaussianCopula,,fidelity,PCA_Mean_Error_Pct,30.022608,30.022608,,,,,0.0,0.0,100.0,Score,Fidelity,30.022608,/home/gopi.battineni/SYNTH_BENCHMARK/paper results/5. Bank Markting/fidelity_privacy_metrics.xlsx
5. Bank Markting,GaussianCopula,,fidelity,Gower_Similarity,0.626154,0.626154,,,,,0.0,0.0,100.0,Score,Fidelity,0.626154,/home/gopi.battineni/SYNTH_BENCHMARK/paper results/5. Bank Markting/fidelity_privacy_metrics.xlsx
5. Bank Markting,TVAE,,fidelity,Outlier_Count_Diff,3101.142857,3101.142857,,,,,0.0,0.0,100.0,Score,Fidelity,3101.142857,/home/gopi.battineni/SYNTH_BENCHMARK/paper results/5. Bank Markting/fidelity_privacy_metrics.xlsx
6. Wine dataset,WGAN_GP,,fidelity,Gower_Similarity,0.868162,0.868162,,,,,0.0,0.0,100.0,Score,Fidelity,0.868162,/home/gopi.battineni/SYNTH_BENCHMARK/paper results/6. Wine dataset/fidelity_privacy_metrics.xlsx
6. Wine dataset,CTABGAN,,fidelity,Outlier_Count_Diff,8.166667,8.166667,,,,,0.0,0.0,100.0,Score,Fidelity,8.166667,/home/gopi.battineni/SYNTH_BENCHMARK/paper results/6. Wine dataset/fidelity_privacy_metrics.xlsx
6. Wine dataset,CTABGAN,,fidelity,PCA_Mean_Error_Pct,4.495219,4.495219,,,,,0.0,0.0,100.0,Score,Fidelity,4.495219,/home/gopi.battineni/SYNTH_BENCHMARK/paper results/6. Wine dataset/fidelity_privacy_metrics.xlsx
6. Wine dataset,CTABGAN,,fidelity,Gower_Similarity,0.851682,0.851682,,,,,0.0,0.0,100.0,Score,Fidelity,0.851682,/home/gopi.battineni/SYNTH_BENCHMARK/paper results/6. Wine dataset/fidelity_privacy_metrics.xlsx
6. Wine dataset,GaussianCopula,,fidelity,Outlier_Count_Diff,143.181818,143.181818,,,,,0.0,0.0,100.0,Score,Fidelity,143.181818,/home/gopi.battineni/SYNTH_BENCHMARK/paper results/6. Wine dataset/fidelity_privacy_metrics.xlsx
6. Wine dataset,GaussianCopula,,fidelity,PCA_Mean_Error_Pct,0.2533535,0.2533535,,,,,0.0,0.0,100.0,Score,Fidelity,0.2533535,/home/gopi.battineni/SYNTH_BENCHMARK/paper results/6. Wine dataset/fidelity_privacy_metrics.xlsx
6. Wine dataset,GaussianCopula,,fidelity,Gower_Similarity,0.889308,0.889308,,,,,0.0,0.0,100.0,Score,Fidelity,0.889308,/home/gopi.battineni/SYNTH_BENCHMARK/paper results/6. Wine dataset/fidelity_privacy_metrics.xlsx
6. Wine dataset,TVAE,,fidelity,Outlier_Count_Diff,103.181818,103.181818,,,,,0.0,0.0,100.0,Score,Fidelity,103.181818,/home/gopi.battineni/SYNTH_BENCHMARK/paper results/6. Wine dataset/fidelity_privacy_metrics.xlsx
6. Wine dataset,TVAE,,fidelity,PCA_Mean_Error_Pct,2.3260515,2.3260515,,,,,0.0,0.0,100.0,Score,Fidelity,2.3260515,/home/gopi.battineni/SYNTH_BENCHMARK/paper results/6. Wine dataset/fidelity_privacy_metrics.xlsx
6. Wine dataset,TVAE,,fidelity,Gower_Similarity,0.898376,0.898376,,,,,0.0,0.0,100.0,Score,Fidelity,0.898376,/home/gopi.battineni/SYNTH_BENCHMARK/paper results/6. Wine dataset/fidelity_privacy_metrics.xlsx
6. Wine dataset,CopulaGAN,,fidelity,Outlier_Count_Diff,98.181818,98.181818,,,,,0.0,0.0,100.0,Score,Fidelity,98.181818,/home/gopi.battineni/SYNTH_BENCHMARK/paper results/6. Wine dataset/fidelity_privacy_metrics.xlsx
6. Wine dataset,CopulaGAN,,fidelity,PCA_Mean_Error_Pct,3.025904,3.025904,,,,,0.0,0.0,100.0,Score,Fidelity,3.025904,/home/gopi.battineni/SYNTH_BENCHMARK/paper results/6. Wine dataset/fidelity_privacy_metrics.xlsx
4. Forest cover dataset,TabDDPM,,fidelity,Gower_Similarity,0.633701,0.633701,,,,,0.0,0.0,100.0,Score,Fidelity,0.633701,/home/gopi.battineni/SYNTH_BENCHMARK/paper results/4. Forest cover dataset/fidelity_privacy_metrics.xlsx
4. Forest cover dataset,WGAN_GP,,fidelity,Outlier_Count_Diff,23.854545,23.854545,,,,,0.0,0.0,100.0,Score,Fidelity,23.854545,/home/gopi.battineni/SYNTH_BENCHMARK/paper results/4. Forest cover dataset/fidelity_privacy_metrics.xlsx
4. Forest cover dataset,WGAN_GP,,fidelity,PCA_Mean_Error_Pct,44.00361033333333,44.00361033333333,,,,,0.0,0.0,100.0,Score,Fidelity,44.00361033333333,/home/gopi.battineni/SYNTH_BENCHMARK/paper results/4. Forest cover dataset/fidelity_privacy_metrics.xlsx
5. Bank Markting,ForestDiffusion,,fidelity,Outlier_Count_Diff,13.142857,13.142857,,,,,0.0,0.0,100.0,Score,Fidelity,13.142857,/home/gopi.battineni/SYNTH_BENCHMARK/paper results/5. Bank Markting/fidelity_privacy_metrics.xlsx
5. Bank Markting,ForestDiffusion,,fidelity,PCA_Mean_Error_Pct,3.620954,3.620954,,,,,0.0,0.0,100.0,Score,Fidelity,3.620954,/home/gopi.battineni/SYNTH_BENCHMARK/paper results/5. Bank Markting/fidelity_privacy_metrics.xlsx
5. Bank Markting,ForestDiffusion,,fidelity,Gower_Similarity,0.623875,0.623875,,,,,0.0,0.0,100.0,Score,Fidelity,0.623875,/home/gopi.battineni/SYNTH_BENCHMARK/paper results/5. Bank Markting/fidelity_privacy_metrics.xlsx
5. Bank Markting,TabDDPM,,fidelity,Outlier_Count_Diff,117.857143,117.857143,,,,,0.0,0.0,100.0,Score,Fidelity,117.857143,/home/gopi.battineni/SYNTH_BENCHMARK/paper results/5. Bank Markting/fidelity_privacy_metrics.xlsx
5. Bank Markting,TabDDPM,,fidelity,PCA_Mean_Error_Pct,249.836772,249.836772,,,,,0.0,0.0,100.0,Score,Fidelity,249.836772,/home/gopi.battineni/SYNTH_BENCHMARK/paper results/5. Bank Markting/fidelity_privacy_metrics.xlsx
5. Bank Markting,TabDDPM,,fidelity,Gower_Similarity,0.373353,0.373353,,,,,0.0,0.0,100.0,Score,Fidelity,0.373353,/home/gopi.battineni/SYNTH_BENCHMARK/paper results/5. Bank Markting/fidelity_privacy_metrics.xlsx
5. Bank Markting,WGAN_GP,,fidelity,Outlier_Count_Diff,83.857143,83.857143,,,,,0.0,0.0,100.0,Score,Fidelity,83.857143,/home/gopi.battineni/SYNTH_BENCHMARK/paper results/5. Bank Markting/fidelity_privacy_metrics.xlsx
5. Bank Markting,WGAN_GP,,fidelity,PCA_Mean_Error_Pct,24.6408665,24.6408665,,,,,0.0,0.0,100.0,Score,Fidelity,24.6408665,/home/gopi.battineni/SYNTH_BENCHMARK/paper results/5. Bank Markting/fidelity_privacy_metrics.xlsx
5. Bank Markting,WGAN_GP,,fidelity,Gower_Similarity,0.620311,0.620311,,,,,0.0,0.0,100.0,Score,Fidelity,0.620311,/home/gopi.battineni/SYNTH_BENCHMARK/paper results/5. Bank Markting/fidelity_privacy_metrics.xlsx
5. Bank Markting,CTABGAN,,fidelity,Outlier_Count_Diff,45.428571,45.428571,,,,,0.0,0.0,100.0,Score,Fidelity,45.428571,/home/gopi.battineni/SYNTH_BENCHMARK/paper results/5. Bank Markting/fidelity_privacy_metrics.xlsx
5. Bank Markting,CTABGAN,,fidelity,PCA_Mean_Error_Pct,18.585963,18.585963,,,,,0.0,0.0,100.0,Score,Fidelity,18.585963,/home/gopi.battineni/SYNTH_BENCHMARK/paper results/5. Bank Markting/fidelity_privacy_metrics.xlsx
5. Bank Markting,CTABGAN,,fidelity,Gower_Similarity,0.60794,0.60794,,,,,0.0,0.0,100.0,Score,Fidelity,0.60794,/home/gopi.battineni/SYNTH_BENCHMARK/paper results/5. Bank Markting/fidelity_privacy_metrics.xlsx
3. Adult,TVAE,,fidelity,MMD_Multivariate,0.00721,0.00721,,,,,0.0,0.0,100.0,Score,Fidelity,0.00721,/home/gopi.battineni/SYNTH_BENCHMARK/paper results/3. Adult/fidelity_privacy_metrics.xlsx
5. Bank Markting,TVAE,,fidelity,PCA_Mean_Error_Pct,12.890779,12.890779,,,,,0.0,0.0,100.0,Score,Fidelity,12.890779,/home/gopi.battineni/SYNTH_BENCHMARK/paper results/5. Bank Markting/fidelity_privacy_metrics.xlsx
5. Bank Markting,TVAE,,fidelity,Gower_Similarity,0.647807,0.647807,,,,,0.0,0.0,100.0,Score,Fidelity,0.647807,/home/gopi.battineni/SYNTH_BENCHMARK/paper results/5. Bank Markting/fidelity_privacy_metrics.xlsx
5. Bank Markting,CopulaGAN,,fidelity,Outlier_Count_Diff,3212.714286,3212.714286,,,,,0.0,0.0,100.0,Score,Fidelity,3212.714286,/home/gopi.battineni/SYNTH_BENCHMARK/paper results/5. Bank Markting/fidelity_privacy_metrics.xlsx
5. Bank Markting,CopulaGAN,,fidelity,PCA_Mean_Error_Pct,13.688015,13.688015,,,,,0.0,0.0,100.0,Score,Fidelity,13.688015,/home/gopi.battineni/SYNTH_BENCHMARK/paper results/5. Bank Markting/fidelity_privacy_metrics.xlsx
5. Bank Markting,CopulaGAN,,fidelity,Gower_Similarity,0.617333,0.617333,,,,,0.0,0.0,100.0,Score,Fidelity,0.617333,/home/gopi.battineni/SYNTH_BENCHMARK/paper results/5. Bank Markting/fidelity_privacy_metrics.xlsx
5. Bank Markting,CTGAN,,fidelity,Outlier_Count_Diff,2767.285714,2767.285714,,,,,0.0,0.0,100.0,Score,Fidelity,2767.285714,/home/gopi.battineni/SYNTH_BENCHMARK/paper results/5. Bank Markting/fidelity_privacy_metrics.xlsx
5. Bank Markting,CTGAN,,fidelity,PCA_Mean_Error_Pct,7.841944,7.841944,,,,,0.0,0.0,100.0,Score,Fidelity,7.841944,/home/gopi.battineni/SYNTH_BENCHMARK/paper results/5. Bank Markting/fidelity_privacy_metrics.xlsx
5. Bank Markting,CTGAN,,fidelity,Gower_Similarity,0.627346,0.627346,,,,,0.0,0.0,100.0,Score,Fidelity,0.627346,/home/gopi.battineni/SYNTH_BENCHMARK/paper results/5. Bank Markting/fidelity_privacy_metrics.xlsx
4. Forest cover dataset,ForestDiffusion,,fidelity,Outlier_Count_Diff,8.071429,8.071429,,,,,0.0,0.0,100.0,Score,Fidelity,8.071429,/home/gopi.battineni/SYNTH_BENCHMARK/paper results/4. Forest cover dataset/fidelity_privacy_metrics.xlsx
4. Forest cover dataset,ForestDiffusion,,fidelity,PCA_Mean_Error_Pct,11.18336433333333,11.18336433333333,,,,,0.0,0.0,100.0,Score,Fidelity,11.18336433333333,/home/gopi.battineni/SYNTH_BENCHMARK/paper results/4. Forest cover dataset/fidelity_privacy_metrics.xlsx
4. Forest cover dataset,ForestDiffusion,,fidelity,Gower_Similarity,0.911891,0.911891,,,,,0.0,0.0,100.0,Score,Fidelity,0.911891,/home/gopi.battineni/SYNTH_BENCHMARK/paper results/4. Forest cover dataset/fidelity_privacy_metrics.xlsx
4. Forest cover dataset,TabDDPM,,fidelity,Outlier_Count_Diff,31.142857,31.142857,,,,,0.0,0.0,100.0,Score,Fidelity,31.142857,/home/gopi.battineni/SYNTH_BENCHMARK/paper results/4. Forest cover dataset/fidelity_privacy_metrics.xlsx
4. Forest cover dataset,TabDDPM,,fidelity,PCA_Mean_Error_Pct,1982.321426666667,1982.321426666667,,,,,0.0,0.0,100.0,Score,Fidelity,1982.321426666667,/home/gopi.battineni/SYNTH_BENCHMARK/paper results/4. Forest cover dataset/fidelity_privacy_metrics.xlsx
12. Air Quality,CTABGAN,,fidelity,Gower_Similarity,0.823107,0.823107,,,,,0.0,0.0,100.0,Score,Fidelity,0.823107,/home/gopi.battineni/SYNTH_BENCHMARK/paper results/12. Air Quality/fidelity_privacy_metrics.xlsx
12. Air Quality,GaussianCopula,,fidelity,Outlier_Count_Diff,16.333333,16.333333,,,,,0.0,0.0,100.0,Score,Fidelity,16.333333,/home/gopi.battineni/SYNTH_BENCHMARK/paper results/12. Air Quality/fidelity_privacy_metrics.xlsx
12. Air Quality,GaussianCopula,,fidelity,PCA_Mean_Error_Pct,0.6226643333333334,0.6226643333333334,,,,,0.0,0.0,100.0,Score,Fidelity,0.6226643333333334,/home/gopi.battineni/SYNTH_BENCHMARK/paper results/12. Air Quality/fidelity_privacy_metrics.xlsx
12. Air Quality,GaussianCopula,,fidelity,Gower_Similarity,0.82247,0.82247,,,,,0.0,0.0,100.0,Score,Fidelity,0.82247,/home/gopi.battineni/SYNTH_BENCHMARK/paper results/12. Air Quality/fidelity_privacy_metrics.xlsx
12. Air Quality,TVAE,,fidelity,Outlier_Count_Diff,24.916667,24.916667,,,,,0.0,0.0,100.0,Score,Fidelity,24.916667,/home/gopi.battineni/SYNTH_BENCHMARK/paper results/12. Air Quality/fidelity_privacy_metrics.xlsx
12. Air Quality,TVAE,,fidelity,PCA_Mean_Error_Pct,1.854989666666667,1.854989666666667,,,,,0.0,0.0,100.0,Score,Fidelity,1.854989666666667,/home/gopi.battineni/SYNTH_BENCHMARK/paper results/12. Air Quality/fidelity_privacy_metrics.xlsx
12. Air Quality,TVAE,,fidelity,Gower_Similarity,0.816653,0.816653,,,,,0.0,0.0,100.0,Score,Fidelity,0.816653,/home/gopi.battineni/SYNTH_BENCHMARK/paper results/12. Air Quality/fidelity_privacy_metrics.xlsx
12. Air Quality,CopulaGAN,,fidelity,Outlier_Count_Diff,23.333333,23.333333,,,,,0.0,0.0,100.0,Score,Fidelity,23.333333,/home/gopi.battineni/SYNTH_BENCHMARK/paper results/12. Air Quality/fidelity_privacy_metrics.xlsx
12. Air Quality,CopulaGAN,,fidelity,PCA_Mean_Error_Pct,16.10621766666667,16.10621766666667,,,,,0.0,0.0,100.0,Score,Fidelity,16.10621766666667,/home/gopi.battineni/SYNTH_BENCHMARK/paper results/12. Air Quality/fidelity_privacy_metrics.xlsx
12. Air Quality,CopulaGAN,,fidelity,Gower_Similarity,0.784604,0.784604,,,,,0.0,0.0,100.0,Score,Fidelity,0.784604,/home/gopi.battineni/SYNTH_BENCHMARK/paper results/12. Air Quality/fidelity_privacy_metrics.xlsx
12. Air Quality,CTGAN,,fidelity,Outlier_Count_Diff,15.416667,15.416667,,,,,0.0,0.0,100.0,Score,Fidelity,15.416667,/home/gopi.battineni/SYNTH_BENCHMARK/paper results/12. Air Quality/fidelity_privacy_metrics.xlsx
12. Air Quality,CTGAN,,fidelity,PCA_Mean_Error_Pct,6.601895,6.601895,,,,,0.0,0.0,100.0,Score,Fidelity,6.601895,/home/gopi.battineni/SYNTH_BENCHMARK/paper results/12. Air Quality/fidelity_privacy_metrics.xlsx
12. Air Quality,CTGAN,,fidelity,Gower_Similarity,0.804398,0.804398,,,,,0.0,0.0,100.0,Score,Fidelity,0.804398,/home/gopi.battineni/SYNTH_BENCHMARK/paper results/12. Air Quality/fidelity_privacy_metrics.xlsx
13. Concrete Compressive Strength,TVAE,,fidelity,PCA_Mean_Error_Pct,9.030515,9.030515,,,,,0.0,0.0,100.0,Score,Fidelity,9.030515,/home/gopi.battineni/SYNTH_BENCHMARK/paper results/13. Concrete Compressive Strength/fidelity_privacy_metrics.xlsx
13. Concrete Compressive Strength,TVAE,,fidelity,Gower_Similarity,0.778318,0.778318,,,,,0.0,0.0,100.0,Score,Fidelity,0.778318,/home/gopi.battineni/SYNTH_BENCHMARK/paper results/13. Concrete Compressive Strength/fidelity_privacy_metrics.xlsx
13. Concrete Compressive Strength,CopulaGAN,,fidelity,Outlier_Count_Diff,19.25,19.25,,,,,0.0,0.0,100.0,Score,Fidelity,19.25,/home/gopi.battineni/SYNTH_BENCHMARK/paper results/13. Concrete Compressive Strength/fidelity_privacy_metrics.xlsx
4. Forest cover dataset,WGAN_GP,,fidelity,Gower_Similarity,0.905784,0.905784,,,,,0.0,0.0,100.0,Score,Fidelity,0.905784,/home/gopi.battineni/SYNTH_BENCHMARK/paper results/4. Forest cover dataset/fidelity_privacy_metrics.xlsx
4. Forest cover dataset,CTABGAN,,fidelity,Outlier_Count_Diff,13.490909,13.490909,,,,,0.0,0.0,100.0,Score,Fidelity,13.490909,/home/gopi.battineni/SYNTH_BENCHMARK/paper results/4. Forest cover dataset/fidelity_privacy_metrics.xlsx
4. Forest cover dataset,CTABGAN,,fidelity,PCA_Mean_Error_Pct,65.41576533333334,65.41576533333334,,,,,0.0,0.0,100.0,Score,Fidelity,65.41576533333334,/home/gopi.battineni/SYNTH_BENCHMARK/paper results/4. Forest cover dataset/fidelity_privacy_metrics.xlsx
4. Forest cover dataset,CTABGAN,,fidelity,Gower_Similarity,0.904271,0.904271,,,,,0.0,0.0,100.0,Score,Fidelity,0.904271,/home/gopi.battineni/SYNTH_BENCHMARK/paper results/4. Forest cover dataset/fidelity_privacy_metrics.xlsx
4. Forest cover dataset,GaussianCopula,,fidelity,Outlier_Count_Diff,6.648148,6.648148,,,,,0.0,0.0,100.0,Score,Fidelity,6.648148,/home/gopi.battineni/SYNTH_BENCHMARK/paper results/4. Forest cover dataset/fidelity_privacy_metrics.xlsx
4. Forest cover dataset,GaussianCopula,,fidelity,PCA_Mean_Error_Pct,13.305385,13.305385,,,,,0.0,0.0,100.0,Score,Fidelity,13.305385,/home/gopi.battineni/SYNTH_BENCHMARK/paper results/4. Forest cover dataset/fidelity_privacy_metrics.xlsx
4. Forest cover dataset,TVAE,,fidelity,Outlier_Count_Diff,23.759259,23.759259,,,,,0.0,0.0,100.0,Score,Fidelity,23.759259,/home/gopi.battineni/SYNTH_BENCHMARK/paper results/4. Forest cover dataset/fidelity_privacy_metrics.xlsx
4. Forest cover dataset,TVAE,,fidelity,PCA_Mean_Error_Pct,38.979959,38.979959,,,,,0.0,0.0,100.0,Score,Fidelity,38.979959,/home/gopi.battineni/SYNTH_BENCHMARK/paper results/4. Forest cover dataset/fidelity_privacy_metrics.xlsx
4. Forest cover dataset,CopulaGAN,,fidelity,Outlier_Count_Diff,7.037037,7.037037,,,,,0.0,0.0,100.0,Score,Fidelity,7.037037,/home/gopi.battineni/SYNTH_BENCHMARK/paper results/4. Forest cover dataset/fidelity_privacy_metrics.xlsx
4. Forest cover dataset,CopulaGAN,,fidelity,PCA_Mean_Error_Pct,36.775201,36.775201,,,,,0.0,0.0,100.0,Score,Fidelity,36.775201,/home/gopi.battineni/SYNTH_BENCHMARK/paper results/4. Forest cover dataset/fidelity_privacy_metrics.xlsx
4. Forest cover dataset,CTGAN,,fidelity,Outlier_Count_Diff,8.037037,8.037037,,,,,0.0,0.0,100.0,Score,Fidelity,8.037037,/home/gopi.battineni/SYNTH_BENCHMARK/paper results/4. Forest cover dataset/fidelity_privacy_metrics.xlsx
4. Forest cover dataset,CTGAN,,fidelity,PCA_Mean_Error_Pct,20.234316,20.234316,,,,,0.0,0.0,100.0,Score,Fidelity,20.234316,/home/gopi.battineni/SYNTH_BENCHMARK/paper results/4. Forest cover dataset/fidelity_privacy_metrics.xlsx
3. Adult,GaussianCopula,,fidelity,MMD_Multivariate,0.077847,0.077847,,,,,0.0,0.0,100.0,Score,Fidelity,0.077847,/home/gopi.battineni/SYNTH_BENCHMARK/paper results/3. Adult/fidelity_privacy_metrics.xlsx
3. Adult,CTGAN,,fidelity,MMD_Multivariate,0.018062,0.018062,,,,,0.0,0.0,100.0,Score,Fidelity,0.018062,/home/gopi.battineni/SYNTH_BENCHMARK/paper results/3. Adult/fidelity_privacy_metrics.xlsx
3. Adult,CopulaGAN,,fidelity,MMD_Multivariate,0.012815,0.012815,,,,,0.0,0.0,100.0,Score,Fidelity,0.012815,/home/gopi.battineni/SYNTH_BENCHMARK/paper results/3. Adult/fidelity_privacy_metrics.xlsx
3. Adult,ForestDiffusion,,fidelity,PCA_Mean_Error_Pct,7.545889,7.545889,,,,,0.0,0.0,100.0,Score,Fidelity,7.545889,/home/gopi.battineni/SYNTH_BENCHMARK/paper results/3. Adult/fidelity_privacy_metrics.xlsx
3. Adult,TabDDPM,,fidelity,Outlier_Count_Diff,76.5,76.5,,,,,0.0,0.0,100.0,Score,Fidelity,76.5,/home/gopi.battineni/SYNTH_BENCHMARK/paper results/3. Adult/fidelity_privacy_metrics.xlsx
3. Adult,TabDDPM,,fidelity,PCA_Mean_Error_Pct,394.3303465,394.3303465,,,,,0.0,0.0,100.0,Score,Fidelity,394.3303465,/home/gopi.battineni/SYNTH_BENCHMARK/paper results/3. Adult/fidelity_privacy_metrics.xlsx
3. Adult,WGAN_GP,,fidelity,Outlier_Count_Diff,61.166667,61.166667,,,,,0.0,0.0,100.0,Score,Fidelity,61.166667,/home/gopi.battineni/SYNTH_BENCHMARK/paper results/3. Adult/fidelity_privacy_metrics.xlsx
3. Adult,WGAN_GP,,fidelity,PCA_Mean_Error_Pct,24.589703,24.589703,,,,,0.0,0.0,100.0,Score,Fidelity,24.589703,/home/gopi.battineni/SYNTH_BENCHMARK/paper results/3. Adult/fidelity_privacy_metrics.xlsx
3. Adult,CTABGAN,,fidelity,Outlier_Count_Diff,76.833333,76.833333,,,,,0.0,0.0,100.0,Score,Fidelity,76.833333,/home/gopi.battineni/SYNTH_BENCHMARK/paper results/3. Adult/fidelity_privacy_metrics.xlsx
3. Adult,CTABGAN,,fidelity,PCA_Mean_Error_Pct,71.5257555,71.5257555,,,,,0.0,0.0,100.0,Score,Fidelity,71.5257555,/home/gopi.battineni/SYNTH_BENCHMARK/paper results/3. Adult/fidelity_privacy_metrics.xlsx
3. Adult,GaussianCopula,,fidelity,PCA_Mean_Error_Pct,675.631093,675.631093,,,,,0.0,0.0,100.0,Score,Fidelity,675.631093,/home/gopi.battineni/SYNTH_BENCHMARK/paper results/3. Adult/fidelity_privacy_metrics.xlsx
3. Adult,TVAE,,fidelity,PCA_Mean_Error_Pct,17.725137,17.725137,,,,,0.0,0.0,100.0,Score,Fidelity,17.725137,/home/gopi.battineni/SYNTH_BENCHMARK/paper results/3. Adult/fidelity_privacy_metrics.xlsx
3. Adult,CopulaGAN,,fidelity,PCA_Mean_Error_Pct,14.992197,14.992197,,,,,0.0,0.0,100.0,Score,Fidelity,14.992197,/home/gopi.battineni/SYNTH_BENCHMARK/paper results/3. Adult/fidelity_privacy_metrics.xlsx
3. Adult,CTGAN,,fidelity,PCA_Mean_Error_Pct,18.985418,18.985418,,,,,0.0,0.0,100.0,Score,Fidelity,18.985418,/home/gopi.battineni/SYNTH_BENCHMARK/paper results/3. Adult/fidelity_privacy_metrics.xlsx
2. Alzhimers,ForestDiffusion,,fidelity,Outlier_Count_Diff,14.9,14.9,,,,,0.0,0.0,100.0,Score,Fidelity,14.9,/home/gopi.battineni/SYNTH_BENCHMARK/paper results/2. Alzhimers/fidelity_privacy_metrics.xlsx
2. Alzhimers,ForestDiffusion,,fidelity,PCA_Mean_Error_Pct,0.4438225,0.4438225,,,,,0.0,0.0,100.0,Score,Fidelity,0.4438225,/home/gopi.battineni/SYNTH_BENCHMARK/paper results/2. Alzhimers/fidelity_privacy_metrics.xlsx
2. Alzhimers,ForestDiffusion,,fidelity,Gower_Similarity,0.785988,0.785988,,,,,0.0,0.0,100.0,Score,Fidelity,0.785988,/home/gopi.battineni/SYNTH_BENCHMARK/paper results/2. Alzhimers/fidelity_privacy_metrics.xlsx
2. Alzhimers,TabDDPM,,fidelity,Outlier_Count_Diff,20.9,20.9,,,,,0.0,0.0,100.0,Score,Fidelity,20.9,/home/gopi.battineni/SYNTH_BENCHMARK/paper results/2. Alzhimers/fidelity_privacy_metrics.xlsx
2. Alzhimers,TabDDPM,,fidelity,Gower_Similarity,0.585711,0.585711,,,,,0.0,0.0,100.0,Score,Fidelity,0.585711,/home/gopi.battineni/SYNTH_BENCHMARK/paper results/2. Alzhimers/fidelity_privacy_metrics.xlsx
2. Alzhimers,WGAN_GP,,fidelity,Outlier_Count_Diff,21.5,21.5,,,,,0.0,0.0,100.0,Score,Fidelity,21.5,/home/gopi.battineni/SYNTH_BENCHMARK/paper results/2. Alzhimers/fidelity_privacy_metrics.xlsx
2. Alzhimers,WGAN_GP,,fidelity,PCA_Mean_Error_Pct,1.704296,1.704296,,,,,0.0,0.0,100.0,Score,Fidelity,1.704296,/home/gopi.battineni/SYNTH_BENCHMARK/paper results/2. Alzhimers/fidelity_privacy_metrics.xlsx
2. Alzhimers,WGAN_GP,,fidelity,Gower_Similarity,0.835927,0.835927,,,,,0.0,0.0,100.0,Score,Fidelity,0.835927,/home/gopi.battineni/SYNTH_BENCHMARK/paper results/2. Alzhimers/fidelity_privacy_metrics.xlsx
2. Alzhimers,CTABGAN,,fidelity,Outlier_Count_Diff,9.7,9.7,,,,,0.0,0.0,100.0,Score,Fidelity,9.7,/home/gopi.battineni/SYNTH_BENCHMARK/paper results/2. Alzhimers/fidelity_privacy_metrics.xlsx
2. Alzhimers,CTABGAN,,fidelity,PCA_Mean_Error_Pct,6.851059,6.851059,,,,,0.0,0.0,100.0,Score,Fidelity,6.851059,/home/gopi.battineni/SYNTH_BENCHMARK/paper results/2. Alzhimers/fidelity_privacy_metrics.xlsx
2. Alzhimers,CTABGAN,,fidelity,Gower_Similarity,0.779736,0.779736,,,,,0.0,0.0,100.0,Score,Fidelity,0.779736,/home/gopi.battineni/SYNTH_BENCHMARK/paper results/2. Alzhimers/fidelity_privacy_metrics.xlsx
2. Alzhimers,GaussianCopula,,fidelity,PCA_Mean_Error_Pct,16.343796,16.343796,,,,,0.0,0.0,100.0,Score,Fidelity,16.343796,/home/gopi.battineni/SYNTH_BENCHMARK/paper results/2. Alzhimers/fidelity_privacy_metrics.xlsx
2. Alzhimers,GaussianCopula,,fidelity,Gower_Similarity,0.791535,0.791535,,,,,0.0,0.0,100.0,Score,Fidelity,0.791535,/home/gopi.battineni/SYNTH_BENCHMARK/paper results/2. Alzhimers/fidelity_privacy_metrics.xlsx
2. Alzhimers,TVAE,,fidelity,PCA_Mean_Error_Pct,10.833991,10.833991,,,,,0.0,0.0,100.0,Score,Fidelity,10.833991,/home/gopi.battineni/SYNTH_BENCHMARK/paper results/2. Alzhimers/fidelity_privacy_metrics.xlsx
2. Alzhimers,TVAE,,fidelity,Gower_Similarity,0.788536,0.788536,,,,,0.0,0.0,100.0,Score,Fidelity,0.788536,/home/gopi.battineni/SYNTH_BENCHMARK/paper results/2. Alzhimers/fidelity_privacy_metrics.xlsx
2. Alzhimers,CopulaGAN,,fidelity,PCA_Mean_Error_Pct,24.770905,24.770905,,,,,0.0,0.0,100.0,Score,Fidelity,24.770905,/home/gopi.battineni/SYNTH_BENCHMARK/paper results/2. Alzhimers/fidelity_privacy_metrics.xlsx
2. Alzhimers,CopulaGAN,,fidelity,Gower_Similarity,0.733296,0.733296,,,,,0.0,0.0,100.0,Score,Fidelity,0.733296,/home/gopi.battineni/SYNTH_BENCHMARK/paper results/2. Alzhimers/fidelity_privacy_metrics.xlsx
2. Alzhimers,CTGAN,,fidelity,PCA_Mean_Error_Pct,18.930353,18.930353,,,,,0.0,0.0,100.0,Score,Fidelity,18.930353,/home/gopi.battineni/SYNTH_BENCHMARK/paper results/2. Alzhimers/fidelity_privacy_metrics.xlsx
2. Alzhimers,CTGAN,,fidelity,Gower_Similarity,0.735633,0.735633,,,,,0.0,0.0,100.0,Score,Fidelity,0.735633,/home/gopi.battineni/SYNTH_BENCHMARK/paper results/2. Alzhimers/fidelity_privacy_metrics.xlsx
3. Adult,ForestDiffusion,,fidelity,Outlier_Count_Diff,38.0,38.0,,,,,0.0,0.0,100.0,Score,Fidelity,38.0,/home/gopi.battineni/SYNTH_BENCHMARK/paper results/3. Adult/fidelity_privacy_metrics.xlsx
15. Real Estate Valuation,ForestDiffusion,,fidelity,PCA_Mean_Error_Pct,2.227323,2.227323,,,,,0.0,0.0,100.0,Score,Fidelity,2.227323,/home/gopi.battineni/SYNTH_BENCHMARK/paper results/15. Real Estate Valuation/fidelity_privacy_metrics.xlsx
15. Real Estate Valuation,ForestDiffusion,,fidelity,Gower_Similarity,0.76937,0.76937,,,,,0.0,0.0,100.0,Score,Fidelity,0.76937,/home/gopi.battineni/SYNTH_BENCHMARK/paper results/15. Real Estate Valuation/fidelity_privacy_metrics.xlsx
15. Real Estate Valuation,TabDDPM,,fidelity,Outlier_Count_Diff,16.0,16.0,,,,,0.0,0.0,100.0,Score,Fidelity,16.0,/home/gopi.battineni/SYNTH_BENCHMARK/paper results/15. Real Estate Valuation/fidelity_privacy_metrics.xlsx
15. Real Estate Valuation,TabDDPM,,fidelity,PCA_Mean_Error_Pct,46.180834,46.180834,,,,,0.0,0.0,100.0,Score,Fidelity,46.180834,/home/gopi.battineni/SYNTH_BENCHMARK/paper results/15. Real Estate Valuation/fidelity_privacy_metrics.xlsx
15. Real Estate Valuation,TabDDPM,,fidelity,Gower_Similarity,0.599162,0.599162,,,,,0.0,0.0,100.0,Score,Fidelity,0.599162,/home/gopi.battineni/SYNTH_BENCHMARK/paper results/15. Real Estate Valuation/fidelity_privacy_metrics.xlsx
15. Real Estate Valuation,WGAN_GP,,fidelity,Outlier_Count_Diff,14.4,14.4,,,,,0.0,0.0,100.0,Score,Fidelity,14.4,/home/gopi.battineni/SYNTH_BENCHMARK/paper results/15. Real Estate Valuation/fidelity_privacy_metrics.xlsx
15. Real Estate Valuation,WGAN_GP,,fidelity,PCA_Mean_Error_Pct,24.321296,24.321296,,,,,0.0,0.0,100.0,Score,Fidelity,24.321296,/home/gopi.battineni/SYNTH_BENCHMARK/paper results/15. Real Estate Valuation/fidelity_privacy_metrics.xlsx
15. Real Estate Valuation,WGAN_GP,,fidelity,Gower_Similarity,0.843701,0.843701,,,,,0.0,0.0,100.0,Score,Fidelity,0.843701,/home/gopi.battineni/SYNTH_BENCHMARK/paper results/15. Real Estate Valuation/fidelity_privacy_metrics.xlsx
15. Real Estate Valuation,CTABGAN,,fidelity,Outlier_Count_Diff,20.8,20.8,,,,,0.0,0.0,100.0,Score,Fidelity,20.8,/home/gopi.battineni/SYNTH_BENCHMARK/paper results/15. Real Estate Valuation/fidelity_privacy_metrics.xlsx
15. Real Estate Valuation,CTABGAN,,fidelity,PCA_Mean_Error_Pct,5.521376,5.521376,,,,,0.0,0.0,100.0,Score,Fidelity,5.521376,/home/gopi.battineni/SYNTH_BENCHMARK/paper results/15. Real Estate Valuation/fidelity_privacy_metrics.xlsx
15. Real Estate Valuation,CTABGAN,,fidelity,Gower_Similarity,0.776166,0.776166,,,,,0.0,0.0,100.0,Score,Fidelity,0.776166,/home/gopi.battineni/SYNTH_BENCHMARK/paper results/15. Real Estate Valuation/fidelity_privacy_metrics.xlsx
15. Real Estate Valuation,GaussianCopula,,fidelity,Outlier_Count_Diff,9.4,9.4,,,,,0.0,0.0,100.0,Score,Fidelity,9.4,/home/gopi.battineni/SYNTH_BENCHMARK/paper results/15. Real Estate Valuation/fidelity_privacy_metrics.xlsx
15. Real Estate Valuation,GaussianCopula,,fidelity,PCA_Mean_Error_Pct,27.441659,27.441659,,,,,0.0,0.0,100.0,Score,Fidelity,27.441659,/home/gopi.battineni/SYNTH_BENCHMARK/paper results/15. Real Estate Valuation/fidelity_privacy_metrics.xlsx
15. Real Estate Valuation,GaussianCopula,,fidelity,Gower_Similarity,0.700365,0.700365,,,,,0.0,0.0,100.0,Score,Fidelity,0.700365,/home/gopi.battineni/SYNTH_BENCHMARK/paper results/15. Real Estate Valuation/fidelity_privacy_metrics.xlsx
15. Real Estate Valuation,TVAE,,fidelity,Outlier_Count_Diff,29.0,29.0,,,,,0.0,0.0,100.0,Score,Fidelity,29.0,/home/gopi.battineni/SYNTH_BENCHMARK/paper results/15. Real Estate Valuation/fidelity_privacy_metrics.xlsx
2. Alzhimers,TabDDPM,,fidelity,PCA_Mean_Error_Pct,26.086693,26.086693,,,,,0.0,0.0,100.0,Score,Fidelity,26.086693,/home/gopi.battineni/SYNTH_BENCHMARK/paper results/2. Alzhimers/fidelity_privacy_metrics.xlsx
15. Real Estate Valuation,CopulaGAN,,fidelity,Outlier_Count_Diff,16.0,16.0,,,,,0.0,0.0,100.0,Score,Fidelity,16.0,/home/gopi.battineni/SYNTH_BENCHMARK/paper results/15. Real Estate Valuation/fidelity_privacy_metrics.xlsx
15. Real Estate Valuation,CopulaGAN,,fidelity,PCA_Mean_Error_Pct,36.3198745,36.3198745,,,,,0.0,0.0,100.0,Score,Fidelity,36.3198745,/home/gopi.battineni/SYNTH_BENCHMARK/paper results/15. Real Estate Valuation/fidelity_privacy_metrics.xlsx
15. Real Estate Valuation,CopulaGAN,,fidelity,Gower_Similarity,0.667636,0.667636,,,,,0.0,0.0,100.0,Score,Fidelity,0.667636,/home/gopi.battineni/SYNTH_BENCHMARK/paper results/15. Real Estate Valuation/fidelity_privacy_metrics.xlsx
15. Real Estate Valuation,CTGAN,,fidelity,Outlier_Count_Diff,15.6,15.6,,,,,0.0,0.0,100.0,Score,Fidelity,15.6,/home/gopi.battineni/SYNTH_BENCHMARK/paper results/15. Real Estate Valuation/fidelity_privacy_metrics.xlsx
15. Real Estate Valuation,CTGAN,,fidelity,PCA_Mean_Error_Pct,27.701104,27.701104,,,,,0.0,0.0,100.0,Score,Fidelity,27.701104,/home/gopi.battineni/SYNTH_BENCHMARK/paper results/15. Real Estate Valuation/fidelity_privacy_metrics.xlsx
15. Real Estate Valuation,CTGAN,,fidelity,Gower_Similarity,0.708963,0.708963,,,,,0.0,0.0,100.0,Score,Fidelity,0.708963,/home/gopi.battineni/SYNTH_BENCHMARK/paper results/15. Real Estate Valuation/fidelity_privacy_metrics.xlsx
14. Energy Efficiency,ForestDiffusion,,fidelity,Outlier_Count_Diff,0.0,0.0,,,,,0.0,0.0,100.0,Score,Fidelity,0.0,/home/gopi.battineni/SYNTH_BENCHMARK/paper results/14. Energy Efficiency/fidelity_privacy_metrics.xlsx
14. Energy Efficiency,ForestDiffusion,,fidelity,PCA_Mean_Error_Pct,0.744817,0.744817,,,,,0.0,0.0,100.0,Score,Fidelity,0.744817,/home/gopi.battineni/SYNTH_BENCHMARK/paper results/14. Energy Efficiency/fidelity_privacy_metrics.xlsx
14. Energy Efficiency,ForestDiffusion,,fidelity,Gower_Similarity,0.623942,0.623942,,,,,0.0,0.0,100.0,Score,Fidelity,0.623942,/home/gopi.battineni/SYNTH_BENCHMARK/paper results/14. Energy Efficiency/fidelity_privacy_metrics.xlsx
14. Energy Efficiency,TabDDPM,,fidelity,Outlier_Count_Diff,0.0,0.0,,,,,0.0,0.0,100.0,Score,Fidelity,0.0,/home/gopi.battineni/SYNTH_BENCHMARK/paper results/14. Energy Efficiency/fidelity_privacy_metrics.xlsx
14. Energy Efficiency,TabDDPM,,fidelity,PCA_Mean_Error_Pct,10.645464,10.645464,,,,,0.0,0.0,100.0,Score,Fidelity,10.645464,/home/gopi.battineni/SYNTH_BENCHMARK/paper results/14. Energy Efficiency/fidelity_privacy_metrics.xlsx
14. Energy Efficiency,TabDDPM,,fidelity,Gower_Similarity,0.551458,0.551458,,,,,0.0,0.0,100.0,Score,Fidelity,0.551458,/home/gopi.battineni/SYNTH_BENCHMARK/paper results/14. Energy Efficiency/fidelity_privacy_metrics.xlsx
14. Energy Efficiency,WGAN_GP,,fidelity,Outlier_Count_Diff,8.5,8.5,,,,,0.0,0.0,100.0,Score,Fidelity,8.5,/home/gopi.battineni/SYNTH_BENCHMARK/paper results/14. Energy Efficiency/fidelity_privacy_metrics.xlsx
14. Energy Efficiency,WGAN_GP,,fidelity,PCA_Mean_Error_Pct,4.049586,4.049586,,,,,0.0,0.0,100.0,Score,Fidelity,4.049586,/home/gopi.battineni/SYNTH_BENCHMARK/paper results/14. Energy Efficiency/fidelity_privacy_metrics.xlsx
15. Real Estate Valuation,ForestDiffusion,,fidelity,Outlier_Count_Diff,23.6,23.6,,,,,0.0,0.0,100.0,Score,Fidelity,23.6,/home/gopi.battineni/SYNTH_BENCHMARK/paper results/15. Real Estate Valuation/fidelity_privacy_metrics.xlsx
14. Energy Efficiency,CTABGAN,,fidelity,Gower_Similarity,0.632868,0.632868,,,,,0.0,0.0,100.0,Score,Fidelity,0.632868,/home/gopi.battineni/SYNTH_BENCHMARK/paper results/14. Energy Efficiency/fidelity_privacy_metrics.xlsx
14. Energy Efficiency,GaussianCopula,,fidelity,Outlier_Count_Diff,7.875,7.875,,,,,0.0,0.0,100.0,Score,Fidelity,7.875,/home/gopi.battineni/SYNTH_BENCHMARK/paper results/14. Energy Efficiency/fidelity_privacy_metrics.xlsx
14. Energy Efficiency,GaussianCopula,,fidelity,PCA_Mean_Error_Pct,1.867472,1.867472,,,,,0.0,0.0,100.0,Score,Fidelity,1.867472,/home/gopi.battineni/SYNTH_BENCHMARK/paper results/14. Energy Efficiency/fidelity_privacy_metrics.xlsx
14. Energy Efficiency,GaussianCopula,,fidelity,Gower_Similarity,0.611222,0.611222,,,,,0.0,0.0,100.0,Score,Fidelity,0.611222,/home/gopi.battineni/SYNTH_BENCHMARK/paper results/14. Energy Efficiency/fidelity_privacy_metrics.xlsx
14. Energy Efficiency,TVAE,,fidelity,Outlier_Count_Diff,10.625,10.625,,,,,0.0,0.0,100.0,Score,Fidelity,10.625,/home/gopi.battineni/SYNTH_BENCHMARK/paper results/14. Energy Efficiency/fidelity_privacy_metrics.xlsx
14. Energy Efficiency,TVAE,,fidelity,PCA_Mean_Error_Pct,3.74267,3.74267,,,,,0.0,0.0,100.0,Score,Fidelity,3.74267,/home/gopi.battineni/SYNTH_BENCHMARK/paper results/14. Energy Efficiency/fidelity_privacy_metrics.xlsx
14. Energy Efficiency,TVAE,,fidelity,Gower_Similarity,0.628166,0.628166,,,,,0.0,0.0,100.0,Score,Fidelity,0.628166,/home/gopi.battineni/SYNTH_BENCHMARK/paper results/14. Energy Efficiency/fidelity_privacy_metrics.xlsx
14. Energy Efficiency,CopulaGAN,,fidelity,Outlier_Count_Diff,0.0,0.0,,,,,0.0,0.0,100.0,Score,Fidelity,0.0,/home/gopi.battineni/SYNTH_BENCHMARK/paper results/14. Energy Efficiency/fidelity_privacy_metrics.xlsx
14. Energy Efficiency,CopulaGAN,,fidelity,PCA_Mean_Error_Pct,3.589172,3.589172,,,,,0.0,0.0,100.0,Score,Fidelity,3.589172,/home/gopi.battineni/SYNTH_BENCHMARK/paper results/14. Energy Efficiency/fidelity_privacy_metrics.xlsx
14. Energy Efficiency,CopulaGAN,,fidelity,Gower_Similarity,0.595962,0.595962,,,,,0.0,0.0,100.0,Score,Fidelity,0.595962,/home/gopi.battineni/SYNTH_BENCHMARK/paper results/14. Energy Efficiency/fidelity_privacy_metrics.xlsx
14. Energy Efficiency,CTGAN,,fidelity,Outlier_Count_Diff,6.0,6.0,,,,,0.0,0.0,100.0,Score,Fidelity,6.0,/home/gopi.battineni/SYNTH_BENCHMARK/paper results/14. Energy Efficiency/fidelity_privacy_metrics.xlsx
14. Energy Efficiency,CTGAN,,fidelity,PCA_Mean_Error_Pct,3.9156595,3.9156595,,,,,0.0,0.0,100.0,Score,Fidelity,3.9156595,/home/gopi.battineni/SYNTH_BENCHMARK/paper results/14. Energy Efficiency/fidelity_privacy_metrics.xlsx
14. Energy Efficiency,CTGAN,,fidelity,Gower_Similarity,0.61768,0.61768,,,,,0.0,0.0,100.0,Score,Fidelity,0.61768,/home/gopi.battineni/SYNTH_BENCHMARK/paper results/14. Energy Efficiency/fidelity_privacy_metrics.xlsx
15. Real Estate Valuation,TVAE,,fidelity,PCA_Mean_Error_Pct,24.9349545,24.9349545,,,,,0.0,0.0,100.0,Score,Fidelity,24.9349545,/home/gopi.battineni/SYNTH_BENCHMARK/paper results/15. Real Estate Valuation/fidelity_privacy_metrics.xlsx
15. Real Estate Valuation,TVAE,,fidelity,Gower_Similarity,0.721756,0.721756,,,,,0.0,0.0,100.0,Score,Fidelity,0.721756,/home/gopi.battineni/SYNTH_BENCHMARK/paper results/15. Real Estate Valuation/fidelity_privacy_metrics.xlsx
13. Concrete Compressive Strength,TabDDPM,,fidelity,Outlier_Count_Diff,35.0,35.0,,,,,0.0,0.0,100.0,Score,Fidelity,35.0,/home/gopi.battineni/SYNTH_BENCHMARK/paper results/13. Concrete Compressive Strength/fidelity_privacy_metrics.xlsx
13. Concrete Compressive Strength,TabDDPM,,fidelity,PCA_Mean_Error_Pct,2.932205,2.932205,,,,,0.0,0.0,100.0,Score,Fidelity,2.932205,/home/gopi.battineni/SYNTH_BENCHMARK/paper results/13. Concrete Compressive Strength/fidelity_privacy_metrics.xlsx
13. Concrete Compressive Strength,TabDDPM,,fidelity,Gower_Similarity,0.759916,0.759916,,,,,0.0,0.0,100.0,Score,Fidelity,0.759916,/home/gopi.battineni/SYNTH_BENCHMARK/paper results/13. Concrete Compressive Strength/fidelity_privacy_metrics.xlsx
13. Concrete Compressive Strength,WGAN_GP,,fidelity,Outlier_Count_Diff,9.75,9.75,,,,,0.0,0.0,100.0,Score,Fidelity,9.75,/home/gopi.battineni/SYNTH_BENCHMARK/paper results/13. Concrete Compressive Strength/fidelity_privacy_metrics.xlsx
13. Concrete Compressive Strength,WGAN_GP,,fidelity,PCA_Mean_Error_Pct,26.940413,26.940413,,,,,0.0,0.0,100.0,Score,Fidelity,26.940413,/home/gopi.battineni/SYNTH_BENCHMARK/paper results/13. Concrete Compressive Strength/fidelity_privacy_metrics.xlsx
13. Concrete Compressive Strength,WGAN_GP,,fidelity,Gower_Similarity,0.830615,0.830615,,,,,0.0,0.0,100.0,Score,Fidelity,0.830615,/home/gopi.battineni/SYNTH_BENCHMARK/paper results/13. Concrete Compressive Strength/fidelity_privacy_metrics.xlsx
13. Concrete Compressive Strength,CTABGAN,,fidelity,Outlier_Count_Diff,50.875,50.875,,,,,0.0,0.0,100.0,Score,Fidelity,50.875,/home/gopi.battineni/SYNTH_BENCHMARK/paper results/13. Concrete Compressive Strength/fidelity_privacy_metrics.xlsx
13. Concrete Compressive Strength,CTABGAN,,fidelity,PCA_Mean_Error_Pct,14.438487,14.438487,,,,,0.0,0.0,100.0,Score,Fidelity,14.438487,/home/gopi.battineni/SYNTH_BENCHMARK/paper results/13. Concrete Compressive Strength/fidelity_privacy_metrics.xlsx
13. Concrete Compressive Strength,CTABGAN,,fidelity,Gower_Similarity,0.767293,0.767293,,,,,0.0,0.0,100.0,Score,Fidelity,0.767293,/home/gopi.battineni/SYNTH_BENCHMARK/paper results/13. Concrete Compressive Strength/fidelity_privacy_metrics.xlsx
13. Concrete Compressive Strength,GaussianCopula,,fidelity,Outlier_Count_Diff,19.75,19.75,,,,,0.0,0.0,100.0,Score,Fidelity,19.75,/home/gopi.battineni/SYNTH_BENCHMARK/paper results/13. Concrete Compressive Strength/fidelity_privacy_metrics.xlsx
13. Concrete Compressive Strength,GaussianCopula,,fidelity,PCA_Mean_Error_Pct,13.327751,13.327751,,,,,0.0,0.0,100.0,Score,Fidelity,13.327751,/home/gopi.battineni/SYNTH_BENCHMARK/paper results/13. Concrete Compressive Strength/fidelity_privacy_metrics.xlsx
13. Concrete Compressive Strength,GaussianCopula,,fidelity,Gower_Similarity,0.739443,0.739443,,,,,0.0,0.0,100.0,Score,Fidelity,0.739443,/home/gopi.battineni/SYNTH_BENCHMARK/paper results/13. Concrete Compressive Strength/fidelity_privacy_metrics.xlsx
13. Concrete Compressive Strength,TVAE,,fidelity,Outlier_Count_Diff,29.0,29.0,,,,,0.0,0.0,100.0,Score,Fidelity,29.0,/home/gopi.battineni/SYNTH_BENCHMARK/paper results/13. Concrete Compressive Strength/fidelity_privacy_metrics.xlsx
14. Energy Efficiency,WGAN_GP,,fidelity,Gower_Similarity,0.837679,0.837679,,,,,0.0,0.0,100.0,Score,Fidelity,0.837679,/home/gopi.battineni/SYNTH_BENCHMARK/paper results/14. Energy Efficiency/fidelity_privacy_metrics.xlsx
14. Energy Efficiency,CTABGAN,,fidelity,Outlier_Count_Diff,17.125,17.125,,,,,0.0,0.0,100.0,Score,Fidelity,17.125,/home/gopi.battineni/SYNTH_BENCHMARK/paper results/14. Energy Efficiency/fidelity_privacy_metrics.xlsx
14. Energy Efficiency,CTABGAN,,fidelity,PCA_Mean_Error_Pct,9.30352,9.30352,,,,,0.0,0.0,100.0,Score,Fidelity,9.30352,/home/gopi.battineni/SYNTH_BENCHMARK/paper results/14. Energy Efficiency/fidelity_privacy_metrics.xlsx
13. Concrete Compressive Strength,CopulaGAN,,fidelity,PCA_Mean_Error_Pct,20.73438733333333,20.73438733333333,,,,,0.0,0.0,100.0,Score,Fidelity,20.73438733333333,/home/gopi.battineni/SYNTH_BENCHMARK/paper results/13. Concrete Compressive Strength/fidelity_privacy_metrics.xlsx
13. Concrete Compressive Strength,CopulaGAN,,fidelity,Gower_Similarity,0.729719,0.729719,,,,,0.0,0.0,100.0,Score,Fidelity,0.729719,/home/gopi.battineni/SYNTH_BENCHMARK/paper results/13. Concrete Compressive Strength/fidelity_privacy_metrics.xlsx
13. Concrete Compressive Strength,CTGAN,,fidelity,Outlier_Count_Diff,23.875,23.875,,,,,0.0,0.0,100.0,Score,Fidelity,23.875,/home/gopi.battineni/SYNTH_BENCHMARK/paper results/13. Concrete Compressive Strength/fidelity_privacy_metrics.xlsx
13. Concrete Compressive Strength,CTGAN,,fidelity,PCA_Mean_Error_Pct,16.27332,16.27332,,,,,0.0,0.0,100.0,Score,Fidelity,16.27332,/home/gopi.battineni/SYNTH_BENCHMARK/paper results/13. Concrete Compressive Strength/fidelity_privacy_metrics.xlsx
13. Concrete Compressive Strength,CTGAN,,fidelity,Gower_Similarity,0.730471,0.730471,,,,,0.0,0.0,100.0,Score,Fidelity,0.730471,/home/gopi.battineni/SYNTH_BENCHMARK/paper results/13. Concrete Compressive Strength/fidelity_privacy_metrics.xlsx
12. Air Quality,ForestDiffusion,,fidelity,Outlier_Count_Diff,9.833333,9.833333,,,,,0.0,0.0,100.0,Score,Fidelity,9.833333,/home/gopi.battineni/SYNTH_BENCHMARK/paper results/12. Air Quality/fidelity_privacy_metrics.xlsx
12. Air Quality,ForestDiffusion,,fidelity,PCA_Mean_Error_Pct,0.594682,0.594682,,,,,0.0,0.0,100.0,Score,Fidelity,0.594682,/home/gopi.battineni/SYNTH_BENCHMARK/paper results/12. Air Quality/fidelity_privacy_metrics.xlsx
12. Air Quality,ForestDiffusion,,fidelity,Gower_Similarity,0.824465,0.824465,,,,,0.0,0.0,100.0,Score,Fidelity,0.824465,/home/gopi.battineni/SYNTH_BENCHMARK/paper results/12. Air Quality/fidelity_privacy_metrics.xlsx
12. Air Quality,TabDDPM,,fidelity,Outlier_Count_Diff,27.666667,27.666667,,,,,0.0,0.0,100.0,Score,Fidelity,27.666667,/home/gopi.battineni/SYNTH_BENCHMARK/paper results/12. Air Quality/fidelity_privacy_metrics.xlsx
12. Air Quality,TabDDPM,,fidelity,PCA_Mean_Error_Pct,24.713369,24.713369,,,,,0.0,0.0,100.0,Score,Fidelity,24.713369,/home/gopi.battineni/SYNTH_BENCHMARK/paper results/12. Air Quality/fidelity_privacy_metrics.xlsx
12. Air Quality,TabDDPM,,fidelity,Gower_Similarity,0.70232,0.70232,,,,,0.0,0.0,100.0,Score,Fidelity,0.70232,/home/gopi.battineni/SYNTH_BENCHMARK/paper results/12. Air Quality/fidelity_privacy_metrics.xlsx
12. Air Quality,WGAN_GP,,fidelity,Outlier_Count_Diff,24.333333,24.333333,,,,,0.0,0.0,100.0,Score,Fidelity,24.333333,/home/gopi.battineni/SYNTH_BENCHMARK/paper results/12. Air Quality/fidelity_privacy_metrics.xlsx
12. Air Quality,WGAN_GP,,fidelity,PCA_Mean_Error_Pct,4.384418,4.384418,,,,,0.0,0.0,100.0,Score,Fidelity,4.384418,/home/gopi.battineni/SYNTH_BENCHMARK/paper results/12. Air Quality/fidelity_privacy_metrics.xlsx
13. Concrete Compressive Strength,ForestDiffusion,,fidelity,Outlier_Count_Diff,16.875,16.875,,,,,0.0,0.0,100.0,Score,Fidelity,16.875,/home/gopi.battineni/SYNTH_BENCHMARK/paper results/13. Concrete Compressive Strength/fidelity_privacy_metrics.xlsx
13. Concrete Compressive Strength,ForestDiffusion,,fidelity,PCA_Mean_Error_Pct,3.217264,3.217264,,,,,0.0,0.0,100.0,Score,Fidelity,3.217264,/home/gopi.battineni/SYNTH_BENCHMARK/paper results/13. Concrete Compressive Strength/fidelity_privacy_metrics.xlsx
13. Concrete Compressive Strength,ForestDiffusion,,fidelity,Gower_Similarity,0.762258,0.762258,,,,,0.0,0.0,100.0,Score,Fidelity,0.762258,/home/gopi.battineni/SYNTH_BENCHMARK/paper results/13. Concrete Compressive Strength/fidelity_privacy_metrics.xlsx
1. Cancer,ForestDiffusion,,fidelity,Outlier_Count_Diff,10.733333,10.733333,,,,,0.0,0.0,100.0,Score,Fidelity,10.733333,/home/gopi.battineni/SYNTH_BENCHMARK/paper results/1. Cancer/fidelity_privacy_metrics.xlsx
1. Cancer,ForestDiffusion,,fidelity,PCA_Mean_Error_Pct,0.5960965,0.5960965,,,,,0.0,0.0,100.0,Score,Fidelity,0.5960965,/home/gopi.battineni/SYNTH_BENCHMARK/paper results/1. Cancer/fidelity_privacy_metrics.xlsx
1. Cancer,ForestDiffusion,,fidelity,Gower_Similarity,0.860912,0.860912,,,,,0.0,0.0,100.0,Score,Fidelity,0.860912,/home/gopi.battineni/SYNTH_BENCHMARK/paper results/1. Cancer/fidelity_privacy_metrics.xlsx
1. Cancer,TabDDPM,,fidelity,Outlier_Count_Diff,41.566667,41.566667,,,,,0.0,0.0,100.0,Score,Fidelity,41.566667,/home/gopi.battineni/SYNTH_BENCHMARK/paper results/1. Cancer/fidelity_privacy_metrics.xlsx
1. Cancer,TabDDPM,,fidelity,PCA_Mean_Error_Pct,69.7495125,69.7495125,,,,,0.0,0.0,100.0,Score,Fidelity,69.7495125,/home/gopi.battineni/SYNTH_BENCHMARK/paper results/1. Cancer/fidelity_privacy_metrics.xlsx
1. Cancer,TabDDPM,,fidelity,Gower_Similarity,0.478821,0.478821,,,,,0.0,0.0,100.0,Score,Fidelity,0.478821,/home/gopi.battineni/SYNTH_BENCHMARK/paper results/1. Cancer/fidelity_privacy_metrics.xlsx
1. Cancer,WGAN_GP,,fidelity,Outlier_Count_Diff,12.6,12.6,,,,,0.0,0.0,100.0,Score,Fidelity,12.6,/home/gopi.battineni/SYNTH_BENCHMARK/paper results/1. Cancer/fidelity_privacy_metrics.xlsx
1. Cancer,TVAE,,fidelity,PCA_Mean_Error_Pct,4.763045,4.763045,,,,,0.0,0.0,100.0,Score,Fidelity,4.763045,/home/gopi.battineni/SYNTH_BENCHMARK/paper results/1. Cancer/fidelity_privacy_metrics.xlsx
1. Cancer,TVAE,,fidelity,Gower_Similarity,0.865425,0.865425,,,,,0.0,0.0,100.0,Score,Fidelity,0.865425,/home/gopi.battineni/SYNTH_BENCHMARK/paper results/1. Cancer/fidelity_privacy_metrics.xlsx
1. Cancer,CopulaGAN,,fidelity,Outlier_Count_Diff,28.2,28.2,,,,,0.0,0.0,100.0,Score,Fidelity,28.2,/home/gopi.battineni/SYNTH_BENCHMARK/paper results/1. Cancer/fidelity_privacy_metrics.xlsx
1. Cancer,CopulaGAN,,fidelity,PCA_Mean_Error_Pct,22.3088785,22.3088785,,,,,0.0,0.0,100.0,Score,Fidelity,22.3088785,/home/gopi.battineni/SYNTH_BENCHMARK/paper results/1. Cancer/fidelity_privacy_metrics.xlsx
1. Cancer,CopulaGAN,,fidelity,Gower_Similarity,0.787046,0.787046,,,,,0.0,0.0,100.0,Score,Fidelity,0.787046,/home/gopi.battineni/SYNTH_BENCHMARK/paper results/1. Cancer/fidelity_privacy_metrics.xlsx
1. Cancer,CTGAN,,fidelity,Outlier_Count_Diff,16.9,16.9,,,,,0.0,0.0,100.0,Score,Fidelity,16.9,/home/gopi.battineni/SYNTH_BENCHMARK/paper results/1. Cancer/fidelity_privacy_metrics.xlsx
1. Cancer,CTGAN,,fidelity,PCA_Mean_Error_Pct,11.317073,11.317073,,,,,0.0,0.0,100.0,Score,Fidelity,11.317073,/home/gopi.battineni/SYNTH_BENCHMARK/paper results/1. Cancer/fidelity_privacy_metrics.xlsx
1. Cancer,CTGAN,,fidelity,Gower_Similarity,0.825575,0.825575,,,,,0.0,0.0,100.0,Score,Fidelity,0.825575,/home/gopi.battineni/SYNTH_BENCHMARK/paper results/1. Cancer/fidelity_privacy_metrics.xlsx
4. Forest cover dataset,CTGAN,,fidelity,Wasserstein_Distance,0.0160393381547227,0.0160393381547227,,,,,0.0,0.0,100.0,Score,Fidelity,0.0160393381547227,"Generators\SDV models\4.Forest cover.ipynb (plot-digitized Mean_W, ylim=0.25)"
4. Forest cover dataset,GaussianCopula,,fidelity,Wasserstein_Distance,0.0043145956607495,0.0043145956607495,,,,,0.0,0.0,100.0,Score,Fidelity,0.0043145956607495,"Generators\SDV models\4.Forest cover.ipynb (plot-digitized Mean_W, ylim=0.25)"
4. Forest cover dataset,TVAE,,fidelity,Wasserstein_Distance,0.0142176199868507,0.0142176199868507,,,,,0.0,0.0,100.0,Score,Fidelity,0.0142176199868507,"Generators\SDV models\4.Forest cover.ipynb (plot-digitized Mean_W, ylim=0.25)"
4. Forest cover dataset,CopulaGAN,,fidelity,Wasserstein_Distance,0.0219564979180363,0.0219564979180363,,,,,0.0,0.0,100.0,Score,Fidelity,0.0219564979180363,"Generators\SDV models\4.Forest cover.ipynb (plot-digitized Mean_W, ylim=0.25)"
10. Metro interstate,ForestDiffusion,,fidelity,Quality_Score,0.9053272950819672,0.9053272950819672,,,,,0.0,0.0,100.0,Score,Fidelity,0.9053272950819672,Generators/Experiment with utility data leak/utility results/10. Metro interstate/TRTR_TSTR_results_merged.xlsx
12. Air Quality,,,fidelity,Quality_Score,0.8178852680962627,0.8178852680962627,,,,,0.0,0.0,100.0,Score,Fidelity,0.8178852680962627,Generators/Experiment with utility data leak/utility results/12. Air Quality/TRTR_TSTR_results_merged.xlsx
11. online shopping,TabDDPM,,fidelity,Quality_Score,0.7816998382320683,0.7816998382320683,,,,,0.0,0.0,100.0,Score,Fidelity,0.7816998382320683,Generators/Experiment with utility data leak/utility results/11. online shopping/TRTR_TSTR_results_merged.xlsx
11. online shopping,ForestDiffusion,,fidelity,Quality_Score,0.9151970007980958,0.9151970007980958,,,,,0.0,0.0,100.0,Score,Fidelity,0.9151970007980958,Generators/Experiment with utility data leak/utility results/11. online shopping/TRTR_TSTR_results_merged.xlsx
10. Metro interstate,TabDDPM,,fidelity,Quality_Score,0.8240340163934425,0.8240340163934425,,,,,0.0,0.0,100.0,Score,Fidelity,0.8240340163934425,Generators/Experiment with utility data leak/utility results/10. Metro interstate/TRTR_TSTR_results_merged.xlsx
15. Real Estate Valuation,CTABGAN,,,JS_Divergence,,0.1376666666666667,,,,,,0.0,,Score,Fidelity,0.1376666666666667,Results/Supplementary/js_divergence_from_plots.csv
15. Real Estate Valuation,ForestDiffusion,,,JS_Divergence,,0.007,,,,,,0.0,,Score,Fidelity,0.007,Results/Supplementary/js_divergence_from_plots.csv
15. Real Estate Valuation,,,fidelity,Quality_Score,0.8593680275609603,0.8593680275609603,,,,,0.0,0.0,100.0,Score,Fidelity,0.8593680275609603,Generators/Experiment with utility data leak/utility results/15. Real Estate Valuation/TRTR_TSTR_results_merged.xlsx
13. Concrete Compressive Strength,,,fidelity,Quality_Score,0.7506345079655279,0.7506345079655279,,,,,0.0,0.0,100.0,Score,Fidelity,0.7506345079655279,Generators/Experiment with utility data leak/utility results/13. Concrete Compressive Strength/TRTR_TSTR_results_merged.xlsx
14. Energy Efficiency,ForestDiffusion,,,JS_Divergence,,0.0135,,,,,,0.0,,Score,Fidelity,0.0135,Results/Supplementary/js_divergence_from_plots.csv
14. Energy Efficiency,TabDDPM,,,JS_Divergence,,0.1153333333333333,,,,,,0.0,,Score,Fidelity,0.1153333333333333,Results/Supplementary/js_divergence_from_plots.csv
14. Energy Efficiency,CTABGAN,,,JS_Divergence,,0.1295,,,,,,0.0,,Score,Fidelity,0.1295,Results/Supplementary/js_divergence_from_plots.csv
14. Energy Efficiency,WGAN_GP,,,JS_Divergence,,0.12125,,,,,,0.0,,Score,Fidelity,0.12125,Results/Supplementary/js_divergence_from_plots.csv
13. Concrete Compressive Strength,WGAN_GP,,,JS_Divergence,,0.0563333333333333,,,,,,0.0,,Score,Fidelity,0.0563333333333333,Results/Supplementary/js_divergence_from_plots.csv
13. Concrete Compressive Strength,GaussianCopula,,,JS_Divergence,,0.1287499999999999,,,,,,0.0,,Score,Fidelity,0.1287499999999999,Results/Supplementary/js_divergence_from_plots.csv
13. Concrete Compressive Strength,CTGAN,,,JS_Divergence,,0.08775,,,,,,0.0,,Score,Fidelity,0.08775,Results/Supplementary/js_divergence_from_plots.csv
14. Energy Efficiency,,,fidelity,Quality_Score,0.4979300039227117,0.4979300039227117,,,,,0.0,0.0,100.0,Score,Fidelity,0.4979300039227117,Generators/Experiment with utility data leak/utility results/14. Energy Efficiency/TRTR_TSTR_results_merged.xlsx
1. Cancer,ForestDiffusion,,,JS_Divergence,,0.0208333333333333,,,,,,0.0,,Score,Fidelity,0.0208333333333333,Results/Supplementary/js_divergence_from_plots.csv
1. Cancer,CTABGAN,,,JS_Divergence,,0.0739615384615384,,,,,,0.0,,Score,Fidelity,0.0739615384615384,Results/Supplementary/js_divergence_from_plots.csv
1. Cancer,WGAN_GP,,,JS_Divergence,,0.0238999999999999,,,,,,0.0,,Score,Fidelity,0.0238999999999999,Results/Supplementary/js_divergence_from_plots.csv
1. Cancer,CTGAN,,,JS_Divergence,,0.1121379310344827,,,,,,0.0,,Score,Fidelity,0.1121379310344827,Results/Supplementary/js_divergence_from_plots.csv
12. Air Quality,TabDDPM,,,JS_Divergence,,0.2252857142857142,,,,,,0.0,,Score,Fidelity,0.2252857142857142,Results/Supplementary/js_divergence_from_plots.csv
12. Air Quality,ForestDiffusion,,,JS_Divergence,,0.197,,,,,,0.0,,Score,Fidelity,0.197,Results/Supplementary/js_divergence_from_plots.csv
2. Alzhimers,GaussianCopula,,,JS_Divergence,,0.0984999999999999,,,,,,0.0,,Score,Fidelity,0.0984999999999999,Results/Supplementary/js_divergence_from_plots.csv
1. Cancer,TabDDPM,,,JS_Divergence,,0.6448333333333334,,,,,,0.0,,Score,Fidelity,0.6448333333333334,Results/Supplementary/js_divergence_from_plots.csv
1. Cancer,CopulaGAN,,,JS_Divergence,,0.1410357142857143,,,,,,0.0,,Score,Fidelity,0.1410357142857143,Results/Supplementary/js_divergence_from_plots.csv
1. Cancer,TVAE,,,JS_Divergence,,0.0458095238095238,,,,,,0.0,,Score,Fidelity,0.0458095238095238,Results/Supplementary/js_divergence_from_plots.csv
1. Cancer,GaussianCopula,,,JS_Divergence,,0.037235294117647,,,,,,0.0,,Score,Fidelity,0.037235294117647,Results/Supplementary/js_divergence_from_plots.csv
12. Air Quality,CTABGAN,,,JS_Divergence,,0.0226666666666666,,,,,,0.0,,Score,Fidelity,0.0226666666666666,Results/Supplementary/js_divergence_from_plots.csv
6. Wine dataset,CopulaGAN,,,JS_Divergence,,0.0342222222222222,,,,,,0.0,,Score,Fidelity,0.0342222222222222,Results/Supplementary/js_divergence_from_plots.csv
6. Wine dataset,CTGAN,,,JS_Divergence,,0.03275,,,,,,0.0,,Score,Fidelity,0.03275,Results/Supplementary/js_divergence_from_plots.csv
6. Wine dataset,WGAN_GP,,,JS_Divergence,,0.1145454545454545,,,,,,0.0,,Score,Fidelity,0.1145454545454545,Results/Supplementary/js_divergence_from_plots.csv
14. Energy Efficiency,CTGAN,,,JS_Divergence,,0.131,,,,,,0.0,,Score,Fidelity,0.131,Results/Supplementary/js_divergence_from_plots.csv
2. Alzhimers,TVAE,,,JS_Divergence,,0.1172,,,,,,0.0,,Score,Fidelity,0.1172,Results/Supplementary/js_divergence_from_plots.csv
3. Adult,CTGAN,,,Wasserstein_Distance,0.044069,0.044069,,,,,,,,,,0.044069,
3. Adult,CTGAN,,,Gower_Similarity,0.606159,0.606159,,,,,,,,,,0.606159,
3. Adult,CTGAN,,,Cosine_Similarity,0.01415,0.01415,,,,,,,,,,0.01415,
6. Wine dataset,TVAE,,,JS_Divergence,,0.031,,,,,,0.0,,Score,Fidelity,0.031,Results/Supplementary/js_divergence_from_plots.csv
6. Wine dataset,GaussianCopula,,,JS_Divergence,,0.0393636363636363,,,,,,0.0,,Score,Fidelity,0.0393636363636363,Results/Supplementary/js_divergence_from_plots.csv
5. Bank Markting,TabDDPM,,,JS_Divergence,,0.6054999999999999,,,,,,0.0,,Score,Fidelity,0.6054999999999999,Results/Supplementary/js_divergence_from_plots.csv
5. Bank Markting,ForestDiffusion,,,JS_Divergence,,0.0306666666666666,,,,,,0.0,,Score,Fidelity,0.0306666666666666,Results/Supplementary/js_divergence_from_plots.csv
5. Bank Markting,CTABGAN,,,JS_Divergence,,0.0604166666666666,,,,,,0.0,,Score,Fidelity,0.0604166666666666,Results/Supplementary/js_divergence_from_plots.csv
5. Bank Markting,WGAN_GP,,,JS_Divergence,,0.2274,,,,,,0.0,,Score,Fidelity,0.2274,Results/Supplementary/js_divergence_from_plots.csv
12. Air Quality,CopulaGAN,,,JS_Divergence,,0.2298,,,,,,0.0,,Score,Fidelity,0.2298,Results/Supplementary/js_divergence_from_plots.csv
12. Air Quality,GaussianCopula,,,JS_Divergence,,0.0126666666666666,,,,,,0.0,,Score,Fidelity,0.0126666666666666,Results/Supplementary/js_divergence_from_plots.csv
2. Alzhimers,CTABGAN,,,JS_Divergence,,0.14825,,,,,,0.0,,Score,Fidelity,0.14825,Results/Supplementary/js_divergence_from_plots.csv
2. Alzhimers,WGAN_GP,,,JS_Divergence,,0.20125,,,,,,0.0,,Score,Fidelity,0.20125,Results/Supplementary/js_divergence_from_plots.csv
2. Alzhimers,CTGAN,,,JS_Divergence,,0.1919999999999999,,,,,,0.0,,Score,Fidelity,0.1919999999999999,Results/Supplementary/js_divergence_from_plots.csv
2. Alzhimers,CopulaGAN,,,JS_Divergence,,0.1376,,,,,,0.0,,Score,Fidelity,0.1376,Results/Supplementary/js_divergence_from_plots.csv
3. Adult,TVAE,,,Wasserstein_Distance,0.097094,0.097094,,,,,,,,,,0.097094,
3. Adult,TVAE,,,Gower_Similarity,0.702597,0.702597,,,,,,,,,,0.702597,
3. Adult,TVAE,,,Cosine_Similarity,0.028617,0.028617,,,,,,,,,,0.028617,
3. Adult,CopulaGAN,,,Wasserstein_Distance,0.063869,0.063869,,,,,,,,,,0.063869,
3. Adult,CopulaGAN,,,Gower_Similarity,0.60362,0.60362,,,,,,,,,,0.60362,
3. Adult,CopulaGAN,,,Cosine_Similarity,0.015996,0.015996,,,,,,,,,,0.015996,
3. Adult,GaussianCopula,,,Wasserstein_Distance,0.098072,0.098072,,,,,,,,,,0.098072,
3. Adult,GaussianCopula,,,Gower_Similarity,0.572546,0.572546,,,,,,,,,,0.572546,
3. Adult,GaussianCopula,,,Cosine_Similarity,-0.021114,-0.021114,,,,,,,,,,-0.021114,
3. Adult,CTABGAN,,,Wasserstein_Distance,0.04297,0.04297,,,,,,,,,,0.04297,
3. Adult,CTABGAN,,,Gower_Similarity,0.61206,0.61206,,,,,,,,,,0.61206,
12. Air Quality,WGAN_GP,,,JS_Divergence,,0.09,,,,,,0.0,,Score,Fidelity,0.09,Results/Supplementary/js_divergence_from_plots.csv
6. Wine dataset,ForestDiffusion,,,JS_Divergence,,0.0163999999999999,,,,,,0.0,,Score,Fidelity,0.0163999999999999,Results/Supplementary/js_divergence_from_plots.csv
6. Wine dataset,CTABGAN,,,JS_Divergence,,0.0311999999999999,,,,,,0.0,,Score,Fidelity,0.0311999999999999,Results/Supplementary/js_divergence_from_plots.csv
10. Metro interstate,CopulaGAN,,,JS_Divergence,,0.2198,,,,,,0.0,,Score,Fidelity,0.2198,Results/Supplementary/js_divergence_from_plots.csv
10. Metro interstate,CTGAN,,,JS_Divergence,,0.2128571428571428,,,,,,0.0,,Score,Fidelity,0.2128571428571428,Results/Supplementary/js_divergence_from_plots.csv
3. Adult,WGAN_GP,,,Wasserstein_Distance,0.075009,0.075009,,,,,,,,,,0.075009,
3. Adult,WGAN_GP,,,Gower_Similarity,0.521082,0.521082,,,,,,,,,,0.521082,
3. Adult,CTABGAN,,,Cosine_Similarity,-0.031479,-0.031479,,,,,,,,,,-0.031479,
3. Adult,TabDDPM,,,Wasserstein_Distance,0.369429,0.369429,,,,,,,,,,0.369429,
3. Adult,TabDDPM,,,Gower_Similarity,0.313479,0.313479,,,,,,,,,,0.313479,
3. Adult,TabDDPM,,,Cosine_Similarity,-0.054662,-0.054662,,,,,,,,,,-0.054662,
3. Adult,ForestDiffusion,,,Wasserstein_Distance,0.016267,0.016267,,,,,,,,,,0.016267,
3. Adult,ForestDiffusion,,,Gower_Similarity,0.645353,0.645353,,,,,,,,,,0.645353,
3. Adult,WGAN_GP,,,Cosine_Similarity,0.000121,0.000121,,,,,,,,,,0.000121,
8. Mushroom dataset,WGAN_GP,,,JS_Divergence,,0.3174705882352941,,,,,,0.0,,Score,Fidelity,0.3174705882352941,Results/Supplementary/js_divergence_from_plots.csv
8. Mushroom dataset,CTGAN,,,JS_Divergence,,0.0131428571428571,,,,,,0.0,,Score,Fidelity,0.0131428571428571,Results/Supplementary/js_divergence_from_plots.csv
8. Mushroom dataset,CopulaGAN,,,JS_Divergence,,0.0109230769230769,,,,,,0.0,,Score,Fidelity,0.0109230769230769,Results/Supplementary/js_divergence_from_plots.csv
8. Mushroom dataset,TVAE,,,JS_Divergence,,0.008,,,,,,0.0,,Score,Fidelity,0.008,Results/Supplementary/js_divergence_from_plots.csv
8. Mushroom dataset,GaussianCopula,,,JS_Divergence,,0.0236666666666666,,,,,,0.0,,Score,Fidelity,0.0236666666666666,Results/Supplementary/js_divergence_from_plots.csv
7. CDC diabetes dataset,CTABGAN,,,JS_Divergence,,0.1225833333333333,,,,,,0.0,,Score,Fidelity,0.1225833333333333,Results/Supplementary/js_divergence_from_plots.csv
7. CDC diabetes dataset,WGAN_GP,,,JS_Divergence,,0.0692499999999999,,,,,,0.0,,Score,Fidelity,0.0692499999999999,Results/Supplementary/js_divergence_from_plots.csv
7. CDC diabetes dataset,TVAE,,,JS_Divergence,,0.019,,,,,,0.0,,Score,Fidelity,0.019,Results/Supplementary/js_divergence_from_plots.csv
7. CDC diabetes dataset,GaussianCopula,,,JS_Divergence,,0.0376666666666666,,,,,,0.0,,Score,Fidelity,0.0376666666666666,Results/Supplementary/js_divergence_from_plots.csv
7. CDC diabetes dataset,CTGAN,,,JS_Divergence,,0.0261,,,,,,0.0,,Score,Fidelity,0.0261,Results/Supplementary/js_divergence_from_plots.csv
7. CDC diabetes dataset,CopulaGAN,,,JS_Divergence,,0.0308,,,,,,0.0,,Score,Fidelity,0.0308,Results/Supplementary/js_divergence_from_plots.csv
6. Wine dataset,TabDDPM,,,JS_Divergence,,0.1431666666666667,,,,,,0.0,,Score,Fidelity,0.1431666666666667,Results/Supplementary/js_divergence_from_plots.csv
3. Adult,ForestDiffusion,,,Cosine_Similarity,0.020289,0.020289,,,,,,,,,,0.020289,
8. Mushroom dataset,ForestDiffusion,,,JS_Divergence,,0.1098235294117647,,,,,,0.0,,Score,Fidelity,0.1098235294117647,Results/Supplementary/js_divergence_from_plots.csv
8. Mushroom dataset,CTABGAN,,,JS_Divergence,,0.021,,,,,,0.0,,Score,Fidelity,0.021,Results/Supplementary/js_divergence_from_plots.csv
11. online shopping,WGAN_GP,,,JS_Divergence,,0.0497,,,,,,0.0,,Score,Fidelity,0.0497,Results/Supplementary/js_divergence_from_plots.csv
11. online shopping,CTABGAN,,,JS_Divergence,,0.0184,,,,,,0.0,,Score,Fidelity,0.0184,Results/Supplementary/js_divergence_from_plots.csv
10. Metro interstate,GaussianCopula,,,JS_Divergence,,0.3763333333333333,,,,,,0.0,,Score,Fidelity,0.3763333333333333,Results/Supplementary/js_divergence_from_plots.csv
9. MAGIC Gamma Telescope,TabDDPM,,,JS_Divergence,,0.3245,,,,,,0.0,,Score,Fidelity,0.3245,Results/Supplementary/js_divergence_from_plots.csv
9. MAGIC Gamma Telescope,CTABGAN,,,JS_Divergence,,0.0266999999999999,,,,,,0.0,,Score,Fidelity,0.0266999999999999,Results/Supplementary/js_divergence_from_plots.csv
10. Metro interstate,TVAE,,,JS_Divergence,,0.01875,,,,,,0.0,,Score,Fidelity,0.01875,Results/Supplementary/js_divergence_from_plots.csv
11. online shopping,TabDDPM,,,JS_Divergence,,0.3057142857142857,,,,,,0.0,,Score,Fidelity,0.3057142857142857,Results/Supplementary/js_divergence_from_plots.csv
11. online shopping,ForestDiffusion,,,JS_Divergence,,0.118875,,,,,,0.0,,Score,Fidelity,0.118875,Results/Supplementary/js_divergence_from_plots.csv
9. MAGIC Gamma Telescope,CTGAN,,,JS_Divergence,,0.0341249999999999,,,,,,0.0,,Score,Fidelity,0.0341249999999999,Results/Supplementary/js_divergence_from_plots.csv
9. MAGIC Gamma Telescope,CopulaGAN,,,JS_Divergence,,0.0475,,,,,,0.0,,Score,Fidelity,0.0475,Results/Supplementary/js_divergence_from_plots.csv
9. MAGIC Gamma Telescope,TVAE,,,JS_Divergence,,0.0375,,,,,,0.0,,Score,Fidelity,0.0375,Results/Supplementary/js_divergence_from_plots.csv
9. MAGIC Gamma Telescope,GaussianCopula,,,JS_Divergence,,0.0353333333333333,,,,,,0.0,,Score,Fidelity,0.0353333333333333,Results/Supplementary/js_divergence_from_plots.csv
8. Mushroom dataset,TabDDPM,,,JS_Divergence,,0.4794117647058823,,,,,,0.0,,Score,Fidelity,0.4794117647058823,Results/Supplementary/js_divergence_from_plots.csv
9. MAGIC Gamma Telescope,WGAN_GP,,,JS_Divergence,,0.031875,,,,,,0.0,,Score,Fidelity,0.031875,Results/Supplementary/js_divergence_from_plots.csv
10. Metro interstate,TabDDPM,,,JS_Divergence,,0.1947499999999999,,,,,,0.0,,Score,Fidelity,0.1947499999999999,Results/Supplementary/js_divergence_from_plots.csv
10. Metro interstate,ForestDiffusion,,,JS_Divergence,,0.107,,,,,,0.0,,Score,Fidelity,0.107,Results/Supplementary/js_divergence_from_plots.csv
10. Metro interstate,WGAN_GP,,,JS_Divergence,,0.2817,,,,,,0.0,,Score,Fidelity,0.2817,Results/Supplementary/js_divergence_from_plots.csv
10. Metro interstate,CTABGAN,,,JS_Divergence,,0.2352,,,,,,0.0,,Score,Fidelity,0.2352,Results/Supplementary/js_divergence_from_plots.csv
11. online shopping,CopulaGAN,,,JS_Divergence,,0.06275,,,,,,0.0,,Score,Fidelity,0.06275,Results/Supplementary/js_divergence_from_plots.csv
11. online shopping,TVAE,,,JS_Divergence,,0.1909999999999999,,,,,,0.0,,Score,Fidelity,0.1909999999999999,Results/Supplementary/js_divergence_from_plots.csv
11. online shopping,GaussianCopula,,,JS_Divergence,,0.1182,,,,,,0.0,,Score,Fidelity,0.1182,Results/Supplementary/js_divergence_from_plots.csv
11. online shopping,CTGAN,,,JS_Divergence,,0.0292499999999999,,,,,,0.0,,Score,Fidelity,0.0292499999999999,Results/Supplementary/js_divergence_from_plots.csv
4. Forest cover dataset,CTGAN,,,JS_Divergence,0.010397,0.010397,,,,,,0.0,,Score,Fidelity,0.010397,Generators/SDV models/4.Forest cover.ipynb (Mean_JS recovered from fidelity plot; top-10 bars / 54 features)
4. Forest cover dataset,CopulaGAN,,,JS_Divergence,0.015801,0.015801,,,,,,0.0,,Score,Fidelity,0.015801,Generators/SDV models/4.Forest cover.ipynb (Mean_JS recovered from fidelity plot; top-10 bars / 54 features)
4. Forest cover dataset,TVAE,,,JS_Divergence,0.006718,0.006718,,,,,,0.0,,Score,Fidelity,0.006718,Generators/SDV models/4.Forest cover.ipynb (Mean_JS recovered from fidelity plot; top-10 bars / 54 features)
4. Forest cover dataset,GaussianCopula,,,JS_Divergence,0.005124,0.005124,,,,,,0.0,,Score,Fidelity,0.005124,Generators/SDV models/4.Forest cover.ipynb (Mean_JS recovered from fidelity plot; top-10 bars / 54 features)
12. Air Quality,TVAE,,fidelity,JS_Divergence,0.0278461538461538,0.0278461538461538,,,,,0.0,0.0,100.0,Score,Fidelity,0.0278461538461538,Generators/SDV models/12. Air Quality.ipynb (Mean_JS from labeled feature plot)
14. Energy Efficiency,GaussianCopula,,fidelity,JS_Divergence,0.2091111111111111,0.2091111111111111,,,,,0.0,0.0,100.0,Score,Fidelity,0.2091111111111111,Generators/SDV models/14. Energy Efficiency.ipynb (Mean_JS from labeled feature plot)
5. Bank Markting,CTGAN,,fidelity,JS_Divergence,0.0085541875,0.0085541875,,,,,0.0,0.0,100.0,Score,Fidelity,0.0085541875,Generators/SDV models/5. Bank Marketing.ipynb (Mean_JS = sum(top-10 JS)/16 features; remaining <= 10th)
5. Bank Markting,CopulaGAN,,fidelity,JS_Divergence,0.013730375,0.013730375,,,,,0.0,0.0,100.0,Score,Fidelity,0.013730375,Generators/SDV models/5. Bank Marketing.ipynb (Mean_JS = sum(top-10 JS)/16 features; remaining <= 10th)
5. Bank Markting,TVAE,,fidelity,JS_Divergence,0.0341435,0.0341435,,,,,0.0,0.0,100.0,Score,Fidelity,0.0341435,Generators/SDV models/5. Bank Marketing.ipynb (Mean_JS = sum(top-10 JS)/16 features; remaining <= 10th)
5. Bank Markting,GaussianCopula,,fidelity,JS_Divergence,0.021484125,0.021484125,,,,,0.0,0.0,100.0,Score,Fidelity,0.021484125,Generators/SDV models/5. Bank Marketing.ipynb (Mean_JS = sum(top-10 JS)/16 features; remaining <= 10th)
4. Forest cover dataset,CTGAN,,fidelity,MMD_Multivariate,0.014445,0.014445,,,,,0.0,0.0,100.0,Score,Fidelity,0.014445,Generators/SDV models/4.Forest cover.ipynb (Global MMD / C2ST summary)
4. Forest cover dataset,CopulaGAN,,fidelity,MMD_Multivariate,0.026483,0.026483,,,,,0.0,0.0,100.0,Score,Fidelity,0.026483,Generators/SDV models/4.Forest cover.ipynb (Global MMD / C2ST summary)
4. Forest cover dataset,TVAE,,fidelity,MMD_Multivariate,0.07814,0.07814,,,,,0.0,0.0,100.0,Score,Fidelity,0.07814,Generators/SDV models/4.Forest cover.ipynb (Global MMD / C2ST summary)
4. Forest cover dataset,GaussianCopula,,fidelity,MMD_Multivariate,0.00104,0.00104,,,,,0.0,0.0,100.0,Score,Fidelity,0.00104,Generators/SDV models/4.Forest cover.ipynb (Global MMD / C2ST summary)
7. CDC diabetes dataset,CTGAN,,fidelity,PCA_Correlation_Diff,0.264839,0.264839,,,,,0.0,0.0,100.0,Score,Fidelity,0.264839,Generators/SDV models/7. Heart.ipynb (TopCorrDiff = max |delta_corr|)
7. CDC diabetes dataset,CopulaGAN,,fidelity,PCA_Correlation_Diff,0.364627,0.364627,,,,,0.0,0.0,100.0,Score,Fidelity,0.364627,Generators/SDV models/7. Heart.ipynb (TopCorrDiff = max |delta_corr|)
7. CDC diabetes dataset,TVAE,,fidelity,PCA_Correlation_Diff,0.406971,0.406971,,,,,0.0,0.0,100.0,Score,Fidelity,0.406971,Generators/SDV models/7. Heart.ipynb (TopCorrDiff = max |delta_corr|)
7. CDC diabetes dataset,GaussianCopula,,fidelity,PCA_Correlation_Diff,0.462251,0.462251,,,,,0.0,0.0,100.0,Score,Fidelity,0.462251,Generators/SDV models/7. Heart.ipynb (TopCorrDiff = max |delta_corr|)
11. online shopping,CopulaGAN,,fidelity,Outlier_Count_Diff,140.818182,140.818182,,,,,0.0,0.0,100.0,Score,Fidelity,140.818182,Generators/SDV models/11. Online Shopping.ipynb (Avg Abs Diff outlier count)
11. online shopping,CTGAN,,fidelity,Outlier_Count_Diff,161.090909,161.090909,,,,,0.0,0.0,100.0,Score,Fidelity,161.090909,Generators/SDV models/11. Online Shopping.ipynb (Avg Abs Diff outlier count)
11. online shopping,GaussianCopula,,fidelity,Outlier_Count_Diff,201.090909,201.090909,,,,,0.0,0.0,100.0,Score,Fidelity,201.090909,Generators/SDV models/11. Online Shopping.ipynb (Avg Abs Diff outlier count)
11. online shopping,TVAE,,fidelity,Outlier_Count_Diff,333.0,333.0,,,,,0.0,0.0,100.0,Score,Fidelity,333.0,Generators/SDV models/11. Online Shopping.ipynb (Avg Abs Diff outlier count)
1. Cancer,CTGAN,,,PCA_Correlation_Diff,1.004611,1.004611,,,,,,0.0,,Score,Fidelity,1.004611,Generators/Other GANS/1. Cancer_other GAN.ipynb
1. Cancer,CopulaGAN,,,PCA_Correlation_Diff,1.072034,1.072034,,,,,,0.0,,Score,Fidelity,1.072034,Generators/Other GANS/1. Cancer_other GAN.ipynb
1. Cancer,TVAE,,,PCA_Correlation_Diff,0.568466,0.568466,,,,,,0.0,,Score,Fidelity,0.568466,Generators/Other GANS/1. Cancer_other GAN.ipynb
1. Cancer,GaussianCopula,,,PCA_Correlation_Diff,0.232499,0.232499,,,,,,0.0,,Score,Fidelity,0.232499,Generators/Other GANS/1. Cancer_other GAN.ipynb
7. CDC diabetes dataset,TabDDPM,,fidelity,Quality_Score,0.5272,0.5272,,,,,0.0,0.0,100.0,Score,Fidelity,0.5272,paper results/7. CDC diabetes dataset/fidelity_privacy_metrics.xlsx
7. CDC diabetes dataset,TabDDPM,,fidelity,Wasserstein_Distance,0.191641,0.191641,,,,,0.0,0.0,100.0,Score,Fidelity,0.191641,paper results/7. CDC diabetes dataset/fidelity_privacy_metrics.xlsx
7. CDC diabetes dataset,TabDDPM,,fidelity,MMD,0.365759,0.365759,,,,,0.0,0.0,100.0,Score,Fidelity,0.365759,paper results/7. CDC diabetes dataset/fidelity_privacy_metrics.xlsx
7. CDC diabetes dataset,TabDDPM,,fidelity,Gower_Similarity,0.620838,0.620838,,,,,0.0,0.0,100.0,Score,Fidelity,0.620838,paper results/7. CDC diabetes dataset/fidelity_privacy_metrics.xlsx
7. CDC diabetes dataset,TabDDPM,,fidelity,Cosine_Similarity,-0.028947,-0.028947,,,,,0.0,0.0,100.0,Score,Fidelity,-0.028947,paper results/7. CDC diabetes dataset/fidelity_privacy_metrics.xlsx
7. CDC diabetes dataset,TabDDPM,,fidelity,PCA_Mean_Error_Pct,62.860091,62.860091,,,,,0.0,0.0,100.0,Score,Fidelity,62.860091,paper results/7. CDC diabetes dataset/fidelity_privacy_metrics.xlsx
7. CDC diabetes dataset,TabDDPM,,fidelity,Outlier_Count_Diff,80.857143,80.857143,,,,,0.0,0.0,100.0,Score,Fidelity,80.857143,paper results/7. CDC diabetes dataset/fidelity_privacy_metrics.xlsx
7. CDC diabetes dataset,ForestDiffusion,,fidelity,Quality_Score,0.5789,0.5789,,,,,0.0,0.0,100.0,Score,Fidelity,0.5789,paper results/7. CDC diabetes dataset/fidelity_privacy_metrics.xlsx
7. CDC diabetes dataset,ForestDiffusion,,fidelity,Wasserstein_Distance,0.024058,0.024058,,,,,0.0,0.0,100.0,Score,Fidelity,0.024058,paper results/7. CDC diabetes dataset/fidelity_privacy_metrics.xlsx
7. CDC diabetes dataset,ForestDiffusion,,fidelity,MMD,0.003334,0.003334,,,,,0.0,0.0,100.0,Score,Fidelity,0.003334,paper results/7. CDC diabetes dataset/fidelity_privacy_metrics.xlsx
7. CDC diabetes dataset,ForestDiffusion,,fidelity,Gower_Similarity,0.741913,0.741913,,,,,0.0,0.0,100.0,Score,Fidelity,0.741913,paper results/7. CDC diabetes dataset/fidelity_privacy_metrics.xlsx
7. CDC diabetes dataset,ForestDiffusion,,fidelity,Cosine_Similarity,0.013621,0.013621,,,,,0.0,0.0,100.0,Score,Fidelity,0.013621,paper results/7. CDC diabetes dataset/fidelity_privacy_metrics.xlsx
7. CDC diabetes dataset,ForestDiffusion,,fidelity,PCA_Mean_Error_Pct,6.246075,6.246075,,,,,0.0,0.0,100.0,Score,Fidelity,6.246075,paper results/7. CDC diabetes dataset/fidelity_privacy_metrics.xlsx
7. CDC diabetes dataset,ForestDiffusion,,fidelity,Outlier_Count_Diff,10.809524,10.809524,,,,,0.0,0.0,100.0,Score,Fidelity,10.809524,paper results/7. CDC diabetes dataset/fidelity_privacy_metrics.xlsx
7. CDC diabetes dataset,TabDDPM,,fidelity,KS_Complement,0.646,0.646,,,,,0.0,0.0,100.0,Score,Fidelity,0.646,paper results/7. CDC diabetes dataset/fidelity_privacy_metrics.xlsx
7. CDC diabetes dataset,TabDDPM,,fidelity,JS_Divergence,0.1620965999999999,0.1620965999999999,,,,,0.0,0.0,100.0,Score,Fidelity,0.1620965999999999,paper results/7. CDC diabetes dataset/fidelity_privacy_metrics.xlsx
7. CDC diabetes dataset,ForestDiffusion,,fidelity,MMD_Multivariate,0.001469,0.001469,,,,,0.0,0.0,100.0,Score,Fidelity,0.001469,paper results/7. CDC diabetes dataset/fidelity_privacy_metrics.xlsx
7. CDC diabetes dataset,TabDDPM,,fidelity,MMD_Multivariate,0.303307,0.303307,,,,,0.0,0.0,100.0,Score,Fidelity,0.303307,paper results/7. CDC diabetes dataset/fidelity_privacy_metrics.xlsx
2. Alzhimers,CTGAN,,fidelity,Outlier_Count_Diff,7.1,7.1,,,,,0.0,0.0,100.0,Score,Fidelity,7.1,/home/gopi.battineni/SYNTH_BENCHMARK/paper results/2. Alzhimers/fidelity_privacy_metrics.xlsx
2. Alzhimers,CopulaGAN,,fidelity,Outlier_Count_Diff,11.7,11.7,,,,,0.0,0.0,100.0,Score,Fidelity,11.7,/home/gopi.battineni/SYNTH_BENCHMARK/paper results/2. Alzhimers/fidelity_privacy_metrics.xlsx
2. Alzhimers,TVAE,,fidelity,Outlier_Count_Diff,14.3,14.3,,,,,0.0,0.0,100.0,Score,Fidelity,14.3,/home/gopi.battineni/SYNTH_BENCHMARK/paper results/2. Alzhimers/fidelity_privacy_metrics.xlsx
2. Alzhimers,GaussianCopula,,fidelity,Outlier_Count_Diff,14.8,14.8,,,,,0.0,0.0,100.0,Score,Fidelity,14.8,/home/gopi.battineni/SYNTH_BENCHMARK/paper results/2. Alzhimers/fidelity_privacy_metrics.xlsx
7. CDC diabetes dataset,ForestDiffusion,,fidelity,JS_Divergence,0.09225,0.09225,,,,,0.0,0.0,100.0,Score,Fidelity,0.09225,Generators/Diffusion GANs/7_CDC_diabetes_diffusion.ipynb
9. MAGIC Gamma Telescope,CTGAN,,fidelity,Outlier_Count_Diff,313.4,313.4,,,,,0.0,0.0,100.0,Score,Fidelity,313.4,/home/gopi.battineni/SYNTH_BENCHMARK/paper results/9. MAGIC Gamma Telescope/fidelity_privacy_metrics.xlsx
9. MAGIC Gamma Telescope,CopulaGAN,,fidelity,Outlier_Count_Diff,327.9,327.9,,,,,0.0,0.0,100.0,Score,Fidelity,327.9,/home/gopi.battineni/SYNTH_BENCHMARK/paper results/9. MAGIC Gamma Telescope/fidelity_privacy_metrics.xlsx
9. MAGIC Gamma Telescope,TVAE,,fidelity,Outlier_Count_Diff,653.8,653.8,,,,,0.0,0.0,100.0,Score,Fidelity,653.8,/home/gopi.battineni/SYNTH_BENCHMARK/paper results/9. MAGIC Gamma Telescope/fidelity_privacy_metrics.xlsx
9. MAGIC Gamma Telescope,GaussianCopula,,fidelity,Outlier_Count_Diff,514.8,514.8,,,,,0.0,0.0,100.0,Score,Fidelity,514.8,/home/gopi.battineni/SYNTH_BENCHMARK/paper results/9. MAGIC Gamma Telescope/fidelity_privacy_metrics.xlsx
