age,workclass,fnlwgt,education,education-num,marital-status,occupation,relationship,race,sex,capital-gain,capital-loss,hours-per-week,native-country,income
18,Private,423024,HS-grad,9,Never-married,Other-service,Not-in-family,White,Male,0,0,20,United-States,<=50K
17,Private,178953,12th,8,Never-married,Sales,Own-child,White,Female,0,0,20,United-States,<=50K
25,Local-gov,348986,HS-grad,9,Never-married,Handlers-cleaners,Other-relative,Black,Male,0,0,40,United-States,<=50K
20,Private,218215,Some-college,10,Never-married,Sales,Own-child,White,Female,0,0,30,United-States,<=50K
47,Private,244025,HS-grad,9,Never-married,Machine-op-inspct,Unmarried,Amer-Indian-Eskimo,Male,0,0,56,Puerto-Rico,<=50K
33,Private,399531,Bachelors,13,Married-civ-spouse,Craft-repair,Husband,Black,Male,0,0,40,United-States,<=50K.
38,Private,200220,HS-grad,9,Married-civ-spouse,Craft-repair,Husband,White,Male,0,0,40,United-States,<=50K
21,Private,329530,11th,7,Married-civ-spouse,Craft-repair,Husband,White,Male,0,0,40,Mexico,<=50K
43,Private,282155,Assoc-acdm,12,Divorced,Prof-specialty,Not-in-family,White,Female,4650,0,40,United-States,<=50K.
55,Private,202220,HS-grad,9,Married-civ-spouse,Other-service,Wife,Black,Female,2407,0,35,United-States,<=50K
46,Private,129007,Bachelors,13,Married-civ-spouse,Sales,Husband,White,Male,0,1977,40,United-States,>50K
34,Private,261799,Assoc-voc,11,Married-civ-spouse,Adm-clerical,Husband,Black,Male,0,0,45,United-States,>50K
40,,246862,Bachelors,13,Widowed,,Not-in-family,White,Female,0,0,8,United-States,<=50K.
50,Private,173754,HS-grad,9,Married-civ-spouse,Craft-repair,Husband,White,Male,0,0,40,United-States,<=50K
29,Private,176727,Some-college,10,Never-married,Craft-repair,Not-in-family,White,Male,0,0,38,United-States,<=50K.
62,Private,24515,9th,5,Married-civ-spouse,Exec-managerial,Husband,White,Male,0,0,40,United-States,<=50K
56,Private,158776,11th,7,Married-civ-spouse,Sales,Husband,White,Male,0,0,55,United-States,<=50K.
40,Federal-gov,90737,Some-college,10,Married-civ-spouse,Adm-clerical,Husband,White,Male,0,1887,40,United-States,>50K.
74,,340939,9th,5,Married-civ-spouse,,Husband,White,Male,3471,0,40,United-States,<=50K
21,Private,305874,Some-college,10,Married-civ-spouse,Craft-repair,Husband,White,Male,0,0,54,United-States,<=50K
31,Private,74501,HS-grad,9,Divorced,Other-service,Unmarried,White,Female,0,0,30,United-States,<=50K
36,Private,295706,Masters,14,Married-civ-spouse,Exec-managerial,Husband,White,Male,0,0,70,United-States,>50K.
36,Private,108293,HS-grad,9,Widowed,Other-service,Unmarried,White,Female,0,0,24,United-States,<=50K
64,State-gov,111795,Bachelors,13,Married-civ-spouse,Craft-repair,Husband,White,Male,0,0,45,United-States,>50K
32,Local-gov,250585,Bachelors,13,Never-married,Prof-specialty,Not-in-family,White,Female,0,0,50,United-States,<=50K
55,Local-gov,159028,HS-grad,9,Married-civ-spouse,Transport-moving,Husband,White,Male,0,0,40,United-States,<=50K
33,Private,179758,HS-grad,9,Married-civ-spouse,Sales,Wife,White,Female,0,0,20,United-States,<=50K
52,Self-emp-not-inc,34973,HS-grad,9,Married-civ-spouse,Farming-fishing,Husband,White,Male,0,1887,60,United-States,>50K
45,Self-emp-inc,204196,Bachelors,13,Divorced,Exec-managerial,Unmarried,White,Male,0,0,50,United-States,>50K
47,Private,47247,Some-college,10,Married-civ-spouse,Adm-clerical,Wife,White,Female,0,0,40,United-States,<=50K
27,Private,150080,Bachelors,13,Never-married,Exec-managerial,Own-child,White,Female,0,0,40,United-States,<=50K
19,Private,376540,HS-grad,9,Never-married,Adm-clerical,Not-in-family,White,Female,0,0,30,United-States,<=50K
52,Private,99736,Masters,14,Divorced,Prof-specialty,Unmarried,White,Male,15020,0,50,United-States,>50K
26,Private,166301,Bachelors,13,Never-married,Tech-support,Not-in-family,White,Male,0,0,40,United-States,<=50K.
50,Private,321770,HS-grad,9,Divorced,Adm-clerical,Not-in-family,White,Female,0,0,40,United-States,<=50K
40,Private,106698,Assoc-acdm,12,Divorced,Transport-moving,Unmarried,White,Female,0,0,40,United-States,<=50K
45,Self-emp-not-inc,32172,Some-college,10,Never-married,Farming-fishing,Not-in-family,White,Male,0,0,50,United-States,<=50K
25,Private,243410,HS-grad,9,Never-married,Other-service,Not-in-family,Black,Female,0,0,40,United-States,<=50K.
37,Private,224947,Assoc-voc,11,Never-married,Other-service,Not-in-family,White,Male,0,0,40,United-States,<=50K
49,Self-emp-not-inc,34845,Assoc-voc,11,Divorced,Transport-moving,Not-in-family,White,Male,0,0,48,United-States,<=50K.
40,Private,202872,Assoc-acdm,12,Never-married,Adm-clerical,Own-child,White,Female,0,0,45,United-States,<=50K
50,Private,302372,Bachelors,13,Married-civ-spouse,Prof-specialty,Husband,White,Male,0,0,40,United-States,<=50K
22,Private,210781,Bachelors,13,Never-married,Adm-clerical,Own-child,White,Female,0,0,35,United-States,<=50K
38,Private,58108,Bachelors,13,Married-civ-spouse,Exec-managerial,Husband,White,Male,0,0,50,United-States,>50K
24,Private,206008,Assoc-acdm,12,Never-married,Prof-specialty,Own-child,Black,Male,0,0,20,United-States,<=50K
21,Private,164177,HS-grad,9,Married-civ-spouse,Craft-repair,Husband,White,Male,0,0,40,United-States,<=50K.
27,State-gov,553473,Bachelors,13,Married-civ-spouse,Protective-serv,Wife,Black,Female,0,0,48,United-States,<=50K
90,Private,197613,HS-grad,9,Never-married,Adm-clerical,Not-in-family,White,Female,0,0,40,United-States,>50K.
52,Private,38973,10th,6,Widowed,Sales,Unmarried,Black,Female,0,0,40,United-States,<=50K.
60,Private,177665,HS-grad,9,Married-civ-spouse,Craft-repair,Husband,White,Male,0,0,35,United-States,<=50K
28,Private,337664,HS-grad,9,Never-married,Machine-op-inspct,Own-child,White,Male,0,0,40,United-States,<=50K
65,Local-gov,125768,Some-college,10,Divorced,Adm-clerical,Not-in-family,White,Female,0,0,28,United-States,<=50K
19,Private,323054,HS-grad,9,Never-married,Sales,Not-in-family,Asian-Pac-Islander,Male,0,0,30,United-States,<=50K.
48,Private,148995,Some-college,10,Married-civ-spouse,Craft-repair,Husband,White,Male,0,0,60,United-States,<=50K.
54,Private,256916,HS-grad,9,Married-civ-spouse,Exec-managerial,Husband,White,Male,0,0,45,United-States,<=50K
27,Private,225768,HS-grad,9,Never-married,Other-service,Own-child,White,Male,0,0,20,United-States,<=50K.
66,Private,114447,Assoc-voc,11,Widowed,Prof-specialty,Not-in-family,White,Female,0,0,35,United-States,<=50K
35,Federal-gov,191480,Bachelors,13,Married-spouse-absent,Exec-managerial,Not-in-family,Black,Male,0,0,40,United-States,<=50K.
25,Self-emp-not-inc,210278,Bachelors,13,Never-married,Prof-specialty,Own-child,White,Male,0,0,30,United-States,<=50K
27,Local-gov,194515,Assoc-acdm,12,Never-married,Prof-specialty,Own-child,Black,Female,0,0,37,United-States,<=50K.
60,Private,175273,HS-grad,9,Widowed,Machine-op-inspct,Unmarried,White,Female,0,0,40,United-States,<=50K
37,Private,181705,Assoc-voc,11,Married-civ-spouse,Craft-repair,Husband,White,Male,0,0,40,United-States,<=50K
42,Private,143046,HS-grad,9,Never-married,Other-service,Own-child,White,Female,0,0,40,United-States,<=50K
42,Private,37869,Some-college,10,Divorced,Machine-op-inspct,Not-in-family,White,Male,0,1590,40,United-States,<=50K
39,Private,91711,Masters,14,Married-civ-spouse,Exec-managerial,Husband,White,Male,0,0,40,United-States,>50K
31,Local-gov,253456,Some-college,10,Married-civ-spouse,Protective-serv,Husband,White,Male,0,0,40,United-States,>50K.
34,Private,295922,Some-college,10,Never-married,Machine-op-inspct,Not-in-family,White,Male,0,0,40,England,>50K
60,,141221,Bachelors,13,Married-civ-spouse,,Husband,Asian-Pac-Islander,Male,0,2163,25,South,<=50K
44,Private,62258,11th,7,Never-married,Other-service,Not-in-family,White,Female,0,0,40,United-States,<=50K
65,Private,282779,Masters,14,Married-civ-spouse,Adm-clerical,Other-relative,White,Female,0,0,40,United-States,>50K.
56,,425497,Assoc-acdm,12,Married-civ-spouse,,Husband,White,Male,0,0,20,United-States,<=50K
22,Private,355686,Some-college,10,Never-married,Adm-clerical,Not-in-family,White,Female,0,0,40,United-States,<=50K
30,Self-emp-not-inc,247328,Assoc-voc,11,Separated,Sales,Not-in-family,White,Male,0,0,40,Mexico,<=50K.
46,Local-gov,359193,Some-college,10,Divorced,Adm-clerical,Unmarried,White,Female,0,0,45,United-States,<=50K
22,Private,199555,Some-college,10,Never-married,Farming-fishing,Own-child,White,Male,0,0,25,United-States,<=50K
20,Private,70240,HS-grad,9,Never-married,Sales,Own-child,Asian-Pac-Islander,Female,0,0,24,Philippines,<=50K
36,Private,250791,HS-grad,9,Married-civ-spouse,Handlers-cleaners,Husband,White,Male,0,0,48,United-States,<=50K
21,Private,137510,HS-grad,9,Married-civ-spouse,Craft-repair,Husband,White,Male,0,0,20,Germany,<=50K.
52,Self-emp-not-inc,173839,10th,6,Married-civ-spouse,Exec-managerial,Husband,White,Male,0,0,60,United-States,<=50K
56,Self-emp-inc,76534,HS-grad,9,Married-civ-spouse,Exec-managerial,Other-relative,Asian-Pac-Islander,Female,0,0,21,China,<=50K.
49,Private,195554,HS-grad,9,Married-civ-spouse,Transport-moving,Husband,White,Male,0,0,44,United-States,<=50K
55,Local-gov,253062,Some-college,10,Married-civ-spouse,Prof-specialty,Husband,White,Male,0,0,40,United-States,>50K
20,Private,73266,Some-college,10,Never-married,Transport-moving,Own-child,Asian-Pac-Islander,Male,0,0,40,United-States,<=50K.
17,,151141,10th,6,Never-married,,Own-child,White,Male,0,0,30,United-States,<=50K
33,Self-emp-not-inc,193246,HS-grad,9,Never-married,Exec-managerial,Not-in-family,White,Male,0,0,55,France,<=50K
29,Private,190350,12th,8,Never-married,Other-service,Unmarried,Black,Female,0,0,35,,<=50K
66,Private,33619,HS-grad,9,Married-civ-spouse,Other-service,Husband,Black,Male,0,0,4,United-States,<=50K
45,Self-emp-not-inc,94962,HS-grad,9,Married-civ-spouse,Craft-repair,Husband,White,Male,0,0,40,England,<=50K
63,State-gov,216871,Some-college,10,Married-civ-spouse,Adm-clerical,Husband,White,Male,0,1740,40,United-States,<=50K
49,Private,151107,HS-grad,9,Never-married,Craft-repair,Not-in-family,Black,Male,0,0,40,United-States,<=50K
37,Federal-gov,32528,HS-grad,9,Married-civ-spouse,Adm-clerical,Husband,White,Male,0,0,40,England,>50K
31,Private,259931,7th-8th,4,Married-civ-spouse,Machine-op-inspct,Husband,White,Male,0,0,40,United-States,<=50K
43,Private,124692,Bachelors,13,Married-civ-spouse,Sales,Husband,White,Male,0,0,40,United-States,>50K
34,Self-emp-not-inc,56964,HS-grad,9,Married-civ-spouse,Transport-moving,Husband,White,Male,0,0,35,United-States,<=50K
51,Private,224207,Some-college,10,Married-civ-spouse,Sales,Husband,White,Male,0,0,40,United-States,>50K
39,,179352,Some-college,10,Divorced,,Not-in-family,White,Female,0,0,35,United-States,<=50K
33,Private,265168,Bachelors,13,Married-civ-spouse,Sales,Husband,Black,Male,0,0,55,United-States,<=50K.
38,Private,218015,Some-college,10,Married-civ-spouse,Craft-repair,Husband,White,Male,0,0,48,United-States,>50K.
71,Private,97870,Masters,14,Divorced,Prof-specialty,Not-in-family,White,Female,0,0,15,Germany,<=50K
53,Federal-gov,117847,Assoc-acdm,12,Married-civ-spouse,Adm-clerical,Husband,White,Male,0,0,40,United-States,<=50K
68,Private,115772,HS-grad,9,Married-civ-spouse,Protective-serv,Husband,White,Male,0,0,40,Scotland,<=50K.
58,Private,290661,HS-grad,9,Married-civ-spouse,Craft-repair,Husband,White,Male,0,0,40,United-States,<=50K
43,Private,303051,Assoc-voc,11,Married-civ-spouse,Exec-managerial,Husband,White,Male,15024,0,40,United-States,>50K
42,Local-gov,261899,Masters,14,Married-civ-spouse,Prof-specialty,Husband,White,Male,0,0,50,United-States,>50K.
34,Private,134737,Bachelors,13,Never-married,Sales,Own-child,White,Male,0,0,40,United-States,>50K
22,Private,157332,HS-grad,9,Never-married,Adm-clerical,Not-in-family,White,Female,0,0,35,United-States,<=50K.
58,Local-gov,217775,HS-grad,9,Married-civ-spouse,Exec-managerial,Husband,White,Male,7298,0,40,United-States,>50K
38,Private,498785,HS-grad,9,Married-civ-spouse,Handlers-cleaners,Husband,White,Male,0,0,40,United-States,<=50K
70,Private,142851,9th,5,Married-civ-spouse,Exec-managerial,Husband,White,Male,0,0,18,United-States,<=50K.
30,Private,109117,Assoc-voc,11,Never-married,Handlers-cleaners,Own-child,White,Male,0,0,45,United-States,<=50K
52,Private,176124,HS-grad,9,Married-civ-spouse,Tech-support,Husband,White,Male,0,0,40,United-States,>50K.
31,Private,258849,Assoc-voc,11,Never-married,Adm-clerical,Unmarried,Black,Female,0,0,40,United-States,<=50K
33,Private,130057,Assoc-acdm,12,Never-married,Craft-repair,Not-in-family,White,Male,0,0,45,United-States,<=50K
59,Private,333270,Masters,14,Married-civ-spouse,Craft-repair,Wife,Asian-Pac-Islander,Female,0,0,35,Philippines,<=50K
32,Private,171889,HS-grad,9,Divorced,Adm-clerical,Not-in-family,White,Female,0,0,68,United-States,<=50K.
28,State-gov,90872,Some-college,10,Divorced,Adm-clerical,Not-in-family,Black,Female,0,0,40,United-States,<=50K.
23,Private,202344,Bachelors,13,Never-married,Prof-specialty,Own-child,White,Female,0,0,40,United-States,<=50K
18,,28311,11th,7,Never-married,,Own-child,White,Female,0,0,35,United-States,<=50K
54,Private,199307,Some-college,10,Divorced,Craft-repair,Unmarried,White,Female,0,0,48,United-States,<=50K
42,Self-emp-inc,144236,Some-college,10,Never-married,Sales,Not-in-family,White,Male,0,0,60,United-States,<=50K
44,Private,212888,Bachelors,13,Divorced,Exec-managerial,Unmarried,White,Female,0,0,45,United-States,<=50K
32,Local-gov,84119,HS-grad,9,Married-civ-spouse,Craft-repair,Husband,White,Male,0,0,40,United-States,<=50K
42,State-gov,345969,Bachelors,13,Married-civ-spouse,Exec-managerial,Husband,White,Male,0,0,48,United-States,>50K
55,Local-gov,110490,Bachelors,13,Married-civ-spouse,Prof-specialty,Wife,White,Female,0,0,60,United-States,<=50K
36,State-gov,25806,Doctorate,16,Married-civ-spouse,Prof-specialty,Husband,Asian-Pac-Islander,Male,0,0,40,China,<=50K.
50,Private,193746,HS-grad,9,Married-civ-spouse,Exec-managerial,Husband,White,Male,0,0,60,United-States,<=50K.
32,Private,29312,HS-grad,9,Married-civ-spouse,Transport-moving,Husband,White,Male,0,0,40,United-States,<=50K.
27,Private,200802,Some-college,10,Never-married,Tech-support,Not-in-family,White,Female,0,0,40,United-States,<=50K
18,,193889,Some-college,10,Never-married,,Own-child,White,Female,0,0,20,,<=50K.
27,Federal-gov,47907,Bachelors,13,Never-married,Adm-clerical,Not-in-family,White,Female,0,0,40,United-States,<=50K
28,Self-emp-not-inc,159623,Some-college,10,Never-married,Prof-specialty,Own-child,White,Male,0,0,30,United-States,<=50K.
28,Private,66473,HS-grad,9,Divorced,Machine-op-inspct,Own-child,White,Male,0,0,40,United-States,<=50K
37,Private,262278,Assoc-voc,11,Married-civ-spouse,Exec-managerial,Husband,Black,Male,15024,0,45,United-States,>50K.
52,Self-emp-not-inc,129311,Some-college,10,Married-civ-spouse,Exec-managerial,Husband,White,Male,0,0,95,United-States,>50K
31,Private,341672,Some-college,10,Married-civ-spouse,Adm-clerical,Husband,Asian-Pac-Islander,Male,0,0,50,India,<=50K
25,Private,397962,HS-grad,9,Never-married,Adm-clerical,Other-relative,Black,Female,0,0,40,United-States,<=50K
56,Private,398067,HS-grad,9,Widowed,Adm-clerical,Not-in-family,White,Female,0,0,40,United-States,<=50K
50,Private,170050,7th-8th,4,Married-civ-spouse,Machine-op-inspct,Husband,White,Male,0,0,40,United-States,<=50K
23,Private,260617,10th,6,Never-married,Craft-repair,Not-in-family,White,Male,0,0,40,United-States,<=50K
36,Self-emp-not-inc,343721,Doctorate,16,Never-married,Prof-specialty,Not-in-family,White,Male,0,0,30,,>50K
32,Private,205528,HS-grad,9,Divorced,Adm-clerical,Unmarried,White,Female,0,0,40,United-States,<=50K
39,Private,389279,Assoc-voc,11,Divorced,Exec-managerial,Unmarried,White,Female,0,0,40,United-States,<=50K.
52,Self-emp-not-inc,185407,Bachelors,13,Married-civ-spouse,Exec-managerial,Husband,White,Male,0,0,50,United-States,>50K
47,Private,387468,Some-college,10,Married-civ-spouse,Prof-specialty,Husband,White,Male,0,0,40,Scotland,>50K
26,Private,158333,5th-6th,3,Never-married,Transport-moving,Not-in-family,White,Male,0,0,40,Columbia,<=50K
32,Private,367904,10th,6,Divorced,Machine-op-inspct,Not-in-family,White,Female,0,0,40,Mexico,<=50K.
30,Private,262092,Bachelors,13,Married-civ-spouse,Sales,Husband,White,Male,0,0,55,United-States,<=50K.
40,Private,64980,Some-college,10,Married-civ-spouse,Adm-clerical,Husband,Black,Male,0,0,55,United-States,>50K
47,Private,165229,12th,8,Married-civ-spouse,Adm-clerical,Husband,White,Male,0,0,40,United-States,<=50K.
30,Private,143540,9th,5,Married-civ-spouse,Farming-fishing,Husband,White,Male,0,0,40,United-States,<=50K.
65,Private,143175,Some-college,10,Widowed,Sales,Other-relative,White,Female,0,0,45,United-States,<=50K
21,Private,198050,Assoc-acdm,12,Never-married,Adm-clerical,Not-in-family,White,Female,0,0,25,United-States,<=50K
18,,67793,HS-grad,9,Never-married,,Own-child,White,Female,0,0,60,United-States,<=50K
24,Private,181557,HS-grad,9,Never-married,Handlers-cleaners,Own-child,Black,Male,0,0,40,United-States,<=50K.
27,,224421,Some-college,10,Divorced,,Own-child,White,Male,0,0,40,United-States,<=50K
20,Self-emp-not-inc,157145,Some-college,10,Never-married,Farming-fishing,Own-child,White,Male,0,2258,10,United-States,<=50K
42,Private,108502,HS-grad,9,Divorced,Sales,Not-in-family,White,Female,0,0,42,United-States,<=50K
37,Private,40955,Bachelors,13,Never-married,Prof-specialty,Not-in-family,White,Male,0,0,30,United-States,<=50K
71,,78786,7th-8th,4,Married-civ-spouse,,Husband,White,Male,0,2149,24,United-States,<=50K.
51,Private,326005,HS-grad,9,Married-civ-spouse,Exec-managerial,Husband,White,Male,0,0,40,England,>50K.
31,Private,37546,Bachelors,13,Never-married,Prof-specialty,Not-in-family,White,Female,0,0,40,United-States,<=50K
54,Private,140359,7th-8th,4,Divorced,Machine-op-inspct,Unmarried,White,Female,0,3900,40,United-States,<=50K
22,,129980,Some-college,10,Never-married,,Not-in-family,White,Male,0,0,25,United-States,<=50K.
53,Private,449376,HS-grad,9,Married-civ-spouse,Protective-serv,Husband,Black,Male,0,0,40,United-States,>50K.
47,Private,164113,Some-college,10,Married-civ-spouse,Craft-repair,Husband,Black,Male,7688,0,40,United-States,>50K
30,Private,30226,11th,7,Divorced,Sales,Own-child,White,Male,0,0,40,United-States,<=50K
58,Private,119386,Assoc-voc,11,Divorced,Adm-clerical,Not-in-family,White,Female,0,0,60,United-States,<=50K
21,Private,147655,HS-grad,9,Never-married,Adm-clerical,Own-child,White,Female,0,0,40,United-States,<=50K
29,Private,89813,HS-grad,9,Married-civ-spouse,Machine-op-inspct,Wife,White,Female,0,0,40,Scotland,<=50K
47,Private,104521,Assoc-voc,11,Married-civ-spouse,Prof-specialty,Husband,White,Male,0,0,40,United-States,>50K
54,Private,229983,Bachelors,13,Divorced,Prof-specialty,Not-in-family,White,Female,0,0,36,United-States,<=50K.
22,Private,297380,HS-grad,9,Never-married,Sales,Own-child,Black,Female,0,0,40,United-States,<=50K
35,Private,108946,HS-grad,9,Divorced,Tech-support,Unmarried,White,Female,0,0,40,United-States,<=50K
36,Self-emp-not-inc,34180,HS-grad,9,Never-married,Farming-fishing,Not-in-family,White,Male,0,0,70,United-States,>50K
19,Private,148392,HS-grad,9,Never-married,Adm-clerical,Own-child,White,Male,0,0,30,United-States,<=50K
29,State-gov,382272,Bachelors,13,Never-married,Craft-repair,Not-in-family,White,Male,0,0,40,United-States,<=50K
57,Private,233382,Masters,14,Never-married,Exec-managerial,Not-in-family,White,Male,0,0,40,Cuba,<=50K
24,Private,211585,HS-grad,9,Married-civ-spouse,Transport-moving,Own-child,White,Female,0,0,40,United-States,<=50K
39,Self-emp-not-inc,102178,Some-college,10,Married-civ-spouse,Exec-managerial,Husband,White,Male,0,0,35,United-States,<=50K.
62,,197286,HS-grad,9,Married-civ-spouse,,Husband,White,Male,0,0,40,United-States,<=50K
54,Self-emp-not-inc,168723,HS-grad,9,Married-civ-spouse,Sales,Husband,White,Male,0,0,40,United-States,<=50K
59,Private,95967,Prof-school,15,Married-civ-spouse,Exec-managerial,Husband,Black,Male,0,0,40,,<=50K.
47,Private,49298,HS-grad,9,Divorced,Sales,Not-in-family,White,Male,0,0,50,United-States,<=50K
29,Private,327766,Some-college,10,Divorced,Exec-managerial,Unmarried,White,Male,0,0,55,United-States,>50K.
20,Private,176321,12th,8,Never-married,Adm-clerical,Own-child,White,Female,0,0,40,Mexico,<=50K
24,Private,200997,HS-grad,9,Never-married,Handlers-cleaners,Own-child,White,Male,0,0,45,United-States,<=50K
64,Private,260082,1st-4th,2,Married-civ-spouse,Machine-op-inspct,Husband,White,Male,0,0,40,Cuba,<=50K.
53,Private,341439,Masters,14,Never-married,Exec-managerial,Not-in-family,White,Female,0,0,60,United-States,>50K
39,Private,269455,HS-grad,9,Married-civ-spouse,Farming-fishing,Husband,White,Male,0,0,45,United-States,<=50K
48,Private,121424,Bachelors,13,Married-civ-spouse,Exec-managerial,Husband,White,Male,0,0,55,United-States,>50K
50,State-gov,198103,Bachelors,13,Never-married,Exec-managerial,Not-in-family,White,Female,0,0,40,United-States,<=50K
43,Private,228456,Assoc-acdm,12,Divorced,Exec-managerial,Not-in-family,Black,Male,0,0,40,United-States,<=50K.
32,Self-emp-not-inc,399088,Bachelors,13,Divorced,Prof-specialty,Not-in-family,White,Female,0,1340,45,United-States,<=50K.
32,Private,53206,Bachelors,13,Divorced,Craft-repair,Not-in-family,White,Male,0,0,50,United-States,>50K
32,Private,353994,Bachelors,13,Married-civ-spouse,Exec-managerial,Other-relative,Asian-Pac-Islander,Female,0,0,40,China,>50K
68,Private,214521,Prof-school,15,Widowed,Prof-specialty,Unmarried,White,Female,0,0,16,United-States,<=50K
34,Private,186346,HS-grad,9,Separated,Other-service,Not-in-family,White,Female,0,0,40,United-States,<=50K
32,Local-gov,42596,Bachelors,13,Divorced,Prof-specialty,Not-in-family,White,Male,0,0,40,United-States,<=50K
40,Private,65866,Some-college,10,Divorced,Tech-support,Unmarried,White,Female,0,213,40,United-States,<=50K
32,Local-gov,287229,Some-college,10,Divorced,Other-service,Not-in-family,White,Female,0,0,30,Japan,<=50K.
30,Self-emp-inc,204742,Bachelors,13,Married-civ-spouse,Exec-managerial,Husband,White,Male,0,0,50,United-States,>50K.
28,Private,183151,HS-grad,9,Married-civ-spouse,Craft-repair,Husband,White,Male,0,0,50,United-States,<=50K
62,Private,82906,Bachelors,13,Married-civ-spouse,Exec-managerial,Wife,White,Female,4064,0,35,England,<=50K.
41,Private,118001,11th,7,Never-married,Machine-op-inspct,Not-in-family,Black,Male,0,0,40,United-States,<=50K.
53,Private,120839,Some-college,10,Married-civ-spouse,Craft-repair,Husband,White,Male,0,0,40,United-States,<=50K.
32,Private,107435,HS-grad,9,Divorced,Machine-op-inspct,Not-in-family,White,Female,0,0,40,United-States,<=50K.
17,Self-emp-inc,183784,10th,6,Never-married,Sales,Own-child,White,Male,0,0,15,United-States,<=50K
47,Private,106544,HS-grad,9,Never-married,Other-service,Not-in-family,White,Female,0,0,40,United-States,<=50K
20,Private,63210,HS-grad,9,Never-married,Handlers-cleaners,Own-child,White,Male,0,0,15,United-States,<=50K
28,Private,34452,Assoc-voc,11,Married-civ-spouse,Craft-repair,Husband,White,Male,0,0,50,United-States,<=50K.
28,Private,340408,Some-college,10,Divorced,Craft-repair,Not-in-family,White,Male,0,0,46,United-States,<=50K
41,Private,204410,HS-grad,9,Married-civ-spouse,Craft-repair,Husband,White,Male,0,1485,44,United-States,>50K
36,Private,77953,HS-grad,9,Married-civ-spouse,Craft-repair,Husband,Amer-Indian-Eskimo,Male,0,0,40,United-States,<=50K.
34,Self-emp-not-inc,247540,HS-grad,9,Never-married,Farming-fishing,Not-in-family,White,Male,0,1974,30,United-States,<=50K.
42,Local-gov,213019,Masters,14,Never-married,Prof-specialty,Not-in-family,White,Female,0,0,40,United-States,>50K
58,Private,192806,7th-8th,4,Never-married,Handlers-cleaners,Not-in-family,White,Female,0,0,33,United-States,<=50K
32,Private,281384,HS-grad,9,Married-AF-spouse,Other-service,Other-relative,White,Female,0,0,10,United-States,<=50K
35,Self-emp-not-inc,188540,9th,5,Married-civ-spouse,Craft-repair,Husband,White,Male,0,0,50,United-States,<=50K
38,Private,405284,Bachelors,13,Never-married,Other-service,Own-child,White,Female,0,0,35,United-States,<=50K
72,Self-emp-not-inc,473748,HS-grad,9,Married-civ-spouse,Sales,Husband,White,Male,0,0,30,United-States,<=50K
55,Private,148590,10th,6,Widowed,Craft-repair,Unmarried,Black,Female,0,0,40,United-States,<=50K
50,State-gov,78923,HS-grad,9,Married-civ-spouse,Craft-repair,Husband,White,Male,0,1485,40,United-States,>50K.
39,Self-emp-not-inc,188571,Assoc-voc,11,Married-civ-spouse,Farming-fishing,Husband,White,Male,0,0,60,United-States,<=50K
31,Private,79190,HS-grad,9,Never-married,Other-service,Own-child,White,Female,0,0,35,United-States,<=50K
23,Private,172232,HS-grad,9,Never-married,Tech-support,Own-child,White,Male,0,0,50,United-States,<=50K
28,Private,338409,Bachelors,13,Married-civ-spouse,Prof-specialty,Wife,Black,Female,0,0,40,Cuba,<=50K
59,Self-emp-inc,122390,Some-college,10,Married-civ-spouse,Exec-managerial,Husband,White,Male,0,1977,48,United-States,>50K
27,Private,193898,Bachelors,13,Married-civ-spouse,Sales,Husband,White,Male,0,0,45,United-States,>50K
25,Private,236564,HS-grad,9,Never-married,Adm-clerical,Not-in-family,White,Male,0,0,40,United-States,<=50K
22,Private,381741,HS-grad,9,Married-civ-spouse,Tech-support,Husband,White,Male,0,0,40,United-States,<=50K.
43,Private,180599,Bachelors,13,Separated,Exec-managerial,Unmarried,White,Male,8614,0,40,United-States,>50K
49,Local-gov,37353,Masters,14,Married-civ-spouse,Exec-managerial,Husband,White,Male,0,0,40,United-States,>50K
28,Private,115971,Some-college,10,Divorced,Adm-clerical,Unmarried,White,Female,0,0,40,United-States,<=50K
39,Local-gov,344855,Masters,14,Married-civ-spouse,Prof-specialty,Wife,White,Female,0,1977,20,United-States,>50K
38,Private,103474,Bachelors,13,Never-married,Tech-support,Not-in-family,White,Female,0,0,45,United-States,<=50K
47,Local-gov,101016,Bachelors,13,Married-civ-spouse,Adm-clerical,Wife,White,Female,7688,0,40,United-States,>50K.
48,Private,70668,10th,6,Never-married,Priv-house-serv,Other-relative,White,Female,0,0,40,United-States,<=50K.
43,Private,241928,HS-grad,9,Separated,Adm-clerical,Not-in-family,Black,Female,0,0,32,United-States,<=50K
82,,194590,Assoc-voc,11,Widowed,,Not-in-family,White,Female,0,0,8,United-States,<=50K
57,Self-emp-not-inc,98466,HS-grad,9,Married-civ-spouse,Adm-clerical,Wife,White,Female,0,0,16,United-States,<=50K.
62,Local-gov,176839,Masters,14,Married-civ-spouse,Prof-specialty,Husband,White,Male,0,0,10,United-States,<=50K.
36,Federal-gov,125933,Bachelors,13,Never-married,Prof-specialty,Own-child,White,Male,0,2258,40,United-States,<=50K.
45,Self-emp-not-inc,172822,HS-grad,9,Married-civ-spouse,Other-service,Husband,White,Male,3411,0,40,United-States,<=50K.
21,Local-gov,38771,Some-college,10,Never-married,Adm-clerical,Own-child,White,Male,0,0,40,United-States,<=50K
73,Private,179001,HS-grad,9,Widowed,Sales,Not-in-family,White,Female,0,0,7,United-States,<=50K.
53,Local-gov,135102,HS-grad,9,Married-civ-spouse,Other-service,Husband,White,Male,0,2002,45,United-States,<=50K
55,Self-emp-not-inc,96459,10th,6,Married-civ-spouse,Farming-fishing,Husband,White,Male,0,1887,70,United-States,>50K.
43,,387839,HS-grad,9,Never-married,,Other-relative,White,Female,0,0,40,United-States,<=50K
21,Local-gov,185279,HS-grad,9,Never-married,Adm-clerical,Own-child,White,Male,0,0,20,United-States,<=50K.
42,Private,328239,Some-college,10,Never-married,Other-service,Own-child,White,Male,0,0,30,United-States,<=50K.
82,,29441,7th-8th,4,Widowed,,Not-in-family,White,Male,0,0,5,United-States,<=50K
50,Private,158948,HS-grad,9,Married-civ-spouse,Prof-specialty,Husband,White,Male,0,0,84,United-States,<=50K.
40,Private,178417,HS-grad,9,Married-civ-spouse,Craft-repair,Husband,White,Male,0,0,35,United-States,<=50K
21,,220115,Some-college,10,Never-married,,Own-child,White,Male,0,0,20,United-States,<=50K
35,Self-emp-not-inc,454915,9th,5,Married-civ-spouse,Craft-repair,Husband,White,Male,0,0,40,United-States,<=50K
31,Private,373185,Some-college,10,Never-married,Craft-repair,Unmarried,White,Male,0,0,42,Mexico,<=50K
61,Private,56009,Some-college,10,Married-civ-spouse,Sales,Husband,White,Male,0,0,40,United-States,<=50K
50,Federal-gov,307555,Bachelors,13,Divorced,Prof-specialty,Not-in-family,White,Male,0,0,60,United-States,>50K
36,Private,108103,HS-grad,9,Married-civ-spouse,Other-service,Husband,White,Male,0,0,50,United-States,<=50K
43,Private,195258,HS-grad,9,Married-civ-spouse,Adm-clerical,Husband,White,Male,0,0,40,United-States,>50K
19,State-gov,159269,Some-college,10,Never-married,Adm-clerical,Own-child,White,Male,0,0,15,United-States,<=50K
33,Private,154227,Assoc-voc,11,Divorced,Sales,Not-in-family,White,Male,0,0,40,United-States,<=50K
60,Self-emp-not-inc,376973,HS-grad,9,Married-civ-spouse,Craft-repair,Husband,White,Male,0,0,42,United-States,>50K
50,Federal-gov,107079,HS-grad,9,Married-civ-spouse,Other-service,Husband,White,Male,0,0,40,United-States,<=50K.
40,Private,320451,Doctorate,16,Married-civ-spouse,Prof-specialty,Husband,Asian-Pac-Islander,Male,0,1977,45,Hong,>50K
63,Private,236338,HS-grad,9,Married-civ-spouse,Sales,Wife,White,Female,0,0,35,United-States,<=50K
55,Private,52953,HS-grad,9,Divorced,Other-service,Unmarried,White,Female,0,0,40,United-States,<=50K
36,Private,90897,Assoc-acdm,12,Never-married,Tech-support,Not-in-family,White,Female,0,0,40,United-States,<=50K
49,Private,169760,Bachelors,13,Married-civ-spouse,Prof-specialty,Wife,White,Female,0,0,50,United-States,>50K.
18,Private,183824,12th,8,Never-married,Other-service,Own-child,White,Male,0,0,30,United-States,<=50K
34,Private,274577,HS-grad,9,Divorced,Adm-clerical,Unmarried,Black,Female,0,0,40,United-States,<=50K.
27,Private,215423,Bachelors,13,Divorced,Adm-clerical,Unmarried,White,Female,0,0,16,United-States,<=50K.
37,Private,126708,HS-grad,9,Married-civ-spouse,Adm-clerical,Wife,White,Female,0,0,60,United-States,<=50K
38,State-gov,87282,Assoc-voc,11,Never-married,Adm-clerical,Unmarried,Asian-Pac-Islander,Female,0,0,40,United-States,<=50K.
37,Private,112264,HS-grad,9,Married-civ-spouse,Transport-moving,Husband,White,Male,0,0,40,United-States,<=50K.
44,Private,186790,Masters,14,Married-civ-spouse,Exec-managerial,Husband,White,Male,0,0,48,United-States,<=50K.
26,Private,34393,Some-college,10,Divorced,Adm-clerical,Not-in-family,White,Female,0,0,40,United-States,<=50K
48,Self-emp-inc,30575,Assoc-voc,11,Married-civ-spouse,Craft-repair,Husband,White,Male,0,0,70,United-States,>50K
20,Private,47678,HS-grad,9,Never-married,Craft-repair,Own-child,White,Male,0,0,40,United-States,<=50K
34,Private,154548,Some-college,10,Never-married,Adm-clerical,Unmarried,White,Female,0,0,38,United-States,<=50K
40,Private,209547,Bachelors,13,Married-civ-spouse,Sales,Husband,White,Male,0,1977,60,United-States,>50K
28,Private,190060,HS-grad,9,Married-civ-spouse,Sales,Husband,White,Male,0,0,40,United-States,>50K
75,Self-emp-not-inc,124256,Some-college,10,Married-civ-spouse,Exec-managerial,Husband,White,Male,0,2149,35,United-States,<=50K.
59,Self-emp-not-inc,156797,HS-grad,9,Widowed,Exec-managerial,Not-in-family,White,Female,13550,0,60,United-States,>50K.
21,Private,152246,Some-college,10,Never-married,Handlers-cleaners,Own-child,Asian-Pac-Islander,Male,0,0,40,Philippines,<=50K
23,Private,181820,Some-college,10,Never-married,Farming-fishing,Unmarried,White,Male,0,0,45,United-States,<=50K
45,Private,54038,Some-college,10,Married-civ-spouse,Adm-clerical,Wife,White,Female,0,1902,20,United-States,>50K.
47,Federal-gov,380127,HS-grad,9,Never-married,Exec-managerial,Not-in-family,White,Female,0,0,40,United-States,<=50K
44,Private,114753,Some-college,10,Widowed,Tech-support,Unmarried,White,Female,0,0,38,United-States,<=50K.
23,Private,47218,Some-college,10,Never-married,Adm-clerical,Other-relative,White,Female,0,0,40,United-States,<=50K.
43,State-gov,117471,HS-grad,9,Never-married,Adm-clerical,Not-in-family,White,Female,0,0,40,United-States,<=50K
20,Private,227411,Some-college,10,Never-married,Other-service,Own-child,White,Female,0,0,20,United-States,<=50K
54,Private,167380,HS-grad,9,Married-civ-spouse,Craft-repair,Husband,White,Male,0,0,40,United-States,>50K.
42,Local-gov,267252,Masters,14,Separated,Exec-managerial,Unmarried,Black,Male,0,0,45,United-States,>50K
38,Private,111499,HS-grad,9,Married-civ-spouse,Sales,Husband,White,Male,0,1977,99,United-States,>50K
52,Private,145409,Some-college,10,Married-civ-spouse,Transport-moving,Husband,White,Male,15024,0,60,Canada,>50K
47,Self-emp-not-inc,159399,Assoc-voc,11,Married-civ-spouse,Other-service,Husband,White,Male,0,0,45,United-States,<=50K.
48,Local-gov,24366,Assoc-voc,11,Married-civ-spouse,Protective-serv,Husband,Amer-Indian-Eskimo,Male,0,0,40,United-States,<=50K.
35,Private,175614,Assoc-voc,11,Divorced,Prof-specialty,Unmarried,White,Female,0,0,40,United-States,>50K
61,Private,74040,Bachelors,13,Divorced,Sales,Not-in-family,Asian-Pac-Islander,Female,0,0,30,South,<=50K.
44,Local-gov,162506,Masters,14,Married-civ-spouse,Prof-specialty,Husband,White,Male,0,0,35,United-States,<=50K
32,Private,149531,HS-grad,9,Never-married,Machine-op-inspct,Own-child,White,Male,0,0,40,United-States,<=50K.
32,Private,33117,Assoc-voc,11,Married-civ-spouse,Other-service,Husband,White,Male,0,0,40,United-States,<=50K.
48,Private,50880,Some-college,10,Married-civ-spouse,Craft-repair,Husband,White,Male,0,0,40,Germany,<=50K
27,Private,29732,Bachelors,13,Never-married,Prof-specialty,Not-in-family,White,Female,4865,0,36,United-States,<=50K
65,Private,209831,Assoc-voc,11,Married-civ-spouse,Adm-clerical,Wife,White,Female,0,0,40,United-States,<=50K
25,Private,160445,HS-grad,9,Divorced,Craft-repair,Not-in-family,White,Male,0,0,40,United-States,<=50K
44,Private,203943,Bachelors,13,Married-civ-spouse,Exec-managerial,Husband,Black,Male,0,0,35,United-States,>50K
60,Private,33266,HS-grad,9,Married-civ-spouse,Protective-serv,Husband,White,Male,0,0,40,United-States,<=50K
58,Private,94741,12th,8,Married-civ-spouse,Other-service,Wife,White,Female,0,0,24,United-States,<=50K
24,Private,508548,HS-grad,9,Married-civ-spouse,Farming-fishing,Husband,White,Male,0,0,50,United-States,<=50K
33,Private,342458,HS-grad,9,Never-married,Craft-repair,Not-in-family,White,Male,0,0,40,United-States,<=50K.
53,Private,548580,Some-college,10,Married-civ-spouse,Craft-repair,Husband,White,Male,0,0,40,Guatemala,<=50K
22,,201959,HS-grad,9,Never-married,,Own-child,Black,Male,0,0,40,United-States,<=50K.
56,Private,129836,HS-grad,9,Married-civ-spouse,Other-service,Wife,White,Female,0,0,10,United-States,<=50K
41,Private,154714,Assoc-voc,11,Married-civ-spouse,Craft-repair,Husband,White,Male,0,0,40,United-States,>50K.
46,Self-emp-inc,167882,Assoc-voc,11,Divorced,Exec-managerial,Not-in-family,White,Female,8614,0,70,United-States,>50K.
41,Private,30126,Bachelors,13,Divorced,Exec-managerial,Not-in-family,White,Female,0,0,45,United-States,>50K.
30,,138744,HS-grad,9,Never-married,,Own-child,White,Male,0,0,40,United-States,<=50K
47,,104489,10th,6,Married-civ-spouse,,Husband,White,Male,0,0,45,United-States,<=50K.
62,Self-emp-not-inc,166894,HS-grad,9,Married-civ-spouse,Craft-repair,Husband,White,Male,0,0,60,United-States,<=50K.
41,Local-gov,177599,Bachelors,13,Divorced,Prof-specialty,Unmarried,White,Female,0,0,35,United-States,<=50K
30,Private,30290,HS-grad,9,Never-married,Machine-op-inspct,Not-in-family,White,Female,0,0,40,United-States,<=50K
27,Private,119793,Some-college,10,Married-civ-spouse,Craft-repair,Husband,White,Male,0,0,55,,<=50K
40,Self-emp-inc,50644,Assoc-acdm,12,Divorced,Sales,Unmarried,White,Female,1506,0,40,United-States,<=50K
56,Private,176079,HS-grad,9,Married-civ-spouse,Adm-clerical,Wife,White,Female,15024,0,24,United-States,>50K.
20,Private,39477,Some-college,10,Never-married,Farming-fishing,Not-in-family,White,Female,0,0,40,United-States,<=50K
56,Private,442116,Some-college,10,Married-civ-spouse,Exec-managerial,Husband,White,Male,0,0,54,United-States,>50K.
61,Private,101500,Assoc-voc,11,Married-civ-spouse,Adm-clerical,Husband,White,Male,0,0,40,United-States,<=50K
60,Private,142922,HS-grad,9,Married-civ-spouse,Craft-repair,Husband,White,Male,0,0,50,United-States,<=50K
37,Private,173968,HS-grad,9,Married-civ-spouse,Transport-moving,Husband,White,Male,0,0,40,United-States,<=50K
50,Private,310774,Bachelors,13,Married-civ-spouse,Sales,Husband,White,Male,0,0,35,United-States,<=50K
47,Private,302711,11th,7,Divorced,Adm-clerical,Unmarried,White,Female,0,0,40,United-States,<=50K
47,Private,188330,HS-grad,9,Married-civ-spouse,Transport-moving,Husband,White,Male,0,0,25,United-States,<=50K
32,Private,211349,10th,6,Married-civ-spouse,Transport-moving,Husband,White,Male,0,0,40,United-States,<=50K
24,Private,216129,Bachelors,13,Never-married,Sales,Not-in-family,White,Male,0,0,50,United-States,<=50K
38,Private,239397,7th-8th,4,Married-civ-spouse,Craft-repair,Husband,White,Male,0,0,36,Mexico,<=50K
24,Private,148709,HS-grad,9,Never-married,Other-service,Not-in-family,White,Female,0,0,40,United-States,<=50K
35,Private,297485,Bachelors,13,Divorced,Exec-managerial,Unmarried,White,Female,0,0,40,United-States,<=50K
43,State-gov,24763,Masters,14,Married-civ-spouse,Prof-specialty,Husband,White,Male,0,1887,45,United-States,>50K
32,Private,193042,Bachelors,13,Married-civ-spouse,Sales,Husband,White,Male,0,0,44,United-States,<=50K
18,,352430,11th,7,Never-married,,Own-child,White,Male,0,1602,30,United-States,<=50K.
59,Private,201159,12th,8,Widowed,Machine-op-inspct,Other-relative,White,Female,0,0,48,United-States,<=50K.
25,Local-gov,476599,Bachelors,13,Never-married,Prof-specialty,Not-in-family,White,Female,0,0,40,United-States,<=50K
55,Private,141727,Bachelors,13,Married-civ-spouse,Adm-clerical,Wife,White,Female,3464,0,40,United-States,<=50K
53,,158352,Masters,14,Never-married,,Not-in-family,White,Female,8614,0,35,United-States,>50K
22,State-gov,52262,Bachelors,13,Married-civ-spouse,Prof-specialty,Husband,White,Male,0,0,20,England,<=50K.
45,Private,240356,Some-college,10,Divorced,Sales,Not-in-family,White,Female,0,0,55,United-States,<=50K
50,Private,172942,Some-college,10,Divorced,Other-service,Own-child,White,Male,0,0,28,United-States,<=50K
32,Private,79586,Bachelors,13,Married-civ-spouse,Exec-managerial,Husband,Asian-Pac-Islander,Male,0,0,40,Philippines,>50K.
27,Private,157612,Bachelors,13,Separated,Exec-managerial,Not-in-family,White,Female,0,0,60,United-States,<=50K.
40,Self-emp-not-inc,93793,HS-grad,9,Married-civ-spouse,Craft-repair,Husband,White,Male,0,0,50,United-States,>50K
46,Private,193047,HS-grad,9,Married-civ-spouse,Exec-managerial,Husband,White,Male,0,0,40,United-States,>50K
35,Private,169104,Some-college,10,Married-spouse-absent,Craft-repair,Not-in-family,White,Male,0,0,40,United-States,<=50K
45,Private,78529,HS-grad,9,Divorced,Machine-op-inspct,Not-in-family,White,Male,0,0,50,United-States,<=50K.
32,Private,188246,HS-grad,9,Divorced,Craft-repair,Own-child,White,Male,0,0,40,United-States,<=50K
29,Private,169544,Assoc-voc,11,Never-married,Tech-support,Not-in-family,White,Male,0,0,40,United-States,<=50K
42,Private,367049,Masters,14,Never-married,Exec-managerial,Not-in-family,White,Female,4650,0,40,United-States,<=50K
21,,205939,Some-college,10,Never-married,,Own-child,White,Male,0,0,40,United-States,<=50K
62,Private,143746,HS-grad,9,Divorced,Other-service,Not-in-family,White,Female,0,0,40,United-States,<=50K.
26,Private,66692,Some-college,10,Divorced,Adm-clerical,Not-in-family,White,Female,0,0,40,United-States,<=50K.
66,Self-emp-not-inc,274451,9th,5,Married-civ-spouse,Farming-fishing,Husband,White,Male,0,0,25,United-States,>50K
24,Private,152724,HS-grad,9,Never-married,Machine-op-inspct,Unmarried,Black,Male,0,0,40,United-States,<=50K.
47,Private,52795,Some-college,10,Married-civ-spouse,Machine-op-inspct,Husband,White,Male,0,0,46,United-States,<=50K
23,State-gov,241951,Some-college,10,Never-married,Prof-specialty,Not-in-family,White,Male,0,0,40,United-States,<=50K
47,Private,115971,Some-college,10,Married-civ-spouse,Craft-repair,Husband,White,Male,0,0,40,United-States,>50K.
35,Local-gov,405284,Masters,14,Married-civ-spouse,Prof-specialty,Wife,White,Female,0,0,35,United-States,>50K.
46,Private,170850,Bachelors,13,Divorced,Machine-op-inspct,Not-in-family,White,Male,0,1590,40,,<=50K
22,Private,320615,7th-8th,4,Never-married,Craft-repair,Own-child,White,Male,0,0,35,United-States,<=50K.
28,State-gov,155397,Bachelors,13,Never-married,Exec-managerial,Not-in-family,White,Male,0,0,55,United-States,<=50K
31,Private,198613,HS-grad,9,Married-civ-spouse,Adm-clerical,Husband,White,Male,0,0,35,United-States,<=50K
35,Private,164193,Some-college,10,Never-married,Transport-moving,Not-in-family,White,Male,0,0,40,United-States,<=50K.
47,Private,178686,Assoc-voc,11,Never-married,Other-service,Not-in-family,White,Male,0,0,40,United-States,<=50K
30,Private,171598,Bachelors,13,Married-spouse-absent,Sales,Not-in-family,White,Female,0,0,50,United-States,<=50K
32,Self-emp-not-inc,97723,Assoc-voc,11,Never-married,Craft-repair,Not-in-family,White,Male,0,0,40,United-States,<=50K
48,Private,207277,Masters,14,Married-civ-spouse,Exec-managerial,Husband,White,Male,15024,0,40,United-States,>50K
21,Private,132320,11th,7,Never-married,Craft-repair,Not-in-family,White,Male,0,0,35,United-States,<=50K
31,Private,183000,Prof-school,15,Never-married,Tech-support,Not-in-family,White,Male,0,0,55,United-States,<=50K
48,Private,113211,Bachelors,13,Married-civ-spouse,Craft-repair,Husband,White,Male,99999,0,40,United-States,>50K.
48,Private,232149,Bachelors,13,Divorced,Tech-support,Own-child,White,Female,0,0,40,United-States,<=50K.
29,Private,133292,Some-college,10,Never-married,Adm-clerical,Own-child,Black,Male,0,0,40,United-States,<=50K.
40,Self-emp-not-inc,107762,Bachelors,13,Married-civ-spouse,Exec-managerial,Husband,White,Male,0,0,45,United-States,<=50K
45,Private,77085,Bachelors,13,Married-civ-spouse,Craft-repair,Husband,Asian-Pac-Islander,Male,0,0,40,Japan,>50K
27,Private,175034,Bachelors,13,Never-married,Adm-clerical,Not-in-family,White,Female,0,0,40,United-States,<=50K
18,,25837,11th,7,Never-married,,Own-child,White,Male,0,0,72,United-States,<=50K
28,Private,175710,Bachelors,13,Never-married,Adm-clerical,Not-in-family,White,Female,0,0,30,,<=50K
18,Private,220754,11th,7,Never-married,Handlers-cleaners,Own-child,White,Male,0,0,24,United-States,<=50K.
21,,189888,Assoc-acdm,12,Never-married,,Not-in-family,White,Male,0,0,55,United-States,<=50K
23,Private,481175,Some-college,10,Never-married,Exec-managerial,Own-child,Other,Male,0,0,24,Peru,<=50K
39,Private,176296,Assoc-acdm,12,Married-civ-spouse,Protective-serv,Husband,Black,Male,0,0,60,United-States,<=50K
25,Private,242136,HS-grad,9,Divorced,Machine-op-inspct,Not-in-family,Black,Male,0,0,40,United-States,<=50K.
63,Private,102479,Bachelors,13,Divorced,Exec-managerial,Not-in-family,White,Female,0,0,40,United-States,<=50K
32,Private,379412,Some-college,10,Never-married,Craft-repair,Own-child,White,Male,0,0,40,United-States,<=50K
35,Private,189922,Assoc-voc,11,Married-civ-spouse,Tech-support,Husband,White,Male,0,0,52,United-States,>50K.
30,Private,303867,HS-grad,9,Separated,Transport-moving,Not-in-family,White,Male,0,0,44,United-States,<=50K
57,Self-emp-inc,33725,Bachelors,13,Married-civ-spouse,Craft-repair,Husband,White,Male,0,0,50,United-States,>50K
27,Private,129009,Bachelors,13,Never-married,Exec-managerial,Not-in-family,White,Female,0,0,55,United-States,<=50K.
35,Private,104545,HS-grad,9,Divorced,Exec-managerial,Unmarried,White,Female,0,0,20,United-States,<=50K.
39,Private,147258,10th,6,Married-civ-spouse,Craft-repair,Husband,White,Male,0,0,40,United-States,<=50K
35,Private,183898,HS-grad,9,Divorced,Craft-repair,Unmarried,White,Male,2354,0,40,United-States,<=50K
22,Private,148294,11th,7,Never-married,Craft-repair,Own-child,White,Male,0,0,35,United-States,<=50K
24,Self-emp-not-inc,117210,HS-grad,9,Divorced,Craft-repair,Not-in-family,White,Male,0,0,50,United-States,<=50K
25,Private,227548,12th,8,Married-civ-spouse,Other-service,Husband,Black,Male,3103,0,40,United-States,<=50K.
40,Local-gov,104196,12th,8,Married-civ-spouse,Exec-managerial,Husband,White,Male,0,0,40,United-States,<=50K.
20,Private,434710,Some-college,10,Never-married,Adm-clerical,Not-in-family,White,Female,0,0,20,United-States,<=50K.
35,Private,192923,HS-grad,9,Married-civ-spouse,Craft-repair,Husband,White,Male,0,2377,40,United-States,<=50K
50,Private,155594,Assoc-acdm,12,Married-civ-spouse,Machine-op-inspct,Husband,White,Male,0,0,50,United-States,>50K
26,Private,172063,Some-college,10,Never-married,Sales,Own-child,White,Female,0,0,24,United-States,<=50K
29,Private,209934,5th-6th,3,Married-civ-spouse,Other-service,Husband,White,Male,0,0,40,Mexico,<=50K
38,Private,617898,Bachelors,13,Married-civ-spouse,Farming-fishing,Husband,White,Male,0,0,50,United-States,<=50K
27,Private,69132,Bachelors,13,Never-married,Tech-support,Not-in-family,White,Male,0,0,37,United-States,<=50K
24,Private,183751,11th,7,Married-civ-spouse,Craft-repair,Husband,White,Male,0,0,65,United-States,<=50K
34,Private,176673,Some-college,10,Never-married,Sales,Other-relative,Black,Female,0,0,35,United-States,<=50K
31,State-gov,46492,Assoc-voc,11,Never-married,Craft-repair,Own-child,White,Male,0,0,40,United-States,<=50K.
19,Private,35245,HS-grad,9,Never-married,Handlers-cleaners,Own-child,White,Male,0,0,25,United-States,<=50K.
60,Local-gov,93272,HS-grad,9,Married-civ-spouse,Other-service,Husband,White,Male,0,0,40,United-States,<=50K
39,Private,322143,12th,8,Married-civ-spouse,Transport-moving,Husband,White,Male,15024,0,70,United-States,>50K
42,Private,78765,Some-college,10,Married-civ-spouse,Craft-repair,Husband,White,Male,3103,0,45,United-States,>50K
63,Private,318763,Some-college,10,Divorced,Craft-repair,Unmarried,White,Male,0,0,22,United-States,<=50K
38,Private,43712,Bachelors,13,Married-civ-spouse,Prof-specialty,Husband,White,Male,7298,0,60,United-States,>50K
39,Private,176335,Masters,14,Married-civ-spouse,Exec-managerial,Husband,White,Male,7688,0,65,United-States,>50K
69,,163595,HS-grad,9,Widowed,,Not-in-family,White,Female,0,0,20,United-States,<=50K
37,Private,139684,HS-grad,9,Divorced,Machine-op-inspct,Not-in-family,White,Male,0,0,45,United-States,<=50K.
37,Self-emp-not-inc,80324,HS-grad,9,Married-civ-spouse,Exec-managerial,Husband,White,Male,0,0,60,United-States,>50K
64,Private,391121,7th-8th,4,Married-civ-spouse,Farming-fishing,Husband,White,Male,0,0,40,United-States,>50K
54,Self-emp-inc,96460,HS-grad,9,Married-civ-spouse,Exec-managerial,Husband,White,Male,7688,0,60,United-States,>50K
37,Private,175759,Bachelors,13,Married-civ-spouse,Tech-support,Husband,White,Male,0,0,40,United-States,>50K
45,Local-gov,308275,Bachelors,13,Married-civ-spouse,Exec-managerial,Husband,Black,Male,7688,0,65,United-States,>50K.
35,Private,202263,Assoc-acdm,12,Never-married,Exec-managerial,Not-in-family,White,Male,0,0,38,United-States,<=50K.
43,Federal-gov,101709,Some-college,10,Divorced,Handlers-cleaners,Not-in-family,Asian-Pac-Islander,Male,0,0,40,United-States,<=50K
25,Private,321205,Bachelors,13,Never-married,Exec-managerial,Not-in-family,White,Male,4101,0,35,United-States,<=50K
25,Private,290441,Assoc-acdm,12,Never-married,Adm-clerical,Not-in-family,Black,Female,0,0,40,United-States,<=50K.
34,Private,296724,Some-college,10,Never-married,Exec-managerial,Not-in-family,White,Female,0,0,17,United-States,<=50K
30,Private,165115,Assoc-voc,11,Divorced,Adm-clerical,Unmarried,White,Female,0,0,30,United-States,<=50K.
23,Private,218899,Bachelors,13,Never-married,Sales,Own-child,White,Female,0,0,60,United-States,<=50K
20,Private,81145,Some-college,10,Never-married,Sales,Not-in-family,White,Female,0,0,25,United-States,<=50K
27,Private,303954,Bachelors,13,Married-civ-spouse,Sales,Husband,White,Male,0,0,45,United-States,<=50K
61,Private,203126,Bachelors,13,Divorced,Priv-house-serv,Not-in-family,White,Female,0,0,12,,<=50K
25,Private,443855,HS-grad,9,Married-civ-spouse,Other-service,Husband,White,Male,0,0,40,Mexico,<=50K
20,Private,122622,Some-college,10,Never-married,Farming-fishing,Not-in-family,White,Female,0,0,40,United-States,<=50K.
49,Self-emp-inc,77132,HS-grad,9,Married-civ-spouse,Exec-managerial,Husband,White,Male,0,0,40,Canada,>50K.
30,Private,327112,Bachelors,13,Divorced,Sales,Not-in-family,White,Male,0,1564,40,United-States,>50K
45,Private,82797,Bachelors,13,Married-civ-spouse,Exec-managerial,Husband,White,Male,0,0,45,United-States,>50K
33,Private,405913,Some-college,10,Married-civ-spouse,Prof-specialty,Husband,White,Male,0,0,40,Peru,>50K
47,State-gov,55272,Some-college,10,Married-civ-spouse,Craft-repair,Husband,White,Male,0,0,40,United-States,>50K
38,Self-emp-not-inc,203836,5th-6th,3,Never-married,Transport-moving,Not-in-family,White,Male,0,0,40,United-States,<=50K
21,Private,221955,HS-grad,9,Never-married,Machine-op-inspct,Unmarried,White,Male,0,0,40,Mexico,<=50K
49,Private,144514,HS-grad,9,Married-civ-spouse,Adm-clerical,Husband,White,Male,0,0,40,United-States,<=50K.
61,Private,227332,Bachelors,13,Never-married,Prof-specialty,Own-child,White,Male,0,0,40,United-States,<=50K.
22,Private,225531,HS-grad,9,Never-married,Other-service,Own-child,White,Male,0,2205,40,United-States,<=50K.
51,Private,108435,12th,8,Never-married,Other-service,Own-child,White,Male,0,0,40,United-States,<=50K.
42,Private,261929,Bachelors,13,Married-civ-spouse,Sales,Husband,White,Male,0,0,45,United-States,>50K.
31,Private,181751,HS-grad,9,Divorced,Adm-clerical,Not-in-family,White,Female,0,0,40,United-States,<=50K.
45,Private,155659,Bachelors,13,Married-civ-spouse,Prof-specialty,Husband,White,Male,0,0,60,United-States,>50K
75,Private,185603,10th,6,Widowed,Tech-support,Not-in-family,White,Female,0,0,32,United-States,<=50K.
30,Self-emp-inc,173858,Some-college,10,Married-civ-spouse,Exec-managerial,Husband,Asian-Pac-Islander,Male,0,1902,40,South,>50K
24,Private,236149,HS-grad,9,Never-married,Exec-managerial,Own-child,White,Female,0,0,50,United-States,<=50K.
24,Private,403671,HS-grad,9,Married-civ-spouse,Craft-repair,Husband,White,Male,0,0,60,United-States,<=50K
29,Private,111900,Some-college,10,Married-civ-spouse,Farming-fishing,Husband,White,Male,0,0,40,United-States,<=50K
34,Private,410615,Assoc-acdm,12,Married-civ-spouse,Exec-managerial,Husband,White,Male,0,0,60,United-States,>50K.
59,Private,140569,Some-college,10,Separated,Sales,Not-in-family,White,Male,14084,0,60,United-States,>50K
28,,131310,12th,8,Married-civ-spouse,,Wife,White,Female,0,0,20,Germany,<=50K
47,Private,78022,Assoc-acdm,12,Married-civ-spouse,Sales,Husband,White,Male,0,0,50,United-States,<=50K.
59,Federal-gov,190541,HS-grad,9,Married-civ-spouse,Craft-repair,Husband,White,Male,0,0,40,United-States,>50K
29,Private,113635,HS-grad,9,Never-married,Craft-repair,Own-child,White,Male,0,0,40,United-States,<=50K.
41,Private,63596,Some-college,10,Married-civ-spouse,Prof-specialty,Wife,White,Female,0,0,32,United-States,>50K
46,Federal-gov,171850,HS-grad,9,Divorced,Exec-managerial,Not-in-family,White,Male,0,0,42,United-States,<=50K.
18,Private,151463,11th,7,Never-married,Craft-repair,Own-child,White,Male,0,0,20,United-States,<=50K.
50,Private,92079,Some-college,10,Married-civ-spouse,Tech-support,Husband,White,Male,0,0,45,United-States,>50K
21,Private,154964,HS-grad,9,Divorced,Machine-op-inspct,Other-relative,Black,Female,0,0,40,United-States,<=50K.
28,State-gov,297735,Prof-school,15,Never-married,Prof-specialty,Not-in-family,White,Male,0,0,90,United-States,<=50K
31,Private,111567,Bachelors,13,Married-civ-spouse,Exec-managerial,Husband,White,Male,0,0,70,United-States,>50K
53,Private,35459,Some-college,10,Married-civ-spouse,Craft-repair,Husband,White,Male,0,0,47,United-States,>50K.
29,Private,319998,9th,5,Married-civ-spouse,Craft-repair,Husband,White,Male,0,0,40,United-States,<=50K.
34,Local-gov,210164,Some-college,10,Married-civ-spouse,Craft-repair,Husband,White,Male,0,1740,40,United-States,<=50K
47,Local-gov,265097,HS-grad,9,Married-civ-spouse,Other-service,Husband,White,Male,4386,0,40,United-States,>50K
37,Local-gov,347491,Assoc-acdm,12,Married-civ-spouse,Craft-repair,Husband,White,Male,0,0,40,United-States,>50K.
61,Private,90051,7th-8th,4,Married-civ-spouse,Machine-op-inspct,Wife,White,Female,3456,0,44,Canada,<=50K.
19,Private,456736,HS-grad,9,Never-married,Sales,Not-in-family,White,Male,2907,0,30,United-States,<=50K.
19,,208066,Some-college,10,Never-married,,Own-child,White,Female,0,0,40,United-States,<=50K.
19,Private,43937,Some-college,10,Never-married,Other-service,Own-child,White,Female,0,0,12,United-States,<=50K.
43,Private,307767,HS-grad,9,Married-civ-spouse,Handlers-cleaners,Husband,White,Male,0,0,40,United-States,<=50K
39,Private,33487,11th,7,Married-civ-spouse,Machine-op-inspct,Husband,White,Male,0,0,40,United-States,<=50K
50,State-gov,53497,Masters,14,Married-civ-spouse,Prof-specialty,Husband,White,Male,0,0,46,United-States,>50K.
46,Private,325372,Some-college,10,Married-civ-spouse,Exec-managerial,Husband,White,Male,0,0,40,United-States,<=50K
38,Private,208358,HS-grad,9,Married-civ-spouse,Craft-repair,Husband,White,Male,0,0,40,United-States,>50K
38,Private,172571,Bachelors,13,Married-civ-spouse,Exec-managerial,Husband,White,Male,0,1848,54,United-States,>50K
63,Private,116993,HS-grad,9,Married-civ-spouse,Machine-op-inspct,Husband,White,Male,0,0,40,United-States,>50K.
38,Local-gov,147258,HS-grad,9,Never-married,Transport-moving,Not-in-family,White,Male,0,0,40,United-States,<=50K
52,Private,139347,HS-grad,9,Married-civ-spouse,Transport-moving,Wife,White,Female,0,0,40,United-States,<=50K
22,Private,255575,HS-grad,9,Never-married,Other-service,Not-in-family,White,Female,0,0,35,United-States,<=50K.
47,Private,347025,Masters,14,Divorced,Prof-specialty,Not-in-family,White,Female,0,0,40,United-States,<=50K
30,Private,187618,HS-grad,9,Married-civ-spouse,Exec-managerial,Husband,White,Male,0,0,50,United-States,<=50K
54,,120781,Doctorate,16,Married-spouse-absent,,Unmarried,Asian-Pac-Islander,Male,0,0,20,India,<=50K.
41,Private,212027,11th,7,Married-civ-spouse,Craft-repair,Husband,Black,Male,0,0,40,United-States,<=50K.
77,Self-emp-not-inc,71676,Some-college,10,Widowed,Adm-clerical,Not-in-family,White,Female,0,1944,1,United-States,<=50K
44,,118484,Prof-school,15,Married-civ-spouse,,Husband,White,Male,0,0,80,United-States,<=50K.
33,Private,182246,HS-grad,9,Never-married,Prof-specialty,Not-in-family,White,Male,0,0,40,United-States,<=50K
37,Private,306868,HS-grad,9,Divorced,Craft-repair,Unmarried,White,Male,0,0,38,United-States,<=50K.
41,Self-emp-not-inc,200479,HS-grad,9,Never-married,Craft-repair,Not-in-family,White,Male,0,0,48,United-States,<=50K.
31,Private,176025,HS-grad,9,Never-married,Tech-support,Unmarried,Black,Female,0,0,40,United-States,<=50K.
20,Private,386864,10th,6,Never-married,Other-service,Other-relative,White,Male,0,0,35,Mexico,<=50K
57,Private,142924,Bachelors,13,Separated,Exec-managerial,Unmarried,White,Female,0,0,40,United-States,<=50K.
55,Federal-gov,174533,Bachelors,13,Separated,Other-service,Unmarried,White,Female,0,0,72,,<=50K
38,Self-emp-not-inc,127772,HS-grad,9,Divorced,Farming-fishing,Own-child,White,Male,0,0,50,United-States,<=50K
45,Self-emp-inc,122206,Assoc-acdm,12,Married-civ-spouse,Exec-managerial,Husband,White,Male,0,0,50,United-States,>50K
39,Private,30916,HS-grad,9,Married-civ-spouse,Craft-repair,Husband,White,Male,0,0,40,United-States,<=50K
41,Private,33126,Assoc-voc,11,Never-married,Other-service,Not-in-family,White,Male,0,0,45,United-States,<=50K.
18,Private,114008,HS-grad,9,Never-married,Other-service,Own-child,White,Male,0,0,35,United-States,<=50K
27,Private,187450,Bachelors,13,Married-civ-spouse,Exec-managerial,Husband,White,Male,0,0,50,United-States,<=50K.
33,,148380,Bachelors,13,Married-civ-spouse,,Wife,White,Female,3103,0,60,United-States,>50K.
28,Private,122922,HS-grad,9,Never-married,Exec-managerial,Not-in-family,White,Female,0,0,50,United-States,<=50K
41,Self-emp-not-inc,264663,11th,7,Divorced,Other-service,Not-in-family,White,Female,0,0,40,United-States,<=50K.
57,Self-emp-not-inc,175942,Some-college,10,Widowed,Exec-managerial,Other-relative,White,Male,0,0,25,United-States,<=50K
24,Private,130620,Some-college,10,Never-married,Adm-clerical,Other-relative,Asian-Pac-Islander,Female,0,0,40,,<=50K.
36,Local-gov,251091,Some-college,10,Married-civ-spouse,Protective-serv,Husband,White,Male,0,0,40,United-States,>50K
30,Self-emp-not-inc,85708,HS-grad,9,Married-civ-spouse,Craft-repair,Husband,White,Male,0,0,40,United-States,<=50K
42,State-gov,83411,HS-grad,9,Married-civ-spouse,Exec-managerial,Husband,White,Male,0,0,40,United-States,>50K
20,Private,194247,HS-grad,9,Never-married,Exec-managerial,Not-in-family,White,Male,0,0,25,United-States,<=50K
29,Private,176137,HS-grad,9,Divorced,Adm-clerical,Unmarried,White,Female,0,0,40,United-States,<=50K.
31,Private,286675,HS-grad,9,Divorced,Craft-repair,Own-child,White,Male,0,0,50,United-States,<=50K
59,Self-emp-not-inc,41258,Bachelors,13,Married-civ-spouse,Prof-specialty,Husband,White,Male,0,0,50,United-States,<=50K
25,Private,161027,HS-grad,9,Never-married,Sales,Own-child,White,Male,0,0,40,United-States,<=50K.
43,Private,137126,Some-college,10,Married-civ-spouse,Exec-managerial,Husband,White,Male,0,0,40,United-States,>50K
26,Private,181666,Assoc-acdm,12,Married-civ-spouse,Adm-clerical,Own-child,White,Female,0,0,40,,<=50K
43,Private,33310,HS-grad,9,Divorced,Adm-clerical,Not-in-family,White,Female,0,0,40,United-States,<=50K
30,Federal-gov,423064,HS-grad,9,Separated,Adm-clerical,Other-relative,Black,Male,0,0,35,United-States,<=50K
24,Private,118514,HS-grad,9,Never-married,Craft-repair,Own-child,White,Male,0,0,40,United-States,<=50K.
24,Private,91999,Assoc-acdm,12,Never-married,Exec-managerial,Not-in-family,White,Male,0,0,20,United-States,<=50K
30,Private,396538,HS-grad,9,Separated,Exec-managerial,Unmarried,White,Female,0,0,29,United-States,<=50K
37,Self-emp-not-inc,31095,Assoc-voc,11,Married-civ-spouse,Farming-fishing,Husband,White,Male,0,0,60,United-States,>50K.
36,Private,36423,Some-college,10,Married-civ-spouse,Adm-clerical,Husband,White,Male,0,0,60,United-States,<=50K.
38,Private,156550,HS-grad,9,Married-civ-spouse,Craft-repair,Husband,White,Male,0,0,60,United-States,<=50K
22,Private,157783,HS-grad,9,Married-civ-spouse,Other-service,Husband,Asian-Pac-Islander,Male,0,0,35,Vietnam,<=50K.
61,Private,242552,5th-6th,3,Married-civ-spouse,Machine-op-inspct,Wife,White,Female,0,0,37,Honduras,<=50K.
42,Private,197344,HS-grad,9,Married-civ-spouse,Other-service,Husband,White,Male,0,0,45,United-States,<=50K.
37,Private,215392,Bachelors,13,Divorced,Prof-specialty,Not-in-family,White,Female,0,0,40,United-States,<=50K
35,Private,190297,7th-8th,4,Married-civ-spouse,Craft-repair,Husband,White,Male,0,0,40,United-States,<=50K.
20,Private,175808,HS-grad,9,Never-married,Craft-repair,Own-child,White,Male,0,0,40,United-States,<=50K.
21,Private,502837,HS-grad,9,Never-married,Machine-op-inspct,Own-child,White,Female,0,0,40,Peru,<=50K
24,Private,190293,Bachelors,13,Never-married,Prof-specialty,Not-in-family,White,Female,0,0,40,United-States,<=50K
27,State-gov,31935,Some-college,10,Never-married,Tech-support,Own-child,White,Female,0,0,80,United-States,<=50K
30,Private,167558,HS-grad,9,Never-married,Sales,Unmarried,White,Female,0,0,35,Mexico,<=50K
46,Private,137547,HS-grad,9,Divorced,Craft-repair,Not-in-family,Amer-Indian-Eskimo,Male,0,0,40,United-States,<=50K
35,Private,174503,Some-college,10,Divorced,Machine-op-inspct,Not-in-family,White,Female,0,0,40,United-States,<=50K.
38,,70282,Masters,14,Married-civ-spouse,,Wife,Black,Female,15024,0,2,United-States,>50K
52,Local-gov,246197,HS-grad,9,Married-civ-spouse,Craft-repair,Husband,White,Male,0,0,40,United-States,<=50K
18,Federal-gov,280728,Some-college,10,Never-married,Sales,Own-child,White,Female,0,0,32,United-States,<=50K
35,Private,143589,Bachelors,13,Married-spouse-absent,Prof-specialty,Not-in-family,Asian-Pac-Islander,Female,0,0,40,Philippines,<=50K
33,Private,263561,HS-grad,9,Divorced,Craft-repair,Not-in-family,White,Male,0,0,60,United-States,<=50K
28,Federal-gov,163862,Bachelors,13,Married-civ-spouse,Exec-managerial,Husband,White,Male,5178,0,40,United-States,>50K
57,Private,172291,HS-grad,9,Divorced,Adm-clerical,Other-relative,Black,Female,0,0,40,United-States,<=50K
34,Private,176711,HS-grad,9,Never-married,Adm-clerical,Own-child,White,Male,0,0,40,United-States,<=50K
38,Self-emp-not-inc,245090,9th,5,Married-civ-spouse,Craft-repair,Husband,White,Male,0,0,40,Mexico,<=50K
41,Federal-gov,33487,Some-college,10,Divorced,Adm-clerical,Other-relative,Amer-Indian-Eskimo,Female,0,0,38,United-States,<=50K.
68,,29240,HS-grad,9,Widowed,,Not-in-family,White,Female,0,0,12,United-States,<=50K
18,Private,50879,10th,6,Never-married,Other-service,Own-child,White,Male,0,0,6,United-States,<=50K
33,Local-gov,190027,Some-college,10,Never-married,Adm-clerical,Unmarried,Black,Female,0,0,18,United-States,<=50K
49,Private,144396,11th,7,Divorced,Exec-managerial,Not-in-family,White,Female,0,0,38,United-States,<=50K
52,Local-gov,230112,Masters,14,Married-civ-spouse,Prof-specialty,Husband,White,Male,0,0,40,United-States,>50K.
38,Private,107303,HS-grad,9,Married-civ-spouse,Craft-repair,Husband,White,Male,0,0,40,United-States,<=50K
35,Private,220595,HS-grad,9,Married-civ-spouse,Craft-repair,Husband,White,Male,0,0,40,United-States,<=50K
30,Private,91145,HS-grad,9,Never-married,Handlers-cleaners,Unmarried,White,Male,0,0,55,United-States,<=50K
46,Private,198774,Masters,14,Divorced,Exec-managerial,Unmarried,White,Female,0,323,45,United-States,<=50K
37,Private,162322,Assoc-voc,11,Separated,Craft-repair,Not-in-family,White,Female,0,0,40,United-States,<=50K.
40,Private,117523,Bachelors,13,Never-married,Exec-managerial,Not-in-family,White,Female,0,0,40,Columbia,<=50K.
46,Private,191357,Bachelors,13,Married-civ-spouse,Tech-support,Husband,White,Male,0,0,40,United-States,<=50K
21,Private,512828,HS-grad,9,Never-married,Protective-serv,Own-child,Black,Male,0,0,40,United-States,<=50K
47,Private,188195,Some-college,10,Married-civ-spouse,Prof-specialty,Husband,White,Male,0,0,40,United-States,<=50K
31,Private,202450,HS-grad,9,Married-civ-spouse,Machine-op-inspct,Husband,White,Male,0,1573,40,United-States,<=50K
39,Private,190987,Assoc-voc,11,Divorced,Adm-clerical,Unmarried,White,Female,0,0,50,United-States,<=50K.
61,,160625,Bachelors,13,Married-civ-spouse,,Husband,White,Male,4386,0,15,United-States,>50K
36,Local-gov,254202,Prof-school,15,Divorced,Prof-specialty,Unmarried,White,Female,0,0,24,Germany,<=50K.
40,Self-emp-not-inc,29762,Some-college,10,Married-civ-spouse,Craft-repair,Husband,White,Male,0,0,60,United-States,<=50K
59,Federal-gov,195467,Masters,14,Never-married,Exec-managerial,Not-in-family,White,Male,0,0,40,United-States,<=50K
50,Private,330543,Preschool,1,Married-civ-spouse,Other-service,Husband,White,Male,0,0,40,Mexico,<=50K.
27,Federal-gov,175262,Some-college,10,Never-married,Machine-op-inspct,Own-child,White,Male,0,0,40,United-States,<=50K.
50,Self-emp-inc,119099,Some-college,10,Married-civ-spouse,Exec-managerial,Husband,White,Male,0,0,99,United-States,>50K
34,Private,182691,HS-grad,9,Divorced,Exec-managerial,Own-child,White,Male,0,0,44,United-States,<=50K
48,Private,47022,HS-grad,9,Widowed,Handlers-cleaners,Other-relative,White,Female,0,0,48,United-States,<=50K
38,Private,212143,Some-college,10,Married-civ-spouse,Exec-managerial,Wife,White,Female,0,0,35,United-States,>50K.
45,Private,184441,7th-8th,4,Never-married,Machine-op-inspct,Unmarried,White,Female,0,0,42,United-States,<=50K.
58,,169982,Some-college,10,Married-civ-spouse,,Husband,White,Male,0,0,40,United-States,>50K
43,Local-gov,153132,Masters,14,Married-civ-spouse,Prof-specialty,Husband,White,Male,15024,0,40,United-States,>50K
32,Federal-gov,402361,HS-grad,9,Never-married,Adm-clerical,Not-in-family,White,Male,0,0,40,United-States,<=50K
30,Self-emp-not-inc,281030,HS-grad,9,Never-married,Sales,Unmarried,White,Male,0,0,66,United-States,<=50K
58,Private,177368,HS-grad,9,Married-civ-spouse,Craft-repair,Husband,White,Male,0,0,40,United-States,>50K
23,Local-gov,115244,Bachelors,13,Never-married,Prof-specialty,Own-child,White,Female,0,0,60,United-States,<=50K
54,Self-emp-inc,223752,Bachelors,13,Married-civ-spouse,Exec-managerial,Husband,White,Male,7688,0,40,,>50K
33,State-gov,119628,Doctorate,16,Married-civ-spouse,Prof-specialty,Husband,Asian-Pac-Islander,Male,0,0,50,Hong,<=50K
30,Federal-gov,97355,Some-college,10,Separated,Prof-specialty,Not-in-family,White,Female,0,0,40,United-States,<=50K.
25,Private,203561,Assoc-voc,11,Married-civ-spouse,Tech-support,Husband,White,Male,0,0,56,United-States,>50K.
34,Private,110622,Bachelors,13,Never-married,Exec-managerial,Not-in-family,Asian-Pac-Islander,Female,0,0,40,Philippines,<=50K
19,Private,179707,Some-college,10,Never-married,Adm-clerical,Own-child,White,Male,0,0,30,United-States,<=50K.
20,Private,110998,Some-college,10,Never-married,Adm-clerical,Own-child,Asian-Pac-Islander,Female,0,0,30,United-States,<=50K
17,Private,222618,11th,7,Never-married,Sales,Own-child,Black,Female,0,0,30,United-States,<=50K
27,Private,116531,Bachelors,13,Never-married,Exec-managerial,Not-in-family,White,Female,0,0,40,United-States,<=50K
18,Private,703067,11th,7,Never-married,Sales,Own-child,White,Male,0,0,20,United-States,<=50K
22,Private,310197,7th-8th,4,Married-civ-spouse,Handlers-cleaners,Husband,White,Male,0,0,40,United-States,<=50K.
52,Local-gov,192853,HS-grad,9,Married-civ-spouse,Transport-moving,Husband,Other,Male,0,0,40,Jamaica,>50K.
21,Private,184568,HS-grad,9,Never-married,Machine-op-inspct,Not-in-family,White,Male,0,0,40,United-States,<=50K
47,Private,155107,HS-grad,9,Married-civ-spouse,Tech-support,Husband,White,Male,0,0,40,United-States,<=50K.
43,Private,255586,HS-grad,9,Divorced,Machine-op-inspct,Unmarried,White,Male,0,0,40,United-States,<=50K.
51,Local-gov,230767,Assoc-acdm,12,Never-married,Adm-clerical,Not-in-family,White,Male,0,0,38,Cuba,<=50K.
34,Private,102130,HS-grad,9,Married-civ-spouse,Sales,Husband,White,Male,0,0,65,United-States,>50K
25,Private,232914,Bachelors,13,Married-civ-spouse,Adm-clerical,Wife,Black,Female,0,0,38,United-States,<=50K
40,Private,130834,Some-college,10,Never-married,Adm-clerical,Not-in-family,White,Female,0,0,40,United-States,<=50K
30,Private,39386,Some-college,10,Married-civ-spouse,Exec-managerial,Husband,Black,Male,0,0,99,United-States,<=50K
25,Private,282612,Assoc-voc,11,Never-married,Tech-support,Unmarried,Black,Female,0,0,40,United-States,<=50K
46,Private,119939,11th,7,Married-civ-spouse,Craft-repair,Husband,White,Male,0,0,40,United-States,<=50K.
41,Private,139126,Some-college,10,Married-civ-spouse,Exec-managerial,Husband,White,Male,0,1902,40,United-States,>50K.
32,Private,193285,HS-grad,9,Never-married,Craft-repair,Own-child,White,Male,0,0,40,United-States,<=50K
61,Private,154600,HS-grad,9,Married-civ-spouse,Other-service,Wife,White,Female,0,0,4,United-States,<=50K
35,Self-emp-inc,187053,Bachelors,13,Separated,Prof-specialty,Not-in-family,White,Female,0,0,50,United-States,<=50K
30,Private,378009,Masters,14,Married-civ-spouse,Exec-managerial,Husband,White,Male,0,0,50,United-States,>50K
22,Private,117606,Bachelors,13,Never-married,Adm-clerical,Own-child,White,Female,0,0,32,United-States,<=50K
34,Private,113838,Some-college,10,Married-civ-spouse,Craft-repair,Husband,White,Male,0,0,45,United-States,<=50K
21,Private,191324,Some-college,10,Never-married,Other-service,Own-child,White,Male,0,0,25,United-States,<=50K.
28,Private,204516,10th,6,Never-married,Transport-moving,Not-in-family,White,Male,0,0,45,United-States,<=50K
32,Private,117369,HS-grad,9,Never-married,Other-service,Not-in-family,White,Male,0,0,48,United-States,<=50K.
60,,153072,HS-grad,9,Married-civ-spouse,,Husband,White,Male,0,0,5,United-States,<=50K
24,Federal-gov,203182,Bachelors,13,Never-married,Exec-managerial,Not-in-family,White,Female,2174,0,40,United-States,<=50K.
64,Self-emp-not-inc,219661,Prof-school,15,Married-civ-spouse,Prof-specialty,Husband,White,Male,0,0,9,United-States,>50K
29,Private,179498,HS-grad,9,Married-civ-spouse,Exec-managerial,Husband,White,Male,0,0,40,Germany,<=50K
51,Self-emp-not-inc,35295,HS-grad,9,Never-married,Farming-fishing,Unmarried,White,Male,0,0,45,United-States,<=50K
43,Private,242804,HS-grad,9,Separated,Handlers-cleaners,Not-in-family,White,Male,0,0,40,United-States,<=50K
38,Local-gov,91711,Bachelors,13,Married-civ-spouse,Prof-specialty,Husband,White,Male,0,0,50,United-States,>50K
17,Private,211870,9th,5,Never-married,Other-service,Not-in-family,White,Male,0,0,6,United-States,<=50K
56,Private,143266,Some-college,10,Married-civ-spouse,Exec-managerial,Husband,White,Male,0,0,40,United-States,>50K
34,Private,249948,Some-college,10,Divorced,Other-service,Not-in-family,White,Female,0,0,34,United-States,<=50K
37,Private,188069,HS-grad,9,Married-civ-spouse,Machine-op-inspct,Husband,White,Male,0,0,40,United-States,<=50K
72,Self-emp-not-inc,203523,Prof-school,15,Married-civ-spouse,Exec-managerial,Husband,White,Male,0,0,10,United-States,<=50K.
31,Private,201292,HS-grad,9,Married-civ-spouse,Other-service,Husband,White,Male,0,0,40,United-States,<=50K
44,Local-gov,150171,HS-grad,9,Divorced,Adm-clerical,Unmarried,White,Female,0,0,40,United-States,<=50K
25,Private,169100,Masters,14,Married-civ-spouse,Exec-managerial,Husband,White,Male,0,0,40,United-States,<=50K
56,Private,31782,10th,6,Married-civ-spouse,Sales,Husband,White,Male,0,0,40,United-States,<=50K
52,Private,187938,Some-college,10,Divorced,Sales,Not-in-family,White,Female,0,0,49,United-States,<=50K.
27,Private,156266,HS-grad,9,Never-married,Sales,Own-child,Amer-Indian-Eskimo,Male,0,0,20,United-States,<=50K
34,Private,293900,11th,7,Married-spouse-absent,Craft-repair,Not-in-family,Black,Male,0,0,55,United-States,<=50K
62,Self-emp-not-inc,71467,Bachelors,13,Married-civ-spouse,Craft-repair,Husband,White,Male,0,0,55,United-States,>50K
42,Self-emp-not-inc,34722,Assoc-acdm,12,Married-civ-spouse,Adm-clerical,Husband,White,Male,0,0,40,United-States,<=50K.
26,,408417,Some-college,10,Married-AF-spouse,,Husband,Black,Male,0,0,38,United-States,<=50K.
20,Private,161092,Some-college,10,Never-married,Handlers-cleaners,Own-child,White,Male,0,0,40,United-States,<=50K
21,Private,191497,Some-college,10,Never-married,Sales,Own-child,White,Female,0,0,20,United-States,<=50K
42,Private,52849,Some-college,10,Married-civ-spouse,Machine-op-inspct,Husband,White,Male,0,0,40,United-States,<=50K
22,Private,150175,Some-college,10,Never-married,Adm-clerical,Own-child,White,Female,0,0,20,United-States,<=50K
26,Private,210848,9th,5,Married-civ-spouse,Craft-repair,Husband,White,Male,2635,0,35,Mexico,<=50K.
70,Local-gov,334666,HS-grad,9,Widowed,Adm-clerical,Not-in-family,White,Female,0,0,12,United-States,<=50K
42,Local-gov,97277,Masters,14,Divorced,Prof-specialty,Unmarried,White,Female,0,0,40,United-States,<=50K
31,,85077,Bachelors,13,Married-civ-spouse,,Wife,White,Female,0,1902,20,United-States,>50K
40,Federal-gov,187164,Bachelors,13,Never-married,Tech-support,Own-child,White,Male,0,0,40,United-States,<=50K.
51,State-gov,196395,HS-grad,9,Married-civ-spouse,Prof-specialty,Husband,Black,Male,0,0,60,United-States,>50K.
19,,200790,12th,8,Married-civ-spouse,,Other-relative,White,Female,15024,0,40,United-States,>50K
30,Federal-gov,48458,Some-college,10,Never-married,Adm-clerical,Own-child,Black,Female,0,0,40,United-States,<=50K
63,Private,163708,9th,5,Widowed,Other-service,Not-in-family,White,Female,0,0,20,United-States,<=50K
46,Private,157991,Assoc-voc,11,Divorced,Tech-support,Unmarried,Black,Female,0,625,40,United-States,<=50K
29,Private,156266,Assoc-acdm,12,Never-married,Exec-managerial,Own-child,Amer-Indian-Eskimo,Male,0,0,25,United-States,<=50K.
41,Local-gov,112797,Masters,14,Divorced,Prof-specialty,Unmarried,White,Female,0,0,60,United-States,<=50K
40,Private,73025,HS-grad,9,Married-civ-spouse,Other-service,Husband,Asian-Pac-Islander,Male,0,0,30,China,<=50K
30,Private,159442,HS-grad,9,Separated,Adm-clerical,Not-in-family,White,Female,0,0,40,United-States,<=50K
28,Private,314659,Some-college,10,Never-married,Machine-op-inspct,Not-in-family,White,Male,0,0,42,United-States,<=50K
65,Without-pay,27012,7th-8th,4,Widowed,Farming-fishing,Unmarried,White,Female,0,0,50,United-States,<=50K
31,Private,258406,HS-grad,9,Married-civ-spouse,Machine-op-inspct,Husband,White,Male,0,0,50,Mexico,<=50K.
32,Private,127895,HS-grad,9,Never-married,Machine-op-inspct,Own-child,Black,Female,0,0,40,United-States,<=50K.
45,Private,347025,7th-8th,4,Widowed,Other-service,Unmarried,White,Female,0,0,21,United-States,<=50K.
46,Private,113806,12th,8,Married-civ-spouse,Craft-repair,Husband,White,Male,7298,0,40,,>50K
32,Private,425622,HS-grad,9,Married-civ-spouse,Transport-moving,Husband,White,Male,0,0,55,United-States,<=50K
28,Local-gov,125159,Some-college,10,Never-married,Adm-clerical,Other-relative,Black,Male,0,0,40,Haiti,<=50K
35,Private,268661,Some-college,10,Married-civ-spouse,Sales,Husband,White,Male,0,0,50,United-States,<=50K
54,Private,46401,Some-college,10,Divorced,Other-service,Not-in-family,White,Female,0,0,47,United-States,<=50K
36,Private,269784,10th,6,Separated,Handlers-cleaners,Unmarried,White,Female,0,0,40,United-States,<=50K.
32,Private,160458,HS-grad,9,Married-civ-spouse,Craft-repair,Husband,White,Male,0,0,50,United-States,<=50K.
40,Private,186916,Bachelors,13,Married-civ-spouse,Prof-specialty,Husband,White,Male,0,0,40,United-States,<=50K
48,Private,218676,HS-grad,9,Married-civ-spouse,Sales,Husband,White,Male,0,0,40,United-States,<=50K.
43,Private,346189,Some-college,10,Married-civ-spouse,Prof-specialty,Husband,White,Male,0,0,40,United-States,>50K.
34,Private,290763,HS-grad,9,Divorced,Handlers-cleaners,Own-child,White,Female,0,0,40,United-States,<=50K
45,Private,252616,7th-8th,4,Married-civ-spouse,Other-service,Husband,Asian-Pac-Islander,Male,0,0,36,China,<=50K.
44,Self-emp-not-inc,234885,HS-grad,9,Married-civ-spouse,Sales,Wife,White,Female,0,0,40,United-States,>50K
27,Self-emp-inc,89718,Some-college,10,Separated,Sales,Own-child,White,Female,0,0,40,United-States,<=50K
50,Private,197189,Masters,14,Married-civ-spouse,Sales,Husband,White,Male,0,0,60,United-States,<=50K.
45,Private,235646,Some-college,10,Never-married,Exec-managerial,Not-in-family,White,Male,0,0,45,United-States,<=50K.
21,Private,219086,HS-grad,9,Never-married,Other-service,Own-child,White,Male,0,0,35,United-States,<=50K
28,Private,195520,Assoc-voc,11,Never-married,Adm-clerical,Other-relative,White,Male,0,0,40,Ireland,<=50K.
20,Private,174714,Some-college,10,Never-married,Prof-specialty,Own-child,White,Male,0,0,15,United-States,<=50K
37,Private,159917,9th,5,Separated,Other-service,Unmarried,White,Female,0,0,25,United-States,<=50K.
59,Local-gov,251890,10th,6,Widowed,Other-service,Not-in-family,White,Female,0,0,25,Puerto-Rico,<=50K.
25,Private,279833,Bachelors,13,Never-married,Sales,Not-in-family,White,Male,0,1590,44,United-States,<=50K.
35,Private,185325,Bachelors,13,Married-civ-spouse,Prof-specialty,Husband,White,Male,0,0,50,United-States,>50K
66,Self-emp-not-inc,252842,HS-grad,9,Never-married,Farming-fishing,Other-relative,White,Male,0,0,20,United-States,<=50K.
30,Private,158420,Bachelors,13,Never-married,Machine-op-inspct,Not-in-family,White,Male,0,0,25,United-States,<=50K
66,State-gov,71075,Some-college,10,Divorced,Exec-managerial,Not-in-family,White,Female,0,0,55,United-States,<=50K
40,Self-emp-not-inc,172560,HS-grad,9,Married-civ-spouse,Craft-repair,Husband,White,Male,0,0,40,United-States,<=50K.
38,Private,340763,HS-grad,9,Never-married,Adm-clerical,Not-in-family,Black,Male,0,2339,47,United-States,<=50K.
20,Private,178390,Some-college,10,Never-married,Other-service,Own-child,White,Male,0,0,30,United-States,<=50K.
28,Private,282398,Some-college,10,Divorced,Craft-repair,Not-in-family,White,Male,0,0,35,United-States,<=50K.
33,Private,83446,11th,7,Divorced,Exec-managerial,Unmarried,White,Female,0,0,40,United-States,>50K
39,Private,202950,Bachelors,13,Never-married,Exec-managerial,Not-in-family,White,Male,0,0,45,United-States,<=50K
51,Federal-gov,223206,Doctorate,16,Married-civ-spouse,Prof-specialty,Husband,Asian-Pac-Islander,Male,15024,0,40,Vietnam,>50K
39,Private,230356,Bachelors,13,Never-married,Adm-clerical,Not-in-family,White,Female,0,0,40,United-States,<=50K
25,Private,121712,Bachelors,13,Divorced,Craft-repair,Not-in-family,White,Male,0,0,40,United-States,<=50K
43,Private,38946,Bachelors,13,Married-civ-spouse,Prof-specialty,Husband,White,Male,0,0,50,United-States,>50K.
17,Private,186067,10th,6,Never-married,Tech-support,Own-child,White,Male,0,0,10,United-States,<=50K
34,Private,120959,Some-college,10,Divorced,Adm-clerical,Unmarried,White,Female,0,0,40,United-States,<=50K
23,Private,204209,Some-college,10,Never-married,Handlers-cleaners,Own-child,White,Male,0,0,10,United-States,<=50K
37,Self-emp-not-inc,58343,HS-grad,9,Divorced,Farming-fishing,Unmarried,White,Male,0,0,56,United-States,<=50K
38,Private,219902,HS-grad,9,Separated,Transport-moving,Unmarried,Black,Female,0,0,30,United-States,<=50K
22,Private,145964,Bachelors,13,Never-married,Sales,Own-child,White,Male,0,0,15,United-States,<=50K.
20,Private,97295,Some-college,10,Never-married,Adm-clerical,Not-in-family,White,Female,0,0,25,United-States,<=50K.
30,Local-gov,325385,Masters,14,Never-married,Prof-specialty,Not-in-family,White,Male,0,0,50,United-States,<=50K.
38,Private,335104,Bachelors,13,Divorced,Prof-specialty,Not-in-family,White,Female,0,0,35,United-States,<=50K
38,Private,470663,Bachelors,13,Never-married,Exec-managerial,Not-in-family,White,Male,0,0,50,United-States,<=50K
60,Self-emp-not-inc,119471,Assoc-acdm,12,Married-civ-spouse,Exec-managerial,Husband,Asian-Pac-Islander,Male,0,0,40,Japan,<=50K.
26,Private,37898,Assoc-voc,11,Never-married,Craft-repair,Not-in-family,White,Male,0,0,65,United-States,<=50K.
51,Private,21698,HS-grad,9,Never-married,Adm-clerical,Not-in-family,White,Female,0,0,40,United-States,<=50K
34,Private,734193,Some-college,10,Never-married,Exec-managerial,Not-in-family,White,Female,0,0,50,United-States,<=50K
53,Self-emp-not-inc,321865,Prof-school,15,Divorced,Prof-specialty,Not-in-family,White,Male,0,0,60,United-States,>50K
27,Private,357348,HS-grad,9,Separated,Other-service,Unmarried,White,Female,0,0,50,United-States,<=50K
40,Private,197923,Bachelors,13,Never-married,Adm-clerical,Unmarried,Black,Female,2977,0,40,United-States,<=50K
38,Private,95336,Bachelors,13,Married-civ-spouse,Craft-repair,Husband,White,Male,0,0,45,United-States,<=50K.
37,,254773,Some-college,10,Married-civ-spouse,,Husband,White,Male,0,0,40,United-States,<=50K.
29,Self-emp-inc,218555,Masters,14,Never-married,Prof-specialty,Own-child,White,Male,0,0,40,United-States,<=50K.
64,Private,88470,Some-college,10,Married-civ-spouse,Other-service,Husband,White,Male,0,0,40,United-States,<=50K
58,Private,156493,HS-grad,9,Married-civ-spouse,Machine-op-inspct,Husband,White,Male,0,0,35,United-States,<=50K.
29,Private,200511,HS-grad,9,Married-civ-spouse,Sales,Husband,White,Male,0,0,50,United-States,<=50K
20,Private,157599,Some-college,10,Never-married,Other-service,Not-in-family,White,Female,0,0,25,United-States,<=50K
25,Private,431861,HS-grad,9,Married-civ-spouse,Transport-moving,Husband,White,Male,0,0,40,United-States,<=50K
28,Private,67386,HS-grad,9,Never-married,Other-service,Unmarried,White,Female,0,0,40,United-States,<=50K
77,Private,123959,HS-grad,9,Widowed,Adm-clerical,Not-in-family,White,Female,0,0,32,United-States,<=50K
61,Private,99784,Masters,14,Widowed,Prof-specialty,Not-in-family,White,Female,0,0,40,United-States,>50K
39,Private,219483,Bachelors,13,Married-civ-spouse,Prof-specialty,Wife,White,Female,5013,0,32,United-States,<=50K
35,Private,183898,Assoc-voc,11,Married-civ-spouse,Exec-managerial,Husband,White,Male,7298,0,50,United-States,>50K
21,Private,349365,Some-college,10,Never-married,Adm-clerical,Own-child,White,Female,0,0,15,United-States,<=50K
63,Private,361631,Masters,14,Separated,Prof-specialty,Not-in-family,White,Female,0,0,40,United-States,>50K
71,Private,216608,Assoc-voc,11,Never-married,Adm-clerical,Not-in-family,White,Female,0,0,40,United-States,<=50K
38,Private,239755,HS-grad,9,Married-civ-spouse,Machine-op-inspct,Husband,White,Male,0,0,40,United-States,<=50K
19,,48393,Some-college,10,Never-married,,Own-child,White,Male,0,0,84,United-States,<=50K
22,,39803,Some-college,10,Never-married,,Own-child,White,Male,0,0,40,United-States,<=50K
23,Private,91189,Bachelors,13,Married-civ-spouse,Other-service,Husband,White,Male,0,0,20,United-States,<=50K
34,Self-emp-not-inc,353881,HS-grad,9,Married-civ-spouse,Exec-managerial,Husband,White,Male,0,0,60,United-States,<=50K
57,Private,161944,Some-college,10,Married-civ-spouse,Prof-specialty,Husband,White,Male,7688,0,60,United-States,>50K.
26,Private,208326,HS-grad,9,Married-civ-spouse,Exec-managerial,Husband,White,Male,3942,0,45,United-States,<=50K
58,Private,357788,HS-grad,9,Married-civ-spouse,Craft-repair,Husband,Black,Male,0,0,40,United-States,<=50K
47,Private,233511,Masters,14,Divorced,Sales,Not-in-family,White,Male,27828,0,60,United-States,>50K
33,,209432,HS-grad,9,Separated,,Unmarried,White,Female,0,0,20,United-States,<=50K
44,Private,120277,Bachelors,13,Married-civ-spouse,Prof-specialty,Husband,White,Male,15024,0,50,Italy,>50K
19,Private,121788,Some-college,10,Never-married,Sales,Not-in-family,White,Female,0,0,30,United-States,<=50K
47,Local-gov,121124,Masters,14,Married-civ-spouse,Prof-specialty,Husband,White,Male,0,0,35,United-States,>50K
28,Private,242482,HS-grad,9,Never-married,Handlers-cleaners,Own-child,White,Male,0,0,40,United-States,<=50K.
59,Self-emp-not-inc,178353,HS-grad,9,Married-civ-spouse,Exec-managerial,Husband,White,Male,0,0,50,United-States,>50K
34,Private,124569,Some-college,10,Divorced,Adm-clerical,Not-in-family,White,Female,0,0,40,United-States,<=50K
43,State-gov,424094,Doctorate,16,Never-married,Prof-specialty,Not-in-family,White,Female,0,0,40,United-States,<=50K
48,Private,99835,Assoc-acdm,12,Married-civ-spouse,Exec-managerial,Husband,White,Male,0,0,50,United-States,>50K
22,Local-gov,212213,Some-college,10,Never-married,Adm-clerical,Own-child,Black,Female,0,0,40,United-States,<=50K.
55,Self-emp-not-inc,170166,Bachelors,13,Married-civ-spouse,Exec-managerial,Wife,White,Female,0,0,25,United-States,<=50K
22,Private,95647,11th,7,Never-married,Transport-moving,Own-child,Asian-Pac-Islander,Male,0,0,40,Philippines,<=50K.
33,Private,135312,Bachelors,13,Never-married,Prof-specialty,Not-in-family,White,Male,0,0,40,United-States,>50K
31,Private,221167,Prof-school,15,Divorced,Tech-support,Not-in-family,White,Female,0,0,35,United-States,<=50K
53,,201062,HS-grad,9,Married-civ-spouse,,Wife,Black,Female,0,0,2,United-States,<=50K.
20,Private,246250,Some-college,10,Never-married,Craft-repair,Not-in-family,White,Female,0,0,40,United-States,<=50K
20,Self-emp-inc,266400,Some-college,10,Never-married,Handlers-cleaners,Own-child,White,Female,0,0,40,United-States,<=50K.
22,Private,306779,Some-college,10,Never-married,Handlers-cleaners,Own-child,White,Male,0,0,50,United-States,<=50K
31,Private,168521,Bachelors,13,Never-married,Exec-managerial,Unmarried,White,Female,0,0,50,United-States,<=50K
45,Private,149224,HS-grad,9,Divorced,Adm-clerical,Unmarried,Black,Female,0,0,50,United-States,<=50K.
41,Private,174540,Some-college,10,Married-civ-spouse,Prof-specialty,Husband,Black,Male,0,0,4,United-States,<=50K
24,Private,279041,HS-grad,9,Never-married,Handlers-cleaners,Own-child,Black,Male,0,0,40,United-States,<=50K
19,Private,186717,Some-college,10,Never-married,Sales,Own-child,White,Male,0,0,40,United-States,<=50K.
32,Private,123430,HS-grad,9,Married-civ-spouse,Farming-fishing,Husband,White,Male,0,0,65,United-States,<=50K.
56,Private,229116,Some-college,10,Never-married,Other-service,Not-in-family,White,Male,0,0,32,United-States,<=50K.
48,Private,185079,HS-grad,9,Never-married,Exec-managerial,Not-in-family,White,Female,0,0,50,United-States,<=50K
53,Private,121441,Some-college,10,Married-civ-spouse,Sales,Husband,White,Male,0,0,55,United-States,<=50K
26,Private,39014,12th,8,Married-civ-spouse,Priv-house-serv,Wife,Other,Female,0,0,40,Dominican-Republic,<=50K
32,State-gov,479179,11th,7,Never-married,Protective-serv,Own-child,White,Male,0,0,40,United-States,<=50K.
27,Local-gov,163320,Assoc-acdm,12,Never-married,Protective-serv,Own-child,White,Male,0,0,40,United-States,<=50K.
38,Private,372525,Masters,14,Married-civ-spouse,Exec-managerial,Husband,White,Male,15024,0,45,United-States,>50K.
28,Private,227840,HS-grad,9,Never-married,Transport-moving,Not-in-family,White,Female,0,0,40,United-States,<=50K
47,Private,105381,HS-grad,9,Divorced,Sales,Not-in-family,White,Female,0,0,40,United-States,<=50K
74,Self-emp-inc,167537,Some-college,10,Married-civ-spouse,Exec-managerial,Husband,White,Male,0,0,35,United-States,>50K
23,Private,168997,Some-college,10,Never-married,Exec-managerial,Own-child,White,Male,0,0,40,United-States,<=50K.
25,Private,283087,Some-college,10,Never-married,Exec-managerial,Own-child,Black,Male,0,0,40,United-States,<=50K
42,Private,89413,12th,8,Never-married,Farming-fishing,Own-child,White,Male,0,0,40,United-States,<=50K
27,Private,236481,Prof-school,15,Never-married,Prof-specialty,Not-in-family,Asian-Pac-Islander,Male,0,0,10,India,<=50K
36,Private,357619,Bachelors,13,Married-civ-spouse,Exec-managerial,Wife,White,Female,0,0,60,Germany,<=50K
36,Private,142711,HS-grad,9,Separated,Machine-op-inspct,Not-in-family,White,Male,0,0,40,Puerto-Rico,<=50K.
35,Private,211494,Bachelors,13,Never-married,Prof-specialty,Not-in-family,White,Male,8614,0,40,,>50K.
62,Local-gov,114060,HS-grad,9,Married-civ-spouse,Transport-moving,Husband,White,Male,0,0,40,United-States,<=50K
52,Private,251585,10th,6,Married-civ-spouse,Transport-moving,Husband,White,Male,0,0,55,United-States,<=50K.
30,Private,143766,Bachelors,13,Married-civ-spouse,Prof-specialty,Husband,White,Male,0,0,40,United-States,>50K.
35,Private,224566,Some-college,10,Never-married,Exec-managerial,Not-in-family,White,Male,0,0,60,United-States,<=50K
22,Private,107801,Assoc-voc,11,Never-married,Adm-clerical,Own-child,White,Female,0,0,40,United-States,<=50K
43,Self-emp-not-inc,110355,HS-grad,9,Married-civ-spouse,Transport-moving,Husband,White,Male,0,0,45,United-States,<=50K
31,Self-emp-not-inc,175509,HS-grad,9,Divorced,Tech-support,Not-in-family,White,Male,0,0,60,United-States,<=50K.
26,Private,391349,Bachelors,13,Never-married,Adm-clerical,Not-in-family,White,Female,0,0,40,United-States,<=50K
56,State-gov,71075,Assoc-acdm,12,Divorced,Adm-clerical,Not-in-family,White,Female,0,0,30,United-States,<=50K.
24,Private,228395,Bachelors,13,Never-married,Sales,Own-child,Black,Female,0,0,40,United-States,<=50K.
35,Private,142282,Some-college,10,Separated,Other-service,Unmarried,White,Female,0,0,25,United-States,<=50K
42,Self-emp-inc,27187,Masters,14,Married-civ-spouse,Farming-fishing,Husband,White,Male,0,0,60,United-States,>50K
41,Federal-gov,253770,Some-college,10,Married-civ-spouse,Transport-moving,Wife,White,Female,7298,0,40,United-States,>50K
39,Private,315776,Masters,14,Never-married,Exec-managerial,Not-in-family,Black,Male,8614,0,52,United-States,>50K
28,Private,47168,10th,6,Never-married,Machine-op-inspct,Own-child,White,Female,0,0,40,United-States,<=50K
30,Private,318912,Bachelors,13,Never-married,Other-service,Own-child,Black,Male,0,0,55,United-States,<=50K.
32,Private,37380,Some-college,10,Divorced,Adm-clerical,Unmarried,White,Female,0,0,38,United-States,<=50K
21,,163911,Some-college,10,Never-married,,Own-child,White,Female,0,0,3,United-States,<=50K
48,Private,131826,Some-college,10,Married-civ-spouse,Adm-clerical,Husband,White,Male,0,0,40,United-States,>50K
37,Private,35330,HS-grad,9,Divorced,Craft-repair,Not-in-family,White,Male,0,1669,55,United-States,<=50K
61,Private,208919,Masters,14,Married-civ-spouse,Sales,Husband,White,Male,0,0,60,United-States,>50K
24,Private,193920,Masters,14,Never-married,Priv-house-serv,Not-in-family,White,Female,0,0,45,,<=50K
69,Private,122850,HS-grad,9,Married-civ-spouse,Craft-repair,Husband,White,Male,0,0,16,United-States,<=50K
43,Self-emp-not-inc,311177,Some-college,10,Never-married,Transport-moving,Not-in-family,Black,Male,0,0,30,United-States,<=50K
46,Private,235646,HS-grad,9,Married-civ-spouse,Craft-repair,Husband,White,Male,0,0,40,United-States,<=50K.
45,Private,355781,Bachelors,13,Married-civ-spouse,Exec-managerial,Husband,Asian-Pac-Islander,Male,0,0,45,Japan,>50K.
56,Self-emp-inc,211804,Bachelors,13,Married-civ-spouse,Sales,Husband,White,Male,15024,0,50,United-States,>50K
59,Self-emp-not-inc,132925,Masters,14,Married-civ-spouse,Craft-repair,Husband,White,Male,0,0,40,United-States,>50K
30,Private,236861,HS-grad,9,Never-married,Exec-managerial,Not-in-family,White,Male,0,1876,45,United-States,<=50K
29,Private,149943,Some-college,10,Never-married,Other-service,Not-in-family,Other,Male,0,1590,40,,<=50K
66,Local-gov,36364,HS-grad,9,Married-civ-spouse,Craft-repair,Husband,White,Male,0,2267,40,United-States,<=50K
52,Private,112959,Some-college,10,Widowed,Sales,Not-in-family,White,Female,0,0,40,United-States,<=50K
20,Private,203914,12th,8,Never-married,Other-service,Own-child,White,Female,0,0,25,United-States,<=50K.
34,Local-gov,209213,Bachelors,13,Never-married,Prof-specialty,Other-relative,Black,Male,0,0,15,United-States,<=50K
20,Private,505980,Some-college,10,Never-married,Sales,Own-child,White,Male,0,0,40,United-States,<=50K
37,Local-gov,108540,HS-grad,9,Married-civ-spouse,Craft-repair,Husband,White,Male,0,0,40,United-States,<=50K
51,Private,184529,HS-grad,9,Married-civ-spouse,Sales,Husband,White,Male,0,1977,50,United-States,>50K.
34,Private,106014,Some-college,10,Divorced,Craft-repair,Not-in-family,White,Male,0,0,60,United-States,<=50K
31,Private,48189,9th,5,Married-civ-spouse,Farming-fishing,Husband,White,Male,0,0,65,United-States,<=50K.
19,Private,172368,11th,7,Never-married,Transport-moving,Own-child,White,Male,0,0,20,United-States,<=50K
45,Self-emp-not-inc,163559,Bachelors,13,Married-civ-spouse,Exec-managerial,Wife,Asian-Pac-Islander,Female,0,0,48,,<=50K.
65,Self-emp-not-inc,135517,7th-8th,4,Married-civ-spouse,Craft-repair,Husband,White,Male,0,0,40,United-States,<=50K.
31,Private,166248,HS-grad,9,Married-civ-spouse,Machine-op-inspct,Husband,White,Male,0,0,40,United-States,<=50K.
23,Private,362623,10th,6,Married-civ-spouse,Other-service,Husband,White,Male,0,1573,30,Mexico,<=50K.
47,Private,191277,Some-college,10,Married-civ-spouse,Sales,Husband,White,Male,0,0,50,United-States,>50K
24,,41356,Some-college,10,Never-married,,Not-in-family,White,Female,0,0,40,United-States,<=50K
36,Private,43701,Some-college,10,Widowed,Sales,Not-in-family,White,Female,0,0,20,United-States,<=50K
29,Private,356133,Some-college,10,Never-married,Prof-specialty,Other-relative,White,Female,0,0,40,United-States,<=50K
46,Local-gov,126754,Bachelors,13,Married-civ-spouse,Craft-repair,Husband,White,Male,0,0,50,United-States,>50K.
63,Self-emp-not-inc,187919,Bachelors,13,Married-civ-spouse,Sales,Husband,White,Male,0,0,40,United-States,>50K.
23,Private,180795,Some-college,10,Never-married,Sales,Own-child,White,Female,0,0,40,United-States,<=50K.
25,Private,141876,HS-grad,9,Married-spouse-absent,Exec-managerial,Not-in-family,White,Male,0,0,45,United-States,<=50K
39,Private,104089,Assoc-voc,11,Married-civ-spouse,Craft-repair,Husband,White,Male,0,0,50,United-States,>50K
69,Local-gov,660461,HS-grad,9,Widowed,Adm-clerical,Not-in-family,Black,Female,0,0,20,United-States,<=50K
28,Private,124685,Some-college,10,Married-civ-spouse,Exec-managerial,Husband,Amer-Indian-Eskimo,Male,0,0,55,United-States,<=50K
48,Private,152953,7th-8th,4,Married-civ-spouse,Craft-repair,Husband,White,Male,0,0,32,Dominican-Republic,<=50K
50,Private,247425,HS-grad,9,Divorced,Adm-clerical,Not-in-family,Black,Female,0,0,40,United-States,<=50K.
50,Private,299215,HS-grad,9,Married-civ-spouse,Adm-clerical,Husband,Black,Male,0,0,40,United-States,<=50K.
23,Private,198861,Bachelors,13,Never-married,Exec-managerial,Own-child,White,Male,0,1669,40,United-States,<=50K.
32,Private,173351,HS-grad,9,Married-civ-spouse,Craft-repair,Husband,White,Male,0,0,48,United-States,<=50K
18,Private,415520,11th,7,Never-married,Craft-repair,Own-child,White,Male,0,0,20,United-States,<=50K
40,Private,183404,Some-college,10,Separated,Other-service,Unmarried,White,Female,0,0,8,United-States,<=50K
70,Private,174032,HS-grad,9,Married-civ-spouse,Sales,Husband,White,Male,0,0,40,United-States,<=50K
59,Private,221336,10th,6,Widowed,Other-service,Other-relative,Asian-Pac-Islander,Female,0,0,40,Philippines,<=50K
47,Federal-gov,168109,HS-grad,9,Married-civ-spouse,Adm-clerical,Husband,White,Male,0,0,70,United-States,<=50K
33,Private,193285,Bachelors,13,Married-civ-spouse,Prof-specialty,Husband,White,Male,0,0,38,United-States,>50K
33,Private,301251,HS-grad,9,Married-civ-spouse,Craft-repair,Husband,White,Male,0,0,60,United-States,>50K.
55,State-gov,175127,Bachelors,13,Married-civ-spouse,Adm-clerical,Husband,White,Male,7688,0,38,United-States,>50K
61,Private,130684,Some-college,10,Married-civ-spouse,Prof-specialty,Husband,White,Male,0,0,42,United-States,<=50K
41,Private,206565,Some-college,10,Never-married,Craft-repair,Not-in-family,Black,Male,0,0,45,United-States,<=50K
22,Private,88126,Bachelors,13,Never-married,Exec-managerial,Own-child,White,Male,0,0,40,United-States,<=50K
42,Local-gov,137232,HS-grad,9,Divorced,Protective-serv,Unmarried,White,Female,0,0,50,United-States,<=50K
62,Private,261437,Some-college,10,Married-civ-spouse,Craft-repair,Husband,White,Male,0,0,40,United-States,<=50K.
45,Private,162606,HS-grad,9,Divorced,Sales,Not-in-family,White,Female,0,0,35,United-States,<=50K
33,Self-emp-not-inc,192256,Bachelors,13,Married-civ-spouse,Craft-repair,Husband,White,Male,0,0,50,United-States,<=50K
40,Private,163455,Some-college,10,Married-civ-spouse,Tech-support,Husband,White,Male,0,0,55,United-States,>50K
30,State-gov,45737,Some-college,10,Never-married,Adm-clerical,Not-in-family,White,Female,0,0,40,United-States,<=50K.
43,,152569,Assoc-voc,11,Widowed,,Not-in-family,White,Female,0,2339,36,United-States,<=50K
30,Private,238186,HS-grad,9,Married-civ-spouse,Machine-op-inspct,Other-relative,White,Male,0,2057,48,United-States,<=50K.
34,Private,167781,HS-grad,9,Married-civ-spouse,Other-service,Husband,White,Male,0,0,50,United-States,<=50K
57,Private,236944,HS-grad,9,Married-civ-spouse,Machine-op-inspct,Husband,Black,Male,0,0,40,United-States,>50K
26,Private,282304,Some-college,10,Never-married,Sales,Not-in-family,White,Male,0,0,45,United-States,<=50K
37,Private,107302,Some-college,10,Married-civ-spouse,Sales,Husband,White,Male,0,0,50,United-States,>50K.
37,Private,128715,Bachelors,13,Married-civ-spouse,Exec-managerial,Husband,White,Male,0,0,60,United-States,>50K
24,Private,395297,Some-college,10,Never-married,Other-service,Unmarried,White,Female,0,0,30,Japan,<=50K.
19,Private,201178,HS-grad,9,Never-married,Sales,Not-in-family,White,Female,0,0,30,United-States,<=50K
33,Private,150324,HS-grad,9,Divorced,Machine-op-inspct,Not-in-family,White,Male,0,0,49,United-States,<=50K.
38,Private,32528,Some-college,10,Married-civ-spouse,Exec-managerial,Husband,White,Male,0,0,40,United-States,>50K
33,Private,348618,5th-6th,3,Married-spouse-absent,Transport-moving,Unmarried,Other,Male,0,0,20,El-Salvador,<=50K
42,Private,344624,HS-grad,9,Married-civ-spouse,Transport-moving,Husband,White,Male,0,1902,50,United-States,>50K
19,Self-emp-not-inc,305834,Some-college,10,Never-married,Craft-repair,Own-child,White,Female,0,0,25,United-States,<=50K
34,Private,381153,HS-grad,9,Married-civ-spouse,Transport-moving,Husband,White,Male,0,0,40,United-States,<=50K
47,Private,146516,Some-college,10,Married-civ-spouse,Handlers-cleaners,Wife,White,Female,0,0,48,United-States,<=50K.
60,Local-gov,169015,Some-college,10,Widowed,Exec-managerial,Not-in-family,White,Female,0,0,40,United-States,<=50K.
90,,175444,7th-8th,4,Separated,,Not-in-family,White,Female,0,0,15,United-States,<=50K
63,Private,130968,9th,5,Divorced,Transport-moving,Not-in-family,White,Male,0,0,50,United-States,<=50K.
46,Local-gov,207677,Bachelors,13,Married-civ-spouse,Protective-serv,Husband,White,Male,0,0,40,United-States,>50K
40,Private,373050,12th,8,Married-civ-spouse,Other-service,Husband,White,Male,0,0,40,,<=50K
18,Private,193741,11th,7,Never-married,Other-service,Other-relative,Black,Male,0,0,30,United-States,<=50K
32,Private,232766,Some-college,10,Never-married,Adm-clerical,Not-in-family,White,Female,0,0,40,United-States,<=50K
45,Private,217654,Some-college,10,Married-civ-spouse,Handlers-cleaners,Husband,White,Male,0,0,40,Germany,>50K
24,Private,198914,HS-grad,9,Never-married,Sales,Unmarried,Black,Male,0,0,25,United-States,<=50K
33,Private,377283,Bachelors,13,Separated,Sales,Not-in-family,White,Female,0,0,50,United-States,>50K
41,Local-gov,174575,HS-grad,9,Married-civ-spouse,Craft-repair,Husband,White,Male,0,0,40,United-States,<=50K
45,Private,243743,Bachelors,13,Married-civ-spouse,Exec-managerial,Husband,White,Male,0,0,60,United-States,>50K.
46,Self-emp-not-inc,122206,HS-grad,9,Married-civ-spouse,Exec-managerial,Husband,White,Male,0,0,50,United-States,<=50K
42,Self-emp-not-inc,109273,Some-college,10,Never-married,Craft-repair,Unmarried,White,Male,0,0,40,United-States,<=50K
56,Self-emp-not-inc,172618,Bachelors,13,Married-civ-spouse,Prof-specialty,Husband,White,Male,7688,0,40,United-States,>50K
44,Private,194924,HS-grad,9,Married-civ-spouse,Sales,Husband,White,Male,0,0,35,United-States,>50K
21,,234838,Some-college,10,Never-married,,Own-child,White,Male,0,0,30,United-States,<=50K.
41,Private,45366,HS-grad,9,Married-civ-spouse,Craft-repair,Husband,White,Male,0,0,72,United-States,>50K
36,Private,256636,HS-grad,9,Divorced,Exec-managerial,Not-in-family,White,Male,0,0,40,United-States,<=50K
27,Private,221366,Some-college,10,Married-civ-spouse,Prof-specialty,Husband,White,Male,3103,0,50,United-States,>50K
43,Local-gov,143046,Some-college,10,Divorced,Other-service,Unmarried,White,Female,0,0,20,United-States,<=50K
25,Local-gov,514716,Bachelors,13,Never-married,Adm-clerical,Own-child,Black,Female,0,0,40,United-States,<=50K
38,Local-gov,316470,Bachelors,13,Married-civ-spouse,Prof-specialty,Husband,White,Male,0,0,40,United-States,>50K.
60,Private,215591,HS-grad,9,Married-civ-spouse,Transport-moving,Husband,White,Male,0,0,50,United-States,<=50K.
29,Local-gov,220656,Bachelors,13,Married-civ-spouse,Exec-managerial,Husband,Black,Male,0,0,40,United-States,>50K
48,Private,309212,Some-college,10,Divorced,Exec-managerial,Not-in-family,White,Female,0,0,40,Germany,<=50K.
47,Private,202117,HS-grad,9,Divorced,Sales,Not-in-family,White,Female,0,0,37,United-States,<=50K.
51,Federal-gov,72436,HS-grad,9,Married-civ-spouse,Exec-managerial,Husband,White,Male,0,0,57,United-States,>50K
36,Private,192939,Masters,14,Married-civ-spouse,Prof-specialty,Husband,White,Male,0,1977,60,United-States,>50K
39,Private,198097,Bachelors,13,Divorced,Exec-managerial,Not-in-family,White,Male,0,0,50,United-States,<=50K
26,Federal-gov,85482,HS-grad,9,Never-married,Adm-clerical,Not-in-family,Asian-Pac-Islander,Male,0,0,40,United-States,<=50K
34,Self-emp-inc,177828,HS-grad,9,Divorced,Sales,Unmarried,White,Male,0,0,50,United-States,>50K.
45,Private,255348,Some-college,10,Divorced,Exec-managerial,Not-in-family,White,Female,0,0,40,United-States,<=50K
35,State-gov,167482,HS-grad,9,Never-married,Protective-serv,Own-child,White,Male,0,1980,40,United-States,<=50K.
65,,36039,HS-grad,9,Married-civ-spouse,,Husband,White,Male,0,0,40,United-States,>50K
48,Self-emp-not-inc,65535,HS-grad,9,Married-civ-spouse,Farming-fishing,Husband,White,Male,0,0,50,United-States,<=50K
22,Private,237498,HS-grad,9,Never-married,Other-service,Own-child,White,Male,0,0,40,United-States,<=50K
23,Private,376416,Bachelors,13,Never-married,Adm-clerical,Not-in-family,White,Male,0,0,40,United-States,<=50K
23,Private,203078,Bachelors,13,Never-married,Adm-clerical,Own-child,Black,Male,0,0,24,United-States,<=50K
32,Private,244268,11th,7,Married-civ-spouse,Craft-repair,Husband,White,Male,0,1672,48,United-States,<=50K.
24,Private,464103,HS-grad,9,Never-married,Adm-clerical,Not-in-family,White,Male,0,0,50,United-States,<=50K
27,Private,360097,HS-grad,9,Never-married,Handlers-cleaners,Not-in-family,Black,Male,0,0,40,United-States,<=50K
36,Federal-gov,187089,Bachelors,13,Never-married,Exec-managerial,Not-in-family,White,Female,0,0,40,United-States,<=50K.
51,Private,192588,Bachelors,13,Never-married,Prof-specialty,Not-in-family,Asian-Pac-Islander,Female,0,0,35,Philippines,<=50K.
61,Private,423297,Doctorate,16,Married-civ-spouse,Prof-specialty,Husband,White,Male,0,0,40,United-States,>50K
47,Self-emp-inc,120131,HS-grad,9,Married-civ-spouse,Exec-managerial,Husband,White,Male,0,0,50,United-States,<=50K.
18,Private,154583,11th,7,Never-married,Sales,Own-child,White,Female,0,0,16,United-States,<=50K.
48,State-gov,104542,Masters,14,Widowed,Prof-specialty,Unmarried,White,Female,0,0,40,United-States,<=50K.
58,Local-gov,205267,Bachelors,13,Married-civ-spouse,Prof-specialty,Wife,White,Female,0,0,40,United-States,>50K
28,Self-emp-inc,37088,Bachelors,13,Never-married,Sales,Not-in-family,White,Male,0,0,50,United-States,<=50K
65,,293385,Preschool,1,Married-civ-spouse,,Husband,Black,Male,0,0,30,United-States,<=50K
34,Private,50276,Bachelors,13,Never-married,Sales,Not-in-family,White,Male,27828,0,40,United-States,>50K
65,Private,207281,Some-college,10,Married-civ-spouse,Protective-serv,Husband,White,Male,0,0,16,United-States,<=50K
35,Private,115792,Bachelors,13,Married-civ-spouse,Prof-specialty,Husband,White,Male,0,0,55,United-States,<=50K
43,Private,176716,Bachelors,13,Married-civ-spouse,Transport-moving,Husband,White,Male,0,0,70,United-States,>50K.
48,Private,172822,Some-college,10,Divorced,Craft-repair,Unmarried,White,Male,15020,0,48,United-States,>50K.
32,Private,199655,Some-college,10,Married-civ-spouse,Adm-clerical,Wife,Other,Female,0,1740,40,,<=50K
35,Private,111128,Bachelors,13,Married-civ-spouse,Exec-managerial,Husband,White,Male,15024,0,65,United-States,>50K.
31,Private,55849,Some-college,10,Married-civ-spouse,Craft-repair,Husband,White,Male,0,0,45,United-States,<=50K
40,Local-gov,26671,Bachelors,13,Divorced,Prof-specialty,Unmarried,Amer-Indian-Eskimo,Female,0,0,40,United-States,<=50K.
18,Private,322999,Some-college,10,Never-married,Other-service,Own-child,White,Female,0,0,20,United-States,<=50K
17,Private,140027,11th,7,Never-married,Other-service,Own-child,White,Female,0,0,25,United-States,<=50K
27,Private,321577,HS-grad,9,Never-married,Adm-clerical,Own-child,Black,Female,0,0,40,United-States,<=50K
30,,159008,Bachelors,13,Married-spouse-absent,,Not-in-family,White,Female,0,0,35,United-States,<=50K.
27,Private,284741,Some-college,10,Never-married,Sales,Not-in-family,White,Female,0,0,30,United-States,<=50K
21,,121468,Some-college,10,Never-married,,Own-child,White,Male,0,0,40,United-States,<=50K.
38,Private,200818,Prof-school,15,Married-civ-spouse,Prof-specialty,Husband,White,Male,0,0,40,United-States,>50K
39,Private,192337,Bachelors,13,Separated,Sales,Not-in-family,White,Male,0,0,50,United-States,<=50K
41,Private,100451,HS-grad,9,Married-civ-spouse,Craft-repair,Husband,White,Male,7688,0,38,United-States,>50K
43,Local-gov,118600,Bachelors,13,Divorced,Prof-specialty,Unmarried,White,Female,0,625,40,United-States,<=50K
55,Private,117477,11th,7,Married-spouse-absent,Other-service,Unmarried,Black,Female,0,0,40,Jamaica,<=50K.
23,Private,89089,Bachelors,13,Never-married,Sales,Not-in-family,White,Female,0,0,30,United-States,<=50K.
53,Private,195638,HS-grad,9,Divorced,Adm-clerical,Not-in-family,White,Female,0,0,40,United-States,<=50K
44,Federal-gov,113597,Some-college,10,Married-civ-spouse,Exec-managerial,Husband,White,Male,0,0,55,United-States,>50K
39,Private,48915,HS-grad,9,Married-civ-spouse,Machine-op-inspct,Husband,White,Male,0,0,40,United-States,>50K
38,Federal-gov,115433,Assoc-acdm,12,Married-civ-spouse,Adm-clerical,Wife,White,Female,7688,0,33,United-States,>50K
32,Private,149787,Assoc-voc,11,Married-civ-spouse,Craft-repair,Husband,White,Male,0,0,50,United-States,>50K.
68,Private,322025,HS-grad,9,Married-civ-spouse,Transport-moving,Husband,Black,Male,0,0,5,United-States,<=50K.
32,Private,144064,HS-grad,9,Never-married,Adm-clerical,Unmarried,White,Male,0,0,40,United-States,<=50K.
35,Self-emp-not-inc,185621,Bachelors,13,Never-married,Prof-specialty,Own-child,White,Female,0,0,40,United-States,<=50K
25,Private,78605,HS-grad,9,Married-civ-spouse,Machine-op-inspct,Husband,White,Male,0,0,40,United-States,<=50K.
34,Self-emp-not-inc,260560,HS-grad,9,Never-married,Craft-repair,Not-in-family,White,Male,0,0,50,United-States,<=50K
29,Self-emp-inc,138597,Assoc-acdm,12,Never-married,Prof-specialty,Other-relative,Black,Female,0,0,40,United-States,<=50K
41,Private,443508,Bachelors,13,Married-civ-spouse,Transport-moving,Husband,White,Male,0,0,48,Canada,>50K
68,Self-emp-not-inc,261897,10th,6,Widowed,Farming-fishing,Unmarried,White,Male,0,0,20,United-States,<=50K
28,Private,209801,9th,5,Married-civ-spouse,Machine-op-inspct,Wife,White,Female,0,0,40,United-States,<=50K
39,Local-gov,111499,Assoc-acdm,12,Married-civ-spouse,Adm-clerical,Wife,White,Female,0,0,20,United-States,>50K
46,Private,174224,Assoc-voc,11,Divorced,Protective-serv,Not-in-family,Black,Male,0,0,40,United-States,<=50K
57,Private,161097,HS-grad,9,Divorced,Sales,Not-in-family,White,Female,0,0,26,United-States,<=50K
38,Private,171150,7th-8th,4,Married-civ-spouse,Craft-repair,Husband,White,Male,3781,0,78,United-States,<=50K.
29,Self-emp-not-inc,404998,Assoc-voc,11,Married-civ-spouse,Farming-fishing,Husband,White,Male,0,0,90,United-States,<=50K
52,Private,262579,HS-grad,9,Married-civ-spouse,Handlers-cleaners,Husband,White,Male,0,0,45,United-States,<=50K.
34,State-gov,209317,Some-college,10,Married-civ-spouse,Protective-serv,Husband,White,Male,0,0,40,United-States,<=50K
28,State-gov,189346,Some-college,10,Married-civ-spouse,Other-service,Husband,White,Male,0,0,40,United-States,<=50K.
51,Self-emp-not-inc,186845,Bachelors,13,Married-civ-spouse,Farming-fishing,Husband,White,Male,0,0,8,United-States,<=50K
45,Private,270842,Some-college,10,Divorced,Other-service,Not-in-family,White,Female,0,0,40,United-States,<=50K
34,State-gov,50178,Some-college,10,Married-civ-spouse,Exec-managerial,Husband,White,Male,0,0,38,United-States,<=50K
33,Private,205469,Some-college,10,Married-civ-spouse,Exec-managerial,Husband,White,Male,0,0,40,United-States,>50K
20,,145917,Some-college,10,Never-married,,Not-in-family,White,Female,0,0,15,United-States,<=50K
56,Private,136413,1st-4th,2,Married-civ-spouse,Craft-repair,Husband,White,Male,0,0,40,United-States,<=50K
23,Private,218782,10th,6,Never-married,Handlers-cleaners,Other-relative,Other,Male,0,0,40,United-States,<=50K
43,Private,64631,HS-grad,9,Married-civ-spouse,Craft-repair,Husband,White,Male,0,0,40,United-States,<=50K
25,Private,33610,HS-grad,9,Never-married,Handlers-cleaners,Not-in-family,White,Male,0,0,45,United-States,<=50K
38,Private,154568,Masters,14,Married-civ-spouse,Exec-managerial,Husband,Asian-Pac-Islander,Male,0,0,40,,<=50K
52,Private,231196,HS-grad,9,Married-civ-spouse,Sales,Husband,White,Male,0,0,40,United-States,>50K.
38,Federal-gov,68840,Some-college,10,Married-civ-spouse,Exec-managerial,Husband,White,Male,0,0,40,United-States,>50K.
22,Local-gov,249727,Some-college,10,Married-civ-spouse,Protective-serv,Husband,White,Male,0,0,40,United-States,>50K.
27,Self-emp-not-inc,229126,Bachelors,13,Never-married,Prof-specialty,Not-in-family,Asian-Pac-Islander,Female,0,0,30,United-States,<=50K.
52,Federal-gov,23780,Some-college,10,Divorced,Adm-clerical,Not-in-family,White,Male,0,0,40,United-States,<=50K
19,Private,220001,Some-college,10,Never-married,Farming-fishing,Own-child,White,Male,0,0,50,United-States,<=50K
42,Private,98427,HS-grad,9,Married-civ-spouse,Other-service,Wife,Black,Female,0,0,35,United-States,<=50K
41,Private,327606,12th,8,Separated,Craft-repair,Not-in-family,Black,Male,0,0,40,United-States,<=50K
19,Private,501144,Some-college,10,Never-married,Sales,Other-relative,Black,Female,0,0,40,United-States,<=50K
51,Private,99064,Assoc-voc,11,Married-civ-spouse,Craft-repair,Husband,White,Male,5013,0,40,United-States,<=50K
31,Private,279015,Masters,14,Married-civ-spouse,Exec-managerial,Husband,White,Male,0,2415,70,Taiwan,>50K
44,Private,211517,12th,8,Divorced,Other-service,Not-in-family,White,Male,0,0,40,United-States,<=50K.
67,Local-gov,233681,Assoc-acdm,12,Married-civ-spouse,Exec-managerial,Husband,White,Male,0,0,35,United-States,<=50K
30,Private,118551,Bachelors,13,Married-civ-spouse,Tech-support,Wife,White,Female,0,0,16,United-States,>50K
62,,266037,Some-college,10,Married-civ-spouse,,Husband,White,Male,0,0,40,United-States,<=50K
23,Private,255252,HS-grad,9,Never-married,Craft-repair,Own-child,White,Male,0,0,40,United-States,<=50K.
49,Self-emp-inc,211020,Doctorate,16,Married-civ-spouse,Prof-specialty,Husband,White,Male,15024,0,50,United-States,>50K.
39,Private,33355,HS-grad,9,Married-civ-spouse,Transport-moving,Husband,White,Male,7298,0,48,United-States,>50K
44,Self-emp-not-inc,325159,Some-college,10,Divorced,Farming-fishing,Unmarried,White,Male,0,0,40,United-States,<=50K
