Dataset,Generator,Feature,Metric,Value,Mean,Std,Experiment,SourceFile
1. Cancer,CTGAN,texture_mean,KS_Complement,0.915807,0.915807,,feature_fidelity,Generators/SDV models/1. Cancer.ipynb
1. Cancer,CTGAN,diagnosis,KS_Complement,0.890583,0.890583,,feature_fidelity,Generators/SDV models/1. Cancer.ipynb
1. Cancer,CTGAN,symmetry_worst,KS_Complement,0.87093,0.87093,,feature_fidelity,Generators/SDV models/1. Cancer.ipynb
1. Cancer,CTGAN,concave points_mean,KS_Complement,0.851942,0.851942,,feature_fidelity,Generators/SDV models/1. Cancer.ipynb
1. Cancer,CTGAN,radius_se,KS_Complement,0.8478,0.8478,,feature_fidelity,Generators/SDV models/1. Cancer.ipynb
1. Cancer,CTGAN,radius_worst,KS_Complement,0.83481,0.83481,,feature_fidelity,Generators/SDV models/1. Cancer.ipynb
1. Cancer,CTGAN,texture_worst,KS_Complement,0.833627,0.833627,,feature_fidelity,Generators/SDV models/1. Cancer.ipynb
1. Cancer,CTGAN,symmetry_se,KS_Complement,0.828694,0.828694,,feature_fidelity,Generators/SDV models/1. Cancer.ipynb
1. Cancer,CTGAN,concavity_mean,KS_Complement,0.806663,0.806663,,feature_fidelity,Generators/SDV models/1. Cancer.ipynb
1. Cancer,CTGAN,perimeter_mean,KS_Complement,0.802822,0.802822,,feature_fidelity,Generators/SDV models/1. Cancer.ipynb
1. Cancer,CTGAN,fractal_dimension_se,KS_Complement,0.797199,0.797199,,feature_fidelity,Generators/SDV models/1. Cancer.ipynb
1. Cancer,CTGAN,perimeter_worst,KS_Complement,0.79487,0.79487,,feature_fidelity,Generators/SDV models/1. Cancer.ipynb
1. Cancer,CTGAN,smoothness_se,KS_Complement,0.778086,0.778086,,feature_fidelity,Generators/SDV models/1. Cancer.ipynb
1. Cancer,CTGAN,perimeter_se,KS_Complement,0.764478,0.764478,,feature_fidelity,Generators/SDV models/1. Cancer.ipynb
1. Cancer,CTGAN,concavity_se,KS_Complement,0.762856,0.762856,,feature_fidelity,Generators/SDV models/1. Cancer.ipynb
1. Cancer,CTGAN,area_se,KS_Complement,0.757517,0.757517,,feature_fidelity,Generators/SDV models/1. Cancer.ipynb
1. Cancer,CTGAN,concave points_worst,KS_Complement,0.738729,0.738729,,feature_fidelity,Generators/SDV models/1. Cancer.ipynb
1. Cancer,CTGAN,smoothness_worst,KS_Complement,0.729953,0.729953,,feature_fidelity,Generators/SDV models/1. Cancer.ipynb
1. Cancer,CTGAN,compactness_worst,KS_Complement,0.727418,0.727418,,feature_fidelity,Generators/SDV models/1. Cancer.ipynb
1. Cancer,CTGAN,radius_mean,KS_Complement,0.723005,0.723005,,feature_fidelity,Generators/SDV models/1. Cancer.ipynb
1. Cancer,CTGAN,compactness_se,JS_Divergence,0.254414,0.254414,,feature_fidelity,Generators/SDV models/1. Cancer.ipynb
1. Cancer,CTGAN,area_mean,JS_Divergence,0.207905,0.207905,,feature_fidelity,Generators/SDV models/1. Cancer.ipynb
1. Cancer,CTGAN,concave points_se,JS_Divergence,0.186285,0.186285,,feature_fidelity,Generators/SDV models/1. Cancer.ipynb
1. Cancer,CTGAN,concavity_worst,JS_Divergence,0.18478,0.18478,,feature_fidelity,Generators/SDV models/1. Cancer.ipynb
1. Cancer,CTGAN,compactness_mean,JS_Divergence,0.176116,0.176116,,feature_fidelity,Generators/SDV models/1. Cancer.ipynb
1. Cancer,CTGAN,smoothness_mean,JS_Divergence,0.170237,0.170237,,feature_fidelity,Generators/SDV models/1. Cancer.ipynb
1. Cancer,CTGAN,area_worst,JS_Divergence,0.168326,0.168326,,feature_fidelity,Generators/SDV models/1. Cancer.ipynb
1. Cancer,CTGAN,symmetry_mean,JS_Divergence,0.158445,0.158445,,feature_fidelity,Generators/SDV models/1. Cancer.ipynb
1. Cancer,CTGAN,fractal_dimension_worst,JS_Divergence,0.138026,0.138026,,feature_fidelity,Generators/SDV models/1. Cancer.ipynb
1. Cancer,CTGAN,compactness_worst,JS_Divergence,0.12546,0.12546,,feature_fidelity,Generators/SDV models/1. Cancer.ipynb
1. Cancer,CTGAN,smoothness_se,JS_Divergence,0.124656,0.124656,,feature_fidelity,Generators/SDV models/1. Cancer.ipynb
1. Cancer,CTGAN,fractal_dimension_se,JS_Divergence,0.122602,0.122602,,feature_fidelity,Generators/SDV models/1. Cancer.ipynb
1. Cancer,CTGAN,texture_se,JS_Divergence,0.119325,0.119325,,feature_fidelity,Generators/SDV models/1. Cancer.ipynb
1. Cancer,CTGAN,symmetry_se,JS_Divergence,0.111236,0.111236,,feature_fidelity,Generators/SDV models/1. Cancer.ipynb
1. Cancer,CTGAN,perimeter_se,JS_Divergence,0.103601,0.103601,,feature_fidelity,Generators/SDV models/1. Cancer.ipynb
1. Cancer,CTGAN,concave points_worst,JS_Divergence,0.09734,0.09734,,feature_fidelity,Generators/SDV models/1. Cancer.ipynb
1. Cancer,CTGAN,radius_mean,JS_Divergence,0.095188,0.095188,,feature_fidelity,Generators/SDV models/1. Cancer.ipynb
1. Cancer,CTGAN,fractal_dimension_mean,JS_Divergence,0.08602,0.08602,,feature_fidelity,Generators/SDV models/1. Cancer.ipynb
1. Cancer,CTGAN,concavity_se,JS_Divergence,0.085221,0.085221,,feature_fidelity,Generators/SDV models/1. Cancer.ipynb
1. Cancer,CTGAN,smoothness_worst,JS_Divergence,0.081572,0.081572,,feature_fidelity,Generators/SDV models/1. Cancer.ipynb
1. Cancer,CTABGAN,Diagnosis,KS_Complement,0.962583,0.962583,,feature_fidelity,Generators/Other GANS/1. Cancer_other GAN.ipynb
1. Cancer,CTABGAN,texture3,KS_Complement,0.935438,0.935438,,feature_fidelity,Generators/Other GANS/1. Cancer_other GAN.ipynb
1. Cancer,CTABGAN,perimeter2,KS_Complement,0.917411,0.917411,,feature_fidelity,Generators/Other GANS/1. Cancer_other GAN.ipynb
1. Cancer,CTABGAN,texture2,KS_Complement,0.915615,0.915615,,feature_fidelity,Generators/Other GANS/1. Cancer_other GAN.ipynb
1. Cancer,CTABGAN,radius3,KS_Complement,0.902541,0.902541,,feature_fidelity,Generators/Other GANS/1. Cancer_other GAN.ipynb
1. Cancer,CTABGAN,concavity2,KS_Complement,0.901344,0.901344,,feature_fidelity,Generators/Other GANS/1. Cancer_other GAN.ipynb
1. Cancer,CTABGAN,symmetry2,KS_Complement,0.899316,0.899316,,feature_fidelity,Generators/Other GANS/1. Cancer_other GAN.ipynb
1. Cancer,CTABGAN,perimeter3,KS_Complement,0.899139,0.899139,,feature_fidelity,Generators/Other GANS/1. Cancer_other GAN.ipynb
1. Cancer,CTABGAN,symmetry3,KS_Complement,0.895763,0.895763,,feature_fidelity,Generators/Other GANS/1. Cancer_other GAN.ipynb
1. Cancer,CTABGAN,concave_points1,KS_Complement,0.887408,0.887408,,feature_fidelity,Generators/Other GANS/1. Cancer_other GAN.ipynb
1. Cancer,CTABGAN,compactness1,KS_Complement,0.885889,0.885889,,feature_fidelity,Generators/Other GANS/1. Cancer_other GAN.ipynb
1. Cancer,CTABGAN,symmetry1,KS_Complement,0.875427,0.875427,,feature_fidelity,Generators/Other GANS/1. Cancer_other GAN.ipynb
1. Cancer,CTABGAN,radius2,KS_Complement,0.869506,0.869506,,feature_fidelity,Generators/Other GANS/1. Cancer_other GAN.ipynb
1. Cancer,CTABGAN,compactness2,KS_Complement,0.866283,0.866283,,feature_fidelity,Generators/Other GANS/1. Cancer_other GAN.ipynb
1. Cancer,CTABGAN,concavity3,KS_Complement,0.864192,0.864192,,feature_fidelity,Generators/Other GANS/1. Cancer_other GAN.ipynb
1. Cancer,CTABGAN,smoothness3,KS_Complement,0.856591,0.856591,,feature_fidelity,Generators/Other GANS/1. Cancer_other GAN.ipynb
1. Cancer,CTABGAN,compactness3,KS_Complement,0.853773,0.853773,,feature_fidelity,Generators/Other GANS/1. Cancer_other GAN.ipynb
1. Cancer,CTABGAN,area3,KS_Complement,0.852504,0.852504,,feature_fidelity,Generators/Other GANS/1. Cancer_other GAN.ipynb
1. Cancer,CTABGAN,fractal_dimension2,KS_Complement,0.848483,0.848483,,feature_fidelity,Generators/Other GANS/1. Cancer_other GAN.ipynb
1. Cancer,CTABGAN,perimeter1,KS_Complement,0.840517,0.840517,,feature_fidelity,Generators/Other GANS/1. Cancer_other GAN.ipynb
1. Cancer,CTABGAN,radius1,JS_Divergence,0.320934,0.320934,,feature_fidelity,Generators/Other GANS/1. Cancer_other GAN.ipynb
1. Cancer,CTABGAN,smoothness1,JS_Divergence,0.291485,0.291485,,feature_fidelity,Generators/Other GANS/1. Cancer_other GAN.ipynb
1. Cancer,CTABGAN,texture1,JS_Divergence,0.165894,0.165894,,feature_fidelity,Generators/Other GANS/1. Cancer_other GAN.ipynb
1. Cancer,CTABGAN,area3,JS_Divergence,0.14826,0.14826,,feature_fidelity,Generators/Other GANS/1. Cancer_other GAN.ipynb
1. Cancer,CTABGAN,area1,JS_Divergence,0.126755,0.126755,,feature_fidelity,Generators/Other GANS/1. Cancer_other GAN.ipynb
1. Cancer,CTABGAN,fractal_dimension3,JS_Divergence,0.106616,0.106616,,feature_fidelity,Generators/Other GANS/1. Cancer_other GAN.ipynb
1. Cancer,CTABGAN,compactness2,JS_Divergence,0.101392,0.101392,,feature_fidelity,Generators/Other GANS/1. Cancer_other GAN.ipynb
1. Cancer,CTABGAN,perimeter1,JS_Divergence,0.09441,0.09441,,feature_fidelity,Generators/Other GANS/1. Cancer_other GAN.ipynb
1. Cancer,CTABGAN,fractal_dimension1,JS_Divergence,0.094337,0.094337,,feature_fidelity,Generators/Other GANS/1. Cancer_other GAN.ipynb
1. Cancer,CTABGAN,area2,JS_Divergence,0.079407,0.079407,,feature_fidelity,Generators/Other GANS/1. Cancer_other GAN.ipynb
1. Cancer,CTABGAN,concave_points2,JS_Divergence,0.076232,0.076232,,feature_fidelity,Generators/Other GANS/1. Cancer_other GAN.ipynb
1. Cancer,CTABGAN,smoothness2,JS_Divergence,0.070743,0.070743,,feature_fidelity,Generators/Other GANS/1. Cancer_other GAN.ipynb
1. Cancer,CTABGAN,symmetry1,JS_Divergence,0.064069,0.064069,,feature_fidelity,Generators/Other GANS/1. Cancer_other GAN.ipynb
1. Cancer,CTABGAN,concavity1,JS_Divergence,0.060737,0.060737,,feature_fidelity,Generators/Other GANS/1. Cancer_other GAN.ipynb
1. Cancer,CTABGAN,fractal_dimension2,JS_Divergence,0.058147,0.058147,,feature_fidelity,Generators/Other GANS/1. Cancer_other GAN.ipynb
1. Cancer,CTABGAN,perimeter2,JS_Divergence,0.04939,0.04939,,feature_fidelity,Generators/Other GANS/1. Cancer_other GAN.ipynb
1. Cancer,CTABGAN,concave_points1,JS_Divergence,0.047367,0.047367,,feature_fidelity,Generators/Other GANS/1. Cancer_other GAN.ipynb
1. Cancer,CTABGAN,concavity2,JS_Divergence,0.046219,0.046219,,feature_fidelity,Generators/Other GANS/1. Cancer_other GAN.ipynb
1. Cancer,CTABGAN,radius2,JS_Divergence,0.04611,0.04611,,feature_fidelity,Generators/Other GANS/1. Cancer_other GAN.ipynb
1. Cancer,CTABGAN,symmetry2,JS_Divergence,0.045209,0.045209,,feature_fidelity,Generators/Other GANS/1. Cancer_other GAN.ipynb
1. Cancer,TabDDPM,Diagnosis,KS_Complement,0.684583,0.684583,,feature_fidelity,Generators/Diffusion GANs/1. Cancer_diffusion.ipynb
1. Cancer,TabDDPM,smoothness3,KS_Complement,0.499757,0.499757,,feature_fidelity,Generators/Diffusion GANs/1. Cancer_diffusion.ipynb
1. Cancer,TabDDPM,compactness1,KS_Complement,0.497757,0.497757,,feature_fidelity,Generators/Diffusion GANs/1. Cancer_diffusion.ipynb
1. Cancer,TabDDPM,texture1,KS_Complement,0.491757,0.491757,,feature_fidelity,Generators/Diffusion GANs/1. Cancer_diffusion.ipynb
1. Cancer,TabDDPM,concave_points2,KS_Complement,0.469847,0.469847,,feature_fidelity,Generators/Diffusion GANs/1. Cancer_diffusion.ipynb
1. Cancer,TabDDPM,concavity1,KS_Complement,0.467847,0.467847,,feature_fidelity,Generators/Diffusion GANs/1. Cancer_diffusion.ipynb
1. Cancer,TabDDPM,concavity2,KS_Complement,0.466847,0.466847,,feature_fidelity,Generators/Diffusion GANs/1. Cancer_diffusion.ipynb
1. Cancer,TabDDPM,texture3,KS_Complement,0.465757,0.465757,,feature_fidelity,Generators/Diffusion GANs/1. Cancer_diffusion.ipynb
1. Cancer,TabDDPM,concavity3,KS_Complement,0.461847,0.461847,,feature_fidelity,Generators/Diffusion GANs/1. Cancer_diffusion.ipynb
1. Cancer,TabDDPM,compactness2,KS_Complement,0.461757,0.461757,,feature_fidelity,Generators/Diffusion GANs/1. Cancer_diffusion.ipynb
1. Cancer,TabDDPM,concave_points1,KS_Complement,0.454847,0.454847,,feature_fidelity,Generators/Diffusion GANs/1. Cancer_diffusion.ipynb
1. Cancer,TabDDPM,concave_points3,KS_Complement,0.451847,0.451847,,feature_fidelity,Generators/Diffusion GANs/1. Cancer_diffusion.ipynb
1. Cancer,TabDDPM,compactness3,KS_Complement,0.444757,0.444757,,feature_fidelity,Generators/Diffusion GANs/1. Cancer_diffusion.ipynb
1. Cancer,TabDDPM,area2,KS_Complement,0.442757,0.442757,,feature_fidelity,Generators/Diffusion GANs/1. Cancer_diffusion.ipynb
1. Cancer,TabDDPM,area1,KS_Complement,0.428757,0.428757,,feature_fidelity,Generators/Diffusion GANs/1. Cancer_diffusion.ipynb
1. Cancer,TabDDPM,symmetry1,KS_Complement,0.427757,0.427757,,feature_fidelity,Generators/Diffusion GANs/1. Cancer_diffusion.ipynb
1. Cancer,TabDDPM,radius1,KS_Complement,0.424757,0.424757,,feature_fidelity,Generators/Diffusion GANs/1. Cancer_diffusion.ipynb
1. Cancer,TabDDPM,perimeter1,KS_Complement,0.423757,0.423757,,feature_fidelity,Generators/Diffusion GANs/1. Cancer_diffusion.ipynb
1. Cancer,TabDDPM,area3,KS_Complement,0.417757,0.417757,,feature_fidelity,Generators/Diffusion GANs/1. Cancer_diffusion.ipynb
1. Cancer,TabDDPM,radius3,KS_Complement,0.415757,0.415757,,feature_fidelity,Generators/Diffusion GANs/1. Cancer_diffusion.ipynb
1. Cancer,TabDDPM,smoothness1,JS_Divergence,0.946261,0.946261,,feature_fidelity,Generators/Diffusion GANs/1. Cancer_diffusion.ipynb
1. Cancer,TabDDPM,symmetry1,JS_Divergence,0.854386,0.854386,,feature_fidelity,Generators/Diffusion GANs/1. Cancer_diffusion.ipynb
1. Cancer,TabDDPM,smoothness3,JS_Divergence,0.836209,0.836209,,feature_fidelity,Generators/Diffusion GANs/1. Cancer_diffusion.ipynb
1. Cancer,TabDDPM,fractal_dimension1,JS_Divergence,0.808398,0.808398,,feature_fidelity,Generators/Diffusion GANs/1. Cancer_diffusion.ipynb
1. Cancer,TabDDPM,smoothness2,JS_Divergence,0.764011,0.764011,,feature_fidelity,Generators/Diffusion GANs/1. Cancer_diffusion.ipynb
1. Cancer,TabDDPM,texture1,JS_Divergence,0.75643,0.75643,,feature_fidelity,Generators/Diffusion GANs/1. Cancer_diffusion.ipynb
1. Cancer,TabDDPM,texture3,JS_Divergence,0.748962,0.748962,,feature_fidelity,Generators/Diffusion GANs/1. Cancer_diffusion.ipynb
1. Cancer,TabDDPM,perimeter1,JS_Divergence,0.729186,0.729186,,feature_fidelity,Generators/Diffusion GANs/1. Cancer_diffusion.ipynb
1. Cancer,TabDDPM,radius1,JS_Divergence,0.726987,0.726987,,feature_fidelity,Generators/Diffusion GANs/1. Cancer_diffusion.ipynb
1. Cancer,TabDDPM,texture2,JS_Divergence,0.717422,0.717422,,feature_fidelity,Generators/Diffusion GANs/1. Cancer_diffusion.ipynb
1. Cancer,TabDDPM,symmetry2,JS_Divergence,0.715705,0.715705,,feature_fidelity,Generators/Diffusion GANs/1. Cancer_diffusion.ipynb
1. Cancer,TabDDPM,symmetry3,JS_Divergence,0.659454,0.659454,,feature_fidelity,Generators/Diffusion GANs/1. Cancer_diffusion.ipynb
1. Cancer,TabDDPM,radius3,JS_Divergence,0.639158,0.639158,,feature_fidelity,Generators/Diffusion GANs/1. Cancer_diffusion.ipynb
1. Cancer,TabDDPM,concave_points3,JS_Divergence,0.633275,0.633275,,feature_fidelity,Generators/Diffusion GANs/1. Cancer_diffusion.ipynb
1. Cancer,TabDDPM,fractal_dimension2,JS_Divergence,0.62781,0.62781,,feature_fidelity,Generators/Diffusion GANs/1. Cancer_diffusion.ipynb
1. Cancer,TabDDPM,fractal_dimension3,JS_Divergence,0.619136,0.619136,,feature_fidelity,Generators/Diffusion GANs/1. Cancer_diffusion.ipynb
1. Cancer,TabDDPM,perimeter3,JS_Divergence,0.61059,0.61059,,feature_fidelity,Generators/Diffusion GANs/1. Cancer_diffusion.ipynb
1. Cancer,TabDDPM,compactness1,JS_Divergence,0.573461,0.573461,,feature_fidelity,Generators/Diffusion GANs/1. Cancer_diffusion.ipynb
1. Cancer,TabDDPM,concave_points2,JS_Divergence,0.567708,0.567708,,feature_fidelity,Generators/Diffusion GANs/1. Cancer_diffusion.ipynb
1. Cancer,TabDDPM,perimeter2,JS_Divergence,0.479446,0.479446,,feature_fidelity,Generators/Diffusion GANs/1. Cancer_diffusion.ipynb
2. Alzhimers,CTGAN,Group,KS_Complement,0.993617,0.993617,,feature_fidelity,Generators/SDV models/2. Alzhimers.ipynb
2. Alzhimers,CTGAN,EDUC,KS_Complement,0.885606,0.885606,,feature_fidelity,Generators/SDV models/2. Alzhimers.ipynb
2. Alzhimers,CTGAN,Visit,KS_Complement,0.846796,0.846796,,feature_fidelity,Generators/SDV models/2. Alzhimers.ipynb
2. Alzhimers,CTGAN,SES,KS_Complement,0.846003,0.846003,,feature_fidelity,Generators/SDV models/2. Alzhimers.ipynb
2. Alzhimers,CTGAN,eTIV,KS_Complement,0.818962,0.818962,,feature_fidelity,Generators/SDV models/2. Alzhimers.ipynb
2. Alzhimers,CTGAN,nWBV,KS_Complement,0.817901,0.817901,,feature_fidelity,Generators/SDV models/2. Alzhimers.ipynb
2. Alzhimers,CTGAN,CDR,KS_Complement,0.814279,0.814279,,feature_fidelity,Generators/SDV models/2. Alzhimers.ipynb
2. Alzhimers,CTGAN,MMSE,KS_Complement,0.63563,0.63563,,feature_fidelity,Generators/SDV models/2. Alzhimers.ipynb
2. Alzhimers,CTGAN,MR Delay,KS_Complement,0.587054,0.587054,,feature_fidelity,Generators/SDV models/2. Alzhimers.ipynb
2. Alzhimers,CTGAN,ASF,KS_Complement,0.545121,0.545121,,feature_fidelity,Generators/SDV models/2. Alzhimers.ipynb
2. Alzhimers,CTGAN,Age,KS_Complement,0.501925,0.501925,,feature_fidelity,Generators/SDV models/2. Alzhimers.ipynb
2. Alzhimers,CopulaGAN,Group,KS_Complement,0.964383,0.964383,,feature_fidelity,Generators/SDV models/2. Alzhimers.ipynb
2. Alzhimers,CopulaGAN,Visit,KS_Complement,0.859796,0.859796,,feature_fidelity,Generators/SDV models/2. Alzhimers.ipynb
2. Alzhimers,CopulaGAN,nWBV,KS_Complement,0.789263,0.789263,,feature_fidelity,Generators/SDV models/2. Alzhimers.ipynb
2. Alzhimers,CopulaGAN,ASF,KS_Complement,0.77363,0.77363,,feature_fidelity,Generators/SDV models/2. Alzhimers.ipynb
2. Alzhimers,CopulaGAN,EDUC,KS_Complement,0.765236,0.765236,,feature_fidelity,Generators/SDV models/2. Alzhimers.ipynb
2. Alzhimers,CopulaGAN,CDR,KS_Complement,0.754962,0.754962,,feature_fidelity,Generators/SDV models/2. Alzhimers.ipynb
2. Alzhimers,CopulaGAN,eTIV,KS_Complement,0.701121,0.701121,,feature_fidelity,Generators/SDV models/2. Alzhimers.ipynb
2. Alzhimers,CopulaGAN,Age,KS_Complement,0.656877,0.656877,,feature_fidelity,Generators/SDV models/2. Alzhimers.ipynb
2. Alzhimers,CopulaGAN,MR Delay,KS_Complement,0.617692,0.617692,,feature_fidelity,Generators/SDV models/2. Alzhimers.ipynb
2. Alzhimers,CTGAN,SES,JS_Divergence,0.368286,0.368286,,feature_fidelity,Generators/SDV models/2. Alzhimers.ipynb
2. Alzhimers,CTGAN,MMSE,JS_Divergence,0.336733,0.336733,,feature_fidelity,Generators/SDV models/2. Alzhimers.ipynb
2. Alzhimers,CTGAN,CDR,JS_Divergence,0.334115,0.334115,,feature_fidelity,Generators/SDV models/2. Alzhimers.ipynb
2. Alzhimers,CTGAN,Age,JS_Divergence,0.262652,0.262652,,feature_fidelity,Generators/SDV models/2. Alzhimers.ipynb
2. Alzhimers,CTGAN,ASF,JS_Divergence,0.224573,0.224573,,feature_fidelity,Generators/SDV models/2. Alzhimers.ipynb
2. Alzhimers,CTGAN,MR Delay,JS_Divergence,0.189992,0.189992,,feature_fidelity,Generators/SDV models/2. Alzhimers.ipynb
2. Alzhimers,CTGAN,EDUC,JS_Divergence,0.144073,0.144073,,feature_fidelity,Generators/SDV models/2. Alzhimers.ipynb
2. Alzhimers,CTGAN,nWBV,JS_Divergence,0.063106,0.063106,,feature_fidelity,Generators/SDV models/2. Alzhimers.ipynb
2. Alzhimers,CTGAN,eTIV,JS_Divergence,0.061282,0.061282,,feature_fidelity,Generators/SDV models/2. Alzhimers.ipynb
2. Alzhimers,CTGAN,Visit,JS_Divergence,0.029893,0.029893,,feature_fidelity,Generators/SDV models/2. Alzhimers.ipynb
2. Alzhimers,CTGAN,Group,JS_Divergence,2.9e-05,2.9e-05,,feature_fidelity,Generators/SDV models/2. Alzhimers.ipynb
2. Alzhimers,CopulaGAN,SES,JS_Divergence,0.380076,0.380076,,feature_fidelity,Generators/SDV models/2. Alzhimers.ipynb
2. Alzhimers,CopulaGAN,MMSE,JS_Divergence,0.342001,0.342001,,feature_fidelity,Generators/SDV models/2. Alzhimers.ipynb
2. Alzhimers,CopulaGAN,CDR,JS_Divergence,0.290876,0.290876,,feature_fidelity,Generators/SDV models/2. Alzhimers.ipynb
2. Alzhimers,CopulaGAN,EDUC,JS_Divergence,0.198148,0.198148,,feature_fidelity,Generators/SDV models/2. Alzhimers.ipynb
2. Alzhimers,CopulaGAN,Age,JS_Divergence,0.153427,0.153427,,feature_fidelity,Generators/SDV models/2. Alzhimers.ipynb
2. Alzhimers,CopulaGAN,MR Delay,JS_Divergence,0.13179,0.13179,,feature_fidelity,Generators/SDV models/2. Alzhimers.ipynb
2. Alzhimers,CopulaGAN,eTIV,JS_Divergence,0.092564,0.092564,,feature_fidelity,Generators/SDV models/2. Alzhimers.ipynb
2. Alzhimers,CopulaGAN,nWBV,JS_Divergence,0.075516,0.075516,,feature_fidelity,Generators/SDV models/2. Alzhimers.ipynb
2. Alzhimers,CopulaGAN,ASF,JS_Divergence,0.064038,0.064038,,feature_fidelity,Generators/SDV models/2. Alzhimers.ipynb
2. Alzhimers,CTABGAN,eTIV,KS_Complement,0.906188,0.906188,,feature_fidelity,Generators/Other GANS/2. Alzhimers_other GAN.ipynb
2. Alzhimers,CTABGAN,Age,KS_Complement,0.904113,0.904113,,feature_fidelity,Generators/Other GANS/2. Alzhimers_other GAN.ipynb
2. Alzhimers,CTABGAN,nWBV,KS_Complement,0.834702,0.834702,,feature_fidelity,Generators/Other GANS/2. Alzhimers_other GAN.ipynb
2. Alzhimers,CTABGAN,ASF,KS_Complement,0.819826,0.819826,,feature_fidelity,Generators/Other GANS/2. Alzhimers_other GAN.ipynb
2. Alzhimers,CTABGAN,EDUC,KS_Complement,0.796236,0.796236,,feature_fidelity,Generators/Other GANS/2. Alzhimers_other GAN.ipynb
2. Alzhimers,CTABGAN,Group,KS_Complement,0.782617,0.782617,,feature_fidelity,Generators/Other GANS/2. Alzhimers_other GAN.ipynb
2. Alzhimers,CTABGAN,SES,KS_Complement,0.742936,0.742936,,feature_fidelity,Generators/Other GANS/2. Alzhimers_other GAN.ipynb
2. Alzhimers,CTABGAN,MMSE,KS_Complement,0.69437,0.69437,,feature_fidelity,Generators/Other GANS/2. Alzhimers_other GAN.ipynb
2. Alzhimers,CTABGAN,MR Delay,KS_Complement,0.597855,0.597855,,feature_fidelity,Generators/Other GANS/2. Alzhimers_other GAN.ipynb
2. Alzhimers,CTABGAN,CDR,KS_Complement,0.447721,0.447721,,feature_fidelity,Generators/Other GANS/2. Alzhimers_other GAN.ipynb
2. Alzhimers,CTABGAN,Visit,KS_Complement,3e-06,3e-06,,feature_fidelity,Generators/Other GANS/2. Alzhimers_other GAN.ipynb
2. Alzhimers,WGAN_GP,Group,KS_Complement,0.965383,0.965383,,feature_fidelity,Generators/Other GANS/2. Alzhimers_other GAN.ipynb
2. Alzhimers,WGAN_GP,nWBV,KS_Complement,0.961413,0.961413,,feature_fidelity,Generators/Other GANS/2. Alzhimers_other GAN.ipynb
2. Alzhimers,WGAN_GP,eTIV,KS_Complement,0.930437,0.930437,,feature_fidelity,Generators/Other GANS/2. Alzhimers_other GAN.ipynb
2. Alzhimers,WGAN_GP,ASF,KS_Complement,0.928118,0.928118,,feature_fidelity,Generators/Other GANS/2. Alzhimers_other GAN.ipynb
2. Alzhimers,WGAN_GP,Age,KS_Complement,0.91896,0.91896,,feature_fidelity,Generators/Other GANS/2. Alzhimers_other GAN.ipynb
2. Alzhimers,WGAN_GP,EDUC,KS_Complement,0.854198,0.854198,,feature_fidelity,Generators/Other GANS/2. Alzhimers_other GAN.ipynb
2. Alzhimers,WGAN_GP,SES,KS_Complement,0.817003,0.817003,,feature_fidelity,Generators/Other GANS/2. Alzhimers_other GAN.ipynb
2. Alzhimers,WGAN_GP,MMSE,KS_Complement,0.79637,0.79637,,feature_fidelity,Generators/Other GANS/2. Alzhimers_other GAN.ipynb
2. Alzhimers,WGAN_GP,MR Delay,KS_Complement,0.753855,0.753855,,feature_fidelity,Generators/Other GANS/2. Alzhimers_other GAN.ipynb
2. Alzhimers,CTABGAN,Visit,JS_Divergence,0.324626,0.324626,,feature_fidelity,Generators/Other GANS/2. Alzhimers_other GAN.ipynb
2. Alzhimers,CTABGAN,SES,JS_Divergence,0.231772,0.231772,,feature_fidelity,Generators/Other GANS/2. Alzhimers_other GAN.ipynb
2. Alzhimers,CTABGAN,EDUC,JS_Divergence,0.218008,0.218008,,feature_fidelity,Generators/Other GANS/2. Alzhimers_other GAN.ipynb
2. Alzhimers,CTABGAN,MMSE,JS_Divergence,0.198059,0.198059,,feature_fidelity,Generators/Other GANS/2. Alzhimers_other GAN.ipynb
2. Alzhimers,CTABGAN,CDR,JS_Divergence,0.116243,0.116243,,feature_fidelity,Generators/Other GANS/2. Alzhimers_other GAN.ipynb
2. Alzhimers,CTABGAN,MR Delay,JS_Divergence,0.087298,0.087298,,feature_fidelity,Generators/Other GANS/2. Alzhimers_other GAN.ipynb
2. Alzhimers,CTABGAN,ASF,JS_Divergence,0.038429,0.038429,,feature_fidelity,Generators/Other GANS/2. Alzhimers_other GAN.ipynb
2. Alzhimers,CTABGAN,Age,JS_Divergence,0.034196,0.034196,,feature_fidelity,Generators/Other GANS/2. Alzhimers_other GAN.ipynb
2. Alzhimers,CTABGAN,eTIV,JS_Divergence,0.031741,0.031741,,feature_fidelity,Generators/Other GANS/2. Alzhimers_other GAN.ipynb
2. Alzhimers,CTABGAN,nWBV,JS_Divergence,0.030828,0.030828,,feature_fidelity,Generators/Other GANS/2. Alzhimers_other GAN.ipynb
2. Alzhimers,WGAN_GP,Visit,JS_Divergence,0.626113,0.626113,,feature_fidelity,Generators/Other GANS/2. Alzhimers_other GAN.ipynb
2. Alzhimers,WGAN_GP,CDR,JS_Divergence,0.599361,0.599361,,feature_fidelity,Generators/Other GANS/2. Alzhimers_other GAN.ipynb
2. Alzhimers,WGAN_GP,SES,JS_Divergence,0.506943,0.506943,,feature_fidelity,Generators/Other GANS/2. Alzhimers_other GAN.ipynb
2. Alzhimers,WGAN_GP,EDUC,JS_Divergence,0.32466,0.32466,,feature_fidelity,Generators/Other GANS/2. Alzhimers_other GAN.ipynb
2. Alzhimers,WGAN_GP,MMSE,JS_Divergence,0.315747,0.315747,,feature_fidelity,Generators/Other GANS/2. Alzhimers_other GAN.ipynb
2. Alzhimers,WGAN_GP,MR Delay,JS_Divergence,0.276081,0.276081,,feature_fidelity,Generators/Other GANS/2. Alzhimers_other GAN.ipynb
2. Alzhimers,WGAN_GP,ASF,JS_Divergence,0.033923,0.033923,,feature_fidelity,Generators/Other GANS/2. Alzhimers_other GAN.ipynb
2. Alzhimers,WGAN_GP,eTIV,JS_Divergence,0.023947,0.023947,,feature_fidelity,Generators/Other GANS/2. Alzhimers_other GAN.ipynb
2. Alzhimers,WGAN_GP,Age,JS_Divergence,0.022415,0.022415,,feature_fidelity,Generators/Other GANS/2. Alzhimers_other GAN.ipynb
2. Alzhimers,WGAN_GP,nWBV,JS_Divergence,0.013876,0.013876,,feature_fidelity,Generators/Other GANS/2. Alzhimers_other GAN.ipynb
2. Alzhimers,TabDDPM,MR Delay,KS_Complement,0.7160429,0.7160429,,feature_fidelity,Generators/Diffusion GANs/2. Alzhimers_diffusion.ipynb
2. Alzhimers,TabDDPM,EDUC,KS_Complement,0.6400429,0.6400429,,feature_fidelity,Generators/Diffusion GANs/2. Alzhimers_diffusion.ipynb
2. Alzhimers,TabDDPM,SES,KS_Complement,0.6137668,0.6137668,,feature_fidelity,Generators/Diffusion GANs/2. Alzhimers_diffusion.ipynb
2. Alzhimers,TabDDPM,Visit,KS_Complement,0.5702306,0.5702306,,feature_fidelity,Generators/Diffusion GANs/2. Alzhimers_diffusion.ipynb
2. Alzhimers,TabDDPM,MMSE,KS_Complement,0.4397668,0.4397668,,feature_fidelity,Generators/Diffusion GANs/2. Alzhimers_diffusion.ipynb
2. Alzhimers,TabDDPM,CDR,KS_Complement,0.4150429,0.4150429,,feature_fidelity,Generators/Diffusion GANs/2. Alzhimers_diffusion.ipynb
2. Alzhimers,TabDDPM,eTIV,KS_Complement,0.3671287,0.3671287,,feature_fidelity,Generators/Diffusion GANs/2. Alzhimers_diffusion.ipynb
2. Alzhimers,TabDDPM,ASF,KS_Complement,0.3628097,0.3628097,,feature_fidelity,Generators/Diffusion GANs/2. Alzhimers_diffusion.ipynb
2. Alzhimers,TabDDPM,Age,KS_Complement,0.3384048,0.3384048,,feature_fidelity,Generators/Diffusion GANs/2. Alzhimers_diffusion.ipynb
2. Alzhimers,TabDDPM,nWBV,KS_Complement,0.3327239,0.3327239,,feature_fidelity,Generators/Diffusion GANs/2. Alzhimers_diffusion.ipynb
2. Alzhimers,TabDDPM,Group,KS_Complement,5.36193e-09,5.36193e-09,,feature_fidelity,Generators/Diffusion GANs/2. Alzhimers_diffusion.ipynb
2. Alzhimers,ForestDiffusion,ASF,KS_Complement,0.9750697,0.9750697,,feature_fidelity,Generators/Diffusion GANs/2. Alzhimers_diffusion.ipynb
2. Alzhimers,ForestDiffusion,eTIV,KS_Complement,0.9706032,0.9706032,,feature_fidelity,Generators/Diffusion GANs/2. Alzhimers_diffusion.ipynb
2. Alzhimers,ForestDiffusion,nWBV,KS_Complement,0.9396273,0.9396273,,feature_fidelity,Generators/Diffusion GANs/2. Alzhimers_diffusion.ipynb
2. Alzhimers,ForestDiffusion,Age,KS_Complement,0.9279598,0.9279598,,feature_fidelity,Generators/Diffusion GANs/2. Alzhimers_diffusion.ipynb
2. Alzhimers,ForestDiffusion,SES,KS_Complement,0.8549357,0.8549357,,feature_fidelity,Generators/Diffusion GANs/2. Alzhimers_diffusion.ipynb
2. Alzhimers,ForestDiffusion,EDUC,KS_Complement,0.8472359,0.8472359,,feature_fidelity,Generators/Diffusion GANs/2. Alzhimers_diffusion.ipynb
2. Alzhimers,ForestDiffusion,MMSE,KS_Complement,0.83437,0.83437,,feature_fidelity,Generators/Diffusion GANs/2. Alzhimers_diffusion.ipynb
2. Alzhimers,ForestDiffusion,MR Delay,KS_Complement,0.7778552,0.7778552,,feature_fidelity,Generators/Diffusion GANs/2. Alzhimers_diffusion.ipynb
2. Alzhimers,ForestDiffusion,CDR,KS_Complement,0.7427212,0.7427212,,feature_fidelity,Generators/Diffusion GANs/2. Alzhimers_diffusion.ipynb
2. Alzhimers,TabDDPM,nWBV,JS_Divergence,0.45918,0.45918,,feature_fidelity,Generators/Diffusion GANs/2. Alzhimers_diffusion.ipynb
2. Alzhimers,TabDDPM,Age,JS_Divergence,0.44372,0.44372,,feature_fidelity,Generators/Diffusion GANs/2. Alzhimers_diffusion.ipynb
2. Alzhimers,TabDDPM,EDUC,JS_Divergence,0.427469,0.427469,,feature_fidelity,Generators/Diffusion GANs/2. Alzhimers_diffusion.ipynb
2. Alzhimers,TabDDPM,eTIV,JS_Divergence,0.400601,0.400601,,feature_fidelity,Generators/Diffusion GANs/2. Alzhimers_diffusion.ipynb
2. Alzhimers,TabDDPM,ASF,JS_Divergence,0.398158,0.398158,,feature_fidelity,Generators/Diffusion GANs/2. Alzhimers_diffusion.ipynb
2. Alzhimers,TabDDPM,CDR,JS_Divergence,0.363849,0.363849,,feature_fidelity,Generators/Diffusion GANs/2. Alzhimers_diffusion.ipynb
2. Alzhimers,TabDDPM,MMSE,JS_Divergence,0.351163,0.351163,,feature_fidelity,Generators/Diffusion GANs/2. Alzhimers_diffusion.ipynb
2. Alzhimers,TabDDPM,SES,JS_Divergence,0.322604,0.322604,,feature_fidelity,Generators/Diffusion GANs/2. Alzhimers_diffusion.ipynb
2. Alzhimers,TabDDPM,MR Delay,JS_Divergence,0.223236,0.223236,,feature_fidelity,Generators/Diffusion GANs/2. Alzhimers_diffusion.ipynb
2. Alzhimers,TabDDPM,Visit,JS_Divergence,0.213185,0.213185,,feature_fidelity,Generators/Diffusion GANs/2. Alzhimers_diffusion.ipynb
2. Alzhimers,ForestDiffusion,MMSE,JS_Divergence,0.063646,0.063646,,feature_fidelity,Generators/Diffusion GANs/2. Alzhimers_diffusion.ipynb
2. Alzhimers,ForestDiffusion,EDUC,JS_Divergence,0.041067,0.041067,,feature_fidelity,Generators/Diffusion GANs/2. Alzhimers_diffusion.ipynb
2. Alzhimers,ForestDiffusion,SES,JS_Divergence,0.030746,0.030746,,feature_fidelity,Generators/Diffusion GANs/2. Alzhimers_diffusion.ipynb
2. Alzhimers,ForestDiffusion,Age,JS_Divergence,0.018842,0.018842,,feature_fidelity,Generators/Diffusion GANs/2. Alzhimers_diffusion.ipynb
2. Alzhimers,ForestDiffusion,Visit,JS_Divergence,0.018125,0.018125,,feature_fidelity,Generators/Diffusion GANs/2. Alzhimers_diffusion.ipynb
2. Alzhimers,ForestDiffusion,CDR,JS_Divergence,0.017673,0.017673,,feature_fidelity,Generators/Diffusion GANs/2. Alzhimers_diffusion.ipynb
2. Alzhimers,ForestDiffusion,nWBV,JS_Divergence,0.014344,0.014344,,feature_fidelity,Generators/Diffusion GANs/2. Alzhimers_diffusion.ipynb
2. Alzhimers,ForestDiffusion,eTIV,JS_Divergence,0.010594,0.010594,,feature_fidelity,Generators/Diffusion GANs/2. Alzhimers_diffusion.ipynb
2. Alzhimers,ForestDiffusion,ASF,JS_Divergence,0.009247,0.009247,,feature_fidelity,Generators/Diffusion GANs/2. Alzhimers_diffusion.ipynb
2. Alzhimers,ForestDiffusion,MR Delay,JS_Divergence,0.006118,0.006118,,feature_fidelity,Generators/Diffusion GANs/2. Alzhimers_diffusion.ipynb
3. Adult,CTGAN,sex,KS_Complement,0.967098,0.967098,,feature_fidelity,Generators/SDV models/3. Adult census.ipynb
3. Adult,CTGAN,marital-status,KS_Complement,0.958028,0.958028,,feature_fidelity,Generators/SDV models/3. Adult census.ipynb
3. Adult,CTGAN,education-num,KS_Complement,0.946562,0.946562,,feature_fidelity,Generators/SDV models/3. Adult census.ipynb
3. Adult,CTGAN,fnlwgt,KS_Complement,0.943389,0.943389,,feature_fidelity,Generators/SDV models/3. Adult census.ipynb
3. Adult,CTGAN,age,KS_Complement,0.936673,0.936673,,feature_fidelity,Generators/SDV models/3. Adult census.ipynb
3. Adult,CTGAN,hours-per-week,KS_Complement,0.929221,0.929221,,feature_fidelity,Generators/SDV models/3. Adult census.ipynb
3. Adult,CTGAN,relationship,KS_Complement,0.924819,0.924819,,feature_fidelity,Generators/SDV models/3. Adult census.ipynb
3. Adult,CTGAN,education,KS_Complement,0.917428,0.917428,,feature_fidelity,Generators/SDV models/3. Adult census.ipynb
3. Adult,CTGAN,workclass,KS_Complement,0.917064,0.917064,,feature_fidelity,Generators/SDV models/3. Adult census.ipynb
3. Adult,CTGAN,race,KS_Complement,0.906126,0.906126,,feature_fidelity,Generators/SDV models/3. Adult census.ipynb
3. Adult,CTGAN,native-country,KS_Complement,0.89422,0.89422,,feature_fidelity,Generators/SDV models/3. Adult census.ipynb
3. Adult,CTGAN,occupation,KS_Complement,0.872242,0.872242,,feature_fidelity,Generators/SDV models/3. Adult census.ipynb
3. Adult,CTGAN,capital-loss,KS_Complement,0.730908,0.730908,,feature_fidelity,Generators/SDV models/3. Adult census.ipynb
3. Adult,CTGAN,capital-gain,KS_Complement,0.708509,0.708509,,feature_fidelity,Generators/SDV models/3. Adult census.ipynb
3. Adult,CopulaGAN,capital-loss,KS_Complement,0.973957,0.973957,,feature_fidelity,Generators/SDV models/3. Adult census.ipynb
3. Adult,CopulaGAN,age,KS_Complement,0.95684,0.95684,,feature_fidelity,Generators/SDV models/3. Adult census.ipynb
3. Adult,CopulaGAN,workclass,KS_Complement,0.956447,0.956447,,feature_fidelity,Generators/SDV models/3. Adult census.ipynb
3. Adult,CopulaGAN,race,KS_Complement,0.954957,0.954957,,feature_fidelity,Generators/SDV models/3. Adult census.ipynb
3. Adult,CopulaGAN,capital-gain,KS_Complement,0.95162,0.95162,,feature_fidelity,Generators/SDV models/3. Adult census.ipynb
3. Adult,CopulaGAN,sex,KS_Complement,0.950473,0.950473,,feature_fidelity,Generators/SDV models/3. Adult census.ipynb
3. Adult,CTABGAN,race,KS_Complement,0.977,0.977,,feature_fidelity,Generators/Other GANS/3. Adult census_other GAN.ipynb
3. Adult,CTABGAN,income,KS_Complement,0.947,0.947,,feature_fidelity,Generators/Other GANS/3. Adult census_other GAN.ipynb
3. Adult,CTABGAN,fnlwgt,KS_Complement,0.941,0.941,,feature_fidelity,Generators/Other GANS/3. Adult census_other GAN.ipynb
3. Adult,CTABGAN,workclass,KS_Complement,0.940236,0.940236,,feature_fidelity,Generators/Other GANS/3. Adult census_other GAN.ipynb
3. Adult,CTABGAN,occupation,KS_Complement,0.933194,0.933194,,feature_fidelity,Generators/Other GANS/3. Adult census_other GAN.ipynb
3. Adult,CTABGAN,sex,KS_Complement,0.921,0.921,,feature_fidelity,Generators/Other GANS/3. Adult census_other GAN.ipynb
3. Adult,CTABGAN,education-num,KS_Complement,0.919,0.919,,feature_fidelity,Generators/Other GANS/3. Adult census_other GAN.ipynb
3. Adult,CTABGAN,hours-per-week,KS_Complement,0.918,0.918,,feature_fidelity,Generators/Other GANS/3. Adult census_other GAN.ipynb
3. Adult,CTABGAN,native-country,KS_Complement,0.914813,0.914813,,feature_fidelity,Generators/Other GANS/3. Adult census_other GAN.ipynb
3. Adult,CTABGAN,education,KS_Complement,0.905,0.905,,feature_fidelity,Generators/Other GANS/3. Adult census_other GAN.ipynb
3. Adult,CTABGAN,marital-status,KS_Complement,0.82,0.82,,feature_fidelity,Generators/Other GANS/3. Adult census_other GAN.ipynb
3. Adult,CTABGAN,relationship,KS_Complement,0.791,0.791,,feature_fidelity,Generators/Other GANS/3. Adult census_other GAN.ipynb
3. Adult,CTABGAN,age,KS_Complement,0.788,0.788,,feature_fidelity,Generators/Other GANS/3. Adult census_other GAN.ipynb
3. Adult,CTABGAN,capital-loss,KS_Complement,0.176,0.176,,feature_fidelity,Generators/Other GANS/3. Adult census_other GAN.ipynb
3. Adult,CTABGAN,capital-gain,KS_Complement,0.08,0.08,,feature_fidelity,Generators/Other GANS/3. Adult census_other GAN.ipynb
3. Adult,WGAN_GP,sex,KS_Complement,0.956,0.956,,feature_fidelity,Generators/Other GANS/3. Adult census_other GAN.ipynb
3. Adult,WGAN_GP,fnlwgt,KS_Complement,0.875,0.875,,feature_fidelity,Generators/Other GANS/3. Adult census_other GAN.ipynb
3. Adult,WGAN_GP,relationship,KS_Complement,0.807,0.807,,feature_fidelity,Generators/Other GANS/3. Adult census_other GAN.ipynb
3. Adult,WGAN_GP,race,KS_Complement,0.773,0.773,,feature_fidelity,Generators/Other GANS/3. Adult census_other GAN.ipynb
3. Adult,WGAN_GP,income,KS_Complement,0.75,0.75,,feature_fidelity,Generators/Other GANS/3. Adult census_other GAN.ipynb
3. Adult,CTABGAN,capital-loss,JS_Divergence,0.723181,0.723181,,feature_fidelity,Generators/Other GANS/3. Adult census_other GAN.ipynb
3. Adult,CTABGAN,capital-gain,JS_Divergence,0.369169,0.369169,,feature_fidelity,Generators/Other GANS/3. Adult census_other GAN.ipynb
3. Adult,CTABGAN,hours-per-week,JS_Divergence,0.262052,0.262052,,feature_fidelity,Generators/Other GANS/3. Adult census_other GAN.ipynb
3. Adult,CTABGAN,education-num,JS_Divergence,0.100877,0.100877,,feature_fidelity,Generators/Other GANS/3. Adult census_other GAN.ipynb
3. Adult,CTABGAN,age,JS_Divergence,0.060669,0.060669,,feature_fidelity,Generators/Other GANS/3. Adult census_other GAN.ipynb
3. Adult,CTABGAN,relationship,JS_Divergence,0.036197,0.036197,,feature_fidelity,Generators/Other GANS/3. Adult census_other GAN.ipynb
3. Adult,CTABGAN,fnlwgt,JS_Divergence,0.027625,0.027625,,feature_fidelity,Generators/Other GANS/3. Adult census_other GAN.ipynb
3. Adult,CTABGAN,marital-status,JS_Divergence,0.027578,0.027578,,feature_fidelity,Generators/Other GANS/3. Adult census_other GAN.ipynb
3. Adult,CTABGAN,native-country,JS_Divergence,0.024645,0.024645,,feature_fidelity,Generators/Other GANS/3. Adult census_other GAN.ipynb
3. Adult,CTABGAN,occupation,JS_Divergence,0.018918,0.018918,,feature_fidelity,Generators/Other GANS/3. Adult census_other GAN.ipynb
3. Adult,CTABGAN,education,JS_Divergence,0.018745,0.018745,,feature_fidelity,Generators/Other GANS/3. Adult census_other GAN.ipynb
3. Adult,CTABGAN,workclass,JS_Divergence,0.007992,0.007992,,feature_fidelity,Generators/Other GANS/3. Adult census_other GAN.ipynb
3. Adult,CTABGAN,sex,JS_Divergence,0.005356,0.005356,,feature_fidelity,Generators/Other GANS/3. Adult census_other GAN.ipynb
3. Adult,CTABGAN,race,JS_Divergence,0.001353,0.001353,,feature_fidelity,Generators/Other GANS/3. Adult census_other GAN.ipynb
3. Adult,WGAN_GP,capital-loss,JS_Divergence,0.903478,0.903478,,feature_fidelity,Generators/Other GANS/3. Adult census_other GAN.ipynb
3. Adult,WGAN_GP,capital-gain,JS_Divergence,0.893067,0.893067,,feature_fidelity,Generators/Other GANS/3. Adult census_other GAN.ipynb
3. Adult,WGAN_GP,native-country,JS_Divergence,0.650227,0.650227,,feature_fidelity,Generators/Other GANS/3. Adult census_other GAN.ipynb
3. Adult,WGAN_GP,hours-per-week,JS_Divergence,0.276317,0.276317,,feature_fidelity,Generators/Other GANS/3. Adult census_other GAN.ipynb
3. Adult,WGAN_GP,workclass,JS_Divergence,0.261051,0.261051,,feature_fidelity,Generators/Other GANS/3. Adult census_other GAN.ipynb
3. Adult,WGAN_GP,marital-status,JS_Divergence,0.25162,0.25162,,feature_fidelity,Generators/Other GANS/3. Adult census_other GAN.ipynb
3. Adult,TabDDPM,income,KS_Complement,0.994,0.994,,feature_fidelity,Generators/Diffusion GANs/3. Adult census_diffusion.ipynb
3. Adult,TabDDPM,sex,KS_Complement,0.766,0.766,,feature_fidelity,Generators/Diffusion GANs/3. Adult census_diffusion.ipynb
3. Adult,TabDDPM,capital-gain,KS_Complement,0.593,0.593,,feature_fidelity,Generators/Diffusion GANs/3. Adult census_diffusion.ipynb
3. Adult,TabDDPM,age,KS_Complement,0.5,0.5,,feature_fidelity,Generators/Diffusion GANs/3. Adult census_diffusion.ipynb
3. Adult,TabDDPM,education-num,KS_Complement,0.472,0.472,,feature_fidelity,Generators/Diffusion GANs/3. Adult census_diffusion.ipynb
3. Adult,TabDDPM,capital-loss,KS_Complement,0.452,0.452,,feature_fidelity,Generators/Diffusion GANs/3. Adult census_diffusion.ipynb
3. Adult,TabDDPM,hours-per-week,KS_Complement,0.434,0.434,,feature_fidelity,Generators/Diffusion GANs/3. Adult census_diffusion.ipynb
3. Adult,TabDDPM,fnlwgt,KS_Complement,0.403,0.403,,feature_fidelity,Generators/Diffusion GANs/3. Adult census_diffusion.ipynb
3. Adult,TabDDPM,relationship,KS_Complement,0.368,0.368,,feature_fidelity,Generators/Diffusion GANs/3. Adult census_diffusion.ipynb
3. Adult,TabDDPM,occupation,KS_Complement,0.358,0.358,,feature_fidelity,Generators/Diffusion GANs/3. Adult census_diffusion.ipynb
3. Adult,TabDDPM,race,KS_Complement,0.345,0.345,,feature_fidelity,Generators/Diffusion GANs/3. Adult census_diffusion.ipynb
3. Adult,TabDDPM,workclass,KS_Complement,0.101,0.101,,feature_fidelity,Generators/Diffusion GANs/3. Adult census_diffusion.ipynb
3. Adult,TabDDPM,education,KS_Complement,0.098,0.098,,feature_fidelity,Generators/Diffusion GANs/3. Adult census_diffusion.ipynb
3. Adult,TabDDPM,marital-status,KS_Complement,0.038,0.038,,feature_fidelity,Generators/Diffusion GANs/3. Adult census_diffusion.ipynb
3. Adult,TabDDPM,native-country,KS_Complement,0.007,0.007,,feature_fidelity,Generators/Diffusion GANs/3. Adult census_diffusion.ipynb
3. Adult,ForestDiffusion,race,KS_Complement,0.988,0.988,,feature_fidelity,Generators/Diffusion GANs/3. Adult census_diffusion.ipynb
3. Adult,ForestDiffusion,sex,KS_Complement,0.981,0.981,,feature_fidelity,Generators/Diffusion GANs/3. Adult census_diffusion.ipynb
3. Adult,ForestDiffusion,marital-status,KS_Complement,0.98,0.98,,feature_fidelity,Generators/Diffusion GANs/3. Adult census_diffusion.ipynb
3. Adult,ForestDiffusion,workclass,KS_Complement,0.971,0.971,,feature_fidelity,Generators/Diffusion GANs/3. Adult census_diffusion.ipynb
3. Adult,ForestDiffusion,income,KS_Complement,0.97,0.97,,feature_fidelity,Generators/Diffusion GANs/3. Adult census_diffusion.ipynb
3. Adult,TabDDPM,native-country,JS_Divergence,0.969914,0.969914,,feature_fidelity,Generators/Diffusion GANs/3. Adult census_diffusion.ipynb
3. Adult,TabDDPM,hours-per-week,JS_Divergence,0.927843,0.927843,,feature_fidelity,Generators/Diffusion GANs/3. Adult census_diffusion.ipynb
3. Adult,TabDDPM,education-num,JS_Divergence,0.882366,0.882366,,feature_fidelity,Generators/Diffusion GANs/3. Adult census_diffusion.ipynb
3. Adult,TabDDPM,marital-status,JS_Divergence,0.879256,0.879256,,feature_fidelity,Generators/Diffusion GANs/3. Adult census_diffusion.ipynb
3. Adult,TabDDPM,education,JS_Divergence,0.80059,0.80059,,feature_fidelity,Generators/Diffusion GANs/3. Adult census_diffusion.ipynb
3. Adult,TabDDPM,workclass,JS_Divergence,0.789259,0.789259,,feature_fidelity,Generators/Diffusion GANs/3. Adult census_diffusion.ipynb
3. Adult,TabDDPM,age,JS_Divergence,0.678863,0.678863,,feature_fidelity,Generators/Diffusion GANs/3. Adult census_diffusion.ipynb
3. Adult,TabDDPM,fnlwgt,JS_Divergence,0.675851,0.675851,,feature_fidelity,Generators/Diffusion GANs/3. Adult census_diffusion.ipynb
3. Adult,TabDDPM,occupation,JS_Divergence,0.505532,0.505532,,feature_fidelity,Generators/Diffusion GANs/3. Adult census_diffusion.ipynb
3. Adult,TabDDPM,relationship,JS_Divergence,0.471145,0.471145,,feature_fidelity,Generators/Diffusion GANs/3. Adult census_diffusion.ipynb
3. Adult,TabDDPM,race,JS_Divergence,0.362705,0.362705,,feature_fidelity,Generators/Diffusion GANs/3. Adult census_diffusion.ipynb
3. Adult,TabDDPM,capital-loss,JS_Divergence,0.347074,0.347074,,feature_fidelity,Generators/Diffusion GANs/3. Adult census_diffusion.ipynb
3. Adult,TabDDPM,capital-gain,JS_Divergence,0.257767,0.257767,,feature_fidelity,Generators/Diffusion GANs/3. Adult census_diffusion.ipynb
3. Adult,TabDDPM,sex,JS_Divergence,0.05955,0.05955,,feature_fidelity,Generators/Diffusion GANs/3. Adult census_diffusion.ipynb
3. Adult,ForestDiffusion,education,JS_Divergence,0.49456,0.49456,,feature_fidelity,Generators/Diffusion GANs/3. Adult census_diffusion.ipynb
3. Adult,ForestDiffusion,capital-gain,JS_Divergence,0.357909,0.357909,,feature_fidelity,Generators/Diffusion GANs/3. Adult census_diffusion.ipynb
3. Adult,ForestDiffusion,capital-loss,JS_Divergence,0.301671,0.301671,,feature_fidelity,Generators/Diffusion GANs/3. Adult census_diffusion.ipynb
3. Adult,ForestDiffusion,hours-per-week,JS_Divergence,0.21688,0.21688,,feature_fidelity,Generators/Diffusion GANs/3. Adult census_diffusion.ipynb
3. Adult,ForestDiffusion,education-num,JS_Divergence,0.183352,0.183352,,feature_fidelity,Generators/Diffusion GANs/3. Adult census_diffusion.ipynb
3. Adult,ForestDiffusion,native-country,JS_Divergence,0.029636,0.029636,,feature_fidelity,Generators/Diffusion GANs/3. Adult census_diffusion.ipynb
4. Forest cover dataset,CTABGAN,Soil_Type9,KS_Complement,1.0,1.0,,feature_fidelity,Generators/Other GANS/4_Forest_Cover_other_GAN.ipynb
4. Forest cover dataset,CTABGAN,Soil_Type8,KS_Complement,1.0,1.0,,feature_fidelity,Generators/Other GANS/4_Forest_Cover_other_GAN.ipynb
4. Forest cover dataset,CTABGAN,Soil_Type15,KS_Complement,1.0,1.0,,feature_fidelity,Generators/Other GANS/4_Forest_Cover_other_GAN.ipynb
4. Forest cover dataset,CTABGAN,Soil_Type25,KS_Complement,1.0,1.0,,feature_fidelity,Generators/Other GANS/4_Forest_Cover_other_GAN.ipynb
4. Forest cover dataset,CTABGAN,Soil_Type17,KS_Complement,0.999,0.999,,feature_fidelity,Generators/Other GANS/4_Forest_Cover_other_GAN.ipynb
4. Forest cover dataset,CTABGAN,Soil_Type16,KS_Complement,0.999,0.999,,feature_fidelity,Generators/Other GANS/4_Forest_Cover_other_GAN.ipynb
4. Forest cover dataset,CTABGAN,Soil_Type28,KS_Complement,0.999,0.999,,feature_fidelity,Generators/Other GANS/4_Forest_Cover_other_GAN.ipynb
4. Forest cover dataset,CTABGAN,Soil_Type35,KS_Complement,0.999,0.999,,feature_fidelity,Generators/Other GANS/4_Forest_Cover_other_GAN.ipynb
4. Forest cover dataset,CTABGAN,Soil_Type21,KS_Complement,0.999,0.999,,feature_fidelity,Generators/Other GANS/4_Forest_Cover_other_GAN.ipynb
4. Forest cover dataset,CTABGAN,Soil_Type27,KS_Complement,0.999,0.999,,feature_fidelity,Generators/Other GANS/4_Forest_Cover_other_GAN.ipynb
4. Forest cover dataset,CTABGAN,Soil_Type36,KS_Complement,0.999,0.999,,feature_fidelity,Generators/Other GANS/4_Forest_Cover_other_GAN.ipynb
4. Forest cover dataset,CTABGAN,Soil_Type38,KS_Complement,0.998,0.998,,feature_fidelity,Generators/Other GANS/4_Forest_Cover_other_GAN.ipynb
4. Forest cover dataset,CTABGAN,Soil_Type19,KS_Complement,0.998,0.998,,feature_fidelity,Generators/Other GANS/4_Forest_Cover_other_GAN.ipynb
4. Forest cover dataset,CTABGAN,Soil_Type3,KS_Complement,0.998,0.998,,feature_fidelity,Generators/Other GANS/4_Forest_Cover_other_GAN.ipynb
4. Forest cover dataset,CTABGAN,Soil_Type20,KS_Complement,0.997,0.997,,feature_fidelity,Generators/Other GANS/4_Forest_Cover_other_GAN.ipynb
4. Forest cover dataset,CTABGAN,Soil_Type1,KS_Complement,0.996,0.996,,feature_fidelity,Generators/Other GANS/4_Forest_Cover_other_GAN.ipynb
4. Forest cover dataset,CTABGAN,Soil_Type33,KS_Complement,0.996,0.996,,feature_fidelity,Generators/Other GANS/4_Forest_Cover_other_GAN.ipynb
4. Forest cover dataset,CTABGAN,Soil_Type34,KS_Complement,0.996,0.996,,feature_fidelity,Generators/Other GANS/4_Forest_Cover_other_GAN.ipynb
4. Forest cover dataset,CTABGAN,Soil_Type5,KS_Complement,0.995,0.995,,feature_fidelity,Generators/Other GANS/4_Forest_Cover_other_GAN.ipynb
4. Forest cover dataset,CTABGAN,Soil_Type26,KS_Complement,0.994,0.994,,feature_fidelity,Generators/Other GANS/4_Forest_Cover_other_GAN.ipynb
4. Forest cover dataset,CTABGAN,Elevation,JS_Divergence,0.23604,0.23604,,feature_fidelity,Generators/Other GANS/4_Forest_Cover_other_GAN.ipynb
4. Forest cover dataset,CTABGAN,Horizontal_Distance_To_Roadways,JS_Divergence,0.088221,0.088221,,feature_fidelity,Generators/Other GANS/4_Forest_Cover_other_GAN.ipynb
4. Forest cover dataset,CTABGAN,Vertical_Distance_To_Hydrology,JS_Divergence,0.087305,0.087305,,feature_fidelity,Generators/Other GANS/4_Forest_Cover_other_GAN.ipynb
4. Forest cover dataset,CTABGAN,Aspect,JS_Divergence,0.078046,0.078046,,feature_fidelity,Generators/Other GANS/4_Forest_Cover_other_GAN.ipynb
4. Forest cover dataset,CTABGAN,Hillshade_3pm,JS_Divergence,0.028944,0.028944,,feature_fidelity,Generators/Other GANS/4_Forest_Cover_other_GAN.ipynb
4. Forest cover dataset,CTABGAN,Hillshade_Noon,JS_Divergence,0.026045,0.026045,,feature_fidelity,Generators/Other GANS/4_Forest_Cover_other_GAN.ipynb
4. Forest cover dataset,CTABGAN,Slope,JS_Divergence,0.022178,0.022178,,feature_fidelity,Generators/Other GANS/4_Forest_Cover_other_GAN.ipynb
4. Forest cover dataset,CTABGAN,Hillshade_9am,JS_Divergence,0.01612,0.01612,,feature_fidelity,Generators/Other GANS/4_Forest_Cover_other_GAN.ipynb
4. Forest cover dataset,CTABGAN,Horizontal_Distance_To_Hydrology,JS_Divergence,0.015329,0.015329,,feature_fidelity,Generators/Other GANS/4_Forest_Cover_other_GAN.ipynb
4. Forest cover dataset,CTABGAN,Horizontal_Distance_To_Fire_Points,JS_Divergence,0.013872,0.013872,,feature_fidelity,Generators/Other GANS/4_Forest_Cover_other_GAN.ipynb
4. Forest cover dataset,CTABGAN,Wilderness_Area3,JS_Divergence,0.009419,0.009419,,feature_fidelity,Generators/Other GANS/4_Forest_Cover_other_GAN.ipynb
4. Forest cover dataset,CTABGAN,Wilderness_Area1,JS_Divergence,7.3e-05,7.3e-05,,feature_fidelity,Generators/Other GANS/4_Forest_Cover_other_GAN.ipynb
4. Forest cover dataset,CTABGAN,Soil_Type13,JS_Divergence,0.0,0.0,,feature_fidelity,Generators/Other GANS/4_Forest_Cover_other_GAN.ipynb
4. Forest cover dataset,CTABGAN,Soil_Type12,JS_Divergence,0.0,0.0,,feature_fidelity,Generators/Other GANS/4_Forest_Cover_other_GAN.ipynb
4. Forest cover dataset,CTABGAN,Soil_Type15,JS_Divergence,0.0,0.0,,feature_fidelity,Generators/Other GANS/4_Forest_Cover_other_GAN.ipynb
4. Forest cover dataset,CTABGAN,Soil_Type14,JS_Divergence,0.0,0.0,,feature_fidelity,Generators/Other GANS/4_Forest_Cover_other_GAN.ipynb
4. Forest cover dataset,CTABGAN,Soil_Type2,JS_Divergence,0.0,0.0,,feature_fidelity,Generators/Other GANS/4_Forest_Cover_other_GAN.ipynb
4. Forest cover dataset,CTABGAN,Soil_Type3,JS_Divergence,0.0,0.0,,feature_fidelity,Generators/Other GANS/4_Forest_Cover_other_GAN.ipynb
4. Forest cover dataset,CTABGAN,Soil_Type4,JS_Divergence,0.0,0.0,,feature_fidelity,Generators/Other GANS/4_Forest_Cover_other_GAN.ipynb
4. Forest cover dataset,CTABGAN,Soil_Type5,JS_Divergence,0.0,0.0,,feature_fidelity,Generators/Other GANS/4_Forest_Cover_other_GAN.ipynb
4. Forest cover dataset,TabDDPM,Cover_Type,KS_Complement,0.979,0.979,,feature_fidelity,Generators/Diffusion GANs/4_Forest_Cover_diffusion.ipynb
4. Forest cover dataset,TabDDPM,Horizontal_Distance_To_Roadways,KS_Complement,0.499,0.499,,feature_fidelity,Generators/Diffusion GANs/4_Forest_Cover_diffusion.ipynb
4. Forest cover dataset,TabDDPM,Slope,KS_Complement,0.498,0.498,,feature_fidelity,Generators/Diffusion GANs/4_Forest_Cover_diffusion.ipynb
4. Forest cover dataset,TabDDPM,Elevation,KS_Complement,0.493,0.493,,feature_fidelity,Generators/Diffusion GANs/4_Forest_Cover_diffusion.ipynb
4. Forest cover dataset,TabDDPM,Vertical_Distance_To_Hydrology,KS_Complement,0.488,0.488,,feature_fidelity,Generators/Diffusion GANs/4_Forest_Cover_diffusion.ipynb
4. Forest cover dataset,TabDDPM,Aspect,KS_Complement,0.482,0.482,,feature_fidelity,Generators/Diffusion GANs/4_Forest_Cover_diffusion.ipynb
4. Forest cover dataset,TabDDPM,Hillshade_3pm,KS_Complement,0.48,0.48,,feature_fidelity,Generators/Diffusion GANs/4_Forest_Cover_diffusion.ipynb
4. Forest cover dataset,TabDDPM,Hillshade_9am,KS_Complement,0.472,0.472,,feature_fidelity,Generators/Diffusion GANs/4_Forest_Cover_diffusion.ipynb
4. Forest cover dataset,TabDDPM,Hillshade_Noon,KS_Complement,0.457,0.457,,feature_fidelity,Generators/Diffusion GANs/4_Forest_Cover_diffusion.ipynb
4. Forest cover dataset,TabDDPM,Horizontal_Distance_To_Fire_Points,KS_Complement,0.456,0.456,,feature_fidelity,Generators/Diffusion GANs/4_Forest_Cover_diffusion.ipynb
4. Forest cover dataset,TabDDPM,Horizontal_Distance_To_Hydrology,KS_Complement,0.435,0.435,,feature_fidelity,Generators/Diffusion GANs/4_Forest_Cover_diffusion.ipynb
4. Forest cover dataset,TabDDPM,Soil_Type13,KS_Complement,0.0,0.0,,feature_fidelity,Generators/Diffusion GANs/4_Forest_Cover_diffusion.ipynb
4. Forest cover dataset,TabDDPM,Soil_Type2,KS_Complement,0.0,0.0,,feature_fidelity,Generators/Diffusion GANs/4_Forest_Cover_diffusion.ipynb
4. Forest cover dataset,TabDDPM,Soil_Type1,KS_Complement,0.0,0.0,,feature_fidelity,Generators/Diffusion GANs/4_Forest_Cover_diffusion.ipynb
4. Forest cover dataset,TabDDPM,Wilderness_Area1,KS_Complement,0.0,0.0,,feature_fidelity,Generators/Diffusion GANs/4_Forest_Cover_diffusion.ipynb
4. Forest cover dataset,TabDDPM,Soil_Type5,KS_Complement,0.0,0.0,,feature_fidelity,Generators/Diffusion GANs/4_Forest_Cover_diffusion.ipynb
4. Forest cover dataset,TabDDPM,Soil_Type6,KS_Complement,0.0,0.0,,feature_fidelity,Generators/Diffusion GANs/4_Forest_Cover_diffusion.ipynb
4. Forest cover dataset,TabDDPM,Soil_Type7,KS_Complement,0.0,0.0,,feature_fidelity,Generators/Diffusion GANs/4_Forest_Cover_diffusion.ipynb
4. Forest cover dataset,TabDDPM,Soil_Type12,KS_Complement,0.0,0.0,,feature_fidelity,Generators/Diffusion GANs/4_Forest_Cover_diffusion.ipynb
4. Forest cover dataset,TabDDPM,Soil_Type11,KS_Complement,0.0,0.0,,feature_fidelity,Generators/Diffusion GANs/4_Forest_Cover_diffusion.ipynb
4. Forest cover dataset,TabDDPM,Vertical_Distance_To_Hydrology,JS_Divergence,0.936194,0.936194,,feature_fidelity,Generators/Diffusion GANs/4_Forest_Cover_diffusion.ipynb
4. Forest cover dataset,TabDDPM,Elevation,JS_Divergence,0.928193,0.928193,,feature_fidelity,Generators/Diffusion GANs/4_Forest_Cover_diffusion.ipynb
4. Forest cover dataset,TabDDPM,Hillshade_3pm,JS_Divergence,0.874489,0.874489,,feature_fidelity,Generators/Diffusion GANs/4_Forest_Cover_diffusion.ipynb
4. Forest cover dataset,TabDDPM,Slope,JS_Divergence,0.734322,0.734322,,feature_fidelity,Generators/Diffusion GANs/4_Forest_Cover_diffusion.ipynb
4. Forest cover dataset,TabDDPM,Hillshade_9am,JS_Divergence,0.70081,0.70081,,feature_fidelity,Generators/Diffusion GANs/4_Forest_Cover_diffusion.ipynb
4. Forest cover dataset,TabDDPM,Horizontal_Distance_To_Fire_Points,JS_Divergence,0.677258,0.677258,,feature_fidelity,Generators/Diffusion GANs/4_Forest_Cover_diffusion.ipynb
4. Forest cover dataset,TabDDPM,Horizontal_Distance_To_Roadways,JS_Divergence,0.631303,0.631303,,feature_fidelity,Generators/Diffusion GANs/4_Forest_Cover_diffusion.ipynb
4. Forest cover dataset,TabDDPM,Hillshade_Noon,JS_Divergence,0.627868,0.627868,,feature_fidelity,Generators/Diffusion GANs/4_Forest_Cover_diffusion.ipynb
4. Forest cover dataset,TabDDPM,Horizontal_Distance_To_Hydrology,JS_Divergence,0.553702,0.553702,,feature_fidelity,Generators/Diffusion GANs/4_Forest_Cover_diffusion.ipynb
4. Forest cover dataset,TabDDPM,Aspect,JS_Divergence,0.411071,0.411071,,feature_fidelity,Generators/Diffusion GANs/4_Forest_Cover_diffusion.ipynb
4. Forest cover dataset,TabDDPM,Soil_Type14,JS_Divergence,0.353929,0.353929,,feature_fidelity,Generators/Diffusion GANs/4_Forest_Cover_diffusion.ipynb
4. Forest cover dataset,TabDDPM,Soil_Type35,JS_Divergence,0.334645,0.334645,,feature_fidelity,Generators/Diffusion GANs/4_Forest_Cover_diffusion.ipynb
4. Forest cover dataset,TabDDPM,Soil_Type17,JS_Divergence,0.301975,0.301975,,feature_fidelity,Generators/Diffusion GANs/4_Forest_Cover_diffusion.ipynb
4. Forest cover dataset,TabDDPM,Soil_Type3,JS_Divergence,0.298587,0.298587,,feature_fidelity,Generators/Diffusion GANs/4_Forest_Cover_diffusion.ipynb
4. Forest cover dataset,TabDDPM,Soil_Type1,JS_Divergence,0.295715,0.295715,,feature_fidelity,Generators/Diffusion GANs/4_Forest_Cover_diffusion.ipynb
4. Forest cover dataset,TabDDPM,Soil_Type11,JS_Divergence,0.281443,0.281443,,feature_fidelity,Generators/Diffusion GANs/4_Forest_Cover_diffusion.ipynb
4. Forest cover dataset,TabDDPM,Soil_Type38,JS_Divergence,0.26707,0.26707,,feature_fidelity,Generators/Diffusion GANs/4_Forest_Cover_diffusion.ipynb
4. Forest cover dataset,TabDDPM,Soil_Type40,JS_Divergence,0.258427,0.258427,,feature_fidelity,Generators/Diffusion GANs/4_Forest_Cover_diffusion.ipynb
4. Forest cover dataset,TabDDPM,Soil_Type39,JS_Divergence,0.255498,0.255498,,feature_fidelity,Generators/Diffusion GANs/4_Forest_Cover_diffusion.ipynb
4. Forest cover dataset,TabDDPM,Soil_Type13,JS_Divergence,0.236985,0.236985,,feature_fidelity,Generators/Diffusion GANs/4_Forest_Cover_diffusion.ipynb
5. Bank Markting,CTABGAN,education,KS_Complement,0.980473,0.980473,,feature_fidelity,Generators/Other GANS/5. Bank marketing_other GAN.ipynb
5. Bank Markting,CTABGAN,default,KS_Complement,0.977,0.977,,feature_fidelity,Generators/Other GANS/5. Bank marketing_other GAN.ipynb
5. Bank Markting,CTABGAN,job,KS_Complement,0.971483,0.971483,,feature_fidelity,Generators/Other GANS/5. Bank marketing_other GAN.ipynb
5. Bank Markting,CTABGAN,marital,KS_Complement,0.952,0.952,,feature_fidelity,Generators/Other GANS/5. Bank marketing_other GAN.ipynb
5. Bank Markting,CTABGAN,y,KS_Complement,0.952,0.952,,feature_fidelity,Generators/Other GANS/5. Bank marketing_other GAN.ipynb
5. Bank Markting,CTABGAN,contact,KS_Complement,0.947638,0.947638,,feature_fidelity,Generators/Other GANS/5. Bank marketing_other GAN.ipynb
5. Bank Markting,CTABGAN,poutcome,KS_Complement,0.946771,0.946771,,feature_fidelity,Generators/Other GANS/5. Bank marketing_other GAN.ipynb
5. Bank Markting,CTABGAN,loan,KS_Complement,0.931,0.931,,feature_fidelity,Generators/Other GANS/5. Bank marketing_other GAN.ipynb
5. Bank Markting,CTABGAN,month,KS_Complement,0.916,0.916,,feature_fidelity,Generators/Other GANS/5. Bank marketing_other GAN.ipynb
5. Bank Markting,CTABGAN,day_of_week,KS_Complement,0.893,0.893,,feature_fidelity,Generators/Other GANS/5. Bank marketing_other GAN.ipynb
5. Bank Markting,CTABGAN,housing,KS_Complement,0.886,0.886,,feature_fidelity,Generators/Other GANS/5. Bank marketing_other GAN.ipynb
5. Bank Markting,CTABGAN,campaign,KS_Complement,0.869,0.869,,feature_fidelity,Generators/Other GANS/5. Bank marketing_other GAN.ipynb
5. Bank Markting,CTABGAN,previous,KS_Complement,0.862,0.862,,feature_fidelity,Generators/Other GANS/5. Bank marketing_other GAN.ipynb
5. Bank Markting,CTABGAN,duration,KS_Complement,0.842,0.842,,feature_fidelity,Generators/Other GANS/5. Bank marketing_other GAN.ipynb
5. Bank Markting,CTABGAN,balance,KS_Complement,0.777,0.777,,feature_fidelity,Generators/Other GANS/5. Bank marketing_other GAN.ipynb
5. Bank Markting,CTABGAN,pdays,KS_Complement,0.765,0.765,,feature_fidelity,Generators/Other GANS/5. Bank marketing_other GAN.ipynb
5. Bank Markting,CTABGAN,age,KS_Complement,0.752,0.752,,feature_fidelity,Generators/Other GANS/5. Bank marketing_other GAN.ipynb
5. Bank Markting,WGAN_GP,default,KS_Complement,0.994,0.994,,feature_fidelity,Generators/Other GANS/5. Bank marketing_other GAN.ipynb
5. Bank Markting,WGAN_GP,y,KS_Complement,0.939,0.939,,feature_fidelity,Generators/Other GANS/5. Bank marketing_other GAN.ipynb
5. Bank Markting,WGAN_GP,day_of_week,KS_Complement,0.932,0.932,,feature_fidelity,Generators/Other GANS/5. Bank marketing_other GAN.ipynb
5. Bank Markting,CTABGAN,pdays,JS_Divergence,0.311972,0.311972,,feature_fidelity,Generators/Other GANS/5. Bank marketing_other GAN.ipynb
5. Bank Markting,CTABGAN,age,JS_Divergence,0.151227,0.151227,,feature_fidelity,Generators/Other GANS/5. Bank marketing_other GAN.ipynb
5. Bank Markting,CTABGAN,balance,JS_Divergence,0.095586,0.095586,,feature_fidelity,Generators/Other GANS/5. Bank marketing_other GAN.ipynb
5. Bank Markting,CTABGAN,duration,JS_Divergence,0.05312,0.05312,,feature_fidelity,Generators/Other GANS/5. Bank marketing_other GAN.ipynb
5. Bank Markting,CTABGAN,poutcome,JS_Divergence,0.03747,0.03747,,feature_fidelity,Generators/Other GANS/5. Bank marketing_other GAN.ipynb
5. Bank Markting,CTABGAN,campaign,JS_Divergence,0.033534,0.033534,,feature_fidelity,Generators/Other GANS/5. Bank marketing_other GAN.ipynb
5. Bank Markting,CTABGAN,day_of_week,JS_Divergence,0.017988,0.017988,,feature_fidelity,Generators/Other GANS/5. Bank marketing_other GAN.ipynb
5. Bank Markting,CTABGAN,housing,JS_Divergence,0.009409,0.009409,,feature_fidelity,Generators/Other GANS/5. Bank marketing_other GAN.ipynb
5. Bank Markting,CTABGAN,month,JS_Divergence,0.009305,0.009305,,feature_fidelity,Generators/Other GANS/5. Bank marketing_other GAN.ipynb
5. Bank Markting,CTABGAN,default,JS_Divergence,0.00603,0.00603,,feature_fidelity,Generators/Other GANS/5. Bank marketing_other GAN.ipynb
5. Bank Markting,CTABGAN,loan,JS_Divergence,0.005993,0.005993,,feature_fidelity,Generators/Other GANS/5. Bank marketing_other GAN.ipynb
5. Bank Markting,CTABGAN,contact,JS_Divergence,0.004258,0.004258,,feature_fidelity,Generators/Other GANS/5. Bank marketing_other GAN.ipynb
5. Bank Markting,CTABGAN,marital,JS_Divergence,0.003334,0.003334,,feature_fidelity,Generators/Other GANS/5. Bank marketing_other GAN.ipynb
5. Bank Markting,CTABGAN,education,JS_Divergence,0.002779,0.002779,,feature_fidelity,Generators/Other GANS/5. Bank marketing_other GAN.ipynb
5. Bank Markting,CTABGAN,job,JS_Divergence,0.00213,0.00213,,feature_fidelity,Generators/Other GANS/5. Bank marketing_other GAN.ipynb
5. Bank Markting,CTABGAN,previous,JS_Divergence,0.0,0.0,,feature_fidelity,Generators/Other GANS/5. Bank marketing_other GAN.ipynb
5. Bank Markting,WGAN_GP,poutcome,JS_Divergence,0.720103,0.720103,,feature_fidelity,Generators/Other GANS/5. Bank marketing_other GAN.ipynb
5. Bank Markting,WGAN_GP,pdays,JS_Divergence,0.684731,0.684731,,feature_fidelity,Generators/Other GANS/5. Bank marketing_other GAN.ipynb
5. Bank Markting,WGAN_GP,previous,JS_Divergence,0.466329,0.466329,,feature_fidelity,Generators/Other GANS/5. Bank marketing_other GAN.ipynb
5. Bank Markting,WGAN_GP,balance,JS_Divergence,0.283662,0.283662,,feature_fidelity,Generators/Other GANS/5. Bank marketing_other GAN.ipynb
5. Bank Markting,TabDDPM,y,KS_Complement,0.991,0.991,,feature_fidelity,Generators/Diffusion GANs/5. Bank marketing_diffusion.ipynb
5. Bank Markting,TabDDPM,education,KS_Complement,0.572634,0.572634,,feature_fidelity,Generators/Diffusion GANs/5. Bank marketing_diffusion.ipynb
5. Bank Markting,TabDDPM,previous,KS_Complement,0.528,0.528,,feature_fidelity,Generators/Diffusion GANs/5. Bank marketing_diffusion.ipynb
5. Bank Markting,TabDDPM,pdays,KS_Complement,0.525,0.525,,feature_fidelity,Generators/Diffusion GANs/5. Bank marketing_diffusion.ipynb
5. Bank Markting,TabDDPM,campaign,KS_Complement,0.516,0.516,,feature_fidelity,Generators/Diffusion GANs/5. Bank marketing_diffusion.ipynb
5. Bank Markting,TabDDPM,day_of_week,KS_Complement,0.506,0.506,,feature_fidelity,Generators/Diffusion GANs/5. Bank marketing_diffusion.ipynb
5. Bank Markting,TabDDPM,loan,KS_Complement,0.5,0.5,,feature_fidelity,Generators/Diffusion GANs/5. Bank marketing_diffusion.ipynb
5. Bank Markting,TabDDPM,housing,KS_Complement,0.475,0.475,,feature_fidelity,Generators/Diffusion GANs/5. Bank marketing_diffusion.ipynb
5. Bank Markting,TabDDPM,balance,KS_Complement,0.438,0.438,,feature_fidelity,Generators/Diffusion GANs/5. Bank marketing_diffusion.ipynb
5. Bank Markting,TabDDPM,marital,KS_Complement,0.419,0.419,,feature_fidelity,Generators/Diffusion GANs/5. Bank marketing_diffusion.ipynb
5. Bank Markting,TabDDPM,job,KS_Complement,0.353179,0.353179,,feature_fidelity,Generators/Diffusion GANs/5. Bank marketing_diffusion.ipynb
5. Bank Markting,TabDDPM,poutcome,KS_Complement,0.287895,0.287895,,feature_fidelity,Generators/Diffusion GANs/5. Bank marketing_diffusion.ipynb
5. Bank Markting,TabDDPM,age,KS_Complement,0.244,0.244,,feature_fidelity,Generators/Diffusion GANs/5. Bank marketing_diffusion.ipynb
5. Bank Markting,TabDDPM,month,KS_Complement,0.199,0.199,,feature_fidelity,Generators/Diffusion GANs/5. Bank marketing_diffusion.ipynb
5. Bank Markting,TabDDPM,duration,KS_Complement,0.116,0.116,,feature_fidelity,Generators/Diffusion GANs/5. Bank marketing_diffusion.ipynb
5. Bank Markting,TabDDPM,default,KS_Complement,0.097,0.097,,feature_fidelity,Generators/Diffusion GANs/5. Bank marketing_diffusion.ipynb
5. Bank Markting,TabDDPM,contact,KS_Complement,0.009,0.009,,feature_fidelity,Generators/Diffusion GANs/5. Bank marketing_diffusion.ipynb
5. Bank Markting,ForestDiffusion,default,KS_Complement,0.995,0.995,,feature_fidelity,Generators/Diffusion GANs/5. Bank marketing_diffusion.ipynb
5. Bank Markting,ForestDiffusion,y,KS_Complement,0.995,0.995,,feature_fidelity,Generators/Diffusion GANs/5. Bank marketing_diffusion.ipynb
5. Bank Markting,ForestDiffusion,loan,KS_Complement,0.982,0.982,,feature_fidelity,Generators/Diffusion GANs/5. Bank marketing_diffusion.ipynb
5. Bank Markting,TabDDPM,age,JS_Divergence,0.94879,0.94879,,feature_fidelity,Generators/Diffusion GANs/5. Bank marketing_diffusion.ipynb
5. Bank Markting,TabDDPM,duration,JS_Divergence,0.850737,0.850737,,feature_fidelity,Generators/Diffusion GANs/5. Bank marketing_diffusion.ipynb
5. Bank Markting,TabDDPM,poutcome,JS_Divergence,0.75787,0.75787,,feature_fidelity,Generators/Diffusion GANs/5. Bank marketing_diffusion.ipynb
5. Bank Markting,TabDDPM,default,JS_Divergence,0.748425,0.748425,,feature_fidelity,Generators/Diffusion GANs/5. Bank marketing_diffusion.ipynb
5. Bank Markting,TabDDPM,balance,JS_Divergence,0.696321,0.696321,,feature_fidelity,Generators/Diffusion GANs/5. Bank marketing_diffusion.ipynb
5. Bank Markting,TabDDPM,month,JS_Divergence,0.611824,0.611824,,feature_fidelity,Generators/Diffusion GANs/5. Bank marketing_diffusion.ipynb
5. Bank Markting,TabDDPM,day_of_week,JS_Divergence,0.511695,0.511695,,feature_fidelity,Generators/Diffusion GANs/5. Bank marketing_diffusion.ipynb
5. Bank Markting,TabDDPM,job,JS_Divergence,0.478917,0.478917,,feature_fidelity,Generators/Diffusion GANs/5. Bank marketing_diffusion.ipynb
5. Bank Markting,TabDDPM,contact,JS_Divergence,0.466198,0.466198,,feature_fidelity,Generators/Diffusion GANs/5. Bank marketing_diffusion.ipynb
5. Bank Markting,TabDDPM,campaign,JS_Divergence,0.417972,0.417972,,feature_fidelity,Generators/Diffusion GANs/5. Bank marketing_diffusion.ipynb
5. Bank Markting,TabDDPM,pdays,JS_Divergence,0.350073,0.350073,,feature_fidelity,Generators/Diffusion GANs/5. Bank marketing_diffusion.ipynb
5. Bank Markting,TabDDPM,previous,JS_Divergence,0.348466,0.348466,,feature_fidelity,Generators/Diffusion GANs/5. Bank marketing_diffusion.ipynb
5. Bank Markting,TabDDPM,marital,JS_Divergence,0.344244,0.344244,,feature_fidelity,Generators/Diffusion GANs/5. Bank marketing_diffusion.ipynb
5. Bank Markting,TabDDPM,housing,JS_Divergence,0.301291,0.301291,,feature_fidelity,Generators/Diffusion GANs/5. Bank marketing_diffusion.ipynb
5. Bank Markting,TabDDPM,education,JS_Divergence,0.283184,0.283184,,feature_fidelity,Generators/Diffusion GANs/5. Bank marketing_diffusion.ipynb
5. Bank Markting,TabDDPM,loan,JS_Divergence,0.201339,0.201339,,feature_fidelity,Generators/Diffusion GANs/5. Bank marketing_diffusion.ipynb
5. Bank Markting,ForestDiffusion,previous,JS_Divergence,0.379046,0.379046,,feature_fidelity,Generators/Diffusion GANs/5. Bank marketing_diffusion.ipynb
5. Bank Markting,ForestDiffusion,pdays,JS_Divergence,0.369522,0.369522,,feature_fidelity,Generators/Diffusion GANs/5. Bank marketing_diffusion.ipynb
5. Bank Markting,ForestDiffusion,campaign,JS_Divergence,0.255868,0.255868,,feature_fidelity,Generators/Diffusion GANs/5. Bank marketing_diffusion.ipynb
5. Bank Markting,ForestDiffusion,balance,JS_Divergence,0.07696,0.07696,,feature_fidelity,Generators/Diffusion GANs/5. Bank marketing_diffusion.ipynb
6. Wine dataset,CTGAN,volatile_acidity,KS_Complement,0.945052,0.945052,,feature_fidelity,Generators/SDV models/6. Wine quality.ipynb
6. Wine dataset,CTGAN,total_sulfur_dioxide,KS_Complement,0.941204,0.941204,,feature_fidelity,Generators/SDV models/6. Wine quality.ipynb
6. Wine dataset,CTGAN,chlorides,KS_Complement,0.907804,0.907804,,feature_fidelity,Generators/SDV models/6. Wine quality.ipynb
6. Wine dataset,CTGAN,citric_acid,KS_Complement,0.900416,0.900416,,feature_fidelity,Generators/SDV models/6. Wine quality.ipynb
6. Wine dataset,CTGAN,pH,KS_Complement,0.898107,0.898107,,feature_fidelity,Generators/SDV models/6. Wine quality.ipynb
6. Wine dataset,CTGAN,sulphates,KS_Complement,0.895798,0.895798,,feature_fidelity,Generators/SDV models/6. Wine quality.ipynb
6. Wine dataset,CTGAN,density,KS_Complement,0.891642,0.891642,,feature_fidelity,Generators/SDV models/6. Wine quality.ipynb
6. Wine dataset,CTGAN,free_sulfur_dioxide,KS_Complement,0.874404,0.874404,,feature_fidelity,Generators/SDV models/6. Wine quality.ipynb
6. Wine dataset,CTGAN,alcohol,KS_Complement,0.861628,0.861628,,feature_fidelity,Generators/SDV models/6. Wine quality.ipynb
6. Wine dataset,CTGAN,residual_sugar,KS_Complement,0.841927,0.841927,,feature_fidelity,Generators/SDV models/6. Wine quality.ipynb
6. Wine dataset,CTGAN,fixed_acidity,KS_Complement,0.794059,0.794059,,feature_fidelity,Generators/SDV models/6. Wine quality.ipynb
6. Wine dataset,CTGAN,quality,KS_Complement,0.648145,0.648145,,feature_fidelity,Generators/SDV models/6. Wine quality.ipynb
6. Wine dataset,CopulaGAN,chlorides,KS_Complement,0.954133,0.954133,,feature_fidelity,Generators/SDV models/6. Wine quality.ipynb
6. Wine dataset,CopulaGAN,alcohol,KS_Complement,0.933354,0.933354,,feature_fidelity,Generators/SDV models/6. Wine quality.ipynb
6. Wine dataset,CopulaGAN,sulphates,KS_Complement,0.928429,0.928429,,feature_fidelity,Generators/SDV models/6. Wine quality.ipynb
6. Wine dataset,CopulaGAN,citric_acid,KS_Complement,0.919655,0.919655,,feature_fidelity,Generators/SDV models/6. Wine quality.ipynb
6. Wine dataset,CopulaGAN,density,KS_Complement,0.91827,0.91827,,feature_fidelity,Generators/SDV models/6. Wine quality.ipynb
6. Wine dataset,CopulaGAN,volatile_acidity,KS_Complement,0.916577,0.916577,,feature_fidelity,Generators/SDV models/6. Wine quality.ipynb
6. Wine dataset,CopulaGAN,pH,KS_Complement,0.900416,0.900416,,feature_fidelity,Generators/SDV models/6. Wine quality.ipynb
6. Wine dataset,CopulaGAN,residual_sugar,KS_Complement,0.900416,0.900416,,feature_fidelity,Generators/SDV models/6. Wine quality.ipynb
6. Wine dataset,CTGAN,quality,JS_Divergence,0.147344,0.147344,,feature_fidelity,Generators/SDV models/6. Wine quality.ipynb
6. Wine dataset,CTGAN,alcohol,JS_Divergence,0.062065,0.062065,,feature_fidelity,Generators/SDV models/6. Wine quality.ipynb
6. Wine dataset,CTGAN,fixed_acidity,JS_Divergence,0.052168,0.052168,,feature_fidelity,Generators/SDV models/6. Wine quality.ipynb
6. Wine dataset,CTGAN,density,JS_Divergence,0.051602,0.051602,,feature_fidelity,Generators/SDV models/6. Wine quality.ipynb
6. Wine dataset,CTGAN,citric_acid,JS_Divergence,0.041964,0.041964,,feature_fidelity,Generators/SDV models/6. Wine quality.ipynb
6. Wine dataset,CTGAN,chlorides,JS_Divergence,0.036972,0.036972,,feature_fidelity,Generators/SDV models/6. Wine quality.ipynb
6. Wine dataset,CTGAN,pH,JS_Divergence,0.033312,0.033312,,feature_fidelity,Generators/SDV models/6. Wine quality.ipynb
6. Wine dataset,CTGAN,free_sulfur_dioxide,JS_Divergence,0.030634,0.030634,,feature_fidelity,Generators/SDV models/6. Wine quality.ipynb
6. Wine dataset,CTGAN,residual_sugar,JS_Divergence,0.030143,0.030143,,feature_fidelity,Generators/SDV models/6. Wine quality.ipynb
6. Wine dataset,CTGAN,volatile_acidity,JS_Divergence,0.029782,0.029782,,feature_fidelity,Generators/SDV models/6. Wine quality.ipynb
6. Wine dataset,CTGAN,sulphates,JS_Divergence,0.020803,0.020803,,feature_fidelity,Generators/SDV models/6. Wine quality.ipynb
6. Wine dataset,CTGAN,total_sulfur_dioxide,JS_Divergence,0.016128,0.016128,,feature_fidelity,Generators/SDV models/6. Wine quality.ipynb
6. Wine dataset,CopulaGAN,quality,JS_Divergence,0.147395,0.147395,,feature_fidelity,Generators/SDV models/6. Wine quality.ipynb
6. Wine dataset,CopulaGAN,citric_acid,JS_Divergence,0.048075,0.048075,,feature_fidelity,Generators/SDV models/6. Wine quality.ipynb
6. Wine dataset,CopulaGAN,free_sulfur_dioxide,JS_Divergence,0.042532,0.042532,,feature_fidelity,Generators/SDV models/6. Wine quality.ipynb
6. Wine dataset,CopulaGAN,residual_sugar,JS_Divergence,0.04028,0.04028,,feature_fidelity,Generators/SDV models/6. Wine quality.ipynb
6. Wine dataset,CopulaGAN,alcohol,JS_Divergence,0.038032,0.038032,,feature_fidelity,Generators/SDV models/6. Wine quality.ipynb
6. Wine dataset,CopulaGAN,volatile_acidity,JS_Divergence,0.032892,0.032892,,feature_fidelity,Generators/SDV models/6. Wine quality.ipynb
6. Wine dataset,CopulaGAN,density,JS_Divergence,0.029974,0.029974,,feature_fidelity,Generators/SDV models/6. Wine quality.ipynb
6. Wine dataset,CopulaGAN,sulphates,JS_Divergence,0.029607,0.029607,,feature_fidelity,Generators/SDV models/6. Wine quality.ipynb
6. Wine dataset,CTABGAN,chlorides,KS_Complement,0.964,0.964,,feature_fidelity,Generators/Other GANS/6. Winequality_other GAN.ipynb
6. Wine dataset,CTABGAN,volatile_acidity,KS_Complement,0.96,0.96,,feature_fidelity,Generators/Other GANS/6. Winequality_other GAN.ipynb
6. Wine dataset,CTABGAN,sulphates,KS_Complement,0.956,0.956,,feature_fidelity,Generators/Other GANS/6. Winequality_other GAN.ipynb
6. Wine dataset,CTABGAN,free_sulfur_dioxide,KS_Complement,0.948,0.948,,feature_fidelity,Generators/Other GANS/6. Winequality_other GAN.ipynb
6. Wine dataset,CTABGAN,pH,KS_Complement,0.926,0.926,,feature_fidelity,Generators/Other GANS/6. Winequality_other GAN.ipynb
6. Wine dataset,CTABGAN,residual_sugar,KS_Complement,0.918,0.918,,feature_fidelity,Generators/Other GANS/6. Winequality_other GAN.ipynb
6. Wine dataset,CTABGAN,fixed_acidity,KS_Complement,0.903,0.903,,feature_fidelity,Generators/Other GANS/6. Winequality_other GAN.ipynb
6. Wine dataset,CTABGAN,density,KS_Complement,0.887,0.887,,feature_fidelity,Generators/Other GANS/6. Winequality_other GAN.ipynb
6. Wine dataset,CTABGAN,citric_acid,KS_Complement,0.866,0.866,,feature_fidelity,Generators/Other GANS/6. Winequality_other GAN.ipynb
6. Wine dataset,CTABGAN,total_sulfur_dioxide,KS_Complement,0.845,0.845,,feature_fidelity,Generators/Other GANS/6. Winequality_other GAN.ipynb
6. Wine dataset,CTABGAN,alcohol,KS_Complement,0.835,0.835,,feature_fidelity,Generators/Other GANS/6. Winequality_other GAN.ipynb
6. Wine dataset,CTABGAN,quality,KS_Complement,9.99999e-07,9.99999e-07,,feature_fidelity,Generators/Other GANS/6. Winequality_other GAN.ipynb
6. Wine dataset,WGAN_GP,free_sulfur_dioxide,KS_Complement,0.93,0.93,,feature_fidelity,Generators/Other GANS/6. Winequality_other GAN.ipynb
6. Wine dataset,WGAN_GP,alcohol,KS_Complement,0.888,0.888,,feature_fidelity,Generators/Other GANS/6. Winequality_other GAN.ipynb
6. Wine dataset,WGAN_GP,pH,KS_Complement,0.883,0.883,,feature_fidelity,Generators/Other GANS/6. Winequality_other GAN.ipynb
6. Wine dataset,WGAN_GP,fixed_acidity,KS_Complement,0.843,0.843,,feature_fidelity,Generators/Other GANS/6. Winequality_other GAN.ipynb
6. Wine dataset,WGAN_GP,density,KS_Complement,0.839,0.839,,feature_fidelity,Generators/Other GANS/6. Winequality_other GAN.ipynb
6. Wine dataset,WGAN_GP,citric_acid,KS_Complement,0.776,0.776,,feature_fidelity,Generators/Other GANS/6. Winequality_other GAN.ipynb
6. Wine dataset,WGAN_GP,volatile_acidity,KS_Complement,0.77,0.77,,feature_fidelity,Generators/Other GANS/6. Winequality_other GAN.ipynb
6. Wine dataset,WGAN_GP,total_sulfur_dioxide,KS_Complement,0.75,0.75,,feature_fidelity,Generators/Other GANS/6. Winequality_other GAN.ipynb
6. Wine dataset,CTABGAN,citric_acid,JS_Divergence,0.053522,0.053522,,feature_fidelity,Generators/Other GANS/6. Winequality_other GAN.ipynb
6. Wine dataset,CTABGAN,density,JS_Divergence,0.049313,0.049313,,feature_fidelity,Generators/Other GANS/6. Winequality_other GAN.ipynb
6. Wine dataset,CTABGAN,fixed_acidity,JS_Divergence,0.044164,0.044164,,feature_fidelity,Generators/Other GANS/6. Winequality_other GAN.ipynb
6. Wine dataset,CTABGAN,alcohol,JS_Divergence,0.036399,0.036399,,feature_fidelity,Generators/Other GANS/6. Winequality_other GAN.ipynb
6. Wine dataset,CTABGAN,pH,JS_Divergence,0.027727,0.027727,,feature_fidelity,Generators/Other GANS/6. Winequality_other GAN.ipynb
6. Wine dataset,CTABGAN,chlorides,JS_Divergence,0.02666,0.02666,,feature_fidelity,Generators/Other GANS/6. Winequality_other GAN.ipynb
6. Wine dataset,CTABGAN,total_sulfur_dioxide,JS_Divergence,0.025993,0.025993,,feature_fidelity,Generators/Other GANS/6. Winequality_other GAN.ipynb
6. Wine dataset,CTABGAN,sulphates,JS_Divergence,0.021082,0.021082,,feature_fidelity,Generators/Other GANS/6. Winequality_other GAN.ipynb
6. Wine dataset,CTABGAN,free_sulfur_dioxide,JS_Divergence,0.014873,0.014873,,feature_fidelity,Generators/Other GANS/6. Winequality_other GAN.ipynb
6. Wine dataset,CTABGAN,volatile_acidity,JS_Divergence,0.012458,0.012458,,feature_fidelity,Generators/Other GANS/6. Winequality_other GAN.ipynb
6. Wine dataset,CTABGAN,residual_sugar,JS_Divergence,0.012028,0.012028,,feature_fidelity,Generators/Other GANS/6. Winequality_other GAN.ipynb
6. Wine dataset,WGAN_GP,residual_sugar,JS_Divergence,0.21344,0.21344,,feature_fidelity,Generators/Other GANS/6. Winequality_other GAN.ipynb
6. Wine dataset,WGAN_GP,chlorides,JS_Divergence,0.188837,0.188837,,feature_fidelity,Generators/Other GANS/6. Winequality_other GAN.ipynb
6. Wine dataset,WGAN_GP,sulphates,JS_Divergence,0.124762,0.124762,,feature_fidelity,Generators/Other GANS/6. Winequality_other GAN.ipynb
6. Wine dataset,WGAN_GP,total_sulfur_dioxide,JS_Divergence,0.105694,0.105694,,feature_fidelity,Generators/Other GANS/6. Winequality_other GAN.ipynb
6. Wine dataset,WGAN_GP,volatile_acidity,JS_Divergence,0.09595,0.09595,,feature_fidelity,Generators/Other GANS/6. Winequality_other GAN.ipynb
6. Wine dataset,WGAN_GP,citric_acid,JS_Divergence,0.0948,0.0948,,feature_fidelity,Generators/Other GANS/6. Winequality_other GAN.ipynb
6. Wine dataset,WGAN_GP,fixed_acidity,JS_Divergence,0.061153,0.061153,,feature_fidelity,Generators/Other GANS/6. Winequality_other GAN.ipynb
6. Wine dataset,WGAN_GP,alcohol,JS_Divergence,0.054582,0.054582,,feature_fidelity,Generators/Other GANS/6. Winequality_other GAN.ipynb
6. Wine dataset,WGAN_GP,density,JS_Divergence,0.045311,0.045311,,feature_fidelity,Generators/Other GANS/6. Winequality_other GAN.ipynb
6. Wine dataset,TabDDPM,citric_acid,KS_Complement,0.872,0.872,,feature_fidelity,Generators/Diffusion GANs/6. Winequality_diffusion.ipynb
6. Wine dataset,TabDDPM,fixed_acidity,KS_Complement,0.854,0.854,,feature_fidelity,Generators/Diffusion GANs/6. Winequality_diffusion.ipynb
6. Wine dataset,TabDDPM,pH,KS_Complement,0.854,0.854,,feature_fidelity,Generators/Diffusion GANs/6. Winequality_diffusion.ipynb
6. Wine dataset,TabDDPM,sulphates,KS_Complement,0.854,0.854,,feature_fidelity,Generators/Diffusion GANs/6. Winequality_diffusion.ipynb
6. Wine dataset,TabDDPM,chlorides,KS_Complement,0.848,0.848,,feature_fidelity,Generators/Diffusion GANs/6. Winequality_diffusion.ipynb
6. Wine dataset,TabDDPM,residual_sugar,KS_Complement,0.838,0.838,,feature_fidelity,Generators/Diffusion GANs/6. Winequality_diffusion.ipynb
6. Wine dataset,TabDDPM,volatile_acidity,KS_Complement,0.83,0.83,,feature_fidelity,Generators/Diffusion GANs/6. Winequality_diffusion.ipynb
6. Wine dataset,TabDDPM,free_sulfur_dioxide,KS_Complement,0.824,0.824,,feature_fidelity,Generators/Diffusion GANs/6. Winequality_diffusion.ipynb
6. Wine dataset,TabDDPM,total_sulfur_dioxide,KS_Complement,0.817,0.817,,feature_fidelity,Generators/Diffusion GANs/6. Winequality_diffusion.ipynb
6. Wine dataset,TabDDPM,alcohol,KS_Complement,0.796,0.796,,feature_fidelity,Generators/Diffusion GANs/6. Winequality_diffusion.ipynb
6. Wine dataset,TabDDPM,density,KS_Complement,0.749,0.749,,feature_fidelity,Generators/Diffusion GANs/6. Winequality_diffusion.ipynb
6. Wine dataset,TabDDPM,quality,KS_Complement,6e-09,6e-09,,feature_fidelity,Generators/Diffusion GANs/6. Winequality_diffusion.ipynb
6. Wine dataset,ForestDiffusion,total_sulfur_dioxide,KS_Complement,0.958,0.958,,feature_fidelity,Generators/Diffusion GANs/6. Winequality_diffusion.ipynb
6. Wine dataset,ForestDiffusion,density,KS_Complement,0.955,0.955,,feature_fidelity,Generators/Diffusion GANs/6. Winequality_diffusion.ipynb
6. Wine dataset,ForestDiffusion,fixed_acidity,KS_Complement,0.943,0.943,,feature_fidelity,Generators/Diffusion GANs/6. Winequality_diffusion.ipynb
6. Wine dataset,ForestDiffusion,free_sulfur_dioxide,KS_Complement,0.938,0.938,,feature_fidelity,Generators/Diffusion GANs/6. Winequality_diffusion.ipynb
6. Wine dataset,ForestDiffusion,alcohol,KS_Complement,0.938,0.938,,feature_fidelity,Generators/Diffusion GANs/6. Winequality_diffusion.ipynb
6. Wine dataset,ForestDiffusion,sulphates,KS_Complement,0.935,0.935,,feature_fidelity,Generators/Diffusion GANs/6. Winequality_diffusion.ipynb
6. Wine dataset,ForestDiffusion,pH,KS_Complement,0.934,0.934,,feature_fidelity,Generators/Diffusion GANs/6. Winequality_diffusion.ipynb
6. Wine dataset,ForestDiffusion,volatile_acidity,KS_Complement,0.931,0.931,,feature_fidelity,Generators/Diffusion GANs/6. Winequality_diffusion.ipynb
6. Wine dataset,TabDDPM,density,JS_Divergence,0.172998,0.172998,,feature_fidelity,Generators/Diffusion GANs/6. Winequality_diffusion.ipynb
6. Wine dataset,TabDDPM,chlorides,JS_Divergence,0.157956,0.157956,,feature_fidelity,Generators/Diffusion GANs/6. Winequality_diffusion.ipynb
6. Wine dataset,TabDDPM,pH,JS_Divergence,0.157036,0.157036,,feature_fidelity,Generators/Diffusion GANs/6. Winequality_diffusion.ipynb
6. Wine dataset,TabDDPM,alcohol,JS_Divergence,0.156063,0.156063,,feature_fidelity,Generators/Diffusion GANs/6. Winequality_diffusion.ipynb
6. Wine dataset,TabDDPM,free_sulfur_dioxide,JS_Divergence,0.1548,0.1548,,feature_fidelity,Generators/Diffusion GANs/6. Winequality_diffusion.ipynb
6. Wine dataset,TabDDPM,sulphates,JS_Divergence,0.153292,0.153292,,feature_fidelity,Generators/Diffusion GANs/6. Winequality_diffusion.ipynb
6. Wine dataset,TabDDPM,volatile_acidity,JS_Divergence,0.134034,0.134034,,feature_fidelity,Generators/Diffusion GANs/6. Winequality_diffusion.ipynb
6. Wine dataset,TabDDPM,fixed_acidity,JS_Divergence,0.130371,0.130371,,feature_fidelity,Generators/Diffusion GANs/6. Winequality_diffusion.ipynb
6. Wine dataset,TabDDPM,citric_acid,JS_Divergence,0.109043,0.109043,,feature_fidelity,Generators/Diffusion GANs/6. Winequality_diffusion.ipynb
6. Wine dataset,TabDDPM,total_sulfur_dioxide,JS_Divergence,0.100831,0.100831,,feature_fidelity,Generators/Diffusion GANs/6. Winequality_diffusion.ipynb
6. Wine dataset,TabDDPM,residual_sugar,JS_Divergence,0.071153,0.071153,,feature_fidelity,Generators/Diffusion GANs/6. Winequality_diffusion.ipynb
6. Wine dataset,ForestDiffusion,chlorides,JS_Divergence,0.032906,0.032906,,feature_fidelity,Generators/Diffusion GANs/6. Winequality_diffusion.ipynb
6. Wine dataset,ForestDiffusion,citric_acid,JS_Divergence,0.032175,0.032175,,feature_fidelity,Generators/Diffusion GANs/6. Winequality_diffusion.ipynb
6. Wine dataset,ForestDiffusion,sulphates,JS_Divergence,0.029636,0.029636,,feature_fidelity,Generators/Diffusion GANs/6. Winequality_diffusion.ipynb
6. Wine dataset,ForestDiffusion,free_sulfur_dioxide,JS_Divergence,0.028607,0.028607,,feature_fidelity,Generators/Diffusion GANs/6. Winequality_diffusion.ipynb
6. Wine dataset,ForestDiffusion,volatile_acidity,JS_Divergence,0.023712,0.023712,,feature_fidelity,Generators/Diffusion GANs/6. Winequality_diffusion.ipynb
6. Wine dataset,ForestDiffusion,fixed_acidity,JS_Divergence,0.02324,0.02324,,feature_fidelity,Generators/Diffusion GANs/6. Winequality_diffusion.ipynb
6. Wine dataset,ForestDiffusion,total_sulfur_dioxide,JS_Divergence,0.018327,0.018327,,feature_fidelity,Generators/Diffusion GANs/6. Winequality_diffusion.ipynb
6. Wine dataset,ForestDiffusion,pH,JS_Divergence,0.017461,0.017461,,feature_fidelity,Generators/Diffusion GANs/6. Winequality_diffusion.ipynb
6. Wine dataset,ForestDiffusion,alcohol,JS_Divergence,0.016254,0.016254,,feature_fidelity,Generators/Diffusion GANs/6. Winequality_diffusion.ipynb
7. CDC diabetes dataset,CTGAN,DiffWalk,KS_Complement,0.9984,0.9984,,feature_fidelity,Generators/SDV models/7. Heart.ipynb
7. CDC diabetes dataset,CTGAN,Fruits,KS_Complement,0.989,0.989,,feature_fidelity,Generators/SDV models/7. Heart.ipynb
7. CDC diabetes dataset,CTGAN,NoDocbcCost,KS_Complement,0.985,0.985,,feature_fidelity,Generators/SDV models/7. Heart.ipynb
7. CDC diabetes dataset,CTGAN,Stroke,KS_Complement,0.9838,0.9838,,feature_fidelity,Generators/SDV models/7. Heart.ipynb
7. CDC diabetes dataset,CTGAN,Diabetes_binary,KS_Complement,0.9809,0.9809,,feature_fidelity,Generators/SDV models/7. Heart.ipynb
7. CDC diabetes dataset,CTGAN,AnyHealthcare,KS_Complement,0.959,0.959,,feature_fidelity,Generators/SDV models/7. Heart.ipynb
7. CDC diabetes dataset,CTGAN,Veggies,KS_Complement,0.9415,0.9415,,feature_fidelity,Generators/SDV models/7. Heart.ipynb
7. CDC diabetes dataset,CTGAN,Sex,KS_Complement,0.9389,0.9389,,feature_fidelity,Generators/SDV models/7. Heart.ipynb
7. CDC diabetes dataset,CTGAN,HeartDiseaseorAttack,KS_Complement,0.9387,0.9387,,feature_fidelity,Generators/SDV models/7. Heart.ipynb
7. CDC diabetes dataset,CTGAN,Smoker,KS_Complement,0.922,0.922,,feature_fidelity,Generators/SDV models/7. Heart.ipynb
7. CDC diabetes dataset,CTGAN,CholCheck,KS_Complement,0.921,0.921,,feature_fidelity,Generators/SDV models/7. Heart.ipynb
7. CDC diabetes dataset,CTGAN,PhysActivity,KS_Complement,0.9186,0.9186,,feature_fidelity,Generators/SDV models/7. Heart.ipynb
7. CDC diabetes dataset,CTGAN,HvyAlcoholConsump,KS_Complement,0.9097,0.9097,,feature_fidelity,Generators/SDV models/7. Heart.ipynb
7. CDC diabetes dataset,CTGAN,Income,KS_Complement,0.8902,0.8902,,feature_fidelity,Generators/SDV models/7. Heart.ipynb
7. CDC diabetes dataset,CTGAN,BMI,KS_Complement,0.8852,0.8852,,feature_fidelity,Generators/SDV models/7. Heart.ipynb
7. CDC diabetes dataset,CTGAN,Age,KS_Complement,0.8794,0.8794,,feature_fidelity,Generators/SDV models/7. Heart.ipynb
7. CDC diabetes dataset,CTGAN,MentHlth,KS_Complement,0.8605,0.8605,,feature_fidelity,Generators/SDV models/7. Heart.ipynb
7. CDC diabetes dataset,CTGAN,Education,KS_Complement,0.8503,0.8503,,feature_fidelity,Generators/SDV models/7. Heart.ipynb
7. CDC diabetes dataset,CTGAN,HighChol,KS_Complement,0.811,0.811,,feature_fidelity,Generators/SDV models/7. Heart.ipynb
7. CDC diabetes dataset,CTGAN,PhysHlth,KS_Complement,0.8093,0.8093,,feature_fidelity,Generators/SDV models/7. Heart.ipynb
7. CDC diabetes dataset,CTGAN,PhysHlth,JS_Divergence,0.07833,0.07833,,feature_fidelity,Generators/SDV models/7. Heart.ipynb
7. CDC diabetes dataset,CTGAN,GenHlth,JS_Divergence,0.053374,0.053374,,feature_fidelity,Generators/SDV models/7. Heart.ipynb
7. CDC diabetes dataset,CTGAN,HighBP,JS_Divergence,0.027619,0.027619,,feature_fidelity,Generators/SDV models/7. Heart.ipynb
7. CDC diabetes dataset,CTGAN,HighChol,JS_Divergence,0.02596,0.02596,,feature_fidelity,Generators/SDV models/7. Heart.ipynb
7. CDC diabetes dataset,CTGAN,BMI,JS_Divergence,0.024148,0.024148,,feature_fidelity,Generators/SDV models/7. Heart.ipynb
7. CDC diabetes dataset,CTGAN,Age,JS_Divergence,0.023873,0.023873,,feature_fidelity,Generators/SDV models/7. Heart.ipynb
7. CDC diabetes dataset,CTGAN,Income,JS_Divergence,0.021443,0.021443,,feature_fidelity,Generators/SDV models/7. Heart.ipynb
7. CDC diabetes dataset,CTGAN,Education,JS_Divergence,0.018302,0.018302,,feature_fidelity,Generators/SDV models/7. Heart.ipynb
7. CDC diabetes dataset,CTGAN,PhysActivity,JS_Divergence,0.005817,0.005817,,feature_fidelity,Generators/SDV models/7. Heart.ipynb
7. CDC diabetes dataset,CTGAN,Smoker,JS_Divergence,0.004396,0.004396,,feature_fidelity,Generators/SDV models/7. Heart.ipynb
7. CDC diabetes dataset,CTGAN,Sex,JS_Divergence,0.00277,0.00277,,feature_fidelity,Generators/SDV models/7. Heart.ipynb
7. CDC diabetes dataset,CTGAN,Fruits,JS_Divergence,9.3e-05,9.3e-05,,feature_fidelity,Generators/SDV models/7. Heart.ipynb
7. CDC diabetes dataset,CTGAN,DiffWalk,JS_Divergence,0.0,0.0,,feature_fidelity,Generators/SDV models/7. Heart.ipynb
7. CDC diabetes dataset,CTGAN,HeartDiseaseorAttack,JS_Divergence,0.0,0.0,,feature_fidelity,Generators/SDV models/7. Heart.ipynb
7. CDC diabetes dataset,CTGAN,CholCheck,JS_Divergence,0.0,0.0,,feature_fidelity,Generators/SDV models/7. Heart.ipynb
7. CDC diabetes dataset,CTGAN,Stroke,JS_Divergence,0.0,0.0,,feature_fidelity,Generators/SDV models/7. Heart.ipynb
7. CDC diabetes dataset,CTGAN,Diabetes_binary,JS_Divergence,0.0,0.0,,feature_fidelity,Generators/SDV models/7. Heart.ipynb
7. CDC diabetes dataset,CTGAN,Veggies,JS_Divergence,0.0,0.0,,feature_fidelity,Generators/SDV models/7. Heart.ipynb
7. CDC diabetes dataset,CTGAN,AnyHealthcare,JS_Divergence,0.0,0.0,,feature_fidelity,Generators/SDV models/7. Heart.ipynb
7. CDC diabetes dataset,CTGAN,NoDocbcCost,JS_Divergence,0.0,0.0,,feature_fidelity,Generators/SDV models/7. Heart.ipynb
7. CDC diabetes dataset,CTABGAN,DiffWalk,KS_Complement,0.99,0.99,,feature_fidelity,Generators/Other GANS/7_CDC_diabetes_other_GAN.ipynb
7. CDC diabetes dataset,CTABGAN,Sex,KS_Complement,0.989,0.989,,feature_fidelity,Generators/Other GANS/7_CDC_diabetes_other_GAN.ipynb
7. CDC diabetes dataset,CTABGAN,AnyHealthcare,KS_Complement,0.988,0.988,,feature_fidelity,Generators/Other GANS/7_CDC_diabetes_other_GAN.ipynb
7. CDC diabetes dataset,CTABGAN,Age,KS_Complement,0.976,0.976,,feature_fidelity,Generators/Other GANS/7_CDC_diabetes_other_GAN.ipynb
7. CDC diabetes dataset,CTABGAN,Stroke,KS_Complement,0.941,0.941,,feature_fidelity,Generators/Other GANS/7_CDC_diabetes_other_GAN.ipynb
7. CDC diabetes dataset,CTABGAN,CholCheck,KS_Complement,0.94,0.94,,feature_fidelity,Generators/Other GANS/7_CDC_diabetes_other_GAN.ipynb
7. CDC diabetes dataset,CTABGAN,BMI,KS_Complement,0.918,0.918,,feature_fidelity,Generators/Other GANS/7_CDC_diabetes_other_GAN.ipynb
7. CDC diabetes dataset,CTABGAN,Veggies,KS_Complement,0.907,0.907,,feature_fidelity,Generators/Other GANS/7_CDC_diabetes_other_GAN.ipynb
7. CDC diabetes dataset,CTABGAN,HighBP,KS_Complement,0.895,0.895,,feature_fidelity,Generators/Other GANS/7_CDC_diabetes_other_GAN.ipynb
7. CDC diabetes dataset,CTABGAN,Income,KS_Complement,0.883,0.883,,feature_fidelity,Generators/Other GANS/7_CDC_diabetes_other_GAN.ipynb
7. CDC diabetes dataset,CTABGAN,GenHlth,KS_Complement,0.875,0.875,,feature_fidelity,Generators/Other GANS/7_CDC_diabetes_other_GAN.ipynb
7. CDC diabetes dataset,CTABGAN,HighChol,KS_Complement,0.863,0.863,,feature_fidelity,Generators/Other GANS/7_CDC_diabetes_other_GAN.ipynb
7. CDC diabetes dataset,CTABGAN,PhysActivity,KS_Complement,0.855,0.855,,feature_fidelity,Generators/Other GANS/7_CDC_diabetes_other_GAN.ipynb
7. CDC diabetes dataset,CTABGAN,Smoker,KS_Complement,0.811,0.811,,feature_fidelity,Generators/Other GANS/7_CDC_diabetes_other_GAN.ipynb
7. CDC diabetes dataset,CTABGAN,Fruits,KS_Complement,0.808,0.808,,feature_fidelity,Generators/Other GANS/7_CDC_diabetes_other_GAN.ipynb
7. CDC diabetes dataset,CTABGAN,MentHlth,KS_Complement,0.794,0.794,,feature_fidelity,Generators/Other GANS/7_CDC_diabetes_other_GAN.ipynb
7. CDC diabetes dataset,CTABGAN,HvyAlcoholConsump,KS_Complement,0.757,0.757,,feature_fidelity,Generators/Other GANS/7_CDC_diabetes_other_GAN.ipynb
7. CDC diabetes dataset,CTABGAN,PhysHlth,KS_Complement,0.731,0.731,,feature_fidelity,Generators/Other GANS/7_CDC_diabetes_other_GAN.ipynb
7. CDC diabetes dataset,CTABGAN,Education,KS_Complement,0.623,0.623,,feature_fidelity,Generators/Other GANS/7_CDC_diabetes_other_GAN.ipynb
7. CDC diabetes dataset,CTABGAN,HeartDiseaseorAttack,KS_Complement,0.1,0.1,,feature_fidelity,Generators/Other GANS/7_CDC_diabetes_other_GAN.ipynb
7. CDC diabetes dataset,CTABGAN,NoDocbcCost,JS_Divergence,0.779689,0.779689,,feature_fidelity,Generators/Other GANS/7_CDC_diabetes_other_GAN.ipynb
7. CDC diabetes dataset,CTABGAN,HeartDiseaseorAttack,JS_Divergence,0.738201,0.738201,,feature_fidelity,Generators/Other GANS/7_CDC_diabetes_other_GAN.ipynb
7. CDC diabetes dataset,CTABGAN,PhysHlth,JS_Divergence,0.197104,0.197104,,feature_fidelity,Generators/Other GANS/7_CDC_diabetes_other_GAN.ipynb
7. CDC diabetes dataset,CTABGAN,MentHlth,JS_Divergence,0.194006,0.194006,,feature_fidelity,Generators/Other GANS/7_CDC_diabetes_other_GAN.ipynb
7. CDC diabetes dataset,CTABGAN,Education,JS_Divergence,0.152357,0.152357,,feature_fidelity,Generators/Other GANS/7_CDC_diabetes_other_GAN.ipynb
7. CDC diabetes dataset,CTABGAN,BMI,JS_Divergence,0.042501,0.042501,,feature_fidelity,Generators/Other GANS/7_CDC_diabetes_other_GAN.ipynb
7. CDC diabetes dataset,CTABGAN,Fruits,JS_Divergence,0.034051,0.034051,,feature_fidelity,Generators/Other GANS/7_CDC_diabetes_other_GAN.ipynb
7. CDC diabetes dataset,CTABGAN,GenHlth,JS_Divergence,0.027786,0.027786,,feature_fidelity,Generators/Other GANS/7_CDC_diabetes_other_GAN.ipynb
7. CDC diabetes dataset,CTABGAN,Smoker,JS_Divergence,0.026294,0.026294,,feature_fidelity,Generators/Other GANS/7_CDC_diabetes_other_GAN.ipynb
7. CDC diabetes dataset,CTABGAN,Income,JS_Divergence,0.018867,0.018867,,feature_fidelity,Generators/Other GANS/7_CDC_diabetes_other_GAN.ipynb
7. CDC diabetes dataset,CTABGAN,PhysActivity,JS_Divergence,0.01777,0.01777,,feature_fidelity,Generators/Other GANS/7_CDC_diabetes_other_GAN.ipynb
7. CDC diabetes dataset,CTABGAN,HighChol,JS_Divergence,0.01364,0.01364,,feature_fidelity,Generators/Other GANS/7_CDC_diabetes_other_GAN.ipynb
7. CDC diabetes dataset,CTABGAN,Age,JS_Divergence,0.0084,0.0084,,feature_fidelity,Generators/Other GANS/7_CDC_diabetes_other_GAN.ipynb
7. CDC diabetes dataset,CTABGAN,HighBP,JS_Divergence,0.007982,0.007982,,feature_fidelity,Generators/Other GANS/7_CDC_diabetes_other_GAN.ipynb
7. CDC diabetes dataset,CTABGAN,Sex,JS_Divergence,8.9e-05,8.9e-05,,feature_fidelity,Generators/Other GANS/7_CDC_diabetes_other_GAN.ipynb
7. CDC diabetes dataset,CTABGAN,AnyHealthcare,JS_Divergence,0.0,0.0,,feature_fidelity,Generators/Other GANS/7_CDC_diabetes_other_GAN.ipynb
7. CDC diabetes dataset,CTABGAN,Stroke,JS_Divergence,0.0,0.0,,feature_fidelity,Generators/Other GANS/7_CDC_diabetes_other_GAN.ipynb
7. CDC diabetes dataset,CTABGAN,CholCheck,JS_Divergence,0.0,0.0,,feature_fidelity,Generators/Other GANS/7_CDC_diabetes_other_GAN.ipynb
7. CDC diabetes dataset,CTABGAN,Veggies,JS_Divergence,0.0,0.0,,feature_fidelity,Generators/Other GANS/7_CDC_diabetes_other_GAN.ipynb
7. CDC diabetes dataset,CTABGAN,HvyAlcoholConsump,JS_Divergence,0.0,0.0,,feature_fidelity,Generators/Other GANS/7_CDC_diabetes_other_GAN.ipynb
7. CDC diabetes dataset,TabDDPM,HighChol,KS_Complement,0.993,0.993,,feature_fidelity,Generators/Diffusion GANs/7_CDC_diabetes_diffusion.ipynb
7. CDC diabetes dataset,TabDDPM,AnyHealthcare,KS_Complement,0.968,0.968,,feature_fidelity,Generators/Diffusion GANs/7_CDC_diabetes_diffusion.ipynb
7. CDC diabetes dataset,TabDDPM,Smoker,KS_Complement,0.931,0.931,,feature_fidelity,Generators/Diffusion GANs/7_CDC_diabetes_diffusion.ipynb
7. CDC diabetes dataset,TabDDPM,PhysActivity,KS_Complement,0.928,0.928,,feature_fidelity,Generators/Diffusion GANs/7_CDC_diabetes_diffusion.ipynb
7. CDC diabetes dataset,TabDDPM,Veggies,KS_Complement,0.921,0.921,,feature_fidelity,Generators/Diffusion GANs/7_CDC_diabetes_diffusion.ipynb
7. CDC diabetes dataset,TabDDPM,NoDocbcCost,KS_Complement,0.918,0.918,,feature_fidelity,Generators/Diffusion GANs/7_CDC_diabetes_diffusion.ipynb
7. CDC diabetes dataset,TabDDPM,HvyAlcoholConsump,KS_Complement,0.903,0.903,,feature_fidelity,Generators/Diffusion GANs/7_CDC_diabetes_diffusion.ipynb
7. CDC diabetes dataset,TabDDPM,CholCheck,KS_Complement,0.902,0.902,,feature_fidelity,Generators/Diffusion GANs/7_CDC_diabetes_diffusion.ipynb
7. CDC diabetes dataset,TabDDPM,DiffWalk,KS_Complement,0.879,0.879,,feature_fidelity,Generators/Diffusion GANs/7_CDC_diabetes_diffusion.ipynb
7. CDC diabetes dataset,TabDDPM,HighBP,KS_Complement,0.859,0.859,,feature_fidelity,Generators/Diffusion GANs/7_CDC_diabetes_diffusion.ipynb
7. CDC diabetes dataset,TabDDPM,HeartDiseaseorAttack,KS_Complement,0.854,0.854,,feature_fidelity,Generators/Diffusion GANs/7_CDC_diabetes_diffusion.ipynb
7. CDC diabetes dataset,TabDDPM,Fruits,KS_Complement,0.843,0.843,,feature_fidelity,Generators/Diffusion GANs/7_CDC_diabetes_diffusion.ipynb
7. CDC diabetes dataset,TabDDPM,MentHlth,KS_Complement,0.806,0.806,,feature_fidelity,Generators/Diffusion GANs/7_CDC_diabetes_diffusion.ipynb
7. CDC diabetes dataset,TabDDPM,Sex,KS_Complement,0.765,0.765,,feature_fidelity,Generators/Diffusion GANs/7_CDC_diabetes_diffusion.ipynb
7. CDC diabetes dataset,TabDDPM,Stroke,KS_Complement,0.749,0.749,,feature_fidelity,Generators/Diffusion GANs/7_CDC_diabetes_diffusion.ipynb
7. CDC diabetes dataset,TabDDPM,PhysHlth,KS_Complement,0.672,0.672,,feature_fidelity,Generators/Diffusion GANs/7_CDC_diabetes_diffusion.ipynb
7. CDC diabetes dataset,TabDDPM,Education,KS_Complement,0.457,0.457,,feature_fidelity,Generators/Diffusion GANs/7_CDC_diabetes_diffusion.ipynb
7. CDC diabetes dataset,TabDDPM,Age,KS_Complement,0.425,0.425,,feature_fidelity,Generators/Diffusion GANs/7_CDC_diabetes_diffusion.ipynb
7. CDC diabetes dataset,TabDDPM,Income,KS_Complement,0.347,0.347,,feature_fidelity,Generators/Diffusion GANs/7_CDC_diabetes_diffusion.ipynb
7. CDC diabetes dataset,TabDDPM,BMI,KS_Complement,0.339,0.339,,feature_fidelity,Generators/Diffusion GANs/7_CDC_diabetes_diffusion.ipynb
7. CDC diabetes dataset,TabDDPM,BMI,JS_Divergence,0.642231,0.642231,,feature_fidelity,Generators/Diffusion GANs/7_CDC_diabetes_diffusion.ipynb
7. CDC diabetes dataset,TabDDPM,GenHlth,JS_Divergence,0.632553,0.632553,,feature_fidelity,Generators/Diffusion GANs/7_CDC_diabetes_diffusion.ipynb
7. CDC diabetes dataset,TabDDPM,Age,JS_Divergence,0.565788,0.565788,,feature_fidelity,Generators/Diffusion GANs/7_CDC_diabetes_diffusion.ipynb
7. CDC diabetes dataset,TabDDPM,Income,JS_Divergence,0.475132,0.475132,,feature_fidelity,Generators/Diffusion GANs/7_CDC_diabetes_diffusion.ipynb
7. CDC diabetes dataset,TabDDPM,Education,JS_Divergence,0.391586,0.391586,,feature_fidelity,Generators/Diffusion GANs/7_CDC_diabetes_diffusion.ipynb
7. CDC diabetes dataset,TabDDPM,PhysHlth,JS_Divergence,0.167046,0.167046,,feature_fidelity,Generators/Diffusion GANs/7_CDC_diabetes_diffusion.ipynb
7. CDC diabetes dataset,TabDDPM,MentHlth,JS_Divergence,0.166047,0.166047,,feature_fidelity,Generators/Diffusion GANs/7_CDC_diabetes_diffusion.ipynb
7. CDC diabetes dataset,TabDDPM,Sex,JS_Divergence,0.045907,0.045907,,feature_fidelity,Generators/Diffusion GANs/7_CDC_diabetes_diffusion.ipynb
7. CDC diabetes dataset,TabDDPM,Fruits,JS_Divergence,0.021772,0.021772,,feature_fidelity,Generators/Diffusion GANs/7_CDC_diabetes_diffusion.ipynb
7. CDC diabetes dataset,TabDDPM,HighBP,JS_Divergence,0.01439,0.01439,,feature_fidelity,Generators/Diffusion GANs/7_CDC_diabetes_diffusion.ipynb
7. CDC diabetes dataset,TabDDPM,PhysActivity,JS_Divergence,0.004689,0.004689,,feature_fidelity,Generators/Diffusion GANs/7_CDC_diabetes_diffusion.ipynb
7. CDC diabetes dataset,TabDDPM,Smoker,JS_Divergence,0.003437,0.003437,,feature_fidelity,Generators/Diffusion GANs/7_CDC_diabetes_diffusion.ipynb
7. CDC diabetes dataset,TabDDPM,HighChol,JS_Divergence,3.7e-05,3.7e-05,,feature_fidelity,Generators/Diffusion GANs/7_CDC_diabetes_diffusion.ipynb
7. CDC diabetes dataset,TabDDPM,NoDocbcCost,JS_Divergence,0.0,0.0,,feature_fidelity,Generators/Diffusion GANs/7_CDC_diabetes_diffusion.ipynb
7. CDC diabetes dataset,TabDDPM,Veggies,JS_Divergence,0.0,0.0,,feature_fidelity,Generators/Diffusion GANs/7_CDC_diabetes_diffusion.ipynb
7. CDC diabetes dataset,TabDDPM,HeartDiseaseorAttack,JS_Divergence,0.0,0.0,,feature_fidelity,Generators/Diffusion GANs/7_CDC_diabetes_diffusion.ipynb
7. CDC diabetes dataset,TabDDPM,Stroke,JS_Divergence,0.0,0.0,,feature_fidelity,Generators/Diffusion GANs/7_CDC_diabetes_diffusion.ipynb
7. CDC diabetes dataset,TabDDPM,CholCheck,JS_Divergence,0.0,0.0,,feature_fidelity,Generators/Diffusion GANs/7_CDC_diabetes_diffusion.ipynb
7. CDC diabetes dataset,TabDDPM,HvyAlcoholConsump,JS_Divergence,0.0,0.0,,feature_fidelity,Generators/Diffusion GANs/7_CDC_diabetes_diffusion.ipynb
7. CDC diabetes dataset,TabDDPM,DiffWalk,JS_Divergence,0.0,0.0,,feature_fidelity,Generators/Diffusion GANs/7_CDC_diabetes_diffusion.ipynb
8. Mushroom dataset,CTGAN,cap-diameter,JS_Divergence,0.036141,0.036141,,feature_fidelity,Generators/SDV models/8. Mushroom.ipynb
8. Mushroom dataset,CTGAN,has-ring,JS_Divergence,0.024758,0.024758,,feature_fidelity,Generators/SDV models/8. Mushroom.ipynb
8. Mushroom dataset,CTGAN,stem-width,JS_Divergence,0.024386,0.024386,,feature_fidelity,Generators/SDV models/8. Mushroom.ipynb
8. Mushroom dataset,CTGAN,stem-height,JS_Divergence,0.021663,0.021663,,feature_fidelity,Generators/SDV models/8. Mushroom.ipynb
8. Mushroom dataset,CTGAN,cap-shape,JS_Divergence,0.013728,0.013728,,feature_fidelity,Generators/SDV models/8. Mushroom.ipynb
8. Mushroom dataset,CTGAN,gill-attachment,JS_Divergence,0.012757,0.012757,,feature_fidelity,Generators/SDV models/8. Mushroom.ipynb
8. Mushroom dataset,CTGAN,season,JS_Divergence,0.012672,0.012672,,feature_fidelity,Generators/SDV models/8. Mushroom.ipynb
8. Mushroom dataset,CTGAN,habitat,JS_Divergence,0.01046,0.01046,,feature_fidelity,Generators/SDV models/8. Mushroom.ipynb
8. Mushroom dataset,CTGAN,cap-surface,JS_Divergence,0.009707,0.009707,,feature_fidelity,Generators/SDV models/8. Mushroom.ipynb
8. Mushroom dataset,CTGAN,stem-color,JS_Divergence,0.009103,0.009103,,feature_fidelity,Generators/SDV models/8. Mushroom.ipynb
8. Mushroom dataset,CTGAN,gill-color,JS_Divergence,0.00842,0.00842,,feature_fidelity,Generators/SDV models/8. Mushroom.ipynb
8. Mushroom dataset,CTGAN,ring-type,JS_Divergence,0.008094,0.008094,,feature_fidelity,Generators/SDV models/8. Mushroom.ipynb
8. Mushroom dataset,CTGAN,stem-root,JS_Divergence,0.007261,0.007261,,feature_fidelity,Generators/SDV models/8. Mushroom.ipynb
8. Mushroom dataset,CTGAN,stem-surface,JS_Divergence,0.007107,0.007107,,feature_fidelity,Generators/SDV models/8. Mushroom.ipynb
8. Mushroom dataset,CTGAN,veil-color,JS_Divergence,0.00642,0.00642,,feature_fidelity,Generators/SDV models/8. Mushroom.ipynb
8. Mushroom dataset,CTGAN,veil-type,JS_Divergence,0.005837,0.005837,,feature_fidelity,Generators/SDV models/8. Mushroom.ipynb
8. Mushroom dataset,CTGAN,cap-color,JS_Divergence,0.004743,0.004743,,feature_fidelity,Generators/SDV models/8. Mushroom.ipynb
8. Mushroom dataset,CTGAN,spore-print-color,JS_Divergence,0.004614,0.004614,,feature_fidelity,Generators/SDV models/8. Mushroom.ipynb
8. Mushroom dataset,CTGAN,gill-spacing,JS_Divergence,0.004248,0.004248,,feature_fidelity,Generators/SDV models/8. Mushroom.ipynb
8. Mushroom dataset,CTGAN,class,JS_Divergence,0.001071,0.001071,,feature_fidelity,Generators/SDV models/8. Mushroom.ipynb
8. Mushroom dataset,CTABGAN,veil-type,KS_Complement,1.0,1.0,,feature_fidelity,Generators/Other GANS/8. Mushroom_other GAN.ipynb
8. Mushroom dataset,CTABGAN,does-bruise-or-bleed,KS_Complement,0.993,0.993,,feature_fidelity,Generators/Other GANS/8. Mushroom_other GAN.ipynb
8. Mushroom dataset,CTABGAN,gill-spacing,KS_Complement,0.983228,0.983228,,feature_fidelity,Generators/Other GANS/8. Mushroom_other GAN.ipynb
8. Mushroom dataset,CTABGAN,class,KS_Complement,0.97,0.97,,feature_fidelity,Generators/Other GANS/8. Mushroom_other GAN.ipynb
8. Mushroom dataset,CTABGAN,cap-color,KS_Complement,0.963,0.963,,feature_fidelity,Generators/Other GANS/8. Mushroom_other GAN.ipynb
8. Mushroom dataset,CTABGAN,season,KS_Complement,0.959,0.959,,feature_fidelity,Generators/Other GANS/8. Mushroom_other GAN.ipynb
8. Mushroom dataset,CTABGAN,habitat,KS_Complement,0.957,0.957,,feature_fidelity,Generators/Other GANS/8. Mushroom_other GAN.ipynb
8. Mushroom dataset,CTABGAN,has-ring,KS_Complement,0.955,0.955,,feature_fidelity,Generators/Other GANS/8. Mushroom_other GAN.ipynb
8. Mushroom dataset,CTABGAN,cap-shape,KS_Complement,0.952,0.952,,feature_fidelity,Generators/Other GANS/8. Mushroom_other GAN.ipynb
8. Mushroom dataset,CTABGAN,stem-surface,KS_Complement,0.949774,0.949774,,feature_fidelity,Generators/Other GANS/8. Mushroom_other GAN.ipynb
8. Mushroom dataset,CTABGAN,stem-height,KS_Complement,0.928,0.928,,feature_fidelity,Generators/Other GANS/8. Mushroom_other GAN.ipynb
8. Mushroom dataset,CTABGAN,ring-type,KS_Complement,0.92621,0.92621,,feature_fidelity,Generators/Other GANS/8. Mushroom_other GAN.ipynb
8. Mushroom dataset,CTABGAN,gill-color,KS_Complement,0.925,0.925,,feature_fidelity,Generators/Other GANS/8. Mushroom_other GAN.ipynb
8. Mushroom dataset,CTABGAN,cap-surface,KS_Complement,0.913275,0.913275,,feature_fidelity,Generators/Other GANS/8. Mushroom_other GAN.ipynb
8. Mushroom dataset,CTABGAN,gill-attachment,KS_Complement,0.912658,0.912658,,feature_fidelity,Generators/Other GANS/8. Mushroom_other GAN.ipynb
8. Mushroom dataset,CTABGAN,stem-color,KS_Complement,0.911,0.911,,feature_fidelity,Generators/Other GANS/8. Mushroom_other GAN.ipynb
8. Mushroom dataset,CTABGAN,stem-root,KS_Complement,0.895996,0.895996,,feature_fidelity,Generators/Other GANS/8. Mushroom_other GAN.ipynb
8. Mushroom dataset,CTABGAN,veil-color,KS_Complement,0.88207,0.88207,,feature_fidelity,Generators/Other GANS/8. Mushroom_other GAN.ipynb
8. Mushroom dataset,CTABGAN,spore-print-color,KS_Complement,0.875,0.875,,feature_fidelity,Generators/Other GANS/8. Mushroom_other GAN.ipynb
8. Mushroom dataset,CTABGAN,cap-diameter,KS_Complement,0.783,0.783,,feature_fidelity,Generators/Other GANS/8. Mushroom_other GAN.ipynb
8. Mushroom dataset,CTABGAN,cap-diameter,JS_Divergence,0.500324,0.500324,,feature_fidelity,Generators/Other GANS/8. Mushroom_other GAN.ipynb
8. Mushroom dataset,CTABGAN,stem-width,JS_Divergence,0.128348,0.128348,,feature_fidelity,Generators/Other GANS/8. Mushroom_other GAN.ipynb
8. Mushroom dataset,CTABGAN,stem-height,JS_Divergence,0.034664,0.034664,,feature_fidelity,Generators/Other GANS/8. Mushroom_other GAN.ipynb
8. Mushroom dataset,CTABGAN,ring-type,JS_Divergence,0.021818,0.021818,,feature_fidelity,Generators/Other GANS/8. Mushroom_other GAN.ipynb
8. Mushroom dataset,CTABGAN,gill-attachment,JS_Divergence,0.011801,0.011801,,feature_fidelity,Generators/Other GANS/8. Mushroom_other GAN.ipynb
8. Mushroom dataset,CTABGAN,veil-type,JS_Divergence,0.010767,0.010767,,feature_fidelity,Generators/Other GANS/8. Mushroom_other GAN.ipynb
8. Mushroom dataset,CTABGAN,stem-color,JS_Divergence,0.007226,0.007226,,feature_fidelity,Generators/Other GANS/8. Mushroom_other GAN.ipynb
8. Mushroom dataset,CTABGAN,cap-surface,JS_Divergence,0.007139,0.007139,,feature_fidelity,Generators/Other GANS/8. Mushroom_other GAN.ipynb
8. Mushroom dataset,CTABGAN,gill-color,JS_Divergence,0.006052,0.006052,,feature_fidelity,Generators/Other GANS/8. Mushroom_other GAN.ipynb
8. Mushroom dataset,CTABGAN,habitat,JS_Divergence,0.003514,0.003514,,feature_fidelity,Generators/Other GANS/8. Mushroom_other GAN.ipynb
8. Mushroom dataset,CTABGAN,veil-color,JS_Divergence,0.003458,0.003458,,feature_fidelity,Generators/Other GANS/8. Mushroom_other GAN.ipynb
8. Mushroom dataset,CTABGAN,season,JS_Divergence,0.002482,0.002482,,feature_fidelity,Generators/Other GANS/8. Mushroom_other GAN.ipynb
8. Mushroom dataset,CTABGAN,cap-color,JS_Divergence,0.002184,0.002184,,feature_fidelity,Generators/Other GANS/8. Mushroom_other GAN.ipynb
8. Mushroom dataset,CTABGAN,cap-shape,JS_Divergence,0.002115,0.002115,,feature_fidelity,Generators/Other GANS/8. Mushroom_other GAN.ipynb
8. Mushroom dataset,CTABGAN,has-ring,JS_Divergence,0.001902,0.001902,,feature_fidelity,Generators/Other GANS/8. Mushroom_other GAN.ipynb
8. Mushroom dataset,CTABGAN,stem-root,JS_Divergence,0.001864,0.001864,,feature_fidelity,Generators/Other GANS/8. Mushroom_other GAN.ipynb
8. Mushroom dataset,CTABGAN,spore-print-color,JS_Divergence,0.00165,0.00165,,feature_fidelity,Generators/Other GANS/8. Mushroom_other GAN.ipynb
8. Mushroom dataset,CTABGAN,stem-surface,JS_Divergence,0.001026,0.001026,,feature_fidelity,Generators/Other GANS/8. Mushroom_other GAN.ipynb
8. Mushroom dataset,CTABGAN,gill-spacing,JS_Divergence,0.00046,0.00046,,feature_fidelity,Generators/Other GANS/8. Mushroom_other GAN.ipynb
8. Mushroom dataset,CTABGAN,does-bruise-or-bleed,JS_Divergence,6.3e-05,6.3e-05,,feature_fidelity,Generators/Other GANS/8. Mushroom_other GAN.ipynb
8. Mushroom dataset,TabDDPM,class,KS_Complement,0.991,0.991,,feature_fidelity,Generators/Diffusion GANs/8. Mushroom_diffusion.ipynb
8. Mushroom dataset,TabDDPM,veil-type,KS_Complement,0.931,0.931,,feature_fidelity,Generators/Diffusion GANs/8. Mushroom_diffusion.ipynb
8. Mushroom dataset,TabDDPM,spore-print-color,KS_Complement,0.72775,0.72775,,feature_fidelity,Generators/Diffusion GANs/8. Mushroom_diffusion.ipynb
8. Mushroom dataset,TabDDPM,stem-root,KS_Complement,0.582685,0.582685,,feature_fidelity,Generators/Diffusion GANs/8. Mushroom_diffusion.ipynb
8. Mushroom dataset,TabDDPM,season,KS_Complement,0.551,0.551,,feature_fidelity,Generators/Diffusion GANs/8. Mushroom_diffusion.ipynb
8. Mushroom dataset,TabDDPM,ring-type,KS_Complement,0.524096,0.524096,,feature_fidelity,Generators/Diffusion GANs/8. Mushroom_diffusion.ipynb
8. Mushroom dataset,TabDDPM,stem-height,KS_Complement,0.491,0.491,,feature_fidelity,Generators/Diffusion GANs/8. Mushroom_diffusion.ipynb
8. Mushroom dataset,TabDDPM,cap-diameter,KS_Complement,0.484,0.484,,feature_fidelity,Generators/Diffusion GANs/8. Mushroom_diffusion.ipynb
8. Mushroom dataset,TabDDPM,stem-width,KS_Complement,0.481,0.481,,feature_fidelity,Generators/Diffusion GANs/8. Mushroom_diffusion.ipynb
8. Mushroom dataset,TabDDPM,cap-color,KS_Complement,0.472,0.472,,feature_fidelity,Generators/Diffusion GANs/8. Mushroom_diffusion.ipynb
8. Mushroom dataset,TabDDPM,cap-surface,KS_Complement,0.464092,0.464092,,feature_fidelity,Generators/Diffusion GANs/8. Mushroom_diffusion.ipynb
8. Mushroom dataset,TabDDPM,gill-attachment,KS_Complement,0.4511,0.4511,,feature_fidelity,Generators/Diffusion GANs/8. Mushroom_diffusion.ipynb
8. Mushroom dataset,TabDDPM,gill-spacing,KS_Complement,0.442,0.442,,feature_fidelity,Generators/Diffusion GANs/8. Mushroom_diffusion.ipynb
8. Mushroom dataset,TabDDPM,stem-surface,KS_Complement,0.389044,0.389044,,feature_fidelity,Generators/Diffusion GANs/8. Mushroom_diffusion.ipynb
8. Mushroom dataset,TabDDPM,has-ring,KS_Complement,0.353,0.353,,feature_fidelity,Generators/Diffusion GANs/8. Mushroom_diffusion.ipynb
8. Mushroom dataset,TabDDPM,habitat,KS_Complement,0.319,0.319,,feature_fidelity,Generators/Diffusion GANs/8. Mushroom_diffusion.ipynb
8. Mushroom dataset,TabDDPM,stem-color,KS_Complement,0.315,0.315,,feature_fidelity,Generators/Diffusion GANs/8. Mushroom_diffusion.ipynb
8. Mushroom dataset,TabDDPM,does-bruise-or-bleed,KS_Complement,0.214,0.214,,feature_fidelity,Generators/Diffusion GANs/8. Mushroom_diffusion.ipynb
8. Mushroom dataset,TabDDPM,gill-color,KS_Complement,0.143,0.143,,feature_fidelity,Generators/Diffusion GANs/8. Mushroom_diffusion.ipynb
8. Mushroom dataset,TabDDPM,cap-shape,KS_Complement,0.131,0.131,,feature_fidelity,Generators/Diffusion GANs/8. Mushroom_diffusion.ipynb
8. Mushroom dataset,TabDDPM,veil-color,JS_Divergence,0.974728,0.974728,,feature_fidelity,Generators/Diffusion GANs/8. Mushroom_diffusion.ipynb
8. Mushroom dataset,TabDDPM,cap-shape,JS_Divergence,0.717831,0.717831,,feature_fidelity,Generators/Diffusion GANs/8. Mushroom_diffusion.ipynb
8. Mushroom dataset,TabDDPM,stem-height,JS_Divergence,0.716504,0.716504,,feature_fidelity,Generators/Diffusion GANs/8. Mushroom_diffusion.ipynb
8. Mushroom dataset,TabDDPM,gill-color,JS_Divergence,0.71598,0.71598,,feature_fidelity,Generators/Diffusion GANs/8. Mushroom_diffusion.ipynb
8. Mushroom dataset,TabDDPM,veil-type,JS_Divergence,0.671285,0.671285,,feature_fidelity,Generators/Diffusion GANs/8. Mushroom_diffusion.ipynb
8. Mushroom dataset,TabDDPM,cap-diameter,JS_Divergence,0.631305,0.631305,,feature_fidelity,Generators/Diffusion GANs/8. Mushroom_diffusion.ipynb
8. Mushroom dataset,TabDDPM,spore-print-color,JS_Divergence,0.621428,0.621428,,feature_fidelity,Generators/Diffusion GANs/8. Mushroom_diffusion.ipynb
8. Mushroom dataset,TabDDPM,stem-width,JS_Divergence,0.546825,0.546825,,feature_fidelity,Generators/Diffusion GANs/8. Mushroom_diffusion.ipynb
8. Mushroom dataset,TabDDPM,does-bruise-or-bleed,JS_Divergence,0.526777,0.526777,,feature_fidelity,Generators/Diffusion GANs/8. Mushroom_diffusion.ipynb
8. Mushroom dataset,TabDDPM,stem-color,JS_Divergence,0.517954,0.517954,,feature_fidelity,Generators/Diffusion GANs/8. Mushroom_diffusion.ipynb
8. Mushroom dataset,TabDDPM,stem-root,JS_Divergence,0.517473,0.517473,,feature_fidelity,Generators/Diffusion GANs/8. Mushroom_diffusion.ipynb
8. Mushroom dataset,TabDDPM,cap-surface,JS_Divergence,0.468907,0.468907,,feature_fidelity,Generators/Diffusion GANs/8. Mushroom_diffusion.ipynb
8. Mushroom dataset,TabDDPM,habitat,JS_Divergence,0.450079,0.450079,,feature_fidelity,Generators/Diffusion GANs/8. Mushroom_diffusion.ipynb
8. Mushroom dataset,TabDDPM,gill-attachment,JS_Divergence,0.426521,0.426521,,feature_fidelity,Generators/Diffusion GANs/8. Mushroom_diffusion.ipynb
8. Mushroom dataset,TabDDPM,stem-surface,JS_Divergence,0.383465,0.383465,,feature_fidelity,Generators/Diffusion GANs/8. Mushroom_diffusion.ipynb
8. Mushroom dataset,TabDDPM,has-ring,JS_Divergence,0.353739,0.353739,,feature_fidelity,Generators/Diffusion GANs/8. Mushroom_diffusion.ipynb
8. Mushroom dataset,TabDDPM,cap-color,JS_Divergence,0.302647,0.302647,,feature_fidelity,Generators/Diffusion GANs/8. Mushroom_diffusion.ipynb
8. Mushroom dataset,TabDDPM,ring-type,JS_Divergence,0.296249,0.296249,,feature_fidelity,Generators/Diffusion GANs/8. Mushroom_diffusion.ipynb
8. Mushroom dataset,TabDDPM,season,JS_Divergence,0.173722,0.173722,,feature_fidelity,Generators/Diffusion GANs/8. Mushroom_diffusion.ipynb
8. Mushroom dataset,TabDDPM,gill-spacing,JS_Divergence,0.029961,0.029961,,feature_fidelity,Generators/Diffusion GANs/8. Mushroom_diffusion.ipynb
9. MAGIC Gamma Telescope,CTGAN,fSize,KS_Complement,0.968607,0.968607,,feature_fidelity,Generators/SDV models/9. MAGIC Gamma Telescope.ipynb
9. MAGIC Gamma Telescope,CTGAN,fDist,KS_Complement,0.953891,0.953891,,feature_fidelity,Generators/SDV models/9. MAGIC Gamma Telescope.ipynb
9. MAGIC Gamma Telescope,CTGAN,fM3Long,KS_Complement,0.949741,0.949741,,feature_fidelity,Generators/SDV models/9. MAGIC Gamma Telescope.ipynb
9. MAGIC Gamma Telescope,CTGAN,fAlpha,KS_Complement,0.938563,0.938563,,feature_fidelity,Generators/SDV models/9. MAGIC Gamma Telescope.ipynb
9. MAGIC Gamma Telescope,CTGAN,fWidth,KS_Complement,0.917307,0.917307,,feature_fidelity,Generators/SDV models/9. MAGIC Gamma Telescope.ipynb
9. MAGIC Gamma Telescope,CTGAN,fLength,KS_Complement,0.909729,0.909729,,feature_fidelity,Generators/SDV models/9. MAGIC Gamma Telescope.ipynb
9. MAGIC Gamma Telescope,CTGAN,fConc,KS_Complement,0.875714,0.875714,,feature_fidelity,Generators/SDV models/9. MAGIC Gamma Telescope.ipynb
9. MAGIC Gamma Telescope,CTGAN,fConc1,KS_Complement,0.869403,0.869403,,feature_fidelity,Generators/SDV models/9. MAGIC Gamma Telescope.ipynb
9. MAGIC Gamma Telescope,CTGAN,class,KS_Complement,0.86763,0.86763,,feature_fidelity,Generators/SDV models/9. MAGIC Gamma Telescope.ipynb
9. MAGIC Gamma Telescope,CTGAN,fAsym,KS_Complement,0.779975,0.779975,,feature_fidelity,Generators/SDV models/9. MAGIC Gamma Telescope.ipynb
9. MAGIC Gamma Telescope,CTGAN,fM3Trans,KS_Complement,0.778659,0.778659,,feature_fidelity,Generators/SDV models/9. MAGIC Gamma Telescope.ipynb
9. MAGIC Gamma Telescope,CopulaGAN,fDist,KS_Complement,0.95241,0.95241,,feature_fidelity,Generators/SDV models/9. MAGIC Gamma Telescope.ipynb
9. MAGIC Gamma Telescope,CopulaGAN,fM3Trans,KS_Complement,0.948775,0.948775,,feature_fidelity,Generators/SDV models/9. MAGIC Gamma Telescope.ipynb
9. MAGIC Gamma Telescope,CopulaGAN,fWidth,KS_Complement,0.944408,0.944408,,feature_fidelity,Generators/SDV models/9. MAGIC Gamma Telescope.ipynb
9. MAGIC Gamma Telescope,CopulaGAN,fConc1,KS_Complement,0.915803,0.915803,,feature_fidelity,Generators/SDV models/9. MAGIC Gamma Telescope.ipynb
9. MAGIC Gamma Telescope,CopulaGAN,fSize,KS_Complement,0.912498,0.912498,,feature_fidelity,Generators/SDV models/9. MAGIC Gamma Telescope.ipynb
9. MAGIC Gamma Telescope,CopulaGAN,fConc,KS_Complement,0.905515,0.905515,,feature_fidelity,Generators/SDV models/9. MAGIC Gamma Telescope.ipynb
9. MAGIC Gamma Telescope,CopulaGAN,fLength,KS_Complement,0.901975,0.901975,,feature_fidelity,Generators/SDV models/9. MAGIC Gamma Telescope.ipynb
9. MAGIC Gamma Telescope,CopulaGAN,fM3Long,KS_Complement,0.876239,0.876239,,feature_fidelity,Generators/SDV models/9. MAGIC Gamma Telescope.ipynb
9. MAGIC Gamma Telescope,CopulaGAN,fAsym,KS_Complement,0.871609,0.871609,,feature_fidelity,Generators/SDV models/9. MAGIC Gamma Telescope.ipynb
9. MAGIC Gamma Telescope,CTGAN,fAsym,JS_Divergence,0.088532,0.088532,,feature_fidelity,Generators/SDV models/9. MAGIC Gamma Telescope.ipynb
9. MAGIC Gamma Telescope,CTGAN,fM3Trans,JS_Divergence,0.085756,0.085756,,feature_fidelity,Generators/SDV models/9. MAGIC Gamma Telescope.ipynb
9. MAGIC Gamma Telescope,CTGAN,fConc1,JS_Divergence,0.059929,0.059929,,feature_fidelity,Generators/SDV models/9. MAGIC Gamma Telescope.ipynb
9. MAGIC Gamma Telescope,CTGAN,fConc,JS_Divergence,0.05496,0.05496,,feature_fidelity,Generators/SDV models/9. MAGIC Gamma Telescope.ipynb
9. MAGIC Gamma Telescope,CTGAN,fWidth,JS_Divergence,0.043654,0.043654,,feature_fidelity,Generators/SDV models/9. MAGIC Gamma Telescope.ipynb
9. MAGIC Gamma Telescope,CTGAN,fM3Long,JS_Divergence,0.042017,0.042017,,feature_fidelity,Generators/SDV models/9. MAGIC Gamma Telescope.ipynb
9. MAGIC Gamma Telescope,CTGAN,fLength,JS_Divergence,0.029549,0.029549,,feature_fidelity,Generators/SDV models/9. MAGIC Gamma Telescope.ipynb
9. MAGIC Gamma Telescope,CTGAN,fDist,JS_Divergence,0.021821,0.021821,,feature_fidelity,Generators/SDV models/9. MAGIC Gamma Telescope.ipynb
9. MAGIC Gamma Telescope,CTGAN,fAlpha,JS_Divergence,0.020178,0.020178,,feature_fidelity,Generators/SDV models/9. MAGIC Gamma Telescope.ipynb
9. MAGIC Gamma Telescope,CTGAN,fSize,JS_Divergence,0.017366,0.017366,,feature_fidelity,Generators/SDV models/9. MAGIC Gamma Telescope.ipynb
9. MAGIC Gamma Telescope,CTGAN,class,JS_Divergence,0.013034,0.013034,,feature_fidelity,Generators/SDV models/9. MAGIC Gamma Telescope.ipynb
9. MAGIC Gamma Telescope,CopulaGAN,fAsym,JS_Divergence,0.081458,0.081458,,feature_fidelity,Generators/SDV models/9. MAGIC Gamma Telescope.ipynb
9. MAGIC Gamma Telescope,CopulaGAN,fM3Long,JS_Divergence,0.075335,0.075335,,feature_fidelity,Generators/SDV models/9. MAGIC Gamma Telescope.ipynb
9. MAGIC Gamma Telescope,CopulaGAN,fConc1,JS_Divergence,0.058891,0.058891,,feature_fidelity,Generators/SDV models/9. MAGIC Gamma Telescope.ipynb
9. MAGIC Gamma Telescope,CopulaGAN,fConc,JS_Divergence,0.056276,0.056276,,feature_fidelity,Generators/SDV models/9. MAGIC Gamma Telescope.ipynb
9. MAGIC Gamma Telescope,CopulaGAN,fLength,JS_Divergence,0.052726,0.052726,,feature_fidelity,Generators/SDV models/9. MAGIC Gamma Telescope.ipynb
9. MAGIC Gamma Telescope,CopulaGAN,fM3Trans,JS_Divergence,0.049429,0.049429,,feature_fidelity,Generators/SDV models/9. MAGIC Gamma Telescope.ipynb
9. MAGIC Gamma Telescope,CopulaGAN,fWidth,JS_Divergence,0.043546,0.043546,,feature_fidelity,Generators/SDV models/9. MAGIC Gamma Telescope.ipynb
9. MAGIC Gamma Telescope,CopulaGAN,fAlpha,JS_Divergence,0.040471,0.040471,,feature_fidelity,Generators/SDV models/9. MAGIC Gamma Telescope.ipynb
9. MAGIC Gamma Telescope,CopulaGAN,fSize,JS_Divergence,0.039103,0.039103,,feature_fidelity,Generators/SDV models/9. MAGIC Gamma Telescope.ipynb
9. MAGIC Gamma Telescope,CTABGAN,fConc1,KS_Complement,0.968365,0.968365,,feature_fidelity,Generators/Other GANS/9. MAGIC Gamma Telescope_other GAN.ipynb
9. MAGIC Gamma Telescope,CTABGAN,fM3Long,KS_Complement,0.961028,0.961028,,feature_fidelity,Generators/Other GANS/9. MAGIC Gamma Telescope_other GAN.ipynb
9. MAGIC Gamma Telescope,CTABGAN,fConc,KS_Complement,0.960436,0.960436,,feature_fidelity,Generators/Other GANS/9. MAGIC Gamma Telescope_other GAN.ipynb
9. MAGIC Gamma Telescope,CTABGAN,fM3Trans,KS_Complement,0.958299,0.958299,,feature_fidelity,Generators/Other GANS/9. MAGIC Gamma Telescope_other GAN.ipynb
9. MAGIC Gamma Telescope,CTABGAN,fLength,KS_Complement,0.952425,0.952425,,feature_fidelity,Generators/Other GANS/9. MAGIC Gamma Telescope_other GAN.ipynb
9. MAGIC Gamma Telescope,CTABGAN,fDist,KS_Complement,0.944142,0.944142,,feature_fidelity,Generators/Other GANS/9. MAGIC Gamma Telescope_other GAN.ipynb
9. MAGIC Gamma Telescope,CTABGAN,class,KS_Complement,0.93963,0.93963,,feature_fidelity,Generators/Other GANS/9. MAGIC Gamma Telescope_other GAN.ipynb
9. MAGIC Gamma Telescope,CTABGAN,fSize,KS_Complement,0.922284,0.922284,,feature_fidelity,Generators/Other GANS/9. MAGIC Gamma Telescope_other GAN.ipynb
9. MAGIC Gamma Telescope,CTABGAN,fWidth,KS_Complement,0.917964,0.917964,,feature_fidelity,Generators/Other GANS/9. MAGIC Gamma Telescope_other GAN.ipynb
9. MAGIC Gamma Telescope,CTABGAN,fAlpha,KS_Complement,0.906824,0.906824,,feature_fidelity,Generators/Other GANS/9. MAGIC Gamma Telescope_other GAN.ipynb
9. MAGIC Gamma Telescope,CTABGAN,fAsym,KS_Complement,0.905802,0.905802,,feature_fidelity,Generators/Other GANS/9. MAGIC Gamma Telescope_other GAN.ipynb
9. MAGIC Gamma Telescope,WGAN_GP,class,KS_Complement,0.99737,0.99737,,feature_fidelity,Generators/Other GANS/9. MAGIC Gamma Telescope_other GAN.ipynb
9. MAGIC Gamma Telescope,WGAN_GP,fM3Trans,KS_Complement,0.978271,0.978271,,feature_fidelity,Generators/Other GANS/9. MAGIC Gamma Telescope_other GAN.ipynb
9. MAGIC Gamma Telescope,WGAN_GP,fLength,KS_Complement,0.967581,0.967581,,feature_fidelity,Generators/Other GANS/9. MAGIC Gamma Telescope_other GAN.ipynb
9. MAGIC Gamma Telescope,WGAN_GP,fSize,KS_Complement,0.965401,0.965401,,feature_fidelity,Generators/Other GANS/9. MAGIC Gamma Telescope_other GAN.ipynb
9. MAGIC Gamma Telescope,WGAN_GP,fAsym,KS_Complement,0.962127,0.962127,,feature_fidelity,Generators/Other GANS/9. MAGIC Gamma Telescope_other GAN.ipynb
9. MAGIC Gamma Telescope,WGAN_GP,fDist,KS_Complement,0.960518,0.960518,,feature_fidelity,Generators/Other GANS/9. MAGIC Gamma Telescope_other GAN.ipynb
9. MAGIC Gamma Telescope,WGAN_GP,fWidth,KS_Complement,0.943421,0.943421,,feature_fidelity,Generators/Other GANS/9. MAGIC Gamma Telescope_other GAN.ipynb
9. MAGIC Gamma Telescope,WGAN_GP,fM3Long,KS_Complement,0.934775,0.934775,,feature_fidelity,Generators/Other GANS/9. MAGIC Gamma Telescope_other GAN.ipynb
9. MAGIC Gamma Telescope,WGAN_GP,fConc1,KS_Complement,0.91987,0.91987,,feature_fidelity,Generators/Other GANS/9. MAGIC Gamma Telescope_other GAN.ipynb
9. MAGIC Gamma Telescope,CTABGAN,fWidth,JS_Divergence,0.04502,0.04502,,feature_fidelity,Generators/Other GANS/9. MAGIC Gamma Telescope_other GAN.ipynb
9. MAGIC Gamma Telescope,CTABGAN,fAsym,JS_Divergence,0.044321,0.044321,,feature_fidelity,Generators/Other GANS/9. MAGIC Gamma Telescope_other GAN.ipynb
9. MAGIC Gamma Telescope,CTABGAN,fM3Trans,JS_Divergence,0.03682,0.03682,,feature_fidelity,Generators/Other GANS/9. MAGIC Gamma Telescope_other GAN.ipynb
9. MAGIC Gamma Telescope,CTABGAN,fM3Long,JS_Divergence,0.034438,0.034438,,feature_fidelity,Generators/Other GANS/9. MAGIC Gamma Telescope_other GAN.ipynb
9. MAGIC Gamma Telescope,CTABGAN,fSize,JS_Divergence,0.024384,0.024384,,feature_fidelity,Generators/Other GANS/9. MAGIC Gamma Telescope_other GAN.ipynb
9. MAGIC Gamma Telescope,CTABGAN,fLength,JS_Divergence,0.02197,0.02197,,feature_fidelity,Generators/Other GANS/9. MAGIC Gamma Telescope_other GAN.ipynb
9. MAGIC Gamma Telescope,CTABGAN,fDist,JS_Divergence,0.017761,0.017761,,feature_fidelity,Generators/Other GANS/9. MAGIC Gamma Telescope_other GAN.ipynb
9. MAGIC Gamma Telescope,CTABGAN,fConc,JS_Divergence,0.016407,0.016407,,feature_fidelity,Generators/Other GANS/9. MAGIC Gamma Telescope_other GAN.ipynb
9. MAGIC Gamma Telescope,CTABGAN,fAlpha,JS_Divergence,0.013782,0.013782,,feature_fidelity,Generators/Other GANS/9. MAGIC Gamma Telescope_other GAN.ipynb
9. MAGIC Gamma Telescope,CTABGAN,fConc1,JS_Divergence,0.01306,0.01306,,feature_fidelity,Generators/Other GANS/9. MAGIC Gamma Telescope_other GAN.ipynb
9. MAGIC Gamma Telescope,WGAN_GP,fWidth,JS_Divergence,0.052327,0.052327,,feature_fidelity,Generators/Other GANS/9. MAGIC Gamma Telescope_other GAN.ipynb
9. MAGIC Gamma Telescope,WGAN_GP,fM3Long,JS_Divergence,0.050456,0.050456,,feature_fidelity,Generators/Other GANS/9. MAGIC Gamma Telescope_other GAN.ipynb
9. MAGIC Gamma Telescope,WGAN_GP,fAlpha,JS_Divergence,0.041312,0.041312,,feature_fidelity,Generators/Other GANS/9. MAGIC Gamma Telescope_other GAN.ipynb
9. MAGIC Gamma Telescope,WGAN_GP,fAsym,JS_Divergence,0.037755,0.037755,,feature_fidelity,Generators/Other GANS/9. MAGIC Gamma Telescope_other GAN.ipynb
9. MAGIC Gamma Telescope,WGAN_GP,fConc,JS_Divergence,0.035492,0.035492,,feature_fidelity,Generators/Other GANS/9. MAGIC Gamma Telescope_other GAN.ipynb
9. MAGIC Gamma Telescope,WGAN_GP,fConc1,JS_Divergence,0.035314,0.035314,,feature_fidelity,Generators/Other GANS/9. MAGIC Gamma Telescope_other GAN.ipynb
9. MAGIC Gamma Telescope,WGAN_GP,fM3Trans,JS_Divergence,0.034357,0.034357,,feature_fidelity,Generators/Other GANS/9. MAGIC Gamma Telescope_other GAN.ipynb
9. MAGIC Gamma Telescope,WGAN_GP,fLength,JS_Divergence,0.026938,0.026938,,feature_fidelity,Generators/Other GANS/9. MAGIC Gamma Telescope_other GAN.ipynb
9. MAGIC Gamma Telescope,WGAN_GP,fSize,JS_Divergence,0.015081,0.015081,,feature_fidelity,Generators/Other GANS/9. MAGIC Gamma Telescope_other GAN.ipynb
9. MAGIC Gamma Telescope,WGAN_GP,fDist,JS_Divergence,0.013399,0.013399,,feature_fidelity,Generators/Other GANS/9. MAGIC Gamma Telescope_other GAN.ipynb
9. MAGIC Gamma Telescope,TabDDPM,fDist,KS_Complement,0.848,0.848,,feature_fidelity,Generators/Diffusion GANs/9. MAGIC Gamma Telescope_diffusion.ipynb
9. MAGIC Gamma Telescope,TabDDPM,fConc,KS_Complement,0.809,0.809,,feature_fidelity,Generators/Diffusion GANs/9. MAGIC Gamma Telescope_diffusion.ipynb
9. MAGIC Gamma Telescope,TabDDPM,fAsym,KS_Complement,0.807,0.807,,feature_fidelity,Generators/Diffusion GANs/9. MAGIC Gamma Telescope_diffusion.ipynb
9. MAGIC Gamma Telescope,TabDDPM,fConc1,KS_Complement,0.807,0.807,,feature_fidelity,Generators/Diffusion GANs/9. MAGIC Gamma Telescope_diffusion.ipynb
9. MAGIC Gamma Telescope,TabDDPM,fWidth,KS_Complement,0.805,0.805,,feature_fidelity,Generators/Diffusion GANs/9. MAGIC Gamma Telescope_diffusion.ipynb
9. MAGIC Gamma Telescope,TabDDPM,fSize,KS_Complement,0.805,0.805,,feature_fidelity,Generators/Diffusion GANs/9. MAGIC Gamma Telescope_diffusion.ipynb
9. MAGIC Gamma Telescope,TabDDPM,fM3Trans,KS_Complement,0.797,0.797,,feature_fidelity,Generators/Diffusion GANs/9. MAGIC Gamma Telescope_diffusion.ipynb
9. MAGIC Gamma Telescope,TabDDPM,fLength,KS_Complement,0.788,0.788,,feature_fidelity,Generators/Diffusion GANs/9. MAGIC Gamma Telescope_diffusion.ipynb
9. MAGIC Gamma Telescope,TabDDPM,fM3Long,KS_Complement,0.77,0.77,,feature_fidelity,Generators/Diffusion GANs/9. MAGIC Gamma Telescope_diffusion.ipynb
9. MAGIC Gamma Telescope,TabDDPM,fAlpha,KS_Complement,0.713,0.713,,feature_fidelity,Generators/Diffusion GANs/9. MAGIC Gamma Telescope_diffusion.ipynb
9. MAGIC Gamma Telescope,TabDDPM,class,KS_Complement,2e-09,2e-09,,feature_fidelity,Generators/Diffusion GANs/9. MAGIC Gamma Telescope_diffusion.ipynb
9. MAGIC Gamma Telescope,ForestDiffusion,fSize,KS_Complement,0.965,0.965,,feature_fidelity,Generators/Diffusion GANs/9. MAGIC Gamma Telescope_diffusion.ipynb
9. MAGIC Gamma Telescope,ForestDiffusion,fLength,KS_Complement,0.964,0.964,,feature_fidelity,Generators/Diffusion GANs/9. MAGIC Gamma Telescope_diffusion.ipynb
9. MAGIC Gamma Telescope,ForestDiffusion,fConc,KS_Complement,0.964,0.964,,feature_fidelity,Generators/Diffusion GANs/9. MAGIC Gamma Telescope_diffusion.ipynb
9. MAGIC Gamma Telescope,ForestDiffusion,fDist,KS_Complement,0.96,0.96,,feature_fidelity,Generators/Diffusion GANs/9. MAGIC Gamma Telescope_diffusion.ipynb
9. MAGIC Gamma Telescope,ForestDiffusion,fConc1,KS_Complement,0.959,0.959,,feature_fidelity,Generators/Diffusion GANs/9. MAGIC Gamma Telescope_diffusion.ipynb
9. MAGIC Gamma Telescope,ForestDiffusion,fAlpha,KS_Complement,0.954,0.954,,feature_fidelity,Generators/Diffusion GANs/9. MAGIC Gamma Telescope_diffusion.ipynb
9. MAGIC Gamma Telescope,ForestDiffusion,fM3Trans,KS_Complement,0.948,0.948,,feature_fidelity,Generators/Diffusion GANs/9. MAGIC Gamma Telescope_diffusion.ipynb
9. MAGIC Gamma Telescope,ForestDiffusion,fM3Long,KS_Complement,0.945,0.945,,feature_fidelity,Generators/Diffusion GANs/9. MAGIC Gamma Telescope_diffusion.ipynb
9. MAGIC Gamma Telescope,ForestDiffusion,fWidth,KS_Complement,0.943,0.943,,feature_fidelity,Generators/Diffusion GANs/9. MAGIC Gamma Telescope_diffusion.ipynb
9. MAGIC Gamma Telescope,TabDDPM,fWidth,JS_Divergence,0.190961,0.190961,,feature_fidelity,Generators/Diffusion GANs/9. MAGIC Gamma Telescope_diffusion.ipynb
9. MAGIC Gamma Telescope,TabDDPM,fConc1,JS_Divergence,0.183698,0.183698,,feature_fidelity,Generators/Diffusion GANs/9. MAGIC Gamma Telescope_diffusion.ipynb
9. MAGIC Gamma Telescope,TabDDPM,fM3Long,JS_Divergence,0.180634,0.180634,,feature_fidelity,Generators/Diffusion GANs/9. MAGIC Gamma Telescope_diffusion.ipynb
9. MAGIC Gamma Telescope,TabDDPM,fConc,JS_Divergence,0.177629,0.177629,,feature_fidelity,Generators/Diffusion GANs/9. MAGIC Gamma Telescope_diffusion.ipynb
9. MAGIC Gamma Telescope,TabDDPM,fM3Trans,JS_Divergence,0.17624,0.17624,,feature_fidelity,Generators/Diffusion GANs/9. MAGIC Gamma Telescope_diffusion.ipynb
9. MAGIC Gamma Telescope,TabDDPM,fSize,JS_Divergence,0.167298,0.167298,,feature_fidelity,Generators/Diffusion GANs/9. MAGIC Gamma Telescope_diffusion.ipynb
9. MAGIC Gamma Telescope,TabDDPM,fAsym,JS_Divergence,0.148391,0.148391,,feature_fidelity,Generators/Diffusion GANs/9. MAGIC Gamma Telescope_diffusion.ipynb
9. MAGIC Gamma Telescope,TabDDPM,fLength,JS_Divergence,0.137247,0.137247,,feature_fidelity,Generators/Diffusion GANs/9. MAGIC Gamma Telescope_diffusion.ipynb
9. MAGIC Gamma Telescope,TabDDPM,fDist,JS_Divergence,0.118979,0.118979,,feature_fidelity,Generators/Diffusion GANs/9. MAGIC Gamma Telescope_diffusion.ipynb
9. MAGIC Gamma Telescope,TabDDPM,fAlpha,JS_Divergence,0.097282,0.097282,,feature_fidelity,Generators/Diffusion GANs/9. MAGIC Gamma Telescope_diffusion.ipynb
9. MAGIC Gamma Telescope,ForestDiffusion,fWidth,JS_Divergence,0.038713,0.038713,,feature_fidelity,Generators/Diffusion GANs/9. MAGIC Gamma Telescope_diffusion.ipynb
9. MAGIC Gamma Telescope,ForestDiffusion,fAsym,JS_Divergence,0.034306,0.034306,,feature_fidelity,Generators/Diffusion GANs/9. MAGIC Gamma Telescope_diffusion.ipynb
9. MAGIC Gamma Telescope,ForestDiffusion,fM3Trans,JS_Divergence,0.030114,0.030114,,feature_fidelity,Generators/Diffusion GANs/9. MAGIC Gamma Telescope_diffusion.ipynb
9. MAGIC Gamma Telescope,ForestDiffusion,fM3Long,JS_Divergence,0.0256,0.0256,,feature_fidelity,Generators/Diffusion GANs/9. MAGIC Gamma Telescope_diffusion.ipynb
9. MAGIC Gamma Telescope,ForestDiffusion,fSize,JS_Divergence,0.012272,0.012272,,feature_fidelity,Generators/Diffusion GANs/9. MAGIC Gamma Telescope_diffusion.ipynb
9. MAGIC Gamma Telescope,ForestDiffusion,fConc1,JS_Divergence,0.01154,0.01154,,feature_fidelity,Generators/Diffusion GANs/9. MAGIC Gamma Telescope_diffusion.ipynb
9. MAGIC Gamma Telescope,ForestDiffusion,fLength,JS_Divergence,0.011182,0.011182,,feature_fidelity,Generators/Diffusion GANs/9. MAGIC Gamma Telescope_diffusion.ipynb
9. MAGIC Gamma Telescope,ForestDiffusion,fDist,JS_Divergence,0.010472,0.010472,,feature_fidelity,Generators/Diffusion GANs/9. MAGIC Gamma Telescope_diffusion.ipynb
9. MAGIC Gamma Telescope,ForestDiffusion,fConc,JS_Divergence,0.008462,0.008462,,feature_fidelity,Generators/Diffusion GANs/9. MAGIC Gamma Telescope_diffusion.ipynb
9. MAGIC Gamma Telescope,ForestDiffusion,fAlpha,JS_Divergence,0.004156,0.004156,,feature_fidelity,Generators/Diffusion GANs/9. MAGIC Gamma Telescope_diffusion.ipynb
10. Metro interstate,CTGAN,snow_1h,KS_Complement,0.9982,0.9982,,feature_fidelity,Generators/SDV models/10. Metro Interstate Traffic Volume.ipynb
10. Metro interstate,CTGAN,temp,KS_Complement,0.9482,0.9482,,feature_fidelity,Generators/SDV models/10. Metro Interstate Traffic Volume.ipynb
10. Metro interstate,CTGAN,holiday,KS_Complement,0.8944,0.8944,,feature_fidelity,Generators/SDV models/10. Metro Interstate Traffic Volume.ipynb
10. Metro interstate,CTGAN,date_time,KS_Complement,0.8636,0.8636,,feature_fidelity,Generators/SDV models/10. Metro Interstate Traffic Volume.ipynb
10. Metro interstate,CTGAN,clouds_all,KS_Complement,0.807,0.807,,feature_fidelity,Generators/SDV models/10. Metro Interstate Traffic Volume.ipynb
10. Metro interstate,CTGAN,weather_main,KS_Complement,0.7782,0.7782,,feature_fidelity,Generators/SDV models/10. Metro Interstate Traffic Volume.ipynb
10. Metro interstate,CTGAN,weather_description,KS_Complement,0.7674,0.7674,,feature_fidelity,Generators/SDV models/10. Metro Interstate Traffic Volume.ipynb
10. Metro interstate,CTGAN,rain_1h,KS_Complement,0.6118,0.6118,,feature_fidelity,Generators/SDV models/10. Metro Interstate Traffic Volume.ipynb
10. Metro interstate,CopulaGAN,snow_1h,KS_Complement,0.9982,0.9982,,feature_fidelity,Generators/SDV models/10. Metro Interstate Traffic Volume.ipynb
10. Metro interstate,CopulaGAN,holiday,KS_Complement,0.9034,0.9034,,feature_fidelity,Generators/SDV models/10. Metro Interstate Traffic Volume.ipynb
10. Metro interstate,CopulaGAN,temp,KS_Complement,0.8894,0.8894,,feature_fidelity,Generators/SDV models/10. Metro Interstate Traffic Volume.ipynb
10. Metro interstate,CopulaGAN,date_time,KS_Complement,0.8832,0.8832,,feature_fidelity,Generators/SDV models/10. Metro Interstate Traffic Volume.ipynb
10. Metro interstate,CopulaGAN,clouds_all,KS_Complement,0.8286,0.8286,,feature_fidelity,Generators/SDV models/10. Metro Interstate Traffic Volume.ipynb
10. Metro interstate,CopulaGAN,weather_main,KS_Complement,0.7746,0.7746,,feature_fidelity,Generators/SDV models/10. Metro Interstate Traffic Volume.ipynb
10. Metro interstate,CopulaGAN,weather_description,KS_Complement,0.751,0.751,,feature_fidelity,Generators/SDV models/10. Metro Interstate Traffic Volume.ipynb
10. Metro interstate,CopulaGAN,rain_1h,KS_Complement,0.0704,0.0704,,feature_fidelity,Generators/SDV models/10. Metro Interstate Traffic Volume.ipynb
10. Metro interstate,TVAE,holiday,KS_Complement,0.999,0.999,,feature_fidelity,Generators/SDV models/10. Metro Interstate Traffic Volume.ipynb
10. Metro interstate,TVAE,snow_1h,KS_Complement,0.9982,0.9982,,feature_fidelity,Generators/SDV models/10. Metro Interstate Traffic Volume.ipynb
10. Metro interstate,TVAE,rain_1h,KS_Complement,0.9646,0.9646,,feature_fidelity,Generators/SDV models/10. Metro Interstate Traffic Volume.ipynb
10. Metro interstate,TVAE,weather_main,KS_Complement,0.9316,0.9316,,feature_fidelity,Generators/SDV models/10. Metro Interstate Traffic Volume.ipynb
10. Metro interstate,CTGAN,date_time,JS_Divergence,0.998561,0.998561,,feature_fidelity,Generators/SDV models/10. Metro Interstate Traffic Volume.ipynb
10. Metro interstate,CTGAN,rain_1h,JS_Divergence,0.280612,0.280612,,feature_fidelity,Generators/SDV models/10. Metro Interstate Traffic Volume.ipynb
10. Metro interstate,CTGAN,weather_description,JS_Divergence,0.060727,0.060727,,feature_fidelity,Generators/SDV models/10. Metro Interstate Traffic Volume.ipynb
10. Metro interstate,CTGAN,weather_main,JS_Divergence,0.053754,0.053754,,feature_fidelity,Generators/SDV models/10. Metro Interstate Traffic Volume.ipynb
10. Metro interstate,CTGAN,holiday,JS_Divergence,0.051837,0.051837,,feature_fidelity,Generators/SDV models/10. Metro Interstate Traffic Volume.ipynb
10. Metro interstate,CTGAN,clouds_all,JS_Divergence,0.027413,0.027413,,feature_fidelity,Generators/SDV models/10. Metro Interstate Traffic Volume.ipynb
10. Metro interstate,CTGAN,temp,JS_Divergence,0.016061,0.016061,,feature_fidelity,Generators/SDV models/10. Metro Interstate Traffic Volume.ipynb
10. Metro interstate,CTGAN,snow_1h,JS_Divergence,0.0,0.0,,feature_fidelity,Generators/SDV models/10. Metro Interstate Traffic Volume.ipynb
10. Metro interstate,CopulaGAN,date_time,JS_Divergence,1.0,1.0,,feature_fidelity,Generators/SDV models/10. Metro Interstate Traffic Volume.ipynb
10. Metro interstate,CopulaGAN,rain_1h,JS_Divergence,0.903054,0.903054,,feature_fidelity,Generators/SDV models/10. Metro Interstate Traffic Volume.ipynb
10. Metro interstate,CopulaGAN,weather_description,JS_Divergence,0.06788,0.06788,,feature_fidelity,Generators/SDV models/10. Metro Interstate Traffic Volume.ipynb
10. Metro interstate,CopulaGAN,clouds_all,JS_Divergence,0.056885,0.056885,,feature_fidelity,Generators/SDV models/10. Metro Interstate Traffic Volume.ipynb
10. Metro interstate,CopulaGAN,weather_main,JS_Divergence,0.056284,0.056284,,feature_fidelity,Generators/SDV models/10. Metro Interstate Traffic Volume.ipynb
10. Metro interstate,CopulaGAN,holiday,JS_Divergence,0.047042,0.047042,,feature_fidelity,Generators/SDV models/10. Metro Interstate Traffic Volume.ipynb
10. Metro interstate,CopulaGAN,temp,JS_Divergence,0.024776,0.024776,,feature_fidelity,Generators/SDV models/10. Metro Interstate Traffic Volume.ipynb
10. Metro interstate,CopulaGAN,snow_1h,JS_Divergence,0.0,0.0,,feature_fidelity,Generators/SDV models/10. Metro Interstate Traffic Volume.ipynb
10. Metro interstate,TVAE,date_time,JS_Divergence,0.998366,0.998366,,feature_fidelity,Generators/SDV models/10. Metro Interstate Traffic Volume.ipynb
10. Metro interstate,TVAE,weather_description,JS_Divergence,0.039442,0.039442,,feature_fidelity,Generators/SDV models/10. Metro Interstate Traffic Volume.ipynb
10. Metro interstate,TVAE,temp,JS_Divergence,0.015339,0.015339,,feature_fidelity,Generators/SDV models/10. Metro Interstate Traffic Volume.ipynb
10. Metro interstate,TVAE,clouds_all,JS_Divergence,0.014315,0.014315,,feature_fidelity,Generators/SDV models/10. Metro Interstate Traffic Volume.ipynb
10. Metro interstate,CTABGAN,holiday,KS_Complement,1.0,1.0,,feature_fidelity,Generators/Other GANS/10. Metro Interstate_other GAN.ipynb
10. Metro interstate,CTABGAN,day,KS_Complement,0.96,0.96,,feature_fidelity,Generators/Other GANS/10. Metro Interstate_other GAN.ipynb
10. Metro interstate,CTABGAN,month,KS_Complement,0.93,0.93,,feature_fidelity,Generators/Other GANS/10. Metro Interstate_other GAN.ipynb
10. Metro interstate,CTABGAN,year,KS_Complement,0.928,0.928,,feature_fidelity,Generators/Other GANS/10. Metro Interstate_other GAN.ipynb
10. Metro interstate,CTABGAN,temp,KS_Complement,0.926,0.926,,feature_fidelity,Generators/Other GANS/10. Metro Interstate_other GAN.ipynb
10. Metro interstate,CTABGAN,hour,KS_Complement,0.863,0.863,,feature_fidelity,Generators/Other GANS/10. Metro Interstate_other GAN.ipynb
10. Metro interstate,CTABGAN,dayofweek,KS_Complement,0.85,0.85,,feature_fidelity,Generators/Other GANS/10. Metro Interstate_other GAN.ipynb
10. Metro interstate,CTABGAN,clouds_all,KS_Complement,0.789,0.789,,feature_fidelity,Generators/Other GANS/10. Metro Interstate_other GAN.ipynb
10. Metro interstate,CTABGAN,weather_description,KS_Complement,0.677,0.677,,feature_fidelity,Generators/Other GANS/10. Metro Interstate_other GAN.ipynb
10. Metro interstate,CTABGAN,weather_main,KS_Complement,0.44,0.44,,feature_fidelity,Generators/Other GANS/10. Metro Interstate_other GAN.ipynb
10. Metro interstate,CTABGAN,rain_1h,KS_Complement,0.077,0.077,,feature_fidelity,Generators/Other GANS/10. Metro Interstate_other GAN.ipynb
10. Metro interstate,CTABGAN,snow_1h,KS_Complement,0.003,0.003,,feature_fidelity,Generators/Other GANS/10. Metro Interstate_other GAN.ipynb
10. Metro interstate,WGAN_GP,day,KS_Complement,0.94,0.94,,feature_fidelity,Generators/Other GANS/10. Metro Interstate_other GAN.ipynb
10. Metro interstate,WGAN_GP,month,KS_Complement,0.932,0.932,,feature_fidelity,Generators/Other GANS/10. Metro Interstate_other GAN.ipynb
10. Metro interstate,WGAN_GP,hour,KS_Complement,0.906,0.906,,feature_fidelity,Generators/Other GANS/10. Metro Interstate_other GAN.ipynb
10. Metro interstate,WGAN_GP,temp,KS_Complement,0.889,0.889,,feature_fidelity,Generators/Other GANS/10. Metro Interstate_other GAN.ipynb
10. Metro interstate,WGAN_GP,dayofweek,KS_Complement,0.844,0.844,,feature_fidelity,Generators/Other GANS/10. Metro Interstate_other GAN.ipynb
10. Metro interstate,WGAN_GP,year,KS_Complement,0.797,0.797,,feature_fidelity,Generators/Other GANS/10. Metro Interstate_other GAN.ipynb
10. Metro interstate,WGAN_GP,clouds_all,KS_Complement,0.74,0.74,,feature_fidelity,Generators/Other GANS/10. Metro Interstate_other GAN.ipynb
10. Metro interstate,WGAN_GP,weather_main,KS_Complement,0.71,0.71,,feature_fidelity,Generators/Other GANS/10. Metro Interstate_other GAN.ipynb
10. Metro interstate,CTABGAN,snow_1h,JS_Divergence,0.915272,0.915272,,feature_fidelity,Generators/Other GANS/10. Metro Interstate_other GAN.ipynb
10. Metro interstate,CTABGAN,rain_1h,JS_Divergence,0.793295,0.793295,,feature_fidelity,Generators/Other GANS/10. Metro Interstate_other GAN.ipynb
10. Metro interstate,CTABGAN,weather_main,JS_Divergence,0.287349,0.287349,,feature_fidelity,Generators/Other GANS/10. Metro Interstate_other GAN.ipynb
10. Metro interstate,CTABGAN,weather_description,JS_Divergence,0.12149,0.12149,,feature_fidelity,Generators/Other GANS/10. Metro Interstate_other GAN.ipynb
10. Metro interstate,CTABGAN,clouds_all,JS_Divergence,0.105335,0.105335,,feature_fidelity,Generators/Other GANS/10. Metro Interstate_other GAN.ipynb
10. Metro interstate,CTABGAN,dayofweek,JS_Divergence,0.048961,0.048961,,feature_fidelity,Generators/Other GANS/10. Metro Interstate_other GAN.ipynb
10. Metro interstate,CTABGAN,month,JS_Divergence,0.04881,0.04881,,feature_fidelity,Generators/Other GANS/10. Metro Interstate_other GAN.ipynb
10. Metro interstate,CTABGAN,hour,JS_Divergence,0.036451,0.036451,,feature_fidelity,Generators/Other GANS/10. Metro Interstate_other GAN.ipynb
10. Metro interstate,CTABGAN,temp,JS_Divergence,0.023752,0.023752,,feature_fidelity,Generators/Other GANS/10. Metro Interstate_other GAN.ipynb
10. Metro interstate,CTABGAN,day,JS_Divergence,0.014967,0.014967,,feature_fidelity,Generators/Other GANS/10. Metro Interstate_other GAN.ipynb
10. Metro interstate,CTABGAN,year,JS_Divergence,0.006591,0.006591,,feature_fidelity,Generators/Other GANS/10. Metro Interstate_other GAN.ipynb
10. Metro interstate,CTABGAN,holiday,JS_Divergence,0.000697,0.000697,,feature_fidelity,Generators/Other GANS/10. Metro Interstate_other GAN.ipynb
10. Metro interstate,WGAN_GP,holiday,JS_Divergence,1.0,1.0,,feature_fidelity,Generators/Other GANS/10. Metro Interstate_other GAN.ipynb
10. Metro interstate,WGAN_GP,snow_1h,JS_Divergence,0.946752,0.946752,,feature_fidelity,Generators/Other GANS/10. Metro Interstate_other GAN.ipynb
10. Metro interstate,WGAN_GP,rain_1h,JS_Divergence,0.892905,0.892905,,feature_fidelity,Generators/Other GANS/10. Metro Interstate_other GAN.ipynb
10. Metro interstate,WGAN_GP,clouds_all,JS_Divergence,0.312524,0.312524,,feature_fidelity,Generators/Other GANS/10. Metro Interstate_other GAN.ipynb
10. Metro interstate,WGAN_GP,weather_description,JS_Divergence,0.281957,0.281957,,feature_fidelity,Generators/Other GANS/10. Metro Interstate_other GAN.ipynb
10. Metro interstate,WGAN_GP,weather_main,JS_Divergence,0.10278,0.10278,,feature_fidelity,Generators/Other GANS/10. Metro Interstate_other GAN.ipynb
10. Metro interstate,WGAN_GP,hour,JS_Divergence,0.084378,0.084378,,feature_fidelity,Generators/Other GANS/10. Metro Interstate_other GAN.ipynb
10. Metro interstate,WGAN_GP,year,JS_Divergence,0.069653,0.069653,,feature_fidelity,Generators/Other GANS/10. Metro Interstate_other GAN.ipynb
10. Metro interstate,TabDDPM,snow_1h,KS_Complement,0.709,0.709,,feature_fidelity,Generators/Diffusion GANs/10. Metro Interstate_diffusion.ipynb
10. Metro interstate,TabDDPM,weather_main,KS_Complement,0.69,0.69,,feature_fidelity,Generators/Diffusion GANs/10. Metro Interstate_diffusion.ipynb
10. Metro interstate,TabDDPM,clouds_all,KS_Complement,0.569,0.569,,feature_fidelity,Generators/Diffusion GANs/10. Metro Interstate_diffusion.ipynb
10. Metro interstate,TabDDPM,rain_1h,KS_Complement,0.549,0.549,,feature_fidelity,Generators/Diffusion GANs/10. Metro Interstate_diffusion.ipynb
10. Metro interstate,TabDDPM,holiday,KS_Complement,0.479,0.479,,feature_fidelity,Generators/Diffusion GANs/10. Metro Interstate_diffusion.ipynb
10. Metro interstate,TabDDPM,temp,KS_Complement,0.479,0.479,,feature_fidelity,Generators/Diffusion GANs/10. Metro Interstate_diffusion.ipynb
10. Metro interstate,TabDDPM,weather_description,KS_Complement,0.467,0.467,,feature_fidelity,Generators/Diffusion GANs/10. Metro Interstate_diffusion.ipynb
10. Metro interstate,ForestDiffusion,holiday,KS_Complement,0.999,0.999,,feature_fidelity,Generators/Diffusion GANs/10. Metro Interstate_diffusion.ipynb
10. Metro interstate,ForestDiffusion,temp,KS_Complement,0.914,0.914,,feature_fidelity,Generators/Diffusion GANs/10. Metro Interstate_diffusion.ipynb
10. Metro interstate,ForestDiffusion,weather_main,KS_Complement,0.827,0.827,,feature_fidelity,Generators/Diffusion GANs/10. Metro Interstate_diffusion.ipynb
10. Metro interstate,ForestDiffusion,clouds_all,KS_Complement,0.751,0.751,,feature_fidelity,Generators/Diffusion GANs/10. Metro Interstate_diffusion.ipynb
10. Metro interstate,ForestDiffusion,weather_description,KS_Complement,0.688,0.688,,feature_fidelity,Generators/Diffusion GANs/10. Metro Interstate_diffusion.ipynb
10. Metro interstate,ForestDiffusion,snow_1h,KS_Complement,0.571,0.571,,feature_fidelity,Generators/Diffusion GANs/10. Metro Interstate_diffusion.ipynb
10. Metro interstate,ForestDiffusion,rain_1h,KS_Complement,0.491,0.491,,feature_fidelity,Generators/Diffusion GANs/10. Metro Interstate_diffusion.ipynb
10. Metro interstate,TabDDPM,temp,JS_Divergence,0.536778,0.536778,,feature_fidelity,Generators/Diffusion GANs/10. Metro Interstate_diffusion.ipynb
10. Metro interstate,TabDDPM,holiday,JS_Divergence,0.323996,0.323996,,feature_fidelity,Generators/Diffusion GANs/10. Metro Interstate_diffusion.ipynb
10. Metro interstate,TabDDPM,weather_description,JS_Divergence,0.302327,0.302327,,feature_fidelity,Generators/Diffusion GANs/10. Metro Interstate_diffusion.ipynb
10. Metro interstate,TabDDPM,rain_1h,JS_Divergence,0.298983,0.298983,,feature_fidelity,Generators/Diffusion GANs/10. Metro Interstate_diffusion.ipynb
10. Metro interstate,TabDDPM,weather_main,JS_Divergence,0.103824,0.103824,,feature_fidelity,Generators/Diffusion GANs/10. Metro Interstate_diffusion.ipynb
10. Metro interstate,TabDDPM,clouds_all,JS_Divergence,0.074494,0.074494,,feature_fidelity,Generators/Diffusion GANs/10. Metro Interstate_diffusion.ipynb
10. Metro interstate,TabDDPM,snow_1h,JS_Divergence,0.0,0.0,,feature_fidelity,Generators/Diffusion GANs/10. Metro Interstate_diffusion.ipynb
10. Metro interstate,ForestDiffusion,rain_1h,JS_Divergence,0.369157,0.369157,,feature_fidelity,Generators/Diffusion GANs/10. Metro Interstate_diffusion.ipynb
10. Metro interstate,ForestDiffusion,weather_description,JS_Divergence,0.146101,0.146101,,feature_fidelity,Generators/Diffusion GANs/10. Metro Interstate_diffusion.ipynb
10. Metro interstate,ForestDiffusion,clouds_all,JS_Divergence,0.058098,0.058098,,feature_fidelity,Generators/Diffusion GANs/10. Metro Interstate_diffusion.ipynb
10. Metro interstate,ForestDiffusion,weather_main,JS_Divergence,0.037048,0.037048,,feature_fidelity,Generators/Diffusion GANs/10. Metro Interstate_diffusion.ipynb
10. Metro interstate,ForestDiffusion,temp,JS_Divergence,0.031152,0.031152,,feature_fidelity,Generators/Diffusion GANs/10. Metro Interstate_diffusion.ipynb
10. Metro interstate,ForestDiffusion,holiday,JS_Divergence,0.0005,0.0005,,feature_fidelity,Generators/Diffusion GANs/10. Metro Interstate_diffusion.ipynb
10. Metro interstate,ForestDiffusion,snow_1h,JS_Divergence,0.0,0.0,,feature_fidelity,Generators/Diffusion GANs/10. Metro Interstate_diffusion.ipynb
11. online shopping,CTGAN,year,KS_Complement,1.0,1.0,,feature_fidelity,Generators/SDV models/11. Online Shopping.ipynb
11. online shopping,CTGAN,model_photography,KS_Complement,0.983,0.983,,feature_fidelity,Generators/SDV models/11. Online Shopping.ipynb
11. online shopping,CTGAN,price_2,KS_Complement,0.9784,0.9784,,feature_fidelity,Generators/SDV models/11. Online Shopping.ipynb
11. online shopping,CTGAN,location,KS_Complement,0.951,0.951,,feature_fidelity,Generators/SDV models/11. Online Shopping.ipynb
11. online shopping,CTGAN,country,KS_Complement,0.9416,0.9416,,feature_fidelity,Generators/SDV models/11. Online Shopping.ipynb
11. online shopping,CTGAN,page,KS_Complement,0.9368,0.9368,,feature_fidelity,Generators/SDV models/11. Online Shopping.ipynb
11. online shopping,CTGAN,month,KS_Complement,0.915,0.915,,feature_fidelity,Generators/SDV models/11. Online Shopping.ipynb
11. online shopping,CTGAN,page_1_main_category,KS_Complement,0.9086,0.9086,,feature_fidelity,Generators/SDV models/11. Online Shopping.ipynb
11. online shopping,CTGAN,day,KS_Complement,0.906,0.906,,feature_fidelity,Generators/SDV models/11. Online Shopping.ipynb
11. online shopping,CTGAN,page_2_clothing_model,KS_Complement,0.8884,0.8884,,feature_fidelity,Generators/SDV models/11. Online Shopping.ipynb
11. online shopping,CTGAN,colour,KS_Complement,0.7872,0.7872,,feature_fidelity,Generators/SDV models/11. Online Shopping.ipynb
11. online shopping,CTGAN,order,KS_Complement,0.7094,0.7094,,feature_fidelity,Generators/SDV models/11. Online Shopping.ipynb
11. online shopping,CopulaGAN,year,KS_Complement,1.0,1.0,,feature_fidelity,Generators/SDV models/11. Online Shopping.ipynb
11. online shopping,CopulaGAN,model_photography,KS_Complement,0.9878,0.9878,,feature_fidelity,Generators/SDV models/11. Online Shopping.ipynb
11. online shopping,CopulaGAN,price_2,KS_Complement,0.9616,0.9616,,feature_fidelity,Generators/SDV models/11. Online Shopping.ipynb
11. online shopping,CopulaGAN,page_1_main_category,KS_Complement,0.9466,0.9466,,feature_fidelity,Generators/SDV models/11. Online Shopping.ipynb
11. online shopping,CopulaGAN,page,KS_Complement,0.9396,0.9396,,feature_fidelity,Generators/SDV models/11. Online Shopping.ipynb
11. online shopping,CopulaGAN,country,KS_Complement,0.9146,0.9146,,feature_fidelity,Generators/SDV models/11. Online Shopping.ipynb
11. online shopping,CopulaGAN,location,KS_Complement,0.9094,0.9094,,feature_fidelity,Generators/SDV models/11. Online Shopping.ipynb
11. online shopping,CopulaGAN,day,KS_Complement,0.901,0.901,,feature_fidelity,Generators/SDV models/11. Online Shopping.ipynb
11. online shopping,CTGAN,price,JS_Divergence,0.285609,0.285609,,feature_fidelity,Generators/SDV models/11. Online Shopping.ipynb
11. online shopping,CTGAN,order,JS_Divergence,0.092683,0.092683,,feature_fidelity,Generators/SDV models/11. Online Shopping.ipynb
11. online shopping,CTGAN,colour,JS_Divergence,0.082385,0.082385,,feature_fidelity,Generators/SDV models/11. Online Shopping.ipynb
11. online shopping,CTGAN,day,JS_Divergence,0.020866,0.020866,,feature_fidelity,Generators/SDV models/11. Online Shopping.ipynb
11. online shopping,CTGAN,page_2_clothing_model,JS_Divergence,0.01499,0.01499,,feature_fidelity,Generators/SDV models/11. Online Shopping.ipynb
11. online shopping,CTGAN,month,JS_Divergence,0.007803,0.007803,,feature_fidelity,Generators/SDV models/11. Online Shopping.ipynb
11. online shopping,CTGAN,page_1_main_category,JS_Divergence,0.007062,0.007062,,feature_fidelity,Generators/SDV models/11. Online Shopping.ipynb
11. online shopping,CTGAN,page,JS_Divergence,0.004619,0.004619,,feature_fidelity,Generators/SDV models/11. Online Shopping.ipynb
11. online shopping,CTGAN,location,JS_Divergence,0.002811,0.002811,,feature_fidelity,Generators/SDV models/11. Online Shopping.ipynb
11. online shopping,CTGAN,price_2,JS_Divergence,0.000337,0.000337,,feature_fidelity,Generators/SDV models/11. Online Shopping.ipynb
11. online shopping,CTGAN,year,JS_Divergence,0.0,0.0,,feature_fidelity,Generators/SDV models/11. Online Shopping.ipynb
11. online shopping,CTGAN,country,JS_Divergence,0.0,0.0,,feature_fidelity,Generators/SDV models/11. Online Shopping.ipynb
11. online shopping,CTGAN,model_photography,JS_Divergence,0.0,0.0,,feature_fidelity,Generators/SDV models/11. Online Shopping.ipynb
11. online shopping,CopulaGAN,price,JS_Divergence,0.331762,0.331762,,feature_fidelity,Generators/SDV models/11. Online Shopping.ipynb
11. online shopping,CopulaGAN,order,JS_Divergence,0.183011,0.183011,,feature_fidelity,Generators/SDV models/11. Online Shopping.ipynb
11. online shopping,CopulaGAN,colour,JS_Divergence,0.104006,0.104006,,feature_fidelity,Generators/SDV models/11. Online Shopping.ipynb
11. online shopping,CopulaGAN,page_2_clothing_model,JS_Divergence,0.02229,0.02229,,feature_fidelity,Generators/SDV models/11. Online Shopping.ipynb
11. online shopping,CopulaGAN,month,JS_Divergence,0.016653,0.016653,,feature_fidelity,Generators/SDV models/11. Online Shopping.ipynb
11. online shopping,CopulaGAN,day,JS_Divergence,0.012629,0.012629,,feature_fidelity,Generators/SDV models/11. Online Shopping.ipynb
11. online shopping,CopulaGAN,location,JS_Divergence,0.008592,0.008592,,feature_fidelity,Generators/SDV models/11. Online Shopping.ipynb
11. online shopping,CTABGAN,order,KS_Complement,0.821,0.821,,feature_fidelity,Generators/Other GANS/11. Online shopping_other GAN.ipynb
11. online shopping,CTABGAN,price,KS_Complement,0.782,0.782,,feature_fidelity,Generators/Other GANS/11. Online shopping_other GAN.ipynb
11. online shopping,CTABGAN,location,KS_Complement,6e-09,6e-09,,feature_fidelity,Generators/Other GANS/11. Online shopping_other GAN.ipynb
11. online shopping,CTABGAN,month,KS_Complement,5e-09,5e-09,,feature_fidelity,Generators/Other GANS/11. Online shopping_other GAN.ipynb
11. online shopping,CTABGAN,page,KS_Complement,5e-09,5e-09,,feature_fidelity,Generators/Other GANS/11. Online shopping_other GAN.ipynb
11. online shopping,CTABGAN,page_1_main_category,KS_Complement,4e-09,4e-09,,feature_fidelity,Generators/Other GANS/11. Online shopping_other GAN.ipynb
11. online shopping,CTABGAN,model_photography,KS_Complement,2e-09,2e-09,,feature_fidelity,Generators/Other GANS/11. Online shopping_other GAN.ipynb
11. online shopping,CTABGAN,price_2,KS_Complement,2e-09,2e-09,,feature_fidelity,Generators/Other GANS/11. Online shopping_other GAN.ipynb
11. online shopping,WGAN_GP,price_2,KS_Complement,0.97,0.97,,feature_fidelity,Generators/Other GANS/11. Online shopping_other GAN.ipynb
11. online shopping,WGAN_GP,day,KS_Complement,0.915,0.915,,feature_fidelity,Generators/Other GANS/11. Online shopping_other GAN.ipynb
11. online shopping,WGAN_GP,price,KS_Complement,0.893,0.893,,feature_fidelity,Generators/Other GANS/11. Online shopping_other GAN.ipynb
11. online shopping,WGAN_GP,location,KS_Complement,0.883,0.883,,feature_fidelity,Generators/Other GANS/11. Online shopping_other GAN.ipynb
11. online shopping,WGAN_GP,page_1_main_category,KS_Complement,0.845,0.845,,feature_fidelity,Generators/Other GANS/11. Online shopping_other GAN.ipynb
11. online shopping,WGAN_GP,month,KS_Complement,0.843,0.843,,feature_fidelity,Generators/Other GANS/11. Online shopping_other GAN.ipynb
11. online shopping,WGAN_GP,page_2_clothing_model,KS_Complement,0.834,0.834,,feature_fidelity,Generators/Other GANS/11. Online shopping_other GAN.ipynb
11. online shopping,WGAN_GP,page,KS_Complement,0.83,0.83,,feature_fidelity,Generators/Other GANS/11. Online shopping_other GAN.ipynb
11. online shopping,CTABGAN,order,JS_Divergence,0.073598,0.073598,,feature_fidelity,Generators/Other GANS/11. Online shopping_other GAN.ipynb
11. online shopping,CTABGAN,page_2_clothing_model,JS_Divergence,0.010948,0.010948,,feature_fidelity,Generators/Other GANS/11. Online shopping_other GAN.ipynb
11. online shopping,CTABGAN,price_2,JS_Divergence,0.008347,0.008347,,feature_fidelity,Generators/Other GANS/11. Online shopping_other GAN.ipynb
11. online shopping,CTABGAN,colour,JS_Divergence,0.005784,0.005784,,feature_fidelity,Generators/Other GANS/11. Online shopping_other GAN.ipynb
11. online shopping,CTABGAN,page_1_main_category,JS_Divergence,0.003458,0.003458,,feature_fidelity,Generators/Other GANS/11. Online shopping_other GAN.ipynb
11. online shopping,CTABGAN,location,JS_Divergence,0.003333,0.003333,,feature_fidelity,Generators/Other GANS/11. Online shopping_other GAN.ipynb
11. online shopping,CTABGAN,page,JS_Divergence,0.003195,0.003195,,feature_fidelity,Generators/Other GANS/11. Online shopping_other GAN.ipynb
11. online shopping,CTABGAN,day,JS_Divergence,0.003073,0.003073,,feature_fidelity,Generators/Other GANS/11. Online shopping_other GAN.ipynb
11. online shopping,CTABGAN,month,JS_Divergence,0.00111,0.00111,,feature_fidelity,Generators/Other GANS/11. Online shopping_other GAN.ipynb
11. online shopping,CTABGAN,model_photography,JS_Divergence,0.000584,0.000584,,feature_fidelity,Generators/Other GANS/11. Online shopping_other GAN.ipynb
11. online shopping,CTABGAN,country,JS_Divergence,0.0,0.0,,feature_fidelity,Generators/Other GANS/11. Online shopping_other GAN.ipynb
11. online shopping,WGAN_GP,country,JS_Divergence,0.649803,0.649803,,feature_fidelity,Generators/Other GANS/11. Online shopping_other GAN.ipynb
11. online shopping,WGAN_GP,order,JS_Divergence,0.232361,0.232361,,feature_fidelity,Generators/Other GANS/11. Online shopping_other GAN.ipynb
11. online shopping,WGAN_GP,colour,JS_Divergence,0.06511,0.06511,,feature_fidelity,Generators/Other GANS/11. Online shopping_other GAN.ipynb
11. online shopping,WGAN_GP,page,JS_Divergence,0.040844,0.040844,,feature_fidelity,Generators/Other GANS/11. Online shopping_other GAN.ipynb
11. online shopping,WGAN_GP,day,JS_Divergence,0.040173,0.040173,,feature_fidelity,Generators/Other GANS/11. Online shopping_other GAN.ipynb
11. online shopping,WGAN_GP,model_photography,JS_Divergence,0.035489,0.035489,,feature_fidelity,Generators/Other GANS/11. Online shopping_other GAN.ipynb
11. online shopping,WGAN_GP,month,JS_Divergence,0.024299,0.024299,,feature_fidelity,Generators/Other GANS/11. Online shopping_other GAN.ipynb
11. online shopping,WGAN_GP,page_2_clothing_model,JS_Divergence,0.023071,0.023071,,feature_fidelity,Generators/Other GANS/11. Online shopping_other GAN.ipynb
11. online shopping,WGAN_GP,page_1_main_category,JS_Divergence,0.019543,0.019543,,feature_fidelity,Generators/Other GANS/11. Online shopping_other GAN.ipynb
11. online shopping,TabDDPM,year,KS_Complement,1.0,1.0,,feature_fidelity,Generators/Diffusion GANs/11. Online shopping_diffusion.ipynb
11. online shopping,TabDDPM,price_2,KS_Complement,0.952,0.952,,feature_fidelity,Generators/Diffusion GANs/11. Online shopping_diffusion.ipynb
11. online shopping,TabDDPM,page,KS_Complement,0.555,0.555,,feature_fidelity,Generators/Diffusion GANs/11. Online shopping_diffusion.ipynb
11. online shopping,TabDDPM,page_2_clothing_model,KS_Complement,0.488,0.488,,feature_fidelity,Generators/Diffusion GANs/11. Online shopping_diffusion.ipynb
11. online shopping,TabDDPM,order,KS_Complement,0.468,0.468,,feature_fidelity,Generators/Diffusion GANs/11. Online shopping_diffusion.ipynb
11. online shopping,TabDDPM,price,KS_Complement,0.464,0.464,,feature_fidelity,Generators/Diffusion GANs/11. Online shopping_diffusion.ipynb
11. online shopping,TabDDPM,day,KS_Complement,0.455,0.455,,feature_fidelity,Generators/Diffusion GANs/11. Online shopping_diffusion.ipynb
11. online shopping,TabDDPM,month,KS_Complement,0.38,0.38,,feature_fidelity,Generators/Diffusion GANs/11. Online shopping_diffusion.ipynb
11. online shopping,TabDDPM,location,KS_Complement,6e-09,6e-09,,feature_fidelity,Generators/Diffusion GANs/11. Online shopping_diffusion.ipynb
11. online shopping,TabDDPM,page_1_main_category,KS_Complement,3e-09,3e-09,,feature_fidelity,Generators/Diffusion GANs/11. Online shopping_diffusion.ipynb
11. online shopping,TabDDPM,model_photography,KS_Complement,2e-09,2e-09,,feature_fidelity,Generators/Diffusion GANs/11. Online shopping_diffusion.ipynb
11. online shopping,ForestDiffusion,year,KS_Complement,1.0,1.0,,feature_fidelity,Generators/Diffusion GANs/11. Online shopping_diffusion.ipynb
11. online shopping,ForestDiffusion,day,KS_Complement,0.921,0.921,,feature_fidelity,Generators/Diffusion GANs/11. Online shopping_diffusion.ipynb
11. online shopping,ForestDiffusion,price,KS_Complement,0.884,0.884,,feature_fidelity,Generators/Diffusion GANs/11. Online shopping_diffusion.ipynb
11. online shopping,ForestDiffusion,page_2_clothing_model,KS_Complement,0.835,0.835,,feature_fidelity,Generators/Diffusion GANs/11. Online shopping_diffusion.ipynb
11. online shopping,ForestDiffusion,order,KS_Complement,0.75,0.75,,feature_fidelity,Generators/Diffusion GANs/11. Online shopping_diffusion.ipynb
11. online shopping,ForestDiffusion,price_2,KS_Complement,0.4950005,0.4950005,,feature_fidelity,Generators/Diffusion GANs/11. Online shopping_diffusion.ipynb
11. online shopping,ForestDiffusion,page,KS_Complement,0.1500008,0.1500008,,feature_fidelity,Generators/Diffusion GANs/11. Online shopping_diffusion.ipynb
11. online shopping,TabDDPM,country,JS_Divergence,0.489207,0.489207,,feature_fidelity,Generators/Diffusion GANs/11. Online shopping_diffusion.ipynb
11. online shopping,TabDDPM,day,JS_Divergence,0.437682,0.437682,,feature_fidelity,Generators/Diffusion GANs/11. Online shopping_diffusion.ipynb
11. online shopping,TabDDPM,month,JS_Divergence,0.433832,0.433832,,feature_fidelity,Generators/Diffusion GANs/11. Online shopping_diffusion.ipynb
11. online shopping,TabDDPM,page,JS_Divergence,0.394969,0.394969,,feature_fidelity,Generators/Diffusion GANs/11. Online shopping_diffusion.ipynb
11. online shopping,TabDDPM,order,JS_Divergence,0.370753,0.370753,,feature_fidelity,Generators/Diffusion GANs/11. Online shopping_diffusion.ipynb
11. online shopping,TabDDPM,page_1_main_category,JS_Divergence,0.290086,0.290086,,feature_fidelity,Generators/Diffusion GANs/11. Online shopping_diffusion.ipynb
11. online shopping,TabDDPM,colour,JS_Divergence,0.252321,0.252321,,feature_fidelity,Generators/Diffusion GANs/11. Online shopping_diffusion.ipynb
11. online shopping,TabDDPM,model_photography,JS_Divergence,0.247731,0.247731,,feature_fidelity,Generators/Diffusion GANs/11. Online shopping_diffusion.ipynb
11. online shopping,TabDDPM,page_2_clothing_model,JS_Divergence,0.149746,0.149746,,feature_fidelity,Generators/Diffusion GANs/11. Online shopping_diffusion.ipynb
11. online shopping,TabDDPM,location,JS_Divergence,0.100497,0.100497,,feature_fidelity,Generators/Diffusion GANs/11. Online shopping_diffusion.ipynb
11. online shopping,TabDDPM,price_2,JS_Divergence,0.001663,0.001663,,feature_fidelity,Generators/Diffusion GANs/11. Online shopping_diffusion.ipynb
11. online shopping,TabDDPM,year,JS_Divergence,0.0,0.0,,feature_fidelity,Generators/Diffusion GANs/11. Online shopping_diffusion.ipynb
11. online shopping,ForestDiffusion,page,JS_Divergence,0.312229,0.312229,,feature_fidelity,Generators/Diffusion GANs/11. Online shopping_diffusion.ipynb
11. online shopping,ForestDiffusion,month,JS_Divergence,0.190124,0.190124,,feature_fidelity,Generators/Diffusion GANs/11. Online shopping_diffusion.ipynb
11. online shopping,ForestDiffusion,page_2_clothing_model,JS_Divergence,0.14885,0.14885,,feature_fidelity,Generators/Diffusion GANs/11. Online shopping_diffusion.ipynb
11. online shopping,ForestDiffusion,order,JS_Divergence,0.145486,0.145486,,feature_fidelity,Generators/Diffusion GANs/11. Online shopping_diffusion.ipynb
11. online shopping,ForestDiffusion,colour,JS_Divergence,0.07755,0.07755,,feature_fidelity,Generators/Diffusion GANs/11. Online shopping_diffusion.ipynb
11. online shopping,ForestDiffusion,location,JS_Divergence,0.032549,0.032549,,feature_fidelity,Generators/Diffusion GANs/11. Online shopping_diffusion.ipynb
11. online shopping,ForestDiffusion,day,JS_Divergence,0.027103,0.027103,,feature_fidelity,Generators/Diffusion GANs/11. Online shopping_diffusion.ipynb
11. online shopping,ForestDiffusion,price_2,JS_Divergence,0.016705,0.016705,,feature_fidelity,Generators/Diffusion GANs/11. Online shopping_diffusion.ipynb
12. Air Quality,CTGAN,RH,KS_Complement,0.941,0.941,,feature_fidelity,Generators/SDV models/12. Air Quality.ipynb
12. Air Quality,CTGAN,PT08.S5(O3),KS_Complement,0.93,0.93,,feature_fidelity,Generators/SDV models/12. Air Quality.ipynb
12. Air Quality,CTGAN,PT08.S4(NO2),KS_Complement,0.901,0.901,,feature_fidelity,Generators/SDV models/12. Air Quality.ipynb
12. Air Quality,CTGAN,PT08.S3(NOx),KS_Complement,0.879,0.879,,feature_fidelity,Generators/SDV models/12. Air Quality.ipynb
12. Air Quality,CTGAN,CO(GT),KS_Complement,0.865,0.865,,feature_fidelity,Generators/SDV models/12. Air Quality.ipynb
12. Air Quality,CTGAN,NO2(GT),KS_Complement,0.836,0.836,,feature_fidelity,Generators/SDV models/12. Air Quality.ipynb
12. Air Quality,CTGAN,T,KS_Complement,0.825,0.825,,feature_fidelity,Generators/SDV models/12. Air Quality.ipynb
12. Air Quality,CTGAN,C6H6(GT),KS_Complement,0.824,0.824,,feature_fidelity,Generators/SDV models/12. Air Quality.ipynb
12. Air Quality,CTGAN,PT08.S2(NMHC),KS_Complement,0.807,0.807,,feature_fidelity,Generators/SDV models/12. Air Quality.ipynb
12. Air Quality,CTGAN,NOx(GT),KS_Complement,0.793,0.793,,feature_fidelity,Generators/SDV models/12. Air Quality.ipynb
12. Air Quality,CTGAN,AH,KS_Complement,0.776,0.776,,feature_fidelity,Generators/SDV models/12. Air Quality.ipynb
12. Air Quality,CTGAN,PT08.S1(CO),KS_Complement,0.714,0.714,,feature_fidelity,Generators/SDV models/12. Air Quality.ipynb
12. Air Quality,CTGAN,NMHC(GT),KS_Complement,0.339,0.339,,feature_fidelity,Generators/SDV models/12. Air Quality.ipynb
12. Air Quality,CopulaGAN,PT08.S5(O3),KS_Complement,0.912,0.912,,feature_fidelity,Generators/SDV models/12. Air Quality.ipynb
12. Air Quality,CopulaGAN,NOx(GT),KS_Complement,0.872,0.872,,feature_fidelity,Generators/SDV models/12. Air Quality.ipynb
12. Air Quality,CopulaGAN,CO(GT),KS_Complement,0.817,0.817,,feature_fidelity,Generators/SDV models/12. Air Quality.ipynb
12. Air Quality,CopulaGAN,PT08.S1(CO),KS_Complement,0.78,0.78,,feature_fidelity,Generators/SDV models/12. Air Quality.ipynb
12. Air Quality,CopulaGAN,PT08.S3(NOx),KS_Complement,0.779,0.779,,feature_fidelity,Generators/SDV models/12. Air Quality.ipynb
12. Air Quality,CopulaGAN,AH,KS_Complement,0.759,0.759,,feature_fidelity,Generators/SDV models/12. Air Quality.ipynb
12. Air Quality,CopulaGAN,RH,KS_Complement,0.727,0.727,,feature_fidelity,Generators/SDV models/12. Air Quality.ipynb
12. Air Quality,CTGAN,NMHC(GT),JS_Divergence,0.779892,0.779892,,feature_fidelity,Generators/SDV models/12. Air Quality.ipynb
12. Air Quality,CTGAN,PT08.S1(CO),JS_Divergence,0.127106,0.127106,,feature_fidelity,Generators/SDV models/12. Air Quality.ipynb
12. Air Quality,CTGAN,CO(GT),JS_Divergence,0.084614,0.084614,,feature_fidelity,Generators/SDV models/12. Air Quality.ipynb
12. Air Quality,CTGAN,NOx(GT),JS_Divergence,0.078746,0.078746,,feature_fidelity,Generators/SDV models/12. Air Quality.ipynb
12. Air Quality,CTGAN,NO2(GT),JS_Divergence,0.072724,0.072724,,feature_fidelity,Generators/SDV models/12. Air Quality.ipynb
12. Air Quality,CTGAN,AH,JS_Divergence,0.069913,0.069913,,feature_fidelity,Generators/SDV models/12. Air Quality.ipynb
12. Air Quality,CTGAN,PT08.S2(NMHC),JS_Divergence,0.061728,0.061728,,feature_fidelity,Generators/SDV models/12. Air Quality.ipynb
12. Air Quality,CTGAN,C6H6(GT),JS_Divergence,0.060879,0.060879,,feature_fidelity,Generators/SDV models/12. Air Quality.ipynb
12. Air Quality,CTGAN,PT08.S3(NOx),JS_Divergence,0.058235,0.058235,,feature_fidelity,Generators/SDV models/12. Air Quality.ipynb
12. Air Quality,CTGAN,T,JS_Divergence,0.058001,0.058001,,feature_fidelity,Generators/SDV models/12. Air Quality.ipynb
12. Air Quality,CTGAN,RH,JS_Divergence,0.05428,0.05428,,feature_fidelity,Generators/SDV models/12. Air Quality.ipynb
12. Air Quality,CTGAN,PT08.S5(O3),JS_Divergence,0.043336,0.043336,,feature_fidelity,Generators/SDV models/12. Air Quality.ipynb
12. Air Quality,CTGAN,PT08.S4(NO2),JS_Divergence,0.040524,0.040524,,feature_fidelity,Generators/SDV models/12. Air Quality.ipynb
12. Air Quality,CopulaGAN,NMHC(GT),JS_Divergence,0.741649,0.741649,,feature_fidelity,Generators/SDV models/12. Air Quality.ipynb
12. Air Quality,CopulaGAN,T,JS_Divergence,0.262699,0.262699,,feature_fidelity,Generators/SDV models/12. Air Quality.ipynb
12. Air Quality,CopulaGAN,PT08.S2(NMHC),JS_Divergence,0.20809,0.20809,,feature_fidelity,Generators/SDV models/12. Air Quality.ipynb
12. Air Quality,CopulaGAN,NO2(GT),JS_Divergence,0.13374,0.13374,,feature_fidelity,Generators/SDV models/12. Air Quality.ipynb
12. Air Quality,CopulaGAN,C6H6(GT),JS_Divergence,0.119885,0.119885,,feature_fidelity,Generators/SDV models/12. Air Quality.ipynb
12. Air Quality,CopulaGAN,RH,JS_Divergence,0.095856,0.095856,,feature_fidelity,Generators/SDV models/12. Air Quality.ipynb
12. Air Quality,CopulaGAN,AH,JS_Divergence,0.090062,0.090062,,feature_fidelity,Generators/SDV models/12. Air Quality.ipynb
12. Air Quality,CTABGAN,T,KS_Complement,0.954,0.954,,feature_fidelity,Generators/Other GANS/12. Air Quality_other GAN.ipynb
12. Air Quality,CTABGAN,RH,KS_Complement,0.945,0.945,,feature_fidelity,Generators/Other GANS/12. Air Quality_other GAN.ipynb
12. Air Quality,CTABGAN,PT08.S5(O3),KS_Complement,0.937,0.937,,feature_fidelity,Generators/Other GANS/12. Air Quality_other GAN.ipynb
12. Air Quality,CTABGAN,PT08.S4(NO2),KS_Complement,0.934,0.934,,feature_fidelity,Generators/Other GANS/12. Air Quality_other GAN.ipynb
12. Air Quality,CTABGAN,PT08.S2(NMHC),KS_Complement,0.929,0.929,,feature_fidelity,Generators/Other GANS/12. Air Quality_other GAN.ipynb
12. Air Quality,CTABGAN,PT08.S1(CO),KS_Complement,0.927,0.927,,feature_fidelity,Generators/Other GANS/12. Air Quality_other GAN.ipynb
12. Air Quality,CTABGAN,AH,KS_Complement,0.925,0.925,,feature_fidelity,Generators/Other GANS/12. Air Quality_other GAN.ipynb
12. Air Quality,CTABGAN,C6H6(GT),KS_Complement,0.905,0.905,,feature_fidelity,Generators/Other GANS/12. Air Quality_other GAN.ipynb
12. Air Quality,CTABGAN,NOx(GT),KS_Complement,0.901,0.901,,feature_fidelity,Generators/Other GANS/12. Air Quality_other GAN.ipynb
12. Air Quality,CTABGAN,CO(GT),KS_Complement,0.832,0.832,,feature_fidelity,Generators/Other GANS/12. Air Quality_other GAN.ipynb
12. Air Quality,CTABGAN,PT08.S3(NOx),KS_Complement,0.819,0.819,,feature_fidelity,Generators/Other GANS/12. Air Quality_other GAN.ipynb
12. Air Quality,CTABGAN,NO2(GT),KS_Complement,0.8,0.8,,feature_fidelity,Generators/Other GANS/12. Air Quality_other GAN.ipynb
12. Air Quality,CTABGAN,NMHC(GT),KS_Complement,0.541,0.541,,feature_fidelity,Generators/Other GANS/12. Air Quality_other GAN.ipynb
12. Air Quality,WGAN_GP,PT08.S2(NMHC),KS_Complement,0.941,0.941,,feature_fidelity,Generators/Other GANS/12. Air Quality_other GAN.ipynb
12. Air Quality,WGAN_GP,PT08.S3(NOx),KS_Complement,0.937,0.937,,feature_fidelity,Generators/Other GANS/12. Air Quality_other GAN.ipynb
12. Air Quality,WGAN_GP,PT08.S5(O3),KS_Complement,0.934,0.934,,feature_fidelity,Generators/Other GANS/12. Air Quality_other GAN.ipynb
12. Air Quality,WGAN_GP,RH,KS_Complement,0.933,0.933,,feature_fidelity,Generators/Other GANS/12. Air Quality_other GAN.ipynb
12. Air Quality,WGAN_GP,PT08.S4(NO2),KS_Complement,0.931,0.931,,feature_fidelity,Generators/Other GANS/12. Air Quality_other GAN.ipynb
12. Air Quality,WGAN_GP,T,KS_Complement,0.914,0.914,,feature_fidelity,Generators/Other GANS/12. Air Quality_other GAN.ipynb
12. Air Quality,WGAN_GP,AH,KS_Complement,0.899,0.899,,feature_fidelity,Generators/Other GANS/12. Air Quality_other GAN.ipynb
12. Air Quality,CTABGAN,NMHC(GT),JS_Divergence,0.933336,0.933336,,feature_fidelity,Generators/Other GANS/12. Air Quality_other GAN.ipynb
12. Air Quality,CTABGAN,NO2(GT),JS_Divergence,0.056183,0.056183,,feature_fidelity,Generators/Other GANS/12. Air Quality_other GAN.ipynb
12. Air Quality,CTABGAN,PT08.S3(NOx),JS_Divergence,0.039215,0.039215,,feature_fidelity,Generators/Other GANS/12. Air Quality_other GAN.ipynb
12. Air Quality,CTABGAN,NOx(GT),JS_Divergence,0.038158,0.038158,,feature_fidelity,Generators/Other GANS/12. Air Quality_other GAN.ipynb
12. Air Quality,CTABGAN,PT08.S1(CO),JS_Divergence,0.026638,0.026638,,feature_fidelity,Generators/Other GANS/12. Air Quality_other GAN.ipynb
12. Air Quality,CTABGAN,PT08.S4(NO2),JS_Divergence,0.025732,0.025732,,feature_fidelity,Generators/Other GANS/12. Air Quality_other GAN.ipynb
12. Air Quality,CTABGAN,RH,JS_Divergence,0.023196,0.023196,,feature_fidelity,Generators/Other GANS/12. Air Quality_other GAN.ipynb
12. Air Quality,CTABGAN,C6H6(GT),JS_Divergence,0.021551,0.021551,,feature_fidelity,Generators/Other GANS/12. Air Quality_other GAN.ipynb
12. Air Quality,CTABGAN,AH,JS_Divergence,0.021158,0.021158,,feature_fidelity,Generators/Other GANS/12. Air Quality_other GAN.ipynb
12. Air Quality,CTABGAN,PT08.S2(NMHC),JS_Divergence,0.016527,0.016527,,feature_fidelity,Generators/Other GANS/12. Air Quality_other GAN.ipynb
12. Air Quality,CTABGAN,PT08.S5(O3),JS_Divergence,0.01561,0.01561,,feature_fidelity,Generators/Other GANS/12. Air Quality_other GAN.ipynb
12. Air Quality,CTABGAN,T,JS_Divergence,0.014761,0.014761,,feature_fidelity,Generators/Other GANS/12. Air Quality_other GAN.ipynb
12. Air Quality,WGAN_GP,NMHC(GT),JS_Divergence,0.793483,0.793483,,feature_fidelity,Generators/Other GANS/12. Air Quality_other GAN.ipynb
12. Air Quality,WGAN_GP,PT08.S1(CO),JS_Divergence,0.210773,0.210773,,feature_fidelity,Generators/Other GANS/12. Air Quality_other GAN.ipynb
12. Air Quality,WGAN_GP,NOx(GT),JS_Divergence,0.125178,0.125178,,feature_fidelity,Generators/Other GANS/12. Air Quality_other GAN.ipynb
12. Air Quality,WGAN_GP,C6H6(GT),JS_Divergence,0.090107,0.090107,,feature_fidelity,Generators/Other GANS/12. Air Quality_other GAN.ipynb
12. Air Quality,WGAN_GP,NO2(GT),JS_Divergence,0.072569,0.072569,,feature_fidelity,Generators/Other GANS/12. Air Quality_other GAN.ipynb
12. Air Quality,WGAN_GP,RH,JS_Divergence,0.052841,0.052841,,feature_fidelity,Generators/Other GANS/12. Air Quality_other GAN.ipynb
12. Air Quality,WGAN_GP,PT08.S4(NO2),JS_Divergence,0.041436,0.041436,,feature_fidelity,Generators/Other GANS/12. Air Quality_other GAN.ipynb
12. Air Quality,WGAN_GP,PT08.S2(NMHC),JS_Divergence,0.038364,0.038364,,feature_fidelity,Generators/Other GANS/12. Air Quality_other GAN.ipynb
12. Air Quality,TabDDPM,NMHC(GT),KS_Complement,0.922,0.922,,feature_fidelity,Generators/Diffusion GANs/12. Air Quality_diffusion.ipynb
12. Air Quality,TabDDPM,RH,KS_Complement,0.812,0.812,,feature_fidelity,Generators/Diffusion GANs/12. Air Quality_diffusion.ipynb
12. Air Quality,TabDDPM,CO(GT),KS_Complement,0.781,0.781,,feature_fidelity,Generators/Diffusion GANs/12. Air Quality_diffusion.ipynb
12. Air Quality,TabDDPM,NOx(GT),KS_Complement,0.78,0.78,,feature_fidelity,Generators/Diffusion GANs/12. Air Quality_diffusion.ipynb
12. Air Quality,TabDDPM,NO2(GT),KS_Complement,0.779,0.779,,feature_fidelity,Generators/Diffusion GANs/12. Air Quality_diffusion.ipynb
12. Air Quality,TabDDPM,PT08.S1(CO),KS_Complement,0.77,0.77,,feature_fidelity,Generators/Diffusion GANs/12. Air Quality_diffusion.ipynb
12. Air Quality,TabDDPM,PT08.S4(NO2),KS_Complement,0.77,0.77,,feature_fidelity,Generators/Diffusion GANs/12. Air Quality_diffusion.ipynb
12. Air Quality,TabDDPM,PT08.S5(O3),KS_Complement,0.767,0.767,,feature_fidelity,Generators/Diffusion GANs/12. Air Quality_diffusion.ipynb
12. Air Quality,TabDDPM,C6H6(GT),KS_Complement,0.764,0.764,,feature_fidelity,Generators/Diffusion GANs/12. Air Quality_diffusion.ipynb
12. Air Quality,TabDDPM,PT08.S2(NMHC),KS_Complement,0.763,0.763,,feature_fidelity,Generators/Diffusion GANs/12. Air Quality_diffusion.ipynb
12. Air Quality,TabDDPM,PT08.S3(NOx),KS_Complement,0.763,0.763,,feature_fidelity,Generators/Diffusion GANs/12. Air Quality_diffusion.ipynb
12. Air Quality,TabDDPM,AH,KS_Complement,0.752,0.752,,feature_fidelity,Generators/Diffusion GANs/12. Air Quality_diffusion.ipynb
12. Air Quality,TabDDPM,T,KS_Complement,0.627,0.627,,feature_fidelity,Generators/Diffusion GANs/12. Air Quality_diffusion.ipynb
12. Air Quality,ForestDiffusion,PT08.S1(CO),KS_Complement,0.979,0.979,,feature_fidelity,Generators/Diffusion GANs/12. Air Quality_diffusion.ipynb
12. Air Quality,ForestDiffusion,PT08.S5(O3),KS_Complement,0.977,0.977,,feature_fidelity,Generators/Diffusion GANs/12. Air Quality_diffusion.ipynb
12. Air Quality,ForestDiffusion,CO(GT),KS_Complement,0.976,0.976,,feature_fidelity,Generators/Diffusion GANs/12. Air Quality_diffusion.ipynb
12. Air Quality,ForestDiffusion,PT08.S3(NOx),KS_Complement,0.969,0.969,,feature_fidelity,Generators/Diffusion GANs/12. Air Quality_diffusion.ipynb
12. Air Quality,ForestDiffusion,RH,KS_Complement,0.969,0.969,,feature_fidelity,Generators/Diffusion GANs/12. Air Quality_diffusion.ipynb
12. Air Quality,ForestDiffusion,AH,KS_Complement,0.965,0.965,,feature_fidelity,Generators/Diffusion GANs/12. Air Quality_diffusion.ipynb
12. Air Quality,ForestDiffusion,PT08.S4(NO2),KS_Complement,0.965,0.965,,feature_fidelity,Generators/Diffusion GANs/12. Air Quality_diffusion.ipynb
12. Air Quality,TabDDPM,PT08.S1(CO),JS_Divergence,0.262476,0.262476,,feature_fidelity,Generators/Diffusion GANs/12. Air Quality_diffusion.ipynb
12. Air Quality,TabDDPM,PT08.S4(NO2),JS_Divergence,0.250818,0.250818,,feature_fidelity,Generators/Diffusion GANs/12. Air Quality_diffusion.ipynb
12. Air Quality,TabDDPM,PT08.S3(NOx),JS_Divergence,0.249172,0.249172,,feature_fidelity,Generators/Diffusion GANs/12. Air Quality_diffusion.ipynb
12. Air Quality,TabDDPM,PT08.S5(O3),JS_Divergence,0.247965,0.247965,,feature_fidelity,Generators/Diffusion GANs/12. Air Quality_diffusion.ipynb
12. Air Quality,TabDDPM,PT08.S2(NMHC),JS_Divergence,0.247495,0.247495,,feature_fidelity,Generators/Diffusion GANs/12. Air Quality_diffusion.ipynb
12. Air Quality,TabDDPM,NO2(GT),JS_Divergence,0.225416,0.225416,,feature_fidelity,Generators/Diffusion GANs/12. Air Quality_diffusion.ipynb
12. Air Quality,TabDDPM,AH,JS_Divergence,0.195508,0.195508,,feature_fidelity,Generators/Diffusion GANs/12. Air Quality_diffusion.ipynb
12. Air Quality,TabDDPM,C6H6(GT),JS_Divergence,0.194474,0.194474,,feature_fidelity,Generators/Diffusion GANs/12. Air Quality_diffusion.ipynb
12. Air Quality,TabDDPM,T,JS_Divergence,0.190316,0.190316,,feature_fidelity,Generators/Diffusion GANs/12. Air Quality_diffusion.ipynb
12. Air Quality,TabDDPM,NOx(GT),JS_Divergence,0.176723,0.176723,,feature_fidelity,Generators/Diffusion GANs/12. Air Quality_diffusion.ipynb
12. Air Quality,TabDDPM,RH,JS_Divergence,0.148441,0.148441,,feature_fidelity,Generators/Diffusion GANs/12. Air Quality_diffusion.ipynb
12. Air Quality,TabDDPM,NMHC(GT),JS_Divergence,0.0,0.0,,feature_fidelity,Generators/Diffusion GANs/12. Air Quality_diffusion.ipynb
12. Air Quality,ForestDiffusion,NMHC(GT),JS_Divergence,0.92544,0.92544,,feature_fidelity,Generators/Diffusion GANs/12. Air Quality_diffusion.ipynb
12. Air Quality,ForestDiffusion,PT08.S3(NOx),JS_Divergence,0.013798,0.013798,,feature_fidelity,Generators/Diffusion GANs/12. Air Quality_diffusion.ipynb
12. Air Quality,ForestDiffusion,PT08.S2(NMHC),JS_Divergence,0.009783,0.009783,,feature_fidelity,Generators/Diffusion GANs/12. Air Quality_diffusion.ipynb
12. Air Quality,ForestDiffusion,C6H6(GT),JS_Divergence,0.00922,0.00922,,feature_fidelity,Generators/Diffusion GANs/12. Air Quality_diffusion.ipynb
12. Air Quality,ForestDiffusion,NOx(GT),JS_Divergence,0.009179,0.009179,,feature_fidelity,Generators/Diffusion GANs/12. Air Quality_diffusion.ipynb
12. Air Quality,ForestDiffusion,NO2(GT),JS_Divergence,0.009106,0.009106,,feature_fidelity,Generators/Diffusion GANs/12. Air Quality_diffusion.ipynb
12. Air Quality,ForestDiffusion,PT08.S4(NO2),JS_Divergence,0.006871,0.006871,,feature_fidelity,Generators/Diffusion GANs/12. Air Quality_diffusion.ipynb
12. Air Quality,ForestDiffusion,T,JS_Divergence,0.006596,0.006596,,feature_fidelity,Generators/Diffusion GANs/12. Air Quality_diffusion.ipynb
13. Concrete Compressive Strength,CTGAN,Water,KS_Complement,0.894,0.894,,feature_fidelity,Generators/SDV models/13. Concrete Compressive Strength.ipynb
13. Concrete Compressive Strength,CTGAN,Concrete compressive strength,KS_Complement,0.89,0.89,,feature_fidelity,Generators/SDV models/13. Concrete Compressive Strength.ipynb
13. Concrete Compressive Strength,CTGAN,Cement,KS_Complement,0.771,0.771,,feature_fidelity,Generators/SDV models/13. Concrete Compressive Strength.ipynb
13. Concrete Compressive Strength,CTGAN,Coarse Aggregate,KS_Complement,0.722,0.722,,feature_fidelity,Generators/SDV models/13. Concrete Compressive Strength.ipynb
13. Concrete Compressive Strength,CTGAN,Fine Aggregate,KS_Complement,0.646,0.646,,feature_fidelity,Generators/SDV models/13. Concrete Compressive Strength.ipynb
13. Concrete Compressive Strength,CTGAN,Superplasticizer,KS_Complement,0.633,0.633,,feature_fidelity,Generators/SDV models/13. Concrete Compressive Strength.ipynb
13. Concrete Compressive Strength,CTGAN,Age,KS_Complement,0.624,0.624,,feature_fidelity,Generators/SDV models/13. Concrete Compressive Strength.ipynb
13. Concrete Compressive Strength,CTGAN,Blast Furnace Slag,KS_Complement,0.612,0.612,,feature_fidelity,Generators/SDV models/13. Concrete Compressive Strength.ipynb
13. Concrete Compressive Strength,CTGAN,Fly Ash,KS_Complement,0.524,0.524,,feature_fidelity,Generators/SDV models/13. Concrete Compressive Strength.ipynb
13. Concrete Compressive Strength,CopulaGAN,Concrete compressive strength,KS_Complement,0.933,0.933,,feature_fidelity,Generators/SDV models/13. Concrete Compressive Strength.ipynb
13. Concrete Compressive Strength,CopulaGAN,Blast Furnace Slag,KS_Complement,0.826,0.826,,feature_fidelity,Generators/SDV models/13. Concrete Compressive Strength.ipynb
13. Concrete Compressive Strength,CopulaGAN,Water,KS_Complement,0.8,0.8,,feature_fidelity,Generators/SDV models/13. Concrete Compressive Strength.ipynb
13. Concrete Compressive Strength,CopulaGAN,Cement,KS_Complement,0.74,0.74,,feature_fidelity,Generators/SDV models/13. Concrete Compressive Strength.ipynb
13. Concrete Compressive Strength,CopulaGAN,Coarse Aggregate,KS_Complement,0.727,0.727,,feature_fidelity,Generators/SDV models/13. Concrete Compressive Strength.ipynb
13. Concrete Compressive Strength,CopulaGAN,Fine Aggregate,KS_Complement,0.675,0.675,,feature_fidelity,Generators/SDV models/13. Concrete Compressive Strength.ipynb
13. Concrete Compressive Strength,CopulaGAN,Age,KS_Complement,0.637,0.637,,feature_fidelity,Generators/SDV models/13. Concrete Compressive Strength.ipynb
13. Concrete Compressive Strength,CopulaGAN,Fly Ash,KS_Complement,0.618,0.618,,feature_fidelity,Generators/SDV models/13. Concrete Compressive Strength.ipynb
13. Concrete Compressive Strength,CopulaGAN,Superplasticizer,KS_Complement,0.611,0.611,,feature_fidelity,Generators/SDV models/13. Concrete Compressive Strength.ipynb
13. Concrete Compressive Strength,TVAE,Water,KS_Complement,0.901,0.901,,feature_fidelity,Generators/SDV models/13. Concrete Compressive Strength.ipynb
13. Concrete Compressive Strength,TVAE,Coarse Aggregate,KS_Complement,0.885,0.885,,feature_fidelity,Generators/SDV models/13. Concrete Compressive Strength.ipynb
13. Concrete Compressive Strength,CTGAN,Age,JS_Divergence,0.39665,0.39665,,feature_fidelity,Generators/SDV models/13. Concrete Compressive Strength.ipynb
13. Concrete Compressive Strength,CTGAN,Superplasticizer,JS_Divergence,0.142148,0.142148,,feature_fidelity,Generators/SDV models/13. Concrete Compressive Strength.ipynb
13. Concrete Compressive Strength,CTGAN,Fine Aggregate,JS_Divergence,0.126488,0.126488,,feature_fidelity,Generators/SDV models/13. Concrete Compressive Strength.ipynb
13. Concrete Compressive Strength,CTGAN,Water,JS_Divergence,0.112535,0.112535,,feature_fidelity,Generators/SDV models/13. Concrete Compressive Strength.ipynb
13. Concrete Compressive Strength,CTGAN,Coarse Aggregate,JS_Divergence,0.109637,0.109637,,feature_fidelity,Generators/SDV models/13. Concrete Compressive Strength.ipynb
13. Concrete Compressive Strength,CTGAN,Cement,JS_Divergence,0.102835,0.102835,,feature_fidelity,Generators/SDV models/13. Concrete Compressive Strength.ipynb
13. Concrete Compressive Strength,CTGAN,Blast Furnace Slag,JS_Divergence,0.075838,0.075838,,feature_fidelity,Generators/SDV models/13. Concrete Compressive Strength.ipynb
13. Concrete Compressive Strength,CTGAN,Fly Ash,JS_Divergence,0.071695,0.071695,,feature_fidelity,Generators/SDV models/13. Concrete Compressive Strength.ipynb
13. Concrete Compressive Strength,CTGAN,Concrete compressive strength,JS_Divergence,0.052181,0.052181,,feature_fidelity,Generators/SDV models/13. Concrete Compressive Strength.ipynb
13. Concrete Compressive Strength,CopulaGAN,Age,JS_Divergence,0.433018,0.433018,,feature_fidelity,Generators/SDV models/13. Concrete Compressive Strength.ipynb
13. Concrete Compressive Strength,CopulaGAN,Superplasticizer,JS_Divergence,0.204099,0.204099,,feature_fidelity,Generators/SDV models/13. Concrete Compressive Strength.ipynb
13. Concrete Compressive Strength,CopulaGAN,Fly Ash,JS_Divergence,0.167022,0.167022,,feature_fidelity,Generators/SDV models/13. Concrete Compressive Strength.ipynb
13. Concrete Compressive Strength,CopulaGAN,Water,JS_Divergence,0.126973,0.126973,,feature_fidelity,Generators/SDV models/13. Concrete Compressive Strength.ipynb
13. Concrete Compressive Strength,CopulaGAN,Coarse Aggregate,JS_Divergence,0.110191,0.110191,,feature_fidelity,Generators/SDV models/13. Concrete Compressive Strength.ipynb
13. Concrete Compressive Strength,CopulaGAN,Fine Aggregate,JS_Divergence,0.105407,0.105407,,feature_fidelity,Generators/SDV models/13. Concrete Compressive Strength.ipynb
13. Concrete Compressive Strength,CopulaGAN,Cement,JS_Divergence,0.079582,0.079582,,feature_fidelity,Generators/SDV models/13. Concrete Compressive Strength.ipynb
13. Concrete Compressive Strength,CopulaGAN,Blast Furnace Slag,JS_Divergence,0.04077,0.04077,,feature_fidelity,Generators/SDV models/13. Concrete Compressive Strength.ipynb
13. Concrete Compressive Strength,CopulaGAN,Concrete compressive strength,JS_Divergence,0.024484,0.024484,,feature_fidelity,Generators/SDV models/13. Concrete Compressive Strength.ipynb
13. Concrete Compressive Strength,TVAE,Age,JS_Divergence,0.296593,0.296593,,feature_fidelity,Generators/SDV models/13. Concrete Compressive Strength.ipynb
13. Concrete Compressive Strength,TVAE,Fine Aggregate,JS_Divergence,0.108156,0.108156,,feature_fidelity,Generators/SDV models/13. Concrete Compressive Strength.ipynb
13. Concrete Compressive Strength,CTABGAN,Cement,KS_Complement,0.957,0.957,,feature_fidelity,Generators/Other GANS/13. Concrete Compressive Strength_other GAN.ipynb
13. Concrete Compressive Strength,CTABGAN,Coarse Aggregate,KS_Complement,0.936,0.936,,feature_fidelity,Generators/Other GANS/13. Concrete Compressive Strength_other GAN.ipynb
13. Concrete Compressive Strength,CTABGAN,Concrete compressive strength,KS_Complement,0.928,0.928,,feature_fidelity,Generators/Other GANS/13. Concrete Compressive Strength_other GAN.ipynb
13. Concrete Compressive Strength,CTABGAN,Water,KS_Complement,0.877,0.877,,feature_fidelity,Generators/Other GANS/13. Concrete Compressive Strength_other GAN.ipynb
13. Concrete Compressive Strength,CTABGAN,Fine Aggregate,KS_Complement,0.875,0.875,,feature_fidelity,Generators/Other GANS/13. Concrete Compressive Strength_other GAN.ipynb
13. Concrete Compressive Strength,CTABGAN,Age,KS_Complement,0.757,0.757,,feature_fidelity,Generators/Other GANS/13. Concrete Compressive Strength_other GAN.ipynb
13. Concrete Compressive Strength,CTABGAN,Superplasticizer,KS_Complement,0.629,0.629,,feature_fidelity,Generators/Other GANS/13. Concrete Compressive Strength_other GAN.ipynb
13. Concrete Compressive Strength,CTABGAN,Blast Furnace Slag,KS_Complement,0.544,0.544,,feature_fidelity,Generators/Other GANS/13. Concrete Compressive Strength_other GAN.ipynb
13. Concrete Compressive Strength,CTABGAN,Fly Ash,KS_Complement,0.448,0.448,,feature_fidelity,Generators/Other GANS/13. Concrete Compressive Strength_other GAN.ipynb
13. Concrete Compressive Strength,WGAN_GP,Fine Aggregate,KS_Complement,0.897,0.897,,feature_fidelity,Generators/Other GANS/13. Concrete Compressive Strength_other GAN.ipynb
13. Concrete Compressive Strength,WGAN_GP,Water,KS_Complement,0.847,0.847,,feature_fidelity,Generators/Other GANS/13. Concrete Compressive Strength_other GAN.ipynb
13. Concrete Compressive Strength,WGAN_GP,Cement,KS_Complement,0.814,0.814,,feature_fidelity,Generators/Other GANS/13. Concrete Compressive Strength_other GAN.ipynb
13. Concrete Compressive Strength,WGAN_GP,Concrete compressive strength,KS_Complement,0.81,0.81,,feature_fidelity,Generators/Other GANS/13. Concrete Compressive Strength_other GAN.ipynb
13. Concrete Compressive Strength,WGAN_GP,Superplasticizer,KS_Complement,0.755,0.755,,feature_fidelity,Generators/Other GANS/13. Concrete Compressive Strength_other GAN.ipynb
13. Concrete Compressive Strength,WGAN_GP,Coarse Aggregate,KS_Complement,0.744,0.744,,feature_fidelity,Generators/Other GANS/13. Concrete Compressive Strength_other GAN.ipynb
13. Concrete Compressive Strength,WGAN_GP,Blast Furnace Slag,KS_Complement,0.645,0.645,,feature_fidelity,Generators/Other GANS/13. Concrete Compressive Strength_other GAN.ipynb
13. Concrete Compressive Strength,WGAN_GP,Fly Ash,KS_Complement,0.645,0.645,,feature_fidelity,Generators/Other GANS/13. Concrete Compressive Strength_other GAN.ipynb
13. Concrete Compressive Strength,WGAN_GP,Age,KS_Complement,0.542,0.542,,feature_fidelity,Generators/Other GANS/13. Concrete Compressive Strength_other GAN.ipynb
13. Concrete Compressive Strength,CTABGAN,Age,JS_Divergence,0.405772,0.405772,,feature_fidelity,Generators/Other GANS/13. Concrete Compressive Strength_other GAN.ipynb
13. Concrete Compressive Strength,CTABGAN,Water,JS_Divergence,0.083282,0.083282,,feature_fidelity,Generators/Other GANS/13. Concrete Compressive Strength_other GAN.ipynb
13. Concrete Compressive Strength,CTABGAN,Fly Ash,JS_Divergence,0.074803,0.074803,,feature_fidelity,Generators/Other GANS/13. Concrete Compressive Strength_other GAN.ipynb
13. Concrete Compressive Strength,CTABGAN,Superplasticizer,JS_Divergence,0.060348,0.060348,,feature_fidelity,Generators/Other GANS/13. Concrete Compressive Strength_other GAN.ipynb
13. Concrete Compressive Strength,CTABGAN,Blast Furnace Slag,JS_Divergence,0.042813,0.042813,,feature_fidelity,Generators/Other GANS/13. Concrete Compressive Strength_other GAN.ipynb
13. Concrete Compressive Strength,CTABGAN,Fine Aggregate,JS_Divergence,0.041362,0.041362,,feature_fidelity,Generators/Other GANS/13. Concrete Compressive Strength_other GAN.ipynb
13. Concrete Compressive Strength,CTABGAN,Cement,JS_Divergence,0.02924,0.02924,,feature_fidelity,Generators/Other GANS/13. Concrete Compressive Strength_other GAN.ipynb
13. Concrete Compressive Strength,CTABGAN,Coarse Aggregate,JS_Divergence,0.026446,0.026446,,feature_fidelity,Generators/Other GANS/13. Concrete Compressive Strength_other GAN.ipynb
13. Concrete Compressive Strength,WGAN_GP,Age,JS_Divergence,0.632215,0.632215,,feature_fidelity,Generators/Other GANS/13. Concrete Compressive Strength_other GAN.ipynb
13. Concrete Compressive Strength,WGAN_GP,Fly Ash,JS_Divergence,0.444603,0.444603,,feature_fidelity,Generators/Other GANS/13. Concrete Compressive Strength_other GAN.ipynb
13. Concrete Compressive Strength,WGAN_GP,Blast Furnace Slag,JS_Divergence,0.413006,0.413006,,feature_fidelity,Generators/Other GANS/13. Concrete Compressive Strength_other GAN.ipynb
13. Concrete Compressive Strength,WGAN_GP,Superplasticizer,JS_Divergence,0.264271,0.264271,,feature_fidelity,Generators/Other GANS/13. Concrete Compressive Strength_other GAN.ipynb
13. Concrete Compressive Strength,WGAN_GP,Coarse Aggregate,JS_Divergence,0.129344,0.129344,,feature_fidelity,Generators/Other GANS/13. Concrete Compressive Strength_other GAN.ipynb
13. Concrete Compressive Strength,WGAN_GP,Cement,JS_Divergence,0.113625,0.113625,,feature_fidelity,Generators/Other GANS/13. Concrete Compressive Strength_other GAN.ipynb
13. Concrete Compressive Strength,WGAN_GP,Water,JS_Divergence,0.101124,0.101124,,feature_fidelity,Generators/Other GANS/13. Concrete Compressive Strength_other GAN.ipynb
13. Concrete Compressive Strength,WGAN_GP,Fine Aggregate,JS_Divergence,0.062641,0.062641,,feature_fidelity,Generators/Other GANS/13. Concrete Compressive Strength_other GAN.ipynb
13. Concrete Compressive Strength,TabDDPM,Concrete compressive strength,KS_Complement,0.975,0.975,,feature_fidelity,Generators/Diffusion GANs/13. Concrete Compressive Strength_diffusion.ipynb
13. Concrete Compressive Strength,TabDDPM,Fly Ash,KS_Complement,0.966,0.966,,feature_fidelity,Generators/Diffusion GANs/13. Concrete Compressive Strength_diffusion.ipynb
13. Concrete Compressive Strength,TabDDPM,Cement,KS_Complement,0.959,0.959,,feature_fidelity,Generators/Diffusion GANs/13. Concrete Compressive Strength_diffusion.ipynb
13. Concrete Compressive Strength,TabDDPM,Superplasticizer,KS_Complement,0.957,0.957,,feature_fidelity,Generators/Diffusion GANs/13. Concrete Compressive Strength_diffusion.ipynb
13. Concrete Compressive Strength,TabDDPM,Age,KS_Complement,0.95,0.95,,feature_fidelity,Generators/Diffusion GANs/13. Concrete Compressive Strength_diffusion.ipynb
13. Concrete Compressive Strength,TabDDPM,Water,KS_Complement,0.948,0.948,,feature_fidelity,Generators/Diffusion GANs/13. Concrete Compressive Strength_diffusion.ipynb
13. Concrete Compressive Strength,TabDDPM,Fine Aggregate,KS_Complement,0.939,0.939,,feature_fidelity,Generators/Diffusion GANs/13. Concrete Compressive Strength_diffusion.ipynb
13. Concrete Compressive Strength,TabDDPM,Coarse Aggregate,KS_Complement,0.931,0.931,,feature_fidelity,Generators/Diffusion GANs/13. Concrete Compressive Strength_diffusion.ipynb
13. Concrete Compressive Strength,TabDDPM,Blast Furnace Slag,KS_Complement,0.915,0.915,,feature_fidelity,Generators/Diffusion GANs/13. Concrete Compressive Strength_diffusion.ipynb
13. Concrete Compressive Strength,ForestDiffusion,Concrete compressive strength,KS_Complement,0.982,0.982,,feature_fidelity,Generators/Diffusion GANs/13. Concrete Compressive Strength_diffusion.ipynb
13. Concrete Compressive Strength,ForestDiffusion,Cement,KS_Complement,0.973,0.973,,feature_fidelity,Generators/Diffusion GANs/13. Concrete Compressive Strength_diffusion.ipynb
13. Concrete Compressive Strength,ForestDiffusion,Fine Aggregate,KS_Complement,0.968,0.968,,feature_fidelity,Generators/Diffusion GANs/13. Concrete Compressive Strength_diffusion.ipynb
13. Concrete Compressive Strength,ForestDiffusion,Coarse Aggregate,KS_Complement,0.948,0.948,,feature_fidelity,Generators/Diffusion GANs/13. Concrete Compressive Strength_diffusion.ipynb
13. Concrete Compressive Strength,ForestDiffusion,Water,KS_Complement,0.919,0.919,,feature_fidelity,Generators/Diffusion GANs/13. Concrete Compressive Strength_diffusion.ipynb
13. Concrete Compressive Strength,ForestDiffusion,Superplasticizer,KS_Complement,0.826,0.826,,feature_fidelity,Generators/Diffusion GANs/13. Concrete Compressive Strength_diffusion.ipynb
13. Concrete Compressive Strength,ForestDiffusion,Blast Furnace Slag,KS_Complement,0.787,0.787,,feature_fidelity,Generators/Diffusion GANs/13. Concrete Compressive Strength_diffusion.ipynb
13. Concrete Compressive Strength,ForestDiffusion,Fly Ash,KS_Complement,0.754,0.754,,feature_fidelity,Generators/Diffusion GANs/13. Concrete Compressive Strength_diffusion.ipynb
13. Concrete Compressive Strength,ForestDiffusion,Age,KS_Complement,0.736,0.736,,feature_fidelity,Generators/Diffusion GANs/13. Concrete Compressive Strength_diffusion.ipynb
13. Concrete Compressive Strength,TabDDPM,Water,JS_Divergence,0.069753,0.069753,,feature_fidelity,Generators/Diffusion GANs/13. Concrete Compressive Strength_diffusion.ipynb
13. Concrete Compressive Strength,TabDDPM,Fine Aggregate,JS_Divergence,0.042442,0.042442,,feature_fidelity,Generators/Diffusion GANs/13. Concrete Compressive Strength_diffusion.ipynb
13. Concrete Compressive Strength,TabDDPM,Coarse Aggregate,JS_Divergence,0.040767,0.040767,,feature_fidelity,Generators/Diffusion GANs/13. Concrete Compressive Strength_diffusion.ipynb
13. Concrete Compressive Strength,TabDDPM,Blast Furnace Slag,JS_Divergence,0.023389,0.023389,,feature_fidelity,Generators/Diffusion GANs/13. Concrete Compressive Strength_diffusion.ipynb
13. Concrete Compressive Strength,TabDDPM,Fly Ash,JS_Divergence,0.022501,0.022501,,feature_fidelity,Generators/Diffusion GANs/13. Concrete Compressive Strength_diffusion.ipynb
13. Concrete Compressive Strength,TabDDPM,Age,JS_Divergence,0.0211,0.0211,,feature_fidelity,Generators/Diffusion GANs/13. Concrete Compressive Strength_diffusion.ipynb
13. Concrete Compressive Strength,TabDDPM,Superplasticizer,JS_Divergence,0.017575,0.017575,,feature_fidelity,Generators/Diffusion GANs/13. Concrete Compressive Strength_diffusion.ipynb
13. Concrete Compressive Strength,TabDDPM,Cement,JS_Divergence,0.01432,0.01432,,feature_fidelity,Generators/Diffusion GANs/13. Concrete Compressive Strength_diffusion.ipynb
13. Concrete Compressive Strength,ForestDiffusion,Age,JS_Divergence,0.01967,0.01967,,feature_fidelity,Generators/Diffusion GANs/13. Concrete Compressive Strength_diffusion.ipynb
13. Concrete Compressive Strength,ForestDiffusion,Coarse Aggregate,JS_Divergence,0.008052,0.008052,,feature_fidelity,Generators/Diffusion GANs/13. Concrete Compressive Strength_diffusion.ipynb
13. Concrete Compressive Strength,ForestDiffusion,Water,JS_Divergence,0.007499,0.007499,,feature_fidelity,Generators/Diffusion GANs/13. Concrete Compressive Strength_diffusion.ipynb
13. Concrete Compressive Strength,ForestDiffusion,Superplasticizer,JS_Divergence,0.006106,0.006106,,feature_fidelity,Generators/Diffusion GANs/13. Concrete Compressive Strength_diffusion.ipynb
13. Concrete Compressive Strength,ForestDiffusion,Fine Aggregate,JS_Divergence,0.006032,0.006032,,feature_fidelity,Generators/Diffusion GANs/13. Concrete Compressive Strength_diffusion.ipynb
13. Concrete Compressive Strength,ForestDiffusion,Fly Ash,JS_Divergence,0.004602,0.004602,,feature_fidelity,Generators/Diffusion GANs/13. Concrete Compressive Strength_diffusion.ipynb
13. Concrete Compressive Strength,ForestDiffusion,Cement,JS_Divergence,0.003763,0.003763,,feature_fidelity,Generators/Diffusion GANs/13. Concrete Compressive Strength_diffusion.ipynb
13. Concrete Compressive Strength,ForestDiffusion,Blast Furnace Slag,JS_Divergence,0.002828,0.002828,,feature_fidelity,Generators/Diffusion GANs/13. Concrete Compressive Strength_diffusion.ipynb
14. Energy Efficiency,CTGAN,X8,KS_Complement,0.970052,0.970052,,feature_fidelity,Generators/SDV models/14. Energy Efficiency.ipynb
14. Energy Efficiency,CTGAN,X6,KS_Complement,0.967448,0.967448,,feature_fidelity,Generators/SDV models/14. Energy Efficiency.ipynb
14. Energy Efficiency,CTGAN,X1,KS_Complement,0.808594,0.808594,,feature_fidelity,Generators/SDV models/14. Energy Efficiency.ipynb
14. Energy Efficiency,CTGAN,X3,KS_Complement,0.800781,0.800781,,feature_fidelity,Generators/SDV models/14. Energy Efficiency.ipynb
14. Energy Efficiency,CTGAN,X7,KS_Complement,0.776042,0.776042,,feature_fidelity,Generators/SDV models/14. Energy Efficiency.ipynb
14. Energy Efficiency,CTGAN,X4,KS_Complement,0.653646,0.653646,,feature_fidelity,Generators/SDV models/14. Energy Efficiency.ipynb
14. Energy Efficiency,CTGAN,X2,KS_Complement,0.644531,0.644531,,feature_fidelity,Generators/SDV models/14. Energy Efficiency.ipynb
14. Energy Efficiency,CTGAN,X5,KS_Complement,0.585938,0.585938,,feature_fidelity,Generators/SDV models/14. Energy Efficiency.ipynb
14. Energy Efficiency,CopulaGAN,X6,KS_Complement,0.955729,0.955729,,feature_fidelity,Generators/SDV models/14. Energy Efficiency.ipynb
14. Energy Efficiency,CopulaGAN,X8,KS_Complement,0.953125,0.953125,,feature_fidelity,Generators/SDV models/14. Energy Efficiency.ipynb
14. Energy Efficiency,CopulaGAN,X5,KS_Complement,0.910156,0.910156,,feature_fidelity,Generators/SDV models/14. Energy Efficiency.ipynb
14. Energy Efficiency,CopulaGAN,X4,KS_Complement,0.845052,0.845052,,feature_fidelity,Generators/SDV models/14. Energy Efficiency.ipynb
14. Energy Efficiency,CopulaGAN,X1,KS_Complement,0.766927,0.766927,,feature_fidelity,Generators/SDV models/14. Energy Efficiency.ipynb
14. Energy Efficiency,CopulaGAN,X2,KS_Complement,0.753906,0.753906,,feature_fidelity,Generators/SDV models/14. Energy Efficiency.ipynb
14. Energy Efficiency,CopulaGAN,X3,KS_Complement,0.669271,0.669271,,feature_fidelity,Generators/SDV models/14. Energy Efficiency.ipynb
14. Energy Efficiency,CopulaGAN,X7,KS_Complement,0.622396,0.622396,,feature_fidelity,Generators/SDV models/14. Energy Efficiency.ipynb
14. Energy Efficiency,TVAE,X5,KS_Complement,0.981771,0.981771,,feature_fidelity,Generators/SDV models/14. Energy Efficiency.ipynb
14. Energy Efficiency,TVAE,X7,KS_Complement,0.957031,0.957031,,feature_fidelity,Generators/SDV models/14. Energy Efficiency.ipynb
14. Energy Efficiency,TVAE,X1,KS_Complement,0.933594,0.933594,,feature_fidelity,Generators/SDV models/14. Energy Efficiency.ipynb
14. Energy Efficiency,TVAE,X2,KS_Complement,0.925781,0.925781,,feature_fidelity,Generators/SDV models/14. Energy Efficiency.ipynb
14. Energy Efficiency,CTGAN,X3,JS_Divergence,0.437474,0.437474,,feature_fidelity,Generators/SDV models/14. Energy Efficiency.ipynb
14. Energy Efficiency,CTGAN,X7,JS_Divergence,0.284414,0.284414,,feature_fidelity,Generators/SDV models/14. Energy Efficiency.ipynb
14. Energy Efficiency,CTGAN,X2,JS_Divergence,0.247599,0.247599,,feature_fidelity,Generators/SDV models/14. Energy Efficiency.ipynb
14. Energy Efficiency,CTGAN,X4,JS_Divergence,0.104609,0.104609,,feature_fidelity,Generators/SDV models/14. Energy Efficiency.ipynb
14. Energy Efficiency,CTGAN,Y1,JS_Divergence,0.086296,0.086296,,feature_fidelity,Generators/SDV models/14. Energy Efficiency.ipynb
14. Energy Efficiency,CTGAN,X1,JS_Divergence,0.084338,0.084338,,feature_fidelity,Generators/SDV models/14. Energy Efficiency.ipynb
14. Energy Efficiency,CTGAN,X5,JS_Divergence,0.026856,0.026856,,feature_fidelity,Generators/SDV models/14. Energy Efficiency.ipynb
14. Energy Efficiency,CTGAN,X8,JS_Divergence,0.00154,0.00154,,feature_fidelity,Generators/SDV models/14. Energy Efficiency.ipynb
14. Energy Efficiency,CTGAN,X6,JS_Divergence,0.001324,0.001324,,feature_fidelity,Generators/SDV models/14. Energy Efficiency.ipynb
14. Energy Efficiency,CopulaGAN,X7,JS_Divergence,0.336755,0.336755,,feature_fidelity,Generators/SDV models/14. Energy Efficiency.ipynb
14. Energy Efficiency,CopulaGAN,X3,JS_Divergence,0.328367,0.328367,,feature_fidelity,Generators/SDV models/14. Energy Efficiency.ipynb
14. Energy Efficiency,CopulaGAN,X2,JS_Divergence,0.157459,0.157459,,feature_fidelity,Generators/SDV models/14. Energy Efficiency.ipynb
14. Energy Efficiency,CopulaGAN,Y1,JS_Divergence,0.149579,0.149579,,feature_fidelity,Generators/SDV models/14. Energy Efficiency.ipynb
14. Energy Efficiency,CopulaGAN,X4,JS_Divergence,0.140795,0.140795,,feature_fidelity,Generators/SDV models/14. Energy Efficiency.ipynb
14. Energy Efficiency,CopulaGAN,X1,JS_Divergence,0.064997,0.064997,,feature_fidelity,Generators/SDV models/14. Energy Efficiency.ipynb
14. Energy Efficiency,CopulaGAN,X5,JS_Divergence,0.005878,0.005878,,feature_fidelity,Generators/SDV models/14. Energy Efficiency.ipynb
14. Energy Efficiency,CopulaGAN,X8,JS_Divergence,0.002422,0.002422,,feature_fidelity,Generators/SDV models/14. Energy Efficiency.ipynb
14. Energy Efficiency,CopulaGAN,X6,JS_Divergence,0.001565,0.001565,,feature_fidelity,Generators/SDV models/14. Energy Efficiency.ipynb
14. Energy Efficiency,TVAE,X3,JS_Divergence,0.346387,0.346387,,feature_fidelity,Generators/SDV models/14. Energy Efficiency.ipynb
14. Energy Efficiency,TVAE,X4,JS_Divergence,0.199341,0.199341,,feature_fidelity,Generators/SDV models/14. Energy Efficiency.ipynb
14. Energy Efficiency,CTABGAN,X6,KS_Complement,0.888,0.888,,feature_fidelity,Generators/Other GANS/14. Energy Efficiency_other GAN.ipynb
14. Energy Efficiency,CTABGAN,X8,KS_Complement,0.863,0.863,,feature_fidelity,Generators/Other GANS/14. Energy Efficiency_other GAN.ipynb
14. Energy Efficiency,CTABGAN,X2,KS_Complement,0.770333,0.770333,,feature_fidelity,Generators/Other GANS/14. Energy Efficiency_other GAN.ipynb
14. Energy Efficiency,CTABGAN,X3,KS_Complement,0.763333,0.763333,,feature_fidelity,Generators/Other GANS/14. Energy Efficiency_other GAN.ipynb
14. Energy Efficiency,CTABGAN,X1,KS_Complement,0.752667,0.752667,,feature_fidelity,Generators/Other GANS/14. Energy Efficiency_other GAN.ipynb
14. Energy Efficiency,CTABGAN,X7,KS_Complement,0.6875,0.6875,,feature_fidelity,Generators/Other GANS/14. Energy Efficiency_other GAN.ipynb
14. Energy Efficiency,CTABGAN,Y1,KS_Complement,0.618073,0.618073,,feature_fidelity,Generators/Other GANS/14. Energy Efficiency_other GAN.ipynb
14. Energy Efficiency,CTABGAN,X4,KS_Complement,0.5,0.5,,feature_fidelity,Generators/Other GANS/14. Energy Efficiency_other GAN.ipynb
14. Energy Efficiency,CTABGAN,X5,KS_Complement,0.5,0.5,,feature_fidelity,Generators/Other GANS/14. Energy Efficiency_other GAN.ipynb
14. Energy Efficiency,WGAN_GP,X1,KS_Complement,0.893,0.893,,feature_fidelity,Generators/Other GANS/14. Energy Efficiency_other GAN.ipynb
14. Energy Efficiency,WGAN_GP,X2,KS_Complement,0.885333,0.885333,,feature_fidelity,Generators/Other GANS/14. Energy Efficiency_other GAN.ipynb
14. Energy Efficiency,WGAN_GP,Y1,KS_Complement,0.864646,0.864646,,feature_fidelity,Generators/Other GANS/14. Energy Efficiency_other GAN.ipynb
14. Energy Efficiency,WGAN_GP,X3,KS_Complement,0.816333,0.816333,,feature_fidelity,Generators/Other GANS/14. Energy Efficiency_other GAN.ipynb
14. Energy Efficiency,WGAN_GP,X7,KS_Complement,0.759,0.759,,feature_fidelity,Generators/Other GANS/14. Energy Efficiency_other GAN.ipynb
14. Energy Efficiency,WGAN_GP,X5,KS_Complement,0.739,0.739,,feature_fidelity,Generators/Other GANS/14. Energy Efficiency_other GAN.ipynb
14. Energy Efficiency,WGAN_GP,X4,KS_Complement,0.683,0.683,,feature_fidelity,Generators/Other GANS/14. Energy Efficiency_other GAN.ipynb
14. Energy Efficiency,WGAN_GP,X6,KS_Complement,1e-06,1e-06,,feature_fidelity,Generators/Other GANS/14. Energy Efficiency_other GAN.ipynb
14. Energy Efficiency,WGAN_GP,X8,KS_Complement,1e-06,1e-06,,feature_fidelity,Generators/Other GANS/14. Energy Efficiency_other GAN.ipynb
14. Energy Efficiency,CTABGAN,X4,JS_Divergence,0.398413,0.398413,,feature_fidelity,Generators/Other GANS/14. Energy Efficiency_other GAN.ipynb
14. Energy Efficiency,CTABGAN,X2,JS_Divergence,0.199444,0.199444,,feature_fidelity,Generators/Other GANS/14. Energy Efficiency_other GAN.ipynb
14. Energy Efficiency,CTABGAN,X5,JS_Divergence,0.171016,0.171016,,feature_fidelity,Generators/Other GANS/14. Energy Efficiency_other GAN.ipynb
14. Energy Efficiency,CTABGAN,X1,JS_Divergence,0.159883,0.159883,,feature_fidelity,Generators/Other GANS/14. Energy Efficiency_other GAN.ipynb
14. Energy Efficiency,CTABGAN,X3,JS_Divergence,0.131751,0.131751,,feature_fidelity,Generators/Other GANS/14. Energy Efficiency_other GAN.ipynb
14. Energy Efficiency,CTABGAN,X8,JS_Divergence,0.025934,0.025934,,feature_fidelity,Generators/Other GANS/14. Energy Efficiency_other GAN.ipynb
14. Energy Efficiency,CTABGAN,X7,JS_Divergence,0.015785,0.015785,,feature_fidelity,Generators/Other GANS/14. Energy Efficiency_other GAN.ipynb
14. Energy Efficiency,CTABGAN,X6,JS_Divergence,0.010382,0.010382,,feature_fidelity,Generators/Other GANS/14. Energy Efficiency_other GAN.ipynb
14. Energy Efficiency,WGAN_GP,X5,JS_Divergence,0.715426,0.715426,,feature_fidelity,Generators/Other GANS/14. Energy Efficiency_other GAN.ipynb
14. Energy Efficiency,WGAN_GP,X4,JS_Divergence,0.612381,0.612381,,feature_fidelity,Generators/Other GANS/14. Energy Efficiency_other GAN.ipynb
14. Energy Efficiency,WGAN_GP,X6,JS_Divergence,0.576965,0.576965,,feature_fidelity,Generators/Other GANS/14. Energy Efficiency_other GAN.ipynb
14. Energy Efficiency,WGAN_GP,X7,JS_Divergence,0.502599,0.502599,,feature_fidelity,Generators/Other GANS/14. Energy Efficiency_other GAN.ipynb
14. Energy Efficiency,WGAN_GP,X3,JS_Divergence,0.497507,0.497507,,feature_fidelity,Generators/Other GANS/14. Energy Efficiency_other GAN.ipynb
14. Energy Efficiency,WGAN_GP,X8,JS_Divergence,0.438391,0.438391,,feature_fidelity,Generators/Other GANS/14. Energy Efficiency_other GAN.ipynb
14. Energy Efficiency,WGAN_GP,X1,JS_Divergence,0.165979,0.165979,,feature_fidelity,Generators/Other GANS/14. Energy Efficiency_other GAN.ipynb
14. Energy Efficiency,WGAN_GP,X2,JS_Divergence,0.11817,0.11817,,feature_fidelity,Generators/Other GANS/14. Energy Efficiency_other GAN.ipynb
14. Energy Efficiency,TabDDPM,X5,KS_Complement,0.887,0.887,,feature_fidelity,Generators/Diffusion GANs/14. Energy Efficiency_diffusion.ipynb
14. Energy Efficiency,TabDDPM,X4,KS_Complement,0.848333,0.848333,,feature_fidelity,Generators/Diffusion GANs/14. Energy Efficiency_diffusion.ipynb
14. Energy Efficiency,TabDDPM,X1,KS_Complement,0.686333,0.686333,,feature_fidelity,Generators/Diffusion GANs/14. Energy Efficiency_diffusion.ipynb
14. Energy Efficiency,TabDDPM,Y1,KS_Complement,0.670208,0.670208,,feature_fidelity,Generators/Diffusion GANs/14. Energy Efficiency_diffusion.ipynb
14. Energy Efficiency,TabDDPM,X2,KS_Complement,0.662333,0.662333,,feature_fidelity,Generators/Diffusion GANs/14. Energy Efficiency_diffusion.ipynb
14. Energy Efficiency,TabDDPM,X7,KS_Complement,0.6105,0.6105,,feature_fidelity,Generators/Diffusion GANs/14. Energy Efficiency_diffusion.ipynb
14. Energy Efficiency,TabDDPM,X6,KS_Complement,0.546,0.546,,feature_fidelity,Generators/Diffusion GANs/14. Energy Efficiency_diffusion.ipynb
14. Energy Efficiency,TabDDPM,X8,KS_Complement,0.525,0.525,,feature_fidelity,Generators/Diffusion GANs/14. Energy Efficiency_diffusion.ipynb
14. Energy Efficiency,TabDDPM,X3,KS_Complement,0.456333,0.456333,,feature_fidelity,Generators/Diffusion GANs/14. Energy Efficiency_diffusion.ipynb
14. Energy Efficiency,ForestDiffusion,Y1,KS_Complement,0.978958,0.978958,,feature_fidelity,Generators/Diffusion GANs/14. Energy Efficiency_diffusion.ipynb
14. Energy Efficiency,ForestDiffusion,X2,KS_Complement,0.937667,0.937667,,feature_fidelity,Generators/Diffusion GANs/14. Energy Efficiency_diffusion.ipynb
14. Energy Efficiency,ForestDiffusion,X1,KS_Complement,0.928667,0.928667,,feature_fidelity,Generators/Diffusion GANs/14. Energy Efficiency_diffusion.ipynb
14. Energy Efficiency,ForestDiffusion,X3,KS_Complement,0.859667,0.859667,,feature_fidelity,Generators/Diffusion GANs/14. Energy Efficiency_diffusion.ipynb
14. Energy Efficiency,ForestDiffusion,X7,KS_Complement,0.83,0.83,,feature_fidelity,Generators/Diffusion GANs/14. Energy Efficiency_diffusion.ipynb
14. Energy Efficiency,ForestDiffusion,X4,KS_Complement,0.732,0.732,,feature_fidelity,Generators/Diffusion GANs/14. Energy Efficiency_diffusion.ipynb
14. Energy Efficiency,ForestDiffusion,X5,KS_Complement,0.724,0.724,,feature_fidelity,Generators/Diffusion GANs/14. Energy Efficiency_diffusion.ipynb
14. Energy Efficiency,ForestDiffusion,X6,KS_Complement,0.267001,0.267001,,feature_fidelity,Generators/Diffusion GANs/14. Energy Efficiency_diffusion.ipynb
14. Energy Efficiency,ForestDiffusion,X8,KS_Complement,0.120001,0.120001,,feature_fidelity,Generators/Diffusion GANs/14. Energy Efficiency_diffusion.ipynb
14. Energy Efficiency,TabDDPM,X3,JS_Divergence,0.339188,0.339188,,feature_fidelity,Generators/Diffusion GANs/14. Energy Efficiency_diffusion.ipynb
14. Energy Efficiency,TabDDPM,X6,JS_Divergence,0.221326,0.221326,,feature_fidelity,Generators/Diffusion GANs/14. Energy Efficiency_diffusion.ipynb
14. Energy Efficiency,TabDDPM,X7,JS_Divergence,0.210119,0.210119,,feature_fidelity,Generators/Diffusion GANs/14. Energy Efficiency_diffusion.ipynb
14. Energy Efficiency,TabDDPM,X8,JS_Divergence,0.185613,0.185613,,feature_fidelity,Generators/Diffusion GANs/14. Energy Efficiency_diffusion.ipynb
14. Energy Efficiency,TabDDPM,X2,JS_Divergence,0.152222,0.152222,,feature_fidelity,Generators/Diffusion GANs/14. Energy Efficiency_diffusion.ipynb
14. Energy Efficiency,TabDDPM,X1,JS_Divergence,0.126371,0.126371,,feature_fidelity,Generators/Diffusion GANs/14. Energy Efficiency_diffusion.ipynb
14. Energy Efficiency,TabDDPM,X4,JS_Divergence,0.035835,0.035835,,feature_fidelity,Generators/Diffusion GANs/14. Energy Efficiency_diffusion.ipynb
14. Energy Efficiency,TabDDPM,X5,JS_Divergence,0.009615,0.009615,,feature_fidelity,Generators/Diffusion GANs/14. Energy Efficiency_diffusion.ipynb
14. Energy Efficiency,ForestDiffusion,X2,JS_Divergence,0.045469,0.045469,,feature_fidelity,Generators/Diffusion GANs/14. Energy Efficiency_diffusion.ipynb
14. Energy Efficiency,ForestDiffusion,X6,JS_Divergence,0.016649,0.016649,,feature_fidelity,Generators/Diffusion GANs/14. Energy Efficiency_diffusion.ipynb
14. Energy Efficiency,ForestDiffusion,X8,JS_Divergence,0.01599,0.01599,,feature_fidelity,Generators/Diffusion GANs/14. Energy Efficiency_diffusion.ipynb
14. Energy Efficiency,ForestDiffusion,X3,JS_Divergence,0.015527,0.015527,,feature_fidelity,Generators/Diffusion GANs/14. Energy Efficiency_diffusion.ipynb
14. Energy Efficiency,ForestDiffusion,X7,JS_Divergence,0.01446,0.01446,,feature_fidelity,Generators/Diffusion GANs/14. Energy Efficiency_diffusion.ipynb
14. Energy Efficiency,ForestDiffusion,X5,JS_Divergence,0.007607,0.007607,,feature_fidelity,Generators/Diffusion GANs/14. Energy Efficiency_diffusion.ipynb
14. Energy Efficiency,ForestDiffusion,X1,JS_Divergence,0.007385,0.007385,,feature_fidelity,Generators/Diffusion GANs/14. Energy Efficiency_diffusion.ipynb
14. Energy Efficiency,ForestDiffusion,X4,JS_Divergence,0.006288,0.006288,,feature_fidelity,Generators/Diffusion GANs/14. Energy Efficiency_diffusion.ipynb
15. Real Estate Valuation,CTGAN,X3 distance to the nearest MRT station,KS_Complement,0.811594,0.811594,,feature_fidelity,Generators/SDV models/15. Real Estate Valuation.ipynb
15. Real Estate Valuation,CTGAN,X4 number of convenience stores,KS_Complement,0.756039,0.756039,,feature_fidelity,Generators/SDV models/15. Real Estate Valuation.ipynb
15. Real Estate Valuation,CTGAN,X2 house age,KS_Complement,0.748792,0.748792,,feature_fidelity,Generators/SDV models/15. Real Estate Valuation.ipynb
15. Real Estate Valuation,CopulaGAN,X2 house age,KS_Complement,0.823671,0.823671,,feature_fidelity,Generators/SDV models/15. Real Estate Valuation.ipynb
15. Real Estate Valuation,CopulaGAN,X4 number of convenience stores,KS_Complement,0.683575,0.683575,,feature_fidelity,Generators/SDV models/15. Real Estate Valuation.ipynb
15. Real Estate Valuation,CopulaGAN,X3 distance to the nearest MRT station,KS_Complement,0.678744,0.678744,,feature_fidelity,Generators/SDV models/15. Real Estate Valuation.ipynb
15. Real Estate Valuation,TVAE,X4 number of convenience stores,KS_Complement,0.934783,0.934783,,feature_fidelity,Generators/SDV models/15. Real Estate Valuation.ipynb
15. Real Estate Valuation,TVAE,X2 house age,KS_Complement,0.879227,0.879227,,feature_fidelity,Generators/SDV models/15. Real Estate Valuation.ipynb
15. Real Estate Valuation,TVAE,X3 distance to the nearest MRT station,KS_Complement,0.869565,0.869565,,feature_fidelity,Generators/SDV models/15. Real Estate Valuation.ipynb
15. Real Estate Valuation,GaussianCopula,X3 distance to the nearest MRT station,KS_Complement,0.908213,0.908213,,feature_fidelity,Generators/SDV models/15. Real Estate Valuation.ipynb
15. Real Estate Valuation,GaussianCopula,X2 house age,KS_Complement,0.792271,0.792271,,feature_fidelity,Generators/SDV models/15. Real Estate Valuation.ipynb
15. Real Estate Valuation,GaussianCopula,X4 number of convenience stores,KS_Complement,0.71256,0.71256,,feature_fidelity,Generators/SDV models/15. Real Estate Valuation.ipynb
15. Real Estate Valuation,CTGAN,X5 latitude,JS_Divergence,0.880895,0.880895,,feature_fidelity,Generators/SDV models/15. Real Estate Valuation.ipynb
15. Real Estate Valuation,CTGAN,X6 longitude,JS_Divergence,0.790317,0.790317,,feature_fidelity,Generators/SDV models/15. Real Estate Valuation.ipynb
15. Real Estate Valuation,CTGAN,X2 house age,JS_Divergence,0.07976,0.07976,,feature_fidelity,Generators/SDV models/15. Real Estate Valuation.ipynb
15. Real Estate Valuation,CTGAN,X3 distance to the nearest MRT station,JS_Divergence,0.078988,0.078988,,feature_fidelity,Generators/SDV models/15. Real Estate Valuation.ipynb
15. Real Estate Valuation,CTGAN,X4 number of convenience stores,JS_Divergence,0.063342,0.063342,,feature_fidelity,Generators/SDV models/15. Real Estate Valuation.ipynb
15. Real Estate Valuation,CTGAN,Y house price of unit area,JS_Divergence,0.055316,0.055316,,feature_fidelity,Generators/SDV models/15. Real Estate Valuation.ipynb
15. Real Estate Valuation,CopulaGAN,X5 latitude,JS_Divergence,0.880895,0.880895,,feature_fidelity,Generators/SDV models/15. Real Estate Valuation.ipynb
15. Real Estate Valuation,CopulaGAN,X6 longitude,JS_Divergence,0.790317,0.790317,,feature_fidelity,Generators/SDV models/15. Real Estate Valuation.ipynb
15. Real Estate Valuation,CopulaGAN,X3 distance to the nearest MRT station,JS_Divergence,0.147968,0.147968,,feature_fidelity,Generators/SDV models/15. Real Estate Valuation.ipynb
15. Real Estate Valuation,CopulaGAN,X4 number of convenience stores,JS_Divergence,0.107659,0.107659,,feature_fidelity,Generators/SDV models/15. Real Estate Valuation.ipynb
15. Real Estate Valuation,CopulaGAN,X2 house age,JS_Divergence,0.09963,0.09963,,feature_fidelity,Generators/SDV models/15. Real Estate Valuation.ipynb
15. Real Estate Valuation,CopulaGAN,Y house price of unit area,JS_Divergence,0.08102,0.08102,,feature_fidelity,Generators/SDV models/15. Real Estate Valuation.ipynb
15. Real Estate Valuation,TVAE,X5 latitude,JS_Divergence,0.880895,0.880895,,feature_fidelity,Generators/SDV models/15. Real Estate Valuation.ipynb
15. Real Estate Valuation,TVAE,X6 longitude,JS_Divergence,0.790317,0.790317,,feature_fidelity,Generators/SDV models/15. Real Estate Valuation.ipynb
15. Real Estate Valuation,TVAE,X3 distance to the nearest MRT station,JS_Divergence,0.065114,0.065114,,feature_fidelity,Generators/SDV models/15. Real Estate Valuation.ipynb
15. Real Estate Valuation,TVAE,X2 house age,JS_Divergence,0.063868,0.063868,,feature_fidelity,Generators/SDV models/15. Real Estate Valuation.ipynb
15. Real Estate Valuation,TVAE,Y house price of unit area,JS_Divergence,0.041299,0.041299,,feature_fidelity,Generators/SDV models/15. Real Estate Valuation.ipynb
15. Real Estate Valuation,TVAE,X4 number of convenience stores,JS_Divergence,0.02431,0.02431,,feature_fidelity,Generators/SDV models/15. Real Estate Valuation.ipynb
15. Real Estate Valuation,GaussianCopula,X5 latitude,JS_Divergence,0.880895,0.880895,,feature_fidelity,Generators/SDV models/15. Real Estate Valuation.ipynb
15. Real Estate Valuation,GaussianCopula,X6 longitude,JS_Divergence,0.790317,0.790317,,feature_fidelity,Generators/SDV models/15. Real Estate Valuation.ipynb
15. Real Estate Valuation,CTABGAN,X4 number of convenience stores,KS_Complement,0.930971,0.930971,,feature_fidelity,Generators/Other GANS/15. Real Estate Valuation_other GAN.ipynb
15. Real Estate Valuation,CTABGAN,X2 house age,KS_Complement,0.913633,0.913633,,feature_fidelity,Generators/Other GANS/15. Real Estate Valuation_other GAN.ipynb
15. Real Estate Valuation,CTABGAN,X3 distance to the nearest MRT station,KS_Complement,0.901184,0.901184,,feature_fidelity,Generators/Other GANS/15. Real Estate Valuation_other GAN.ipynb
15. Real Estate Valuation,CTABGAN,Y house price of unit area,KS_Complement,0.90058,0.90058,,feature_fidelity,Generators/Other GANS/15. Real Estate Valuation_other GAN.ipynb
15. Real Estate Valuation,WGAN_GP,X4 number of convenience stores,KS_Complement,0.832256,0.832256,,feature_fidelity,Generators/Other GANS/15. Real Estate Valuation_other GAN.ipynb
15. Real Estate Valuation,WGAN_GP,Y house price of unit area,KS_Complement,0.763367,0.763367,,feature_fidelity,Generators/Other GANS/15. Real Estate Valuation_other GAN.ipynb
15. Real Estate Valuation,WGAN_GP,X2 house age,KS_Complement,0.718319,0.718319,,feature_fidelity,Generators/Other GANS/15. Real Estate Valuation_other GAN.ipynb
15. Real Estate Valuation,WGAN_GP,X3 distance to the nearest MRT station,KS_Complement,0.624831,0.624831,,feature_fidelity,Generators/Other GANS/15. Real Estate Valuation_other GAN.ipynb
15. Real Estate Valuation,CTABGAN,X6 longitude,JS_Divergence,0.085641,0.085641,,feature_fidelity,Generators/Other GANS/15. Real Estate Valuation_other GAN.ipynb
15. Real Estate Valuation,CTABGAN,X5 latitude,JS_Divergence,0.072796,0.072796,,feature_fidelity,Generators/Other GANS/15. Real Estate Valuation_other GAN.ipynb
15. Real Estate Valuation,CTABGAN,X3 distance to the nearest MRT station,JS_Divergence,0.057539,0.057539,,feature_fidelity,Generators/Other GANS/15. Real Estate Valuation_other GAN.ipynb
15. Real Estate Valuation,CTABGAN,X2 house age,JS_Divergence,0.018798,0.018798,,feature_fidelity,Generators/Other GANS/15. Real Estate Valuation_other GAN.ipynb
15. Real Estate Valuation,CTABGAN,X4 number of convenience stores,JS_Divergence,0.01636,0.01636,,feature_fidelity,Generators/Other GANS/15. Real Estate Valuation_other GAN.ipynb
15. Real Estate Valuation,WGAN_GP,X3 distance to the nearest MRT station,JS_Divergence,0.288887,0.288887,,feature_fidelity,Generators/Other GANS/15. Real Estate Valuation_other GAN.ipynb
15. Real Estate Valuation,WGAN_GP,X4 number of convenience stores,JS_Divergence,0.18247,0.18247,,feature_fidelity,Generators/Other GANS/15. Real Estate Valuation_other GAN.ipynb
15. Real Estate Valuation,WGAN_GP,X6 longitude,JS_Divergence,0.171046,0.171046,,feature_fidelity,Generators/Other GANS/15. Real Estate Valuation_other GAN.ipynb
15. Real Estate Valuation,WGAN_GP,X2 house age,JS_Divergence,0.124535,0.124535,,feature_fidelity,Generators/Other GANS/15. Real Estate Valuation_other GAN.ipynb
15. Real Estate Valuation,WGAN_GP,X5 latitude,JS_Divergence,0.117308,0.117308,,feature_fidelity,Generators/Other GANS/15. Real Estate Valuation_other GAN.ipynb
15. Real Estate Valuation,TabDDPM,X2 house age,KS_Complement,0.701831,0.701831,,feature_fidelity,Generators/Diffusion GANs/15. Real Estate Valuation_diffusion.ipynb
15. Real Estate Valuation,TabDDPM,Y house price of unit area,KS_Complement,0.689415,0.689415,,feature_fidelity,Generators/Diffusion GANs/15. Real Estate Valuation_diffusion.ipynb
15. Real Estate Valuation,TabDDPM,X4 number of convenience stores,KS_Complement,0.678836,0.678836,,feature_fidelity,Generators/Diffusion GANs/15. Real Estate Valuation_diffusion.ipynb
15. Real Estate Valuation,TabDDPM,X3 distance to the nearest MRT station,KS_Complement,0.567077,0.567077,,feature_fidelity,Generators/Diffusion GANs/15. Real Estate Valuation_diffusion.ipynb
15. Real Estate Valuation,ForestDiffusion,X2 house age,KS_Complement,0.964729,0.964729,,feature_fidelity,Generators/Diffusion GANs/15. Real Estate Valuation_diffusion.ipynb
15. Real Estate Valuation,ForestDiffusion,Y house price of unit area,KS_Complement,0.955874,0.955874,,feature_fidelity,Generators/Diffusion GANs/15. Real Estate Valuation_diffusion.ipynb
15. Real Estate Valuation,ForestDiffusion,X3 distance to the nearest MRT station,KS_Complement,0.953295,0.953295,,feature_fidelity,Generators/Diffusion GANs/15. Real Estate Valuation_diffusion.ipynb
15. Real Estate Valuation,ForestDiffusion,X4 number of convenience stores,KS_Complement,0.904256,0.904256,,feature_fidelity,Generators/Diffusion GANs/15. Real Estate Valuation_diffusion.ipynb
15. Real Estate Valuation,TabDDPM,X5 latitude,JS_Divergence,0.344286,0.344286,,feature_fidelity,Generators/Diffusion GANs/15. Real Estate Valuation_diffusion.ipynb
15. Real Estate Valuation,TabDDPM,X6 longitude,JS_Divergence,0.312184,0.312184,,feature_fidelity,Generators/Diffusion GANs/15. Real Estate Valuation_diffusion.ipynb
15. Real Estate Valuation,TabDDPM,X3 distance to the nearest MRT station,JS_Divergence,0.239984,0.239984,,feature_fidelity,Generators/Diffusion GANs/15. Real Estate Valuation_diffusion.ipynb
15. Real Estate Valuation,TabDDPM,X2 house age,JS_Divergence,0.180932,0.180932,,feature_fidelity,Generators/Diffusion GANs/15. Real Estate Valuation_diffusion.ipynb
15. Real Estate Valuation,TabDDPM,X4 number of convenience stores,JS_Divergence,0.144687,0.144687,,feature_fidelity,Generators/Diffusion GANs/15. Real Estate Valuation_diffusion.ipynb
15. Real Estate Valuation,ForestDiffusion,X4 number of convenience stores,JS_Divergence,0.060767,0.060767,,feature_fidelity,Generators/Diffusion GANs/15. Real Estate Valuation_diffusion.ipynb
15. Real Estate Valuation,ForestDiffusion,X6 longitude,JS_Divergence,0.011605,0.011605,,feature_fidelity,Generators/Diffusion GANs/15. Real Estate Valuation_diffusion.ipynb
15. Real Estate Valuation,ForestDiffusion,X3 distance to the nearest MRT station,JS_Divergence,0.005807,0.005807,,feature_fidelity,Generators/Diffusion GANs/15. Real Estate Valuation_diffusion.ipynb
15. Real Estate Valuation,ForestDiffusion,X5 latitude,JS_Divergence,0.00535,0.00535,,feature_fidelity,Generators/Diffusion GANs/15. Real Estate Valuation_diffusion.ipynb
15. Real Estate Valuation,ForestDiffusion,X2 house age,JS_Divergence,0.004263,0.004263,,feature_fidelity,Generators/Diffusion GANs/15. Real Estate Valuation_diffusion.ipynb
