Dataset,Generator,Classifier,Metric,EvaluationType,Mean,Std,Count,CI_Low,CI_High
1. Cancer,CTABGAN,AdaBoost,Accuracy,TRTR,0.9666666666666666,0.01022974016639526,2,0.9593487513921694,0.9739845819411638
1. Cancer,CTABGAN,AdaBoost,Accuracy,TSTR,0.9017543859649122,0.01953601530817553,2,0.8877791624987149,0.9157296094311095
1. Cancer,CTABGAN,AdaBoost,F1,TRTR,0.9537824074424763,0.01443243582836966,2,0.9434580648024186,0.9641067500825341
1. Cancer,CTABGAN,AdaBoost,F1,TSTR,0.855874530926555,0.03178999432699447,2,0.8331333389434094,0.8786157229097006
1. Cancer,CTABGAN,AdaBoost,Precision,TRTR,0.9735489892977129,0.02210918228480495,2,0.9577330330645226,0.9893649455309033
1. Cancer,CTABGAN,AdaBoost,Precision,TSTR,0.9260588300235681,0.02213408798097265,2,0.9102250573286258,0.9418926027185105
1. Cancer,CTABGAN,AdaBoost,Recall,TRTR,0.9357142857142857,0.02827224306437598,2,0.9154895413904034,0.955939030038168
1. Cancer,CTABGAN,AdaBoost,Recall,TSTR,0.7976190476190477,0.05558389299966074,2,0.7578567259000234,0.837381369338072
1. Cancer,CTABGAN,Decision Tree,Accuracy,TRTR,0.9350877192982457,0.02045948033279054,2,0.9204518887492514,0.9497235498472401
1. Cancer,CTABGAN,Decision Tree,Accuracy,TSTR,0.7578947368421052,0.04336563892739744,2,0.7268728275527946,0.7889166461314158
1. Cancer,CTABGAN,Decision Tree,F1,TRTR,0.9122461606275634,0.02771502846045041,2,0.8924200236187168,0.93207229763641
1. Cancer,CTABGAN,Decision Tree,F1,TSTR,0.6693514026531157,0.05402161785621416,2,0.6307066652470098,0.7079961400592215
1. Cancer,CTABGAN,Decision Tree,Precision,TRTR,0.9096981560397401,0.03732307542896939,2,0.8829988362789032,0.9363974758005771
1. Cancer,CTABGAN,Decision Tree,Precision,TSTR,0.6794508269659855,0.07365746202200889,2,0.6267594528309676,0.7321422011010034
1. Cancer,CTABGAN,Decision Tree,Recall,TRTR,0.9166666666666666,0.04158154570612613,2,0.8869210207841195,0.9464123125492138
1. Cancer,CTABGAN,Decision Tree,Recall,TSTR,0.6642857142857144,0.0642857142857143,2,0.6182984846150353,0.7102729439563934
1. Cancer,CTABGAN,Extra Trees,Accuracy,TRTR,0.9701754385964912,0.01189882453179872,2,0.9616635322945255,0.978687344898457
1. Cancer,CTABGAN,Extra Trees,Accuracy,TSTR,0.9061403508771928,0.01180142460269623,2,0.8976981202871533,0.9145825814672323
1. Cancer,CTABGAN,Extra Trees,F1,TRTR,0.9589899381997989,0.01652286372603384,2,0.9471701935266764,0.9708096828729215
1. Cancer,CTABGAN,Extra Trees,F1,TSTR,0.8670785594154807,0.01825087246674648,2,0.8540226717560812,0.8801344470748803
1. Cancer,CTABGAN,Extra Trees,Precision,TRTR,0.971542217000243,0.02506278422086412,2,0.9536133812245523,0.9894710527759337
1. Cancer,CTABGAN,Extra Trees,Precision,TSTR,0.9070975390638433,0.03654131664813196,2,0.8809574558456954,0.9332376222819911
1. Cancer,CTABGAN,Extra Trees,Recall,TRTR,0.9476190476190476,0.02776643759450141,2,0.9277561347311267,0.9674819605069684
1. Cancer,CTABGAN,Extra Trees,Recall,TSTR,0.8333333333333334,0.04517539514526257,2,0.8010168024354176,0.8656498642312491
1. Cancer,CTABGAN,Gradient Boosting,Accuracy,TRTR,0.9631578947368421,0.0203084857943688,2,0.9486300791736743,0.97768571030001
1. Cancer,CTABGAN,Gradient Boosting,Accuracy,TSTR,0.8991228070175439,0.02609556979060266,2,0.8804551609521356,0.9177904530829522
1. Cancer,CTABGAN,Gradient Boosting,F1,TRTR,0.9494212600983015,0.02779434087071402,2,0.9295383864090423,0.9693041337875608
1. Cancer,CTABGAN,Gradient Boosting,F1,TSTR,0.8522313061703468,0.03857736646535725,2,0.8246347206545105,0.8798278916861831
1. Cancer,CTABGAN,Gradient Boosting,Precision,TRTR,0.9620305430373497,0.0358379580625646,2,0.9363936122407736,0.9876674738339258
1. Cancer,CTABGAN,Gradient Boosting,Precision,TSTR,0.9271201677683877,0.05313421170876241,2,0.889110242478278,0.9651300930584974
1. Cancer,CTABGAN,Gradient Boosting,Recall,TRTR,0.938095238095238,0.03400680204068023,2,0.913768237404859,0.962422238785617
1. Cancer,CTABGAN,Gradient Boosting,Recall,TSTR,0.7904761904761904,0.04738035414793427,2,0.7565823269282924,0.8243700540240885
1. Cancer,CTABGAN,KNN,Accuracy,TRTR,0.962280701754386,0.01883413206454726,2,0.9488075753137156,0.9757538281950563
1. Cancer,CTABGAN,KNN,Accuracy,TSTR,0.8938596491228072,0.01939767051534734,2,0.8799833915595672,0.9077359066860473
1. Cancer,CTABGAN,KNN,F1,TRTR,0.947074373024434,0.02672761688789936,2,0.9279545877030646,0.9661941583458034
1. Cancer,CTABGAN,KNN,F1,TSTR,0.8454105927840614,0.0277253445241511,2,0.8255770761078038,0.8652441094603189
1. Cancer,CTABGAN,KNN,Precision,TRTR,0.9751404010156286,0.02459125532957641,2,0.9575488766886936,0.9927319253425636
1. Cancer,CTABGAN,KNN,Precision,TSTR,0.9156654475332268,0.0527838012277689,2,0.8779061908006265,0.953424704265827
1. Cancer,CTABGAN,KNN,Recall,TRTR,0.9214285714285715,0.03991203479581002,2,0.8928772217053419,0.9499799211518011
1. Cancer,CTABGAN,KNN,Recall,TSTR,0.7880952380952381,0.04185332340773083,2,0.7581551741569543,0.8180353020335218
1. Cancer,CTABGAN,Logistic Regression,Accuracy,TRTR,0.9789473684210526,0.009768007654087744,2,0.971959756687954,0.9859349801541512
1. Cancer,CTABGAN,Logistic Regression,Accuracy,TSTR,0.9122807017543859,0.01881369349958528,2,0.8988221961823096,0.9257392073264622
1. Cancer,CTABGAN,Logistic Regression,F1,TRTR,0.9707868770215718,0.0137941861874265,2,0.9609191106699073,0.9806546433732364
1. Cancer,CTABGAN,Logistic Regression,F1,TSTR,0.8737410603599367,0.0285457022292561,2,0.8533206951339516,0.8941614255859218
1. Cancer,CTABGAN,Logistic Regression,Precision,TRTR,0.9901768962744573,0.01203823054760635,2,0.9815652649163472,0.9987885276325673
1. Cancer,CTABGAN,Logistic Regression,Precision,TSTR,0.9284494994169916,0.04161343129989816,2,0.8986810439547381,0.9582179548792451
1. Cancer,CTABGAN,Logistic Regression,Recall,TRTR,0.9523809523809523,0.02129588549999798,2,0.9371467936193918,0.9676151111425129
1. Cancer,CTABGAN,Logistic Regression,Recall,TSTR,0.8285714285714285,0.05614202915500762,2,0.788409840299195,0.868733016843662
1. Cancer,CTABGAN,MLP,Accuracy,TRTR,0.974561403508772,0.01327433855300136,2,0.9650655137524552,0.9840572932650887
1. Cancer,CTABGAN,MLP,Accuracy,TSTR,0.8640350877192982,0.02488817712124755,2,0.8462311583381528,0.8818390171004435
1. Cancer,CTABGAN,MLP,F1,TRTR,0.9646057122906845,0.01869298955577862,2,0.9512335531183903,0.9779778714629787
1. Cancer,CTABGAN,MLP,F1,TSTR,0.804117565368548,0.02963523974201991,2,0.7829177919584739,0.825317338778622
1. Cancer,CTABGAN,MLP,Precision,TRTR,0.985467661474468,0.0191919907367019,2,0.971738538361304,0.999196784587632
1. Cancer,CTABGAN,MLP,Precision,TSTR,0.8697537046623731,0.07912149066706596,2,0.8131535999015955,0.9263538094231507
1. Cancer,CTABGAN,MLP,Recall,TRTR,0.9452380952380952,0.03021089890583217,2,0.9236265200696926,0.9668496704064978
1. Cancer,CTABGAN,MLP,Recall,TSTR,0.7547619047619047,0.05112121560377116,2,0.7181919901372281,0.7913318193865814
1. Cancer,CTABGAN,Naive Bayes,Accuracy,TRTR,0.9324561403508772,0.02322491630679601,2,0.9158420360798095,0.9490702446219449
1. Cancer,CTABGAN,Naive Bayes,Accuracy,TSTR,0.8903508771929826,0.01931817153118003,2,0.8765314897770856,0.9041702646088795
1. Cancer,CTABGAN,Naive Bayes,F1,TRTR,0.9055642341410918,0.0327534076549362,2,0.8821338577804818,0.9289946105017017
1. Cancer,CTABGAN,Naive Bayes,F1,TSTR,0.8385081659348002,0.03058070449053411,2,0.816632047787508,0.8603842840820923
1. Cancer,CTABGAN,Naive Bayes,Precision,TRTR,0.931024002484766,0.03636585629143303,2,0.9050094360445099,0.9570385689250221
1. Cancer,CTABGAN,Naive Bayes,Precision,TSTR,0.9144546083013576,0.03389474826699133,2,0.890207766051829,0.9387014505508862
1. Cancer,CTABGAN,Naive Bayes,Recall,TRTR,0.8833333333333332,0.05156287578025646,2,0.8464474740513078,0.9202191926153586
1. Cancer,CTABGAN,Naive Bayes,Recall,TSTR,0.7761904761904763,0.04902681019517618,2,0.7411188089387775,0.8112621434421752
1. Cancer,CTABGAN,Random Forest,Accuracy,TRTR,0.962280701754386,0.0136176971019825,2,0.9525391880888254,0.9720222154199465
1. Cancer,CTABGAN,Random Forest,Accuracy,TSTR,0.9052631578947368,0.02280701754385965,2,0.8889480003897395,0.921578315399734
1. Cancer,CTABGAN,Random Forest,F1,TRTR,0.9482304799188631,0.01843776018375915,2,0.9350409008404541,0.9614200589972721
1. Cancer,CTABGAN,Random Forest,F1,TSTR,0.8640459619422799,0.03145715180130354,2,0.8415428711584939,0.8865490527260659
1. Cancer,CTABGAN,Random Forest,Precision,TRTR,0.9617923931806518,0.02967466301692189,2,0.9405644180586199,0.9830203683026837
1. Cancer,CTABGAN,Random Forest,Precision,TSTR,0.9206922625825065,0.05312039008380935,2,0.8826922246872589,0.958692300477754
1. Cancer,CTABGAN,Random Forest,Recall,TRTR,0.9357142857142857,0.0214285714285714,2,0.9203852091573927,0.9510433622711787
1. Cancer,CTABGAN,Random Forest,Recall,TSTR,0.8166666666666667,0.04265826873135455,2,0.7861507795321857,0.8471825538011476
1. Cancer,CTABGAN,SVM-RBF,Accuracy,TRTR,0.9701754385964912,0.01889531511275264,2,0.9566585444397578,0.9836923327532247
1. Cancer,CTABGAN,SVM-RBF,Accuracy,TSTR,0.8964912280701756,0.02246710258748367,2,0.8804192310766706,0.9125632250636805
1. Cancer,CTABGAN,SVM-RBF,F1,TRTR,0.9583987428081452,0.02694607072359247,2,0.9391226850267731,0.9776748005895173
1. Cancer,CTABGAN,SVM-RBF,F1,TSTR,0.8501734642388644,0.03347126121661525,2,0.826229566375419,0.8741173621023098
1. Cancer,CTABGAN,SVM-RBF,Precision,TRTR,0.975500670827118,0.01929000486040976,2,0.9617014326336752,0.9892999090205608
1. Cancer,CTABGAN,SVM-RBF,Precision,TSTR,0.9094824920739555,0.03690452500346305,2,0.8830825852505089,0.9358823988974021
1. Cancer,CTABGAN,SVM-RBF,Recall,TRTR,0.9428571428571428,0.04416008807378907,2,0.9112669188845045,0.9744473668297812
1. Cancer,CTABGAN,SVM-RBF,Recall,TSTR,0.8,0.04902681019517619,2,0.7649283327483012,0.8350716672516989
1. Cancer,CTGAN,AdaBoost,Accuracy,TRTR,0.9666666666666666,0.01022974016639526,2,0.9593487513921694,0.9739845819411638
1. Cancer,CTGAN,AdaBoost,Accuracy,TSTR,0.7254385964912281,0.02513429610858667,2,0.7074586041927948,0.7434185887896614
1. Cancer,CTGAN,AdaBoost,F1,TRTR,0.9537824074424763,0.01443243582836966,2,0.9434580648024186,0.9641067500825341
1. Cancer,CTGAN,AdaBoost,F1,TSTR,0.7066383070371282,0.02622587045779307,2,0.6878774494895903,0.725399164584666
1. Cancer,CTGAN,AdaBoost,Precision,TRTR,0.9735489892977129,0.02210918228480495,2,0.9577330330645226,0.9893649455309033
1. Cancer,CTGAN,AdaBoost,Precision,TSTR,0.5843282264066113,0.02594956660915364,2,0.5657650247253488,0.6028914280878738
1. Cancer,CTGAN,AdaBoost,Recall,TRTR,0.9357142857142857,0.02827224306437598,2,0.9154895413904034,0.955939030038168
1. Cancer,CTGAN,AdaBoost,Recall,TSTR,0.9,0.07438333024673004,2,0.8467893710175903,0.9532106289824097
1. Cancer,CTGAN,Decision Tree,Accuracy,TRTR,0.9350877192982457,0.02045948033279054,2,0.9204518887492514,0.9497235498472401
1. Cancer,CTGAN,Decision Tree,Accuracy,TSTR,0.6421052631578947,0.04671412966910297,2,0.6086879878918672,0.6755225384239223
1. Cancer,CTGAN,Decision Tree,F1,TRTR,0.9122461606275634,0.02771502846045041,2,0.8924200236187168,0.93207229763641
1. Cancer,CTGAN,Decision Tree,F1,TSTR,0.5725381460270876,0.07484603595573021,2,0.5189965173203044,0.6260797747338709
1. Cancer,CTGAN,Decision Tree,Precision,TRTR,0.9096981560397401,0.03732307542896939,2,0.8829988362789032,0.9363974758005771
1. Cancer,CTGAN,Decision Tree,Precision,TSTR,0.5140981364718435,0.05412269457356239,2,0.475381093137948,0.552815179805739
1. Cancer,CTGAN,Decision Tree,Recall,TRTR,0.9166666666666666,0.04158154570612613,2,0.8869210207841195,0.9464123125492138
1. Cancer,CTGAN,Decision Tree,Recall,TSTR,0.6666666666666667,0.1456084271563872,2,0.562504672730245,0.7708286606030885
1. Cancer,CTGAN,Extra Trees,Accuracy,TRTR,0.9701754385964912,0.01189882453179872,2,0.9616635322945255,0.978687344898457
1. Cancer,CTGAN,Extra Trees,Accuracy,TSTR,0.7035087719298245,0.02712214883112335,2,0.6841067554582368,0.7229107884014122
1. Cancer,CTGAN,Extra Trees,F1,TRTR,0.9589899381997989,0.01652286372603384,2,0.9471701935266764,0.9708096828729215
1. Cancer,CTGAN,Extra Trees,F1,TSTR,0.6863330842765026,0.02683187254311334,2,0.6671387189521876,0.7055274496008177
1. Cancer,CTGAN,Extra Trees,Precision,TRTR,0.971542217000243,0.02506278422086412,2,0.9536133812245523,0.9894710527759337
1. Cancer,CTGAN,Extra Trees,Precision,TSTR,0.5632094750718591,0.02550146867181092,2,0.5449668233446339,0.5814521267990844
1. Cancer,CTGAN,Extra Trees,Recall,TRTR,0.9476190476190476,0.02776643759450141,2,0.9277561347311267,0.9674819605069684
1. Cancer,CTGAN,Extra Trees,Recall,TSTR,0.880952380952381,0.05323971374999498,2,0.8428669840484797,0.9190377778562824
1. Cancer,CTGAN,Gradient Boosting,Accuracy,TRTR,0.9631578947368421,0.0203084857943688,2,0.9486300791736743,0.97768571030001
1. Cancer,CTGAN,Gradient Boosting,Accuracy,TSTR,0.6956140350877192,0.05100558512318116,2,0.6591268375258754,0.7321012326495631
1. Cancer,CTGAN,Gradient Boosting,F1,TRTR,0.9494212600983015,0.02779434087071402,2,0.9295383864090423,0.9693041337875608
1. Cancer,CTGAN,Gradient Boosting,F1,TSTR,0.6803525981791595,0.03538217252110418,2,0.6550417167173167,0.7056634796410023
1. Cancer,CTGAN,Gradient Boosting,Precision,TRTR,0.9620305430373497,0.0358379580625646,2,0.9363936122407736,0.9876674738339258
1. Cancer,CTGAN,Gradient Boosting,Precision,TSTR,0.5599249455528891,0.04552000035223773,2,0.5273618989403241,0.592487992165454
1. Cancer,CTGAN,Gradient Boosting,Recall,TRTR,0.938095238095238,0.03400680204068023,2,0.913768237404859,0.962422238785617
1. Cancer,CTGAN,Gradient Boosting,Recall,TSTR,0.8738095238095237,0.05639390134441432,2,0.8334677570271718,0.9141512905918756
1. Cancer,CTGAN,KNN,Accuracy,TRTR,0.962280701754386,0.01883413206454726,2,0.9488075753137156,0.9757538281950563
1. Cancer,CTGAN,KNN,Accuracy,TSTR,0.6140350877192982,0.05407380704358751,2,0.5753530164175868,0.6527171590210095
1. Cancer,CTGAN,KNN,F1,TRTR,0.947074373024434,0.02672761688789936,2,0.9279545877030646,0.9661941583458034
1. Cancer,CTGAN,KNN,F1,TSTR,0.6243262154795239,0.03597395730127182,2,0.5985919966883295,0.6500604342707184
1. Cancer,CTGAN,KNN,Precision,TRTR,0.9751404010156286,0.02459125532957641,2,0.9575488766886936,0.9927319253425636
1. Cancer,CTGAN,KNN,Precision,TSTR,0.490045443189898,0.04018018602689914,2,0.4613022696316595,0.5187886167481365
1. Cancer,CTGAN,KNN,Recall,TRTR,0.9214285714285715,0.03991203479581002,2,0.8928772217053419,0.9499799211518011
1. Cancer,CTGAN,KNN,Recall,TSTR,0.8666666666666666,0.06042179781166439,2,0.8234435163298612,0.9098898170034719
1. Cancer,CTGAN,Logistic Regression,Accuracy,TRTR,0.9789473684210526,0.009768007654087744,2,0.971959756687954,0.9859349801541512
1. Cancer,CTGAN,Logistic Regression,Accuracy,TSTR,0.7912280701754387,0.0128920512778062,2,0.7820056522615042,0.8004504880893732
1. Cancer,CTGAN,Logistic Regression,F1,TRTR,0.9707868770215718,0.0137941861874265,2,0.9609191106699073,0.9806546433732364
1. Cancer,CTGAN,Logistic Regression,F1,TSTR,0.7657846423459664,0.01159782677494995,2,0.7574880568680495,0.7740812278238833
1. Cancer,CTGAN,Logistic Regression,Precision,TRTR,0.9901768962744573,0.01203823054760635,2,0.9815652649163472,0.9987885276325673
1. Cancer,CTGAN,Logistic Regression,Precision,TSTR,0.6535649630917597,0.01919003519494301,2,0.6398372388888979,0.6672926872946215
1. Cancer,CTGAN,Logistic Regression,Recall,TRTR,0.9523809523809523,0.02129588549999798,2,0.9371467936193918,0.9676151111425129
1. Cancer,CTGAN,Logistic Regression,Recall,TSTR,0.9261904761904762,0.03095238095238095,2,0.9040484767194086,0.9483324756615439
1. Cancer,CTGAN,MLP,Accuracy,TRTR,0.974561403508772,0.01327433855300136,2,0.9650655137524552,0.9840572932650887
1. Cancer,CTGAN,MLP,Accuracy,TSTR,0.7201754385964911,0.06685683863961835,2,0.6723489373630921,0.7680019398298902
1. Cancer,CTGAN,MLP,F1,TRTR,0.9646057122906845,0.01869298955577862,2,0.9512335531183903,0.9779778714629787
1. Cancer,CTGAN,MLP,F1,TSTR,0.7178685882670924,0.04862817078019972,2,0.6830820904738961,0.7526550860602887
1. Cancer,CTGAN,MLP,Precision,TRTR,0.985467661474468,0.0191919907367019,2,0.971738538361304,0.999196784587632
1. Cancer,CTGAN,MLP,Precision,TSTR,0.5813814731916255,0.06881605869648902,2,0.5321534303601931,0.6306095160230578
1. Cancer,CTGAN,MLP,Recall,TRTR,0.9452380952380952,0.03021089890583217,2,0.9236265200696926,0.9668496704064978
1. Cancer,CTGAN,MLP,Recall,TSTR,0.95,0.0457366016959489,2,0.9172820061203649,0.982717993879635
1. Cancer,CTGAN,Naive Bayes,Accuracy,TRTR,0.9324561403508772,0.02322491630679601,2,0.9158420360798095,0.9490702446219449
1. Cancer,CTGAN,Naive Bayes,Accuracy,TSTR,0.8517543859649122,0.02947420634458147,2,0.8306698089077904,0.8728389630220339
1. Cancer,CTGAN,Naive Bayes,F1,TRTR,0.9055642341410918,0.0327534076549362,2,0.8821338577804818,0.9289946105017017
1. Cancer,CTGAN,Naive Bayes,F1,TSTR,0.8124915287949535,0.03406757728491355,2,0.788121052113899,0.8368620054760079
1. Cancer,CTGAN,Naive Bayes,Precision,TRTR,0.931024002484766,0.03636585629143303,2,0.9050094360445099,0.9570385689250221
1. Cancer,CTGAN,Naive Bayes,Precision,TSTR,0.7650298077911399,0.04849160121861332,2,0.7303410059769723,0.7997186096053076
1. Cancer,CTGAN,Naive Bayes,Recall,TRTR,0.8833333333333332,0.05156287578025646,2,0.8464474740513078,0.9202191926153586
1. Cancer,CTGAN,Naive Bayes,Recall,TSTR,0.8690476190476192,0.04158154570612614,2,0.839301973165072,0.8987932649301663
1. Cancer,CTGAN,Random Forest,Accuracy,TRTR,0.962280701754386,0.0136176971019825,2,0.9525391880888254,0.9720222154199465
1. Cancer,CTGAN,Random Forest,Accuracy,TSTR,0.7157894736842105,0.02723539420396496,2,0.6963064463530894,0.7352725010153317
1. Cancer,CTGAN,Random Forest,F1,TRTR,0.9482304799188631,0.01843776018375915,2,0.9350409008404541,0.9614200589972721
1. Cancer,CTGAN,Random Forest,F1,TSTR,0.6893646786324237,0.03071131504379913,2,0.6673951273238584,0.7113342299409889
1. Cancer,CTGAN,Random Forest,Precision,TRTR,0.9617923931806518,0.02967466301692189,2,0.9405644180586199,0.9830203683026837
1. Cancer,CTGAN,Random Forest,Precision,TSTR,0.5773425885958766,0.02596342085199856,2,0.5587694761863178,0.5959157010054354
1. Cancer,CTGAN,Random Forest,Recall,TRTR,0.9357142857142857,0.0214285714285714,2,0.9203852091573927,0.9510433622711787
1. Cancer,CTGAN,Random Forest,Recall,TSTR,0.8571428571428571,0.05532833351724881,2,0.817563351664467,0.8967223626212472
1. Cancer,CTGAN,SVM-RBF,Accuracy,TRTR,0.9701754385964912,0.01889531511275264,2,0.9566585444397578,0.9836923327532247
1. Cancer,CTGAN,SVM-RBF,Accuracy,TSTR,0.7342105263157894,0.02387834664704595,2,0.7171289861382416,0.7512920664933372
1. Cancer,CTGAN,SVM-RBF,F1,TRTR,0.9583987428081452,0.02694607072359247,2,0.9391226850267731,0.9776748005895173
1. Cancer,CTGAN,SVM-RBF,F1,TSTR,0.7058459078385154,0.020234272079634,2,0.6913711815687021,0.7203206341083287
1. Cancer,CTGAN,SVM-RBF,Precision,TRTR,0.975500670827118,0.01929000486040976,2,0.9617014326336752,0.9892999090205608
1. Cancer,CTGAN,SVM-RBF,Precision,TSTR,0.5973837425749331,0.02711103869198211,2,0.5779896738181066,0.6167778113317596
1. Cancer,CTGAN,SVM-RBF,Recall,TRTR,0.9428571428571428,0.04416008807378907,2,0.9112669188845045,0.9744473668297812
1. Cancer,CTGAN,SVM-RBF,Recall,TSTR,0.8642857142857144,0.03021089890583218,2,0.8426741391173118,0.885897289454117
1. Cancer,CopulaGAN,AdaBoost,Accuracy,TRTR,0.9666666666666666,0.01022974016639526,2,0.9593487513921694,0.9739845819411638
1. Cancer,CopulaGAN,AdaBoost,Accuracy,TSTR,0.4815789473684211,0.1002804623522366,2,0.4098426260890449,0.5533152686477973
1. Cancer,CopulaGAN,AdaBoost,F1,TRTR,0.9537824074424763,0.01443243582836966,2,0.9434580648024186,0.9641067500825341
1. Cancer,CopulaGAN,AdaBoost,F1,TSTR,0.519801058330466,0.06901698133998511,2,0.4704292840984392,0.5691728325624927
1. Cancer,CopulaGAN,AdaBoost,Precision,TRTR,0.9735489892977129,0.02210918228480495,2,0.9577330330645226,0.9893649455309033
1. Cancer,CopulaGAN,AdaBoost,Precision,TSTR,0.40156576742601,0.06687363753559306,2,0.35372724898636243,0.4494042858656576
1. Cancer,CopulaGAN,AdaBoost,Recall,TRTR,0.9357142857142857,0.02827224306437598,2,0.9154895413904034,0.955939030038168
1. Cancer,CopulaGAN,AdaBoost,Recall,TSTR,0.7595238095238095,0.1252887820659321,2,0.6698976140300769,0.8491500050175421
1. Cancer,CopulaGAN,Decision Tree,Accuracy,TRTR,0.9350877192982457,0.02045948033279054,2,0.9204518887492514,0.9497235498472401
1. Cancer,CopulaGAN,Decision Tree,Accuracy,TSTR,0.4885964912280701,0.1217403551246111,2,0.4015086874522065,0.5756842950039336
1. Cancer,CopulaGAN,Decision Tree,F1,TRTR,0.9122461606275634,0.02771502846045041,2,0.8924200236187168,0.93207229763641
1. Cancer,CopulaGAN,Decision Tree,F1,TSTR,0.4336614094883392,0.1278834023662402,2,0.34217913444436365,0.5251436845323147
1. Cancer,CopulaGAN,Decision Tree,Precision,TRTR,0.9096981560397401,0.03732307542896939,2,0.8829988362789032,0.9363974758005771
1. Cancer,CopulaGAN,Decision Tree,Precision,TSTR,0.3755289426952128,0.113279749606878,2,0.2944934915053027,0.45656439388512293
1. Cancer,CopulaGAN,Decision Tree,Recall,TRTR,0.9166666666666666,0.04158154570612613,2,0.8869210207841195,0.9464123125492138
1. Cancer,CopulaGAN,Decision Tree,Recall,TSTR,0.5428571428571429,0.1942483624225823,2,0.4039002353212227,0.6818140503930632
1. Cancer,CopulaGAN,Extra Trees,Accuracy,TRTR,0.9701754385964912,0.01189882453179872,2,0.9616635322945255,0.978687344898457
1. Cancer,CopulaGAN,Extra Trees,Accuracy,TSTR,0.3473684210526316,0.06254576656131891,2,0.30262587500265753,0.3921109671026057
1. Cancer,CopulaGAN,Extra Trees,F1,TRTR,0.9589899381997989,0.01652286372603384,2,0.9471701935266764,0.9708096828729215
1. Cancer,CopulaGAN,Extra Trees,F1,TSTR,0.3942774400600938,0.06988236591030123,2,0.34428660699935565,0.44426827312083195
1. Cancer,CopulaGAN,Extra Trees,Precision,TRTR,0.971542217000243,0.02506278422086412,2,0.9536133812245523,0.9894710527759337
1. Cancer,CopulaGAN,Extra Trees,Precision,TSTR,0.299012460924504,0.04786760332872306,2,0.2647700403101915,0.3332548815388165
1. Cancer,CopulaGAN,Extra Trees,Recall,TRTR,0.9476190476190476,0.02776643759450141,2,0.9277561347311267,0.9674819605069684
1. Cancer,CopulaGAN,Extra Trees,Recall,TSTR,0.5833333333333333,0.130083698853788,2,0.4902770610017685,0.676389605664898
1. Cancer,CopulaGAN,Gradient Boosting,Accuracy,TRTR,0.9631578947368421,0.0203084857943688,2,0.9486300791736743,0.97768571030001
1. Cancer,CopulaGAN,Gradient Boosting,Accuracy,TSTR,0.3894736842105263,0.0709605207584445,2,0.33871158563344406,0.44023578278760855
1. Cancer,CopulaGAN,Gradient Boosting,F1,TRTR,0.9494212600983015,0.02779434087071402,2,0.9295383864090423,0.9693041337875608
1. Cancer,CopulaGAN,Gradient Boosting,F1,TSTR,0.3896629562003324,0.08159356725323165,2,0.3312944343815091,0.44803147801915577
1. Cancer,CopulaGAN,Gradient Boosting,Precision,TRTR,0.9620305430373497,0.0358379580625646,2,0.9363936122407736,0.9876674738339258
1. Cancer,CopulaGAN,Gradient Boosting,Precision,TSTR,0.3082748940337974,0.05739376069790951,2,0.2672178709579056,0.34933191710968914
1. Cancer,CopulaGAN,Gradient Boosting,Recall,TRTR,0.938095238095238,0.03400680204068023,2,0.913768237404859,0.962422238785617
1. Cancer,CopulaGAN,Gradient Boosting,Recall,TSTR,0.5404761904761904,0.150979417737978,2,0.43247202133522944,0.6484803596171514
1. Cancer,CopulaGAN,KNN,Accuracy,TRTR,0.962280701754386,0.01883413206454726,2,0.9488075753137156,0.9757538281950563
1. Cancer,CopulaGAN,KNN,Accuracy,TSTR,0.343859649122807,0.04974542764476429,2,0.30827391391578157,0.3794453843298324
1. Cancer,CopulaGAN,KNN,F1,TRTR,0.947074373024434,0.02672761688789936,2,0.9279545877030646,0.9661941583458034
1. Cancer,CopulaGAN,KNN,F1,TSTR,0.4727259627656144,0.04407537185753434,2,0.44119634112332307,0.5042555844079057
1. Cancer,CopulaGAN,KNN,Precision,TRTR,0.9751404010156286,0.02459125532957641,2,0.9575488766886936,0.9927319253425636
1. Cancer,CopulaGAN,KNN,Precision,TSTR,0.3356790936398785,0.03023147027119576,2,0.31405280260319746,0.3573053846765596
1. Cancer,CopulaGAN,KNN,Recall,TRTR,0.9214285714285715,0.03991203479581002,2,0.8928772217053419,0.9499799211518011
1. Cancer,CopulaGAN,KNN,Recall,TSTR,0.8,0.08597842897746566,2,0.738494737064942,0.8615052629350581
1. Cancer,CopulaGAN,Logistic Regression,Accuracy,TRTR,0.9789473684210526,0.009768007654087744,2,0.971959756687954,0.9859349801541512
1. Cancer,CopulaGAN,Logistic Regression,Accuracy,TSTR,0.2631578947368421,0.03088915238887546,2,0.2410611262553338,0.28525466321835036
1. Cancer,CopulaGAN,Logistic Regression,F1,TRTR,0.9707868770215718,0.0137941861874265,2,0.9609191106699073,0.9806546433732364
1. Cancer,CopulaGAN,Logistic Regression,F1,TSTR,0.3985670877139814,0.04376900515437522,2,0.36725662760855987,0.42987754781940296
1. Cancer,CopulaGAN,Logistic Regression,Precision,TRTR,0.9901768962744573,0.01203823054760635,2,0.9815652649163472,0.9987885276325673
1. Cancer,CopulaGAN,Logistic Regression,Precision,TSTR,0.284463618381962,0.02735704074753571,2,0.2648935703558079,0.3040336664081161
1. Cancer,CopulaGAN,Logistic Regression,Recall,TRTR,0.9523809523809523,0.02129588549999798,2,0.9371467936193918,0.9676151111425129
1. Cancer,CopulaGAN,Logistic Regression,Recall,TSTR,0.6666666666666667,0.09464098530643712,2,0.5989645842381659,0.7343687490951676
1. Cancer,CopulaGAN,MLP,Accuracy,TRTR,0.974561403508772,0.01327433855300136,2,0.9650655137524552,0.9840572932650887
1. Cancer,CopulaGAN,MLP,Accuracy,TSTR,0.243859649122807,0.06666666666666668,2,0.19616918872358433,0.2915501095220297
1. Cancer,CopulaGAN,MLP,F1,TRTR,0.9646057122906845,0.01869298955577862,2,0.9512335531183903,0.9779778714629787
1. Cancer,CopulaGAN,MLP,F1,TSTR,0.3148359078246065,0.08735914276020076,2,0.2523429417498756,0.37732887389933745
1. Cancer,CopulaGAN,MLP,Precision,TRTR,0.985467661474468,0.0191919907367019,2,0.971738538361304,0.999196784587632
1. Cancer,CopulaGAN,MLP,Precision,TSTR,0.2346004713560841,0.05987976719583476,2,0.19176506636356966,0.27743587634859856
1. Cancer,CopulaGAN,MLP,Recall,TRTR,0.9452380952380952,0.03021089890583217,2,0.9236265200696926,0.9668496704064978
1. Cancer,CopulaGAN,MLP,Recall,TSTR,0.480952380952381,0.1560568534111804,2,0.3693160331378831,0.592588728766879
1. Cancer,CopulaGAN,Naive Bayes,Accuracy,TRTR,0.9324561403508772,0.02322491630679601,2,0.9158420360798095,0.9490702446219449
1. Cancer,CopulaGAN,Naive Bayes,Accuracy,TSTR,0.3447368421052631,0.03923906885323691,2,0.3166669032165481,0.3728067809939781
1. Cancer,CopulaGAN,Naive Bayes,F1,TRTR,0.9055642341410918,0.0327534076549362,2,0.8821338577804818,0.9289946105017017
1. Cancer,CopulaGAN,Naive Bayes,F1,TSTR,0.4662794326323761,0.03639025421877407,2,0.4402474129663047,0.49231145229844747
1. Cancer,CopulaGAN,Naive Bayes,Precision,TRTR,0.931024002484766,0.03636585629143303,2,0.9050094360445099,0.9570385689250221
1. Cancer,CopulaGAN,Naive Bayes,Precision,TSTR,0.3329675819725071,0.02410520935186833,2,0.31572375399235336,0.3502114099526608
1. Cancer,CopulaGAN,Naive Bayes,Recall,TRTR,0.8833333333333332,0.05156287578025646,2,0.8464474740513078,0.9202191926153586
1. Cancer,CopulaGAN,Naive Bayes,Recall,TSTR,0.7785714285714286,0.07457361792078966,2,0.7252246759872558,0.8319181811556013
1. Cancer,CopulaGAN,Random Forest,Accuracy,TRTR,0.962280701754386,0.0136176971019825,2,0.9525391880888254,0.9720222154199465
1. Cancer,CopulaGAN,Random Forest,Accuracy,TSTR,0.4342105263157895,0.06567241047103436,2,0.3872313139524341,0.4811897386791449
1. Cancer,CopulaGAN,Random Forest,F1,TRTR,0.9482304799188631,0.01843776018375915,2,0.9350409008404541,0.9614200589972721
1. Cancer,CopulaGAN,Random Forest,F1,TSTR,0.3816551708328511,0.05380485147891598,2,0.34316549875173163,0.4201448429139706
1. Cancer,CopulaGAN,Random Forest,Precision,TRTR,0.9617923931806518,0.02967466301692189,2,0.9405644180586199,0.9830203683026837
1. Cancer,CopulaGAN,Random Forest,Precision,TSTR,0.3220137555784127,0.045904894901459,2,0.28917537199198506,0.3548521391648404
1. Cancer,CopulaGAN,Random Forest,Recall,TRTR,0.9357142857142857,0.0214285714285714,2,0.9203852091573927,0.9510433622711787
1. Cancer,CopulaGAN,Random Forest,Recall,TSTR,0.4761904761904762,0.0903507902905251,2,0.4115574143946448,0.5408235379863076
1. Cancer,CopulaGAN,SVM-RBF,Accuracy,TRTR,0.9701754385964912,0.01889531511275264,2,0.9566585444397578,0.9836923327532247
1. Cancer,CopulaGAN,SVM-RBF,Accuracy,TSTR,0.256140350877193,0.04503683387015241,2,0.2239229407443299,0.2883577610100561
1. Cancer,CopulaGAN,SVM-RBF,F1,TRTR,0.9583987428081452,0.02694607072359247,2,0.9391226850267731,0.9776748005895173
1. Cancer,CopulaGAN,SVM-RBF,F1,TSTR,0.3694444042627564,0.0750845122045937,2,0.3157321799244345,0.4231566286010783
1. Cancer,CopulaGAN,SVM-RBF,Precision,TRTR,0.975500670827118,0.01929000486040976,2,0.9617014326336752,0.9892999090205608
1. Cancer,CopulaGAN,SVM-RBF,Precision,TSTR,0.2669488463176923,0.04830223231252203,2,0.2323955108582765,0.3015021817771081
1. Cancer,CopulaGAN,SVM-RBF,Recall,TRTR,0.9428571428571428,0.04416008807378907,2,0.9112669188845045,0.9744473668297812
1. Cancer,CopulaGAN,SVM-RBF,Recall,TSTR,0.6023809523809524,0.150979417737978,2,0.49437678323999135,0.7103851215219134
1. Cancer,ForestDiffusion,AdaBoost,Accuracy,TRTR,0.9666666666666666,0.01022974016639526,2,0.9593487513921694,0.9739845819411638
1. Cancer,ForestDiffusion,AdaBoost,Accuracy,TSTR,0.9771929824561403,0.01370219241387132,2,0.9673910244856964,0.9869949404265842
1. Cancer,ForestDiffusion,AdaBoost,F1,TRTR,0.9537824074424763,0.01443243582836966,2,0.9434580648024186,0.9641067500825341
1. Cancer,ForestDiffusion,AdaBoost,F1,TSTR,0.9683790770860614,0.01893114988312735,2,0.9548365482788659,0.9819216058932569
1. Cancer,ForestDiffusion,AdaBoost,Precision,TRTR,0.9735489892977129,0.02210918228480495,2,0.9577330330645226,0.9893649455309033
1. Cancer,ForestDiffusion,AdaBoost,Precision,TSTR,0.9863465053255183,0.02678203181220571,2,0.9671877939122575,1.005505216738779
1. Cancer,ForestDiffusion,AdaBoost,Recall,TRTR,0.9357142857142857,0.02827224306437598,2,0.9154895413904034,0.955939030038168
1. Cancer,ForestDiffusion,AdaBoost,Recall,TSTR,0.9523809523809523,0.03531523089093172,2,0.9271179580765516,0.977643946685353
1. Cancer,ForestDiffusion,Decision Tree,Accuracy,TRTR,0.9350877192982457,0.02045948033279054,2,0.9204518887492514,0.9497235498472401
1. Cancer,ForestDiffusion,Decision Tree,Accuracy,TSTR,0.9184210526315789,0.02355389751245184,2,0.9015716093831049,0.935270495880053
1. Cancer,ForestDiffusion,Decision Tree,F1,TRTR,0.9122461606275634,0.02771502846045041,2,0.8924200236187168,0.93207229763641
1. Cancer,ForestDiffusion,Decision Tree,F1,TSTR,0.8874586514506332,0.03462216351334562,2,0.8626914476811038,0.9122258552201625
1. Cancer,ForestDiffusion,Decision Tree,Precision,TRTR,0.9096981560397401,0.03732307542896939,2,0.8829988362789032,0.9363974758005771
1. Cancer,ForestDiffusion,Decision Tree,Precision,TSTR,0.8978543785778763,0.02583052328885385,2,0.879376335357902,0.9163324217978506
1. Cancer,ForestDiffusion,Decision Tree,Recall,TRTR,0.9166666666666666,0.04158154570612613,2,0.8869210207841195,0.9464123125492138
1. Cancer,ForestDiffusion,Decision Tree,Recall,TSTR,0.8785714285714284,0.05265081997022854,2,0.8409073008997766,0.9162355562430803
1. Cancer,ForestDiffusion,Extra Trees,Accuracy,TRTR,0.9701754385964912,0.01189882453179872,2,0.9616635322945255,0.978687344898457
1. Cancer,ForestDiffusion,Extra Trees,Accuracy,TSTR,0.968421052631579,0.02007986516185893,2,0.9540567824167285,0.9827853228464294
1. Cancer,ForestDiffusion,Extra Trees,F1,TRTR,0.9589899381997989,0.01652286372603384,2,0.9471701935266764,0.9708096828729215
1. Cancer,ForestDiffusion,Extra Trees,F1,TSTR,0.9548841008708386,0.02934845124707383,2,0.9338894835911823,0.975878718150495
1. Cancer,ForestDiffusion,Extra Trees,Precision,TRTR,0.971542217000243,0.02506278422086412,2,0.9536133812245523,0.9894710527759337
1. Cancer,ForestDiffusion,Extra Trees,Precision,TSTR,0.9922331947331948,0.01187303560728529,2,0.9837397367164779,1.000726652749912
1. Cancer,ForestDiffusion,Extra Trees,Recall,TRTR,0.9476190476190476,0.02776643759450141,2,0.9277561347311267,0.9674819605069684
1. Cancer,ForestDiffusion,Extra Trees,Recall,TSTR,0.9214285714285714,0.04999999999999999,2,0.8856607261291544,0.9571964167279884
1. Cancer,ForestDiffusion,Gradient Boosting,Accuracy,TRTR,0.9631578947368421,0.0203084857943688,2,0.9486300791736743,0.97768571030001
1. Cancer,ForestDiffusion,Gradient Boosting,Accuracy,TSTR,0.9728070175438598,0.01491228070175439,2,0.9621394145598231,0.9834746205278965
1. Cancer,ForestDiffusion,Gradient Boosting,F1,TRTR,0.9494212600983015,0.02779434087071402,2,0.9295383864090423,0.9693041337875608
1. Cancer,ForestDiffusion,Gradient Boosting,F1,TSTR,0.9619575125900426,0.02116204340633657,2,0.9468190986944947,0.9770959264855905
1. Cancer,ForestDiffusion,Gradient Boosting,Precision,TRTR,0.9620305430373497,0.0358379580625646,2,0.9363936122407736,0.9876674738339258
1. Cancer,ForestDiffusion,Gradient Boosting,Precision,TSTR,0.9852313711107037,0.01627142953979377,2,0.9735914916191095,0.9968712506022979
1. Cancer,ForestDiffusion,Gradient Boosting,Recall,TRTR,0.938095238095238,0.03400680204068023,2,0.913768237404859,0.962422238785617
1. Cancer,ForestDiffusion,Gradient Boosting,Recall,TSTR,0.9404761904761905,0.03571428571428571,2,0.9149277295480355,0.9660246514043455
1. Cancer,ForestDiffusion,KNN,Accuracy,TRTR,0.962280701754386,0.01883413206454726,2,0.9488075753137156,0.9757538281950563
1. Cancer,ForestDiffusion,KNN,Accuracy,TSTR,0.9526315789473683,0.01848360307518024,2,0.9394092058399908,0.9658539520547458
1. Cancer,ForestDiffusion,KNN,F1,TRTR,0.947074373024434,0.02672761688789936,2,0.9279545877030646,0.9661941583458034
1. Cancer,ForestDiffusion,KNN,F1,TSTR,0.9332309434412295,0.02747334297566519,2,0.9135776978130011,0.9528841890694578
1. Cancer,ForestDiffusion,KNN,Precision,TRTR,0.9751404010156286,0.02459125532957641,2,0.9575488766886936,0.9927319253425636
1. Cancer,ForestDiffusion,KNN,Precision,TSTR,0.9629047211524746,0.02270577718504238,2,0.946661986637322,0.9791474556676272
1. Cancer,ForestDiffusion,KNN,Recall,TRTR,0.9214285714285715,0.03991203479581002,2,0.8928772217053419,0.9499799211518011
1. Cancer,ForestDiffusion,KNN,Recall,TSTR,0.9071428571428571,0.0504514764295645,2,0.8710520450616602,0.943233669224054
1. Cancer,ForestDiffusion,Logistic Regression,Accuracy,TRTR,0.9789473684210526,0.009768007654087744,2,0.971959756687954,0.9859349801541512
1. Cancer,ForestDiffusion,Logistic Regression,Accuracy,TSTR,0.9824561403508772,0.01109571108831009,2,0.9745187467970032,0.9903935339047513
1. Cancer,ForestDiffusion,Logistic Regression,F1,TRTR,0.9707868770215718,0.0137941861874265,2,0.9609191106699073,0.9806546433732364
1. Cancer,ForestDiffusion,Logistic Regression,F1,TSTR,0.9753647652942392,0.01588371197929723,2,0.9640022422371192,0.9867272883513593
1. Cancer,ForestDiffusion,Logistic Regression,Precision,TRTR,0.9901768962744573,0.01203823054760635,2,0.9815652649163472,0.9987885276325673
1. Cancer,ForestDiffusion,Logistic Regression,Precision,TSTR,1.0,0.0,2,1.0,1.0
1. Cancer,ForestDiffusion,Logistic Regression,Recall,TRTR,0.9523809523809523,0.02129588549999798,2,0.9371467936193918,0.9676151111425129
1. Cancer,ForestDiffusion,Logistic Regression,Recall,TSTR,0.9523809523809523,0.03011693009684169,2,0.9308365984490086,0.9739253063128961
1. Cancer,ForestDiffusion,MLP,Accuracy,TRTR,0.974561403508772,0.01327433855300136,2,0.9650655137524552,0.9840572932650887
1. Cancer,ForestDiffusion,MLP,Accuracy,TSTR,0.9710526315789473,0.009649122807017537,2,0.9641500649422177,0.9779551982156769
1. Cancer,ForestDiffusion,MLP,F1,TRTR,0.9646057122906845,0.01869298955577862,2,0.9512335531183903,0.9779778714629787
1. Cancer,ForestDiffusion,MLP,F1,TSTR,0.9597907671465317,0.01365969229454085,2,0.9500192119299562,0.9695623223631071
1. Cancer,ForestDiffusion,MLP,Precision,TRTR,0.985467661474468,0.0191919907367019,2,0.971738538361304,0.999196784587632
1. Cancer,ForestDiffusion,MLP,Precision,TSTR,0.9804149915125524,0.01447747124608494,2,0.9700584324754179,0.9907715505496869
1. Cancer,ForestDiffusion,MLP,Recall,TRTR,0.9452380952380952,0.03021089890583217,2,0.9236265200696926,0.9668496704064978
1. Cancer,ForestDiffusion,MLP,Recall,TSTR,0.9404761904761905,0.02439750182371331,2,0.923023269057734,0.9579291118946469
1. Cancer,ForestDiffusion,Naive Bayes,Accuracy,TRTR,0.9324561403508772,0.02322491630679601,2,0.9158420360798095,0.9490702446219449
1. Cancer,ForestDiffusion,Naive Bayes,Accuracy,TSTR,0.9280701754385966,0.02105263157894736,2,0.9130100300493684,0.9431303208278248
1. Cancer,ForestDiffusion,Naive Bayes,F1,TRTR,0.9055642341410918,0.0327534076549362,2,0.8821338577804818,0.9289946105017017
1. Cancer,ForestDiffusion,Naive Bayes,F1,TSTR,0.8998892151047351,0.03076924209025666,2,0.8778782252834428,0.9219002049260273
1. Cancer,ForestDiffusion,Naive Bayes,Precision,TRTR,0.931024002484766,0.03636585629143303,2,0.9050094360445099,0.9570385689250221
1. Cancer,ForestDiffusion,Naive Bayes,Precision,TSTR,0.9197667999268523,0.03384720557007491,2,0.8955539676738922,0.9439796321798124
1. Cancer,ForestDiffusion,Naive Bayes,Recall,TRTR,0.8833333333333332,0.05156287578025646,2,0.8464474740513078,0.9202191926153586
1. Cancer,ForestDiffusion,Naive Bayes,Recall,TSTR,0.8833333333333334,0.05578749768504752,2,0.8434253615965261,0.9232413050701407
1. Cancer,ForestDiffusion,Random Forest,Accuracy,TRTR,0.962280701754386,0.0136176971019825,2,0.9525391880888254,0.9720222154199465
1. Cancer,ForestDiffusion,Random Forest,Accuracy,TSTR,0.9692982456140351,0.0212164677586804,2,0.9541208988821841,0.9844755923458861
1. Cancer,ForestDiffusion,Random Forest,F1,TRTR,0.9482304799188631,0.01843776018375915,2,0.9350409008404541,0.9614200589972721
1. Cancer,ForestDiffusion,Random Forest,F1,TSTR,0.9562420946465988,0.03078678036577362,2,0.9342185586987964,0.9782656305944012
1. Cancer,ForestDiffusion,Random Forest,Precision,TRTR,0.9617923931806518,0.02967466301692189,2,0.9405644180586199,0.9830203683026837
1. Cancer,ForestDiffusion,Random Forest,Precision,TSTR,0.9898962148962148,0.01635779965675632,2,0.9781945499449805,1.0015978798474492
1. Cancer,ForestDiffusion,Random Forest,Recall,TRTR,0.9357142857142857,0.0214285714285714,2,0.9203852091573927,0.9510433622711787
1. Cancer,ForestDiffusion,Random Forest,Recall,TSTR,0.9261904761904761,0.05265081997022852,2,0.8885263485188244,0.9638546038621278
1. Cancer,ForestDiffusion,SVM-RBF,Accuracy,TRTR,0.968421052631579,0.01806250901927543,2,0.9554999120651636,0.9813421931979943
1. Cancer,ForestDiffusion,SVM-RBF,Accuracy,TSTR,0.976315789473684,0.01417148633456448,2,0.9661781188561339,0.9864534600912341
1. Cancer,ForestDiffusion,SVM-RBF,F1,TRTR,0.9562595401456587,0.0249697085948244,2,0.9383972866618346,0.9741217936294828
1. Cancer,ForestDiffusion,SVM-RBF,F1,TSTR,0.9668967874877652,0.02019724432921812,2,0.9524485492749252,0.9813450257006052
1. Cancer,ForestDiffusion,SVM-RBF,Precision,TRTR,0.9756903217837779,0.02809606508844681,2,0.9555916075916596,0.9957890359758962
1. Cancer,ForestDiffusion,SVM-RBF,Precision,TSTR,0.9876768962744572,0.012330996557035,2,0.9788558327296638,0.9964979598192506
1. Cancer,ForestDiffusion,SVM-RBF,Recall,TRTR,0.9380952380952381,0.03049106779729926,2,0.9162832421754814,0.9599072340149948
1. Cancer,ForestDiffusion,SVM-RBF,Recall,TSTR,0.9476190476190476,0.03499271061118825,2,0.9225867704240827,0.9726513248140125
1. Cancer,GaussianCopula,AdaBoost,Accuracy,TRTR,0.9666666666666666,0.01022974016639526,2,0.9593487513921694,0.9739845819411638
1. Cancer,GaussianCopula,AdaBoost,Accuracy,TSTR,0.9096491228070175,0.02419844600725213,2,0.8923385973415437,0.9269596482724912
1. Cancer,GaussianCopula,AdaBoost,F1,TRTR,0.9537824074424763,0.01443243582836966,2,0.9434580648024186,0.9641067500825341
1. Cancer,GaussianCopula,AdaBoost,F1,TSTR,0.8650285739692105,0.03923773971976056,2,0.8369595858853068,0.8930975620531142
1. Cancer,GaussianCopula,AdaBoost,Precision,TRTR,0.9735489892977129,0.02210918228480495,2,0.9577330330645226,0.9893649455309033
1. Cancer,GaussianCopula,AdaBoost,Precision,TSTR,0.956769999865975,0.04165631473303781,2,0.9269708674436725,0.9865691322882775
1. Cancer,GaussianCopula,AdaBoost,Recall,TRTR,0.9357142857142857,0.02827224306437598,2,0.9154895413904034,0.955939030038168
1. Cancer,GaussianCopula,AdaBoost,Recall,TSTR,0.7928571428571429,0.06481265518483903,2,0.7464929623752273,0.8392213233390585
1. Cancer,GaussianCopula,Decision Tree,Accuracy,TRTR,0.9350877192982457,0.02045948033279054,2,0.9204518887492514,0.9497235498472401
1. Cancer,GaussianCopula,Decision Tree,Accuracy,TSTR,0.7201754385964912,0.05470337483392584,2,0.6810430016281737,0.7593078755648088
1. Cancer,GaussianCopula,Decision Tree,F1,TRTR,0.9122461606275634,0.02771502846045041,2,0.8924200236187168,0.93207229763641
1. Cancer,GaussianCopula,Decision Tree,F1,TSTR,0.6195324711918453,0.06421041999939439,2,0.5735991038088667,0.6654658385748239
1. Cancer,GaussianCopula,Decision Tree,Precision,TRTR,0.9096981560397401,0.03732307542896939,2,0.8829988362789032,0.9363974758005771
1. Cancer,GaussianCopula,Decision Tree,Precision,TSTR,0.6265896330422591,0.0814976126745347,2,0.5682897529939679,0.6848895130905504
1. Cancer,GaussianCopula,Decision Tree,Recall,TRTR,0.9166666666666666,0.04158154570612613,2,0.8869210207841195,0.9464123125492138
1. Cancer,GaussianCopula,Decision Tree,Recall,TSTR,0.6142857142857143,0.05194624816493196,2,0.5771256069207461,0.6514458216506825
1. Cancer,GaussianCopula,Extra Trees,Accuracy,TRTR,0.9701754385964912,0.01189882453179872,2,0.9616635322945255,0.978687344898457
1. Cancer,GaussianCopula,Extra Trees,Accuracy,TSTR,0.8903508771929823,0.02579901959623288,2,0.8718953703570886,0.908806384028876
1. Cancer,GaussianCopula,Extra Trees,F1,TRTR,0.9589899381997989,0.01652286372603384,2,0.9471701935266764,0.9708096828729215
1. Cancer,GaussianCopula,Extra Trees,F1,TSTR,0.824353415780001,0.04758422249394592,2,0.7903137136028711,0.8583931179571309
1. Cancer,GaussianCopula,Extra Trees,Precision,TRTR,0.971542217000243,0.02506278422086412,2,0.9536133812245523,0.9894710527759337
1. Cancer,GaussianCopula,Extra Trees,Precision,TSTR,0.9914149443561208,0.01858396082187912,2,0.9781207796415727,1.0047091090706688
1. Cancer,GaussianCopula,Extra Trees,Recall,TRTR,0.9476190476190476,0.02776643759450141,2,0.9277561347311267,0.9674819605069684
1. Cancer,GaussianCopula,Extra Trees,Recall,TSTR,0.7095238095238096,0.07663560447348132,2,0.6547020006191138,0.7643456184285053
1. Cancer,GaussianCopula,Gradient Boosting,Accuracy,TRTR,0.9631578947368421,0.0203084857943688,2,0.9486300791736743,0.97768571030001
1. Cancer,GaussianCopula,Gradient Boosting,Accuracy,TSTR,0.887719298245614,0.02796031131668285,2,0.867717696451641,0.907720900039587
1. Cancer,GaussianCopula,Gradient Boosting,F1,TRTR,0.9494212600983015,0.02779434087071402,2,0.9295383864090423,0.9693041337875608
1. Cancer,GaussianCopula,Gradient Boosting,F1,TSTR,0.8363219113315115,0.0396620121987046,2,0.8079494169997743,0.8646944056632486
1. Cancer,GaussianCopula,Gradient Boosting,Precision,TRTR,0.9620305430373497,0.0358379580625646,2,0.9363936122407736,0.9876674738339258
1. Cancer,GaussianCopula,Gradient Boosting,Precision,TSTR,0.9097077886163876,0.06531936407122503,2,0.8629811304332701,0.9564344467995051
1. Cancer,GaussianCopula,Gradient Boosting,Recall,TRTR,0.938095238095238,0.03400680204068023,2,0.913768237404859,0.962422238785617
1. Cancer,GaussianCopula,Gradient Boosting,Recall,TSTR,0.7785714285714286,0.05537953976006196,2,0.7389552923536123,0.8181875647892448
1. Cancer,GaussianCopula,KNN,Accuracy,TRTR,0.962280701754386,0.01883413206454726,2,0.9488075753137156,0.9757538281950563
1. Cancer,GaussianCopula,KNN,Accuracy,TSTR,0.8403508771929824,0.02246710258748367,2,0.8242788801994775,0.8564228741864873
1. Cancer,GaussianCopula,KNN,F1,TRTR,0.947074373024434,0.02672761688789936,2,0.9279545877030646,0.9661941583458034
1. Cancer,GaussianCopula,KNN,F1,TSTR,0.7579978411211423,0.03973547245040388,2,0.7295727964910365,0.7864228857512482
1. Cancer,GaussianCopula,KNN,Precision,TRTR,0.9751404010156286,0.02459125532957641,2,0.9575488766886936,0.9927319253425636
1. Cancer,GaussianCopula,KNN,Precision,TSTR,0.8566271652339095,0.04131172038634959,2,0.827074540757275,0.8861797897105439
1. Cancer,GaussianCopula,KNN,Recall,TRTR,0.9214285714285715,0.03991203479581002,2,0.8928772217053419,0.9499799211518011
1. Cancer,GaussianCopula,KNN,Recall,TSTR,0.6833333333333333,0.06303905854701772,2,0.638237907454721,0.7284287592119457
1. Cancer,GaussianCopula,Logistic Regression,Accuracy,TRTR,0.9789473684210526,0.009768007654087744,2,0.971959756687954,0.9859349801541512
1. Cancer,GaussianCopula,Logistic Regression,Accuracy,TSTR,0.9078947368421053,0.03019634118957632,2,0.8862935756365617,0.9294958980476489
1. Cancer,GaussianCopula,Logistic Regression,F1,TRTR,0.9707868770215718,0.0137941861874265,2,0.9609191106699073,0.9806546433732364
1. Cancer,GaussianCopula,Logistic Regression,F1,TSTR,0.8547065564887054,0.05206822769484213,2,0.8174591902246268,0.8919539227527841
1. Cancer,GaussianCopula,Logistic Regression,Precision,TRTR,0.9901768962744573,0.01203823054760635,2,0.9815652649163472,0.9987885276325673
1. Cancer,GaussianCopula,Logistic Regression,Precision,TSTR,1.0,0.0,2,1.0,1.0
1. Cancer,GaussianCopula,Logistic Regression,Recall,TRTR,0.9523809523809523,0.02129588549999798,2,0.9371467936193918,0.9676151111425129
1. Cancer,GaussianCopula,Logistic Regression,Recall,TSTR,0.75,0.0819614975145643,2,0.6913682767278102,0.8086317232721898
1. Cancer,GaussianCopula,MLP,Accuracy,TRTR,0.974561403508772,0.01327433855300136,2,0.9650655137524552,0.9840572932650887
1. Cancer,GaussianCopula,MLP,Accuracy,TSTR,0.7701754385964913,0.0527484083451681,2,0.7324415004068823,0.8079093767861003
1. Cancer,GaussianCopula,MLP,F1,TRTR,0.9646057122906845,0.01869298955577862,2,0.9512335531183903,0.9779778714629787
1. Cancer,GaussianCopula,MLP,F1,TSTR,0.6812252229940051,0.06711325184002578,2,0.633215294806908,0.7292351511811023
1. Cancer,GaussianCopula,MLP,Precision,TRTR,0.985467661474468,0.0191919907367019,2,0.971738538361304,0.999196784587632
1. Cancer,GaussianCopula,MLP,Precision,TSTR,0.7042084184757755,0.08661714079369971,2,0.642246248632038,0.766170588319513
1. Cancer,GaussianCopula,MLP,Recall,TRTR,0.9452380952380952,0.03021089890583217,2,0.9236265200696926,0.9668496704064978
1. Cancer,GaussianCopula,MLP,Recall,TSTR,0.6642857142857144,0.0693752489730165,2,0.6146576508282066,0.7139137777432222
1. Cancer,GaussianCopula,Naive Bayes,Accuracy,TRTR,0.9324561403508772,0.02322491630679601,2,0.9158420360798095,0.9490702446219449
1. Cancer,GaussianCopula,Naive Bayes,Accuracy,TSTR,0.9087719298245615,0.01312862240973313,2,0.8993802791176456,0.9181635805314773
1. Cancer,GaussianCopula,Naive Bayes,F1,TRTR,0.9055642341410918,0.0327534076549362,2,0.8821338577804818,0.9289946105017017
1. Cancer,GaussianCopula,Naive Bayes,F1,TSTR,0.8642921575902693,0.02284604186188354,2,0.8479490837698722,0.8806352314106665
1. Cancer,GaussianCopula,Naive Bayes,Precision,TRTR,0.931024002484766,0.03636585629143303,2,0.9050094360445099,0.9570385689250221
1. Cancer,GaussianCopula,Naive Bayes,Precision,TSTR,0.953028566273348,0.02539462361948373,2,0.9348623468921757,0.9711947856545202
1. Cancer,GaussianCopula,Naive Bayes,Recall,TRTR,0.8833333333333332,0.05156287578025646,2,0.8464474740513078,0.9202191926153586
1. Cancer,GaussianCopula,Naive Bayes,Recall,TSTR,0.7928571428571429,0.04647433641891223,2,0.7596114053486487,0.8261028803656372
1. Cancer,GaussianCopula,Random Forest,Accuracy,TRTR,0.962280701754386,0.0136176971019825,2,0.9525391880888254,0.9720222154199465
1. Cancer,GaussianCopula,Random Forest,Accuracy,TSTR,0.893859649122807,0.03075183884729492,2,0.8718611088315541,0.9158581894140599
1. Cancer,GaussianCopula,Random Forest,F1,TRTR,0.9482304799188631,0.01843776018375915,2,0.9350409008404541,0.9614200589972721
1. Cancer,GaussianCopula,Random Forest,F1,TSTR,0.831551235981401,0.05533156032593621,2,0.7919694221831322,0.8711330497796699
1. Cancer,GaussianCopula,Random Forest,Precision,TRTR,0.9617923931806518,0.02967466301692189,2,0.9405644180586199,0.9830203683026837
1. Cancer,GaussianCopula,Random Forest,Precision,TSTR,0.9843932411674347,0.02512891577573856,2,0.9664170977272607,1.0023693846076085
1. Cancer,GaussianCopula,Random Forest,Recall,TRTR,0.9357142857142857,0.0214285714285714,2,0.9203852091573927,0.9510433622711787
1. Cancer,GaussianCopula,Random Forest,Recall,TSTR,0.7238095238095238,0.08123201004396181,2,0.6656996444372615,0.7819194031817861
1. Cancer,GaussianCopula,SVM-RBF,Accuracy,TRTR,0.9701754385964912,0.01889531511275264,2,0.9566585444397578,0.9836923327532247
1. Cancer,GaussianCopula,SVM-RBF,Accuracy,TSTR,0.8754385964912281,0.02246710258748367,2,0.8593665994977232,0.891510593484733
1. Cancer,GaussianCopula,SVM-RBF,F1,TRTR,0.9583987428081452,0.02694607072359247,2,0.9391226850267731,0.9776748005895173
1. Cancer,GaussianCopula,SVM-RBF,F1,TSTR,0.7982245619189977,0.04158020857858659,2,0.7684798725598702,0.8279692512781253
1. Cancer,GaussianCopula,SVM-RBF,Precision,TRTR,0.975500670827118,0.01929000486040976,2,0.9617014326336752,0.9892999090205608
1. Cancer,GaussianCopula,SVM-RBF,Precision,TSTR,0.9823277842743916,0.01773883868041842,2,0.9696381835201412,0.995017385028642
1. Cancer,GaussianCopula,SVM-RBF,Recall,TRTR,0.9428571428571428,0.04416008807378907,2,0.9112669188845045,0.9744473668297812
1. Cancer,GaussianCopula,SVM-RBF,Recall,TSTR,0.6738095238095239,0.05537953976006192,2,0.6341933875917077,0.71342566002734
1. Cancer,TVAE,AdaBoost,Accuracy,TRTR,0.9666666666666666,0.01022974016639526,2,0.9593487513921694,0.9739845819411638
1. Cancer,TVAE,AdaBoost,Accuracy,TSTR,0.9342105263157894,0.02426195909813917,2,0.9168545663221289,0.9515664863094498
1. Cancer,TVAE,AdaBoost,F1,TRTR,0.9537824074424763,0.01443243582836966,2,0.9434580648024186,0.9641067500825341
1. Cancer,TVAE,AdaBoost,F1,TSTR,0.9153513314029592,0.02941917497135529,2,0.8943061214187209,0.9363965413871975
1. Cancer,TVAE,AdaBoost,Precision,TRTR,0.9735489892977129,0.02210918228480495,2,0.9577330330645226,0.9893649455309033
1. Cancer,TVAE,AdaBoost,Precision,TSTR,0.8795536196577732,0.05318306563608498,2,0.8415087463733687,0.9175984929421778
1. Cancer,TVAE,AdaBoost,Recall,TRTR,0.9357142857142857,0.02827224306437598,2,0.9154895413904034,0.955939030038168
1. Cancer,TVAE,AdaBoost,Recall,TSTR,0.9571428571428571,0.03333333333333333,2,0.9332976269432457,0.9809880873424685
1. Cancer,TVAE,Decision Tree,Accuracy,TRTR,0.9350877192982457,0.02045948033279054,2,0.9204518887492514,0.9497235498472401
1. Cancer,TVAE,Decision Tree,Accuracy,TSTR,0.8850877192982457,0.03339099352749871,2,0.8612012414805376,0.9089741971159538
1. Cancer,TVAE,Decision Tree,F1,TRTR,0.9122461606275634,0.02771502846045041,2,0.8924200236187168,0.93207229763641
1. Cancer,TVAE,Decision Tree,F1,TSTR,0.8534828223900593,0.0408262245800949,2,0.8242775006912575,0.8826881440888612
1. Cancer,TVAE,Decision Tree,Precision,TRTR,0.9096981560397401,0.03732307542896939,2,0.8829988362789032,0.9363974758005771
1. Cancer,TVAE,Decision Tree,Precision,TSTR,0.809844675532181,0.05563070655071129,2,0.7700488654161188,0.8496404856482431
1. Cancer,TVAE,Decision Tree,Recall,TRTR,0.9166666666666666,0.04158154570612613,2,0.8869210207841195,0.9464123125492138
1. Cancer,TVAE,Decision Tree,Recall,TSTR,0.9047619047619048,0.0464133064038522,2,0.8715598254961563,0.9379639840276532
1. Cancer,TVAE,Extra Trees,Accuracy,TRTR,0.9701754385964912,0.01189882453179872,2,0.9616635322945255,0.978687344898457
1. Cancer,TVAE,Extra Trees,Accuracy,TSTR,0.9421052631578949,0.01189882453179871,2,0.9335933568559293,0.9506171694598605
1. Cancer,TVAE,Extra Trees,F1,TRTR,0.9589899381997989,0.01652286372603384,2,0.9471701935266764,0.9708096828729215
1. Cancer,TVAE,Extra Trees,F1,TSTR,0.9215341464590943,0.01651097672799115,2,0.9097229052321131,0.9333453876860754
1. Cancer,TVAE,Extra Trees,Precision,TRTR,0.971542217000243,0.02506278422086412,2,0.9536133812245523,0.9894710527759337
1. Cancer,TVAE,Extra Trees,Precision,TSTR,0.9209321690653983,0.03016871953040859,2,0.8993507672044952,0.9425135709263014
1. Cancer,TVAE,Extra Trees,Recall,TRTR,0.9476190476190476,0.02776643759450141,2,0.9277561347311267,0.9674819605069684
1. Cancer,TVAE,Extra Trees,Recall,TSTR,0.9238095238095237,0.03499271061118826,2,0.8987772466145587,0.9488418010044888
1. Cancer,TVAE,Gradient Boosting,Accuracy,TRTR,0.9631578947368421,0.0203084857943688,2,0.9486300791736743,0.97768571030001
1. Cancer,TVAE,Gradient Boosting,Accuracy,TSTR,0.9280701754385966,0.02141500985216438,2,0.9127508002490424,0.9433895506281508
1. Cancer,TVAE,Gradient Boosting,F1,TRTR,0.9494212600983015,0.02779434087071402,2,0.9295383864090423,0.9693041337875608
1. Cancer,TVAE,Gradient Boosting,F1,TSTR,0.9072946817713374,0.02573561371849602,2,0.8888845327679631,0.9257048307747118
1. Cancer,TVAE,Gradient Boosting,Precision,TRTR,0.9620305430373497,0.0358379580625646,2,0.9363936122407736,0.9876674738339258
1. Cancer,TVAE,Gradient Boosting,Precision,TSTR,0.8692762521847348,0.04161638397144202,2,0.8395056845085013,0.8990468198609683
1. Cancer,TVAE,Gradient Boosting,Recall,TRTR,0.938095238095238,0.03400680204068023,2,0.913768237404859,0.962422238785617
1. Cancer,TVAE,Gradient Boosting,Recall,TSTR,0.95,0.01977767586409063,2,0.9358519029862238,0.9641480970137761
1. Cancer,TVAE,KNN,Accuracy,TRTR,0.962280701754386,0.01883413206454726,2,0.9488075753137156,0.9757538281950563
1. Cancer,TVAE,KNN,Accuracy,TSTR,0.9192982456140351,0.01559332353915015,2,0.9081434539329934,0.9304530372950767
1. Cancer,TVAE,KNN,F1,TRTR,0.947074373024434,0.02672761688789936,2,0.9279545877030646,0.9661941583458034
1. Cancer,TVAE,KNN,F1,TSTR,0.8845383342815607,0.02309637542466639,2,0.8680161826182262,0.9010604859448952
1. Cancer,TVAE,KNN,Precision,TRTR,0.9751404010156286,0.02459125532957641,2,0.9575488766886936,0.9927319253425636
1. Cancer,TVAE,KNN,Precision,TSTR,0.9356775422606691,0.03601643338690418,2,0.9099129379082782,0.96144214661306
1. Cancer,TVAE,KNN,Recall,TRTR,0.9214285714285715,0.03991203479581002,2,0.8928772217053419,0.9499799211518011
1. Cancer,TVAE,KNN,Recall,TSTR,0.8404761904761904,0.0384654629081036,2,0.8129596559428401,0.8679927250095406
1. Cancer,TVAE,Logistic Regression,Accuracy,TRTR,0.9789473684210526,0.009768007654087744,2,0.971959756687954,0.9859349801541512
1. Cancer,TVAE,Logistic Regression,Accuracy,TSTR,0.9508771929824562,0.01626950613244861,2,0.9392386894135895,0.962515696551323
1. Cancer,TVAE,Logistic Regression,F1,TRTR,0.9707868770215718,0.0137941861874265,2,0.9609191106699073,0.9806546433732364
1. Cancer,TVAE,Logistic Regression,F1,TSTR,0.9349537812232789,0.0205244350291098,2,0.9202714848836961,0.9496360775628616
1. Cancer,TVAE,Logistic Regression,Precision,TRTR,0.9901768962744573,0.01203823054760635,2,0.9815652649163472,0.9987885276325673
1. Cancer,TVAE,Logistic Regression,Precision,TSTR,0.9200017570368066,0.04364250546674514,2,0.8887817893565366,0.9512217247170767
1. Cancer,TVAE,Logistic Regression,Recall,TRTR,0.9523809523809523,0.02129588549999798,2,0.9371467936193918,0.9676151111425129
1. Cancer,TVAE,Logistic Regression,Recall,TSTR,0.9523809523809523,0.02608202654786504,2,0.9337229945677659,0.9710389101941388
1. Cancer,TVAE,MLP,Accuracy,TRTR,0.974561403508772,0.01327433855300136,2,0.9650655137524552,0.9840572932650887
1. Cancer,TVAE,MLP,Accuracy,TSTR,0.9394736842105263,0.01491228070175438,2,0.9288060812264897,0.950141287194563
1. Cancer,TVAE,MLP,F1,TRTR,0.9646057122906845,0.01869298955577862,2,0.9512335531183903,0.9779778714629787
1. Cancer,TVAE,MLP,F1,TSTR,0.9192517598044786,0.01919021951793801,2,0.9055239037448894,0.9329796158640677
1. Cancer,TVAE,MLP,Precision,TRTR,0.985467661474468,0.0191919907367019,2,0.971738538361304,0.999196784587632
1. Cancer,TVAE,MLP,Precision,TSTR,0.9064603150404279,0.03159454285352053,2,0.8838589406186175,0.9290616894622383
1. Cancer,TVAE,MLP,Recall,TRTR,0.9452380952380952,0.03021089890583217,2,0.9236265200696926,0.9668496704064978
1. Cancer,TVAE,MLP,Recall,TSTR,0.9333333333333333,0.02332847374079215,2,0.91664514853669,0.9500215181299767
1. Cancer,TVAE,Naive Bayes,Accuracy,TRTR,0.9324561403508772,0.02322491630679601,2,0.9158420360798095,0.9490702446219449
1. Cancer,TVAE,Naive Bayes,Accuracy,TSTR,0.9201754385964911,0.01774013018961113,2,0.9074849139522205,0.9328659632407617
1. Cancer,TVAE,Naive Bayes,F1,TRTR,0.9055642341410918,0.0327534076549362,2,0.8821338577804818,0.9289946105017017
1. Cancer,TVAE,Naive Bayes,F1,TSTR,0.8987114495799169,0.02169100300470643,2,0.8831946407826863,0.9142282583771475
1. Cancer,TVAE,Naive Bayes,Precision,TRTR,0.931024002484766,0.03636585629143303,2,0.9050094360445099,0.9570385689250221
1. Cancer,TVAE,Naive Bayes,Precision,TSTR,0.8460551560241003,0.03169416111012167,2,0.8233825189944677,0.8687277930537329
1. Cancer,TVAE,Naive Bayes,Recall,TRTR,0.8833333333333332,0.05156287578025646,2,0.8464474740513078,0.9202191926153586
1. Cancer,TVAE,Naive Bayes,Recall,TSTR,0.9595238095238094,0.02827224306437599,2,0.9392990651999271,0.9797485538476918
1. Cancer,TVAE,Random Forest,Accuracy,TRTR,0.962280701754386,0.0136176971019825,2,0.9525391880888254,0.9720222154199465
1. Cancer,TVAE,Random Forest,Accuracy,TSTR,0.9403508771929825,0.02411881944713603,2,0.9230973131371879,0.9576044412487771
1. Cancer,TVAE,Random Forest,F1,TRTR,0.9482304799188631,0.01843776018375915,2,0.9350409008404541,0.9614200589972721
1. Cancer,TVAE,Random Forest,F1,TSTR,0.9227451990685708,0.03040540973588106,2,0.9009944792346032,0.9444959189025384
1. Cancer,TVAE,Random Forest,Precision,TRTR,0.9617923931806518,0.02967466301692189,2,0.9405644180586199,0.9830203683026837
1. Cancer,TVAE,Random Forest,Precision,TSTR,0.8902658325683648,0.04986619470062876,2,0.8545937058139108,0.9259379593228187
1. Cancer,TVAE,Random Forest,Recall,TRTR,0.9357142857142857,0.0214285714285714,2,0.9203852091573927,0.9510433622711787
1. Cancer,TVAE,Random Forest,Recall,TSTR,0.9595238095238094,0.02827224306437599,2,0.9392990651999271,0.9797485538476918
1. Cancer,TVAE,SVM-RBF,Accuracy,TRTR,0.9701754385964912,0.01889531511275264,2,0.9566585444397578,0.9836923327532247
1. Cancer,TVAE,SVM-RBF,Accuracy,TSTR,0.9043859649122806,0.02400689856737546,2,0.887212464230747,0.9215594655938143
1. Cancer,TVAE,SVM-RBF,F1,TRTR,0.9583987428081452,0.02694607072359247,2,0.9391226850267731,0.9776748005895173
1. Cancer,TVAE,SVM-RBF,F1,TSTR,0.8777910309014987,0.02856307801556199,2,0.8573582357867827,0.8982238260162146
1. Cancer,TVAE,SVM-RBF,Precision,TRTR,0.975500670827118,0.01929000486040976,2,0.9617014326336752,0.9892999090205608
1. Cancer,TVAE,SVM-RBF,Precision,TSTR,0.8345596660379948,0.04725014894563535,2,0.8007589456807569,0.8683603863952327
1. Cancer,TVAE,SVM-RBF,Recall,TRTR,0.9428571428571428,0.04416008807378907,2,0.9112669188845045,0.9744473668297812
1. Cancer,TVAE,SVM-RBF,Recall,TSTR,0.9285714285714286,0.03839170356332643,2,0.9011076582947459,0.9560351988481113
1. Cancer,TabDDPM,AdaBoost,Accuracy,TRTR,0.9666666666666666,0.01022974016639526,2,0.9593487513921694,0.9739845819411638
1. Cancer,TabDDPM,AdaBoost,Accuracy,TSTR,0.4754385964912281,0.1522277375756847,2,0.3665414331334813,0.5843357598489749
1. Cancer,TabDDPM,AdaBoost,F1,TRTR,0.9537824074424763,0.01443243582836966,2,0.9434580648024186,0.9641067500825341
1. Cancer,TabDDPM,AdaBoost,F1,TSTR,0.2714923961305906,0.2361020906238965,2,0.10259513508450135,0.4403896571766799
1. Cancer,TabDDPM,AdaBoost,Precision,TRTR,0.9735489892977129,0.02210918228480495,2,0.9577330330645226,0.9893649455309033
1. Cancer,TabDDPM,AdaBoost,Precision,TSTR,0.2335035329956178,0.148882868564449,2,0.12699914478468488,0.3400079212065507
1. Cancer,TabDDPM,AdaBoost,Recall,TRTR,0.9357142857142857,0.02827224306437598,2,0.9154895413904034,0.955939030038168
1. Cancer,TabDDPM,AdaBoost,Recall,TSTR,0.4309523809523809,0.4202161737166494,2,0.1303478390761798,0.7315569228285821
1. Cancer,TabDDPM,Decision Tree,Accuracy,TRTR,0.9350877192982457,0.02045948033279054,2,0.9204518887492514,0.9497235498472401
1. Cancer,TabDDPM,Decision Tree,Accuracy,TSTR,0.5745614035087719,0.1279168753250364,2,0.4830551833525577,0.6660676236649862
1. Cancer,TabDDPM,Decision Tree,F1,TRTR,0.9122461606275634,0.02771502846045041,2,0.8924200236187168,0.93207229763641
1. Cancer,TabDDPM,Decision Tree,F1,TSTR,0.2156400952420097,0.2092680081986747,2,0.06593878037466319,0.36534141010935617
1. Cancer,TabDDPM,Decision Tree,Precision,TRTR,0.9096981560397401,0.03732307542896939,2,0.8829988362789032,0.9363974758005771
1. Cancer,TabDDPM,Decision Tree,Precision,TSTR,0.4396350737987798,0.2910058971043988,2,0.23146199562181588,0.6478081519757437
1. Cancer,TabDDPM,Decision Tree,Recall,TRTR,0.9166666666666666,0.04158154570612613,2,0.8869210207841195,0.9464123125492138
1. Cancer,TabDDPM,Decision Tree,Recall,TSTR,0.2761904761904762,0.3517368630975121,2,0.02457308208299558,0.5278078702979568
1. Cancer,TabDDPM,Extra Trees,Accuracy,TRTR,0.9701754385964912,0.01189882453179872,2,0.9616635322945255,0.978687344898457
1. Cancer,TabDDPM,Extra Trees,Accuracy,TSTR,0.5026315789473684,0.07992089810451299,2,0.44545961255551464,0.5598035453392223
1. Cancer,TabDDPM,Extra Trees,F1,TRTR,0.9589899381997989,0.01652286372603384,2,0.9471701935266764,0.9708096828729215
1. Cancer,TabDDPM,Extra Trees,F1,TSTR,0.4512099551952097,0.2279319776590833,2,0.2881572408812044,0.6142626695092149
1. Cancer,TabDDPM,Extra Trees,Precision,TRTR,0.971542217000243,0.02506278422086412,2,0.9536133812245523,0.9894710527759337
1. Cancer,TabDDPM,Extra Trees,Precision,TSTR,0.3243782235690841,0.1642406833448471,2,0.20688751649410358,0.4418689306440646
1. Cancer,TabDDPM,Extra Trees,Recall,TRTR,0.9476190476190476,0.02776643759450141,2,0.9277561347311267,0.9674819605069684
1. Cancer,TabDDPM,Extra Trees,Recall,TSTR,0.7428571428571429,0.3756777699679242,2,0.4741134556842893,1.0116008300299963
1. Cancer,TabDDPM,Gradient Boosting,Accuracy,TRTR,0.9631578947368421,0.0203084857943688,2,0.9486300791736743,0.97768571030001
1. Cancer,TabDDPM,Gradient Boosting,Accuracy,TSTR,0.4885964912280702,0.08201168006057966,2,0.4299288695250283,0.5472641129311121
1. Cancer,TabDDPM,Gradient Boosting,F1,TRTR,0.9494212600983015,0.02779434087071402,2,0.9295383864090423,0.9693041337875608
1. Cancer,TabDDPM,Gradient Boosting,F1,TSTR,0.229348494957227,0.1701219701802133,2,0.10765056872846898,0.35104642118598506
1. Cancer,TabDDPM,Gradient Boosting,Precision,TRTR,0.9620305430373497,0.0358379580625646,2,0.9363936122407736,0.9876674738339258
1. Cancer,TabDDPM,Gradient Boosting,Precision,TSTR,0.2282723080529925,0.1348921083276809,2,0.13177630679745872,0.3247683093085263
1. Cancer,TabDDPM,Gradient Boosting,Recall,TRTR,0.938095238095238,0.03400680204068023,2,0.913768237404859,0.962422238785617
1. Cancer,TabDDPM,Gradient Boosting,Recall,TSTR,0.2595238095238095,0.2415112096758512,2,0.08675709780859131,0.43229052123902767
1. Cancer,TabDDPM,KNN,Accuracy,TRTR,0.962280701754386,0.01883413206454726,2,0.9488075753137156,0.9757538281950563
1. Cancer,TabDDPM,KNN,Accuracy,TSTR,0.2289473684210526,0.04763569818380865,2,0.19487084275368885,0.2630238940884163
1. Cancer,TabDDPM,KNN,F1,TRTR,0.947074373024434,0.02672761688789936,2,0.9279545877030646,0.9661941583458034
1. Cancer,TabDDPM,KNN,F1,TSTR,0.2501005506038158,0.08805882852925674,2,0.18710705948216894,0.3130940417254627
1. Cancer,TabDDPM,KNN,Precision,TRTR,0.9751404010156286,0.02459125532957641,2,0.9575488766886936,0.9927319253425636
1. Cancer,TabDDPM,KNN,Precision,TSTR,0.1922113003836073,0.05803416152747305,2,0.1506961621516866,0.23372643861552797
1. Cancer,TabDDPM,KNN,Recall,TRTR,0.9214285714285715,0.03991203479581002,2,0.8928772217053419,0.9499799211518011
1. Cancer,TabDDPM,KNN,Recall,TSTR,0.3642857142857143,0.1666836726017822,2,0.24504739797452996,0.4835240305968987
1. Cancer,TabDDPM,Logistic Regression,Accuracy,TRTR,0.9789473684210526,0.009768007654087744,2,0.971959756687954,0.9859349801541512
1. Cancer,TabDDPM,Logistic Regression,Accuracy,TSTR,0.5956140350877193,0.04763569818380865,2,0.5615375094203555,0.629690560755083
1. Cancer,TabDDPM,Logistic Regression,F1,TRTR,0.9707868770215718,0.0137941861874265,2,0.9609191106699073,0.9806546433732364
1. Cancer,TabDDPM,Logistic Regression,F1,TSTR,0.07235487276950692,0.09160836434303316,2,0.006822196690422153,0.13788754884859167
1. Cancer,TabDDPM,Logistic Regression,Precision,TRTR,0.9901768962744573,0.01203823054760635,2,0.9815652649163472,0.9987885276325673
1. Cancer,TabDDPM,Logistic Regression,Precision,TSTR,0.2006043956043956,0.2141647391838054,2,0.047400170410068776,0.35380862079872244
1. Cancer,TabDDPM,Logistic Regression,Recall,TRTR,0.9523809523809523,0.02129588549999798,2,0.9371467936193918,0.9676151111425129
1. Cancer,TabDDPM,Logistic Regression,Recall,TSTR,0.05476190476190475,0.08454895668840334,2,-0.005720775299253633,0.11524458482306313
1. Cancer,TabDDPM,MLP,Accuracy,TRTR,0.974561403508772,0.01327433855300136,2,0.9650655137524552,0.9840572932650887
1. Cancer,TabDDPM,MLP,Accuracy,TSTR,0.5807017543859649,0.07543859649122807,2,0.5267362334078972,0.6346672753640327
1. Cancer,TabDDPM,MLP,F1,TRTR,0.9646057122906845,0.01869298955577862,2,0.9512335531183903,0.9779778714629787
1. Cancer,TabDDPM,MLP,F1,TSTR,0.4870985941359292,0.09247521153136762,2,0.42094581293423283,0.5532513753376256
1. Cancer,TabDDPM,MLP,Precision,TRTR,0.985467661474468,0.0191919907367019,2,0.971738538361304,0.999196784587632
1. Cancer,TabDDPM,MLP,Precision,TSTR,0.4808717666768089,0.1091607732246943,2,0.4027828536874968,0.5589606796661211
1. Cancer,TabDDPM,MLP,Recall,TRTR,0.9452380952380952,0.03021089890583217,2,0.9236265200696926,0.9668496704064978
1. Cancer,TabDDPM,MLP,Recall,TSTR,0.5809523809523809,0.2274276940239915,2,0.4182604094193154,0.7436443524854464
1. Cancer,TabDDPM,Naive Bayes,Accuracy,TRTR,0.9324561403508772,0.02322491630679601,2,0.9158420360798095,0.9490702446219449
1. Cancer,TabDDPM,Naive Bayes,Accuracy,TSTR,0.4771929824561403,0.1403070106886471,2,0.3768233934014368,0.5775625715108438
1. Cancer,TabDDPM,Naive Bayes,F1,TRTR,0.9055642341410918,0.0327534076549362,2,0.8821338577804818,0.9289946105017017
1. Cancer,TabDDPM,Naive Bayes,F1,TSTR,0.5679480126030505,0.05662520698035989,2,0.527440779736631,0.60845524546947
1. Cancer,TabDDPM,Naive Bayes,Precision,TRTR,0.931024002484766,0.03636585629143303,2,0.9050094360445099,0.9570385689250221
1. Cancer,TabDDPM,Naive Bayes,Precision,TSTR,0.4660965354317902,0.1892559003672637,2,0.3307110201050269,0.6014820507585534
1. Cancer,TabDDPM,Naive Bayes,Recall,TRTR,0.8833333333333332,0.05156287578025646,2,0.8464474740513078,0.9202191926153586
1. Cancer,TabDDPM,Naive Bayes,Recall,TSTR,0.9238095238095237,0.1895214165917372,2,0.7882340696179314,1.0593849780011162
1. Cancer,TabDDPM,Random Forest,Accuracy,TRTR,0.962280701754386,0.0136176971019825,2,0.9525391880888254,0.9720222154199465
1. Cancer,TabDDPM,Random Forest,Accuracy,TSTR,0.5517543859649123,0.08580812770322103,2,0.49037094922248375,0.6131378227073409
1. Cancer,TabDDPM,Random Forest,F1,TRTR,0.9482304799188631,0.01843776018375915,2,0.9350409008404541,0.9614200589972721
1. Cancer,TabDDPM,Random Forest,F1,TSTR,0.2617149909079972,0.213350525822644,2,0.10909321886452517,0.41433676295146926
1. Cancer,TabDDPM,Random Forest,Precision,TRTR,0.9617923931806518,0.02967466301692189,2,0.9405644180586199,0.9830203683026837
1. Cancer,TabDDPM,Random Forest,Precision,TSTR,0.2912863285918314,0.1605199568717095,2,0.1764572688947035,0.4061153882889593
1. Cancer,TabDDPM,Random Forest,Recall,TRTR,0.9357142857142857,0.0214285714285714,2,0.9203852091573927,0.9510433622711787
1. Cancer,TabDDPM,Random Forest,Recall,TSTR,0.3119047619047619,0.3424683642307216,2,0.06691765246978504,0.5568918713397388
1. Cancer,TabDDPM,SVM-RBF,Accuracy,TRTR,0.968421052631579,0.01806250901927543,2,0.9554999120651636,0.9813421931979943
1. Cancer,TabDDPM,SVM-RBF,Accuracy,TSTR,0.6201754385964913,0.01180142460269623,2,0.6117332080064518,0.6286176691865307
1. Cancer,TabDDPM,SVM-RBF,F1,TRTR,0.9562595401456587,0.0249697085948244,2,0.9383972866618346,0.9741217936294828
1. Cancer,TabDDPM,SVM-RBF,F1,TSTR,0.02321575061525841,0.05665730844517136,2,-0.017314446255706422,0.06374594748622324
1. Cancer,TabDDPM,SVM-RBF,Precision,TRTR,0.9756903217837779,0.02809606508844681,2,0.9555916075916596,0.9957890359758962
1. Cancer,TabDDPM,SVM-RBF,Precision,TSTR,0.07045454545454546,0.1481462589793842,2,-0.035522904002694144,0.17643199491178507
1. Cancer,TabDDPM,SVM-RBF,Recall,TRTR,0.9380952380952381,0.03049106779729926,2,0.9162832421754814,0.9599072340149948
1. Cancer,TabDDPM,SVM-RBF,Recall,TSTR,0.01428571428571429,0.03563483225498992,2,-0.011205909061628803,0.03977733763305738
1. Cancer,WGAN_GP,AdaBoost,Accuracy,TRTR,0.9666666666666666,0.01022974016639526,2,0.9593487513921694,0.9739845819411638
1. Cancer,WGAN_GP,AdaBoost,Accuracy,TSTR,0.9429824561403508,0.01808379660358624,2,0.9300460873534869,0.9559188249272147
1. Cancer,WGAN_GP,AdaBoost,F1,TRTR,0.9537824074424763,0.01443243582836966,2,0.9434580648024186,0.9641067500825341
1. Cancer,WGAN_GP,AdaBoost,F1,TSTR,0.9172319446016575,0.02751725764650158,2,0.8975472843103721,0.9369166048929428
1. Cancer,WGAN_GP,AdaBoost,Precision,TRTR,0.9735489892977129,0.02210918228480495,2,0.9577330330645226,0.9893649455309033
1. Cancer,WGAN_GP,AdaBoost,Precision,TSTR,0.9793628779155095,0.02523572413394183,2,0.9613103283786776,0.9974154274523414
1. Cancer,WGAN_GP,AdaBoost,Recall,TRTR,0.9357142857142857,0.02827224306437598,2,0.9154895413904034,0.955939030038168
1. Cancer,WGAN_GP,AdaBoost,Recall,TSTR,0.8642857142857142,0.04885305840162663,2,0.8293383415794588,0.8992330869919696
1. Cancer,WGAN_GP,Decision Tree,Accuracy,TRTR,0.9350877192982457,0.02045948033279054,2,0.9204518887492514,0.9497235498472401
1. Cancer,WGAN_GP,Decision Tree,Accuracy,TSTR,0.9043859649122806,0.03100104745100403,2,0.8822091515253326,0.9265627782992286
1. Cancer,WGAN_GP,Decision Tree,F1,TRTR,0.9122461606275634,0.02771502846045041,2,0.8924200236187168,0.93207229763641
1. Cancer,WGAN_GP,Decision Tree,F1,TSTR,0.8615680956763008,0.04724958787547354,2,0.8277677766844779,0.8953684146681237
1. Cancer,WGAN_GP,Decision Tree,Precision,TRTR,0.9096981560397401,0.03732307542896939,2,0.8829988362789032,0.9363974758005771
1. Cancer,WGAN_GP,Decision Tree,Precision,TSTR,0.9169743599380954,0.03884758635856884,2,0.8891844707555148,0.944764249120676
1. Cancer,WGAN_GP,Decision Tree,Recall,TRTR,0.9166666666666666,0.04158154570612613,2,0.8869210207841195,0.9464123125492138
1. Cancer,WGAN_GP,Decision Tree,Recall,TSTR,0.8142857142857143,0.06459361888690732,2,0.7680782229321863,0.8604932056392423
1. Cancer,WGAN_GP,Extra Trees,Accuracy,TRTR,0.9701754385964912,0.01189882453179872,2,0.9616635322945255,0.978687344898457
1. Cancer,WGAN_GP,Extra Trees,Accuracy,TSTR,0.9482456140350877,0.01774013018961111,2,0.9355550893908171,0.9609361386793582
1. Cancer,WGAN_GP,Extra Trees,F1,TRTR,0.9589899381997989,0.01652286372603384,2,0.9471701935266764,0.9708096828729215
1. Cancer,WGAN_GP,Extra Trees,F1,TSTR,0.9242823488401232,0.02703407482825102,2,0.9049433367147283,0.9436213609655181
1. Cancer,WGAN_GP,Extra Trees,Precision,TRTR,0.971542217000243,0.02506278422086412,2,0.9536133812245523,0.9894710527759337
1. Cancer,WGAN_GP,Extra Trees,Precision,TSTR,0.9944401544401543,0.01112505233263443,2,0.9864817714245226,1.002398537455786
1. Cancer,WGAN_GP,Extra Trees,Recall,TRTR,0.9476190476190476,0.02776643759450141,2,0.9277561347311267,0.9674819605069684
1. Cancer,WGAN_GP,Extra Trees,Recall,TSTR,0.8642857142857142,0.043967107887189,2,0.8328335400222792,0.8957378885491493
1. Cancer,WGAN_GP,Gradient Boosting,Accuracy,TRTR,0.9631578947368421,0.0203084857943688,2,0.9486300791736743,0.97768571030001
1. Cancer,WGAN_GP,Gradient Boosting,Accuracy,TSTR,0.9421052631578947,0.01848360307518023,2,0.9288828900505172,0.9553276362652722
1. Cancer,WGAN_GP,Gradient Boosting,F1,TRTR,0.9494212600983015,0.02779434087071402,2,0.9295383864090423,0.9693041337875608
1. Cancer,WGAN_GP,Gradient Boosting,F1,TSTR,0.9161306020654305,0.02802202664577805,2,0.8960848517845839,0.9361763523462772
1. Cancer,WGAN_GP,Gradient Boosting,Precision,TRTR,0.9620305430373497,0.0358379580625646,2,0.9363936122407736,0.9876674738339258
1. Cancer,WGAN_GP,Gradient Boosting,Precision,TSTR,0.9764416081111694,0.02364858104787009,2,0.9595244323417506,0.9933587838805883
1. Cancer,WGAN_GP,Gradient Boosting,Recall,TRTR,0.938095238095238,0.03400680204068023,2,0.913768237404859,0.962422238785617
1. Cancer,WGAN_GP,Gradient Boosting,Recall,TSTR,0.8642857142857142,0.04647433641891222,2,0.83103997677722,0.8975314517942085
1. Cancer,WGAN_GP,KNN,Accuracy,TRTR,0.962280701754386,0.01883413206454726,2,0.9488075753137156,0.9757538281950563
1. Cancer,WGAN_GP,KNN,Accuracy,TSTR,0.9394736842105262,0.01685032694061277,2,0.9274196864653975,0.951527681955655
1. Cancer,WGAN_GP,KNN,F1,TRTR,0.947074373024434,0.02672761688789936,2,0.9279545877030646,0.9661941583458034
1. Cancer,WGAN_GP,KNN,F1,TSTR,0.911630570476661,0.0255932597295227,2,0.8933222553823936,0.9299388855709283
1. Cancer,WGAN_GP,KNN,Precision,TRTR,0.9751404010156286,0.02459125532957641,2,0.9575488766886936,0.9927319253425636
1. Cancer,WGAN_GP,KNN,Precision,TSTR,0.9815181347217141,0.02329254802784783,2,0.964855649631928,0.9981806198115002
1. Cancer,WGAN_GP,KNN,Recall,TRTR,0.9214285714285715,0.03991203479581002,2,0.8928772217053419,0.9499799211518011
1. Cancer,WGAN_GP,KNN,Recall,TSTR,0.8523809523809524,0.04364357804719846,2,0.8211602174228478,0.8836016873390569
1. Cancer,WGAN_GP,Logistic Regression,Accuracy,TRTR,0.9789473684210526,0.009768007654087744,2,0.971959756687954,0.9859349801541512
1. Cancer,WGAN_GP,Logistic Regression,Accuracy,TSTR,0.95,0.01712212394380976,2,0.9377515703916073,0.9622484296083926
1. Cancer,WGAN_GP,Logistic Regression,F1,TRTR,0.9707868770215718,0.0137941861874265,2,0.9609191106699073,0.9806546433732364
1. Cancer,WGAN_GP,Logistic Regression,F1,TSTR,0.929480250932156,0.02470715234911491,2,0.9118058188719106,0.9471546829924015
1. Cancer,WGAN_GP,Logistic Regression,Precision,TRTR,0.9901768962744573,0.01203823054760635,2,0.9815652649163472,0.9987885276325673
1. Cancer,WGAN_GP,Logistic Regression,Precision,TSTR,0.9644431826909361,0.02273768898719954,2,0.9481776198477279,0.9807087455341443
1. Cancer,WGAN_GP,Logistic Regression,Recall,TRTR,0.9523809523809523,0.02129588549999798,2,0.9371467936193918,0.9676151111425129
1. Cancer,WGAN_GP,Logistic Regression,Recall,TSTR,0.8976190476190476,0.03539540177932976,2,0.8722987025159721,0.9229393927221232
1. Cancer,WGAN_GP,MLP,Accuracy,TRTR,0.974561403508772,0.01327433855300136,2,0.9650655137524552,0.9840572932650887
1. Cancer,WGAN_GP,MLP,Accuracy,TSTR,0.9429824561403508,0.02047827636829603,2,0.9283331797175525,0.9576317325631492
1. Cancer,WGAN_GP,MLP,F1,TRTR,0.9646057122906845,0.01869298955577862,2,0.9512335531183903,0.9779778714629787
1. Cancer,WGAN_GP,MLP,F1,TSTR,0.918353551614589,0.03025029611421899,2,0.8967137933810901,0.9399933098480878
1. Cancer,WGAN_GP,MLP,Precision,TRTR,0.985467661474468,0.0191919907367019,2,0.971738538361304,0.999196784587632
1. Cancer,WGAN_GP,MLP,Precision,TSTR,0.9660563571089886,0.02372491686989932,2,0.9490845739821069,0.9830281402358704
1. Cancer,WGAN_GP,MLP,Recall,TRTR,0.9452380952380952,0.03021089890583217,2,0.9236265200696926,0.9668496704064978
1. Cancer,WGAN_GP,MLP,Recall,TSTR,0.8761904761904761,0.04616837959444122,2,0.8431636070093014,0.9092173453716508
1. Cancer,WGAN_GP,Naive Bayes,Accuracy,TRTR,0.9324561403508772,0.02322491630679601,2,0.9158420360798095,0.9490702446219449
1. Cancer,WGAN_GP,Naive Bayes,Accuracy,TSTR,0.9307017543859649,0.01939767051534734,2,0.9168254968227249,0.944578011949205
1. Cancer,WGAN_GP,Naive Bayes,F1,TRTR,0.9055642341410918,0.0327534076549362,2,0.8821338577804818,0.9289946105017017
1. Cancer,WGAN_GP,Naive Bayes,F1,TSTR,0.9017318991006558,0.02939656495252678,2,0.880702863349531,0.9227609348517806
1. Cancer,WGAN_GP,Naive Bayes,Precision,TRTR,0.931024002484766,0.03636585629143303,2,0.9050094360445099,0.9570385689250221
1. Cancer,WGAN_GP,Naive Bayes,Precision,TSTR,0.9401205581411529,0.03466566396915662,2,0.9153222360201455,0.9649188802621603
1. Cancer,WGAN_GP,Naive Bayes,Recall,TRTR,0.8833333333333332,0.05156287578025646,2,0.8464474740513078,0.9202191926153586
1. Cancer,WGAN_GP,Naive Bayes,Recall,TSTR,0.869047619047619,0.05558389299966071,2,0.8292852973285947,0.9088099407666432
1. Cancer,WGAN_GP,Random Forest,Accuracy,TRTR,0.962280701754386,0.0136176971019825,2,0.9525391880888254,0.9720222154199465
1. Cancer,WGAN_GP,Random Forest,Accuracy,TSTR,0.9456140350877191,0.02068390547816071,2,0.9308176604611068,0.9604104097143314
1. Cancer,WGAN_GP,Random Forest,F1,TRTR,0.9482304799188631,0.01843776018375915,2,0.9350409008404541,0.9614200589972721
1. Cancer,WGAN_GP,Random Forest,F1,TSTR,0.9200127464018204,0.03208062516188989,2,0.8970636496438391,0.9429618431598017
1. Cancer,WGAN_GP,Random Forest,Precision,TRTR,0.9617923931806518,0.02967466301692189,2,0.9405644180586199,0.9830203683026837
1. Cancer,WGAN_GP,Random Forest,Precision,TSTR,0.9941176470588236,0.01176470588235294,2,0.9857016834589607,1.0025336106586864
1. Cancer,WGAN_GP,Random Forest,Recall,TRTR,0.9357142857142857,0.0214285714285714,2,0.9203852091573927,0.9510433622711787
1. Cancer,WGAN_GP,Random Forest,Recall,TSTR,0.8571428571428571,0.04879500364742666,2,0.8222370143059442,0.89204869997977
1. Cancer,WGAN_GP,SVM-RBF,Accuracy,TRTR,0.9701754385964912,0.01889531511275264,2,0.9566585444397578,0.9836923327532247
1. Cancer,WGAN_GP,SVM-RBF,Accuracy,TSTR,0.9473684210526315,0.02418254167033372,2,0.9300692728644075,0.9646675692408555
1. Cancer,WGAN_GP,SVM-RBF,F1,TRTR,0.9583987428081452,0.02694607072359247,2,0.9391226850267731,0.9776748005895173
1. Cancer,WGAN_GP,SVM-RBF,F1,TSTR,0.92254504378202,0.03793224534272995,2,0.8954099501164541,0.9496801374475858
1. Cancer,WGAN_GP,SVM-RBF,Precision,TRTR,0.975500670827118,0.01929000486040976,2,0.9617014326336752,0.9892999090205608
1. Cancer,WGAN_GP,SVM-RBF,Precision,TSTR,0.9915788327526134,0.01295612770139332,2,0.9823105773265548,1.000847088178672
1. Cancer,WGAN_GP,SVM-RBF,Recall,TRTR,0.9428571428571428,0.04416008807378907,2,0.9112669188845045,0.9744473668297812
1. Cancer,WGAN_GP,SVM-RBF,Recall,TSTR,0.8642857142857142,0.06121409586753541,2,0.8204957880630405,0.908075640508388
2. Alzhimers,CTABGAN,AdaBoost,Accuracy,TRTR,0.9493333333333334,0.0258542925728871,2,0.9308382865918755,0.9678283800747912
2. Alzhimers,CTABGAN,AdaBoost,Accuracy,TSTR,0.9266666666666667,0.03386246693120078,2,0.9024429170936304,0.950890416239703
2. Alzhimers,CTABGAN,AdaBoost,F1,TRTR,0.9471443985093639,0.02807031046294366,2,0.9270641080664604,0.9672246889522674
2. Alzhimers,CTABGAN,AdaBoost,F1,TSTR,0.9259777810047293,0.03178411735370369,2,0.9032407931550135,0.9487147688544451
2. Alzhimers,CTABGAN,AdaBoost,Precision,TRTR,0.9674413598097809,0.02864768705787136,2,0.9469480390323398,0.9879346805872219
2. Alzhimers,CTABGAN,AdaBoost,Precision,TSTR,0.9364750529456412,0.06133139083425415,2,0.8926012189584874,0.9803488869327949
2. Alzhimers,CTABGAN,AdaBoost,Recall,TRTR,0.9297297297297298,0.05012766754322002,2,0.8938705565715998,0.9655889028878598
2. Alzhimers,CTABGAN,AdaBoost,Recall,TSTR,0.918918918918919,0.03418678551533384,2,0.8944631658069827,0.9433746720308552
2. Alzhimers,CTABGAN,Decision Tree,Accuracy,TRTR,0.9066666666666666,0.04580150409951377,2,0.8739022444044262,0.939431088928907
2. Alzhimers,CTABGAN,Decision Tree,Accuracy,TSTR,0.548,0.08893443277681223,2,0.48438013933295165,0.6116198606670484
2. Alzhimers,CTABGAN,Decision Tree,F1,TRTR,0.9091850229600009,0.04235604543369281,2,0.8788853333486528,0.939484712571349
2. Alzhimers,CTABGAN,Decision Tree,F1,TSTR,0.5411158910243564,0.0765686736680532,2,0.48634196153354703,0.5958898205151658
2. Alzhimers,CTABGAN,Decision Tree,Precision,TRTR,0.889508683313031,0.06924353342860282,2,0.8399748434798455,0.9390425231462165
2. Alzhimers,CTABGAN,Decision Tree,Precision,TSTR,0.5560954243860923,0.09854104951555691,2,0.4856034040917997,0.6265874446803849
2. Alzhimers,CTABGAN,Decision Tree,Recall,TRTR,0.9324324324324325,0.02769446152962055,2,0.91262100811959,0.9522438567452749
2. Alzhimers,CTABGAN,Decision Tree,Recall,TSTR,0.5405405405405406,0.0928408866882036,2,0.4741261710900532,0.606954909991028
2. Alzhimers,CTABGAN,Extra Trees,Accuracy,TRTR,0.9479999999999998,0.01627540748764492,2,0.9363572748559387,0.959642725144061
2. Alzhimers,CTABGAN,Extra Trees,Accuracy,TSTR,0.9480000000000001,0.03745219174716837,2,0.9212083159892637,0.9747916840107365
2. Alzhimers,CTABGAN,Extra Trees,F1,TRTR,0.9457327984769963,0.01805025421338715,2,0.9328204244706046,0.958645172483388
2. Alzhimers,CTABGAN,Extra Trees,F1,TSTR,0.945717159512259,0.0388451563385819,2,0.9179290086612577,0.9735053103632603
2. Alzhimers,CTABGAN,Extra Trees,Precision,TRTR,0.9695691534081627,0.01907251128167408,2,0.9559255007482766,0.9832128060680488
2. Alzhimers,CTABGAN,Extra Trees,Precision,TSTR,0.9718770833476716,0.03929594318191651,2,0.9437664590151622,0.9999877076801811
2. Alzhimers,CTABGAN,Extra Trees,Recall,TRTR,0.9243243243243244,0.03783783783783785,2,0.8972567657193602,0.9513918829292887
2. Alzhimers,CTABGAN,Extra Trees,Recall,TSTR,0.9216216216216218,0.04594594594594596,2,0.8887538718870224,0.9544893713562211
2. Alzhimers,CTABGAN,Gradient Boosting,Accuracy,TRTR,0.9453333333333334,0.02186829262247564,2,0.9296896991836715,0.9609769674829952
2. Alzhimers,CTABGAN,Gradient Boosting,Accuracy,TSTR,0.704,0.09367556304133491,2,0.6369885390560349,0.771011460943965
2. Alzhimers,CTABGAN,Gradient Boosting,F1,TRTR,0.9434358295745456,0.02290830453192941,2,0.927048215723146,0.9598234434259453
2. Alzhimers,CTABGAN,Gradient Boosting,F1,TSTR,0.6970768575441686,0.06235732062047909,2,0.6524691175993798,0.7416845974889574
2. Alzhimers,CTABGAN,Gradient Boosting,Precision,TRTR,0.9621073821073821,0.03145211250564695,2,0.9396078962185453,0.9846068679962189
2. Alzhimers,CTABGAN,Gradient Boosting,Precision,TSTR,0.7654182622118242,0.1517815597973434,2,0.6568402752091124,0.873996249214536
2. Alzhimers,CTABGAN,Gradient Boosting,Recall,TRTR,0.927027027027027,0.03831742399664279,2,0.8996163931513452,0.9544376609027088
2. Alzhimers,CTABGAN,Gradient Boosting,Recall,TSTR,0.6891891891891891,0.144664039903488,2,0.5857027691960562,0.792675609182322
2. Alzhimers,CTABGAN,KNN,Accuracy,TRTR,0.916,0.02924228293261507,2,0.8950813309572889,0.9369186690427111
2. Alzhimers,CTABGAN,KNN,Accuracy,TSTR,0.8573333333333334,0.04260412082312123,2,0.826856181278952,0.8878104853877148
2. Alzhimers,CTABGAN,KNN,F1,TRTR,0.9106235622271077,0.03519628885402667,2,0.8854456539302193,0.9358014705239961
2. Alzhimers,CTABGAN,KNN,F1,TSTR,0.8597389241109257,0.04505449713525705,2,0.8275088784393877,0.8919689697824636
2. Alzhimers,CTABGAN,KNN,Precision,TRTR,0.9512569712569713,0.04457152412772801,2,0.9193724236617751,0.9831415188521675
2. Alzhimers,CTABGAN,KNN,Precision,TSTR,0.8316946230360864,0.03886378008300939,2,0.8038931495608935,0.8594960965112793
2. Alzhimers,CTABGAN,KNN,Recall,TRTR,0.8783783783783784,0.06756756756756757,2,0.8300434522980852,0.9267133044586716
2. Alzhimers,CTABGAN,KNN,Recall,TSTR,0.8918918918918919,0.06620242548062645,2,0.8445335296311474,0.9392502541526364
2. Alzhimers,CTABGAN,Logistic Regression,Accuracy,TRTR,0.9559999999999998,0.02235073948565364,2,0.9400112441549913,0.9719887558450084
2. Alzhimers,CTABGAN,Logistic Regression,Accuracy,TSTR,0.932,0.01733333333333333,2,0.9196004802962021,0.944399519703798
2. Alzhimers,CTABGAN,Logistic Regression,F1,TRTR,0.9533200486764233,0.02507909177402514,2,0.9353795471799591,0.9712605501728875
2. Alzhimers,CTABGAN,Logistic Regression,F1,TSTR,0.930311757199863,0.01913226533325586,2,0.9166253590665171,0.943998155333209
2. Alzhimers,CTABGAN,Logistic Regression,Precision,TRTR,0.9886418351124234,0.01392151593083359,2,0.978682982549475,0.9986006876753719
2. Alzhimers,CTABGAN,Logistic Regression,Precision,TSTR,0.9376137601369801,0.01943566724625559,2,0.9237103213498797,0.9515171989240804
2. Alzhimers,CTABGAN,Logistic Regression,Recall,TRTR,0.9216216216216218,0.04432762018069385,2,0.8899115523993343,0.9533316908439092
2. Alzhimers,CTABGAN,Logistic Regression,Recall,TSTR,0.9243243243243244,0.03783783783783785,2,0.8972567657193602,0.9513918829292887
2. Alzhimers,CTABGAN,MLP,Accuracy,TRTR,0.9386666666666666,0.02809507667427396,2,0.9185686595434528,0.9587646737898805
2. Alzhimers,CTABGAN,MLP,Accuracy,TSTR,0.7973333333333334,0.04873511168665886,2,0.762470334624169,0.8321963320424979
2. Alzhimers,CTABGAN,MLP,F1,TRTR,0.9368746605327736,0.0301395105853278,2,0.9153141534924507,0.9584351675730964
2. Alzhimers,CTABGAN,MLP,F1,TSTR,0.8062285787576309,0.04685589768383364,2,0.7727098887632174,0.8397472687520443
2. Alzhimers,CTABGAN,MLP,Precision,TRTR,0.9485001062672286,0.03246548163303751,2,0.9252756997747976,0.9717245127596595
2. Alzhimers,CTABGAN,MLP,Precision,TSTR,0.763915935323258,0.04805154810933576,2,0.7295419285398137,0.7982899421067022
2. Alzhimers,CTABGAN,MLP,Recall,TRTR,0.927027027027027,0.04530555301146002,2,0.8946173868006583,0.9594366672533957
2. Alzhimers,CTABGAN,MLP,Recall,TSTR,0.8567567567567569,0.06842696703336304,2,0.8078070533336041,0.9057064601799096
2. Alzhimers,CTABGAN,Naive Bayes,Accuracy,TRTR,0.9546666666666667,0.0170749979664876,2,0.9424519489516029,0.9668813843817304
2. Alzhimers,CTABGAN,Naive Bayes,Accuracy,TSTR,0.9013333333333333,0.03685406656289401,2,0.8749695223038131,0.9276971443628536
2. Alzhimers,CTABGAN,Naive Bayes,F1,TRTR,0.9526820073843034,0.01853939000672906,2,0.9394197267101786,0.9659442880584282
2. Alzhimers,CTABGAN,Naive Bayes,F1,TSTR,0.892632116502579,0.0416013735623896,2,0.8628722866261229,0.9223919463790351
2. Alzhimers,CTABGAN,Naive Bayes,Precision,TRTR,0.9775705964096056,0.01630136615858147,2,0.9659093015510197,0.9892318912681916
2. Alzhimers,CTABGAN,Naive Bayes,Precision,TSTR,0.9577807115718521,0.03998788000334042,2,0.9291751054556294,0.9863863176880747
2. Alzhimers,CTABGAN,Naive Bayes,Recall,TRTR,0.9297297297297298,0.03243243243243243,2,0.906528965211189,0.9529304942482706
2. Alzhimers,CTABGAN,Naive Bayes,Recall,TSTR,0.8378378378378379,0.05921324946001796,2,0.7954792309106038,0.8801964447650721
2. Alzhimers,CTABGAN,Random Forest,Accuracy,TRTR,0.9533333333333331,0.01366260102127946,2,0.9435596973389976,0.9631069693276687
2. Alzhimers,CTABGAN,Random Forest,Accuracy,TSTR,0.8786666666666665,0.033967304540952,2,0.8543679207854874,0.9029654125478456
2. Alzhimers,CTABGAN,Random Forest,F1,TRTR,0.9513798805474434,0.01493412066788913,2,0.9406966541928057,0.9620631069020811
2. Alzhimers,CTABGAN,Random Forest,F1,TSTR,0.8721696835017235,0.03620193285993438,2,0.8462723808202433,0.8980669861832038
2. Alzhimers,CTABGAN,Random Forest,Precision,TRTR,0.9752040740430834,0.01902222469328762,2,0.9615963942414781,0.9888117538446887
2. Alzhimers,CTABGAN,Random Forest,Precision,TSTR,0.9101104720044475,0.05226324562378084,2,0.872723598318111,0.947497345690784
2. Alzhimers,CTABGAN,Random Forest,Recall,TRTR,0.9297297297297298,0.03243243243243243,2,0.906528965211189,0.9529304942482706
2. Alzhimers,CTABGAN,Random Forest,Recall,TSTR,0.8405405405405405,0.05465877950312616,2,0.8014400051500853,0.8796410759309957
2. Alzhimers,CTABGAN,SVM-RBF,Accuracy,TRTR,0.9546666666666666,0.02324746103221695,2,0.9380364348705753,0.9712968984627578
2. Alzhimers,CTABGAN,SVM-RBF,Accuracy,TSTR,0.9120000000000001,0.02745501370929866,2,0.8923598663390488,0.9316401336609514
2. Alzhimers,CTABGAN,SVM-RBF,F1,TRTR,0.9518333507108521,0.02598545684199671,2,0.9332444747036678,0.9704222267180364
2. Alzhimers,CTABGAN,SVM-RBF,F1,TSTR,0.9079525088006914,0.03022145616062401,2,0.8863333814271652,0.9295716361742177
2. Alzhimers,CTABGAN,SVM-RBF,Precision,TRTR,0.9885578014989781,0.01402730003027083,2,0.9785232755499534,0.9985923274480027
2. Alzhimers,CTABGAN,SVM-RBF,Precision,TSTR,0.932120617687568,0.02163976850749751,2,0.9166404598417407,0.9476007755333954
2. Alzhimers,CTABGAN,SVM-RBF,Recall,TRTR,0.918918918918919,0.04522486629913922,2,0.8865669984894304,0.9512708393484075
2. Alzhimers,CTABGAN,SVM-RBF,Recall,TSTR,0.8864864864864865,0.05099449260571139,2,0.8500072240336195,0.9229657489393536
2. Alzhimers,CTGAN,AdaBoost,Accuracy,TRTR,0.9493333333333334,0.0258542925728871,2,0.9308382865918755,0.9678283800747912
2. Alzhimers,CTGAN,AdaBoost,Accuracy,TSTR,0.5186666666666666,0.04749736834815167,2,0.4846890962025443,0.5526442371307889
2. Alzhimers,CTGAN,AdaBoost,F1,TRTR,0.9471443985093639,0.02807031046294366,2,0.9270641080664604,0.9672246889522674
2. Alzhimers,CTGAN,AdaBoost,F1,TSTR,0.5604668433271227,0.05558632789881976,2,0.5207027797861696,0.6002309068680758
2. Alzhimers,CTGAN,AdaBoost,Precision,TRTR,0.9674413598097809,0.02864768705787136,2,0.9469480390323398,0.9879346805872219
2. Alzhimers,CTGAN,AdaBoost,Precision,TSTR,0.5107888949242134,0.04077900772376555,2,0.4816173501296659,0.539960439718761
2. Alzhimers,CTGAN,AdaBoost,Recall,TRTR,0.9297297297297298,0.05012766754322002,2,0.8938705565715998,0.9655889028878598
2. Alzhimers,CTGAN,AdaBoost,Recall,TSTR,0.6297297297297296,0.1054054054054054,2,0.5543272450444722,0.7051322144149871
2. Alzhimers,CTGAN,Decision Tree,Accuracy,TRTR,0.9066666666666666,0.04580150409951377,2,0.8739022444044262,0.939431088928907
2. Alzhimers,CTGAN,Decision Tree,Accuracy,TSTR,0.4946666666666666,0.1069080601888058,2,0.41818924750478725,0.5711440858285459
2. Alzhimers,CTGAN,Decision Tree,F1,TRTR,0.9091850229600009,0.04235604543369281,2,0.8788853333486528,0.939484712571349
2. Alzhimers,CTGAN,Decision Tree,F1,TSTR,0.5184509895213892,0.1000297902705315,2,0.44689398824679927,0.5900079907959792
2. Alzhimers,CTGAN,Decision Tree,Precision,TRTR,0.889508683313031,0.06924353342860282,2,0.8399748434798455,0.9390425231462165
2. Alzhimers,CTGAN,Decision Tree,Precision,TSTR,0.4955138176377106,0.1093015963194327,2,0.41732416587505466,0.5737034694003665
2. Alzhimers,CTGAN,Decision Tree,Recall,TRTR,0.9324324324324325,0.02769446152962055,2,0.91262100811959,0.9522438567452749
2. Alzhimers,CTGAN,Decision Tree,Recall,TSTR,0.5513513513513514,0.1102490705641683,2,0.47248391734447776,0.630218785358225
2. Alzhimers,CTGAN,Extra Trees,Accuracy,TRTR,0.9479999999999998,0.01627540748764492,2,0.9363572748559387,0.959642725144061
2. Alzhimers,CTGAN,Extra Trees,Accuracy,TSTR,0.576,0.05191445955715144,2,0.5388626328351392,0.6131373671648607
2. Alzhimers,CTGAN,Extra Trees,F1,TRTR,0.9457327984769963,0.01805025421338715,2,0.9328204244706046,0.958645172483388
2. Alzhimers,CTGAN,Extra Trees,F1,TSTR,0.5861060314388921,0.06772907986891641,2,0.5376555664184268,0.6345564964593573
2. Alzhimers,CTGAN,Extra Trees,Precision,TRTR,0.9695691534081627,0.01907251128167408,2,0.9559255007482766,0.9832128060680488
2. Alzhimers,CTGAN,Extra Trees,Precision,TSTR,0.5625831727753657,0.04816435240871182,2,0.5281284706573376,0.5970378748933939
2. Alzhimers,CTGAN,Extra Trees,Recall,TRTR,0.9243243243243244,0.03783783783783785,2,0.8972567657193602,0.9513918829292887
2. Alzhimers,CTGAN,Extra Trees,Recall,TSTR,0.6162162162162163,0.10025533508644,2,0.5444978698999563,0.6879345625324762
2. Alzhimers,CTGAN,Gradient Boosting,Accuracy,TRTR,0.9453333333333334,0.02186829262247564,2,0.9296896991836715,0.9609769674829952
2. Alzhimers,CTGAN,Gradient Boosting,Accuracy,TSTR,0.5333333333333334,0.05811865258054231,2,0.49175775384310544,0.5749089128235614
2. Alzhimers,CTGAN,Gradient Boosting,F1,TRTR,0.9434358295745456,0.02290830453192941,2,0.927048215723146,0.9598234434259453
2. Alzhimers,CTGAN,Gradient Boosting,F1,TSTR,0.5666224744417283,0.06310098201109862,2,0.5214827511854428,0.6117621976980138
2. Alzhimers,CTGAN,Gradient Boosting,Precision,TRTR,0.9621073821073821,0.03145211250564695,2,0.9396078962185453,0.9846068679962189
2. Alzhimers,CTGAN,Gradient Boosting,Precision,TSTR,0.5232822792262817,0.05111733200307215,2,0.48671514276218525,0.5598494156903782
2. Alzhimers,CTGAN,Gradient Boosting,Recall,TRTR,0.927027027027027,0.03831742399664279,2,0.8996163931513452,0.9544376609027088
2. Alzhimers,CTGAN,Gradient Boosting,Recall,TSTR,0.6243243243243244,0.0985282493705848,2,0.5538414607021352,0.6948071879465135
2. Alzhimers,CTGAN,KNN,Accuracy,TRTR,0.916,0.02924228293261507,2,0.8950813309572889,0.9369186690427111
2. Alzhimers,CTGAN,KNN,Accuracy,TSTR,0.5773333333333334,0.04734741574550586,2,0.5434630324990847,0.611203634167582
2. Alzhimers,CTGAN,KNN,F1,TRTR,0.9106235622271077,0.03519628885402667,2,0.8854456539302193,0.9358014705239961
2. Alzhimers,CTGAN,KNN,F1,TSTR,0.586983576042668,0.04181835076864649,2,0.557068530023274,0.6168986220620621
2. Alzhimers,CTGAN,KNN,Precision,TRTR,0.9512569712569713,0.04457152412772801,2,0.9193724236617751,0.9831415188521675
2. Alzhimers,CTGAN,KNN,Precision,TSTR,0.5707396063591972,0.0480391569315745,2,0.5363744636903377,0.6051047490280567
2. Alzhimers,CTGAN,KNN,Recall,TRTR,0.8783783783783784,0.06756756756756757,2,0.8300434522980852,0.9267133044586716
2. Alzhimers,CTGAN,KNN,Recall,TSTR,0.6108108108108109,0.07272229214634439,2,0.5587884169046218,0.662833204717
2. Alzhimers,CTGAN,Logistic Regression,Accuracy,TRTR,0.9559999999999998,0.02235073948565364,2,0.9400112441549913,0.9719887558450084
2. Alzhimers,CTGAN,Logistic Regression,Accuracy,TSTR,0.6119999999999999,0.03448671241700681,2,0.5873296921076602,0.6366703078923396
2. Alzhimers,CTGAN,Logistic Regression,F1,TRTR,0.9533200486764233,0.02507909177402514,2,0.9353795471799591,0.9712605501728875
2. Alzhimers,CTGAN,Logistic Regression,F1,TSTR,0.6528421480452289,0.03133554549679136,2,0.6304260491711874,0.6752582469192704
2. Alzhimers,CTGAN,Logistic Regression,Precision,TRTR,0.9886418351124234,0.01392151593083359,2,0.978682982549475,0.9986006876753719
2. Alzhimers,CTGAN,Logistic Regression,Precision,TSTR,0.5848981472942947,0.02928840166197615,2,0.5639464869000397,0.6058498076885497
2. Alzhimers,CTGAN,Logistic Regression,Recall,TRTR,0.9216216216216218,0.04432762018069385,2,0.8899115523993343,0.9533316908439092
2. Alzhimers,CTGAN,Logistic Regression,Recall,TSTR,0.7405405405405405,0.05156428115767275,2,0.7036536759120748,0.7774274051690062
2. Alzhimers,CTGAN,MLP,Accuracy,TRTR,0.9386666666666666,0.02809507667427396,2,0.9185686595434528,0.9587646737898805
2. Alzhimers,CTGAN,MLP,Accuracy,TSTR,0.5586666666666666,0.06035450825470014,2,0.5154916523791366,0.6018416809541967
2. Alzhimers,CTGAN,MLP,F1,TRTR,0.9368746605327736,0.0301395105853278,2,0.9153141534924507,0.9584351675730964
2. Alzhimers,CTGAN,MLP,F1,TSTR,0.559728436502105,0.07508178469862639,2,0.506018163304013,0.6134387097001971
2. Alzhimers,CTGAN,MLP,Precision,TRTR,0.9485001062672286,0.03246548163303751,2,0.9252756997747976,0.9717245127596595
2. Alzhimers,CTGAN,MLP,Precision,TSTR,0.5498791205013553,0.06486285558534212,2,0.5034790288162565,0.5962792121864542
2. Alzhimers,CTGAN,MLP,Recall,TRTR,0.927027027027027,0.04530555301146002,2,0.8946173868006583,0.9594366672533957
2. Alzhimers,CTGAN,MLP,Recall,TSTR,0.5756756756756757,0.104010169756183,2,0.5012712824475706,0.6500800689037808
2. Alzhimers,CTGAN,Naive Bayes,Accuracy,TRTR,0.9546666666666667,0.0170749979664876,2,0.9424519489516029,0.9668813843817304
2. Alzhimers,CTGAN,Naive Bayes,Accuracy,TSTR,0.6146666666666666,0.04440220214759123,2,0.5829032447192969,0.6464300886140363
2. Alzhimers,CTGAN,Naive Bayes,F1,TRTR,0.9526820073843034,0.01853939000672906,2,0.9394197267101786,0.9659442880584282
2. Alzhimers,CTGAN,Naive Bayes,F1,TSTR,0.6580055041804127,0.04894302249848271,2,0.6229937750361804,0.693017233324645
2. Alzhimers,CTGAN,Naive Bayes,Precision,TRTR,0.9775705964096056,0.01630136615858147,2,0.9659093015510197,0.9892318912681916
2. Alzhimers,CTGAN,Naive Bayes,Precision,TSTR,0.584239516764378,0.03486085099415039,2,0.559301566257082,0.609177467271674
2. Alzhimers,CTGAN,Naive Bayes,Recall,TRTR,0.9297297297297298,0.03243243243243243,2,0.906528965211189,0.9529304942482706
2. Alzhimers,CTGAN,Naive Bayes,Recall,TSTR,0.7567567567567568,0.08546696378833457,2,0.6956173739769163,0.8178961395365973
2. Alzhimers,CTGAN,Random Forest,Accuracy,TRTR,0.9533333333333331,0.01366260102127946,2,0.9435596973389976,0.9631069693276687
2. Alzhimers,CTGAN,Random Forest,Accuracy,TSTR,0.5266666666666667,0.04184627953726726,2,0.496731641609764,0.5566016917235694
2. Alzhimers,CTGAN,Random Forest,F1,TRTR,0.9513798805474434,0.01493412066788913,2,0.9406966541928057,0.9620631069020811
2. Alzhimers,CTGAN,Random Forest,F1,TSTR,0.5683273760998825,0.04346978501268418,2,0.5372309651892304,0.5994237870105346
2. Alzhimers,CTGAN,Random Forest,Precision,TRTR,0.9752040740430834,0.01902222469328762,2,0.9615963942414781,0.9888117538446887
2. Alzhimers,CTGAN,Random Forest,Precision,TSTR,0.5173922540220804,0.03517066118974452,2,0.49223267865182063,0.5425518293923403
2. Alzhimers,CTGAN,Random Forest,Recall,TRTR,0.9297297297297298,0.03243243243243243,2,0.906528965211189,0.9529304942482706
2. Alzhimers,CTGAN,Random Forest,Recall,TSTR,0.6351351351351351,0.07572392284390217,2,0.5809655039802214,0.6893047662900488
2. Alzhimers,CTGAN,SVM-RBF,Accuracy,TRTR,0.9546666666666666,0.02324746103221695,2,0.9380364348705753,0.9712968984627578
2. Alzhimers,CTGAN,SVM-RBF,Accuracy,TSTR,0.5853333333333335,0.04519587001780877,2,0.5530021555939426,0.6176645110727244
2. Alzhimers,CTGAN,SVM-RBF,F1,TRTR,0.9518333507108521,0.02598545684199671,2,0.9332444747036678,0.9704222267180364
2. Alzhimers,CTGAN,SVM-RBF,F1,TSTR,0.5914810365885449,0.04699860809766474,2,0.5578602577140409,0.6251018154630489
2. Alzhimers,CTGAN,SVM-RBF,Precision,TRTR,0.9885578014989781,0.01402730003027083,2,0.9785232755499534,0.9985923274480027
2. Alzhimers,CTGAN,SVM-RBF,Precision,TSTR,0.5761241190321217,0.04259990267184069,2,0.5456499844613893,0.606598253602854
2. Alzhimers,CTGAN,SVM-RBF,Recall,TRTR,0.918918918918919,0.04522486629913922,2,0.8865669984894304,0.9512708393484075
2. Alzhimers,CTGAN,SVM-RBF,Recall,TSTR,0.6108108108108109,0.06751349187457728,2,0.5625145681509444,0.6591070534706774
2. Alzhimers,CopulaGAN,AdaBoost,Accuracy,TRTR,0.9493333333333334,0.0258542925728871,2,0.9308382865918755,0.9678283800747912
2. Alzhimers,CopulaGAN,AdaBoost,Accuracy,TSTR,0.5693333333333334,0.02862788073811183,2,0.5488541811435145,0.5898124855231522
2. Alzhimers,CopulaGAN,AdaBoost,F1,TRTR,0.9471443985093639,0.02807031046294366,2,0.9270641080664604,0.9672246889522674
2. Alzhimers,CopulaGAN,AdaBoost,F1,TSTR,0.4812178323076247,0.04329092332191146,2,0.45024937134268367,0.5121862932725658
2. Alzhimers,CopulaGAN,AdaBoost,Precision,TRTR,0.9674413598097809,0.02864768705787136,2,0.9469480390323398,0.9879346805872219
2. Alzhimers,CopulaGAN,AdaBoost,Precision,TSTR,0.5963059440559441,0.04557070168738021,2,0.5637066278931421,0.628905260218746
2. Alzhimers,CopulaGAN,AdaBoost,Recall,TRTR,0.9297297297297298,0.05012766754322002,2,0.8938705565715998,0.9655889028878598
2. Alzhimers,CopulaGAN,AdaBoost,Recall,TSTR,0.4081081081081082,0.05976579564188102,2,0.3653542334538008,0.4508619827624156
2. Alzhimers,CopulaGAN,Decision Tree,Accuracy,TRTR,0.9066666666666666,0.04580150409951377,2,0.8739022444044262,0.939431088928907
2. Alzhimers,CopulaGAN,Decision Tree,Accuracy,TSTR,0.5426666666666666,0.06587530307752335,2,0.49554231367608537,0.5897910196572479
2. Alzhimers,CopulaGAN,Decision Tree,F1,TRTR,0.9091850229600009,0.04235604543369281,2,0.8788853333486528,0.939484712571349
2. Alzhimers,CopulaGAN,Decision Tree,F1,TSTR,0.4891037528957459,0.08868861812940061,2,0.4256597374343165,0.5525477683571753
2. Alzhimers,CopulaGAN,Decision Tree,Precision,TRTR,0.889508683313031,0.06924353342860282,2,0.8399748434798455,0.9390425231462165
2. Alzhimers,CopulaGAN,Decision Tree,Precision,TSTR,0.5409123457187973,0.08415508984567743,2,0.48071142102362274,0.6011132704139719
2. Alzhimers,CopulaGAN,Decision Tree,Recall,TRTR,0.9324324324324325,0.02769446152962055,2,0.91262100811959,0.9522438567452749
2. Alzhimers,CopulaGAN,Decision Tree,Recall,TSTR,0.4486486486486486,0.09378027877241876,2,0.3815622785832871,0.5157350187140101
2. Alzhimers,CopulaGAN,Extra Trees,Accuracy,TRTR,0.9479999999999998,0.01627540748764492,2,0.9363572748559387,0.959642725144061
2. Alzhimers,CopulaGAN,Extra Trees,Accuracy,TSTR,0.5186666666666666,0.05348312298701756,2,0.48040714528407985,0.5569261880492533
2. Alzhimers,CopulaGAN,Extra Trees,F1,TRTR,0.9457327984769963,0.01805025421338715,2,0.9328204244706046,0.958645172483388
2. Alzhimers,CopulaGAN,Extra Trees,F1,TSTR,0.4170852143564671,0.08798169350562628,2,0.3541469023066679,0.48002352640626633
2. Alzhimers,CopulaGAN,Extra Trees,Precision,TRTR,0.9695691534081627,0.01907251128167408,2,0.9559255007482766,0.9832128060680488
2. Alzhimers,CopulaGAN,Extra Trees,Precision,TSTR,0.5157761540387684,0.08031555965479942,2,0.45832186378138917,0.5732304442961477
2. Alzhimers,CopulaGAN,Extra Trees,Recall,TRTR,0.9243243243243244,0.03783783783783785,2,0.8972567657193602,0.9513918829292887
2. Alzhimers,CopulaGAN,Extra Trees,Recall,TSTR,0.3567567567567568,0.0950183558445781,2,0.28878471970768027,0.4247287938058333
2. Alzhimers,CopulaGAN,Gradient Boosting,Accuracy,TRTR,0.9453333333333334,0.02186829262247564,2,0.9296896991836715,0.9609769674829952
2. Alzhimers,CopulaGAN,Gradient Boosting,Accuracy,TSTR,0.5426666666666666,0.0231324687638633,2,0.5261186953838775,0.5592146379494558
2. Alzhimers,CopulaGAN,Gradient Boosting,F1,TRTR,0.9434358295745456,0.02290830453192941,2,0.927048215723146,0.9598234434259453
2. Alzhimers,CopulaGAN,Gradient Boosting,F1,TSTR,0.4009069130741886,0.0738026969300324,2,0.34811164414472545,0.4537021820036517
2. Alzhimers,CopulaGAN,Gradient Boosting,Precision,TRTR,0.9621073821073821,0.03145211250564695,2,0.9396078962185453,0.9846068679962189
2. Alzhimers,CopulaGAN,Gradient Boosting,Precision,TSTR,0.5671414069801166,0.04541707167982553,2,0.5346519911041859,0.5996308228560473
2. Alzhimers,CopulaGAN,Gradient Boosting,Recall,TRTR,0.927027027027027,0.03831742399664279,2,0.8996163931513452,0.9544376609027088
2. Alzhimers,CopulaGAN,Gradient Boosting,Recall,TSTR,0.3189189189189189,0.08614798621896881,2,0.2572923620401912,0.3805454757976466
2. Alzhimers,CopulaGAN,KNN,Accuracy,TRTR,0.916,0.02924228293261507,2,0.8950813309572889,0.9369186690427111
2. Alzhimers,CopulaGAN,KNN,Accuracy,TSTR,0.4613333333333333,0.04509742540076737,2,0.4290725786306004,0.49359408803606625
2. Alzhimers,CopulaGAN,KNN,F1,TRTR,0.9106235622271077,0.03519628885402667,2,0.8854456539302193,0.9358014705239961
2. Alzhimers,CopulaGAN,KNN,F1,TSTR,0.4012607333549646,0.04886656977313934,2,0.3663036951957883,0.4362177715141409
2. Alzhimers,CopulaGAN,KNN,Precision,TRTR,0.9512569712569713,0.04457152412772801,2,0.9193724236617751,0.9831415188521675
2. Alzhimers,CopulaGAN,KNN,Precision,TSTR,0.4468590665588638,0.05626514815062895,2,0.4066094042628543,0.48710872885487333
2. Alzhimers,CopulaGAN,KNN,Recall,TRTR,0.8783783783783784,0.06756756756756757,2,0.8300434522980852,0.9267133044586716
2. Alzhimers,CopulaGAN,KNN,Recall,TSTR,0.3675675675675676,0.05945945945945945,2,0.3250328326169095,0.41010230251822566
2. Alzhimers,CopulaGAN,Logistic Regression,Accuracy,TRTR,0.9559999999999998,0.02235073948565364,2,0.9400112441549913,0.9719887558450084
2. Alzhimers,CopulaGAN,Logistic Regression,Accuracy,TSTR,0.5973333333333335,0.05458530530788991,2,0.5582853582158525,0.6363813084508145
2. Alzhimers,CopulaGAN,Logistic Regression,F1,TRTR,0.9533200486764233,0.02507909177402514,2,0.9353795471799591,0.9712605501728875
2. Alzhimers,CopulaGAN,Logistic Regression,F1,TSTR,0.4730871532996216,0.09605917343645379,2,0.4043705601983227,0.5418037464009205
2. Alzhimers,CopulaGAN,Logistic Regression,Precision,TRTR,0.9886418351124234,0.01392151593083359,2,0.978682982549475,0.9986006876753719
2. Alzhimers,CopulaGAN,Logistic Regression,Precision,TSTR,0.6686308986712213,0.1033039546889078,2,0.5947317012686045,0.742530096073838
2. Alzhimers,CopulaGAN,Logistic Regression,Recall,TRTR,0.9216216216216218,0.04432762018069385,2,0.8899115523993343,0.9533316908439092
2. Alzhimers,CopulaGAN,Logistic Regression,Recall,TSTR,0.3756756756756757,0.101450402049316,2,0.3031024299544039,0.44824892139694755
2. Alzhimers,CopulaGAN,MLP,Accuracy,TRTR,0.9386666666666666,0.02809507667427396,2,0.9185686595434528,0.9587646737898805
2. Alzhimers,CopulaGAN,MLP,Accuracy,TSTR,0.484,0.05401234426807759,2,0.44536189651921093,0.522638103480789
2. Alzhimers,CopulaGAN,MLP,F1,TRTR,0.9368746605327736,0.0301395105853278,2,0.9153141534924507,0.9584351675730964
2. Alzhimers,CopulaGAN,MLP,F1,TSTR,0.4305896688373004,0.06167246974672823,2,0.38647184169462134,0.4747074959799794
2. Alzhimers,CopulaGAN,MLP,Precision,TRTR,0.9485001062672286,0.03246548163303751,2,0.9252756997747976,0.9717245127596595
2. Alzhimers,CopulaGAN,MLP,Precision,TSTR,0.4741345512373779,0.06722266273343494,2,0.4260463552120902,0.5222227472626656
2. Alzhimers,CopulaGAN,MLP,Recall,TRTR,0.927027027027027,0.04530555301146002,2,0.8946173868006583,0.9594366672533957
2. Alzhimers,CopulaGAN,MLP,Recall,TSTR,0.3972972972972973,0.06842696703336304,2,0.34834759387414455,0.44624700072045004
2. Alzhimers,CopulaGAN,Naive Bayes,Accuracy,TRTR,0.9546666666666667,0.0170749979664876,2,0.9424519489516029,0.9668813843817304
2. Alzhimers,CopulaGAN,Naive Bayes,Accuracy,TSTR,0.6346666666666667,0.03919183588453085,2,0.6066305162083059,0.6627028171250275
2. Alzhimers,CopulaGAN,Naive Bayes,F1,TRTR,0.9526820073843034,0.01853939000672906,2,0.9394197267101786,0.9659442880584282
2. Alzhimers,CopulaGAN,Naive Bayes,F1,TSTR,0.535965567057292,0.05853616294127745,2,0.49409131864719047,0.5778398154673936
2. Alzhimers,CopulaGAN,Naive Bayes,Precision,TRTR,0.9775705964096056,0.01630136615858147,2,0.9659093015510197,0.9892318912681916
2. Alzhimers,CopulaGAN,Naive Bayes,Precision,TSTR,0.7285913101864337,0.09222943714870714,2,0.6626143453866885,0.794568274986179
2. Alzhimers,CopulaGAN,Naive Bayes,Recall,TRTR,0.9297297297297298,0.03243243243243243,2,0.906528965211189,0.9529304942482706
2. Alzhimers,CopulaGAN,Naive Bayes,Recall,TSTR,0.4324324324324325,0.07252112359458776,2,0.3805539458390102,0.4843109190258548
2. Alzhimers,CopulaGAN,Random Forest,Accuracy,TRTR,0.9533333333333331,0.01366260102127946,2,0.9435596973389976,0.9631069693276687
2. Alzhimers,CopulaGAN,Random Forest,Accuracy,TSTR,0.5613333333333335,0.0612318000170935,2,0.5175307423250086,0.6051359243416583
2. Alzhimers,CopulaGAN,Random Forest,F1,TRTR,0.9513798805474434,0.01493412066788913,2,0.9406966541928057,0.9620631069020811
2. Alzhimers,CopulaGAN,Random Forest,F1,TSTR,0.4244178025348234,0.1055518634617852,2,0.34891054806749705,0.4999250570021498
2. Alzhimers,CopulaGAN,Random Forest,Precision,TRTR,0.9752040740430834,0.01902222469328762,2,0.9615963942414781,0.9888117538446887
2. Alzhimers,CopulaGAN,Random Forest,Precision,TSTR,0.5909000012715182,0.1063301025294315,2,0.5148360281126412,0.6669639744303952
2. Alzhimers,CopulaGAN,Random Forest,Recall,TRTR,0.9297297297297298,0.03243243243243243,2,0.906528965211189,0.9529304942482706
2. Alzhimers,CopulaGAN,Random Forest,Recall,TSTR,0.3351351351351352,0.09981721790605073,2,0.26373019896949884,0.4065400713007716
2. Alzhimers,CopulaGAN,SVM-RBF,Accuracy,TRTR,0.9546666666666666,0.02324746103221695,2,0.9380364348705753,0.9712968984627578
2. Alzhimers,CopulaGAN,SVM-RBF,Accuracy,TSTR,0.5146666666666667,0.05031456603763521,2,0.478673794379838,0.5506595389534955
2. Alzhimers,CopulaGAN,SVM-RBF,F1,TRTR,0.9518333507108521,0.02598545684199671,2,0.9332444747036678,0.9704222267180364
2. Alzhimers,CopulaGAN,SVM-RBF,F1,TSTR,0.4024044330961626,0.06904927422471265,2,0.3530095579260317,0.45179930826629344
2. Alzhimers,CopulaGAN,SVM-RBF,Precision,TRTR,0.9885578014989781,0.01402730003027083,2,0.9785232755499534,0.9985923274480027
2. Alzhimers,CopulaGAN,SVM-RBF,Precision,TSTR,0.5174675026690786,0.08379147975185122,2,0.45752668896560966,0.5774083163725475
2. Alzhimers,CopulaGAN,SVM-RBF,Recall,TRTR,0.918918918918919,0.04522486629913922,2,0.8865669984894304,0.9512708393484075
2. Alzhimers,CopulaGAN,SVM-RBF,Recall,TSTR,0.3351351351351352,0.07663484799328554,2,0.28031386738377173,0.3899564028864987
2. Alzhimers,ForestDiffusion,AdaBoost,Accuracy,TRTR,0.9493333333333334,0.0258542925728871,2,0.9308382865918755,0.9678283800747912
2. Alzhimers,ForestDiffusion,AdaBoost,Accuracy,TSTR,0.9613333333333334,0.01392040867854741,2,0.9513752728509545,0.9712913938157123
2. Alzhimers,ForestDiffusion,AdaBoost,F1,TRTR,0.9471443985093639,0.02807031046294366,2,0.9270641080664604,0.9672246889522674
2. Alzhimers,ForestDiffusion,AdaBoost,F1,TSTR,0.9597232349628644,0.01496877976938839,2,0.9490152149806138,0.970431254945115
2. Alzhimers,ForestDiffusion,AdaBoost,Precision,TRTR,0.9674413598097809,0.02864768705787136,2,0.9469480390323398,0.9879346805872219
2. Alzhimers,ForestDiffusion,AdaBoost,Precision,TSTR,0.9835374073764166,0.01788472955671827,2,0.9707434425762844,0.9963313721765488
2. Alzhimers,ForestDiffusion,AdaBoost,Recall,TRTR,0.9297297297297298,0.05012766754322002,2,0.8938705565715998,0.9655889028878598
2. Alzhimers,ForestDiffusion,AdaBoost,Recall,TSTR,0.9378378378378379,0.02972972972972974,2,0.9165704703625088,0.959105205313167
2. Alzhimers,ForestDiffusion,Decision Tree,Accuracy,TRTR,0.9066666666666666,0.04580150409951377,2,0.8739022444044262,0.939431088928907
2. Alzhimers,ForestDiffusion,Decision Tree,Accuracy,TSTR,0.9186666666666667,0.02490872225635921,2,0.9008480401812348,0.9364852931520987
2. Alzhimers,ForestDiffusion,Decision Tree,F1,TRTR,0.9091850229600009,0.04235604543369281,2,0.8788853333486528,0.939484712571349
2. Alzhimers,ForestDiffusion,Decision Tree,F1,TSTR,0.9170030677621485,0.02635851876379843,2,0.898147319332842,0.935858816191455
2. Alzhimers,ForestDiffusion,Decision Tree,Precision,TRTR,0.889508683313031,0.06924353342860282,2,0.8399748434798455,0.9390425231462165
2. Alzhimers,ForestDiffusion,Decision Tree,Precision,TSTR,0.9219388885874954,0.03039795167188453,2,0.900193503931113,0.9436842732438778
2. Alzhimers,ForestDiffusion,Decision Tree,Recall,TRTR,0.9324324324324325,0.02769446152962055,2,0.91262100811959,0.9522438567452749
2. Alzhimers,ForestDiffusion,Decision Tree,Recall,TSTR,0.9135135135135135,0.04151970674523572,2,0.8838121045586985,0.9432149224683285
2. Alzhimers,ForestDiffusion,Extra Trees,Accuracy,TRTR,0.9479999999999998,0.01627540748764492,2,0.9363572748559387,0.959642725144061
2. Alzhimers,ForestDiffusion,Extra Trees,Accuracy,TSTR,0.9653333333333333,0.01359738536958078,2,0.9556063498058188,0.9750603168608477
2. Alzhimers,ForestDiffusion,Extra Trees,F1,TRTR,0.9457327984769963,0.01805025421338715,2,0.9328204244706046,0.958645172483388
2. Alzhimers,ForestDiffusion,Extra Trees,F1,TSTR,0.9639988000734674,0.01427518868765128,2,0.9537869452614695,0.9742106548854653
2. Alzhimers,ForestDiffusion,Extra Trees,Precision,TRTR,0.9695691534081627,0.01907251128167408,2,0.9559255007482766,0.9832128060680488
2. Alzhimers,ForestDiffusion,Extra Trees,Precision,TSTR,0.9860274560274561,0.01397856672567184,2,0.976027791784428,0.9960271202704842
2. Alzhimers,ForestDiffusion,Extra Trees,Recall,TRTR,0.9243243243243244,0.03783783783783785,2,0.8972567657193602,0.9513918829292887
2. Alzhimers,ForestDiffusion,Extra Trees,Recall,TSTR,0.9432432432432434,0.02245033476464344,2,0.9271832412276055,0.9593032452588812
2. Alzhimers,ForestDiffusion,Gradient Boosting,Accuracy,TRTR,0.9453333333333334,0.02186829262247564,2,0.9296896991836715,0.9609769674829952
2. Alzhimers,ForestDiffusion,Gradient Boosting,Accuracy,TSTR,0.9613333333333334,0.01733333333333335,2,0.9489338136295354,0.9737328530371313
2. Alzhimers,ForestDiffusion,Gradient Boosting,F1,TRTR,0.9434358295745456,0.02290830453192941,2,0.927048215723146,0.9598234434259453
2. Alzhimers,ForestDiffusion,Gradient Boosting,F1,TSTR,0.9594184718330967,0.01859936423559992,2,0.9461132881801677,0.9727236554860257
2. Alzhimers,ForestDiffusion,Gradient Boosting,Precision,TRTR,0.9621073821073821,0.03145211250564695,2,0.9396078962185453,0.9846068679962189
2. Alzhimers,ForestDiffusion,Gradient Boosting,Precision,TSTR,0.9887212001917887,0.01382508701882397,2,0.9788313287169832,0.9986110716665941
2. Alzhimers,ForestDiffusion,Gradient Boosting,Recall,TRTR,0.927027027027027,0.03831742399664279,2,0.8996163931513452,0.9544376609027088
2. Alzhimers,ForestDiffusion,Gradient Boosting,Recall,TSTR,0.9324324324324325,0.03254485021295216,2,0.9091512490782411,0.9557136157866238
2. Alzhimers,ForestDiffusion,KNN,Accuracy,TRTR,0.916,0.02924228293261507,2,0.8950813309572889,0.9369186690427111
2. Alzhimers,ForestDiffusion,KNN,Accuracy,TSTR,0.9466666666666667,0.0304046780026437,2,0.9249164702831237,0.9684168630502096
2. Alzhimers,ForestDiffusion,KNN,F1,TRTR,0.9106235622271077,0.03519628885402667,2,0.8854456539302193,0.9358014705239961
2. Alzhimers,ForestDiffusion,KNN,F1,TSTR,0.942560698600406,0.03419752504743662,2,0.918097262890013,0.967024134310799
2. Alzhimers,ForestDiffusion,KNN,Precision,TRTR,0.9512569712569713,0.04457152412772801,2,0.9193724236617751,0.9831415188521675
2. Alzhimers,ForestDiffusion,KNN,Precision,TSTR,0.9881840449582384,0.01452403234957743,2,0.9777941781141701,0.9985739118023067
2. Alzhimers,ForestDiffusion,KNN,Recall,TRTR,0.8783783783783784,0.06756756756756757,2,0.8300434522980852,0.9267133044586716
2. Alzhimers,ForestDiffusion,KNN,Recall,TSTR,0.9027027027027028,0.0582179979149676,2,0.861056055841416,0.9443493495639896
2. Alzhimers,ForestDiffusion,Logistic Regression,Accuracy,TRTR,0.9559999999999998,0.02235073948565364,2,0.9400112441549913,0.9719887558450084
2. Alzhimers,ForestDiffusion,Logistic Regression,Accuracy,TSTR,0.9573333333333333,0.01959591794226543,2,0.9433152581041528,0.9713514085625137
2. Alzhimers,ForestDiffusion,Logistic Regression,F1,TRTR,0.9533200486764233,0.02507909177402514,2,0.9353795471799591,0.9712605501728875
2. Alzhimers,ForestDiffusion,Logistic Regression,F1,TSTR,0.9549442804586885,0.02156270877056382,2,0.9395192478278503,0.9703693130895267
2. Alzhimers,ForestDiffusion,Logistic Regression,Precision,TRTR,0.9886418351124234,0.01392151593083359,2,0.978682982549475,0.9986006876753719
2. Alzhimers,ForestDiffusion,Logistic Regression,Precision,TSTR,0.9886418351124234,0.01392151593083359,2,0.978682982549475,0.9986006876753719
2. Alzhimers,ForestDiffusion,Logistic Regression,Recall,TRTR,0.9216216216216218,0.04432762018069385,2,0.8899115523993343,0.9533316908439092
2. Alzhimers,ForestDiffusion,Logistic Regression,Recall,TSTR,0.9243243243243244,0.03783783783783785,2,0.8972567657193602,0.9513918829292887
2. Alzhimers,ForestDiffusion,MLP,Accuracy,TRTR,0.9386666666666666,0.02809507667427396,2,0.9185686595434528,0.9587646737898805
2. Alzhimers,ForestDiffusion,MLP,Accuracy,TSTR,0.9626666666666667,0.02048305532764963,2,0.9480139715822913,0.9773193617510421
2. Alzhimers,ForestDiffusion,MLP,F1,TRTR,0.9368746605327736,0.0301395105853278,2,0.9153141534924507,0.9584351675730964
2. Alzhimers,ForestDiffusion,MLP,F1,TSTR,0.9614029655741019,0.02119837818684929,2,0.9462385593423867,0.9765673718058171
2. Alzhimers,ForestDiffusion,MLP,Precision,TRTR,0.9485001062672286,0.03246548163303751,2,0.9252756997747976,0.9717245127596595
2. Alzhimers,ForestDiffusion,MLP,Precision,TSTR,0.9781359532907519,0.02363022285354803,2,0.9612319101824228,0.9950399963990809
2. Alzhimers,ForestDiffusion,MLP,Recall,TRTR,0.927027027027027,0.04530555301146002,2,0.8946173868006583,0.9594366672533957
2. Alzhimers,ForestDiffusion,MLP,Recall,TSTR,0.9459459459459459,0.0319788096383763,2,0.923069683625847,0.9688222082660449
2. Alzhimers,ForestDiffusion,Naive Bayes,Accuracy,TRTR,0.9546666666666667,0.0170749979664876,2,0.9424519489516029,0.9668813843817304
2. Alzhimers,ForestDiffusion,Naive Bayes,Accuracy,TSTR,0.9506666666666668,0.01982142499642468,2,0.9364872734089444,0.9648460599243891
2. Alzhimers,ForestDiffusion,Naive Bayes,F1,TRTR,0.9526820073843034,0.01853939000672906,2,0.9394197267101786,0.9659442880584282
2. Alzhimers,ForestDiffusion,Naive Bayes,F1,TSTR,0.9488340101644223,0.02099408233403052,2,0.9338157483818857,0.9638522719469588
2. Alzhimers,ForestDiffusion,Naive Bayes,Precision,TRTR,0.9775705964096056,0.01630136615858147,2,0.9659093015510197,0.9892318912681916
2. Alzhimers,ForestDiffusion,Naive Bayes,Precision,TSTR,0.9696699246699246,0.02511257901514386,2,0.9517054678442636,0.9876343814955857
2. Alzhimers,ForestDiffusion,Naive Bayes,Recall,TRTR,0.9297297297297298,0.03243243243243243,2,0.906528965211189,0.9529304942482706
2. Alzhimers,ForestDiffusion,Naive Bayes,Recall,TSTR,0.9297297297297298,0.03243243243243243,2,0.906528965211189,0.9529304942482706
2. Alzhimers,ForestDiffusion,Random Forest,Accuracy,TRTR,0.9533333333333331,0.01366260102127946,2,0.9435596973389976,0.9631069693276687
2. Alzhimers,ForestDiffusion,Random Forest,Accuracy,TSTR,0.9613333333333334,0.01833030277982337,2,0.9482206246509295,0.9744460420157373
2. Alzhimers,ForestDiffusion,Random Forest,F1,TRTR,0.9513798805474434,0.01493412066788913,2,0.9406966541928057,0.9620631069020811
2. Alzhimers,ForestDiffusion,Random Forest,F1,TSTR,0.9593753143373979,0.01982438504397334,2,0.9451938035892196,0.9735568250855762
2. Alzhimers,ForestDiffusion,Random Forest,Precision,TRTR,0.9752040740430834,0.01902222469328762,2,0.9615963942414781,0.9888117538446887
2. Alzhimers,ForestDiffusion,Random Forest,Precision,TSTR,0.9887212001917887,0.01382508701882397,2,0.9788313287169832,0.9986110716665941
2. Alzhimers,ForestDiffusion,Random Forest,Recall,TRTR,0.9297297297297298,0.03243243243243243,2,0.906528965211189,0.9529304942482706
2. Alzhimers,ForestDiffusion,Random Forest,Recall,TSTR,0.9324324324324325,0.03471684480720305,2,0.9075974977454743,0.9572673671193906
2. Alzhimers,ForestDiffusion,SVM-RBF,Accuracy,TRTR,0.9573333333333333,0.01959591794226543,2,0.9433152581041528,0.9713514085625137
2. Alzhimers,ForestDiffusion,SVM-RBF,Accuracy,TSTR,0.9573333333333333,0.01959591794226543,2,0.9433152581041528,0.9713514085625137
2. Alzhimers,ForestDiffusion,SVM-RBF,F1,TRTR,0.9549442804586885,0.02156270877056382,2,0.9395192478278503,0.9703693130895267
2. Alzhimers,ForestDiffusion,SVM-RBF,F1,TSTR,0.9549442804586885,0.02156270877056382,2,0.9395192478278503,0.9703693130895267
2. Alzhimers,ForestDiffusion,SVM-RBF,Precision,TRTR,0.9886418351124234,0.01392151593083359,2,0.978682982549475,0.9986006876753719
2. Alzhimers,ForestDiffusion,SVM-RBF,Precision,TSTR,0.9886418351124234,0.01392151593083359,2,0.978682982549475,0.9986006876753719
2. Alzhimers,ForestDiffusion,SVM-RBF,Recall,TRTR,0.9243243243243244,0.03783783783783785,2,0.8972567657193602,0.9513918829292887
2. Alzhimers,ForestDiffusion,SVM-RBF,Recall,TSTR,0.9243243243243244,0.03783783783783785,2,0.8972567657193602,0.9513918829292887
2. Alzhimers,GaussianCopula,AdaBoost,Accuracy,TRTR,0.9493333333333334,0.0258542925728871,2,0.9308382865918755,0.9678283800747912
2. Alzhimers,GaussianCopula,AdaBoost,Accuracy,TSTR,0.8733333333333333,0.03590109871423003,2,0.8476512344355397,0.8990154322311269
2. Alzhimers,GaussianCopula,AdaBoost,F1,TRTR,0.9471443985093639,0.02807031046294366,2,0.9270641080664604,0.9672246889522674
2. Alzhimers,GaussianCopula,AdaBoost,F1,TSTR,0.8771335511335512,0.03307841944123231,2,0.8534706753470866,0.9007964269200157
2. Alzhimers,GaussianCopula,AdaBoost,Precision,TRTR,0.9674413598097809,0.02864768705787136,2,0.9469480390323398,0.9879346805872219
2. Alzhimers,GaussianCopula,AdaBoost,Precision,TSTR,0.8453523615522769,0.04616498622831192,2,0.8123279198389973,0.8783768032655564
2. Alzhimers,GaussianCopula,AdaBoost,Recall,TRTR,0.9297297297297298,0.05012766754322002,2,0.8938705565715998,0.9655889028878598
2. Alzhimers,GaussianCopula,AdaBoost,Recall,TSTR,0.9135135135135137,0.03972145528837587,2,0.8850984961570669,0.9419285308699605
2. Alzhimers,GaussianCopula,Decision Tree,Accuracy,TRTR,0.9066666666666666,0.04580150409951377,2,0.8739022444044262,0.939431088928907
2. Alzhimers,GaussianCopula,Decision Tree,Accuracy,TSTR,0.5906666666666667,0.05751907896032798,2,0.5495199963063074,0.6318133370270259
2. Alzhimers,GaussianCopula,Decision Tree,F1,TRTR,0.9091850229600009,0.04235604543369281,2,0.8788853333486528,0.939484712571349
2. Alzhimers,GaussianCopula,Decision Tree,F1,TSTR,0.6055146189323861,0.05776509116063189,2,0.5641919620455821,0.6468372758191901
2. Alzhimers,GaussianCopula,Decision Tree,Precision,TRTR,0.889508683313031,0.06924353342860282,2,0.8399748434798455,0.9390425231462165
2. Alzhimers,GaussianCopula,Decision Tree,Precision,TSTR,0.5783833486236643,0.05253445918245728,2,0.5408024604451309,0.6159642368021976
2. Alzhimers,GaussianCopula,Decision Tree,Recall,TRTR,0.9324324324324325,0.02769446152962055,2,0.91262100811959,0.9522438567452749
2. Alzhimers,GaussianCopula,Decision Tree,Recall,TSTR,0.6405405405405405,0.08803512148595855,2,0.5775640084160376,0.7035170726650435
2. Alzhimers,GaussianCopula,Extra Trees,Accuracy,TRTR,0.9479999999999998,0.01627540748764492,2,0.9363572748559387,0.959642725144061
2. Alzhimers,GaussianCopula,Extra Trees,Accuracy,TSTR,0.8719999999999999,0.03276854860651866,2,0.8485587924551121,0.8954412075448877
2. Alzhimers,GaussianCopula,Extra Trees,F1,TRTR,0.9457327984769963,0.01805025421338715,2,0.9328204244706046,0.958645172483388
2. Alzhimers,GaussianCopula,Extra Trees,F1,TSTR,0.877625126236244,0.03018335958778251,2,0.8560332515091944,0.8992170009632936
2. Alzhimers,GaussianCopula,Extra Trees,Precision,TRTR,0.9695691534081627,0.01907251128167408,2,0.9559255007482766,0.9832128060680488
2. Alzhimers,GaussianCopula,Extra Trees,Precision,TSTR,0.8324641581462666,0.03724699900081904,2,0.8058192601836899,0.8591090561088434
2. Alzhimers,GaussianCopula,Extra Trees,Recall,TRTR,0.9243243243243244,0.03783783783783785,2,0.8972567657193602,0.9513918829292887
2. Alzhimers,GaussianCopula,Extra Trees,Recall,TSTR,0.9297297297297298,0.04221756581571164,2,0.8995291024694432,0.9599303569900164
2. Alzhimers,GaussianCopula,Gradient Boosting,Accuracy,TRTR,0.9453333333333334,0.02186829262247564,2,0.9296896991836715,0.9609769674829952
2. Alzhimers,GaussianCopula,Gradient Boosting,Accuracy,TSTR,0.7933333333333333,0.04853406592853682,2,0.7586141540956611,0.8280525125710055
2. Alzhimers,GaussianCopula,Gradient Boosting,F1,TRTR,0.9434358295745456,0.02290830453192941,2,0.927048215723146,0.9598234434259453
2. Alzhimers,GaussianCopula,Gradient Boosting,F1,TSTR,0.7969033287880045,0.05158883319152006,2,0.7599989006925701,0.8338077568834389
2. Alzhimers,GaussianCopula,Gradient Boosting,Precision,TRTR,0.9621073821073821,0.03145211250564695,2,0.9396078962185453,0.9846068679962189
2. Alzhimers,GaussianCopula,Gradient Boosting,Precision,TSTR,0.776453756941373,0.0641380603369301,2,0.7305721525426532,0.8223353613400928
2. Alzhimers,GaussianCopula,Gradient Boosting,Recall,TRTR,0.927027027027027,0.03831742399664279,2,0.8996163931513452,0.9544376609027088
2. Alzhimers,GaussianCopula,Gradient Boosting,Recall,TSTR,0.8297297297297298,0.09897207256000301,2,0.7589293741239526,0.900530085335507
2. Alzhimers,GaussianCopula,KNN,Accuracy,TRTR,0.916,0.02924228293261507,2,0.8950813309572889,0.9369186690427111
2. Alzhimers,GaussianCopula,KNN,Accuracy,TSTR,0.7906666666666666,0.02735771270491092,2,0.7710961379511636,0.8102371953821697
2. Alzhimers,GaussianCopula,KNN,F1,TRTR,0.9106235622271077,0.03519628885402667,2,0.8854456539302193,0.9358014705239961
2. Alzhimers,GaussianCopula,KNN,F1,TSTR,0.7977322383839607,0.03004924157987755,2,0.7762363059000833,0.8192281708678381
2. Alzhimers,GaussianCopula,KNN,Precision,TRTR,0.9512569712569713,0.04457152412772801,2,0.9193724236617751,0.9831415188521675
2. Alzhimers,GaussianCopula,KNN,Precision,TSTR,0.7612874117752166,0.02677372767293303,2,0.7421346407853329,0.7804401827651004
2. Alzhimers,GaussianCopula,KNN,Recall,TRTR,0.8783783783783784,0.06756756756756757,2,0.8300434522980852,0.9267133044586716
2. Alzhimers,GaussianCopula,KNN,Recall,TSTR,0.8405405405405405,0.05976579564188104,2,0.797786665886233,0.883294415194848
2. Alzhimers,GaussianCopula,Logistic Regression,Accuracy,TRTR,0.9559999999999998,0.02235073948565364,2,0.9400112441549913,0.9719887558450084
2. Alzhimers,GaussianCopula,Logistic Regression,Accuracy,TSTR,0.8933333333333333,0.01977652929892176,2,0.8791860565228689,0.9074806101437978
2. Alzhimers,GaussianCopula,Logistic Regression,F1,TRTR,0.9533200486764233,0.02507909177402514,2,0.9353795471799591,0.9712605501728875
2. Alzhimers,GaussianCopula,Logistic Regression,F1,TSTR,0.8954698490950486,0.01961077446156961,2,0.8814411461521849,0.9094985520379122
2. Alzhimers,GaussianCopula,Logistic Regression,Precision,TRTR,0.9886418351124234,0.01392151593083359,2,0.978682982549475,0.9986006876753719
2. Alzhimers,GaussianCopula,Logistic Regression,Precision,TSTR,0.8668210904058145,0.02365608021913197,2,0.8498985500524442,0.8837436307591847
2. Alzhimers,GaussianCopula,Logistic Regression,Recall,TRTR,0.9216216216216218,0.04432762018069385,2,0.8899115523993343,0.9533316908439092
2. Alzhimers,GaussianCopula,Logistic Regression,Recall,TSTR,0.9270270270270272,0.03209281645145384,2,0.9040692091458635,0.9499848449081909
2. Alzhimers,GaussianCopula,MLP,Accuracy,TRTR,0.9386666666666666,0.02809507667427396,2,0.9185686595434528,0.9587646737898805
2. Alzhimers,GaussianCopula,MLP,Accuracy,TSTR,0.7906666666666666,0.0434306599330729,2,0.7595982441519118,0.8217350891814215
2. Alzhimers,GaussianCopula,MLP,F1,TRTR,0.9368746605327736,0.0301395105853278,2,0.9153141534924507,0.9584351675730964
2. Alzhimers,GaussianCopula,MLP,F1,TSTR,0.8070744000387196,0.04107764090525173,2,0.7776892259354387,0.8364595741420005
2. Alzhimers,GaussianCopula,MLP,Precision,TRTR,0.9485001062672286,0.03246548163303751,2,0.9252756997747976,0.9717245127596595
2. Alzhimers,GaussianCopula,MLP,Precision,TSTR,0.740951260368521,0.04341292619891954,2,0.7098955238029617,0.7720069969340803
2. Alzhimers,GaussianCopula,MLP,Recall,TRTR,0.927027027027027,0.04530555301146002,2,0.8946173868006583,0.9594366672533957
2. Alzhimers,GaussianCopula,MLP,Recall,TSTR,0.8891891891891893,0.06332634872356747,2,0.8438882482987594,0.9344901300796192
2. Alzhimers,GaussianCopula,Naive Bayes,Accuracy,TRTR,0.9546666666666667,0.0170749979664876,2,0.9424519489516029,0.9668813843817304
2. Alzhimers,GaussianCopula,Naive Bayes,Accuracy,TSTR,0.9200000000000002,0.02385139175999776,2,0.9029377421870524,0.9370622578129479
2. Alzhimers,GaussianCopula,Naive Bayes,F1,TRTR,0.9526820073843034,0.01853939000672906,2,0.9394197267101786,0.9659442880584282
2. Alzhimers,GaussianCopula,Naive Bayes,F1,TSTR,0.9203112618375775,0.02345086984479022,2,0.9035355201426731,0.9370870035324819
2. Alzhimers,GaussianCopula,Naive Bayes,Precision,TRTR,0.9775705964096056,0.01630136615858147,2,0.9659093015510197,0.9892318912681916
2. Alzhimers,GaussianCopula,Naive Bayes,Precision,TSTR,0.9070202241062318,0.03494229492416021,2,0.8820240121211526,0.9320164360913111
2. Alzhimers,GaussianCopula,Naive Bayes,Recall,TRTR,0.9297297297297298,0.03243243243243243,2,0.906528965211189,0.9529304942482706
2. Alzhimers,GaussianCopula,Naive Bayes,Recall,TSTR,0.9351351351351351,0.030096023582865,2,0.9136057368223447,0.9566645334479256
2. Alzhimers,GaussianCopula,Random Forest,Accuracy,TRTR,0.9533333333333331,0.01366260102127946,2,0.9435596973389976,0.9631069693276687
2. Alzhimers,GaussianCopula,Random Forest,Accuracy,TSTR,0.8453333333333333,0.04548992562461862,2,0.8127918008848664,0.8778748657818002
2. Alzhimers,GaussianCopula,Random Forest,F1,TRTR,0.9513798805474434,0.01493412066788913,2,0.9406966541928057,0.9620631069020811
2. Alzhimers,GaussianCopula,Random Forest,F1,TSTR,0.8510964957569349,0.04285987819193272,2,0.8204363859025168,0.881756605611353
2. Alzhimers,GaussianCopula,Random Forest,Precision,TRTR,0.9752040740430834,0.01902222469328762,2,0.9615963942414781,0.9888117538446887
2. Alzhimers,GaussianCopula,Random Forest,Precision,TSTR,0.8139905148856601,0.05284786514860735,2,0.7761854295848634,0.8517956001864568
2. Alzhimers,GaussianCopula,Random Forest,Recall,TRTR,0.9297297297297298,0.03243243243243243,2,0.906528965211189,0.9529304942482706
2. Alzhimers,GaussianCopula,Random Forest,Recall,TSTR,0.8945945945945946,0.05465877950312618,2,0.8554940592041393,0.9336951299850498
2. Alzhimers,GaussianCopula,SVM-RBF,Accuracy,TRTR,0.9546666666666666,0.02324746103221695,2,0.9380364348705753,0.9712968984627578
2. Alzhimers,GaussianCopula,SVM-RBF,Accuracy,TSTR,0.8733333333333334,0.03169297153067924,2,0.8506615472775702,0.8960051193890967
2. Alzhimers,GaussianCopula,SVM-RBF,F1,TRTR,0.9518333507108521,0.02598545684199671,2,0.9332444747036678,0.9704222267180364
2. Alzhimers,GaussianCopula,SVM-RBF,F1,TSTR,0.8790627124258128,0.02922796226953373,2,0.8581542877683352,0.8999711370832904
2. Alzhimers,GaussianCopula,SVM-RBF,Precision,TRTR,0.9885578014989781,0.01402730003027083,2,0.9785232755499534,0.9985923274480027
2. Alzhimers,GaussianCopula,SVM-RBF,Precision,TSTR,0.8349089959640157,0.04460239284710538,2,0.8030023662172339,0.8668156257107975
2. Alzhimers,GaussianCopula,SVM-RBF,Recall,TRTR,0.918918918918919,0.04522486629913922,2,0.8865669984894304,0.9512708393484075
2. Alzhimers,GaussianCopula,SVM-RBF,Recall,TSTR,0.9297297297297298,0.030096023582865,2,0.9082003314169393,0.9512591280425202
2. Alzhimers,TVAE,AdaBoost,Accuracy,TRTR,0.9493333333333334,0.0258542925728871,2,0.9308382865918755,0.9678283800747912
2. Alzhimers,TVAE,AdaBoost,Accuracy,TSTR,0.8973333333333333,0.02462158041682585,2,0.8797201157458097,0.914946550920857
2. Alzhimers,TVAE,AdaBoost,F1,TRTR,0.9471443985093639,0.02807031046294366,2,0.9270641080664604,0.9672246889522674
2. Alzhimers,TVAE,AdaBoost,F1,TSTR,0.8997196557534111,0.02308319742925766,2,0.8832069310600993,0.9162323804467228
2. Alzhimers,TVAE,AdaBoost,Precision,TRTR,0.9674413598097809,0.02864768705787136,2,0.9469480390323398,0.9879346805872219
2. Alzhimers,TVAE,AdaBoost,Precision,TSTR,0.8707876420841762,0.03595519516591249,2,0.8450668449160822,0.8965084392522703
2. Alzhimers,TVAE,AdaBoost,Recall,TRTR,0.9297297297297298,0.05012766754322002,2,0.8938705565715998,0.9655889028878598
2. Alzhimers,TVAE,AdaBoost,Recall,TSTR,0.9324324324324325,0.03471684480720306,2,0.9075974977454743,0.9572673671193906
2. Alzhimers,TVAE,Decision Tree,Accuracy,TRTR,0.9066666666666666,0.04580150409951377,2,0.8739022444044262,0.939431088928907
2. Alzhimers,TVAE,Decision Tree,Accuracy,TSTR,0.7933333333333333,0.04351245032554859,2,0.7622064014964776,0.8244602651701891
2. Alzhimers,TVAE,Decision Tree,F1,TRTR,0.9091850229600009,0.04235604543369281,2,0.8788853333486528,0.939484712571349
2. Alzhimers,TVAE,Decision Tree,F1,TSTR,0.8201385981057877,0.03250712127605003,2,0.7968844044071648,0.8433927918044106
2. Alzhimers,TVAE,Decision Tree,Precision,TRTR,0.889508683313031,0.06924353342860282,2,0.8399748434798455,0.9390425231462165
2. Alzhimers,TVAE,Decision Tree,Precision,TSTR,0.7237179639865274,0.04788940620012164,2,0.6894599465375896,0.7579759814354653
2. Alzhimers,TVAE,Decision Tree,Recall,TRTR,0.9324324324324325,0.02769446152962055,2,0.91262100811959,0.9522438567452749
2. Alzhimers,TVAE,Decision Tree,Recall,TSTR,0.9486486486486487,0.02245033476464345,2,0.9325886466330109,0.9647086506642866
2. Alzhimers,TVAE,Extra Trees,Accuracy,TRTR,0.9479999999999998,0.01627540748764492,2,0.9363572748559387,0.959642725144061
2. Alzhimers,TVAE,Extra Trees,Accuracy,TSTR,0.8826666666666666,0.03517574922206111,2,0.8575034515373512,0.907829881795982
2. Alzhimers,TVAE,Extra Trees,F1,TRTR,0.9457327984769963,0.01805025421338715,2,0.9328204244706046,0.958645172483388
2. Alzhimers,TVAE,Extra Trees,F1,TSTR,0.8869836938274644,0.03289804098446848,2,0.8634498530157375,0.9105175346391914
2. Alzhimers,TVAE,Extra Trees,Precision,TRTR,0.9695691534081627,0.01907251128167408,2,0.9559255007482766,0.9832128060680488
2. Alzhimers,TVAE,Extra Trees,Precision,TSTR,0.8490791155358878,0.0455651183291642,2,0.8164837934669442,0.8816744376048313
2. Alzhimers,TVAE,Extra Trees,Recall,TRTR,0.9243243243243244,0.03783783783783785,2,0.8972567657193602,0.9513918829292887
2. Alzhimers,TVAE,Extra Trees,Recall,TSTR,0.9297297297297298,0.03243243243243243,2,0.906528965211189,0.9529304942482706
2. Alzhimers,TVAE,Gradient Boosting,Accuracy,TRTR,0.9453333333333334,0.02186829262247564,2,0.9296896991836715,0.9609769674829952
2. Alzhimers,TVAE,Gradient Boosting,Accuracy,TSTR,0.8453333333333333,0.03827386691841955,2,0.8179538583143632,0.8727128083523034
2. Alzhimers,TVAE,Gradient Boosting,F1,TRTR,0.9434358295745456,0.02290830453192941,2,0.927048215723146,0.9598234434259453
2. Alzhimers,TVAE,Gradient Boosting,F1,TSTR,0.8562757138119904,0.03470695572332681,2,0.831447853349477,0.8811035742745038
2. Alzhimers,TVAE,Gradient Boosting,Precision,TRTR,0.9621073821073821,0.03145211250564695,2,0.9396078962185453,0.9846068679962189
2. Alzhimers,TVAE,Gradient Boosting,Precision,TSTR,0.791860465116279,0.03694174335554341,2,0.7654339338876422,0.8182869963449159
2. Alzhimers,TVAE,Gradient Boosting,Recall,TRTR,0.927027027027027,0.03831742399664279,2,0.8996163931513452,0.9544376609027088
2. Alzhimers,TVAE,Gradient Boosting,Recall,TSTR,0.9324324324324325,0.03471684480720305,2,0.9075974977454743,0.9572673671193906
2. Alzhimers,TVAE,KNN,Accuracy,TRTR,0.916,0.02924228293261507,2,0.8950813309572889,0.9369186690427111
2. Alzhimers,TVAE,KNN,Accuracy,TSTR,0.868,0.04235301379804957,2,0.8377024790901457,0.8982975209098543
2. Alzhimers,TVAE,KNN,F1,TRTR,0.9106235622271077,0.03519628885402667,2,0.8854456539302193,0.9358014705239961
2. Alzhimers,TVAE,KNN,F1,TSTR,0.8717334480905434,0.0436548631778286,2,0.8405046402363077,0.9029622559447792
2. Alzhimers,TVAE,KNN,Precision,TRTR,0.9512569712569713,0.04457152412772801,2,0.9193724236617751,0.9831415188521675
2. Alzhimers,TVAE,KNN,Precision,TSTR,0.8345206764173388,0.03715726291248089,2,0.8079399717852712,0.8611013810494065
2. Alzhimers,TVAE,KNN,Recall,TRTR,0.8783783783783784,0.06756756756756757,2,0.8300434522980852,0.9267133044586716
2. Alzhimers,TVAE,KNN,Recall,TSTR,0.9135135135135135,0.05896601143046332,2,0.8713317700181442,0.9556952570088828
2. Alzhimers,TVAE,Logistic Regression,Accuracy,TRTR,0.9559999999999998,0.02235073948565364,2,0.9400112441549913,0.9719887558450084
2. Alzhimers,TVAE,Logistic Regression,Accuracy,TSTR,0.9013333333333333,0.02324746103221692,2,0.8847031015372421,0.9179635651294246
2. Alzhimers,TVAE,Logistic Regression,F1,TRTR,0.9533200486764233,0.02507909177402514,2,0.9353795471799591,0.9712605501728875
2. Alzhimers,TVAE,Logistic Regression,F1,TSTR,0.9033631740689867,0.02259317599878628,2,0.8872009895900449,0.9195253585479285
2. Alzhimers,TVAE,Logistic Regression,Precision,TRTR,0.9886418351124234,0.01392151593083359,2,0.978682982549475,0.9986006876753719
2. Alzhimers,TVAE,Logistic Regression,Precision,TSTR,0.8745007844815291,0.02731715207812539,2,0.8549592710905084,0.8940422978725499
2. Alzhimers,TVAE,Logistic Regression,Recall,TRTR,0.9216216216216218,0.04432762018069385,2,0.8899115523993343,0.9533316908439092
2. Alzhimers,TVAE,Logistic Regression,Recall,TSTR,0.9351351351351352,0.03243243243243243,2,0.9119343706165944,0.958335899653676
2. Alzhimers,TVAE,MLP,Accuracy,TRTR,0.9386666666666666,0.02809507667427396,2,0.9185686595434528,0.9587646737898805
2. Alzhimers,TVAE,MLP,Accuracy,TSTR,0.836,0.05234076380370807,2,0.7985576731483128,0.8734423268516871
2. Alzhimers,TVAE,MLP,F1,TRTR,0.9368746605327736,0.0301395105853278,2,0.9153141534924507,0.9584351675730964
2. Alzhimers,TVAE,MLP,F1,TSTR,0.8488984433288232,0.04490818990437165,2,0.8167730595452951,0.8810238271123514
2. Alzhimers,TVAE,MLP,Precision,TRTR,0.9485001062672286,0.03246548163303751,2,0.9252756997747976,0.9717245127596595
2. Alzhimers,TVAE,MLP,Precision,TSTR,0.7856093225477638,0.06072881337479635,2,0.7421665465076261,0.8290520985879015
2. Alzhimers,TVAE,MLP,Recall,TRTR,0.927027027027027,0.04530555301146002,2,0.8946173868006583,0.9594366672533957
2. Alzhimers,TVAE,MLP,Recall,TSTR,0.927027027027027,0.04990860895302537,2,0.8913245589442088,0.9627294951098452
2. Alzhimers,TVAE,Naive Bayes,Accuracy,TRTR,0.9546666666666667,0.0170749979664876,2,0.9424519489516029,0.9668813843817304
2. Alzhimers,TVAE,Naive Bayes,Accuracy,TSTR,0.9493333333333334,0.01866666666666666,2,0.935980004421551,0.9626866622451157
2. Alzhimers,TVAE,Naive Bayes,F1,TRTR,0.9526820073843034,0.01853939000672906,2,0.9394197267101786,0.9659442880584282
2. Alzhimers,TVAE,Naive Bayes,F1,TSTR,0.947536712867125,0.01983097307557147,2,0.9333504893250462,0.9617229364092039
2. Alzhimers,TVAE,Naive Bayes,Precision,TRTR,0.9775705964096056,0.01630136615858147,2,0.9659093015510197,0.9892318912681916
2. Alzhimers,TVAE,Naive Bayes,Precision,TSTR,0.9671094694778904,0.02593704662353476,2,0.9485552240548033,0.9856637149009776
2. Alzhimers,TVAE,Naive Bayes,Recall,TRTR,0.9297297297297298,0.03243243243243243,2,0.906528965211189,0.9529304942482706
2. Alzhimers,TVAE,Naive Bayes,Recall,TSTR,0.9297297297297298,0.03243243243243243,2,0.906528965211189,0.9529304942482706
2. Alzhimers,TVAE,Random Forest,Accuracy,TRTR,0.9533333333333331,0.01366260102127946,2,0.9435596973389976,0.9631069693276687
2. Alzhimers,TVAE,Random Forest,Accuracy,TSTR,0.8400000000000001,0.03864367132317183,2,0.8123559828462256,0.8676440171537746
2. Alzhimers,TVAE,Random Forest,F1,TRTR,0.9513798805474434,0.01493412066788913,2,0.9406966541928057,0.9620631069020811
2. Alzhimers,TVAE,Random Forest,F1,TSTR,0.8532550026712041,0.0338595887331403,2,0.8290333120370272,0.877476693305381
2. Alzhimers,TVAE,Random Forest,Precision,TRTR,0.9752040740430834,0.01902222469328762,2,0.9615963942414781,0.9888117538446887
2. Alzhimers,TVAE,Random Forest,Precision,TSTR,0.7815240306166021,0.04028433609379618,2,0.7527063525887497,0.8103417086444545
2. Alzhimers,TVAE,Random Forest,Recall,TRTR,0.9297297297297298,0.03243243243243243,2,0.906528965211189,0.9529304942482706
2. Alzhimers,TVAE,Random Forest,Recall,TSTR,0.9405405405405405,0.0358554031389773,2,0.9148911302880771,0.9661899507930038
2. Alzhimers,TVAE,SVM-RBF,Accuracy,TRTR,0.9546666666666666,0.02324746103221695,2,0.9380364348705753,0.9712968984627578
2. Alzhimers,TVAE,SVM-RBF,Accuracy,TSTR,0.9053333333333334,0.01927577639306796,2,0.8915442735722653,0.9191223930944016
2. Alzhimers,TVAE,SVM-RBF,F1,TRTR,0.9518333507108521,0.02598545684199671,2,0.9332444747036678,0.9704222267180364
2. Alzhimers,TVAE,SVM-RBF,F1,TSTR,0.905662369579345,0.02047353548898972,2,0.8910164845772989,0.9203082545813911
2. Alzhimers,TVAE,SVM-RBF,Precision,TRTR,0.9885578014989781,0.01402730003027083,2,0.9785232755499534,0.9985923274480027
2. Alzhimers,TVAE,SVM-RBF,Precision,TSTR,0.8886854978341047,0.01748107181510726,2,0.8761802923870896,0.9011907032811197
2. Alzhimers,TVAE,SVM-RBF,Recall,TRTR,0.918918918918919,0.04522486629913922,2,0.8865669984894304,0.9512708393484075
2. Alzhimers,TVAE,SVM-RBF,Recall,TSTR,0.9243243243243244,0.03783783783783785,2,0.8972567657193602,0.9513918829292887
2. Alzhimers,TabDDPM,AdaBoost,Accuracy,TRTR,0.9493333333333334,0.0258542925728871,2,0.9308382865918755,0.9678283800747912
2. Alzhimers,TabDDPM,AdaBoost,Accuracy,TSTR,0.588,0.07807688518377254,2,0.5321471609857296,0.6438528390142704
2. Alzhimers,TabDDPM,AdaBoost,F1,TRTR,0.9471443985093639,0.02807031046294366,2,0.9270641080664604,0.9672246889522674
2. Alzhimers,TabDDPM,AdaBoost,F1,TSTR,0.4952854919834154,0.09531935715656055,2,0.42709813156710075,0.5634728523997301
2. Alzhimers,TabDDPM,AdaBoost,Precision,TRTR,0.9674413598097809,0.02864768705787136,2,0.9469480390323398,0.9879346805872219
2. Alzhimers,TabDDPM,AdaBoost,Precision,TSTR,0.6319471563295094,0.1346701238878538,2,0.5356099531760279,0.7282843594829909
2. Alzhimers,TabDDPM,AdaBoost,Recall,TRTR,0.9297297297297298,0.05012766754322002,2,0.8938705565715998,0.9655889028878598
2. Alzhimers,TabDDPM,AdaBoost,Recall,TSTR,0.4108108108108108,0.0852958585841054,2,0.34979382932046615,0.4718277923011554
2. Alzhimers,TabDDPM,Decision Tree,Accuracy,TRTR,0.9066666666666666,0.04580150409951377,2,0.8739022444044262,0.939431088928907
2. Alzhimers,TabDDPM,Decision Tree,Accuracy,TSTR,0.5093333333333333,0.02133333333333333,2,0.49407238600558206,0.5245942806610846
2. Alzhimers,TabDDPM,Decision Tree,F1,TRTR,0.9091850229600009,0.04235604543369281,2,0.8788853333486528,0.939484712571349
2. Alzhimers,TabDDPM,Decision Tree,F1,TSTR,0.4917474116830446,0.04548098950173056,2,0.45921227175179846,0.5242825516142907
2. Alzhimers,TabDDPM,Decision Tree,Precision,TRTR,0.889508683313031,0.06924353342860282,2,0.8399748434798455,0.9390425231462165
2. Alzhimers,TabDDPM,Decision Tree,Precision,TSTR,0.5019145190771878,0.021382753854929,2,0.4866182184380155,0.5172108197163601
2. Alzhimers,TabDDPM,Decision Tree,Recall,TRTR,0.9324324324324325,0.02769446152962055,2,0.91262100811959,0.9522438567452749
2. Alzhimers,TabDDPM,Decision Tree,Recall,TSTR,0.4864864864864865,0.07644397634449161,2,0.43180176008724513,0.5411712128857279
2. Alzhimers,TabDDPM,Extra Trees,Accuracy,TRTR,0.9479999999999998,0.01627540748764492,2,0.9363572748559387,0.959642725144061
2. Alzhimers,TabDDPM,Extra Trees,Accuracy,TSTR,0.5213333333333334,0.06598316283551263,2,0.47413182211999627,0.5685348445466706
2. Alzhimers,TabDDPM,Extra Trees,F1,TRTR,0.9457327984769963,0.01805025421338715,2,0.9328204244706046,0.958645172483388
2. Alzhimers,TabDDPM,Extra Trees,F1,TSTR,0.4142813933258118,0.09950847439886906,2,0.3430973189602169,0.48546546769140675
2. Alzhimers,TabDDPM,Extra Trees,Precision,TRTR,0.9695691534081627,0.01907251128167408,2,0.9559255007482766,0.9832128060680488
2. Alzhimers,TabDDPM,Extra Trees,Precision,TSTR,0.5159377172535067,0.0987016295169273,2,0.44533082494627013,0.5865446095607432
2. Alzhimers,TabDDPM,Extra Trees,Recall,TRTR,0.9243243243243244,0.03783783783783785,2,0.8972567657193602,0.9513918829292887
2. Alzhimers,TabDDPM,Extra Trees,Recall,TSTR,0.3486486486486486,0.09703417876224996,2,0.27923457875416596,0.4180627185431312
2. Alzhimers,TabDDPM,Gradient Boosting,Accuracy,TRTR,0.9453333333333334,0.02186829262247564,2,0.9296896991836715,0.9609769674829952
2. Alzhimers,TabDDPM,Gradient Boosting,Accuracy,TSTR,0.5693333333333334,0.03820413008505175,2,0.5420037450397147,0.596662921626952
2. Alzhimers,TabDDPM,Gradient Boosting,F1,TRTR,0.9434358295745456,0.02290830453192941,2,0.927048215723146,0.9598234434259453
2. Alzhimers,TabDDPM,Gradient Boosting,F1,TSTR,0.4665383026983773,0.06688598596345967,2,0.41869095072557727,0.5143856546711774
2. Alzhimers,TabDDPM,Gradient Boosting,Precision,TRTR,0.9621073821073821,0.03145211250564695,2,0.9396078962185453,0.9846068679962189
2. Alzhimers,TabDDPM,Gradient Boosting,Precision,TSTR,0.5976570423041011,0.05875270115468078,2,0.5556278917876311,0.6396861928205712
2. Alzhimers,TabDDPM,Gradient Boosting,Recall,TRTR,0.927027027027027,0.03831742399664279,2,0.8996163931513452,0.9544376609027088
2. Alzhimers,TabDDPM,Gradient Boosting,Recall,TSTR,0.3864864864864865,0.07357112210170919,2,0.33385687620971743,0.4391160967632555
2. Alzhimers,TabDDPM,KNN,Accuracy,TRTR,0.916,0.02924228293261507,2,0.8950813309572889,0.9369186690427111
2. Alzhimers,TabDDPM,KNN,Accuracy,TSTR,0.5200000000000001,0.04216370213557839,2,0.4898379044952788,0.5501620955047215
2. Alzhimers,TabDDPM,KNN,F1,TRTR,0.9106235622271077,0.03519628885402667,2,0.8854456539302193,0.9358014705239961
2. Alzhimers,TabDDPM,KNN,F1,TSTR,0.4672312094126575,0.04261969382271548,2,0.43674291710546936,0.49771950171984564
2. Alzhimers,TabDDPM,KNN,Precision,TRTR,0.9512569712569713,0.04457152412772801,2,0.9193724236617751,0.9831415188521675
2. Alzhimers,TabDDPM,KNN,Precision,TSTR,0.5185386059065147,0.05039762825351469,2,0.48248631448992985,0.5545908973230995
2. Alzhimers,TabDDPM,KNN,Recall,TRTR,0.8783783783783784,0.06756756756756757,2,0.8300434522980852,0.9267133044586716
2. Alzhimers,TabDDPM,KNN,Recall,TSTR,0.427027027027027,0.04490066952928689,2,0.39490702299575137,0.4591470310583026
2. Alzhimers,TabDDPM,Logistic Regression,Accuracy,TRTR,0.9559999999999998,0.02235073948565364,2,0.9400112441549913,0.9719887558450084
2. Alzhimers,TabDDPM,Logistic Regression,Accuracy,TSTR,0.5200000000000001,0.03955305859784353,2,0.49170544637907126,0.5482945536209289
2. Alzhimers,TabDDPM,Logistic Regression,F1,TRTR,0.9533200486764233,0.02507909177402514,2,0.9353795471799591,0.9712605501728875
2. Alzhimers,TabDDPM,Logistic Regression,F1,TSTR,0.1648229171579141,0.09403041091051378,2,0.09755761334015672,0.2320882209756715
2. Alzhimers,TabDDPM,Logistic Regression,Precision,TRTR,0.9886418351124234,0.01392151593083359,2,0.978682982549475,0.9986006876753719
2. Alzhimers,TabDDPM,Logistic Regression,Precision,TSTR,0.6543803418803419,0.2492735674639203,2,0.47606077391467616,0.8326999098460076
2. Alzhimers,TabDDPM,Logistic Regression,Recall,TRTR,0.9216216216216218,0.04432762018069385,2,0.8899115523993343,0.9533316908439092
2. Alzhimers,TabDDPM,Logistic Regression,Recall,TSTR,0.1,0.06049467374486323,2,0.056724717361100574,0.14327528263889944
2. Alzhimers,TabDDPM,MLP,Accuracy,TRTR,0.9386666666666666,0.02809507667427396,2,0.9185686595434528,0.9587646737898805
2. Alzhimers,TabDDPM,MLP,Accuracy,TSTR,0.4666666666666667,0.05198290317231447,2,0.42948033788902834,0.5038529954443051
2. Alzhimers,TabDDPM,MLP,F1,TRTR,0.9368746605327736,0.0301395105853278,2,0.9153141534924507,0.9584351675730964
2. Alzhimers,TabDDPM,MLP,F1,TSTR,0.381188188267436,0.06749667957709082,2,0.3329039724006819,0.4294724041341901
2. Alzhimers,TabDDPM,MLP,Precision,TRTR,0.9485001062672286,0.03246548163303751,2,0.9252756997747976,0.9717245127596595
2. Alzhimers,TabDDPM,MLP,Precision,TSTR,0.4459420829741657,0.07442553174320657,2,0.3927012648598085,0.4991829010885229
2. Alzhimers,TabDDPM,MLP,Recall,TRTR,0.927027027027027,0.04530555301146002,2,0.8946173868006583,0.9594366672533957
2. Alzhimers,TabDDPM,MLP,Recall,TSTR,0.3351351351351352,0.06858690562405147,2,0.2860710185365995,0.3841992517336709
2. Alzhimers,TabDDPM,Naive Bayes,Accuracy,TRTR,0.9546666666666667,0.0170749979664876,2,0.9424519489516029,0.9668813843817304
2. Alzhimers,TabDDPM,Naive Bayes,Accuracy,TSTR,0.5693333333333334,0.03957552554574888,2,0.5410227078260639,0.5976439588406028
2. Alzhimers,TabDDPM,Naive Bayes,F1,TRTR,0.9526820073843034,0.01853939000672906,2,0.9394197267101786,0.9659442880584282
2. Alzhimers,TabDDPM,Naive Bayes,F1,TSTR,0.281880441520921,0.1272531044224129,2,0.19084905446389258,0.37291182857794947
2. Alzhimers,TabDDPM,Naive Bayes,Precision,TRTR,0.9775705964096056,0.01630136615858147,2,0.9659093015510197,0.9892318912681916
2. Alzhimers,TabDDPM,Naive Bayes,Precision,TSTR,0.8423852813852812,0.1718049744661832,2,0.7194834064177467,0.9652871563528158
2. Alzhimers,TabDDPM,Naive Bayes,Recall,TRTR,0.9297297297297298,0.03243243243243243,2,0.906528965211189,0.9529304942482706
2. Alzhimers,TabDDPM,Naive Bayes,Recall,TSTR,0.1837837837837838,0.1024178125486293,2,0.11051849428090256,0.25704907328666504
2. Alzhimers,TabDDPM,Random Forest,Accuracy,TRTR,0.9533333333333331,0.01366260102127946,2,0.9435596973389976,0.9631069693276687
2. Alzhimers,TabDDPM,Random Forest,Accuracy,TSTR,0.5373333333333333,0.04260412082312123,2,0.5068561812789519,0.5678104853877147
2. Alzhimers,TabDDPM,Random Forest,F1,TRTR,0.9513798805474434,0.01493412066788913,2,0.9406966541928057,0.9620631069020811
2. Alzhimers,TabDDPM,Random Forest,F1,TSTR,0.4338927624648122,0.06325484813902747,2,0.3886429700113152,0.47914255491830915
2. Alzhimers,TabDDPM,Random Forest,Precision,TRTR,0.9752040740430834,0.01902222469328762,2,0.9615963942414781,0.9888117538446887
2. Alzhimers,TabDDPM,Random Forest,Precision,TSTR,0.5459838648962071,0.06521458701907638,2,0.49933215970093325,0.5926355700914809
2. Alzhimers,TabDDPM,Random Forest,Recall,TRTR,0.9297297297297298,0.03243243243243243,2,0.906528965211189,0.9529304942482706
2. Alzhimers,TabDDPM,Random Forest,Recall,TSTR,0.3621621621621622,0.0664227336618622,2,0.3146462009225249,0.4096781234017995
2. Alzhimers,TabDDPM,SVM-RBF,Accuracy,TRTR,0.9573333333333333,0.01959591794226543,2,0.9433152581041528,0.9713514085625137
2. Alzhimers,TabDDPM,SVM-RBF,Accuracy,TSTR,0.5186666666666667,0.03975480404233486,2,0.4902277930487693,0.5471055402845642
2. Alzhimers,TabDDPM,SVM-RBF,F1,TRTR,0.9549442804586885,0.02156270877056382,2,0.9395192478278503,0.9703693130895267
2. Alzhimers,TabDDPM,SVM-RBF,F1,TSTR,0.1652858413018168,0.08803906963005416,2,0.10230648484516924,0.22826519775846438
2. Alzhimers,TabDDPM,SVM-RBF,Precision,TRTR,0.9886418351124234,0.01392151593083359,2,0.978682982549475,0.9986006876753719
2. Alzhimers,TabDDPM,SVM-RBF,Precision,TSTR,0.6571581196581197,0.239772939722718,2,0.48563489135834736,0.828681347957892
2. Alzhimers,TabDDPM,SVM-RBF,Recall,TRTR,0.9243243243243244,0.03783783783783785,2,0.8972567657193602,0.9513918829292887
2. Alzhimers,TabDDPM,SVM-RBF,Recall,TSTR,0.1,0.05675675675675676,2,0.05939866209255368,0.14060133790744633
2. Alzhimers,WGAN_GP,AdaBoost,Accuracy,TRTR,0.9493333333333334,0.0258542925728871,2,0.9308382865918755,0.9678283800747912
2. Alzhimers,WGAN_GP,AdaBoost,Accuracy,TSTR,0.8959999999999999,0.0498174445127184,2,0.8603627470291358,0.931637252970864
2. Alzhimers,WGAN_GP,AdaBoost,F1,TRTR,0.9471443985093639,0.02807031046294366,2,0.9270641080664604,0.9672246889522674
2. Alzhimers,WGAN_GP,AdaBoost,F1,TSTR,0.8784596664430225,0.06591235993980626,2,0.8313088045700929,0.9256105283159521
2. Alzhimers,WGAN_GP,AdaBoost,Precision,TRTR,0.9674413598097809,0.02864768705787136,2,0.9469480390323398,0.9879346805872219
2. Alzhimers,WGAN_GP,AdaBoost,Precision,TSTR,1.0,0.0,2,1.0,1.0
2. Alzhimers,WGAN_GP,AdaBoost,Recall,TRTR,0.9297297297297298,0.05012766754322002,2,0.8938705565715998,0.9655889028878598
2. Alzhimers,WGAN_GP,AdaBoost,Recall,TSTR,0.7891891891891893,0.1009813064446995,2,0.7169515142482487,0.86142686413013
2. Alzhimers,WGAN_GP,Decision Tree,Accuracy,TRTR,0.9066666666666666,0.04580150409951377,2,0.8739022444044262,0.939431088928907
2. Alzhimers,WGAN_GP,Decision Tree,Accuracy,TSTR,0.8453333333333335,0.0590893861497609,2,0.8030633328804903,0.8876033337861767
2. Alzhimers,WGAN_GP,Decision Tree,F1,TRTR,0.9091850229600009,0.04235604543369281,2,0.8788853333486528,0.939484712571349
2. Alzhimers,WGAN_GP,Decision Tree,F1,TSTR,0.8088564856210498,0.09238879808320023,2,0.7427655208762702,0.8749474503658294
2. Alzhimers,WGAN_GP,Decision Tree,Precision,TRTR,0.889508683313031,0.06924353342860282,2,0.8399748434798455,0.9390425231462165
2. Alzhimers,WGAN_GP,Decision Tree,Precision,TSTR,0.9923188405797101,0.01552890266230682,2,0.9812101328178082,1.003427548341612
2. Alzhimers,WGAN_GP,Decision Tree,Recall,TRTR,0.9324324324324325,0.02769446152962055,2,0.91262100811959,0.9522438567452749
2. Alzhimers,WGAN_GP,Decision Tree,Recall,TSTR,0.6918918918918919,0.1191643658651276,2,0.6066468398225517,0.7771369439612321
2. Alzhimers,WGAN_GP,Extra Trees,Accuracy,TRTR,0.9479999999999998,0.01627540748764492,2,0.9363572748559387,0.959642725144061
2. Alzhimers,WGAN_GP,Extra Trees,Accuracy,TSTR,0.9066666666666666,0.02859681411936961,2,0.8862097381971107,0.9271235951362226
2. Alzhimers,WGAN_GP,Extra Trees,F1,TRTR,0.9457327984769963,0.01805025421338715,2,0.9328204244706046,0.958645172483388
2. Alzhimers,WGAN_GP,Extra Trees,F1,TSTR,0.8948856353398144,0.03608069298938422,2,0.8690750624370133,0.9206962082426154
2. Alzhimers,WGAN_GP,Extra Trees,Precision,TRTR,0.9695691534081627,0.01907251128167408,2,0.9559255007482766,0.9832128060680488
2. Alzhimers,WGAN_GP,Extra Trees,Precision,TSTR,0.9939170506912444,0.01219379569293362,2,0.9851941347320934,1.0026399666503953
2. Alzhimers,WGAN_GP,Extra Trees,Recall,TRTR,0.9243243243243244,0.03783783783783785,2,0.8972567657193602,0.9513918829292887
2. Alzhimers,WGAN_GP,Extra Trees,Recall,TSTR,0.8162162162162161,0.06139360373838135,2,0.7722978777984535,0.8601345546339787
2. Alzhimers,WGAN_GP,Gradient Boosting,Accuracy,TRTR,0.9453333333333334,0.02186829262247564,2,0.9296896991836715,0.9609769674829952
2. Alzhimers,WGAN_GP,Gradient Boosting,Accuracy,TSTR,0.8786666666666667,0.04749736834815167,2,0.8446890962025444,0.912644237130789
2. Alzhimers,WGAN_GP,Gradient Boosting,F1,TRTR,0.9434358295745456,0.02290830453192941,2,0.927048215723146,0.9598234434259453
2. Alzhimers,WGAN_GP,Gradient Boosting,F1,TSTR,0.85604913657761,0.06820758040513632,2,0.8072563728940407,0.9048419002611792
2. Alzhimers,WGAN_GP,Gradient Boosting,Precision,TRTR,0.9621073821073821,0.03145211250564695,2,0.9396078962185453,0.9846068679962189
2. Alzhimers,WGAN_GP,Gradient Boosting,Precision,TSTR,1.0,0.0,2,1.0,1.0
2. Alzhimers,WGAN_GP,Gradient Boosting,Recall,TRTR,0.927027027027027,0.03831742399664279,2,0.8996163931513452,0.9544376609027088
2. Alzhimers,WGAN_GP,Gradient Boosting,Recall,TSTR,0.754054054054054,0.0962784493543615,2,0.6851806004105628,0.8229275076975452
2. Alzhimers,WGAN_GP,KNN,Accuracy,TRTR,0.916,0.02924228293261507,2,0.8950813309572889,0.9369186690427111
2. Alzhimers,WGAN_GP,KNN,Accuracy,TSTR,0.836,0.02069889959501337,2,0.8211928992283479,0.850807100771652
2. Alzhimers,WGAN_GP,KNN,F1,TRTR,0.9106235622271077,0.03519628885402667,2,0.8854456539302193,0.9358014705239961
2. Alzhimers,WGAN_GP,KNN,F1,TSTR,0.8075857313366079,0.02744750028883062,2,0.787950972452876,0.8272204902203398
2. Alzhimers,WGAN_GP,KNN,Precision,TRTR,0.9512569712569713,0.04457152412772801,2,0.9193724236617751,0.9831415188521675
2. Alzhimers,WGAN_GP,KNN,Precision,TSTR,0.9568234477846547,0.02926239721739739,2,0.9358903898494154,0.9777565057198939
2. Alzhimers,WGAN_GP,KNN,Recall,TRTR,0.8783783783783784,0.06756756756756757,2,0.8300434522980852,0.9267133044586716
2. Alzhimers,WGAN_GP,KNN,Recall,TSTR,0.7000000000000001,0.04089931337951772,2,0.6707423937237807,0.7292576062762194
2. Alzhimers,WGAN_GP,Logistic Regression,Accuracy,TRTR,0.9559999999999998,0.02235073948565364,2,0.9400112441549913,0.9719887558450084
2. Alzhimers,WGAN_GP,Logistic Regression,Accuracy,TSTR,0.8906666666666666,0.04035398920112414,2,0.8617991618074635,0.9195341715258697
2. Alzhimers,WGAN_GP,Logistic Regression,F1,TRTR,0.9533200486764233,0.02507909177402514,2,0.9353795471799591,0.9712605501728875
2. Alzhimers,WGAN_GP,Logistic Regression,F1,TSTR,0.8741456172457713,0.05374740869444842,2,0.8356970372572199,0.9125941972343228
2. Alzhimers,WGAN_GP,Logistic Regression,Precision,TRTR,0.9886418351124234,0.01392151593083359,2,0.978682982549475,0.9986006876753719
2. Alzhimers,WGAN_GP,Logistic Regression,Precision,TSTR,0.9899769585253455,0.01533643391635975,2,0.9790059346100437,1.0009479824406473
2. Alzhimers,WGAN_GP,Logistic Regression,Recall,TRTR,0.9216216216216218,0.04432762018069385,2,0.8899115523993343,0.9533316908439092
2. Alzhimers,WGAN_GP,Logistic Regression,Recall,TSTR,0.7864864864864866,0.08058406224797608,2,0.7288401210448026,0.8441328519281706
2. Alzhimers,WGAN_GP,MLP,Accuracy,TRTR,0.9386666666666666,0.02809507667427396,2,0.9185686595434528,0.9587646737898805
2. Alzhimers,WGAN_GP,MLP,Accuracy,TSTR,0.8786666666666667,0.03235909626536425,2,0.8555183636816969,0.9018149696516365
2. Alzhimers,WGAN_GP,MLP,F1,TRTR,0.9368746605327736,0.0301395105853278,2,0.9153141534924507,0.9584351675730964
2. Alzhimers,WGAN_GP,MLP,F1,TSTR,0.8599857293175708,0.04270741335963237,2,0.8294346862338591,0.8905367724012825
2. Alzhimers,WGAN_GP,MLP,Precision,TRTR,0.9485001062672286,0.03246548163303751,2,0.9252756997747976,0.9717245127596595
2. Alzhimers,WGAN_GP,MLP,Precision,TSTR,0.9867511520737328,0.02173270374799643,2,0.9712045123618048,1.0022977917856606
2. Alzhimers,WGAN_GP,MLP,Recall,TRTR,0.927027027027027,0.04530555301146002,2,0.8946173868006583,0.9594366672533957
2. Alzhimers,WGAN_GP,MLP,Recall,TSTR,0.7648648648648649,0.06514578807131866,2,0.7182623754719943,0.8114673542577355
2. Alzhimers,WGAN_GP,Naive Bayes,Accuracy,TRTR,0.9546666666666667,0.0170749979664876,2,0.9424519489516029,0.9668813843817304
2. Alzhimers,WGAN_GP,Naive Bayes,Accuracy,TSTR,0.8653333333333334,0.03448671241700681,2,0.8406630254409937,0.8900036412256731
2. Alzhimers,WGAN_GP,Naive Bayes,F1,TRTR,0.9526820073843034,0.01853939000672906,2,0.9394197267101786,0.9659442880584282
2. Alzhimers,WGAN_GP,Naive Bayes,F1,TSTR,0.8400201868224917,0.04749418236059465,2,0.8060448954765707,0.8739954781684127
2. Alzhimers,WGAN_GP,Naive Bayes,Precision,TRTR,0.9775705964096056,0.01630136615858147,2,0.9659093015510197,0.9892318912681916
2. Alzhimers,WGAN_GP,Naive Bayes,Precision,TSTR,1.0,0.0,2,1.0,1.0
2. Alzhimers,WGAN_GP,Naive Bayes,Recall,TRTR,0.9297297297297298,0.03243243243243243,2,0.906528965211189,0.9529304942482706
2. Alzhimers,WGAN_GP,Naive Bayes,Recall,TSTR,0.727027027027027,0.0699054981425814,2,0.6770196461641763,0.7770344078898778
2. Alzhimers,WGAN_GP,Random Forest,Accuracy,TRTR,0.9533333333333331,0.01366260102127946,2,0.9435596973389976,0.9631069693276687
2. Alzhimers,WGAN_GP,Random Forest,Accuracy,TSTR,0.9186666666666667,0.03290390047800815,2,0.8951286342257706,0.9422046991075629
2. Alzhimers,WGAN_GP,Random Forest,F1,TRTR,0.9513798805474434,0.01493412066788913,2,0.9406966541928057,0.9620631069020811
2. Alzhimers,WGAN_GP,Random Forest,F1,TSTR,0.9096078812917211,0.04010208482102063,2,0.8809205779704739,0.9382951846129683
2. Alzhimers,WGAN_GP,Random Forest,Precision,TRTR,0.9752040740430834,0.01902222469328762,2,0.9615963942414781,0.9888117538446887
2. Alzhimers,WGAN_GP,Random Forest,Precision,TSTR,0.9906060606060606,0.01437079478955075,2,0.9803258133088142,1.000886307903307
2. Alzhimers,WGAN_GP,Random Forest,Recall,TRTR,0.9297297297297298,0.03243243243243243,2,0.906528965211189,0.9529304942482706
2. Alzhimers,WGAN_GP,Random Forest,Recall,TSTR,0.8432432432432433,0.06486486486486487,2,0.7968417142061618,0.8896447722803248
2. Alzhimers,WGAN_GP,SVM-RBF,Accuracy,TRTR,0.9546666666666666,0.02324746103221695,2,0.9380364348705753,0.9712968984627578
2. Alzhimers,WGAN_GP,SVM-RBF,Accuracy,TSTR,0.8826666666666666,0.04035398920112414,2,0.8537991618074635,0.9115341715258697
2. Alzhimers,WGAN_GP,SVM-RBF,F1,TRTR,0.9518333507108521,0.02598545684199671,2,0.9332444747036678,0.9704222267180364
2. Alzhimers,WGAN_GP,SVM-RBF,F1,TSTR,0.8626950241713885,0.05817174319068905,2,0.821081465946549,0.9043085823962281
2. Alzhimers,WGAN_GP,SVM-RBF,Precision,TRTR,0.9885578014989781,0.01402730003027083,2,0.9785232755499534,0.9985923274480027
2. Alzhimers,WGAN_GP,SVM-RBF,Precision,TSTR,0.9967741935483871,0.009677419354838701,2,0.9898513847807581,1.0036970023160163
2. Alzhimers,WGAN_GP,SVM-RBF,Recall,TRTR,0.918918918918919,0.04522486629913922,2,0.8865669984894304,0.9512708393484075
2. Alzhimers,WGAN_GP,SVM-RBF,Recall,TSTR,0.7648648648648649,0.08290736027123226,2,0.7055565121375756,0.8241732175921542
3. Adult,CTABGAN,AdaBoost,Accuracy,TRTR,0.837,0.02335713072180646,2,0.8202913152340833,0.8537086847659167
3. Adult,CTABGAN,AdaBoost,Accuracy,TSTR,0.742,0.04703426646841878,2,0.7083537126637208,0.7756462873362792
3. Adult,CTABGAN,AdaBoost,F1,TRTR,0.8271380947617498,0.02698482468705257,2,0.8078343140649821,0.8464418754585176
3. Adult,CTABGAN,AdaBoost,F1,TSTR,0.6961699366284367,0.03615478526543887,2,0.6703063613042796,0.7220335119525939
3. Adult,CTABGAN,AdaBoost,Precision,TRTR,0.8274717782384444,0.02800542328232125,2,0.8074379052883093,0.8475056511885796
3. Adult,CTABGAN,AdaBoost,Precision,TSTR,0.6758973530769692,0.06943032481776622,2,0.6262298907335665,0.7255648154203719
3. Adult,CTABGAN,AdaBoost,Recall,TRTR,0.837,0.02335713072180646,2,0.8202913152340833,0.8537086847659167
3. Adult,CTABGAN,AdaBoost,Recall,TSTR,0.742,0.04703426646841878,2,0.7083537126637208,0.7756462873362792
3. Adult,CTABGAN,Decision Tree,Accuracy,TRTR,0.784,0.02913569784454954,2,0.7631575773361119,0.8048424226638882
3. Adult,CTABGAN,Decision Tree,Accuracy,TSTR,0.488,0.1081716742549135,2,0.4106186457894265,0.5653813542105735
3. Adult,CTABGAN,Decision Tree,F1,TRTR,0.785293092246484,0.02860525768452616,2,0.7648301236142822,0.8057560608786859
3. Adult,CTABGAN,Decision Tree,F1,TSTR,0.5199011437780793,0.1089732237328283,2,0.4419463956129881,0.5978558919431705
3. Adult,CTABGAN,Decision Tree,Precision,TRTR,0.7880825733490411,0.02887004930408354,2,0.767430184203141,0.8087349624949411
3. Adult,CTABGAN,Decision Tree,Precision,TSTR,0.6546324147054102,0.06856629865042159,2,0.6055830394477721,0.7036817899630483
3. Adult,CTABGAN,Decision Tree,Recall,TRTR,0.784,0.02913569784454954,2,0.7631575773361119,0.8048424226638882
3. Adult,CTABGAN,Decision Tree,Recall,TSTR,0.488,0.1081716742549135,2,0.4106186457894265,0.5653813542105735
3. Adult,CTABGAN,Extra Trees,Accuracy,TRTR,0.8240000000000001,0.02469817807045691,2,0.8063319877519689,0.8416680122480312
3. Adult,CTABGAN,Extra Trees,Accuracy,TSTR,0.5995000000000001,0.04437529342625991,2,0.5677558273922662,0.6312441726077341
3. Adult,CTABGAN,Extra Trees,F1,TRTR,0.8177052906725901,0.02578592983226878,2,0.7992591476897459,0.8361514336554343
3. Adult,CTABGAN,Extra Trees,F1,TSTR,0.614634715703464,0.03626440010529419,2,0.5886927266466174,0.6405767047603105
3. Adult,CTABGAN,Extra Trees,Precision,TRTR,0.8164120745306315,0.02647286138062653,2,0.7974745303207282,0.8353496187405347
3. Adult,CTABGAN,Extra Trees,Precision,TSTR,0.6341605292029262,0.02708594513904272,2,0.6147844112924907,0.6535366471133617
3. Adult,CTABGAN,Extra Trees,Recall,TRTR,0.8240000000000001,0.02469817807045691,2,0.8063319877519689,0.8416680122480312
3. Adult,CTABGAN,Extra Trees,Recall,TSTR,0.5995000000000001,0.04437529342625991,2,0.5677558273922662,0.6312441726077341
3. Adult,CTABGAN,Gradient Boosting,Accuracy,TRTR,0.8324999999999999,0.02497220677295281,2,0.8146359594271994,0.8503640405728005
3. Adult,CTABGAN,Gradient Boosting,Accuracy,TSTR,0.282,0.1229543727476895,2,0.19404374033347577,0.3699562596665242
3. Adult,CTABGAN,Gradient Boosting,F1,TRTR,0.8241877083342415,0.02593734444018238,2,0.8056332498659587,0.8427421668025242
3. Adult,CTABGAN,Gradient Boosting,F1,TSTR,0.2161749273300173,0.1686323682381256,2,0.09554259813770535,0.33680725652232923
3. Adult,CTABGAN,Gradient Boosting,Precision,TRTR,0.8235432786967685,0.02699678959462002,2,0.8042309388207429,0.842855618572794
3. Adult,CTABGAN,Gradient Boosting,Precision,TSTR,0.4344526073437372,0.2874896824620755,2,0.2287948775940965,0.6401103370933778
3. Adult,CTABGAN,Gradient Boosting,Recall,TRTR,0.8324999999999999,0.02497220677295281,2,0.8146359594271994,0.8503640405728005
3. Adult,CTABGAN,Gradient Boosting,Recall,TSTR,0.2820000000000001,0.1229543727476896,2,0.19404374033347577,0.3699562596665244
3. Adult,CTABGAN,KNN,Accuracy,TRTR,0.8069999999999998,0.02250925735484548,2,0.7908978473025423,0.8231021526974573
3. Adult,CTABGAN,KNN,Accuracy,TSTR,0.5395000000000001,0.04675289652345974,2,0.5060549925969849,0.5729450074030152
3. Adult,CTABGAN,KNN,F1,TRTR,0.8008786340418022,0.02509907434611157,2,0.7829238378743965,0.8188334302092078
3. Adult,CTABGAN,KNN,F1,TSTR,0.5735730770211602,0.04189032530164932,2,0.5436065435225272,0.6035396105197932
3. Adult,CTABGAN,KNN,Precision,TRTR,0.7978462200616508,0.02661462081347623,2,0.7788072672624696,0.8168851728608321
3. Adult,CTABGAN,KNN,Precision,TSTR,0.6329960699508939,0.03720450869806709,2,0.6063815677198283,0.6596105721819594
3. Adult,CTABGAN,KNN,Recall,TRTR,0.8069999999999998,0.02250925735484548,2,0.7908978473025423,0.8231021526974573
3. Adult,CTABGAN,KNN,Recall,TSTR,0.5395000000000001,0.04675289652345971,2,0.5060549925969849,0.5729450074030152
3. Adult,CTABGAN,Logistic Regression,Accuracy,TRTR,0.828,0.02175622516277427,2,0.8124365340815721,0.8435634659184278
3. Adult,CTABGAN,Logistic Regression,Accuracy,TSTR,0.7710000000000001,0.005676462121975472,2,0.7669393036194637,0.7750606963805365
3. Adult,CTABGAN,Logistic Regression,F1,TRTR,0.8104028939447145,0.02627109794847402,2,0.7916096825993776,0.8291961052900515
3. Adult,CTABGAN,Logistic Regression,F1,TSTR,0.6792270257044539,0.005964965435826891,2,0.6749599464859534,0.6834941049229545
3. Adult,CTABGAN,Logistic Regression,Precision,TRTR,0.8146192868859166,0.02793976606486409,2,0.7946323822797173,0.8346061914921158
3. Adult,CTABGAN,Logistic Regression,Precision,TSTR,0.6572465604408354,0.07648325296866097,2,0.6025337372372506,0.7119593836444202
3. Adult,CTABGAN,Logistic Regression,Recall,TRTR,0.828,0.02175622516277427,2,0.8124365340815721,0.8435634659184278
3. Adult,CTABGAN,Logistic Regression,Recall,TSTR,0.7710000000000001,0.005676462121975472,2,0.7669393036194637,0.7750606963805365
3. Adult,CTABGAN,MLP,Accuracy,TRTR,0.8074999999999999,0.02552232138518923,2,0.7892424311402508,0.8257575688597489
3. Adult,CTABGAN,MLP,Accuracy,TSTR,0.5445,0.05346078521267299,2,0.506256458098555,0.582743541901445
3. Adult,CTABGAN,MLP,F1,TRTR,0.8069554910760722,0.02380568201797918,2,0.7899259320427484,0.823985050109396
3. Adult,CTABGAN,MLP,F1,TSTR,0.5747243661498704,0.04444876691746765,2,0.5429276337727938,0.606521098526947
3. Adult,CTABGAN,MLP,Precision,TRTR,0.808348378171001,0.02217982684553994,2,0.7924818858634185,0.8242148704785836
3. Adult,CTABGAN,MLP,Precision,TSTR,0.6233682211267764,0.02980931125280909,2,0.6020439244593234,0.6446925177942293
3. Adult,CTABGAN,MLP,Recall,TRTR,0.8074999999999999,0.02552232138518923,2,0.7892424311402508,0.8257575688597489
3. Adult,CTABGAN,MLP,Recall,TSTR,0.5445,0.05346078521267298,2,0.506256458098555,0.582743541901445
3. Adult,CTABGAN,Naive Bayes,Accuracy,TRTR,0.8090000000000002,0.02579836342785244,2,0.7905449625586889,0.8274550374413114
3. Adult,CTABGAN,Naive Bayes,Accuracy,TSTR,0.7165000000000001,0.03291824890712006,2,0.6929517033112487,0.7400482966887516
3. Adult,CTABGAN,Naive Bayes,F1,TRTR,0.7856952309335539,0.02992064254649245,2,0.7642912926563119,0.8070991692107958
3. Adult,CTABGAN,Naive Bayes,F1,TSTR,0.6894713954869172,0.03646478179955183,2,0.6633860620012498,0.7155567289725845
3. Adult,CTABGAN,Naive Bayes,Precision,TRTR,0.7897580695297388,0.03856477005414511,2,0.7621704949436537,0.8173456441158239
3. Adult,CTABGAN,Naive Bayes,Precision,TSTR,0.6730050245996575,0.04502745246812546,2,0.6407943255175222,0.7052157236817927
3. Adult,CTABGAN,Naive Bayes,Recall,TRTR,0.8090000000000002,0.02579836342785244,2,0.7905449625586889,0.8274550374413114
3. Adult,CTABGAN,Naive Bayes,Recall,TSTR,0.7165000000000001,0.03291824890712006,2,0.6929517033112487,0.7400482966887516
3. Adult,CTABGAN,Random Forest,Accuracy,TRTR,0.8385000000000001,0.02582526755804176,2,0.8200257165033583,0.856974283496642
3. Adult,CTABGAN,Random Forest,Accuracy,TSTR,0.4635,0.09395773281404547,2,0.3962866869604653,0.5307133130395347
3. Adult,CTABGAN,Random Forest,F1,TRTR,0.8305541949820711,0.02852270307867011,2,0.8101502823572895,0.8509581076068526
3. Adult,CTABGAN,Random Forest,F1,TSTR,0.4903109289132959,0.1094218255344435,2,0.4120352703513805,0.5685865874752114
3. Adult,CTABGAN,Random Forest,Precision,TRTR,0.829281699641512,0.02975094206425076,2,0.8079991577761912,0.8505642415068327
3. Adult,CTABGAN,Random Forest,Precision,TSTR,0.6694683415977043,0.03920304505969838,2,0.641424172578477,0.6975125106169316
3. Adult,CTABGAN,Random Forest,Recall,TRTR,0.8385000000000001,0.02582526755804176,2,0.8200257165033583,0.856974283496642
3. Adult,CTABGAN,Random Forest,Recall,TSTR,0.4635,0.09395773281404547,2,0.3962866869604653,0.5307133130395347
3. Adult,CTABGAN,SVM-RBF,Accuracy,TRTR,0.8334999999999999,0.01434689281110488,2,0.8232368511481015,0.8437631488518983
3. Adult,CTABGAN,SVM-RBF,Accuracy,TSTR,0.7135,0.0209563037453332,2,0.6985087633917866,0.7284912366082135
3. Adult,CTABGAN,SVM-RBF,F1,TRTR,0.8149481177437427,0.01858408003146085,2,0.8016538677517971,0.8282423677356882
3. Adult,CTABGAN,SVM-RBF,F1,TSTR,0.6664461383088471,0.01752812564441936,2,0.6539072725800804,0.6789850040376139
3. Adult,CTABGAN,SVM-RBF,Precision,TRTR,0.8237068747328286,0.01830566279058784,2,0.8106117924368877,0.8368019570287694
3. Adult,CTABGAN,SVM-RBF,Precision,TSTR,0.6373621097134691,0.0224036366561004,2,0.6213355135122741,0.653388705914664
3. Adult,CTABGAN,SVM-RBF,Recall,TRTR,0.8334999999999999,0.01434689281110488,2,0.8232368511481015,0.8437631488518983
3. Adult,CTABGAN,SVM-RBF,Recall,TSTR,0.7135,0.0209563037453332,2,0.6985087633917866,0.7284912366082135
3. Adult,CTGAN,AdaBoost,Accuracy,TRTR,0.837,0.02335713072180646,2,0.8202913152340833,0.8537086847659167
3. Adult,CTGAN,AdaBoost,Accuracy,TSTR,0.7750000000000001,1.1702778228589e-16,2,0.775,0.7750000000000002
3. Adult,CTGAN,AdaBoost,F1,TRTR,0.8271380947617498,0.02698482468705257,2,0.8078343140649821,0.8464418754585176
3. Adult,CTGAN,AdaBoost,F1,TSTR,0.6767605633802816,0.0,2,0.6767605633802816,0.6767605633802816
3. Adult,CTGAN,AdaBoost,Precision,TRTR,0.8274717782384444,0.02800542328232125,2,0.8074379052883093,0.8475056511885796
3. Adult,CTGAN,AdaBoost,Precision,TSTR,0.600625,0.0,2,0.600625,0.600625
3. Adult,CTGAN,AdaBoost,Recall,TRTR,0.837,0.02335713072180646,2,0.8202913152340833,0.8537086847659167
3. Adult,CTGAN,AdaBoost,Recall,TSTR,0.7750000000000001,1.1702778228589e-16,2,0.775,0.7750000000000002
3. Adult,CTGAN,Decision Tree,Accuracy,TRTR,0.784,0.02913569784454954,2,0.7631575773361119,0.8048424226638882
3. Adult,CTGAN,Decision Tree,Accuracy,TSTR,0.4145,0.05193211380681942,2,0.37735000374571925,0.4516499962542807
3. Adult,CTGAN,Decision Tree,F1,TRTR,0.785293092246484,0.02860525768452616,2,0.7648301236142822,0.8057560608786859
3. Adult,CTGAN,Decision Tree,F1,TSTR,0.4955059343017433,0.05078751298254856,2,0.4591747361517047,0.5318371324517819
3. Adult,CTGAN,Decision Tree,Precision,TRTR,0.7880825733490411,0.02887004930408354,2,0.767430184203141,0.8087349624949411
3. Adult,CTGAN,Decision Tree,Precision,TSTR,0.6537085477937802,0.04406575732841763,2,0.6221858039712903,0.68523129161627
3. Adult,CTGAN,Decision Tree,Recall,TRTR,0.784,0.02913569784454954,2,0.7631575773361119,0.8048424226638882
3. Adult,CTGAN,Decision Tree,Recall,TSTR,0.4145,0.05193211380681943,2,0.37735000374571925,0.4516499962542807
3. Adult,CTGAN,Extra Trees,Accuracy,TRTR,0.8240000000000001,0.02469817807045691,2,0.8063319877519689,0.8416680122480312
3. Adult,CTGAN,Extra Trees,Accuracy,TSTR,0.6809999999999998,0.01646545204697126,2,0.669221325167979,0.6927786748320206
3. Adult,CTGAN,Extra Trees,F1,TRTR,0.8177052906725901,0.02578592983226878,2,0.7992591476897459,0.8361514336554343
3. Adult,CTGAN,Extra Trees,F1,TSTR,0.650475074696722,0.01573945262584563,2,0.639215748564347,0.6617344008290971
3. Adult,CTGAN,Extra Trees,Precision,TRTR,0.8164120745306315,0.02647286138062653,2,0.7974745303207282,0.8353496187405347
3. Adult,CTGAN,Extra Trees,Precision,TSTR,0.6285194053483779,0.02020463590284133,2,0.6140658795223004,0.6429729311744554
3. Adult,CTGAN,Extra Trees,Recall,TRTR,0.8240000000000001,0.02469817807045691,2,0.8063319877519689,0.8416680122480312
3. Adult,CTGAN,Extra Trees,Recall,TSTR,0.6809999999999998,0.01646545204697126,2,0.669221325167979,0.6927786748320206
3. Adult,CTGAN,Gradient Boosting,Accuracy,TRTR,0.8324999999999999,0.02497220677295281,2,0.8146359594271994,0.8503640405728005
3. Adult,CTGAN,Gradient Boosting,Accuracy,TSTR,0.757,0.00856348838577676,2,0.7508740494438837,0.7631259505561163
3. Adult,CTGAN,Gradient Boosting,F1,TRTR,0.8241877083342415,0.02593734444018238,2,0.8056332498659587,0.8427421668025242
3. Adult,CTGAN,Gradient Boosting,F1,TSTR,0.669460917721575,0.007018283576359978,2,0.6644403400970413,0.6744814953461087
3. Adult,CTGAN,Gradient Boosting,Precision,TRTR,0.8235432786967685,0.02699678959462002,2,0.8042309388207429,0.842855618572794
3. Adult,CTGAN,Gradient Boosting,Precision,TSTR,0.6101075697728033,0.03806187034551214,2,0.5828797479663084,0.6373353915792983
3. Adult,CTGAN,Gradient Boosting,Recall,TRTR,0.8324999999999999,0.02497220677295281,2,0.8146359594271994,0.8503640405728005
3. Adult,CTGAN,Gradient Boosting,Recall,TSTR,0.757,0.00856348838577676,2,0.7508740494438837,0.7631259505561163
3. Adult,CTGAN,KNN,Accuracy,TRTR,0.8069999999999998,0.02250925735484548,2,0.7908978473025423,0.8231021526974573
3. Adult,CTGAN,KNN,Accuracy,TSTR,0.6024999999999999,0.03066394915495683,2,0.5805643322071262,0.6244356677928736
3. Adult,CTGAN,KNN,F1,TRTR,0.8008786340418022,0.02509907434611157,2,0.7829238378743965,0.8188334302092078
3. Adult,CTGAN,KNN,F1,TSTR,0.6218708950317688,0.02864187703133056,2,0.6013817304969377,0.6423600595666
3. Adult,CTGAN,KNN,Precision,TRTR,0.7978462200616508,0.02661462081347623,2,0.7788072672624696,0.8168851728608321
3. Adult,CTGAN,KNN,Precision,TSTR,0.6436062631497312,0.02772881674455385,2,0.6237702625966295,0.663442263702833
3. Adult,CTGAN,KNN,Recall,TRTR,0.8069999999999998,0.02250925735484548,2,0.7908978473025423,0.8231021526974573
3. Adult,CTGAN,KNN,Recall,TSTR,0.6024999999999999,0.03066394915495683,2,0.5805643322071262,0.6244356677928736
3. Adult,CTGAN,Logistic Regression,Accuracy,TRTR,0.828,0.02175622516277427,2,0.8124365340815721,0.8435634659184278
3. Adult,CTGAN,Logistic Regression,Accuracy,TSTR,0.7750000000000001,1.1702778228589e-16,2,0.775,0.7750000000000002
3. Adult,CTGAN,Logistic Regression,F1,TRTR,0.8104028939447145,0.02627109794847402,2,0.7916096825993776,0.8291961052900515
3. Adult,CTGAN,Logistic Regression,F1,TSTR,0.6767605633802816,0.0,2,0.6767605633802816,0.6767605633802816
3. Adult,CTGAN,Logistic Regression,Precision,TRTR,0.8146192868859166,0.02793976606486409,2,0.7946323822797173,0.8346061914921158
3. Adult,CTGAN,Logistic Regression,Precision,TSTR,0.600625,0.0,2,0.600625,0.600625
3. Adult,CTGAN,Logistic Regression,Recall,TRTR,0.828,0.02175622516277427,2,0.8124365340815721,0.8435634659184278
3. Adult,CTGAN,Logistic Regression,Recall,TSTR,0.7750000000000001,1.1702778228589e-16,2,0.775,0.7750000000000002
3. Adult,CTGAN,MLP,Accuracy,TRTR,0.8074999999999999,0.02552232138518923,2,0.7892424311402508,0.8257575688597489
3. Adult,CTGAN,MLP,Accuracy,TSTR,0.6304999999999998,0.03639673367518331,2,0.6044633452100391,0.6565366547899606
3. Adult,CTGAN,MLP,F1,TRTR,0.8069554910760722,0.02380568201797918,2,0.7899259320427484,0.823985050109396
3. Adult,CTGAN,MLP,F1,TSTR,0.6303010295137488,0.02836652873774047,2,0.6100088372822894,0.6505932217452082
3. Adult,CTGAN,MLP,Precision,TRTR,0.808348378171001,0.02217982684553994,2,0.7924818858634185,0.8242148704785836
3. Adult,CTGAN,MLP,Precision,TSTR,0.6322364314339317,0.02639683199059354,2,0.6133532753732467,0.6511195874946167
3. Adult,CTGAN,MLP,Recall,TRTR,0.8074999999999999,0.02552232138518923,2,0.7892424311402508,0.8257575688597489
3. Adult,CTGAN,MLP,Recall,TSTR,0.6305,0.03639673367518328,2,0.6044633452100392,0.6565366547899607
3. Adult,CTGAN,Naive Bayes,Accuracy,TRTR,0.8090000000000002,0.02579836342785244,2,0.7905449625586889,0.8274550374413114
3. Adult,CTGAN,Naive Bayes,Accuracy,TSTR,0.741,0.01542004467496052,2,0.7299691645511183,0.7520308354488817
3. Adult,CTGAN,Naive Bayes,F1,TRTR,0.7856952309335539,0.02992064254649245,2,0.7642912926563119,0.8070991692107958
3. Adult,CTGAN,Naive Bayes,F1,TSTR,0.6703490856546325,0.01996279622118603,2,0.6560685615149691,0.6846296097942959
3. Adult,CTGAN,Naive Bayes,Precision,TRTR,0.7897580695297388,0.03856477005414511,2,0.7621704949436537,0.8173456441158239
3. Adult,CTGAN,Naive Bayes,Precision,TSTR,0.6680308537828543,0.09933968283743749,2,0.596967525626402,0.7390941819393066
3. Adult,CTGAN,Naive Bayes,Recall,TRTR,0.8090000000000002,0.02579836342785244,2,0.7905449625586889,0.8274550374413114
3. Adult,CTGAN,Naive Bayes,Recall,TSTR,0.741,0.01542004467496052,2,0.7299691645511183,0.7520308354488817
3. Adult,CTGAN,Random Forest,Accuracy,TRTR,0.8385000000000001,0.02582526755804176,2,0.8200257165033583,0.856974283496642
3. Adult,CTGAN,Random Forest,Accuracy,TSTR,0.6910000000000001,0.0199722029052603,2,0.6767127467239217,0.7052872532760784
3. Adult,CTGAN,Random Forest,F1,TRTR,0.8305541949820711,0.02852270307867011,2,0.8101502823572895,0.8509581076068526
3. Adult,CTGAN,Random Forest,F1,TSTR,0.6548972907516066,0.01939686431566386,2,0.6410216099088777,0.6687729715943356
3. Adult,CTGAN,Random Forest,Precision,TRTR,0.829281699641512,0.02975094206425076,2,0.8079991577761912,0.8505642415068327
3. Adult,CTGAN,Random Forest,Precision,TSTR,0.6292317395218868,0.02366682502841334,2,0.6123015127949937,0.64616196624878
3. Adult,CTGAN,Random Forest,Recall,TRTR,0.8385000000000001,0.02582526755804176,2,0.8200257165033583,0.856974283496642
3. Adult,CTGAN,Random Forest,Recall,TSTR,0.6910000000000001,0.0199722029052603,2,0.6767127467239217,0.7052872532760784
3. Adult,CTGAN,SVM-RBF,Accuracy,TRTR,0.8334999999999999,0.01434689281110488,2,0.8232368511481015,0.8437631488518983
3. Adult,CTGAN,SVM-RBF,Accuracy,TSTR,0.7745000000000001,0.001581138830084191,2,0.773368921418573,0.7756310785814271
3. Adult,CTGAN,SVM-RBF,F1,TRTR,0.8149481177437427,0.01858408003146085,2,0.8016538677517971,0.8282423677356882
3. Adult,CTGAN,SVM-RBF,F1,TSTR,0.6765138855733269,0.0007800637181922404,2,0.6759558616054072,0.6770719095412466
3. Adult,CTGAN,SVM-RBF,Precision,TRTR,0.8237068747328286,0.01830566279058784,2,0.8106117924368877,0.8368019570287694
3. Adult,CTGAN,SVM-RBF,Precision,TSTR,0.6005373743718593,0.0002770965663275487,2,0.6003391514295112,0.6007355973142073
3. Adult,CTGAN,SVM-RBF,Recall,TRTR,0.8334999999999999,0.01434689281110488,2,0.8232368511481015,0.8437631488518983
3. Adult,CTGAN,SVM-RBF,Recall,TSTR,0.7745000000000001,0.001581138830084191,2,0.773368921418573,0.7756310785814271
3. Adult,CopulaGAN,AdaBoost,Accuracy,TRTR,0.837,0.02335713072180646,2,0.8202913152340833,0.8537086847659167
3. Adult,CopulaGAN,AdaBoost,Accuracy,TSTR,0.7735000000000001,0.003374742788552768,2,0.7710858544402746,0.7759141455597256
3. Adult,CopulaGAN,AdaBoost,F1,TRTR,0.8271380947617498,0.02698482468705257,2,0.8078343140649821,0.8464418754585176
3. Adult,CopulaGAN,AdaBoost,F1,TSTR,0.6769209194224951,0.003521803840977655,2,0.6744015727233155,0.6794402661216747
3. Adult,CopulaGAN,AdaBoost,Precision,TRTR,0.8274717782384444,0.02800542328232125,2,0.8074379052883093,0.8475056511885796
3. Adult,CopulaGAN,AdaBoost,Precision,TSTR,0.6118265157860007,0.03635380175755802,2,0.5858205726398005,0.6378324589322009
3. Adult,CopulaGAN,AdaBoost,Recall,TRTR,0.837,0.02335713072180646,2,0.8202913152340833,0.8537086847659167
3. Adult,CopulaGAN,AdaBoost,Recall,TSTR,0.7735000000000001,0.003374742788552768,2,0.7710858544402746,0.7759141455597256
3. Adult,CopulaGAN,Decision Tree,Accuracy,TRTR,0.784,0.02913569784454954,2,0.7631575773361119,0.8048424226638882
3. Adult,CopulaGAN,Decision Tree,Accuracy,TSTR,0.406,0.02998147576235848,2,0.38455254426167484,0.4274474557383252
3. Adult,CopulaGAN,Decision Tree,F1,TRTR,0.785293092246484,0.02860525768452616,2,0.7648301236142822,0.8057560608786859
3. Adult,CopulaGAN,Decision Tree,F1,TSTR,0.4901652986595783,0.03292898173352029,2,0.46660932416934064,0.513721273149816
3. Adult,CopulaGAN,Decision Tree,Precision,TRTR,0.7880825733490411,0.02887004930408354,2,0.767430184203141,0.8087349624949411
3. Adult,CopulaGAN,Decision Tree,Precision,TSTR,0.6509513288658241,0.04218478877560391,2,0.6207741488875365,0.6811285088441117
3. Adult,CopulaGAN,Decision Tree,Recall,TRTR,0.784,0.02913569784454954,2,0.7631575773361119,0.8048424226638882
3. Adult,CopulaGAN,Decision Tree,Recall,TSTR,0.406,0.02998147576235848,2,0.38455254426167484,0.4274474557383252
3. Adult,CopulaGAN,Extra Trees,Accuracy,TRTR,0.8240000000000001,0.02469817807045691,2,0.8063319877519689,0.8416680122480312
3. Adult,CopulaGAN,Extra Trees,Accuracy,TSTR,0.658,0.0279085809185793,2,0.63803540390356,0.6779645960964401
3. Adult,CopulaGAN,Extra Trees,F1,TRTR,0.8177052906725901,0.02578592983226878,2,0.7992591476897459,0.8361514336554343
3. Adult,CopulaGAN,Extra Trees,F1,TSTR,0.6391106974743808,0.02356547339726482,2,0.6222529733367629,0.6559684216119986
3. Adult,CopulaGAN,Extra Trees,Precision,TRTR,0.8164120745306315,0.02647286138062653,2,0.7974745303207282,0.8353496187405347
3. Adult,CopulaGAN,Extra Trees,Precision,TSTR,0.6250217809647554,0.024116715461468,2,0.6077697220096384,0.6422738399198723
3. Adult,CopulaGAN,Extra Trees,Recall,TRTR,0.8240000000000001,0.02469817807045691,2,0.8063319877519689,0.8416680122480312
3. Adult,CopulaGAN,Extra Trees,Recall,TSTR,0.658,0.0279085809185793,2,0.63803540390356,0.6779645960964401
3. Adult,CopulaGAN,Gradient Boosting,Accuracy,TRTR,0.8324999999999999,0.02497220677295281,2,0.8146359594271994,0.8503640405728005
3. Adult,CopulaGAN,Gradient Boosting,Accuracy,TSTR,0.724,0.02342837785440746,2,0.7072403481057453,0.7407596518942546
3. Adult,CopulaGAN,Gradient Boosting,F1,TRTR,0.8241877083342415,0.02593734444018238,2,0.8056332498659587,0.8427421668025242
3. Adult,CopulaGAN,Gradient Boosting,F1,TSTR,0.6695375527658614,0.01892136424378165,2,0.6560020241833513,0.6830730813483714
3. Adult,CopulaGAN,Gradient Boosting,Precision,TRTR,0.8235432786967685,0.02699678959462002,2,0.8042309388207429,0.842855618572794
3. Adult,CopulaGAN,Gradient Boosting,Precision,TSTR,0.6508633625557143,0.03495667852972704,2,0.6258568611590597,0.6758698639523689
3. Adult,CopulaGAN,Gradient Boosting,Recall,TRTR,0.8324999999999999,0.02497220677295281,2,0.8146359594271994,0.8503640405728005
3. Adult,CopulaGAN,Gradient Boosting,Recall,TSTR,0.724,0.02342837785440746,2,0.7072403481057453,0.7407596518942546
3. Adult,CopulaGAN,KNN,Accuracy,TRTR,0.8069999999999998,0.02250925735484548,2,0.7908978473025423,0.8231021526974573
3. Adult,CopulaGAN,KNN,Accuracy,TSTR,0.581,0.03339993346633427,2,0.5571071269353066,0.6048928730646933
3. Adult,CopulaGAN,KNN,F1,TRTR,0.8008786340418022,0.02509907434611157,2,0.7829238378743965,0.8188334302092078
3. Adult,CopulaGAN,KNN,F1,TSTR,0.6031383325650281,0.02776325223162928,2,0.5832776983484359,0.6229989667816204
3. Adult,CopulaGAN,KNN,Precision,TRTR,0.7978462200616508,0.02661462081347623,2,0.7788072672624696,0.8168851728608321
3. Adult,CopulaGAN,KNN,Precision,TSTR,0.6277301764406881,0.02282166807677245,2,0.6114045385757952,0.6440558143055809
3. Adult,CopulaGAN,KNN,Recall,TRTR,0.8069999999999998,0.02250925735484548,2,0.7908978473025423,0.8231021526974573
3. Adult,CopulaGAN,KNN,Recall,TSTR,0.581,0.03339993346633428,2,0.5571071269353066,0.6048928730646933
3. Adult,CopulaGAN,Logistic Regression,Accuracy,TRTR,0.828,0.02175622516277427,2,0.8124365340815721,0.8435634659184278
3. Adult,CopulaGAN,Logistic Regression,Accuracy,TSTR,0.7745000000000001,0.001581138830084191,2,0.773368921418573,0.7756310785814271
3. Adult,CopulaGAN,Logistic Regression,F1,TRTR,0.8104028939447145,0.02627109794847402,2,0.7916096825993776,0.8291961052900515
3. Adult,CopulaGAN,Logistic Regression,F1,TSTR,0.6765138855733269,0.0007800637181922404,2,0.6759558616054072,0.6770719095412466
3. Adult,CopulaGAN,Logistic Regression,Precision,TRTR,0.8146192868859166,0.02793976606486409,2,0.7946323822797173,0.8346061914921158
3. Adult,CopulaGAN,Logistic Regression,Precision,TSTR,0.6005373743718593,0.0002770965663275487,2,0.6003391514295112,0.6007355973142073
3. Adult,CopulaGAN,Logistic Regression,Recall,TRTR,0.828,0.02175622516277427,2,0.8124365340815721,0.8435634659184278
3. Adult,CopulaGAN,Logistic Regression,Recall,TSTR,0.7745000000000001,0.001581138830084191,2,0.773368921418573,0.7756310785814271
3. Adult,CopulaGAN,MLP,Accuracy,TRTR,0.8074999999999999,0.02552232138518923,2,0.7892424311402508,0.8257575688597489
3. Adult,CopulaGAN,MLP,Accuracy,TSTR,0.607,0.03284644408286671,2,0.5835030693881614,0.6304969306118385
3. Adult,CopulaGAN,MLP,F1,TRTR,0.8069554910760722,0.02380568201797918,2,0.7899259320427484,0.823985050109396
3. Adult,CopulaGAN,MLP,F1,TSTR,0.6374225164733678,0.02604067936496785,2,0.61879413665301,0.6560508962937256
3. Adult,CopulaGAN,MLP,Precision,TRTR,0.808348378171001,0.02217982684553994,2,0.7924818858634185,0.8242148704785836
3. Adult,CopulaGAN,MLP,Precision,TSTR,0.6736795411078859,0.0200703542754335,2,0.6593220745713219,0.6880370076444499
3. Adult,CopulaGAN,MLP,Recall,TRTR,0.8074999999999999,0.02552232138518923,2,0.7892424311402508,0.8257575688597489
3. Adult,CopulaGAN,MLP,Recall,TSTR,0.607,0.03284644408286672,2,0.5835030693881614,0.6304969306118385
3. Adult,CopulaGAN,Naive Bayes,Accuracy,TRTR,0.8090000000000002,0.02579836342785244,2,0.7905449625586889,0.8274550374413114
3. Adult,CopulaGAN,Naive Bayes,Accuracy,TSTR,0.6535,0.05744804415972554,2,0.6124041448748172,0.6945958551251827
3. Adult,CopulaGAN,Naive Bayes,F1,TRTR,0.7856952309335539,0.02992064254649245,2,0.7642912926563119,0.8070991692107958
3. Adult,CopulaGAN,Naive Bayes,F1,TSTR,0.6474622377653941,0.03416885949946781,2,0.6230193081527046,0.6719051673780837
3. Adult,CopulaGAN,Naive Bayes,Precision,TRTR,0.7897580695297388,0.03856477005414511,2,0.7621704949436537,0.8173456441158239
3. Adult,CopulaGAN,Naive Bayes,Precision,TSTR,0.6511340333228727,0.01633468942666371,2,0.6394489004343341,0.6628191662114112
3. Adult,CopulaGAN,Naive Bayes,Recall,TRTR,0.8090000000000002,0.02579836342785244,2,0.7905449625586889,0.8274550374413114
3. Adult,CopulaGAN,Naive Bayes,Recall,TSTR,0.6535,0.05744804415972552,2,0.6124041448748172,0.6945958551251827
3. Adult,CopulaGAN,Random Forest,Accuracy,TRTR,0.8385000000000001,0.02582526755804176,2,0.8200257165033583,0.856974283496642
3. Adult,CopulaGAN,Random Forest,Accuracy,TSTR,0.6805,0.01755151148920099,2,0.6679444050456663,0.6930555949543337
3. Adult,CopulaGAN,Random Forest,F1,TRTR,0.8305541949820711,0.02852270307867011,2,0.8101502823572895,0.8509581076068526
3. Adult,CopulaGAN,Random Forest,F1,TSTR,0.6509114664252031,0.01312104964389982,2,0.6415252329486235,0.6602976999017828
3. Adult,CopulaGAN,Random Forest,Precision,TRTR,0.829281699641512,0.02975094206425076,2,0.8079991577761912,0.8505642415068327
3. Adult,CopulaGAN,Random Forest,Precision,TSTR,0.6294691369843293,0.01412031835498728,2,0.6193680697343352,0.6395702042343233
3. Adult,CopulaGAN,Random Forest,Recall,TRTR,0.8385000000000001,0.02582526755804176,2,0.8200257165033583,0.856974283496642
3. Adult,CopulaGAN,Random Forest,Recall,TSTR,0.6805,0.01755151148920099,2,0.6679444050456663,0.6930555949543337
3. Adult,CopulaGAN,SVM-RBF,Accuracy,TRTR,0.8334999999999999,0.01434689281110488,2,0.8232368511481015,0.8437631488518983
3. Adult,CopulaGAN,SVM-RBF,Accuracy,TSTR,0.771,0.006146362971528596,2,0.7666031568016061,0.775396843198394
3. Adult,CopulaGAN,SVM-RBF,F1,TRTR,0.8149481177437427,0.01858408003146085,2,0.8016538677517971,0.8282423677356882
3. Adult,CopulaGAN,SVM-RBF,F1,TSTR,0.6791890386806553,0.007901746785861002,2,0.6735364695480185,0.6848416078132921
3. Adult,CopulaGAN,SVM-RBF,Precision,TRTR,0.8237068747328286,0.01830566279058784,2,0.8106117924368877,0.8368019570287694
3. Adult,CopulaGAN,SVM-RBF,Precision,TSTR,0.6516246558765394,0.07888255148287956,2,0.5951954779112807,0.7080538338417981
3. Adult,CopulaGAN,SVM-RBF,Recall,TRTR,0.8334999999999999,0.01434689281110488,2,0.8232368511481015,0.8437631488518983
3. Adult,CopulaGAN,SVM-RBF,Recall,TSTR,0.771,0.006146362971528596,2,0.7666031568016061,0.775396843198394
3. Adult,ForestDiffusion,AdaBoost,Accuracy,TRTR,0.837,0.02335713072180646,2,0.8202913152340833,0.8537086847659167
3. Adult,ForestDiffusion,AdaBoost,Accuracy,TSTR,0.728,0.03216278042154384,2,0.704992132909662,0.751007867090338
3. Adult,ForestDiffusion,AdaBoost,F1,TRTR,0.8271380947617498,0.02698482468705257,2,0.8078343140649821,0.8464418754585176
3. Adult,ForestDiffusion,AdaBoost,F1,TSTR,0.7495993986021727,0.02904182696431352,2,0.7288241271207326,0.7703746700836128
3. Adult,ForestDiffusion,AdaBoost,Precision,TRTR,0.8274717782384444,0.02800542328232125,2,0.8074379052883093,0.8475056511885796
3. Adult,ForestDiffusion,AdaBoost,Precision,TSTR,0.8274841147304658,0.02375472961573071,2,0.8104910048499671,0.8444772246109645
3. Adult,ForestDiffusion,AdaBoost,Recall,TRTR,0.837,0.02335713072180646,2,0.8202913152340833,0.8537086847659167
3. Adult,ForestDiffusion,AdaBoost,Recall,TSTR,0.728,0.03216278042154384,2,0.704992132909662,0.751007867090338
3. Adult,ForestDiffusion,Decision Tree,Accuracy,TRTR,0.784,0.02913569784454954,2,0.7631575773361119,0.8048424226638882
3. Adult,ForestDiffusion,Decision Tree,Accuracy,TSTR,0.6325,0.04104536785341586,2,0.6031379126472272,0.6618620873527727
3. Adult,ForestDiffusion,Decision Tree,F1,TRTR,0.785293092246484,0.02860525768452616,2,0.7648301236142822,0.8057560608786859
3. Adult,ForestDiffusion,Decision Tree,F1,TSTR,0.6618426726971874,0.03707232762900146,2,0.6353227271067189,0.688362618287656
3. Adult,ForestDiffusion,Decision Tree,Precision,TRTR,0.7880825733490411,0.02887004930408354,2,0.767430184203141,0.8087349624949411
3. Adult,ForestDiffusion,Decision Tree,Precision,TSTR,0.7511015945240864,0.02425709812870806,2,0.7337491118584782,0.7684540771896946
3. Adult,ForestDiffusion,Decision Tree,Recall,TRTR,0.784,0.02913569784454954,2,0.7631575773361119,0.8048424226638882
3. Adult,ForestDiffusion,Decision Tree,Recall,TSTR,0.6325000000000001,0.04104536785341584,2,0.6031379126472273,0.6618620873527729
3. Adult,ForestDiffusion,Extra Trees,Accuracy,TRTR,0.8240000000000001,0.02469817807045691,2,0.8063319877519689,0.8416680122480312
3. Adult,ForestDiffusion,Extra Trees,Accuracy,TSTR,0.7175,0.02359967043084385,2,0.7006178127782471,0.734382187221753
3. Adult,ForestDiffusion,Extra Trees,F1,TRTR,0.8177052906725901,0.02578592983226878,2,0.7992591476897459,0.8361514336554343
3. Adult,ForestDiffusion,Extra Trees,F1,TSTR,0.7398815798072279,0.02149208500894103,2,0.7245070683719934,0.7552560912424624
3. Adult,ForestDiffusion,Extra Trees,Precision,TRTR,0.8164120745306315,0.02647286138062653,2,0.7974745303207282,0.8353496187405347
3. Adult,ForestDiffusion,Extra Trees,Precision,TSTR,0.8160294753040294,0.02063605637657615,2,0.8012673298626809,0.8307916207453778
3. Adult,ForestDiffusion,Extra Trees,Recall,TRTR,0.8240000000000001,0.02469817807045691,2,0.8063319877519689,0.8416680122480312
3. Adult,ForestDiffusion,Extra Trees,Recall,TSTR,0.7175,0.02359967043084385,2,0.7006178127782471,0.734382187221753
3. Adult,ForestDiffusion,Gradient Boosting,Accuracy,TRTR,0.833,0.0240601099101581,2,0.8157884342169298,0.8502115657830701
3. Adult,ForestDiffusion,Gradient Boosting,Accuracy,TSTR,0.7785,0.03894797099265179,2,0.7506382999761729,0.806361700023827
3. Adult,ForestDiffusion,Gradient Boosting,F1,TRTR,0.8246020797017092,0.02529261929811836,2,0.8065088298162663,0.8426953295871521
3. Adult,ForestDiffusion,Gradient Boosting,F1,TSTR,0.7931164357496072,0.03472767570107376,2,0.7682737531079207,0.8179591183912938
3. Adult,ForestDiffusion,Gradient Boosting,Precision,TRTR,0.8239151747889606,0.02640491712024394,2,0.8050262349749443,0.8428041146029769
3. Adult,ForestDiffusion,Gradient Boosting,Precision,TSTR,0.8349204608807771,0.02494069345512922,2,0.8170789635775122,0.852761958184042
3. Adult,ForestDiffusion,Gradient Boosting,Recall,TRTR,0.833,0.0240601099101581,2,0.8157884342169298,0.8502115657830701
3. Adult,ForestDiffusion,Gradient Boosting,Recall,TSTR,0.7785,0.03894797099265179,2,0.7506382999761729,0.806361700023827
3. Adult,ForestDiffusion,KNN,Accuracy,TRTR,0.8069999999999998,0.02250925735484548,2,0.7908978473025423,0.8231021526974573
3. Adult,ForestDiffusion,KNN,Accuracy,TSTR,0.6819999999999999,0.0204396129556745,2,0.6673783817164295,0.6966216182835704
3. Adult,ForestDiffusion,KNN,F1,TRTR,0.8008786340418022,0.02509907434611157,2,0.7829238378743965,0.8188334302092078
3. Adult,ForestDiffusion,KNN,F1,TSTR,0.7079182364756985,0.01875433200562023,2,0.69450219555828,0.7213342773931171
3. Adult,ForestDiffusion,KNN,Precision,TRTR,0.7978462200616508,0.02661462081347623,2,0.7788072672624696,0.8168851728608321
3. Adult,ForestDiffusion,KNN,Precision,TSTR,0.8002301847805896,0.01929628218260107,2,0.7864264560613662,0.814033913499813
3. Adult,ForestDiffusion,KNN,Recall,TRTR,0.8069999999999998,0.02250925735484548,2,0.7908978473025423,0.8231021526974573
3. Adult,ForestDiffusion,KNN,Recall,TSTR,0.6819999999999999,0.0204396129556745,2,0.6673783817164295,0.6966216182835704
3. Adult,ForestDiffusion,Logistic Regression,Accuracy,TRTR,0.828,0.02175622516277427,2,0.8124365340815721,0.8435634659184278
3. Adult,ForestDiffusion,Logistic Regression,Accuracy,TSTR,0.7204999999999999,0.02521573582771946,2,0.7024617492360632,0.7385382507639366
3. Adult,ForestDiffusion,Logistic Regression,F1,TRTR,0.8104028939447145,0.02627109794847402,2,0.7916096825993776,0.8291961052900515
3. Adult,ForestDiffusion,Logistic Regression,F1,TSTR,0.7425816669128837,0.0226289966124321,2,0.7263938579105937,0.7587694759151737
3. Adult,ForestDiffusion,Logistic Regression,Precision,TRTR,0.8146192868859166,0.02793976606486409,2,0.7946323822797173,0.8346061914921158
3. Adult,ForestDiffusion,Logistic Regression,Precision,TSTR,0.8168901353561694,0.0142346735725995,2,0.8067072633115207,0.8270730074008181
3. Adult,ForestDiffusion,Logistic Regression,Recall,TRTR,0.828,0.02175622516277427,2,0.8124365340815721,0.8435634659184278
3. Adult,ForestDiffusion,Logistic Regression,Recall,TSTR,0.7204999999999999,0.02521573582771946,2,0.7024617492360632,0.7385382507639366
3. Adult,ForestDiffusion,MLP,Accuracy,TRTR,0.8074999999999999,0.02552232138518923,2,0.7892424311402508,0.8257575688597489
3. Adult,ForestDiffusion,MLP,Accuracy,TSTR,0.7040000000000001,0.03680277767294805,2,0.6776728788321031,0.730327121167897
3. Adult,ForestDiffusion,MLP,F1,TRTR,0.8069554910760722,0.02380568201797918,2,0.7899259320427484,0.823985050109396
3. Adult,ForestDiffusion,MLP,F1,TSTR,0.7272345527266039,0.03311353328519049,2,0.703546558009368,0.7509225474438397
3. Adult,ForestDiffusion,MLP,Precision,TRTR,0.808348378171001,0.02217982684553994,2,0.7924818858634185,0.8242148704785836
3. Adult,ForestDiffusion,MLP,Precision,TSTR,0.8053433697361732,0.01971851560894098,2,0.7912375934194783,0.819449146052868
3. Adult,ForestDiffusion,MLP,Recall,TRTR,0.8074999999999999,0.02552232138518923,2,0.7892424311402508,0.8257575688597489
3. Adult,ForestDiffusion,MLP,Recall,TSTR,0.7040000000000001,0.03680277767294805,2,0.6776728788321031,0.730327121167897
3. Adult,ForestDiffusion,Naive Bayes,Accuracy,TRTR,0.8090000000000002,0.02579836342785244,2,0.7905449625586889,0.8274550374413114
3. Adult,ForestDiffusion,Naive Bayes,Accuracy,TSTR,0.7725000000000002,0.02821051813301795,2,0.7523194110320365,0.7926805889679639
3. Adult,ForestDiffusion,Naive Bayes,F1,TRTR,0.7856952309335539,0.02992064254649245,2,0.7642912926563119,0.8070991692107958
3. Adult,ForestDiffusion,Naive Bayes,F1,TSTR,0.7665686732006363,0.02814661533497105,2,0.7464337975405674,0.7867035488607051
3. Adult,ForestDiffusion,Naive Bayes,Precision,TRTR,0.7897580695297388,0.03856477005414511,2,0.7621704949436537,0.8173456441158239
3. Adult,ForestDiffusion,Naive Bayes,Precision,TSTR,0.7632603404979916,0.02924767136212271,2,0.7423378168050198,0.7841828641909635
3. Adult,ForestDiffusion,Naive Bayes,Recall,TRTR,0.8090000000000002,0.02579836342785244,2,0.7905449625586889,0.8274550374413114
3. Adult,ForestDiffusion,Naive Bayes,Recall,TSTR,0.7725000000000002,0.02821051813301795,2,0.7523194110320365,0.7926805889679639
3. Adult,ForestDiffusion,Random Forest,Accuracy,TRTR,0.8385000000000001,0.02582526755804176,2,0.8200257165033583,0.856974283496642
3. Adult,ForestDiffusion,Random Forest,Accuracy,TSTR,0.7464999999999999,0.02068950351157698,2,0.7316996207815233,0.7613003792184766
3. Adult,ForestDiffusion,Random Forest,F1,TRTR,0.8305541949820711,0.02852270307867011,2,0.8101502823572895,0.8509581076068526
3. Adult,ForestDiffusion,Random Forest,F1,TSTR,0.7644637239952305,0.01887158862533338,2,0.7509638027451273,0.7779636452453338
3. Adult,ForestDiffusion,Random Forest,Precision,TRTR,0.829281699641512,0.02975094206425076,2,0.8079991577761912,0.8505642415068327
3. Adult,ForestDiffusion,Random Forest,Precision,TSTR,0.8155266283306348,0.02103133590380068,2,0.8004817169496905,0.8305715397115792
3. Adult,ForestDiffusion,Random Forest,Recall,TRTR,0.8385000000000001,0.02582526755804176,2,0.8200257165033583,0.856974283496642
3. Adult,ForestDiffusion,Random Forest,Recall,TSTR,0.7464999999999999,0.02068950351157698,2,0.7316996207815233,0.7613003792184766
3. Adult,ForestDiffusion,SVM-RBF,Accuracy,TRTR,0.8334999999999999,0.01826502425706331,2,0.8204339887596651,0.8465660112403347
3. Adult,ForestDiffusion,SVM-RBF,Accuracy,TSTR,0.7155,0.02278522913351252,2,0.6992004289848152,0.7317995710151849
3. Adult,ForestDiffusion,SVM-RBF,F1,TRTR,0.8099526079303931,0.02569511545306504,2,0.7915714296408753,0.8283337862199109
3. Adult,ForestDiffusion,SVM-RBF,F1,TSTR,0.7382835601759095,0.02057169283043969,2,0.7235674576417837,0.7529996627100353
3. Adult,ForestDiffusion,SVM-RBF,Precision,TRTR,0.8244128167802897,0.02264298462168463,2,0.8082150013589797,0.8406106322015996
3. Adult,ForestDiffusion,SVM-RBF,Precision,TSTR,0.8183299333627895,0.0154113579273181,2,0.8073053120388243,0.8293545546867547
3. Adult,ForestDiffusion,SVM-RBF,Recall,TRTR,0.8334999999999999,0.01826502425706331,2,0.8204339887596651,0.8465660112403347
3. Adult,ForestDiffusion,SVM-RBF,Recall,TSTR,0.7155,0.02278522913351252,2,0.6992004289848152,0.7317995710151849
3. Adult,GaussianCopula,AdaBoost,Accuracy,TRTR,0.837,0.02335713072180646,2,0.8202913152340833,0.8537086847659167
3. Adult,GaussianCopula,AdaBoost,Accuracy,TSTR,0.7715000000000001,0.00944281031614354,2,0.7647450204284089,0.7782549795715913
3. Adult,GaussianCopula,AdaBoost,F1,TRTR,0.8271380947617498,0.02698482468705257,2,0.8078343140649821,0.8464418754585176
3. Adult,GaussianCopula,AdaBoost,F1,TSTR,0.6757963959255276,0.002315837854289448,2,0.6741397453233124,0.6774530465277429
3. Adult,GaussianCopula,AdaBoost,Precision,TRTR,0.8274717782384444,0.02800542328232125,2,0.8074379052883093,0.8475056511885796
3. Adult,GaussianCopula,AdaBoost,Precision,TSTR,0.6030269577051925,0.007908338315814894,2,0.5973696732760821,0.6086842421343029
3. Adult,GaussianCopula,AdaBoost,Recall,TRTR,0.837,0.02335713072180646,2,0.8202913152340833,0.8537086847659167
3. Adult,GaussianCopula,AdaBoost,Recall,TSTR,0.7715000000000001,0.00944281031614354,2,0.7647450204284089,0.7782549795715913
3. Adult,GaussianCopula,Decision Tree,Accuracy,TRTR,0.784,0.02913569784454954,2,0.7631575773361119,0.8048424226638882
3. Adult,GaussianCopula,Decision Tree,Accuracy,TSTR,0.4085,0.07803311262961811,2,0.3526784739846367,0.46432152601536325
3. Adult,GaussianCopula,Decision Tree,F1,TRTR,0.785293092246484,0.02860525768452616,2,0.7648301236142822,0.8057560608786859
3. Adult,GaussianCopula,Decision Tree,F1,TSTR,0.4904641137533871,0.0678739430344425,2,0.4419100198670395,0.5390182076397347
3. Adult,GaussianCopula,Decision Tree,Precision,TRTR,0.7880825733490411,0.02887004930408354,2,0.767430184203141,0.8087349624949411
3. Adult,GaussianCopula,Decision Tree,Precision,TSTR,0.6397853086822934,0.0379549925896903,2,0.6126339426165223,0.6669366747480646
3. Adult,GaussianCopula,Decision Tree,Recall,TRTR,0.784,0.02913569784454954,2,0.7631575773361119,0.8048424226638882
3. Adult,GaussianCopula,Decision Tree,Recall,TSTR,0.4085,0.07803311262961811,2,0.3526784739846367,0.46432152601536325
3. Adult,GaussianCopula,Extra Trees,Accuracy,TRTR,0.8240000000000001,0.02469817807045691,2,0.8063319877519689,0.8416680122480312
3. Adult,GaussianCopula,Extra Trees,Accuracy,TSTR,0.7084999999999999,0.02427275564633454,2,0.691136316621027,0.7258636833789728
3. Adult,GaussianCopula,Extra Trees,F1,TRTR,0.8177052906725901,0.02578592983226878,2,0.7992591476897459,0.8361514336554343
3. Adult,GaussianCopula,Extra Trees,F1,TSTR,0.6494015932767833,0.01579331555033867,2,0.6381037359293955,0.660699450624171
3. Adult,GaussianCopula,Extra Trees,Precision,TRTR,0.8164120745306315,0.02647286138062653,2,0.7974745303207282,0.8353496187405347
3. Adult,GaussianCopula,Extra Trees,Precision,TSTR,0.6068357397989677,0.01759895731114488,2,0.5942462041482461,0.6194252754496892
3. Adult,GaussianCopula,Extra Trees,Recall,TRTR,0.8240000000000001,0.02469817807045691,2,0.8063319877519689,0.8416680122480312
3. Adult,GaussianCopula,Extra Trees,Recall,TSTR,0.7084999999999999,0.02427275564633454,2,0.691136316621027,0.7258636833789728
3. Adult,GaussianCopula,Gradient Boosting,Accuracy,TRTR,0.8324999999999999,0.02497220677295281,2,0.8146359594271994,0.8503640405728005
3. Adult,GaussianCopula,Gradient Boosting,Accuracy,TSTR,0.6525000000000001,0.1101072709275419,2,0.5737340033424538,0.7312659966575463
3. Adult,GaussianCopula,Gradient Boosting,F1,TRTR,0.8241877083342415,0.02593734444018238,2,0.8056332498659587,0.8427421668025242
3. Adult,GaussianCopula,Gradient Boosting,F1,TSTR,0.6186404945769445,0.0649822846446461,2,0.5721549684894969,0.6651260206643921
3. Adult,GaussianCopula,Gradient Boosting,Precision,TRTR,0.8235432786967685,0.02699678959462002,2,0.8042309388207429,0.842855618572794
3. Adult,GaussianCopula,Gradient Boosting,Precision,TSTR,0.598371641548541,0.02325099830563713,2,0.5817388793394802,0.6150044037576017
3. Adult,GaussianCopula,Gradient Boosting,Recall,TRTR,0.8324999999999999,0.02497220677295281,2,0.8146359594271994,0.8503640405728005
3. Adult,GaussianCopula,Gradient Boosting,Recall,TSTR,0.6525000000000001,0.1101072709275419,2,0.5737340033424538,0.7312659966575463
3. Adult,GaussianCopula,KNN,Accuracy,TRTR,0.8069999999999998,0.02250925735484548,2,0.7908978473025423,0.8231021526974573
3. Adult,GaussianCopula,KNN,Accuracy,TSTR,0.6079999999999999,0.03368151487751769,2,0.5839056957282186,0.6320943042717811
3. Adult,GaussianCopula,KNN,F1,TRTR,0.8008786340418022,0.02509907434611157,2,0.7829238378743965,0.8188334302092078
3. Adult,GaussianCopula,KNN,F1,TSTR,0.6148309831343735,0.02949258910103613,2,0.5937332558454708,0.6359287104232761
3. Adult,GaussianCopula,KNN,Precision,TRTR,0.7978462200616508,0.02661462081347623,2,0.7788072672624696,0.8168851728608321
3. Adult,GaussianCopula,KNN,Precision,TSTR,0.6226676892037621,0.02727190171815976,2,0.6031585459702413,0.642176832437283
3. Adult,GaussianCopula,KNN,Recall,TRTR,0.8069999999999998,0.02250925735484548,2,0.7908978473025423,0.8231021526974573
3. Adult,GaussianCopula,KNN,Recall,TSTR,0.6079999999999999,0.03368151487751765,2,0.5839056957282186,0.6320943042717811
3. Adult,GaussianCopula,Logistic Regression,Accuracy,TRTR,0.828,0.02175622516277427,2,0.8124365340815721,0.8435634659184278
3. Adult,GaussianCopula,Logistic Regression,Accuracy,TSTR,0.7745000000000001,0.001581138830084191,2,0.773368921418573,0.7756310785814271
3. Adult,GaussianCopula,Logistic Regression,F1,TRTR,0.8104028939447145,0.02627109794847402,2,0.7916096825993776,0.8291961052900515
3. Adult,GaussianCopula,Logistic Regression,F1,TSTR,0.6765138855733268,0.0007800637181922405,2,0.6759558616054071,0.6770719095412465
3. Adult,GaussianCopula,Logistic Regression,Precision,TRTR,0.8146192868859166,0.02793976606486409,2,0.7946323822797173,0.8346061914921158
3. Adult,GaussianCopula,Logistic Regression,Precision,TSTR,0.6005373743718593,0.0002770965663275487,2,0.6003391514295112,0.6007355973142073
3. Adult,GaussianCopula,Logistic Regression,Recall,TRTR,0.828,0.02175622516277427,2,0.8124365340815721,0.8435634659184278
3. Adult,GaussianCopula,Logistic Regression,Recall,TSTR,0.7745000000000001,0.001581138830084191,2,0.773368921418573,0.7756310785814271
3. Adult,GaussianCopula,MLP,Accuracy,TRTR,0.8074999999999999,0.02552232138518923,2,0.7892424311402508,0.8257575688597489
3. Adult,GaussianCopula,MLP,Accuracy,TSTR,0.5890000000000001,0.05179017495840521,2,0.5519515406811605,0.6260484593188397
3. Adult,GaussianCopula,MLP,F1,TRTR,0.8069554910760722,0.02380568201797918,2,0.7899259320427484,0.823985050109396
3. Adult,GaussianCopula,MLP,F1,TSTR,0.5979860104229818,0.03813680956562718,2,0.5707045803278482,0.6252674405181154
3. Adult,GaussianCopula,MLP,Precision,TRTR,0.808348378171001,0.02217982684553994,2,0.7924818858634185,0.8242148704785836
3. Adult,GaussianCopula,MLP,Precision,TSTR,0.6107703263832451,0.02860395898305344,2,0.5903082867861107,0.6312323659803796
3. Adult,GaussianCopula,MLP,Recall,TRTR,0.8074999999999999,0.02552232138518923,2,0.7892424311402508,0.8257575688597489
3. Adult,GaussianCopula,MLP,Recall,TSTR,0.5890000000000001,0.05179017495840522,2,0.5519515406811605,0.6260484593188397
3. Adult,GaussianCopula,Naive Bayes,Accuracy,TRTR,0.8090000000000002,0.02579836342785244,2,0.7905449625586889,0.8274550374413114
3. Adult,GaussianCopula,Naive Bayes,Accuracy,TSTR,0.639,0.02913569784454957,2,0.6181575773361119,0.6598424226638882
3. Adult,GaussianCopula,Naive Bayes,F1,TRTR,0.7856952309335539,0.02992064254649245,2,0.7642912926563119,0.8070991692107958
3. Adult,GaussianCopula,Naive Bayes,F1,TSTR,0.6096710498335544,0.01969023207310924,2,0.5955855063395425,0.6237565933275662
3. Adult,GaussianCopula,Naive Bayes,Precision,TRTR,0.7897580695297388,0.03856477005414511,2,0.7621704949436537,0.8173456441158239
3. Adult,GaussianCopula,Naive Bayes,Precision,TSTR,0.5844832393964479,0.01438178836090669,2,0.5741951277720105,0.5947713510208852
3. Adult,GaussianCopula,Naive Bayes,Recall,TRTR,0.8090000000000002,0.02579836342785244,2,0.7905449625586889,0.8274550374413114
3. Adult,GaussianCopula,Naive Bayes,Recall,TSTR,0.639,0.02913569784454957,2,0.6181575773361119,0.6598424226638882
3. Adult,GaussianCopula,Random Forest,Accuracy,TRTR,0.8385000000000001,0.02582526755804176,2,0.8200257165033583,0.856974283496642
3. Adult,GaussianCopula,Random Forest,Accuracy,TSTR,0.7205,0.02350531854708634,2,0.703685308049886,0.737314691950114
3. Adult,GaussianCopula,Random Forest,F1,TRTR,0.8305541949820711,0.02852270307867011,2,0.8101502823572895,0.8509581076068526
3. Adult,GaussianCopula,Random Forest,F1,TSTR,0.6537007090856258,0.01087062882900664,2,0.64592432968036,0.6614770884908917
3. Adult,GaussianCopula,Random Forest,Precision,TRTR,0.829281699641512,0.02975094206425076,2,0.8079991577761912,0.8505642415068327
3. Adult,GaussianCopula,Random Forest,Precision,TSTR,0.6036759308276415,0.01191228325791812,2,0.5951543967330005,0.6121974649222824
3. Adult,GaussianCopula,Random Forest,Recall,TRTR,0.8385000000000001,0.02582526755804176,2,0.8200257165033583,0.856974283496642
3. Adult,GaussianCopula,Random Forest,Recall,TSTR,0.7205,0.02350531854708634,2,0.703685308049886,0.737314691950114
3. Adult,GaussianCopula,SVM-RBF,Accuracy,TRTR,0.8334999999999999,0.01434689281110488,2,0.8232368511481015,0.8437631488518983
3. Adult,GaussianCopula,SVM-RBF,Accuracy,TSTR,0.768,0.006749485577105536,2,0.7631717088805489,0.7728282911194512
3. Adult,GaussianCopula,SVM-RBF,F1,TRTR,0.8149481177437427,0.01858408003146085,2,0.8016538677517971,0.8282423677356882
3. Adult,GaussianCopula,SVM-RBF,F1,TSTR,0.6732916407023293,0.003354883984813174,2,0.6708917012750035,0.675691580129655
3. Adult,GaussianCopula,SVM-RBF,Precision,TRTR,0.8237068747328286,0.01830566279058784,2,0.8106117924368877,0.8368019570287694
3. Adult,GaussianCopula,SVM-RBF,Precision,TSTR,0.5993884373560873,0.001198750051172788,2,0.598530903228427,0.6002459714837476
3. Adult,GaussianCopula,SVM-RBF,Recall,TRTR,0.8334999999999999,0.01434689281110488,2,0.8232368511481015,0.8437631488518983
3. Adult,GaussianCopula,SVM-RBF,Recall,TSTR,0.768,0.006749485577105536,2,0.7631717088805489,0.7728282911194512
3. Adult,TVAE,AdaBoost,Accuracy,TRTR,0.837,0.02335713072180646,2,0.8202913152340833,0.8537086847659167
3. Adult,TVAE,AdaBoost,Accuracy,TSTR,0.7114999999999999,0.0156436000403431,2,0.700309242676621,0.7226907573233788
3. Adult,TVAE,AdaBoost,F1,TRTR,0.8271380947617498,0.02698482468705257,2,0.8078343140649821,0.8464418754585176
3. Adult,TVAE,AdaBoost,F1,TSTR,0.6783926104982184,0.00845278779508926,2,0.6723458503741474,0.6844393706222894
3. Adult,TVAE,AdaBoost,Precision,TRTR,0.8274717782384444,0.02800542328232125,2,0.8074379052883093,0.8475056511885796
3. Adult,TVAE,AdaBoost,Precision,TSTR,0.6698904872446425,0.07079008794013684,2,0.6192503089611437,0.7205306655281413
3. Adult,TVAE,AdaBoost,Recall,TRTR,0.837,0.02335713072180646,2,0.8202913152340833,0.8537086847659167
3. Adult,TVAE,AdaBoost,Recall,TSTR,0.7114999999999999,0.0156436000403431,2,0.700309242676621,0.7226907573233788
3. Adult,TVAE,Decision Tree,Accuracy,TRTR,0.784,0.02913569784454954,2,0.7631575773361119,0.8048424226638882
3. Adult,TVAE,Decision Tree,Accuracy,TSTR,0.6625,0.01719980620045857,2,0.6501959998528408,0.6748040001471591
3. Adult,TVAE,Decision Tree,F1,TRTR,0.785293092246484,0.02860525768452616,2,0.7648301236142822,0.8057560608786859
3. Adult,TVAE,Decision Tree,F1,TSTR,0.6582782022598077,0.01311496597105887,2,0.6488963207806087,0.6676600837390068
3. Adult,TVAE,Decision Tree,Precision,TRTR,0.7880825733490411,0.02887004930408354,2,0.767430184203141,0.8087349624949411
3. Adult,TVAE,Decision Tree,Precision,TSTR,0.6695038168635647,0.03621303213699847,2,0.6435985742375852,0.6954090594895443
3. Adult,TVAE,Decision Tree,Recall,TRTR,0.784,0.02913569784454954,2,0.7631575773361119,0.8048424226638882
3. Adult,TVAE,Decision Tree,Recall,TSTR,0.6625,0.01719980620045857,2,0.6501959998528408,0.6748040001471591
3. Adult,TVAE,Extra Trees,Accuracy,TRTR,0.8240000000000001,0.02469817807045691,2,0.8063319877519689,0.8416680122480312
3. Adult,TVAE,Extra Trees,Accuracy,TSTR,0.7164999999999999,0.01313392553656371,2,0.7071045556646824,0.7258954443353174
3. Adult,TVAE,Extra Trees,F1,TRTR,0.8177052906725901,0.02578592983226878,2,0.7992591476897459,0.8361514336554343
3. Adult,TVAE,Extra Trees,F1,TSTR,0.6811470195358533,0.01116736651660929,2,0.6731583667764939,0.6891356722952128
3. Adult,TVAE,Extra Trees,Precision,TRTR,0.8164120745306315,0.02647286138062653,2,0.7974745303207282,0.8353496187405347
3. Adult,TVAE,Extra Trees,Precision,TSTR,0.6492585095587544,0.01372643149714761,2,0.639439211992694,0.6590778071248148
3. Adult,TVAE,Extra Trees,Recall,TRTR,0.8240000000000001,0.02469817807045691,2,0.8063319877519689,0.8416680122480312
3. Adult,TVAE,Extra Trees,Recall,TSTR,0.7164999999999999,0.01313392553656371,2,0.7071045556646824,0.7258954443353174
3. Adult,TVAE,Gradient Boosting,Accuracy,TRTR,0.8324999999999999,0.02497220677295281,2,0.8146359594271994,0.8503640405728005
3. Adult,TVAE,Gradient Boosting,Accuracy,TSTR,0.704,0.01867856763482919,2,0.6906381576484546,0.7173618423515453
3. Adult,TVAE,Gradient Boosting,F1,TRTR,0.8241877083342415,0.02593734444018238,2,0.8056332498659587,0.8427421668025242
3. Adult,TVAE,Gradient Boosting,F1,TSTR,0.6764529602983478,0.01130620658476037,2,0.6683649873374086,0.684540933259287
3. Adult,TVAE,Gradient Boosting,Precision,TRTR,0.8235432786967685,0.02699678959462002,2,0.8042309388207429,0.842855618572794
3. Adult,TVAE,Gradient Boosting,Precision,TSTR,0.6512399721106326,0.01202619924804045,2,0.6426369474257551,0.6598429967955101
3. Adult,TVAE,Gradient Boosting,Recall,TRTR,0.8324999999999999,0.02497220677295281,2,0.8146359594271994,0.8503640405728005
3. Adult,TVAE,Gradient Boosting,Recall,TSTR,0.704,0.01867856763482919,2,0.6906381576484546,0.7173618423515453
3. Adult,TVAE,KNN,Accuracy,TRTR,0.8069999999999998,0.02250925735484548,2,0.7908978473025423,0.8231021526974573
3. Adult,TVAE,KNN,Accuracy,TSTR,0.6655,0.03209794039775414,2,0.6425385166684644,0.6884614833315356
3. Adult,TVAE,KNN,F1,TRTR,0.8008786340418022,0.02509907434611157,2,0.7829238378743965,0.8188334302092078
3. Adult,TVAE,KNN,F1,TSTR,0.6588833526290323,0.01690228536932186,2,0.6467921860631022,0.6709745191949624
3. Adult,TVAE,KNN,Precision,TRTR,0.7978462200616508,0.02661462081347623,2,0.7788072672624696,0.8168851728608321
3. Adult,TVAE,KNN,Precision,TSTR,0.6533657443206147,0.01707312181096241,2,0.6411523687263626,0.6655791199148667
3. Adult,TVAE,KNN,Recall,TRTR,0.8069999999999998,0.02250925735484548,2,0.7908978473025423,0.8231021526974573
3. Adult,TVAE,KNN,Recall,TSTR,0.6655,0.03209794039775414,2,0.6425385166684644,0.6884614833315356
3. Adult,TVAE,Logistic Regression,Accuracy,TRTR,0.828,0.02175622516277427,2,0.8124365340815721,0.8435634659184278
3. Adult,TVAE,Logistic Regression,Accuracy,TSTR,0.6625,0.02637865298557399,2,0.6436298484160997,0.6813701515839002
3. Adult,TVAE,Logistic Regression,F1,TRTR,0.8104028939447145,0.02627109794847402,2,0.7916096825993776,0.8291961052900515
3. Adult,TVAE,Logistic Regression,F1,TSTR,0.6644550004061377,0.01447295796749301,2,0.6541016699740126,0.6748083308382627
3. Adult,TVAE,Logistic Regression,Precision,TRTR,0.8146192868859166,0.02793976606486409,2,0.7946323822797173,0.8346061914921158
3. Adult,TVAE,Logistic Regression,Precision,TSTR,0.6767547031941447,0.03688795603930661,2,0.6503666490936324,0.7031427572946569
3. Adult,TVAE,Logistic Regression,Recall,TRTR,0.828,0.02175622516277427,2,0.8124365340815721,0.8435634659184278
3. Adult,TVAE,Logistic Regression,Recall,TSTR,0.6625,0.02637865298557399,2,0.6436298484160997,0.6813701515839002
3. Adult,TVAE,MLP,Accuracy,TRTR,0.8074999999999999,0.02552232138518923,2,0.7892424311402508,0.8257575688597489
3. Adult,TVAE,MLP,Accuracy,TSTR,0.6955,0.02454587541726713,2,0.6779409385067285,0.7130590614932715
3. Adult,TVAE,MLP,F1,TRTR,0.8069554910760722,0.02380568201797918,2,0.7899259320427484,0.823985050109396
3. Adult,TVAE,MLP,F1,TSTR,0.6649545725430873,0.01424548575135513,2,0.654763965931697,0.6751451791544777
3. Adult,TVAE,MLP,Precision,TRTR,0.808348378171001,0.02217982684553994,2,0.7924818858634185,0.8242148704785836
3. Adult,TVAE,MLP,Precision,TSTR,0.6375167708739066,0.0162404902713344,2,0.6258990240016711,0.6491345177461421
3. Adult,TVAE,MLP,Recall,TRTR,0.8074999999999999,0.02552232138518923,2,0.7892424311402508,0.8257575688597489
3. Adult,TVAE,MLP,Recall,TSTR,0.6955,0.02454587541726713,2,0.6779409385067285,0.7130590614932715
3. Adult,TVAE,Naive Bayes,Accuracy,TRTR,0.8090000000000002,0.02579836342785244,2,0.7905449625586889,0.8274550374413114
3. Adult,TVAE,Naive Bayes,Accuracy,TSTR,0.41,0.04422166387140534,2,0.3783657273552951,0.44163427264470484
3. Adult,TVAE,Naive Bayes,F1,TRTR,0.7856952309335539,0.02992064254649245,2,0.7642912926563119,0.8070991692107958
3. Adult,TVAE,Naive Bayes,F1,TSTR,0.5323109684543187,0.03958369246888181,2,0.5039945006821854,0.560627436226452
3. Adult,TVAE,Naive Bayes,Precision,TRTR,0.7897580695297388,0.03856477005414511,2,0.7621704949436537,0.8173456441158239
3. Adult,TVAE,Naive Bayes,Precision,TSTR,0.7671532332267498,0.0257033476862349,2,0.7487661659523822,0.7855403005011173
3. Adult,TVAE,Naive Bayes,Recall,TRTR,0.8090000000000002,0.02579836342785244,2,0.7905449625586889,0.8274550374413114
3. Adult,TVAE,Naive Bayes,Recall,TSTR,0.41,0.04422166387140534,2,0.3783657273552951,0.44163427264470484
3. Adult,TVAE,Random Forest,Accuracy,TRTR,0.8385000000000001,0.02582526755804176,2,0.8200257165033583,0.856974283496642
3. Adult,TVAE,Random Forest,Accuracy,TSTR,0.7224999999999999,0.01687371394276384,2,0.7104292722013721,0.7345707277986278
3. Adult,TVAE,Random Forest,F1,TRTR,0.8305541949820711,0.02852270307867011,2,0.8101502823572895,0.8509581076068526
3. Adult,TVAE,Random Forest,F1,TSTR,0.6795037080083114,0.009001529566553694,2,0.673064401668419,0.6859430143482038
3. Adult,TVAE,Random Forest,Precision,TRTR,0.829281699641512,0.02975094206425076,2,0.8079991577761912,0.8505642415068327
3. Adult,TVAE,Random Forest,Precision,TSTR,0.6415867036554894,0.01077694798602694,2,0.6338773394882079,0.6492960678227709
3. Adult,TVAE,Random Forest,Recall,TRTR,0.8385000000000001,0.02582526755804176,2,0.8200257165033583,0.856974283496642
3. Adult,TVAE,Random Forest,Recall,TSTR,0.7224999999999999,0.01687371394276384,2,0.7104292722013721,0.7345707277986278
3. Adult,TVAE,SVM-RBF,Accuracy,TRTR,0.8334999999999999,0.01434689281110488,2,0.8232368511481015,0.8437631488518983
3. Adult,TVAE,SVM-RBF,Accuracy,TSTR,0.747,0.01378404875209023,2,0.7371394855327122,0.7568605144672877
3. Adult,TVAE,SVM-RBF,F1,TRTR,0.8149481177437427,0.01858408003146085,2,0.8016538677517971,0.8282423677356882
3. Adult,TVAE,SVM-RBF,F1,TSTR,0.6747035900414726,0.007070001897101652,2,0.6696460153590303,0.6797611647239149
3. Adult,TVAE,SVM-RBF,Precision,TRTR,0.8237068747328286,0.01830566279058784,2,0.8106117924368877,0.8368019570287694
3. Adult,TVAE,SVM-RBF,Precision,TSTR,0.6152665064944008,0.006074741117977869,2,0.610920898483564,0.6196121145052377
3. Adult,TVAE,SVM-RBF,Recall,TRTR,0.8334999999999999,0.01434689281110488,2,0.8232368511481015,0.8437631488518983
3. Adult,TVAE,SVM-RBF,Recall,TSTR,0.747,0.01378404875209023,2,0.7371394855327122,0.7568605144672877
3. Adult,TabDDPM,AdaBoost,Accuracy,TRTR,0.837,0.02335713072180646,2,0.8202913152340833,0.8537086847659167
3. Adult,TabDDPM,AdaBoost,Accuracy,TSTR,0.5305000000000001,0.1057368326449104,2,0.4548604265501301,0.6061395734498701
3. Adult,TabDDPM,AdaBoost,F1,TRTR,0.8271380947617498,0.02698482468705257,2,0.8078343140649821,0.8464418754585176
3. Adult,TabDDPM,AdaBoost,F1,TSTR,0.5488756106178502,0.07559652370376714,2,0.4947971153176491,0.6029541059180512
3. Adult,TabDDPM,AdaBoost,Precision,TRTR,0.8274717782384444,0.02800542328232125,2,0.8074379052883093,0.8475056511885796
3. Adult,TabDDPM,AdaBoost,Precision,TSTR,0.6271948053271059,0.05744903576928705,2,0.5860982408471752,0.6682913698070366
3. Adult,TabDDPM,AdaBoost,Recall,TRTR,0.837,0.02335713072180646,2,0.8202913152340833,0.8537086847659167
3. Adult,TabDDPM,AdaBoost,Recall,TSTR,0.5305000000000001,0.1057368326449104,2,0.4548604265501301,0.6061395734498701
3. Adult,TabDDPM,Decision Tree,Accuracy,TRTR,0.784,0.02913569784454954,2,0.7631575773361119,0.8048424226638882
3. Adult,TabDDPM,Decision Tree,Accuracy,TSTR,0.533,0.08944893018427393,2,0.4690120900594108,0.5969879099405893
3. Adult,TabDDPM,Decision Tree,F1,TRTR,0.785293092246484,0.02860525768452616,2,0.7648301236142822,0.8057560608786859
3. Adult,TabDDPM,Decision Tree,F1,TSTR,0.5585204539883526,0.07763899105273228,2,0.5029808655648136,0.6140600424118916
3. Adult,TabDDPM,Decision Tree,Precision,TRTR,0.7880825733490411,0.02887004930408354,2,0.767430184203141,0.8087349624949411
3. Adult,TabDDPM,Decision Tree,Precision,TSTR,0.6609231821422814,0.07338396495062781,2,0.6084274560260435,0.7134189082585193
3. Adult,TabDDPM,Decision Tree,Recall,TRTR,0.784,0.02913569784454954,2,0.7631575773361119,0.8048424226638882
3. Adult,TabDDPM,Decision Tree,Recall,TSTR,0.533,0.08944893018427393,2,0.4690120900594108,0.5969879099405893
3. Adult,TabDDPM,Extra Trees,Accuracy,TRTR,0.8240000000000001,0.02469817807045691,2,0.8063319877519689,0.8416680122480312
3. Adult,TabDDPM,Extra Trees,Accuracy,TSTR,0.5954999999999999,0.08725600902580355,2,0.5330808113544104,0.6579191886455894
3. Adult,TabDDPM,Extra Trees,F1,TRTR,0.8177052906725901,0.02578592983226878,2,0.7992591476897459,0.8361514336554343
3. Adult,TabDDPM,Extra Trees,F1,TSTR,0.6039978948807547,0.05700630742689323,2,0.5632180391780323,0.6447777505834772
3. Adult,TabDDPM,Extra Trees,Precision,TRTR,0.8164120745306315,0.02647286138062653,2,0.7974745303207282,0.8353496187405347
3. Adult,TabDDPM,Extra Trees,Precision,TSTR,0.636558589265263,0.01581256914988814,2,0.6252469587224724,0.6478702198080536
3. Adult,TabDDPM,Extra Trees,Recall,TRTR,0.8240000000000001,0.02469817807045691,2,0.8063319877519689,0.8416680122480312
3. Adult,TabDDPM,Extra Trees,Recall,TSTR,0.5954999999999999,0.08725600902580355,2,0.5330808113544104,0.6579191886455894
3. Adult,TabDDPM,Gradient Boosting,Accuracy,TRTR,0.833,0.0240601099101581,2,0.8157884342169298,0.8502115657830701
3. Adult,TabDDPM,Gradient Boosting,Accuracy,TSTR,0.3895,0.106860500965823,2,0.31305660265672486,0.46594339734327517
3. Adult,TabDDPM,Gradient Boosting,F1,TRTR,0.8246020797017092,0.02529261929811836,2,0.8065088298162663,0.8426953295871521
3. Adult,TabDDPM,Gradient Boosting,F1,TSTR,0.4091344775251774,0.1220295067774568,2,0.32183982711757275,0.49642912793278204
3. Adult,TabDDPM,Gradient Boosting,Precision,TRTR,0.8239151747889606,0.02640491712024394,2,0.8050262349749443,0.8428041146029769
3. Adult,TabDDPM,Gradient Boosting,Precision,TSTR,0.6031499807370405,0.1038495103829512,2,0.5288605163010885,0.6774394451729925
3. Adult,TabDDPM,Gradient Boosting,Recall,TRTR,0.833,0.0240601099101581,2,0.8157884342169298,0.8502115657830701
3. Adult,TabDDPM,Gradient Boosting,Recall,TSTR,0.3895,0.106860500965823,2,0.31305660265672486,0.46594339734327517
3. Adult,TabDDPM,KNN,Accuracy,TRTR,0.8069999999999998,0.02250925735484548,2,0.7908978473025423,0.8231021526974573
3. Adult,TabDDPM,KNN,Accuracy,TSTR,0.6029999999999999,0.06490163497341357,2,0.5565721672118341,0.6494278327881656
3. Adult,TabDDPM,KNN,F1,TRTR,0.8008786340418022,0.02509907434611157,2,0.7829238378743965,0.8188334302092078
3. Adult,TabDDPM,KNN,F1,TSTR,0.6279760268799872,0.05528025871606659,2,0.5884309120426269,0.6675211417173476
3. Adult,TabDDPM,KNN,Precision,TRTR,0.7978462200616508,0.02661462081347623,2,0.7788072672624696,0.8168851728608321
3. Adult,TabDDPM,KNN,Precision,TSTR,0.6853656925276244,0.02424663571614332,2,0.6680206942210977,0.702710690834151
3. Adult,TabDDPM,KNN,Recall,TRTR,0.8069999999999998,0.02250925735484548,2,0.7908978473025423,0.8231021526974573
3. Adult,TabDDPM,KNN,Recall,TSTR,0.6029999999999999,0.06490163497341357,2,0.5565721672118341,0.6494278327881656
3. Adult,TabDDPM,Logistic Regression,Accuracy,TRTR,0.828,0.02175622516277427,2,0.8124365340815721,0.8435634659184278
3. Adult,TabDDPM,Logistic Regression,Accuracy,TSTR,0.2305,0.008316649966583095,2,0.2245506270117171,0.23644937298828292
3. Adult,TabDDPM,Logistic Regression,F1,TRTR,0.8104028939447145,0.02627109794847402,2,0.7916096825993776,0.8291961052900515
3. Adult,TabDDPM,Logistic Regression,F1,TSTR,0.09727722370394457,0.01464171707055061,2,0.08680317028199883,0.1077512771258903
3. Adult,TabDDPM,Logistic Regression,Precision,TRTR,0.8146192868859166,0.02793976606486409,2,0.7946323822797173,0.8346061914921158
3. Adult,TabDDPM,Logistic Regression,Precision,TSTR,0.5673248815657512,0.3168651752883881,2,0.34065319015599693,0.7939965729755055
3. Adult,TabDDPM,Logistic Regression,Recall,TRTR,0.828,0.02175622516277427,2,0.8124365340815721,0.8435634659184278
3. Adult,TabDDPM,Logistic Regression,Recall,TSTR,0.2305,0.008316649966583095,2,0.2245506270117171,0.23644937298828292
3. Adult,TabDDPM,MLP,Accuracy,TRTR,0.8074999999999999,0.02552232138518923,2,0.7892424311402508,0.8257575688597489
3. Adult,TabDDPM,MLP,Accuracy,TSTR,0.4575,0.2711933504592864,2,0.2634999638908333,0.6515000361091667
3. Adult,TabDDPM,MLP,F1,TRTR,0.8069554910760722,0.02380568201797918,2,0.7899259320427484,0.823985050109396
3. Adult,TabDDPM,MLP,F1,TSTR,0.3571250032074406,0.2925635451498613,2,0.1478376507440558,0.5664123556708254
3. Adult,TabDDPM,MLP,Precision,TRTR,0.808348378171001,0.02217982684553994,2,0.7924818858634185,0.8242148704785836
3. Adult,TabDDPM,MLP,Precision,TSTR,0.4823265278645917,0.2529046991217041,2,0.30140940479097733,0.663243650938206
3. Adult,TabDDPM,MLP,Recall,TRTR,0.8074999999999999,0.02552232138518923,2,0.7892424311402508,0.8257575688597489
3. Adult,TabDDPM,MLP,Recall,TSTR,0.4575,0.2711933504592864,2,0.2634999638908333,0.6515000361091667
3. Adult,TabDDPM,Naive Bayes,Accuracy,TRTR,0.8090000000000002,0.02579836342785244,2,0.7905449625586889,0.8274550374413114
3. Adult,TabDDPM,Naive Bayes,Accuracy,TSTR,0.5655,0.1774268237267911,2,0.43857649633946416,0.6924235036605358
3. Adult,TabDDPM,Naive Bayes,F1,TRTR,0.7856952309335539,0.02992064254649245,2,0.7642912926563119,0.8070991692107958
3. Adult,TabDDPM,Naive Bayes,F1,TSTR,0.5443376427995192,0.1772402845995828,2,0.41754758119186886,0.6711277044071696
3. Adult,TabDDPM,Naive Bayes,Precision,TRTR,0.7897580695297388,0.03856477005414511,2,0.7621704949436537,0.8173456441158239
3. Adult,TabDDPM,Naive Bayes,Precision,TSTR,0.6655303303483318,0.09270492416950747,2,0.5992132226245492,0.7318474380721143
3. Adult,TabDDPM,Naive Bayes,Recall,TRTR,0.8090000000000002,0.02579836342785244,2,0.7905449625586889,0.8274550374413114
3. Adult,TabDDPM,Naive Bayes,Recall,TSTR,0.5655,0.1774268237267911,2,0.43857649633946416,0.6924235036605358
3. Adult,TabDDPM,Random Forest,Accuracy,TRTR,0.8385000000000001,0.02582526755804176,2,0.8200257165033583,0.856974283496642
3. Adult,TabDDPM,Random Forest,Accuracy,TSTR,0.5125,0.1123795651649652,2,0.4321085019672754,0.5928914980327245
3. Adult,TabDDPM,Random Forest,F1,TRTR,0.8305541949820711,0.02852270307867011,2,0.8101502823572895,0.8509581076068526
3. Adult,TabDDPM,Random Forest,F1,TSTR,0.5395203310251679,0.1034656199890816,2,0.4655054852336132,0.6135351768167228
3. Adult,TabDDPM,Random Forest,Precision,TRTR,0.829281699641512,0.02975094206425076,2,0.8079991577761912,0.8505642415068327
3. Adult,TabDDPM,Random Forest,Precision,TSTR,0.6429581736983061,0.04306004027927952,2,0.6121548765123874,0.6737614708842248
3. Adult,TabDDPM,Random Forest,Recall,TRTR,0.8385000000000001,0.02582526755804176,2,0.8200257165033583,0.856974283496642
3. Adult,TabDDPM,Random Forest,Recall,TSTR,0.5125,0.1123795651649652,2,0.4321085019672754,0.5928914980327245
3. Adult,TabDDPM,SVM-RBF,Accuracy,TRTR,0.8334999999999999,0.01826502425706331,2,0.8204339887596651,0.8465660112403347
3. Adult,TabDDPM,SVM-RBF,Accuracy,TSTR,0.2305,0.008316649966583095,2,0.2245506270117171,0.23644937298828292
3. Adult,TabDDPM,SVM-RBF,F1,TRTR,0.8099526079303931,0.02569511545306504,2,0.7915714296408753,0.8283337862199109
3. Adult,TabDDPM,SVM-RBF,F1,TSTR,0.09727722370394457,0.01464171707055061,2,0.08680317028199883,0.1077512771258903
3. Adult,TabDDPM,SVM-RBF,Precision,TRTR,0.8244128167802897,0.02264298462168463,2,0.8082150013589797,0.8406106322015996
3. Adult,TabDDPM,SVM-RBF,Precision,TSTR,0.5673248815657512,0.3168651752883881,2,0.34065319015599693,0.7939965729755055
3. Adult,TabDDPM,SVM-RBF,Recall,TRTR,0.8334999999999999,0.01826502425706331,2,0.8204339887596651,0.8465660112403347
3. Adult,TabDDPM,SVM-RBF,Recall,TSTR,0.2305,0.008316649966583095,2,0.2245506270117171,0.23644937298828292
3. Adult,WGAN_GP,AdaBoost,Accuracy,TRTR,0.837,0.02335713072180646,2,0.8202913152340833,0.8537086847659167
3. Adult,WGAN_GP,AdaBoost,Accuracy,TSTR,0.4189999999999999,0.05342700108039421,2,0.3807806258108934,0.45721937418910635
3. Adult,WGAN_GP,AdaBoost,F1,TRTR,0.8271380947617498,0.02698482468705257,2,0.8078343140649821,0.8464418754585176
3. Adult,WGAN_GP,AdaBoost,F1,TSTR,0.4099330213009528,0.07492506757683282,2,0.3563348567782224,0.46353118582368324
3. Adult,WGAN_GP,AdaBoost,Precision,TRTR,0.8274717782384444,0.02800542328232125,2,0.8074379052883093,0.8475056511885796
3. Adult,WGAN_GP,AdaBoost,Precision,TSTR,0.811190152826164,0.02562700081370854,2,0.7928577008143088,0.8295226048380192
3. Adult,WGAN_GP,AdaBoost,Recall,TRTR,0.837,0.02335713072180646,2,0.8202913152340833,0.8537086847659167
3. Adult,WGAN_GP,AdaBoost,Recall,TSTR,0.4189999999999999,0.05342700108039421,2,0.3807806258108934,0.45721937418910635
3. Adult,WGAN_GP,Decision Tree,Accuracy,TRTR,0.784,0.02913569784454954,2,0.7631575773361119,0.8048424226638882
3. Adult,WGAN_GP,Decision Tree,Accuracy,TSTR,0.45,0.04242640687119286,2,0.41964997684842104,0.480350023151579
3. Adult,WGAN_GP,Decision Tree,F1,TRTR,0.785293092246484,0.02860525768452616,2,0.7648301236142822,0.8057560608786859
3. Adult,WGAN_GP,Decision Tree,F1,TSTR,0.4635342046055648,0.05030594471947832,2,0.42754749963821836,0.4995209095729113
3. Adult,WGAN_GP,Decision Tree,Precision,TRTR,0.7880825733490411,0.02887004930408354,2,0.767430184203141,0.8087349624949411
3. Adult,WGAN_GP,Decision Tree,Precision,TSTR,0.7610838460782016,0.03635249774981847,2,0.7350788357629433,0.7870888563934598
3. Adult,WGAN_GP,Decision Tree,Recall,TRTR,0.784,0.02913569784454954,2,0.7631575773361119,0.8048424226638882
3. Adult,WGAN_GP,Decision Tree,Recall,TSTR,0.45,0.04242640687119286,2,0.41964997684842104,0.480350023151579
3. Adult,WGAN_GP,Extra Trees,Accuracy,TRTR,0.8240000000000001,0.02469817807045691,2,0.8063319877519689,0.8416680122480312
3. Adult,WGAN_GP,Extra Trees,Accuracy,TSTR,0.2755,0.02443244655052875,2,0.2580220806298883,0.29297791937011175
3. Adult,WGAN_GP,Extra Trees,F1,TRTR,0.8177052906725901,0.02578592983226878,2,0.7992591476897459,0.8361514336554343
3. Adult,WGAN_GP,Extra Trees,F1,TSTR,0.1844530659548037,0.0400773698459206,2,0.15578344266167554,0.21312268924793187
3. Adult,WGAN_GP,Extra Trees,Precision,TRTR,0.8164120745306315,0.02647286138062653,2,0.7974745303207282,0.8353496187405347
3. Adult,WGAN_GP,Extra Trees,Precision,TSTR,0.7806079616890849,0.07677515729672589,2,0.725686322708531,0.8355296006696388
3. Adult,WGAN_GP,Extra Trees,Recall,TRTR,0.8240000000000001,0.02469817807045691,2,0.8063319877519689,0.8416680122480312
3. Adult,WGAN_GP,Extra Trees,Recall,TSTR,0.2755,0.02443244655052875,2,0.2580220806298883,0.29297791937011175
3. Adult,WGAN_GP,Gradient Boosting,Accuracy,TRTR,0.8324999999999999,0.02497220677295281,2,0.8146359594271994,0.8503640405728005
3. Adult,WGAN_GP,Gradient Boosting,Accuracy,TSTR,0.288,0.0213697605664328,2,0.27271299419948497,0.303287005800515
3. Adult,WGAN_GP,Gradient Boosting,F1,TRTR,0.8241877083342415,0.02593734444018238,2,0.8056332498659587,0.8427421668025242
3. Adult,WGAN_GP,Gradient Boosting,F1,TSTR,0.2095461409137212,0.03581158992586431,2,0.1839280727458317,0.2351642090816107
3. Adult,WGAN_GP,Gradient Boosting,Precision,TRTR,0.8235432786967685,0.02699678959462002,2,0.8042309388207429,0.842855618572794
3. Adult,WGAN_GP,Gradient Boosting,Precision,TSTR,0.7720396094784092,0.06151837615979468,2,0.7280320142473117,0.8160472047095068
3. Adult,WGAN_GP,Gradient Boosting,Recall,TRTR,0.8324999999999999,0.02497220677295281,2,0.8146359594271994,0.8503640405728005
3. Adult,WGAN_GP,Gradient Boosting,Recall,TSTR,0.288,0.0213697605664328,2,0.27271299419948497,0.303287005800515
3. Adult,WGAN_GP,KNN,Accuracy,TRTR,0.8069999999999998,0.02250925735484548,2,0.7908978473025423,0.8231021526974573
3. Adult,WGAN_GP,KNN,Accuracy,TSTR,0.3585,0.02963200221982232,2,0.3373025425737883,0.3796974574262117
3. Adult,WGAN_GP,KNN,F1,TRTR,0.8008786340418022,0.02509907434611157,2,0.7829238378743965,0.8188334302092078
3. Adult,WGAN_GP,KNN,F1,TSTR,0.3405047563380191,0.04106259011887049,2,0.3111303489187165,0.36987916375732166
3. Adult,WGAN_GP,KNN,Precision,TRTR,0.7978462200616508,0.02661462081347623,2,0.7788072672624696,0.8168851728608321
3. Adult,WGAN_GP,KNN,Precision,TSTR,0.7288952426351358,0.0366804855946361,2,0.702655603950007,0.7551348813202646
3. Adult,WGAN_GP,KNN,Recall,TRTR,0.8069999999999998,0.02250925735484548,2,0.7908978473025423,0.8231021526974573
3. Adult,WGAN_GP,KNN,Recall,TSTR,0.3585,0.02963200221982232,2,0.3373025425737883,0.3796974574262117
3. Adult,WGAN_GP,Logistic Regression,Accuracy,TRTR,0.828,0.02175622516277427,2,0.8124365340815721,0.8435634659184278
3. Adult,WGAN_GP,Logistic Regression,Accuracy,TSTR,0.3295,0.02020038503483425,2,0.3150495150617078,0.3439504849382922
3. Adult,WGAN_GP,Logistic Regression,F1,TRTR,0.8104028939447145,0.02627109794847402,2,0.7916096825993776,0.8291961052900515
3. Adult,WGAN_GP,Logistic Regression,F1,TSTR,0.2986286255929107,0.02877583905099596,2,0.2780436304021718,0.3192136207836496
3. Adult,WGAN_GP,Logistic Regression,Precision,TRTR,0.8146192868859166,0.02793976606486409,2,0.7946323822797173,0.8346061914921158
3. Adult,WGAN_GP,Logistic Regression,Precision,TSTR,0.7059381246669123,0.03698291430109878,2,0.6794821415180463,0.7323941078157783
3. Adult,WGAN_GP,Logistic Regression,Recall,TRTR,0.828,0.02175622516277427,2,0.8124365340815721,0.8435634659184278
3. Adult,WGAN_GP,Logistic Regression,Recall,TSTR,0.3295,0.02020038503483425,2,0.3150495150617078,0.3439504849382922
3. Adult,WGAN_GP,MLP,Accuracy,TRTR,0.8074999999999999,0.02552232138518923,2,0.7892424311402508,0.8257575688597489
3. Adult,WGAN_GP,MLP,Accuracy,TSTR,0.352,0.03852848873813305,2,0.32443837950388255,0.3795616204961174
3. Adult,WGAN_GP,MLP,F1,TRTR,0.8069554910760722,0.02380568201797918,2,0.7899259320427484,0.823985050109396
3. Adult,WGAN_GP,MLP,F1,TSTR,0.322152552896792,0.05492395725123187,2,0.28286232077291495,0.36144278502066907
3. Adult,WGAN_GP,MLP,Precision,TRTR,0.808348378171001,0.02217982684553994,2,0.7924818858634185,0.8242148704785836
3. Adult,WGAN_GP,MLP,Precision,TSTR,0.7579932141114015,0.04250068135389313,2,0.7275900581956842,0.7883963700271188
3. Adult,WGAN_GP,MLP,Recall,TRTR,0.8074999999999999,0.02552232138518923,2,0.7892424311402508,0.8257575688597489
3. Adult,WGAN_GP,MLP,Recall,TSTR,0.352,0.03852848873813305,2,0.32443837950388255,0.3795616204961174
3. Adult,WGAN_GP,Naive Bayes,Accuracy,TRTR,0.8090000000000002,0.02579836342785244,2,0.7905449625586889,0.8274550374413114
3. Adult,WGAN_GP,Naive Bayes,Accuracy,TSTR,0.4475000000000001,0.02519369409638496,2,0.42947751694079345,0.4655224830592068
3. Adult,WGAN_GP,Naive Bayes,F1,TRTR,0.7856952309335539,0.02992064254649245,2,0.7642912926563119,0.8070991692107958
3. Adult,WGAN_GP,Naive Bayes,F1,TSTR,0.4504280246267679,0.03102568569318226,2,0.42823358610312634,0.47262246315040946
3. Adult,WGAN_GP,Naive Bayes,Precision,TRTR,0.7897580695297388,0.03856477005414511,2,0.7621704949436537,0.8173456441158239
3. Adult,WGAN_GP,Naive Bayes,Precision,TSTR,0.816032296954363,0.0163628128433229,2,0.8043270457854972,0.8277375481232288
3. Adult,WGAN_GP,Naive Bayes,Recall,TRTR,0.8090000000000002,0.02579836342785244,2,0.7905449625586889,0.8274550374413114
3. Adult,WGAN_GP,Naive Bayes,Recall,TSTR,0.4475000000000001,0.02519369409638496,2,0.42947751694079345,0.4655224830592068
3. Adult,WGAN_GP,Random Forest,Accuracy,TRTR,0.8385000000000001,0.02582526755804176,2,0.8200257165033583,0.856974283496642
3. Adult,WGAN_GP,Random Forest,Accuracy,TSTR,0.292,0.02485513584307633,2,0.274219706925377,0.30978029307462296
3. Adult,WGAN_GP,Random Forest,F1,TRTR,0.8305541949820711,0.02852270307867011,2,0.8101502823572895,0.8509581076068526
3. Adult,WGAN_GP,Random Forest,F1,TSTR,0.2168471822439862,0.04289579933904882,2,0.18616137594890755,0.24753298853906483
3. Adult,WGAN_GP,Random Forest,Precision,TRTR,0.829281699641512,0.02975094206425076,2,0.8079991577761912,0.8505642415068327
3. Adult,WGAN_GP,Random Forest,Precision,TSTR,0.7687554270595028,0.0666034156909713,2,0.7211102136825543,0.8164006404364513
3. Adult,WGAN_GP,Random Forest,Recall,TRTR,0.8385000000000001,0.02582526755804176,2,0.8200257165033583,0.856974283496642
3. Adult,WGAN_GP,Random Forest,Recall,TSTR,0.292,0.02485513584307633,2,0.274219706925377,0.30978029307462296
3. Adult,WGAN_GP,SVM-RBF,Accuracy,TRTR,0.8334999999999999,0.01434689281110488,2,0.8232368511481015,0.8437631488518983
3. Adult,WGAN_GP,SVM-RBF,Accuracy,TSTR,0.2865,0.01764621457675522,2,0.273876658537966,0.29912334146203395
3. Adult,WGAN_GP,SVM-RBF,F1,TRTR,0.8149481177437427,0.01858408003146085,2,0.8016538677517971,0.8282423677356882
3. Adult,WGAN_GP,SVM-RBF,F1,TSTR,0.2037060523862755,0.03190346110537635,2,0.18088369115961414,0.22652841361293688
3. Adult,WGAN_GP,SVM-RBF,Precision,TRTR,0.8237068747328286,0.01830566279058784,2,0.8106117924368877,0.8368019570287694
3. Adult,WGAN_GP,SVM-RBF,Precision,TSTR,0.8019692403118321,0.0363179900201151,2,0.7759889153393272,0.827949565284337
3. Adult,WGAN_GP,SVM-RBF,Recall,TRTR,0.8334999999999999,0.01434689281110488,2,0.8232368511481015,0.8437631488518983
3. Adult,WGAN_GP,SVM-RBF,Recall,TSTR,0.2865,0.01764621457675522,2,0.273876658537966,0.29912334146203395
4. Forest cover dataset,CTABGAN,AdaBoost,Accuracy,TRTR,0.6485000000000001,0.0277938842193746,2,0.6286174529794302,0.66838254702057
4. Forest cover dataset,CTABGAN,AdaBoost,Accuracy,TSTR,0.3774999999999999,0.04638306683358581,2,0.3443195528196756,0.4106804471803242
4. Forest cover dataset,CTABGAN,AdaBoost,F1,TRTR,0.6197203841913493,0.02257514059906696,2,0.603571101460149,0.6358696669225496
4. Forest cover dataset,CTABGAN,AdaBoost,F1,TSTR,0.3431816923411656,0.02709569007093133,2,0.32379860332640514,0.362564781355926
4. Forest cover dataset,CTABGAN,AdaBoost,Precision,TRTR,0.6169118549430458,0.02585545016933022,2,0.598415980106978,0.6354077297791135
4. Forest cover dataset,CTABGAN,AdaBoost,Precision,TSTR,0.3511564269313315,0.04240977308805266,2,0.32081830287139457,0.3814945509912684
4. Forest cover dataset,CTABGAN,AdaBoost,Recall,TRTR,0.6485000000000001,0.0277938842193746,2,0.6286174529794302,0.66838254702057
4. Forest cover dataset,CTABGAN,AdaBoost,Recall,TSTR,0.3774999999999999,0.04638306683358581,2,0.3443195528196756,0.4106804471803242
4. Forest cover dataset,CTABGAN,Decision Tree,Accuracy,TRTR,0.61,0.02309401076758502,2,0.593479539910439,0.626520460089561
4. Forest cover dataset,CTABGAN,Decision Tree,Accuracy,TSTR,0.2345,0.04119398553726557,2,0.20503159796073325,0.2639684020392667
4. Forest cover dataset,CTABGAN,Decision Tree,F1,TRTR,0.6033478482984258,0.02356654708418312,2,0.586489356091456,0.6202063405053956
4. Forest cover dataset,CTABGAN,Decision Tree,F1,TSTR,0.2691036205710317,0.03701337901325606,2,0.2426258442799351,0.2955813968621283
4. Forest cover dataset,CTABGAN,Decision Tree,Precision,TRTR,0.606079712711094,0.02256827610673722,2,0.5899353405418878,0.6222240848803001
4. Forest cover dataset,CTABGAN,Decision Tree,Precision,TSTR,0.331107510198022,0.03893543015647023,2,0.30325478134796435,0.3589602390480796
4. Forest cover dataset,CTABGAN,Decision Tree,Recall,TRTR,0.61,0.02309401076758502,2,0.593479539910439,0.626520460089561
4. Forest cover dataset,CTABGAN,Decision Tree,Recall,TSTR,0.2345,0.04119398553726557,2,0.20503159796073325,0.2639684020392667
4. Forest cover dataset,CTABGAN,Extra Trees,Accuracy,TRTR,0.6824999999999999,0.01889297341459103,2,0.6689847809932181,0.6960152190067816
4. Forest cover dataset,CTABGAN,Extra Trees,Accuracy,TSTR,0.357,0.02594866727470476,2,0.3384374416638463,0.37556255833615365
4. Forest cover dataset,CTABGAN,Extra Trees,F1,TRTR,0.6620033516331233,0.02172625840012613,2,0.6464613226453059,0.6775453806209407
4. Forest cover dataset,CTABGAN,Extra Trees,F1,TSTR,0.3486062784839703,0.02219812827370476,2,0.3327266941233606,0.36448586284458
4. Forest cover dataset,CTABGAN,Extra Trees,Precision,TRTR,0.6586544948108609,0.03419179007442599,2,0.6341951616530167,0.6831138279687051
4. Forest cover dataset,CTABGAN,Extra Trees,Precision,TSTR,0.3445541970095952,0.02242885570810924,2,0.3285095601853833,0.36059883383380714
4. Forest cover dataset,CTABGAN,Extra Trees,Recall,TRTR,0.6824999999999999,0.01889297341459103,2,0.6689847809932181,0.6960152190067816
4. Forest cover dataset,CTABGAN,Extra Trees,Recall,TSTR,0.357,0.02594866727470476,2,0.3384374416638463,0.37556255833615365
4. Forest cover dataset,CTABGAN,Gradient Boosting,Accuracy,TRTR,0.6895000000000001,0.01935774321097945,2,0.6756523047096771,0.7033476952903231
4. Forest cover dataset,CTABGAN,Gradient Boosting,Accuracy,TSTR,0.2285,0.04048662330531735,2,0.19953761441839277,0.2574623855816072
4. Forest cover dataset,CTABGAN,Gradient Boosting,F1,TRTR,0.6818163501313798,0.01992050266902101,2,0.6675660809763364,0.6960666192864231
4. Forest cover dataset,CTABGAN,Gradient Boosting,F1,TSTR,0.2591969353852582,0.03490368889671417,2,0.23422834048852514,0.2841655302819912
4. Forest cover dataset,CTABGAN,Gradient Boosting,Precision,TRTR,0.6848644736984942,0.02408509260593696,2,0.6676350363714685,0.70209391102552
4. Forest cover dataset,CTABGAN,Gradient Boosting,Precision,TSTR,0.3336591474944534,0.02919478723263357,2,0.3127744548287288,0.35454384016017804
4. Forest cover dataset,CTABGAN,Gradient Boosting,Recall,TRTR,0.6895000000000001,0.01935774321097945,2,0.6756523047096771,0.7033476952903231
4. Forest cover dataset,CTABGAN,Gradient Boosting,Recall,TSTR,0.2285,0.04048662330531735,2,0.19953761441839277,0.2574623855816072
4. Forest cover dataset,CTABGAN,KNN,Accuracy,TRTR,0.605,0.01986062547968833,2,0.5907925644058569,0.619207435594143
4. Forest cover dataset,CTABGAN,KNN,Accuracy,TSTR,0.3455,0.0210092572188759,2,0.3304708827587917,0.36052911724120823
4. Forest cover dataset,CTABGAN,KNN,F1,TRTR,0.5858781958136642,0.02033358207599369,2,0.5713324274521213,0.600423964175207
4. Forest cover dataset,CTABGAN,KNN,F1,TSTR,0.3230494607154686,0.01795307018575228,2,0.3102066079743973,0.33589231345653986
4. Forest cover dataset,CTABGAN,KNN,Precision,TRTR,0.5834680764277166,0.0316096947074111,2,0.5608558630225869,0.6060802898328462
4. Forest cover dataset,CTABGAN,KNN,Precision,TSTR,0.3385202852332835,0.02146036392923006,2,0.32316846569148566,0.3538721047750813
4. Forest cover dataset,CTABGAN,KNN,Recall,TRTR,0.605,0.01986062547968833,2,0.5907925644058569,0.619207435594143
4. Forest cover dataset,CTABGAN,KNN,Recall,TSTR,0.3455,0.0210092572188759,2,0.3304708827587917,0.36052911724120823
4. Forest cover dataset,CTABGAN,Logistic Regression,Accuracy,TRTR,0.656,0.0141027972008708,2,0.6459114666286041,0.666088533371396
4. Forest cover dataset,CTABGAN,Logistic Regression,Accuracy,TSTR,0.33,0.02896357866163794,2,0.3092807039822608,0.3507192960177392
4. Forest cover dataset,CTABGAN,Logistic Regression,F1,TRTR,0.630383035529047,0.01505407896523964,2,0.619613996177969,0.6411520748801249
4. Forest cover dataset,CTABGAN,Logistic Regression,F1,TSTR,0.3100397332948435,0.01956269543254721,2,0.29604542401742434,0.3240340425722627
4. Forest cover dataset,CTABGAN,Logistic Regression,Precision,TRTR,0.6352480858325494,0.02359324106438175,2,0.6183704979024962,0.6521256737626027
4. Forest cover dataset,CTABGAN,Logistic Regression,Precision,TSTR,0.3242429939580739,0.03141913866312536,2,0.3017670961352019,0.34671889178094584
4. Forest cover dataset,CTABGAN,Logistic Regression,Recall,TRTR,0.656,0.0141027972008708,2,0.6459114666286041,0.666088533371396
4. Forest cover dataset,CTABGAN,Logistic Regression,Recall,TSTR,0.33,0.02896357866163794,2,0.3092807039822608,0.3507192960177392
4. Forest cover dataset,CTABGAN,MLP,Accuracy,TRTR,0.479,0.0490351347958221,2,0.4439223776877395,0.5140776223122605
4. Forest cover dataset,CTABGAN,MLP,Accuracy,TSTR,0.2805,0.05134036748342705,2,0.24377331356475127,0.31722668643524876
4. Forest cover dataset,CTABGAN,MLP,F1,TRTR,0.4505811915597158,0.04196827183233348,2,0.4205588984720601,0.4806034846473715
4. Forest cover dataset,CTABGAN,MLP,F1,TSTR,0.296925824864521,0.04718997121412737,2,0.26316815306310404,0.330683496665938
4. Forest cover dataset,CTABGAN,MLP,Precision,TRTR,0.5037432322871089,0.04596200128273002,2,0.47086399725646305,0.5366224673177548
4. Forest cover dataset,CTABGAN,MLP,Precision,TSTR,0.3813717760804265,0.05001071622236004,2,0.34559626485733813,0.41714728730351486
4. Forest cover dataset,CTABGAN,MLP,Recall,TRTR,0.479,0.0490351347958221,2,0.4439223776877395,0.5140776223122605
4. Forest cover dataset,CTABGAN,MLP,Recall,TSTR,0.2805,0.05134036748342705,2,0.24377331356475127,0.31722668643524876
4. Forest cover dataset,CTABGAN,Naive Bayes,Accuracy,TRTR,0.598,0.01873795909674028,2,0.5845956715560198,0.6114043284439802
4. Forest cover dataset,CTABGAN,Naive Bayes,Accuracy,TSTR,0.363,0.04131182235954578,2,0.3334473025761354,0.39255269742386456
4. Forest cover dataset,CTABGAN,Naive Bayes,F1,TRTR,0.5954974166913147,0.01537663987626775,2,0.5844976311649309,0.6064972022176985
4. Forest cover dataset,CTABGAN,Naive Bayes,F1,TSTR,0.3996914738671745,0.02969956922676134,2,0.37844568191593203,0.420937265818417
4. Forest cover dataset,CTABGAN,Naive Bayes,Precision,TRTR,0.597796051914373,0.01254810544324626,2,0.5888196780284769,0.6067724258002691
4. Forest cover dataset,CTABGAN,Naive Bayes,Precision,TSTR,0.4669503513010187,0.01555973026679501,2,0.4558195907993511,0.4780811118026863
4. Forest cover dataset,CTABGAN,Naive Bayes,Recall,TRTR,0.598,0.01873795909674028,2,0.5845956715560198,0.6114043284439802
4. Forest cover dataset,CTABGAN,Naive Bayes,Recall,TSTR,0.363,0.04131182235954578,2,0.3334473025761354,0.39255269742386456
4. Forest cover dataset,CTABGAN,Random Forest,Accuracy,TRTR,0.6815,0.01901023116347847,2,0.6679008998527709,0.6950991001472291
4. Forest cover dataset,CTABGAN,Random Forest,Accuracy,TSTR,0.3385,0.02991190769948019,2,0.3171023102558911,0.35989768974410896
4. Forest cover dataset,CTABGAN,Random Forest,F1,TRTR,0.6603024352232341,0.02103640141418547,2,0.6452539001944536,0.6753509702520145
4. Forest cover dataset,CTABGAN,Random Forest,F1,TSTR,0.329895327586025,0.02127479219985625,2,0.31467625806239097,0.3451143971096591
4. Forest cover dataset,CTABGAN,Random Forest,Precision,TRTR,0.6582702794717087,0.03322025422810114,2,0.6345059411909482,0.6820346177524692
4. Forest cover dataset,CTABGAN,Random Forest,Precision,TSTR,0.3262481808169865,0.01557611718566663,2,0.3151056978197362,0.33739066381423677
4. Forest cover dataset,CTABGAN,Random Forest,Recall,TRTR,0.6815,0.01901023116347847,2,0.6679008998527709,0.6950991001472291
4. Forest cover dataset,CTABGAN,Random Forest,Recall,TSTR,0.3385,0.02991190769948019,2,0.3171023102558911,0.35989768974410896
4. Forest cover dataset,CTABGAN,SVM-RBF,Accuracy,TRTR,0.6405,0.01623610517061009,2,0.628885390039851,0.6521146099601489
4. Forest cover dataset,CTABGAN,SVM-RBF,Accuracy,TSTR,0.361,0.02366431913239846,2,0.34407156588312676,0.3779284341168732
4. Forest cover dataset,CTABGAN,SVM-RBF,F1,TRTR,0.6080788391430874,0.01799121922226738,2,0.5952086962252883,0.6209489820608864
4. Forest cover dataset,CTABGAN,SVM-RBF,F1,TSTR,0.3224108084789661,0.01861410913896062,2,0.3090950769575899,0.33572654000034224
4. Forest cover dataset,CTABGAN,SVM-RBF,Precision,TRTR,0.5932150615584005,0.01727440151840308,2,0.5808576991353954,0.6055724239814056
4. Forest cover dataset,CTABGAN,SVM-RBF,Precision,TSTR,0.3248145723530492,0.03625228352730034,2,0.2988812509739476,0.3507478937321509
4. Forest cover dataset,CTABGAN,SVM-RBF,Recall,TRTR,0.6405,0.01623610517061009,2,0.628885390039851,0.6521146099601489
4. Forest cover dataset,CTABGAN,SVM-RBF,Recall,TSTR,0.361,0.02366431913239846,2,0.34407156588312676,0.3779284341168732
4. Forest cover dataset,CTGAN,AdaBoost,Accuracy,TRTR,0.6485000000000001,0.0277938842193746,2,0.6286174529794302,0.66838254702057
4. Forest cover dataset,CTGAN,AdaBoost,Accuracy,TSTR,0.08399999999999999,0.02970222587992729,2,0.06275230759356841,0.10524769240643157
4. Forest cover dataset,CTGAN,AdaBoost,F1,TRTR,0.6197203841913493,0.02257514059906696,2,0.603571101460149,0.6358696669225496
4. Forest cover dataset,CTGAN,AdaBoost,F1,TSTR,0.09447107463112418,0.05058791651419594,2,0.058282659193132524,0.13065949006911584
4. Forest cover dataset,CTGAN,AdaBoost,Precision,TRTR,0.6169118549430458,0.02585545016933022,2,0.598415980106978,0.6354077297791135
4. Forest cover dataset,CTGAN,AdaBoost,Precision,TSTR,0.3545227277380761,0.1679480262149068,2,0.23437994733813172,0.47466550813802044
4. Forest cover dataset,CTGAN,AdaBoost,Recall,TRTR,0.6485000000000001,0.0277938842193746,2,0.6286174529794302,0.66838254702057
4. Forest cover dataset,CTGAN,AdaBoost,Recall,TSTR,0.08399999999999999,0.02970222587992729,2,0.06275230759356841,0.10524769240643157
4. Forest cover dataset,CTGAN,Decision Tree,Accuracy,TRTR,0.61,0.02309401076758502,2,0.593479539910439,0.626520460089561
4. Forest cover dataset,CTGAN,Decision Tree,Accuracy,TSTR,0.1535,0.04422480450305386,2,0.12186348068275618,0.18513651931724381
4. Forest cover dataset,CTGAN,Decision Tree,F1,TRTR,0.6033478482984258,0.02356654708418312,2,0.586489356091456,0.6202063405053956
4. Forest cover dataset,CTGAN,Decision Tree,F1,TSTR,0.1987410782723985,0.05606702360087804,2,0.15863314574129916,0.23884901080349785
4. Forest cover dataset,CTGAN,Decision Tree,Precision,TRTR,0.606079712711094,0.02256827610673722,2,0.5899353405418878,0.6222240848803001
4. Forest cover dataset,CTGAN,Decision Tree,Precision,TSTR,0.4373296248601243,0.06666877515471258,2,0.38963765613941675,0.4850215935808318
4. Forest cover dataset,CTGAN,Decision Tree,Recall,TRTR,0.61,0.02309401076758502,2,0.593479539910439,0.626520460089561
4. Forest cover dataset,CTGAN,Decision Tree,Recall,TSTR,0.1535,0.04422480450305386,2,0.12186348068275618,0.18513651931724381
4. Forest cover dataset,CTGAN,Extra Trees,Accuracy,TRTR,0.6824999999999999,0.01889297341459103,2,0.6689847809932181,0.6960152190067816
4. Forest cover dataset,CTGAN,Extra Trees,Accuracy,TSTR,0.1225,0.02071633815776009,2,0.10768042443205655,0.13731957556794344
4. Forest cover dataset,CTGAN,Extra Trees,F1,TRTR,0.6620033516331233,0.02172625840012613,2,0.6464613226453059,0.6775453806209407
4. Forest cover dataset,CTGAN,Extra Trees,F1,TSTR,0.1448930063828089,0.02710805653726381,2,0.12550107093095486,0.1642849418346629
4. Forest cover dataset,CTGAN,Extra Trees,Precision,TRTR,0.6586544948108609,0.03419179007442599,2,0.6341951616530167,0.6831138279687051
4. Forest cover dataset,CTGAN,Extra Trees,Precision,TSTR,0.3987966718999895,0.07609907975739488,2,0.3443586696561796,0.4532346741437994
4. Forest cover dataset,CTGAN,Extra Trees,Recall,TRTR,0.6824999999999999,0.01889297341459103,2,0.6689847809932181,0.6960152190067816
4. Forest cover dataset,CTGAN,Extra Trees,Recall,TSTR,0.1225,0.02071633815776009,2,0.10768042443205655,0.13731957556794344
4. Forest cover dataset,CTGAN,Gradient Boosting,Accuracy,TRTR,0.6895000000000001,0.01935774321097945,2,0.6756523047096771,0.7033476952903231
4. Forest cover dataset,CTGAN,Gradient Boosting,Accuracy,TSTR,0.1475,0.02898754521821014,2,0.1267635593405041,0.1682364406594959
4. Forest cover dataset,CTGAN,Gradient Boosting,F1,TRTR,0.6818163501313798,0.01992050266902101,2,0.6675660809763364,0.6960666192864231
4. Forest cover dataset,CTGAN,Gradient Boosting,F1,TSTR,0.1902827961122945,0.03662974929408506,2,0.16407945199014923,0.2164861402344398
4. Forest cover dataset,CTGAN,Gradient Boosting,Precision,TRTR,0.6848644736984942,0.02408509260593696,2,0.6676350363714685,0.70209391102552
4. Forest cover dataset,CTGAN,Gradient Boosting,Precision,TSTR,0.4580848023834673,0.04999868825256062,2,0.42231789545164,0.49385170931529465
4. Forest cover dataset,CTGAN,Gradient Boosting,Recall,TRTR,0.6895000000000001,0.01935774321097945,2,0.6756523047096771,0.7033476952903231
4. Forest cover dataset,CTGAN,Gradient Boosting,Recall,TSTR,0.1475,0.02898754521821014,2,0.1267635593405041,0.1682364406594959
4. Forest cover dataset,CTGAN,KNN,Accuracy,TRTR,0.605,0.01986062547968833,2,0.5907925644058569,0.619207435594143
4. Forest cover dataset,CTGAN,KNN,Accuracy,TSTR,0.1745,0.02033743128104213,2,0.15995147808304322,0.18904852191695676
4. Forest cover dataset,CTGAN,KNN,F1,TRTR,0.5858781958136642,0.02033358207599369,2,0.5713324274521213,0.600423964175207
4. Forest cover dataset,CTGAN,KNN,F1,TSTR,0.2213601164656396,0.02779278231769949,2,0.20147835769804265,0.24124187523323656
4. Forest cover dataset,CTGAN,KNN,Precision,TRTR,0.5834680764277166,0.0316096947074111,2,0.5608558630225869,0.6060802898328462
4. Forest cover dataset,CTGAN,KNN,Precision,TSTR,0.40755662568879,0.03696031492880093,2,0.3811168091569683,0.4339964422206117
4. Forest cover dataset,CTGAN,KNN,Recall,TRTR,0.605,0.01986062547968833,2,0.5907925644058569,0.619207435594143
4. Forest cover dataset,CTGAN,KNN,Recall,TSTR,0.1745,0.02033743128104213,2,0.15995147808304322,0.18904852191695676
4. Forest cover dataset,CTGAN,Logistic Regression,Accuracy,TRTR,0.656,0.0141027972008708,2,0.6459114666286041,0.666088533371396
4. Forest cover dataset,CTGAN,Logistic Regression,Accuracy,TSTR,0.1085,0.02799305469417568,2,0.0884749750048121,0.1285250249951879
4. Forest cover dataset,CTGAN,Logistic Regression,F1,TRTR,0.630383035529047,0.01505407896523964,2,0.619613996177969,0.6411520748801249
4. Forest cover dataset,CTGAN,Logistic Regression,F1,TSTR,0.1355881754495257,0.04250900885235298,2,0.10517906240027551,0.16599728849877587
4. Forest cover dataset,CTGAN,Logistic Regression,Precision,TRTR,0.6352480858325494,0.02359324106438175,2,0.6183704979024962,0.6521256737626027
4. Forest cover dataset,CTGAN,Logistic Regression,Precision,TSTR,0.4694069471055287,0.0875419282699076,2,0.4067832241541144,0.532030670056943
4. Forest cover dataset,CTGAN,Logistic Regression,Recall,TRTR,0.656,0.0141027972008708,2,0.6459114666286041,0.666088533371396
4. Forest cover dataset,CTGAN,Logistic Regression,Recall,TSTR,0.1085,0.02799305469417568,2,0.0884749750048121,0.1285250249951879
4. Forest cover dataset,CTGAN,MLP,Accuracy,TRTR,0.479,0.0490351347958221,2,0.4439223776877395,0.5140776223122605
4. Forest cover dataset,CTGAN,MLP,Accuracy,TSTR,0.1605,0.06889807286451809,2,0.11121328776707914,0.20978671223292086
4. Forest cover dataset,CTGAN,MLP,F1,TRTR,0.4505811915597158,0.04196827183233348,2,0.4205588984720601,0.4806034846473715
4. Forest cover dataset,CTGAN,MLP,F1,TSTR,0.1910701467739568,0.05565904381698319,2,0.1512540653987703,0.23088622814914334
4. Forest cover dataset,CTGAN,MLP,Precision,TRTR,0.5037432322871089,0.04596200128273002,2,0.47086399725646305,0.5366224673177548
4. Forest cover dataset,CTGAN,MLP,Precision,TSTR,0.3924790926734749,0.09792577399181185,2,0.32242721397417895,0.4625309713727709
4. Forest cover dataset,CTGAN,MLP,Recall,TRTR,0.479,0.0490351347958221,2,0.4439223776877395,0.5140776223122605
4. Forest cover dataset,CTGAN,MLP,Recall,TSTR,0.1605,0.06889807286451809,2,0.11121328776707914,0.20978671223292086
4. Forest cover dataset,CTGAN,Naive Bayes,Accuracy,TRTR,0.598,0.01873795909674028,2,0.5845956715560198,0.6114043284439802
4. Forest cover dataset,CTGAN,Naive Bayes,Accuracy,TSTR,0.168,0.02955221367906867,2,0.14685961985743515,0.18914038014256487
4. Forest cover dataset,CTGAN,Naive Bayes,F1,TRTR,0.5954974166913147,0.01537663987626775,2,0.5844976311649309,0.6064972022176985
4. Forest cover dataset,CTGAN,Naive Bayes,F1,TSTR,0.1864000516835442,0.02404625911686482,2,0.16919839416110988,0.20360170920597853
4. Forest cover dataset,CTGAN,Naive Bayes,Precision,TRTR,0.597796051914373,0.01254810544324626,2,0.5888196780284769,0.6067724258002691
4. Forest cover dataset,CTGAN,Naive Bayes,Precision,TSTR,0.3521213340536096,0.06232265855044263,2,0.3075383898599972,0.39670427824722204
4. Forest cover dataset,CTGAN,Naive Bayes,Recall,TRTR,0.598,0.01873795909674028,2,0.5845956715560198,0.6114043284439802
4. Forest cover dataset,CTGAN,Naive Bayes,Recall,TSTR,0.168,0.02955221367906867,2,0.14685961985743515,0.18914038014256487
4. Forest cover dataset,CTGAN,Random Forest,Accuracy,TRTR,0.6815,0.01901023116347847,2,0.6679008998527709,0.6950991001472291
4. Forest cover dataset,CTGAN,Random Forest,Accuracy,TSTR,0.1125,0.02071633815776009,2,0.09768042443205656,0.12731957556794346
4. Forest cover dataset,CTGAN,Random Forest,F1,TRTR,0.6603024352232341,0.02103640141418547,2,0.6452539001944536,0.6753509702520145
4. Forest cover dataset,CTGAN,Random Forest,F1,TSTR,0.1415356090699725,0.03215422770634336,2,0.11853386022351817,0.16453735791642685
4. Forest cover dataset,CTGAN,Random Forest,Precision,TRTR,0.6582702794717087,0.03322025422810114,2,0.6345059411909482,0.6820346177524692
4. Forest cover dataset,CTGAN,Random Forest,Precision,TSTR,0.4396885423860068,0.07725276511806613,2,0.38442524335210304,0.49495184141991055
4. Forest cover dataset,CTGAN,Random Forest,Recall,TRTR,0.6815,0.01901023116347847,2,0.6679008998527709,0.6950991001472291
4. Forest cover dataset,CTGAN,Random Forest,Recall,TSTR,0.1125,0.02071633815776009,2,0.09768042443205656,0.12731957556794346
4. Forest cover dataset,CTGAN,SVM-RBF,Accuracy,TRTR,0.6405,0.01623610517061009,2,0.628885390039851,0.6521146099601489
4. Forest cover dataset,CTGAN,SVM-RBF,Accuracy,TSTR,0.1045,0.02948163270015191,2,0.08341011044813465,0.12558988955186534
4. Forest cover dataset,CTGAN,SVM-RBF,F1,TRTR,0.6080788391430874,0.01799121922226738,2,0.5952086962252883,0.6209489820608864
4. Forest cover dataset,CTGAN,SVM-RBF,F1,TSTR,0.1244175004508626,0.0430387337429746,2,0.09362944504283233,0.15520555585889287
4. Forest cover dataset,CTGAN,SVM-RBF,Precision,TRTR,0.5932150615584005,0.01727440151840308,2,0.5808576991353954,0.6055724239814056
4. Forest cover dataset,CTGAN,SVM-RBF,Precision,TSTR,0.4934211959103806,0.1022918006460557,2,0.4202460498922421,0.566596341928519
4. Forest cover dataset,CTGAN,SVM-RBF,Recall,TRTR,0.6405,0.01623610517061009,2,0.628885390039851,0.6521146099601489
4. Forest cover dataset,CTGAN,SVM-RBF,Recall,TSTR,0.1045,0.02948163270015191,2,0.08341011044813465,0.12558988955186534
4. Forest cover dataset,CopulaGAN,AdaBoost,Accuracy,TRTR,0.6485000000000001,0.0277938842193746,2,0.6286174529794302,0.66838254702057
4. Forest cover dataset,CopulaGAN,AdaBoost,Accuracy,TSTR,0.045,0.03231786571610886,2,0.021881191573177715,0.06811880842682227
4. Forest cover dataset,CopulaGAN,AdaBoost,F1,TRTR,0.6197203841913493,0.02257514059906696,2,0.603571101460149,0.6358696669225496
4. Forest cover dataset,CopulaGAN,AdaBoost,F1,TSTR,0.04951931876481368,0.05035512310262753,2,0.013497433701456063,0.08554120382817129
4. Forest cover dataset,CopulaGAN,AdaBoost,Precision,TRTR,0.6169118549430458,0.02585545016933022,2,0.598415980106978,0.6354077297791135
4. Forest cover dataset,CopulaGAN,AdaBoost,Precision,TSTR,0.1631832975946435,0.1477853567696892,2,0.05746402202549565,0.26890257316379135
4. Forest cover dataset,CopulaGAN,AdaBoost,Recall,TRTR,0.6485000000000001,0.0277938842193746,2,0.6286174529794302,0.66838254702057
4. Forest cover dataset,CopulaGAN,AdaBoost,Recall,TSTR,0.045,0.03231786571610886,2,0.021881191573177715,0.06811880842682227
4. Forest cover dataset,CopulaGAN,Decision Tree,Accuracy,TRTR,0.61,0.02309401076758502,2,0.593479539910439,0.626520460089561
4. Forest cover dataset,CopulaGAN,Decision Tree,Accuracy,TSTR,0.1005,0.03789239149662282,2,0.07339341605847702,0.127606583941523
4. Forest cover dataset,CopulaGAN,Decision Tree,F1,TRTR,0.6033478482984258,0.02356654708418312,2,0.586489356091456,0.6202063405053956
4. Forest cover dataset,CopulaGAN,Decision Tree,F1,TSTR,0.1258035013249564,0.05722763838541132,2,0.08486531499254901,0.1667416876573638
4. Forest cover dataset,CopulaGAN,Decision Tree,Precision,TRTR,0.606079712711094,0.02256827610673722,2,0.5899353405418878,0.6222240848803001
4. Forest cover dataset,CopulaGAN,Decision Tree,Precision,TSTR,0.3354193503341285,0.05306006354367905,2,0.29746246744597754,0.3733762332222795
4. Forest cover dataset,CopulaGAN,Decision Tree,Recall,TRTR,0.61,0.02309401076758502,2,0.593479539910439,0.626520460089561
4. Forest cover dataset,CopulaGAN,Decision Tree,Recall,TSTR,0.1005,0.03789239149662282,2,0.07339341605847702,0.127606583941523
4. Forest cover dataset,CopulaGAN,Extra Trees,Accuracy,TRTR,0.6824999999999999,0.01889297341459103,2,0.6689847809932181,0.6960152190067816
4. Forest cover dataset,CopulaGAN,Extra Trees,Accuracy,TSTR,0.07999999999999999,0.02697735676039774,2,0.06070156153613823,0.09929843846386174
4. Forest cover dataset,CopulaGAN,Extra Trees,F1,TRTR,0.6620033516331233,0.02172625840012613,2,0.6464613226453059,0.6775453806209407
4. Forest cover dataset,CopulaGAN,Extra Trees,F1,TSTR,0.1094004810968,0.03634178305004693,2,0.08340313561601895,0.13539782657758107
4. Forest cover dataset,CopulaGAN,Extra Trees,Precision,TRTR,0.6586544948108609,0.03419179007442599,2,0.6341951616530167,0.6831138279687051
4. Forest cover dataset,CopulaGAN,Extra Trees,Precision,TSTR,0.395108139892215,0.07450545320793293,2,0.341810149406129,0.44840613037830096
4. Forest cover dataset,CopulaGAN,Extra Trees,Recall,TRTR,0.6824999999999999,0.01889297341459103,2,0.6689847809932181,0.6960152190067816
4. Forest cover dataset,CopulaGAN,Extra Trees,Recall,TSTR,0.07999999999999999,0.02697735676039774,2,0.06070156153613823,0.09929843846386174
4. Forest cover dataset,CopulaGAN,Gradient Boosting,Accuracy,TRTR,0.6895000000000001,0.01935774321097945,2,0.6756523047096771,0.7033476952903231
4. Forest cover dataset,CopulaGAN,Gradient Boosting,Accuracy,TSTR,0.0695,0.03050045537000682,2,0.04768128861527648,0.09131871138472353
4. Forest cover dataset,CopulaGAN,Gradient Boosting,F1,TRTR,0.6818163501313798,0.01992050266902101,2,0.6675660809763364,0.6960666192864231
4. Forest cover dataset,CopulaGAN,Gradient Boosting,F1,TSTR,0.09171709729377761,0.03988299771095975,2,0.06318651944972539,0.12024767513782983
4. Forest cover dataset,CopulaGAN,Gradient Boosting,Precision,TRTR,0.6848644736984942,0.02408509260593696,2,0.6676350363714685,0.70209391102552
4. Forest cover dataset,CopulaGAN,Gradient Boosting,Precision,TSTR,0.3211962749224179,0.1233929380563599,2,0.23292628453360942,0.40946626531122643
4. Forest cover dataset,CopulaGAN,Gradient Boosting,Recall,TRTR,0.6895000000000001,0.01935774321097945,2,0.6756523047096771,0.7033476952903231
4. Forest cover dataset,CopulaGAN,Gradient Boosting,Recall,TSTR,0.0695,0.03050045537000682,2,0.04768128861527648,0.09131871138472353
4. Forest cover dataset,CopulaGAN,KNN,Accuracy,TRTR,0.605,0.01986062547968833,2,0.5907925644058569,0.619207435594143
4. Forest cover dataset,CopulaGAN,KNN,Accuracy,TSTR,0.189,0.04976611966656299,2,0.15339946261228202,0.22460053738771799
4. Forest cover dataset,CopulaGAN,KNN,F1,TRTR,0.5858781958136642,0.02033358207599369,2,0.5713324274521213,0.600423964175207
4. Forest cover dataset,CopulaGAN,KNN,F1,TSTR,0.2348821091731803,0.05379301966534444,2,0.19640090106160957,0.27336331728475105
4. Forest cover dataset,CopulaGAN,KNN,Precision,TRTR,0.5834680764277166,0.0316096947074111,2,0.5608558630225869,0.6060802898328462
4. Forest cover dataset,CopulaGAN,KNN,Precision,TSTR,0.3456185048294493,0.0434064058708528,2,0.3145674326256019,0.3766695770332967
4. Forest cover dataset,CopulaGAN,KNN,Recall,TRTR,0.605,0.01986062547968833,2,0.5907925644058569,0.619207435594143
4. Forest cover dataset,CopulaGAN,KNN,Recall,TSTR,0.189,0.04976611966656299,2,0.15339946261228202,0.22460053738771799
4. Forest cover dataset,CopulaGAN,Logistic Regression,Accuracy,TRTR,0.656,0.0141027972008708,2,0.6459114666286041,0.666088533371396
4. Forest cover dataset,CopulaGAN,Logistic Regression,Accuracy,TSTR,0.05300000000000001,0.02110818693198342,2,0.03790011270531284,0.06809988729468719
4. Forest cover dataset,CopulaGAN,Logistic Regression,F1,TRTR,0.630383035529047,0.01505407896523964,2,0.619613996177969,0.6411520748801249
4. Forest cover dataset,CopulaGAN,Logistic Regression,F1,TSTR,0.05857616624611197,0.02763254624058126,2,0.03880903346287003,0.07834329902935391
4. Forest cover dataset,CopulaGAN,Logistic Regression,Precision,TRTR,0.6352480858325494,0.02359324106438175,2,0.6183704979024962,0.6521256737626027
4. Forest cover dataset,CopulaGAN,Logistic Regression,Precision,TSTR,0.1996842564413132,0.06046388856712982,2,0.15643099619190745,0.24293751669071897
4. Forest cover dataset,CopulaGAN,Logistic Regression,Recall,TRTR,0.656,0.0141027972008708,2,0.6459114666286041,0.666088533371396
4. Forest cover dataset,CopulaGAN,Logistic Regression,Recall,TSTR,0.05300000000000001,0.02110818693198342,2,0.03790011270531284,0.06809988729468719
4. Forest cover dataset,CopulaGAN,MLP,Accuracy,TRTR,0.479,0.0490351347958221,2,0.4439223776877395,0.5140776223122605
4. Forest cover dataset,CopulaGAN,MLP,Accuracy,TSTR,0.1385,0.07284115137292471,2,0.08639257932523625,0.19060742067476377
4. Forest cover dataset,CopulaGAN,MLP,F1,TRTR,0.4505811915597158,0.04196827183233348,2,0.4205588984720601,0.4806034846473715
4. Forest cover dataset,CopulaGAN,MLP,F1,TSTR,0.1700253600263223,0.0568617265780987,2,0.12934893123225866,0.21070178882038593
4. Forest cover dataset,CopulaGAN,MLP,Precision,TRTR,0.5037432322871089,0.04596200128273002,2,0.47086399725646305,0.5366224673177548
4. Forest cover dataset,CopulaGAN,MLP,Precision,TSTR,0.3192465989018144,0.04579355734633657,2,0.28648786140433946,0.3520053363992893
4. Forest cover dataset,CopulaGAN,MLP,Recall,TRTR,0.479,0.0490351347958221,2,0.4439223776877395,0.5140776223122605
4. Forest cover dataset,CopulaGAN,MLP,Recall,TSTR,0.1385,0.07284115137292471,2,0.08639257932523625,0.19060742067476377
4. Forest cover dataset,CopulaGAN,Naive Bayes,Accuracy,TRTR,0.598,0.01873795909674028,2,0.5845956715560198,0.6114043284439802
4. Forest cover dataset,CopulaGAN,Naive Bayes,Accuracy,TSTR,0.128,0.03521363372331802,2,0.10280968393108056,0.15319031606891945
4. Forest cover dataset,CopulaGAN,Naive Bayes,F1,TRTR,0.5954974166913147,0.01537663987626775,2,0.5844976311649309,0.6064972022176985
4. Forest cover dataset,CopulaGAN,Naive Bayes,F1,TSTR,0.1678016541901944,0.04613949288995881,2,0.13479544931256246,0.20080785906782636
4. Forest cover dataset,CopulaGAN,Naive Bayes,Precision,TRTR,0.597796051914373,0.01254810544324626,2,0.5888196780284769,0.6067724258002691
4. Forest cover dataset,CopulaGAN,Naive Bayes,Precision,TSTR,0.3529810195882436,0.07397254903865971,2,0.3000642457798773,0.40589779339661
4. Forest cover dataset,CopulaGAN,Naive Bayes,Recall,TRTR,0.598,0.01873795909674028,2,0.5845956715560198,0.6114043284439802
4. Forest cover dataset,CopulaGAN,Naive Bayes,Recall,TSTR,0.128,0.03521363372331802,2,0.10280968393108056,0.15319031606891945
4. Forest cover dataset,CopulaGAN,Random Forest,Accuracy,TRTR,0.6815,0.01901023116347847,2,0.6679008998527709,0.6950991001472291
4. Forest cover dataset,CopulaGAN,Random Forest,Accuracy,TSTR,0.06200000000000001,0.01782632260949458,2,0.04924781701292198,0.07475218298707804
4. Forest cover dataset,CopulaGAN,Random Forest,F1,TRTR,0.6603024352232341,0.02103640141418547,2,0.6452539001944536,0.6753509702520145
4. Forest cover dataset,CopulaGAN,Random Forest,F1,TSTR,0.07735320611583704,0.0290455220413252,2,0.05657529133553851,0.09813112089613557
4. Forest cover dataset,CopulaGAN,Random Forest,Precision,TRTR,0.6582702794717087,0.03322025422810114,2,0.6345059411909482,0.6820346177524692
4. Forest cover dataset,CopulaGAN,Random Forest,Precision,TSTR,0.3704527896912735,0.1200734384981785,2,0.2845574262358353,0.4563481531467117
4. Forest cover dataset,CopulaGAN,Random Forest,Recall,TRTR,0.6815,0.01901023116347847,2,0.6679008998527709,0.6950991001472291
4. Forest cover dataset,CopulaGAN,Random Forest,Recall,TSTR,0.06200000000000001,0.01782632260949458,2,0.04924781701292198,0.07475218298707804
4. Forest cover dataset,CopulaGAN,SVM-RBF,Accuracy,TRTR,0.6405,0.01623610517061009,2,0.628885390039851,0.6521146099601489
4. Forest cover dataset,CopulaGAN,SVM-RBF,Accuracy,TSTR,0.049,0.01629587541544042,2,0.03734263298243909,0.060657367017560915
4. Forest cover dataset,CopulaGAN,SVM-RBF,F1,TRTR,0.6080788391430874,0.01799121922226738,2,0.5952086962252883,0.6209489820608864
4. Forest cover dataset,CopulaGAN,SVM-RBF,F1,TSTR,0.04882622575214667,0.02487712773407769,2,0.031030200626420132,0.06662225087787321
4. Forest cover dataset,CopulaGAN,SVM-RBF,Precision,TRTR,0.5932150615584005,0.01727440151840308,2,0.5808576991353954,0.6055724239814056
4. Forest cover dataset,CopulaGAN,SVM-RBF,Precision,TSTR,0.1952594144436442,0.08231311200761184,2,0.1363761613156073,0.2541426675716811
4. Forest cover dataset,CopulaGAN,SVM-RBF,Recall,TRTR,0.6405,0.01623610517061009,2,0.628885390039851,0.6521146099601489
4. Forest cover dataset,CopulaGAN,SVM-RBF,Recall,TSTR,0.049,0.01629587541544042,2,0.03734263298243909,0.060657367017560915
4. Forest cover dataset,GaussianCopula,AdaBoost,Accuracy,TRTR,0.6485000000000001,0.0277938842193746,2,0.6286174529794302,0.66838254702057
4. Forest cover dataset,GaussianCopula,AdaBoost,Accuracy,TSTR,0.496,0.03549647869859771,2,0.47060734882469013,0.5213926511753099
4. Forest cover dataset,GaussianCopula,AdaBoost,F1,TRTR,0.6197203841913493,0.02257514059906696,2,0.603571101460149,0.6358696669225496
4. Forest cover dataset,GaussianCopula,AdaBoost,F1,TSTR,0.4375590911169083,0.04457936061221487,2,0.4056689376384158,0.4694492445954008
4. Forest cover dataset,GaussianCopula,AdaBoost,Precision,TRTR,0.6169118549430458,0.02585545016933022,2,0.598415980106978,0.6354077297791135
4. Forest cover dataset,GaussianCopula,AdaBoost,Precision,TSTR,0.4229995180205849,0.03054356430173741,2,0.4011499683638381,0.4448490676773317
4. Forest cover dataset,GaussianCopula,AdaBoost,Recall,TRTR,0.6485000000000001,0.0277938842193746,2,0.6286174529794302,0.66838254702057
4. Forest cover dataset,GaussianCopula,AdaBoost,Recall,TSTR,0.496,0.03549647869859771,2,0.47060734882469013,0.5213926511753099
4. Forest cover dataset,GaussianCopula,Decision Tree,Accuracy,TRTR,0.61,0.02309401076758502,2,0.593479539910439,0.626520460089561
4. Forest cover dataset,GaussianCopula,Decision Tree,Accuracy,TSTR,0.4245,0.03624377341159597,2,0.39857276639093825,0.45042723360906173
4. Forest cover dataset,GaussianCopula,Decision Tree,F1,TRTR,0.6033478482984258,0.02356654708418312,2,0.586489356091456,0.6202063405053956
4. Forest cover dataset,GaussianCopula,Decision Tree,F1,TSTR,0.4154220398787623,0.03199978884140681,2,0.3925307699408933,0.4383133098166313
4. Forest cover dataset,GaussianCopula,Decision Tree,Precision,TRTR,0.606079712711094,0.02256827610673722,2,0.5899353405418878,0.6222240848803001
4. Forest cover dataset,GaussianCopula,Decision Tree,Precision,TSTR,0.4134108992299825,0.02942285686338903,2,0.3923630553788507,0.43445874308111426
4. Forest cover dataset,GaussianCopula,Decision Tree,Recall,TRTR,0.61,0.02309401076758502,2,0.593479539910439,0.626520460089561
4. Forest cover dataset,GaussianCopula,Decision Tree,Recall,TSTR,0.4245,0.03624377341159597,2,0.39857276639093825,0.45042723360906173
4. Forest cover dataset,GaussianCopula,Extra Trees,Accuracy,TRTR,0.6824999999999999,0.01889297341459103,2,0.6689847809932181,0.6960152190067816
4. Forest cover dataset,GaussianCopula,Extra Trees,Accuracy,TSTR,0.4715,0.03383374383987416,2,0.44729679768870556,0.4957032023112944
4. Forest cover dataset,GaussianCopula,Extra Trees,F1,TRTR,0.6620033516331233,0.02172625840012613,2,0.6464613226453059,0.6775453806209407
4. Forest cover dataset,GaussianCopula,Extra Trees,F1,TSTR,0.4098421751376214,0.02897015733893681,2,0.3891181730176442,0.4305661772575986
4. Forest cover dataset,GaussianCopula,Extra Trees,Precision,TRTR,0.6586544948108609,0.03419179007442599,2,0.6341951616530167,0.6831138279687051
4. Forest cover dataset,GaussianCopula,Extra Trees,Precision,TSTR,0.3830119360075768,0.03143695312397159,2,0.360523294487112,0.40550057752804164
4. Forest cover dataset,GaussianCopula,Extra Trees,Recall,TRTR,0.6824999999999999,0.01889297341459103,2,0.6689847809932181,0.6960152190067816
4. Forest cover dataset,GaussianCopula,Extra Trees,Recall,TSTR,0.4715,0.03383374383987416,2,0.44729679768870556,0.4957032023112944
4. Forest cover dataset,GaussianCopula,Gradient Boosting,Accuracy,TRTR,0.6895000000000001,0.01935774321097945,2,0.6756523047096771,0.7033476952903231
4. Forest cover dataset,GaussianCopula,Gradient Boosting,Accuracy,TSTR,0.5045000000000001,0.03312015163679728,2,0.4808072707992361,0.528192729200764
4. Forest cover dataset,GaussianCopula,Gradient Boosting,F1,TRTR,0.6818163501313798,0.01992050266902101,2,0.6675660809763364,0.6960666192864231
4. Forest cover dataset,GaussianCopula,Gradient Boosting,F1,TSTR,0.4568700146484847,0.03751346730107516,2,0.4300344967470928,0.4837055325498766
4. Forest cover dataset,GaussianCopula,Gradient Boosting,Precision,TRTR,0.6848644736984942,0.02408509260593696,2,0.6676350363714685,0.70209391102552
4. Forest cover dataset,GaussianCopula,Gradient Boosting,Precision,TSTR,0.4389230200149704,0.03689334504455606,2,0.4125311108523365,0.4653149291776043
4. Forest cover dataset,GaussianCopula,Gradient Boosting,Recall,TRTR,0.6895000000000001,0.01935774321097945,2,0.6756523047096771,0.7033476952903231
4. Forest cover dataset,GaussianCopula,Gradient Boosting,Recall,TSTR,0.5045000000000001,0.03312015163679728,2,0.4808072707992361,0.528192729200764
4. Forest cover dataset,GaussianCopula,KNN,Accuracy,TRTR,0.605,0.01986062547968833,2,0.5907925644058569,0.619207435594143
4. Forest cover dataset,GaussianCopula,KNN,Accuracy,TSTR,0.421,0.0211869981094276,2,0.405843734585259,0.43615626541474095
4. Forest cover dataset,GaussianCopula,KNN,F1,TRTR,0.5858781958136642,0.02033358207599369,2,0.5713324274521213,0.600423964175207
4. Forest cover dataset,GaussianCopula,KNN,F1,TSTR,0.3935564236690148,0.02128002140552999,2,0.3783336133969892,0.4087792339410404
4. Forest cover dataset,GaussianCopula,KNN,Precision,TRTR,0.5834680764277166,0.0316096947074111,2,0.5608558630225869,0.6060802898328462
4. Forest cover dataset,GaussianCopula,KNN,Precision,TSTR,0.3721172643572818,0.02117645990633161,2,0.3569685375189023,0.38726599119566135
4. Forest cover dataset,GaussianCopula,KNN,Recall,TRTR,0.605,0.01986062547968833,2,0.5907925644058569,0.619207435594143
4. Forest cover dataset,GaussianCopula,KNN,Recall,TSTR,0.421,0.0211869981094276,2,0.405843734585259,0.43615626541474095
4. Forest cover dataset,GaussianCopula,Logistic Regression,Accuracy,TRTR,0.656,0.0141027972008708,2,0.6459114666286041,0.666088533371396
4. Forest cover dataset,GaussianCopula,Logistic Regression,Accuracy,TSTR,0.534,0.01822696415265644,2,0.5209612153181953,0.5470387846818048
4. Forest cover dataset,GaussianCopula,Logistic Regression,F1,TRTR,0.630383035529047,0.01505407896523964,2,0.619613996177969,0.6411520748801249
4. Forest cover dataset,GaussianCopula,Logistic Regression,F1,TSTR,0.463066378818122,0.02971832720712023,2,0.4418071682160874,0.48432558942015663
4. Forest cover dataset,GaussianCopula,Logistic Regression,Precision,TRTR,0.6352480858325494,0.02359324106438175,2,0.6183704979024962,0.6521256737626027
4. Forest cover dataset,GaussianCopula,Logistic Regression,Precision,TSTR,0.4663574734285111,0.04020587484942365,2,0.43759592319367296,0.4951190236633492
4. Forest cover dataset,GaussianCopula,Logistic Regression,Recall,TRTR,0.656,0.0141027972008708,2,0.6459114666286041,0.666088533371396
4. Forest cover dataset,GaussianCopula,Logistic Regression,Recall,TSTR,0.534,0.01822696415265644,2,0.5209612153181953,0.5470387846818048
4. Forest cover dataset,GaussianCopula,MLP,Accuracy,TRTR,0.479,0.0490351347958221,2,0.4439223776877395,0.5140776223122605
4. Forest cover dataset,GaussianCopula,MLP,Accuracy,TSTR,0.372,0.05292552419306881,2,0.33413936076543527,0.4098606392345647
4. Forest cover dataset,GaussianCopula,MLP,F1,TRTR,0.4505811915597158,0.04196827183233348,2,0.4205588984720601,0.4806034846473715
4. Forest cover dataset,GaussianCopula,MLP,F1,TSTR,0.3539698909120333,0.04736469303681553,2,0.3200872306481295,0.3878525511759371
4. Forest cover dataset,GaussianCopula,MLP,Precision,TRTR,0.5037432322871089,0.04596200128273002,2,0.47086399725646305,0.5366224673177548
4. Forest cover dataset,GaussianCopula,MLP,Precision,TSTR,0.3622047749610315,0.0400331162130468,2,0.33356680880979467,0.3908427411122683
4. Forest cover dataset,GaussianCopula,MLP,Recall,TRTR,0.479,0.0490351347958221,2,0.4439223776877395,0.5140776223122605
4. Forest cover dataset,GaussianCopula,MLP,Recall,TSTR,0.372,0.05292552419306881,2,0.33413936076543527,0.4098606392345647
4. Forest cover dataset,GaussianCopula,Naive Bayes,Accuracy,TRTR,0.598,0.01873795909674028,2,0.5845956715560198,0.6114043284439802
4. Forest cover dataset,GaussianCopula,Naive Bayes,Accuracy,TSTR,0.402,0.04151305015694864,2,0.37230335288158645,0.4316966471184136
4. Forest cover dataset,GaussianCopula,Naive Bayes,F1,TRTR,0.5954974166913147,0.01537663987626775,2,0.5844976311649309,0.6064972022176985
4. Forest cover dataset,GaussianCopula,Naive Bayes,F1,TSTR,0.3880722099019268,0.03837093978156769,2,0.36062329313991964,0.415521126663934
4. Forest cover dataset,GaussianCopula,Naive Bayes,Precision,TRTR,0.597796051914373,0.01254810544324626,2,0.5888196780284769,0.6067724258002691
4. Forest cover dataset,GaussianCopula,Naive Bayes,Precision,TSTR,0.4092059386116819,0.03781176372050903,2,0.3821570323066164,0.43625484491674743
4. Forest cover dataset,GaussianCopula,Naive Bayes,Recall,TRTR,0.598,0.01873795909674028,2,0.5845956715560198,0.6114043284439802
4. Forest cover dataset,GaussianCopula,Naive Bayes,Recall,TSTR,0.402,0.04151305015694864,2,0.37230335288158645,0.4316966471184136
4. Forest cover dataset,GaussianCopula,Random Forest,Accuracy,TRTR,0.6815,0.01901023116347847,2,0.6679008998527709,0.6950991001472291
4. Forest cover dataset,GaussianCopula,Random Forest,Accuracy,TSTR,0.5085000000000001,0.03416056856149273,2,0.48406300136704805,0.5329369986329521
4. Forest cover dataset,GaussianCopula,Random Forest,F1,TRTR,0.6603024352232341,0.02103640141418547,2,0.6452539001944536,0.6753509702520145
4. Forest cover dataset,GaussianCopula,Random Forest,F1,TSTR,0.4475681976896166,0.03425298829748295,2,0.42306508596027437,0.4720713094189588
4. Forest cover dataset,GaussianCopula,Random Forest,Precision,TRTR,0.6582702794717087,0.03322025422810114,2,0.6345059411909482,0.6820346177524692
4. Forest cover dataset,GaussianCopula,Random Forest,Precision,TSTR,0.4205290133854795,0.03647486937368464,2,0.3944364636839916,0.4466215630869674
4. Forest cover dataset,GaussianCopula,Random Forest,Recall,TRTR,0.6815,0.01901023116347847,2,0.6679008998527709,0.6950991001472291
4. Forest cover dataset,GaussianCopula,Random Forest,Recall,TSTR,0.5085000000000001,0.03416056856149273,2,0.48406300136704805,0.5329369986329521
4. Forest cover dataset,GaussianCopula,SVM-RBF,Accuracy,TRTR,0.6405,0.01623610517061009,2,0.628885390039851,0.6521146099601489
4. Forest cover dataset,GaussianCopula,SVM-RBF,Accuracy,TSTR,0.538,0.01531157877047448,2,0.5270467563849567,0.5489532436150434
4. Forest cover dataset,GaussianCopula,SVM-RBF,F1,TRTR,0.6080788391430874,0.01799121922226738,2,0.5952086962252883,0.6209489820608864
4. Forest cover dataset,GaussianCopula,SVM-RBF,F1,TSTR,0.4616687416970855,0.02748171008740386,2,0.4420095105976917,0.48132797279647926
4. Forest cover dataset,GaussianCopula,SVM-RBF,Precision,TRTR,0.5932150615584005,0.01727440151840308,2,0.5808576991353954,0.6055724239814056
4. Forest cover dataset,GaussianCopula,SVM-RBF,Precision,TSTR,0.4646048819652442,0.02716694698827819,2,0.44517081882256027,0.4840389451079281
4. Forest cover dataset,GaussianCopula,SVM-RBF,Recall,TRTR,0.6405,0.01623610517061009,2,0.628885390039851,0.6521146099601489
4. Forest cover dataset,GaussianCopula,SVM-RBF,Recall,TSTR,0.538,0.01531157877047448,2,0.5270467563849567,0.5489532436150434
4. Forest cover dataset,TVAE,AdaBoost,Accuracy,TRTR,0.6485000000000001,0.0277938842193746,2,0.6286174529794302,0.66838254702057
4. Forest cover dataset,TVAE,AdaBoost,Accuracy,TSTR,0.336,0.06410928169929843,2,0.290138982598455,0.38186101740154504
4. Forest cover dataset,TVAE,AdaBoost,F1,TRTR,0.6197203841913493,0.02257514059906696,2,0.603571101460149,0.6358696669225496
4. Forest cover dataset,TVAE,AdaBoost,F1,TSTR,0.3213751642018569,0.06154199316527782,2,0.2773506743827882,0.3653996540209256
4. Forest cover dataset,TVAE,AdaBoost,Precision,TRTR,0.6169118549430458,0.02585545016933022,2,0.598415980106978,0.6354077297791135
4. Forest cover dataset,TVAE,AdaBoost,Precision,TSTR,0.3736559184054528,0.03631665402897005,2,0.3476765491434398,0.3996352876674658
4. Forest cover dataset,TVAE,AdaBoost,Recall,TRTR,0.6485000000000001,0.0277938842193746,2,0.6286174529794302,0.66838254702057
4. Forest cover dataset,TVAE,AdaBoost,Recall,TSTR,0.336,0.06410928169929843,2,0.290138982598455,0.38186101740154504
4. Forest cover dataset,TVAE,Decision Tree,Accuracy,TRTR,0.61,0.02309401076758502,2,0.593479539910439,0.626520460089561
4. Forest cover dataset,TVAE,Decision Tree,Accuracy,TSTR,0.3435,0.04441283598240491,2,0.3117289710654592,0.37527102893454084
4. Forest cover dataset,TVAE,Decision Tree,F1,TRTR,0.6033478482984258,0.02356654708418312,2,0.586489356091456,0.6202063405053956
4. Forest cover dataset,TVAE,Decision Tree,F1,TSTR,0.3436644853653056,0.03988264378290304,2,0.315134160706133,0.3721948100244782
4. Forest cover dataset,TVAE,Decision Tree,Precision,TRTR,0.606079712711094,0.02256827610673722,2,0.5899353405418878,0.6222240848803001
4. Forest cover dataset,TVAE,Decision Tree,Precision,TSTR,0.3542363206461158,0.02662927237220902,2,0.33518688675321157,0.3732857545390201
4. Forest cover dataset,TVAE,Decision Tree,Recall,TRTR,0.61,0.02309401076758502,2,0.593479539910439,0.626520460089561
4. Forest cover dataset,TVAE,Decision Tree,Recall,TSTR,0.3435,0.04441283598240491,2,0.3117289710654592,0.37527102893454084
4. Forest cover dataset,TVAE,Extra Trees,Accuracy,TRTR,0.6824999999999999,0.01889297341459103,2,0.6689847809932181,0.6960152190067816
4. Forest cover dataset,TVAE,Extra Trees,Accuracy,TSTR,0.3805000000000001,0.02976295236251494,2,0.35920886648487305,0.4017911335151272
4. Forest cover dataset,TVAE,Extra Trees,F1,TRTR,0.6620033516331233,0.02172625840012613,2,0.6464613226453059,0.6775453806209407
4. Forest cover dataset,TVAE,Extra Trees,F1,TSTR,0.3154289208978112,0.04213022388378761,2,0.28529077429170885,0.3455670675039136
4. Forest cover dataset,TVAE,Extra Trees,Precision,TRTR,0.6586544948108609,0.03419179007442599,2,0.6341951616530167,0.6831138279687051
4. Forest cover dataset,TVAE,Extra Trees,Precision,TSTR,0.3541910777464798,0.03825250779153239,2,0.3268268821264343,0.3815552733665253
4. Forest cover dataset,TVAE,Extra Trees,Recall,TRTR,0.6824999999999999,0.01889297341459103,2,0.6689847809932181,0.6960152190067816
4. Forest cover dataset,TVAE,Extra Trees,Recall,TSTR,0.3805000000000001,0.02976295236251494,2,0.35920886648487305,0.4017911335151272
4. Forest cover dataset,TVAE,Gradient Boosting,Accuracy,TRTR,0.6895000000000001,0.01935774321097945,2,0.6756523047096771,0.7033476952903231
4. Forest cover dataset,TVAE,Gradient Boosting,Accuracy,TSTR,0.33,0.04714045207910316,2,0.2962777520538012,0.36372224794619884
4. Forest cover dataset,TVAE,Gradient Boosting,F1,TRTR,0.6818163501313798,0.01992050266902101,2,0.6675660809763364,0.6960666192864231
4. Forest cover dataset,TVAE,Gradient Boosting,F1,TSTR,0.3269033146327281,0.03701187004680339,2,0.3004266177912043,0.3533800114742519
4. Forest cover dataset,TVAE,Gradient Boosting,Precision,TRTR,0.6848644736984942,0.02408509260593696,2,0.6676350363714685,0.70209391102552
4. Forest cover dataset,TVAE,Gradient Boosting,Precision,TSTR,0.3495309820777361,0.02042600664699988,2,0.33491909716104096,0.3641428669944312
4. Forest cover dataset,TVAE,Gradient Boosting,Recall,TRTR,0.6895000000000001,0.01935774321097945,2,0.6756523047096771,0.7033476952903231
4. Forest cover dataset,TVAE,Gradient Boosting,Recall,TSTR,0.33,0.04714045207910316,2,0.2962777520538012,0.36372224794619884
4. Forest cover dataset,TVAE,KNN,Accuracy,TRTR,0.605,0.01986062547968833,2,0.5907925644058569,0.619207435594143
4. Forest cover dataset,TVAE,KNN,Accuracy,TSTR,0.4245,0.01606410768002865,2,0.4130084296325512,0.4359915703674488
4. Forest cover dataset,TVAE,KNN,F1,TRTR,0.5858781958136642,0.02033358207599369,2,0.5713324274521213,0.600423964175207
4. Forest cover dataset,TVAE,KNN,F1,TSTR,0.3903316956556859,0.01600298860622288,2,0.37888384723977164,0.4017795440716001
4. Forest cover dataset,TVAE,KNN,Precision,TRTR,0.5834680764277166,0.0316096947074111,2,0.5608558630225869,0.6060802898328462
4. Forest cover dataset,TVAE,KNN,Precision,TSTR,0.395479491813811,0.01958261246232564,2,0.381470934751593,0.40948804887602896
4. Forest cover dataset,TVAE,KNN,Recall,TRTR,0.605,0.01986062547968833,2,0.5907925644058569,0.619207435594143
4. Forest cover dataset,TVAE,KNN,Recall,TSTR,0.4245,0.01606410768002865,2,0.4130084296325512,0.4359915703674488
4. Forest cover dataset,TVAE,Logistic Regression,Accuracy,TRTR,0.656,0.0141027972008708,2,0.6459114666286041,0.666088533371396
4. Forest cover dataset,TVAE,Logistic Regression,Accuracy,TSTR,0.423,0.04230839160261236,2,0.39273439988581216,0.4532656001141878
4. Forest cover dataset,TVAE,Logistic Regression,F1,TRTR,0.630383035529047,0.01505407896523964,2,0.619613996177969,0.6411520748801249
4. Forest cover dataset,TVAE,Logistic Regression,F1,TSTR,0.3933541714737945,0.05722971834050663,2,0.3524144972311455,0.43429384571644347
4. Forest cover dataset,TVAE,Logistic Regression,Precision,TRTR,0.6352480858325494,0.02359324106438175,2,0.6183704979024962,0.6521256737626027
4. Forest cover dataset,TVAE,Logistic Regression,Precision,TSTR,0.3919967023448013,0.03038119832974687,2,0.37026330230741544,0.4137301023821871
4. Forest cover dataset,TVAE,Logistic Regression,Recall,TRTR,0.656,0.0141027972008708,2,0.6459114666286041,0.666088533371396
4. Forest cover dataset,TVAE,Logistic Regression,Recall,TSTR,0.423,0.04230839160261236,2,0.39273439988581216,0.4532656001141878
4. Forest cover dataset,TVAE,MLP,Accuracy,TRTR,0.479,0.0490351347958221,2,0.4439223776877395,0.5140776223122605
4. Forest cover dataset,TVAE,MLP,Accuracy,TSTR,0.361,0.06715653356152326,2,0.3129591099345266,0.4090408900654734
4. Forest cover dataset,TVAE,MLP,F1,TRTR,0.4505811915597158,0.04196827183233348,2,0.4205588984720601,0.4806034846473715
4. Forest cover dataset,TVAE,MLP,F1,TSTR,0.3426203643751366,0.05065832744160333,2,0.30638157999396703,0.37885914875630616
4. Forest cover dataset,TVAE,MLP,Precision,TRTR,0.5037432322871089,0.04596200128273002,2,0.47086399725646305,0.5366224673177548
4. Forest cover dataset,TVAE,MLP,Precision,TSTR,0.3649753384155142,0.03360863262701607,2,0.34093317096495324,0.3890175058660752
4. Forest cover dataset,TVAE,MLP,Recall,TRTR,0.479,0.0490351347958221,2,0.4439223776877395,0.5140776223122605
4. Forest cover dataset,TVAE,MLP,Recall,TSTR,0.361,0.06715653356152326,2,0.3129591099345266,0.4090408900654734
4. Forest cover dataset,TVAE,Naive Bayes,Accuracy,TRTR,0.598,0.01873795909674028,2,0.5845956715560198,0.6114043284439802
4. Forest cover dataset,TVAE,Naive Bayes,Accuracy,TSTR,0.402,0.02770880325416054,2,0.3821783162354641,0.42182168376453594
4. Forest cover dataset,TVAE,Naive Bayes,F1,TRTR,0.5954974166913147,0.01537663987626775,2,0.5844976311649309,0.6064972022176985
4. Forest cover dataset,TVAE,Naive Bayes,F1,TSTR,0.3606045113378981,0.04215489790796999,2,0.33044871399819836,0.39076030867759787
4. Forest cover dataset,TVAE,Naive Bayes,Precision,TRTR,0.597796051914373,0.01254810544324626,2,0.5888196780284769,0.6067724258002691
4. Forest cover dataset,TVAE,Naive Bayes,Precision,TSTR,0.3687616373713419,0.02463291934079942,2,0.35114030840624727,0.3863829663364365
4. Forest cover dataset,TVAE,Naive Bayes,Recall,TRTR,0.598,0.01873795909674028,2,0.5845956715560198,0.6114043284439802
4. Forest cover dataset,TVAE,Naive Bayes,Recall,TSTR,0.402,0.02770880325416054,2,0.3821783162354641,0.42182168376453594
4. Forest cover dataset,TVAE,Random Forest,Accuracy,TRTR,0.6815,0.01901023116347847,2,0.6679008998527709,0.6950991001472291
4. Forest cover dataset,TVAE,Random Forest,Accuracy,TSTR,0.385,0.03800584750330461,2,0.35781225452057136,0.41218774547942866
4. Forest cover dataset,TVAE,Random Forest,F1,TRTR,0.6603024352232341,0.02103640141418547,2,0.6452539001944536,0.6753509702520145
4. Forest cover dataset,TVAE,Random Forest,F1,TSTR,0.3432100307143425,0.04873556531220867,2,0.30834670750100823,0.3780733539276767
4. Forest cover dataset,TVAE,Random Forest,Precision,TRTR,0.6582702794717087,0.03322025422810114,2,0.6345059411909482,0.6820346177524692
4. Forest cover dataset,TVAE,Random Forest,Precision,TSTR,0.3500543539629536,0.03651472830387167,2,0.3239332909004911,0.37617541702541607
4. Forest cover dataset,TVAE,Random Forest,Recall,TRTR,0.6815,0.01901023116347847,2,0.6679008998527709,0.6950991001472291
4. Forest cover dataset,TVAE,Random Forest,Recall,TSTR,0.385,0.03800584750330461,2,0.35781225452057136,0.41218774547942866
4. Forest cover dataset,TVAE,SVM-RBF,Accuracy,TRTR,0.6405,0.01623610517061009,2,0.628885390039851,0.6521146099601489
4. Forest cover dataset,TVAE,SVM-RBF,Accuracy,TSTR,0.441,0.04221637386396684,2,0.41080022541062566,0.47119977458937434
4. Forest cover dataset,TVAE,SVM-RBF,F1,TRTR,0.6080788391430874,0.01799121922226738,2,0.5952086962252883,0.6209489820608864
4. Forest cover dataset,TVAE,SVM-RBF,F1,TSTR,0.4023071353043748,0.05208321968321215,2,0.3650490444178811,0.43956522619086846
4. Forest cover dataset,TVAE,SVM-RBF,Precision,TRTR,0.5932150615584005,0.01727440151840308,2,0.5808576991353954,0.6055724239814056
4. Forest cover dataset,TVAE,SVM-RBF,Precision,TSTR,0.3937182380575605,0.02252105108333606,2,0.37760764863497986,0.40982882748014116
4. Forest cover dataset,TVAE,SVM-RBF,Recall,TRTR,0.6405,0.01623610517061009,2,0.628885390039851,0.6521146099601489
4. Forest cover dataset,TVAE,SVM-RBF,Recall,TSTR,0.441,0.04221637386396684,2,0.41080022541062566,0.47119977458937434
4. Forest cover dataset,WGAN_GP,AdaBoost,Accuracy,TRTR,0.6485000000000001,0.0277938842193746,2,0.6286174529794302,0.66838254702057
4. Forest cover dataset,WGAN_GP,AdaBoost,Accuracy,TSTR,0.413,0.05884065110297661,2,0.37090793388063525,0.4550920661193647
4. Forest cover dataset,WGAN_GP,AdaBoost,F1,TRTR,0.6197203841913493,0.02257514059906696,2,0.603571101460149,0.6358696669225496
4. Forest cover dataset,WGAN_GP,AdaBoost,F1,TSTR,0.3674422858516509,0.05116094148030211,2,0.33084395304685144,0.40404061865645036
4. Forest cover dataset,WGAN_GP,AdaBoost,Precision,TRTR,0.6169118549430458,0.02585545016933022,2,0.598415980106978,0.6354077297791135
4. Forest cover dataset,WGAN_GP,AdaBoost,Precision,TSTR,0.3523023562594946,0.04845982741348034,2,0.3176362840562583,0.38696842846273083
4. Forest cover dataset,WGAN_GP,AdaBoost,Recall,TRTR,0.6485000000000001,0.0277938842193746,2,0.6286174529794302,0.66838254702057
4. Forest cover dataset,WGAN_GP,AdaBoost,Recall,TSTR,0.413,0.05884065110297661,2,0.37090793388063525,0.4550920661193647
4. Forest cover dataset,WGAN_GP,Decision Tree,Accuracy,TRTR,0.61,0.02309401076758502,2,0.593479539910439,0.626520460089561
4. Forest cover dataset,WGAN_GP,Decision Tree,Accuracy,TSTR,0.358,0.02428991560298225,2,0.3406240411275327,0.3753759588724673
4. Forest cover dataset,WGAN_GP,Decision Tree,F1,TRTR,0.6033478482984258,0.02356654708418312,2,0.586489356091456,0.6202063405053956
4. Forest cover dataset,WGAN_GP,Decision Tree,F1,TSTR,0.3539037143773581,0.02497927911801573,2,0.3360346145536752,0.371772814201041
4. Forest cover dataset,WGAN_GP,Decision Tree,Precision,TRTR,0.606079712711094,0.02256827610673722,2,0.5899353405418878,0.6222240848803001
4. Forest cover dataset,WGAN_GP,Decision Tree,Precision,TSTR,0.3601897766903668,0.02075480537356067,2,0.34534268333394624,0.3750368700467873
4. Forest cover dataset,WGAN_GP,Decision Tree,Recall,TRTR,0.61,0.02309401076758502,2,0.593479539910439,0.626520460089561
4. Forest cover dataset,WGAN_GP,Decision Tree,Recall,TSTR,0.358,0.02428991560298225,2,0.3406240411275327,0.3753759588724673
4. Forest cover dataset,WGAN_GP,Extra Trees,Accuracy,TRTR,0.6824999999999999,0.01889297341459103,2,0.6689847809932181,0.6960152190067816
4. Forest cover dataset,WGAN_GP,Extra Trees,Accuracy,TSTR,0.4145,0.02488305983328148,2,0.396699731306141,0.43230026869385896
4. Forest cover dataset,WGAN_GP,Extra Trees,F1,TRTR,0.6620033516331233,0.02172625840012613,2,0.6464613226453059,0.6775453806209407
4. Forest cover dataset,WGAN_GP,Extra Trees,F1,TSTR,0.3802658688263649,0.02334965063324451,2,0.3635625349934584,0.3969692026592713
4. Forest cover dataset,WGAN_GP,Extra Trees,Precision,TRTR,0.6586544948108609,0.03419179007442599,2,0.6341951616530167,0.6831138279687051
4. Forest cover dataset,WGAN_GP,Extra Trees,Precision,TSTR,0.3528930684801228,0.02171902570965252,2,0.3373562134473846,0.368429923512861
4. Forest cover dataset,WGAN_GP,Extra Trees,Recall,TRTR,0.6824999999999999,0.01889297341459103,2,0.6689847809932181,0.6960152190067816
4. Forest cover dataset,WGAN_GP,Extra Trees,Recall,TSTR,0.4145,0.02488305983328148,2,0.396699731306141,0.43230026869385896
4. Forest cover dataset,WGAN_GP,Gradient Boosting,Accuracy,TRTR,0.6895000000000001,0.01935774321097945,2,0.6756523047096771,0.7033476952903231
4. Forest cover dataset,WGAN_GP,Gradient Boosting,Accuracy,TSTR,0.3965,0.04136893627939798,2,0.3669064457391411,0.42609355426085893
4. Forest cover dataset,WGAN_GP,Gradient Boosting,F1,TRTR,0.6818163501313798,0.01992050266902101,2,0.6675660809763364,0.6960666192864231
4. Forest cover dataset,WGAN_GP,Gradient Boosting,F1,TSTR,0.3734899988395434,0.03580722750474049,2,0.3478750513597317,0.39910494631935517
4. Forest cover dataset,WGAN_GP,Gradient Boosting,Precision,TRTR,0.6848644736984942,0.02408509260593696,2,0.6676350363714685,0.70209391102552
4. Forest cover dataset,WGAN_GP,Gradient Boosting,Precision,TSTR,0.3562731782293286,0.03286069826495025,2,0.33276605078989735,0.3797803056687598
4. Forest cover dataset,WGAN_GP,Gradient Boosting,Recall,TRTR,0.6895000000000001,0.01935774321097945,2,0.6756523047096771,0.7033476952903231
4. Forest cover dataset,WGAN_GP,Gradient Boosting,Recall,TSTR,0.3965,0.04136893627939798,2,0.3669064457391411,0.42609355426085893
4. Forest cover dataset,WGAN_GP,KNN,Accuracy,TRTR,0.605,0.01986062547968833,2,0.5907925644058569,0.619207435594143
4. Forest cover dataset,WGAN_GP,KNN,Accuracy,TSTR,0.4265,0.01958599272723012,2,0.4124890248419385,0.4405109751580615
4. Forest cover dataset,WGAN_GP,KNN,F1,TRTR,0.5858781958136642,0.02033358207599369,2,0.5713324274521213,0.600423964175207
4. Forest cover dataset,WGAN_GP,KNN,F1,TSTR,0.3925686322560197,0.01947753987443129,2,0.37863523959518197,0.4065020249168574
4. Forest cover dataset,WGAN_GP,KNN,Precision,TRTR,0.5834680764277166,0.0316096947074111,2,0.5608558630225869,0.6060802898328462
4. Forest cover dataset,WGAN_GP,KNN,Precision,TSTR,0.3650833772644895,0.01859189191543643,2,0.35178353898739323,0.3783832155415857
4. Forest cover dataset,WGAN_GP,KNN,Recall,TRTR,0.605,0.01986062547968833,2,0.5907925644058569,0.619207435594143
4. Forest cover dataset,WGAN_GP,KNN,Recall,TSTR,0.4265,0.01958599272723012,2,0.4124890248419385,0.4405109751580615
4. Forest cover dataset,WGAN_GP,Logistic Regression,Accuracy,TRTR,0.656,0.0141027972008708,2,0.6459114666286041,0.666088533371396
4. Forest cover dataset,WGAN_GP,Logistic Regression,Accuracy,TSTR,0.4395000000000001,0.02948163270015191,2,0.41841011044813475,0.4605898895518655
4. Forest cover dataset,WGAN_GP,Logistic Regression,F1,TRTR,0.630383035529047,0.01505407896523964,2,0.619613996177969,0.6411520748801249
4. Forest cover dataset,WGAN_GP,Logistic Regression,F1,TSTR,0.4013201541378596,0.01943066113587492,2,0.3874202965063922,0.415220011769327
4. Forest cover dataset,WGAN_GP,Logistic Regression,Precision,TRTR,0.6352480858325494,0.02359324106438175,2,0.6183704979024962,0.6521256737626027
4. Forest cover dataset,WGAN_GP,Logistic Regression,Precision,TSTR,0.3941255647296889,0.02585916306229866,2,0.37562703384999496,0.41262409560938285
4. Forest cover dataset,WGAN_GP,Logistic Regression,Recall,TRTR,0.656,0.0141027972008708,2,0.6459114666286041,0.666088533371396
4. Forest cover dataset,WGAN_GP,Logistic Regression,Recall,TSTR,0.4395000000000001,0.02948163270015191,2,0.41841011044813475,0.4605898895518655
4. Forest cover dataset,WGAN_GP,MLP,Accuracy,TRTR,0.479,0.0490351347958221,2,0.4439223776877395,0.5140776223122605
4. Forest cover dataset,WGAN_GP,MLP,Accuracy,TSTR,0.3805,0.05809235941345663,2,0.33894322950842704,0.422056770491573
4. Forest cover dataset,WGAN_GP,MLP,F1,TRTR,0.4505811915597158,0.04196827183233348,2,0.4205588984720601,0.4806034846473715
4. Forest cover dataset,WGAN_GP,MLP,F1,TSTR,0.3419485057833586,0.0648719620360811,2,0.29554189973583456,0.38835511183088267
4. Forest cover dataset,WGAN_GP,MLP,Precision,TRTR,0.5037432322871089,0.04596200128273002,2,0.47086399725646305,0.5366224673177548
4. Forest cover dataset,WGAN_GP,MLP,Precision,TSTR,0.3722623537351349,0.04083366666517017,2,0.34305170828937953,0.40147299918089024
4. Forest cover dataset,WGAN_GP,MLP,Recall,TRTR,0.479,0.0490351347958221,2,0.4439223776877395,0.5140776223122605
4. Forest cover dataset,WGAN_GP,MLP,Recall,TSTR,0.3805,0.05809235941345663,2,0.33894322950842704,0.422056770491573
4. Forest cover dataset,WGAN_GP,Naive Bayes,Accuracy,TRTR,0.598,0.01873795909674028,2,0.5845956715560198,0.6114043284439802
4. Forest cover dataset,WGAN_GP,Naive Bayes,Accuracy,TSTR,0.3730000000000001,0.01903213656482694,2,0.359385229672638,0.38661477032736224
4. Forest cover dataset,WGAN_GP,Naive Bayes,F1,TRTR,0.5954974166913147,0.01537663987626775,2,0.5844976311649309,0.6064972022176985
4. Forest cover dataset,WGAN_GP,Naive Bayes,F1,TSTR,0.3608060824741338,0.01529905170543173,2,0.34986180018158053,0.3717503647666871
4. Forest cover dataset,WGAN_GP,Naive Bayes,Precision,TRTR,0.597796051914373,0.01254810544324626,2,0.5888196780284769,0.6067724258002691
4. Forest cover dataset,WGAN_GP,Naive Bayes,Precision,TSTR,0.3561419316277806,0.01523764849156081,2,0.3452415745483197,0.3670422887072414
4. Forest cover dataset,WGAN_GP,Naive Bayes,Recall,TRTR,0.598,0.01873795909674028,2,0.5845956715560198,0.6114043284439802
4. Forest cover dataset,WGAN_GP,Naive Bayes,Recall,TSTR,0.3730000000000001,0.01903213656482694,2,0.359385229672638,0.38661477032736224
4. Forest cover dataset,WGAN_GP,Random Forest,Accuracy,TRTR,0.6815,0.01901023116347847,2,0.6679008998527709,0.6950991001472291
4. Forest cover dataset,WGAN_GP,Random Forest,Accuracy,TSTR,0.4165,0.03551603706621685,2,0.3910933576113439,0.44190664238865607
4. Forest cover dataset,WGAN_GP,Random Forest,F1,TRTR,0.6603024352232341,0.02103640141418547,2,0.6452539001944536,0.6753509702520145
4. Forest cover dataset,WGAN_GP,Random Forest,F1,TSTR,0.3831887751300889,0.03200310222575077,2,0.3602951349398473,0.40608241532033057
4. Forest cover dataset,WGAN_GP,Random Forest,Precision,TRTR,0.6582702794717087,0.03322025422810114,2,0.6345059411909482,0.6820346177524692
4. Forest cover dataset,WGAN_GP,Random Forest,Precision,TSTR,0.356019027308047,0.02896814635689484,2,0.33529646375796135,0.3767415908581327
4. Forest cover dataset,WGAN_GP,Random Forest,Recall,TRTR,0.6815,0.01901023116347847,2,0.6679008998527709,0.6950991001472291
4. Forest cover dataset,WGAN_GP,Random Forest,Recall,TSTR,0.4165,0.03551603706621685,2,0.3910933576113439,0.44190664238865607
4. Forest cover dataset,WGAN_GP,SVM-RBF,Accuracy,TRTR,0.6405,0.01623610517061009,2,0.628885390039851,0.6521146099601489
4. Forest cover dataset,WGAN_GP,SVM-RBF,Accuracy,TSTR,0.4545,0.0255440795488896,2,0.43622686628758633,0.4727731337124137
4. Forest cover dataset,WGAN_GP,SVM-RBF,F1,TRTR,0.6080788391430874,0.01799121922226738,2,0.5952086962252883,0.6209489820608864
4. Forest cover dataset,WGAN_GP,SVM-RBF,F1,TSTR,0.4058070913308874,0.01570329734843684,2,0.3945736291258947,0.41704055353588004
4. Forest cover dataset,WGAN_GP,SVM-RBF,Precision,TRTR,0.5932150615584005,0.01727440151840308,2,0.5808576991353954,0.6055724239814056
4. Forest cover dataset,WGAN_GP,SVM-RBF,Precision,TSTR,0.3915020310504751,0.02019060377088098,2,0.3770585432069012,0.405945518894049
4. Forest cover dataset,WGAN_GP,SVM-RBF,Recall,TRTR,0.6405,0.01623610517061009,2,0.628885390039851,0.6521146099601489
4. Forest cover dataset,WGAN_GP,SVM-RBF,Recall,TSTR,0.4545,0.0255440795488896,2,0.43622686628758633,0.4727731337124137
5. Bank Markting,CTABGAN,AdaBoost,Accuracy,TRTR,0.88835,0.004089621009335711,2,0.8854244613680967,0.8912755386319032
5. Bank Markting,CTABGAN,AdaBoost,Accuracy,TSTR,0.88895,0.003781901344268219,2,0.8862445907556111,0.8916554092443889
5. Bank Markting,CTABGAN,AdaBoost,F1,TRTR,0.8583985687637595,0.00562686233459445,2,0.8543733539336618,0.8624237835938573
5. Bank Markting,CTABGAN,AdaBoost,F1,TSTR,0.8585375593412617,0.005660783301051418,2,0.8544880789135512,0.8625870397689723
5. Bank Markting,CTABGAN,AdaBoost,Precision,TRTR,0.8655828746729869,0.009719826933052919,2,0.858629729351416,0.8725360199945578
5. Bank Markting,CTABGAN,AdaBoost,Precision,TSTR,0.8671003390957048,0.009047088541241139,2,0.86062844182864,0.8735722363627697
5. Bank Markting,CTABGAN,AdaBoost,Recall,TRTR,0.88835,0.004089621009335711,2,0.8854244613680967,0.8912755386319032
5. Bank Markting,CTABGAN,AdaBoost,Recall,TSTR,0.88895,0.003781901344268219,2,0.8862445907556111,0.8916554092443889
5. Bank Markting,CTABGAN,Decision Tree,Accuracy,TRTR,0.8092499999999999,0.0098043357755638,2,0.8022364006943218,0.816263599305678
5. Bank Markting,CTABGAN,Decision Tree,Accuracy,TSTR,0.5886,0.06133913016084341,2,0.544720629632123,0.632479370367877
5. Bank Markting,CTABGAN,Decision Tree,F1,TRTR,0.8142119787070708,0.006796202249413293,2,0.8093502684934596,0.8190736889206821
5. Bank Markting,CTABGAN,Decision Tree,F1,TSTR,0.6580247200911519,0.05091110942905495,2,0.6216051063695494,0.6944443338127544
5. Bank Markting,CTABGAN,Decision Tree,Precision,TRTR,0.8196875186765045,0.004599659970488308,2,0.8163971201514175,0.8229779172015914
5. Bank Markting,CTABGAN,Decision Tree,Precision,TSTR,0.8033533796076007,0.009949738393726757,2,0.7962357655348709,0.8104709936803305
5. Bank Markting,CTABGAN,Decision Tree,Recall,TRTR,0.8092499999999999,0.0098043357755638,2,0.8022364006943218,0.816263599305678
5. Bank Markting,CTABGAN,Decision Tree,Recall,TSTR,0.5886,0.06133913016084341,2,0.544720629632123,0.632479370367877
5. Bank Markting,CTABGAN,Extra Trees,Accuracy,TRTR,0.8702,0.004649970131325777,2,0.8668736117539165,0.8735263882460834
5. Bank Markting,CTABGAN,Extra Trees,Accuracy,TSTR,0.88365,0.001901023116347849,2,0.8822900899852771,0.885009910014723
5. Bank Markting,CTABGAN,Extra Trees,F1,TRTR,0.848671576185749,0.004736697976668008,2,0.8452831465765585,0.8520600057949395
5. Bank Markting,CTABGAN,Extra Trees,F1,TSTR,0.8481280437469211,0.003686576460779955,2,0.8454908258162481,0.850765261677594
5. Bank Markting,CTABGAN,Extra Trees,Precision,TRTR,0.839245679011597,0.006500744468747612,2,0.8345953265618129,0.843896031461381
5. Bank Markting,CTABGAN,Extra Trees,Precision,TSTR,0.8541399243819047,0.005642056796819243,2,0.8501038400883216,0.8581760086754877
5. Bank Markting,CTABGAN,Extra Trees,Recall,TRTR,0.8702,0.004649970131325777,2,0.8668736117539165,0.8735263882460834
5. Bank Markting,CTABGAN,Extra Trees,Recall,TSTR,0.88365,0.001901023116347849,2,0.8822900899852771,0.885009910014723
5. Bank Markting,CTABGAN,Gradient Boosting,Accuracy,TRTR,0.88845,0.003585851828134196,2,0.8858848361308933,0.8910151638691066
5. Bank Markting,CTABGAN,Gradient Boosting,Accuracy,TSTR,0.84185,0.0326130938257763,2,0.8185199981060852,0.8651800018939148
5. Bank Markting,CTABGAN,Gradient Boosting,F1,TRTR,0.8594208345602962,0.004475481440538018,2,0.8562192680041847,0.8626224011164076
5. Bank Markting,CTABGAN,Gradient Boosting,F1,TSTR,0.8299698207935379,0.01545478327720824,2,0.8189141348456338,0.8410255067414419
5. Bank Markting,CTABGAN,Gradient Boosting,Precision,TRTR,0.8656941994074098,0.008198547877988857,2,0.8598293115638144,0.8715590872510052
5. Bank Markting,CTABGAN,Gradient Boosting,Precision,TSTR,0.8290080196480603,0.01270603901029592,2,0.8199186668942878,0.8380973724018327
5. Bank Markting,CTABGAN,Gradient Boosting,Recall,TRTR,0.88845,0.003585851828134196,2,0.8858848361308933,0.8910151638691066
5. Bank Markting,CTABGAN,Gradient Boosting,Recall,TSTR,0.84185,0.0326130938257763,2,0.8185199981060852,0.8651800018939148
5. Bank Markting,CTABGAN,KNN,Accuracy,TRTR,0.87965,0.0028484888781403,2,0.8776123138093914,0.8816876861906087
5. Bank Markting,CTABGAN,KNN,Accuracy,TSTR,0.8771999999999999,0.0019465068427542,2,0.8758075528874821,0.8785924471125176
5. Bank Markting,CTABGAN,KNN,F1,TRTR,0.8543641245182668,0.003754934150024889,2,0.851678006442515,0.8570502425940186
5. Bank Markting,CTABGAN,KNN,F1,TSTR,0.8456234328173224,0.00390473410790908,2,0.8428301543071814,0.8484167113274634
5. Bank Markting,CTABGAN,KNN,Precision,TRTR,0.8495950778035857,0.005141345396243073,2,0.8459171808683118,0.8532729747388595
5. Bank Markting,CTABGAN,KNN,Precision,TSTR,0.8402413550227379,0.005253701076216765,2,0.8364830836758679,0.8439996263696079
5. Bank Markting,CTABGAN,KNN,Recall,TRTR,0.87965,0.0028484888781403,2,0.8776123138093914,0.8816876861906087
5. Bank Markting,CTABGAN,KNN,Recall,TSTR,0.8771999999999999,0.0019465068427542,2,0.8758075528874821,0.8785924471125176
5. Bank Markting,CTABGAN,Logistic Regression,Accuracy,TRTR,0.8885,0.002808716591058793,2,0.886490765189622,0.8905092348103779
5. Bank Markting,CTABGAN,Logistic Regression,Accuracy,TSTR,0.88795,0.001403368962334719,2,0.8869460903211441,0.8889539096788559
5. Bank Markting,CTABGAN,Logistic Regression,F1,TRTR,0.8570293086283707,0.004497563139479316,2,0.8538119457764255,0.8602466714803159
5. Bank Markting,CTABGAN,Logistic Regression,F1,TSTR,0.8501045510599878,0.002998712748673531,2,0.847959401186149,0.8522497009338267
5. Bank Markting,CTABGAN,Logistic Regression,Precision,TRTR,0.8665626518928435,0.0070477939459592,2,0.8615209638216188,0.8716043399640683
5. Bank Markting,CTABGAN,Logistic Regression,Precision,TSTR,0.8711965646841475,0.004588979539536541,2,0.8679138064791009,0.8744793228891942
5. Bank Markting,CTABGAN,Logistic Regression,Recall,TRTR,0.8885,0.002808716591058793,2,0.886490765189622,0.8905092348103779
5. Bank Markting,CTABGAN,Logistic Regression,Recall,TSTR,0.88795,0.001403368962334719,2,0.8869460903211441,0.8889539096788559
5. Bank Markting,CTABGAN,MLP,Accuracy,TRTR,0.8848,0.005533734925185903,2,0.8808414045053594,0.8887585954946406
5. Bank Markting,CTABGAN,MLP,Accuracy,TSTR,0.8812999999999999,0.004922736366425996,2,0.8777784865439171,0.8848215134560826
5. Bank Markting,CTABGAN,MLP,F1,TRTR,0.8585601176030879,0.006864870876790614,2,0.8536492848126576,0.8634709503935183
5. Bank Markting,CTABGAN,MLP,F1,TSTR,0.8475605518678732,0.00684169327231566,2,0.8426662993368682,0.8524548043988781
5. Bank Markting,CTABGAN,MLP,Precision,TRTR,0.8586749426518164,0.01071983163133027,2,0.851006437063312,0.8663434482403208
5. Bank Markting,CTABGAN,MLP,Precision,TSTR,0.8485117224817577,0.01235107640833914,2,0.8396762946766626,0.8573471502868527
5. Bank Markting,CTABGAN,MLP,Recall,TRTR,0.8848,0.005533734925185903,2,0.8808414045053594,0.8887585954946406
5. Bank Markting,CTABGAN,MLP,Recall,TSTR,0.8812999999999999,0.004922736366425996,2,0.8777784865439171,0.8848215134560826
5. Bank Markting,CTABGAN,Naive Bayes,Accuracy,TRTR,0.851,0.007760297817881898,2,0.8454486173634519,0.8565513826365481
5. Bank Markting,CTABGAN,Naive Bayes,Accuracy,TSTR,0.8589,0.007640535176136424,2,0.8534342903963039,0.8643657096036961
5. Bank Markting,CTABGAN,Naive Bayes,F1,TRTR,0.8419162664230189,0.006796072475634019,2,0.8370546490439768,0.846777883802061
5. Bank Markting,CTABGAN,Naive Bayes,F1,TSTR,0.8464856723061562,0.006493057813077973,2,0.8418408185585894,0.8511305260537231
5. Bank Markting,CTABGAN,Naive Bayes,Precision,TRTR,0.8348001392634921,0.006770877552943807,2,0.8299565452463923,0.8396437332805918
5. Bank Markting,CTABGAN,Naive Bayes,Precision,TSTR,0.8380572678442226,0.006955190380703791,2,0.8330818243729226,0.8430327113155227
5. Bank Markting,CTABGAN,Naive Bayes,Recall,TRTR,0.851,0.007760297817881898,2,0.8454486173634519,0.8565513826365481
5. Bank Markting,CTABGAN,Naive Bayes,Recall,TSTR,0.8589,0.007640535176136424,2,0.8534342903963039,0.8643657096036961
5. Bank Markting,CTABGAN,Random Forest,Accuracy,TRTR,0.88315,0.005773743249496891,2,0.8790197128930688,0.8872802871069312
5. Bank Markting,CTABGAN,Random Forest,Accuracy,TSTR,0.8843499999999999,0.004830746434156015,2,0.8808942921772478,0.8878057078227519
5. Bank Markting,CTABGAN,Random Forest,F1,TRTR,0.8574785823690189,0.006612011271808571,2,0.8527486344432579,0.8622085302947798
5. Bank Markting,CTABGAN,Random Forest,F1,TSTR,0.8514295933789378,0.004438232531465624,2,0.8482546730871717,0.8546045136707038
5. Bank Markting,CTABGAN,Random Forest,Precision,TRTR,0.8556515297390923,0.01063372871991347,2,0.8480446184628957,0.8632584410152889
5. Bank Markting,CTABGAN,Random Forest,Precision,TSTR,0.857299240428325,0.01229876476261798,2,0.8485012341202601,0.8660972467363898
5. Bank Markting,CTABGAN,Random Forest,Recall,TRTR,0.88315,0.005773743249496891,2,0.8790197128930688,0.8872802871069312
5. Bank Markting,CTABGAN,Random Forest,Recall,TSTR,0.8843499999999999,0.004830746434156015,2,0.8808942921772478,0.8878057078227519
5. Bank Markting,CTABGAN,SVM-RBF,Accuracy,TRTR,0.889,0.002972092416687829,2,0.8868738931644868,0.8911261068355132
5. Bank Markting,CTABGAN,SVM-RBF,Accuracy,TSTR,0.8877,0.00188856206322872,2,0.8863490040856818,0.8890509959143182
5. Bank Markting,CTABGAN,SVM-RBF,F1,TRTR,0.8576796406102787,0.004301097168639152,2,0.8546028210473657,0.8607564601731916
5. Bank Markting,CTABGAN,SVM-RBF,F1,TSTR,0.852528600165893,0.003158038602819354,2,0.8502694754419885,0.8547877248897976
5. Bank Markting,CTABGAN,SVM-RBF,Precision,TRTR,0.8679631869258282,0.007339255341697087,2,0.8627129999323334,0.873213373919323
5. Bank Markting,CTABGAN,SVM-RBF,Precision,TSTR,0.8669470050444298,0.005856532848444574,2,0.8627574938261474,0.8711365162627122
5. Bank Markting,CTABGAN,SVM-RBF,Recall,TRTR,0.889,0.002972092416687829,2,0.8868738931644868,0.8911261068355132
5. Bank Markting,CTABGAN,SVM-RBF,Recall,TSTR,0.8877,0.00188856206322872,2,0.8863490040856818,0.8890509959143182
5. Bank Markting,CTGAN,AdaBoost,Accuracy,TRTR,0.88835,0.004089621009335711,2,0.8854244613680967,0.8912755386319032
5. Bank Markting,CTGAN,AdaBoost,Accuracy,TSTR,0.8764,0.003942644346684622,2,0.8735796021387432,0.8792203978612567
5. Bank Markting,CTGAN,AdaBoost,F1,TRTR,0.8583985687637595,0.00562686233459445,2,0.8543733539336618,0.8624237835938573
5. Bank Markting,CTGAN,AdaBoost,F1,TSTR,0.8402864870685033,0.005591727341952821,2,0.8362864062980335,0.844286567838973
5. Bank Markting,CTGAN,AdaBoost,Precision,TRTR,0.8655828746729869,0.009719826933052919,2,0.858629729351416,0.8725360199945578
5. Bank Markting,CTGAN,AdaBoost,Precision,TSTR,0.8349119255184763,0.01024360986223108,2,0.827584088461279,0.8422397625756736
5. Bank Markting,CTGAN,AdaBoost,Recall,TRTR,0.88835,0.004089621009335711,2,0.8854244613680967,0.8912755386319032
5. Bank Markting,CTGAN,AdaBoost,Recall,TSTR,0.8764,0.003942644346684622,2,0.8735796021387432,0.8792203978612567
5. Bank Markting,CTGAN,Decision Tree,Accuracy,TRTR,0.8092499999999999,0.0098043357755638,2,0.8022364006943218,0.816263599305678
5. Bank Markting,CTGAN,Decision Tree,Accuracy,TSTR,0.74065,0.01014902841545817,2,0.7333898224339301,0.7479101775660699
5. Bank Markting,CTGAN,Decision Tree,F1,TRTR,0.8142119787070708,0.006796202249413293,2,0.8093502684934596,0.8190736889206821
5. Bank Markting,CTGAN,Decision Tree,F1,TSTR,0.7701633231661639,0.007524772808519198,2,0.7647804249715964,0.7755462213607314
5. Bank Markting,CTGAN,Decision Tree,Precision,TRTR,0.8196875186765045,0.004599659970488308,2,0.8163971201514175,0.8229779172015914
5. Bank Markting,CTGAN,Decision Tree,Precision,TSTR,0.809844214776588,0.006641120849556313,2,0.8050934431133547,0.8145949864398212
5. Bank Markting,CTGAN,Decision Tree,Recall,TRTR,0.8092499999999999,0.0098043357755638,2,0.8022364006943218,0.816263599305678
5. Bank Markting,CTGAN,Decision Tree,Recall,TSTR,0.74065,0.01014902841545817,2,0.7333898224339301,0.7479101775660699
5. Bank Markting,CTGAN,Extra Trees,Accuracy,TRTR,0.8702,0.004649970131325777,2,0.8668736117539165,0.8735263882460834
5. Bank Markting,CTGAN,Extra Trees,Accuracy,TSTR,0.8119500000000001,0.009973436942420815,2,0.8048154330068001,0.8190845669932
5. Bank Markting,CTGAN,Extra Trees,F1,TRTR,0.848671576185749,0.004736697976668008,2,0.8452831465765585,0.8520600057949395
5. Bank Markting,CTGAN,Extra Trees,F1,TSTR,0.8116027107639182,0.00847911153339922,2,0.8055371197718557,0.8176683017559807
5. Bank Markting,CTGAN,Extra Trees,Precision,TRTR,0.839245679011597,0.006500744468747612,2,0.8345953265618129,0.843896031461381
5. Bank Markting,CTGAN,Extra Trees,Precision,TSTR,0.811313882673333,0.00741552495728265,2,0.806009135683612,0.8166186296630541
5. Bank Markting,CTGAN,Extra Trees,Recall,TRTR,0.8702,0.004649970131325777,2,0.8668736117539165,0.8735263882460834
5. Bank Markting,CTGAN,Extra Trees,Recall,TSTR,0.8119500000000001,0.009973436942420815,2,0.8048154330068001,0.8190845669932
5. Bank Markting,CTGAN,Gradient Boosting,Accuracy,TRTR,0.88845,0.003585851828134196,2,0.8858848361308933,0.8910151638691066
5. Bank Markting,CTGAN,Gradient Boosting,Accuracy,TSTR,0.8734,0.006389227044191022,2,0.8688294223100105,0.8779705776899894
5. Bank Markting,CTGAN,Gradient Boosting,F1,TRTR,0.8594208345602962,0.004475481440538018,2,0.8562192680041847,0.8626224011164076
5. Bank Markting,CTGAN,Gradient Boosting,F1,TSTR,0.8453567742427941,0.006694730279630668,2,0.8405676527035311,0.8501458957820571
5. Bank Markting,CTGAN,Gradient Boosting,Precision,TRTR,0.8656941994074098,0.008198547877988857,2,0.8598293115638144,0.8715590872510052
5. Bank Markting,CTGAN,Gradient Boosting,Precision,TSTR,0.8372203107753716,0.01096880609219699,2,0.8293736995868716,0.8450669219638717
5. Bank Markting,CTGAN,Gradient Boosting,Recall,TRTR,0.88845,0.003585851828134196,2,0.8858848361308933,0.8910151638691066
5. Bank Markting,CTGAN,Gradient Boosting,Recall,TSTR,0.8734,0.006389227044191022,2,0.8688294223100105,0.8779705776899894
5. Bank Markting,CTGAN,KNN,Accuracy,TRTR,0.87965,0.0028484888781403,2,0.8776123138093914,0.8816876861906087
5. Bank Markting,CTGAN,KNN,Accuracy,TSTR,0.82005,0.01059992138335625,2,0.8124672730354826,0.8276327269645173
5. Bank Markting,CTGAN,KNN,F1,TRTR,0.8543641245182668,0.003754934150024889,2,0.851678006442515,0.8570502425940186
5. Bank Markting,CTGAN,KNN,F1,TSTR,0.8175402551673698,0.00973117209508074,2,0.8105789940057928,0.8245015163289469
5. Bank Markting,CTGAN,KNN,Precision,TRTR,0.8495950778035857,0.005141345396243073,2,0.8459171808683118,0.8532729747388595
5. Bank Markting,CTGAN,KNN,Precision,TSTR,0.8152035373426447,0.009530626503402572,2,0.8083857378550402,0.8220213368302492
5. Bank Markting,CTGAN,KNN,Recall,TRTR,0.87965,0.0028484888781403,2,0.8776123138093914,0.8816876861906087
5. Bank Markting,CTGAN,KNN,Recall,TSTR,0.82005,0.01059992138335625,2,0.8124672730354826,0.8276327269645173
5. Bank Markting,CTGAN,Logistic Regression,Accuracy,TRTR,0.8885,0.002808716591058793,2,0.886490765189622,0.8905092348103779
5. Bank Markting,CTGAN,Logistic Regression,Accuracy,TSTR,0.8782,0.00335161652539983,2,0.8758023979723306,0.8805976020276693
5. Bank Markting,CTGAN,Logistic Regression,F1,TRTR,0.8570293086283707,0.004497563139479316,2,0.8538119457764255,0.8602466714803159
5. Bank Markting,CTGAN,Logistic Regression,F1,TSTR,0.8336651493094953,0.004216147732611589,2,0.8306490989123045,0.8366811997066861
5. Bank Markting,CTGAN,Logistic Regression,Precision,TRTR,0.8665626518928435,0.0070477939459592,2,0.8615209638216188,0.8716043399640683
5. Bank Markting,CTGAN,Logistic Regression,Precision,TSTR,0.8334069066938582,0.01520150551549035,2,0.8225324047419323,0.844281408645784
5. Bank Markting,CTGAN,Logistic Regression,Recall,TRTR,0.8885,0.002808716591058793,2,0.886490765189622,0.8905092348103779
5. Bank Markting,CTGAN,Logistic Regression,Recall,TSTR,0.8782,0.00335161652539983,2,0.8758023979723306,0.8805976020276693
5. Bank Markting,CTGAN,MLP,Accuracy,TRTR,0.8848,0.005533734925185903,2,0.8808414045053594,0.8887585954946406
5. Bank Markting,CTGAN,MLP,Accuracy,TSTR,0.8330500000000001,0.01560528756543755,2,0.8218866497701304,0.8442133502298698
5. Bank Markting,CTGAN,MLP,F1,TRTR,0.8585601176030879,0.006864870876790614,2,0.8536492848126576,0.8634709503935183
5. Bank Markting,CTGAN,MLP,F1,TSTR,0.8252591627537074,0.009661763605670688,2,0.818347553434364,0.8321707720730507
5. Bank Markting,CTGAN,MLP,Precision,TRTR,0.8586749426518164,0.01071983163133027,2,0.851006437063312,0.8663434482403208
5. Bank Markting,CTGAN,MLP,Precision,TSTR,0.8191415944727412,0.006871526663238824,2,0.8142260004195102,0.8240571885259721
5. Bank Markting,CTGAN,MLP,Recall,TRTR,0.8848,0.005533734925185903,2,0.8808414045053594,0.8887585954946406
5. Bank Markting,CTGAN,MLP,Recall,TSTR,0.8330500000000001,0.01560528756543755,2,0.8218866497701304,0.8442133502298698
5. Bank Markting,CTGAN,Naive Bayes,Accuracy,TRTR,0.851,0.007760297817881898,2,0.8454486173634519,0.8565513826365481
5. Bank Markting,CTGAN,Naive Bayes,Accuracy,TSTR,0.7481499999999999,0.0201439955211362,2,0.7337398536897569,0.7625601463102428
5. Bank Markting,CTGAN,Naive Bayes,F1,TRTR,0.8419162664230189,0.006796072475634019,2,0.8370546490439768,0.846777883802061
5. Bank Markting,CTGAN,Naive Bayes,F1,TSTR,0.7811602543434377,0.01427086370635525,2,0.7709514934366781,0.7913690152501973
5. Bank Markting,CTGAN,Naive Bayes,Precision,TRTR,0.8348001392634921,0.006770877552943807,2,0.8299565452463923,0.8396437332805918
5. Bank Markting,CTGAN,Naive Bayes,Precision,TSTR,0.8326388558861948,0.004854783181970051,2,0.8291659532098965,0.8361117585624931
5. Bank Markting,CTGAN,Naive Bayes,Recall,TRTR,0.851,0.007760297817881898,2,0.8454486173634519,0.8565513826365481
5. Bank Markting,CTGAN,Naive Bayes,Recall,TSTR,0.7481499999999999,0.0201439955211362,2,0.7337398536897569,0.7625601463102428
5. Bank Markting,CTGAN,Random Forest,Accuracy,TRTR,0.88315,0.005773743249496891,2,0.8790197128930688,0.8872802871069312
5. Bank Markting,CTGAN,Random Forest,Accuracy,TSTR,0.83535,0.007149397799037976,2,0.8302356289108004,0.8404643710891997
5. Bank Markting,CTGAN,Random Forest,F1,TRTR,0.8574785823690189,0.006612011271808571,2,0.8527486344432579,0.8622085302947798
5. Bank Markting,CTGAN,Random Forest,F1,TSTR,0.8246614133351364,0.007343463966002905,2,0.8194082156731797,0.8299146109970932
5. Bank Markting,CTGAN,Random Forest,Precision,TRTR,0.8556515297390923,0.01063372871991347,2,0.8480446184628957,0.8632584410152889
5. Bank Markting,CTGAN,Random Forest,Precision,TSTR,0.8156322546791175,0.008062829297623123,2,0.8098644540592577,0.8214000552989773
5. Bank Markting,CTGAN,Random Forest,Recall,TRTR,0.88315,0.005773743249496891,2,0.8790197128930688,0.8872802871069312
5. Bank Markting,CTGAN,Random Forest,Recall,TSTR,0.83535,0.007149397799037976,2,0.8302356289108004,0.8404643710891997
5. Bank Markting,CTGAN,SVM-RBF,Accuracy,TRTR,0.889,0.002972092416687829,2,0.8868738931644868,0.8911261068355132
5. Bank Markting,CTGAN,SVM-RBF,Accuracy,TSTR,0.8792,0.003895866755649866,2,0.8764130648115355,0.8819869351884645
5. Bank Markting,CTGAN,SVM-RBF,F1,TRTR,0.8576796406102787,0.004301097168639152,2,0.8546028210473657,0.8607564601731916
5. Bank Markting,CTGAN,SVM-RBF,F1,TSTR,0.8357732267874287,0.005751751961493175,2,0.8316586713002426,0.8398877822746148
5. Bank Markting,CTGAN,SVM-RBF,Precision,TRTR,0.8679631869258282,0.007339255341697087,2,0.8627129999323334,0.873213373919323
5. Bank Markting,CTGAN,SVM-RBF,Precision,TSTR,0.8377727488231915,0.01796815116036011,2,0.8249191078027855,0.8506263898435975
5. Bank Markting,CTGAN,SVM-RBF,Recall,TRTR,0.889,0.002972092416687829,2,0.8868738931644868,0.8911261068355132
5. Bank Markting,CTGAN,SVM-RBF,Recall,TSTR,0.8792,0.003895866755649866,2,0.8764130648115355,0.8819869351884645
5. Bank Markting,CopulaGAN,AdaBoost,Accuracy,TRTR,0.88835,0.004089621009335711,2,0.8854244613680967,0.8912755386319032
5. Bank Markting,CopulaGAN,AdaBoost,Accuracy,TSTR,0.8741,0.004427188724235699,2,0.8709329799720043,0.8772670200279957
5. Bank Markting,CopulaGAN,AdaBoost,F1,TRTR,0.8583985687637595,0.00562686233459445,2,0.8543733539336618,0.8624237835938573
5. Bank Markting,CopulaGAN,AdaBoost,F1,TSTR,0.8531665820602911,0.005135690762162957,2,0.8494927302065572,0.8568404339140249
5. Bank Markting,CopulaGAN,AdaBoost,Precision,TRTR,0.8655828746729869,0.009719826933052919,2,0.858629729351416,0.8725360199945578
5. Bank Markting,CopulaGAN,AdaBoost,Precision,TSTR,0.8451301151592314,0.006816164696551982,2,0.8402541246711991,0.8500061056472638
5. Bank Markting,CopulaGAN,AdaBoost,Recall,TRTR,0.88835,0.004089621009335711,2,0.8854244613680967,0.8912755386319032
5. Bank Markting,CopulaGAN,AdaBoost,Recall,TSTR,0.8741,0.004427188724235699,2,0.8709329799720043,0.8772670200279957
5. Bank Markting,CopulaGAN,Decision Tree,Accuracy,TRTR,0.8092499999999999,0.0098043357755638,2,0.8022364006943218,0.816263599305678
5. Bank Markting,CopulaGAN,Decision Tree,Accuracy,TSTR,0.79735,0.008828772407431415,2,0.7910342766869446,0.8036657233130554
5. Bank Markting,CopulaGAN,Decision Tree,F1,TRTR,0.8142119787070708,0.006796202249413293,2,0.8093502684934596,0.8190736889206821
5. Bank Markting,CopulaGAN,Decision Tree,F1,TSTR,0.806937180956474,0.007055289077507501,2,0.801890131191135,0.8119842307218131
5. Bank Markting,CopulaGAN,Decision Tree,Precision,TRTR,0.8196875186765045,0.004599659970488308,2,0.8163971201514175,0.8229779172015914
5. Bank Markting,CopulaGAN,Decision Tree,Precision,TSTR,0.8178645285315751,0.005968732588663189,2,0.8135947544542772,0.822134302608873
5. Bank Markting,CopulaGAN,Decision Tree,Recall,TRTR,0.8092499999999999,0.0098043357755638,2,0.8022364006943218,0.816263599305678
5. Bank Markting,CopulaGAN,Decision Tree,Recall,TSTR,0.79735,0.008828772407431415,2,0.7910342766869446,0.8036657233130554
5. Bank Markting,CopulaGAN,Extra Trees,Accuracy,TRTR,0.8702,0.004649970131325777,2,0.8668736117539165,0.8735263882460834
5. Bank Markting,CopulaGAN,Extra Trees,Accuracy,TSTR,0.8619,0.00240138848724373,2,0.8601821501616893,0.8636178498383107
5. Bank Markting,CopulaGAN,Extra Trees,F1,TRTR,0.848671576185749,0.004736697976668008,2,0.8452831465765585,0.8520600057949395
5. Bank Markting,CopulaGAN,Extra Trees,F1,TSTR,0.8465552089191352,0.003278841393572628,2,0.8442096670846025,0.8489007507536678
5. Bank Markting,CopulaGAN,Extra Trees,Precision,TRTR,0.839245679011597,0.006500744468747612,2,0.8345953265618129,0.843896031461381
5. Bank Markting,CopulaGAN,Extra Trees,Precision,TSTR,0.8369005290628188,0.004166128131389056,2,0.8339202605327973,0.8398807975928402
5. Bank Markting,CopulaGAN,Extra Trees,Recall,TRTR,0.8702,0.004649970131325777,2,0.8668736117539165,0.8735263882460834
5. Bank Markting,CopulaGAN,Extra Trees,Recall,TSTR,0.8619,0.00240138848724373,2,0.8601821501616893,0.8636178498383107
5. Bank Markting,CopulaGAN,Gradient Boosting,Accuracy,TRTR,0.88845,0.003585851828134196,2,0.8858848361308933,0.8910151638691066
5. Bank Markting,CopulaGAN,Gradient Boosting,Accuracy,TSTR,0.87485,0.004069193204227725,2,0.8719390745395549,0.8777609254604452
5. Bank Markting,CopulaGAN,Gradient Boosting,F1,TRTR,0.8594208345602962,0.004475481440538018,2,0.8562192680041847,0.8626224011164076
5. Bank Markting,CopulaGAN,Gradient Boosting,F1,TSTR,0.8534832858776173,0.004948017329949875,2,0.8499436875096877,0.857022884245547
5. Bank Markting,CopulaGAN,Gradient Boosting,Precision,TRTR,0.8656941994074098,0.008198547877988857,2,0.8598293115638144,0.8715590872510052
5. Bank Markting,CopulaGAN,Gradient Boosting,Precision,TSTR,0.845758292495043,0.006510530662105119,2,0.8411009394242572,0.8504156455658287
5. Bank Markting,CopulaGAN,Gradient Boosting,Recall,TRTR,0.88845,0.003585851828134196,2,0.8858848361308933,0.8910151638691066
5. Bank Markting,CopulaGAN,Gradient Boosting,Recall,TSTR,0.87485,0.004069193204227725,2,0.8719390745395549,0.8777609254604452
5. Bank Markting,CopulaGAN,KNN,Accuracy,TRTR,0.87965,0.0028484888781403,2,0.8776123138093914,0.8816876861906087
5. Bank Markting,CopulaGAN,KNN,Accuracy,TSTR,0.8631500000000001,0.002646276209653449,2,0.8612569680382718,0.8650430319617284
5. Bank Markting,CopulaGAN,KNN,F1,TRTR,0.8543641245182668,0.003754934150024889,2,0.851678006442515,0.8570502425940186
5. Bank Markting,CopulaGAN,KNN,F1,TSTR,0.8456218854290573,0.0034627199341824,2,0.8431448048106364,0.8480989660474781
5. Bank Markting,CopulaGAN,KNN,Precision,TRTR,0.8495950778035857,0.005141345396243073,2,0.8459171808683118,0.8532729747388595
5. Bank Markting,CopulaGAN,KNN,Precision,TSTR,0.8353164974579694,0.004388355006361324,2,0.8321772573982403,0.8384557375176985
5. Bank Markting,CopulaGAN,KNN,Recall,TRTR,0.87965,0.0028484888781403,2,0.8776123138093914,0.8816876861906087
5. Bank Markting,CopulaGAN,KNN,Recall,TSTR,0.8631500000000001,0.002646276209653449,2,0.8612569680382718,0.8650430319617284
5. Bank Markting,CopulaGAN,Logistic Regression,Accuracy,TRTR,0.8885,0.002808716591058793,2,0.886490765189622,0.8905092348103779
5. Bank Markting,CopulaGAN,Logistic Regression,Accuracy,TSTR,0.8743000000000001,0.005271516754112495,2,0.8705289840849124,0.8780710159150877
5. Bank Markting,CopulaGAN,Logistic Regression,F1,TRTR,0.8570293086283707,0.004497563139479316,2,0.8538119457764255,0.8602466714803159
5. Bank Markting,CopulaGAN,Logistic Regression,F1,TSTR,0.8547601795609261,0.006221023096751748,2,0.8503099277263517,0.8592104313955005
5. Bank Markting,CopulaGAN,Logistic Regression,Precision,TRTR,0.8665626518928435,0.0070477939459592,2,0.8615209638216188,0.8716043399640683
5. Bank Markting,CopulaGAN,Logistic Regression,Precision,TSTR,0.8468708157459159,0.007910577129710796,2,0.8412119297658239,0.852529701726008
5. Bank Markting,CopulaGAN,Logistic Regression,Recall,TRTR,0.8885,0.002808716591058793,2,0.886490765189622,0.8905092348103779
5. Bank Markting,CopulaGAN,Logistic Regression,Recall,TSTR,0.8743000000000001,0.005271516754112495,2,0.8705289840849124,0.8780710159150877
5. Bank Markting,CopulaGAN,MLP,Accuracy,TRTR,0.8848,0.005533734925185903,2,0.8808414045053594,0.8887585954946406
5. Bank Markting,CopulaGAN,MLP,Accuracy,TSTR,0.84285,0.01560457553981455,2,0.831687159122577,0.854012840877423
5. Bank Markting,CopulaGAN,MLP,F1,TRTR,0.8585601176030879,0.006864870876790614,2,0.8536492848126576,0.8634709503935183
5. Bank Markting,CopulaGAN,MLP,F1,TSTR,0.8385657127366786,0.01039037259803104,2,0.8311328879428851,0.845998537530472
5. Bank Markting,CopulaGAN,MLP,Precision,TRTR,0.8586749426518164,0.01071983163133027,2,0.851006437063312,0.8663434482403208
5. Bank Markting,CopulaGAN,MLP,Precision,TSTR,0.8355708088953593,0.007590414869697083,2,0.8301409531990049,0.8410006645917136
5. Bank Markting,CopulaGAN,MLP,Recall,TRTR,0.8848,0.005533734925185903,2,0.8808414045053594,0.8887585954946406
5. Bank Markting,CopulaGAN,MLP,Recall,TSTR,0.84285,0.01560457553981455,2,0.831687159122577,0.854012840877423
5. Bank Markting,CopulaGAN,Naive Bayes,Accuracy,TRTR,0.851,0.007760297817881898,2,0.8454486173634519,0.8565513826365481
5. Bank Markting,CopulaGAN,Naive Bayes,Accuracy,TSTR,0.80615,0.00844278126896317,2,0.8001103981134983,0.8121896018865018
5. Bank Markting,CopulaGAN,Naive Bayes,F1,TRTR,0.8419162664230189,0.006796072475634019,2,0.8370546490439768,0.846777883802061
5. Bank Markting,CopulaGAN,Naive Bayes,F1,TSTR,0.8145808032651077,0.007033986907661821,2,0.8095489921540803,0.8196126143761352
5. Bank Markting,CopulaGAN,Naive Bayes,Precision,TRTR,0.8348001392634921,0.006770877552943807,2,0.8299565452463923,0.8396437332805918
5. Bank Markting,CopulaGAN,Naive Bayes,Precision,TSTR,0.8241631247905744,0.00581668617558226,2,0.8200021181649048,0.8283241314162441
5. Bank Markting,CopulaGAN,Naive Bayes,Recall,TRTR,0.851,0.007760297817881898,2,0.8454486173634519,0.8565513826365481
5. Bank Markting,CopulaGAN,Naive Bayes,Recall,TSTR,0.80615,0.00844278126896317,2,0.8001103981134983,0.8121896018865018
5. Bank Markting,CopulaGAN,Random Forest,Accuracy,TRTR,0.88315,0.005773743249496891,2,0.8790197128930688,0.8872802871069312
5. Bank Markting,CopulaGAN,Random Forest,Accuracy,TSTR,0.8720500000000001,0.003483692166525487,2,0.8695579167503387,0.8745420832496615
5. Bank Markting,CopulaGAN,Random Forest,F1,TRTR,0.8574785823690189,0.006612011271808571,2,0.8527486344432579,0.8622085302947798
5. Bank Markting,CopulaGAN,Random Forest,F1,TSTR,0.8533930980235243,0.005613247891787815,2,0.8493776223791093,0.8574085736679392
5. Bank Markting,CopulaGAN,Random Forest,Precision,TRTR,0.8556515297390923,0.01063372871991347,2,0.8480446184628957,0.8632584410152889
5. Bank Markting,CopulaGAN,Random Forest,Precision,TSTR,0.8447966922863859,0.006935082356731503,2,0.8398356332289001,0.8497577513438717
5. Bank Markting,CopulaGAN,Random Forest,Recall,TRTR,0.88315,0.005773743249496891,2,0.8790197128930688,0.8872802871069312
5. Bank Markting,CopulaGAN,Random Forest,Recall,TSTR,0.8720500000000001,0.003483692166525487,2,0.8695579167503387,0.8745420832496615
5. Bank Markting,CopulaGAN,SVM-RBF,Accuracy,TRTR,0.889,0.002972092416687829,2,0.8868738931644868,0.8911261068355132
5. Bank Markting,CopulaGAN,SVM-RBF,Accuracy,TSTR,0.8797,0.00359165699921359,2,0.8771306833616712,0.8822693166383289
5. Bank Markting,CopulaGAN,SVM-RBF,F1,TRTR,0.8576796406102787,0.004301097168639152,2,0.8546028210473657,0.8607564601731916
5. Bank Markting,CopulaGAN,SVM-RBF,F1,TSTR,0.8532563895666462,0.004269741169801026,2,0.8502020007340463,0.8563107783992461
5. Bank Markting,CopulaGAN,SVM-RBF,Precision,TRTR,0.8679631869258282,0.007339255341697087,2,0.8627129999323334,0.873213373919323
5. Bank Markting,CopulaGAN,SVM-RBF,Precision,TSTR,0.8488695164804666,0.006662519339573771,2,0.8441034372596217,0.8536355957013115
5. Bank Markting,CopulaGAN,SVM-RBF,Recall,TRTR,0.889,0.002972092416687829,2,0.8868738931644868,0.8911261068355132
5. Bank Markting,CopulaGAN,SVM-RBF,Recall,TSTR,0.8797,0.00359165699921359,2,0.8771306833616712,0.8822693166383289
5. Bank Markting,ForestDiffusion,AdaBoost,Accuracy,TRTR,0.88835,0.004089621009335711,2,0.8854244613680967,0.8912755386319032
5. Bank Markting,ForestDiffusion,AdaBoost,Accuracy,TSTR,0.8886000000000001,0.003272783388968956,2,0.8862587918008972,0.8909412081991029
5. Bank Markting,ForestDiffusion,AdaBoost,F1,TRTR,0.8583985687637595,0.00562686233459445,2,0.8543733539336618,0.8624237835938573
5. Bank Markting,ForestDiffusion,AdaBoost,F1,TSTR,0.8588781180358847,0.005329869929362562,2,0.8550653587738956,0.8626908772978737
5. Bank Markting,ForestDiffusion,AdaBoost,Precision,TRTR,0.8655828746729869,0.009719826933052919,2,0.858629729351416,0.8725360199945578
5. Bank Markting,ForestDiffusion,AdaBoost,Precision,TSTR,0.8659626219059307,0.0074988996403748,2,0.8605982322608751,0.8713270115509862
5. Bank Markting,ForestDiffusion,AdaBoost,Recall,TRTR,0.88835,0.004089621009335711,2,0.8854244613680967,0.8912755386319032
5. Bank Markting,ForestDiffusion,AdaBoost,Recall,TSTR,0.8886000000000001,0.003272783388968956,2,0.8862587918008972,0.8909412081991029
5. Bank Markting,ForestDiffusion,Decision Tree,Accuracy,TRTR,0.8092499999999999,0.0098043357755638,2,0.8022364006943218,0.816263599305678
5. Bank Markting,ForestDiffusion,Decision Tree,Accuracy,TSTR,0.8111,0.01806439100059069,2,0.7981775131452539,0.8240224868547462
5. Bank Markting,ForestDiffusion,Decision Tree,F1,TRTR,0.8142119787070708,0.006796202249413293,2,0.8093502684934596,0.8190736889206821
5. Bank Markting,ForestDiffusion,Decision Tree,F1,TSTR,0.8186231723537245,0.01339533032467631,2,0.8090407302979723,0.8282056144094767
5. Bank Markting,ForestDiffusion,Decision Tree,Precision,TRTR,0.8196875186765045,0.004599659970488308,2,0.8163971201514175,0.8229779172015914
5. Bank Markting,ForestDiffusion,Decision Tree,Precision,TSTR,0.8273463877536417,0.008470679967395896,2,0.8212868283405479,0.8334059471667354
5. Bank Markting,ForestDiffusion,Decision Tree,Recall,TRTR,0.8092499999999999,0.0098043357755638,2,0.8022364006943218,0.816263599305678
5. Bank Markting,ForestDiffusion,Decision Tree,Recall,TSTR,0.8111,0.01806439100059069,2,0.7981775131452539,0.8240224868547462
5. Bank Markting,ForestDiffusion,Extra Trees,Accuracy,TRTR,0.8702,0.004649970131325777,2,0.8668736117539165,0.8735263882460834
5. Bank Markting,ForestDiffusion,Extra Trees,Accuracy,TSTR,0.8929,0.005985166849990251,2,0.888618469560367,0.897181530439633
5. Bank Markting,ForestDiffusion,Extra Trees,F1,TRTR,0.848671576185749,0.004736697976668008,2,0.8452831465765585,0.8520600057949395
5. Bank Markting,ForestDiffusion,Extra Trees,F1,TSTR,0.8693614336046644,0.008202606927275015,2,0.8634936420921304,0.8752292251171985
5. Bank Markting,ForestDiffusion,Extra Trees,Precision,TRTR,0.839245679011597,0.006500744468747612,2,0.8345953265618129,0.843896031461381
5. Bank Markting,ForestDiffusion,Extra Trees,Precision,TSTR,0.8737210687476338,0.01089944968435002,2,0.8659240721444615,0.881518065350806
5. Bank Markting,ForestDiffusion,Extra Trees,Recall,TRTR,0.8702,0.004649970131325777,2,0.8668736117539165,0.8735263882460834
5. Bank Markting,ForestDiffusion,Extra Trees,Recall,TSTR,0.8929,0.005985166849990251,2,0.888618469560367,0.897181530439633
5. Bank Markting,ForestDiffusion,Gradient Boosting,Accuracy,TRTR,0.88845,0.003585851828134196,2,0.8858848361308933,0.8910151638691066
5. Bank Markting,ForestDiffusion,Gradient Boosting,Accuracy,TSTR,0.8887,0.005154286242213062,2,0.8850128457411922,0.8923871542588079
5. Bank Markting,ForestDiffusion,Gradient Boosting,F1,TRTR,0.8594208345602962,0.004475481440538018,2,0.8562192680041847,0.8626224011164076
5. Bank Markting,ForestDiffusion,Gradient Boosting,F1,TSTR,0.8651979395964288,0.006961782250401249,2,0.8602177805856172,0.8701780986072404
5. Bank Markting,ForestDiffusion,Gradient Boosting,Precision,TRTR,0.8656941994074098,0.008198547877988857,2,0.8598293115638144,0.8715590872510052
5. Bank Markting,ForestDiffusion,Gradient Boosting,Precision,TSTR,0.8660545862348424,0.009475795140915974,2,0.8592760107410574,0.8728331617286275
5. Bank Markting,ForestDiffusion,Gradient Boosting,Recall,TRTR,0.88845,0.003585851828134196,2,0.8858848361308933,0.8910151638691066
5. Bank Markting,ForestDiffusion,Gradient Boosting,Recall,TSTR,0.8887,0.005154286242213062,2,0.8850128457411922,0.8923871542588079
5. Bank Markting,ForestDiffusion,KNN,Accuracy,TRTR,0.87965,0.0028484888781403,2,0.8776123138093914,0.8816876861906087
5. Bank Markting,ForestDiffusion,KNN,Accuracy,TSTR,0.8830499999999999,0.007255074852205915,2,0.877860032101012,0.8882399678989877
5. Bank Markting,ForestDiffusion,KNN,F1,TRTR,0.8543641245182668,0.003754934150024889,2,0.851678006442515,0.8570502425940186
5. Bank Markting,ForestDiffusion,KNN,F1,TSTR,0.8627494005032326,0.008820242692972371,2,0.8564397789803215,0.8690590220261436
5. Bank Markting,ForestDiffusion,KNN,Precision,TRTR,0.8495950778035857,0.005141345396243073,2,0.8459171808683118,0.8532729747388595
5. Bank Markting,ForestDiffusion,KNN,Precision,TSTR,0.8584493631375608,0.01144475386628915,2,0.8502622794219741,0.8666364468531476
5. Bank Markting,ForestDiffusion,KNN,Recall,TRTR,0.87965,0.0028484888781403,2,0.8776123138093914,0.8816876861906087
5. Bank Markting,ForestDiffusion,KNN,Recall,TSTR,0.8830499999999999,0.007255074852205915,2,0.877860032101012,0.8882399678989877
5. Bank Markting,ForestDiffusion,Logistic Regression,Accuracy,TRTR,0.8885,0.002808716591058793,2,0.886490765189622,0.8905092348103779
5. Bank Markting,ForestDiffusion,Logistic Regression,Accuracy,TSTR,0.88795,0.002266298989787349,2,0.8863287873666212,0.8895712126333788
5. Bank Markting,ForestDiffusion,Logistic Regression,F1,TRTR,0.8570293086283707,0.004497563139479316,2,0.8538119457764255,0.8602466714803159
5. Bank Markting,ForestDiffusion,Logistic Regression,F1,TSTR,0.8562402007029191,0.004183930226707195,2,0.8532471973210707,0.8592332040847674
5. Bank Markting,ForestDiffusion,Logistic Regression,Precision,TRTR,0.8665626518928435,0.0070477939459592,2,0.8615209638216188,0.8716043399640683
5. Bank Markting,ForestDiffusion,Logistic Regression,Precision,TSTR,0.8650182173695926,0.005289918541318816,2,0.8612340376089445,0.8688023971302408
5. Bank Markting,ForestDiffusion,Logistic Regression,Recall,TRTR,0.8885,0.002808716591058793,2,0.886490765189622,0.8905092348103779
5. Bank Markting,ForestDiffusion,Logistic Regression,Recall,TSTR,0.88795,0.002266298989787349,2,0.8863287873666212,0.8895712126333788
5. Bank Markting,ForestDiffusion,MLP,Accuracy,TRTR,0.8848,0.005533734925185903,2,0.8808414045053594,0.8887585954946406
5. Bank Markting,ForestDiffusion,MLP,Accuracy,TSTR,0.8820499999999999,0.005474435536605066,2,0.8781338247325015,0.8859661752674983
5. Bank Markting,ForestDiffusion,MLP,F1,TRTR,0.8585601176030879,0.006864870876790614,2,0.8536492848126576,0.8634709503935183
5. Bank Markting,ForestDiffusion,MLP,F1,TSTR,0.8644073416472453,0.006582285735841178,2,0.8596986580889228,0.8691160252055679
5. Bank Markting,ForestDiffusion,MLP,Precision,TRTR,0.8586749426518164,0.01071983163133027,2,0.851006437063312,0.8663434482403208
5. Bank Markting,ForestDiffusion,MLP,Precision,TSTR,0.859077628375249,0.00839567362406632,2,0.853071725267849,0.865083531482649
5. Bank Markting,ForestDiffusion,MLP,Recall,TRTR,0.8848,0.005533734925185903,2,0.8808414045053594,0.8887585954946406
5. Bank Markting,ForestDiffusion,MLP,Recall,TSTR,0.8820499999999999,0.005474435536605066,2,0.8781338247325015,0.8859661752674983
5. Bank Markting,ForestDiffusion,Naive Bayes,Accuracy,TRTR,0.851,0.007760297817881898,2,0.8454486173634519,0.8565513826365481
5. Bank Markting,ForestDiffusion,Naive Bayes,Accuracy,TSTR,0.8449,0.007054549359574058,2,0.8398534793969931,0.8499465206030069
5. Bank Markting,ForestDiffusion,Naive Bayes,F1,TRTR,0.8419162664230189,0.006796072475634019,2,0.8370546490439768,0.846777883802061
5. Bank Markting,ForestDiffusion,Naive Bayes,F1,TSTR,0.8389689177771851,0.006553759355462007,2,0.8342806407620696,0.8436571947923005
5. Bank Markting,ForestDiffusion,Naive Bayes,Precision,TRTR,0.8348001392634921,0.006770877552943807,2,0.8299565452463923,0.8396437332805918
5. Bank Markting,ForestDiffusion,Naive Bayes,Precision,TSTR,0.8339132193072769,0.006983039220360952,2,0.8289178539762043,0.8389085846383495
5. Bank Markting,ForestDiffusion,Naive Bayes,Recall,TRTR,0.851,0.007760297817881898,2,0.8454486173634519,0.8565513826365481
5. Bank Markting,ForestDiffusion,Naive Bayes,Recall,TSTR,0.8449,0.007054549359574058,2,0.8398534793969931,0.8499465206030069
5. Bank Markting,ForestDiffusion,Random Forest,Accuracy,TRTR,0.88315,0.005773743249496891,2,0.8790197128930688,0.8872802871069312
5. Bank Markting,ForestDiffusion,Random Forest,Accuracy,TSTR,0.8869499999999999,0.006664374605984344,2,0.8821825936015156,0.8917174063984842
5. Bank Markting,ForestDiffusion,Random Forest,F1,TRTR,0.8574785823690189,0.006612011271808571,2,0.8527486344432579,0.8622085302947798
5. Bank Markting,ForestDiffusion,Random Forest,F1,TSTR,0.866362079145498,0.007914498683678379,2,0.860700387854693,0.872023770436303
5. Bank Markting,ForestDiffusion,Random Forest,Precision,TRTR,0.8556515297390923,0.01063372871991347,2,0.8480446184628957,0.8632584410152889
5. Bank Markting,ForestDiffusion,Random Forest,Precision,TSTR,0.8641527231627235,0.01110703698954468,2,0.8562072275471848,0.8720982187782622
5. Bank Markting,ForestDiffusion,Random Forest,Recall,TRTR,0.88315,0.005773743249496891,2,0.8790197128930688,0.8872802871069312
5. Bank Markting,ForestDiffusion,Random Forest,Recall,TSTR,0.8869499999999999,0.006664374605984344,2,0.8821825936015156,0.8917174063984842
5. Bank Markting,ForestDiffusion,SVM-RBF,Accuracy,TRTR,0.8888999999999999,0.003573047252229748,2,0.8863439959726948,0.8914560040273051
5. Bank Markting,ForestDiffusion,SVM-RBF,Accuracy,TSTR,0.8889999999999999,0.002943920288775945,2,0.8868940462907449,0.8911059537092549
5. Bank Markting,ForestDiffusion,SVM-RBF,F1,TRTR,0.859112529237415,0.005261957342429062,2,0.8553483517134923,0.8628767067613377
5. Bank Markting,ForestDiffusion,SVM-RBF,F1,TSTR,0.8586219304456162,0.004969141234827898,2,0.8550672209464506,0.8621766399447818
5. Bank Markting,ForestDiffusion,SVM-RBF,Precision,TRTR,0.8668124876644564,0.008181657869239651,2,0.860959682205262,0.8726652931236508
5. Bank Markting,ForestDiffusion,SVM-RBF,Precision,TSTR,0.8671569733213103,0.006718098219480469,2,0.8623511353648969,0.8719628112777236
5. Bank Markting,ForestDiffusion,SVM-RBF,Recall,TRTR,0.8888999999999999,0.003573047252229748,2,0.8863439959726948,0.8914560040273051
5. Bank Markting,ForestDiffusion,SVM-RBF,Recall,TSTR,0.8889999999999999,0.002943920288775945,2,0.8868940462907449,0.8911059537092549
5. Bank Markting,GaussianCopula,AdaBoost,Accuracy,TRTR,0.88835,0.004089621009335711,2,0.8854244613680967,0.8912755386319032
5. Bank Markting,GaussianCopula,AdaBoost,Accuracy,TSTR,0.8795,0.0,2,0.8795,0.8795
5. Bank Markting,GaussianCopula,AdaBoost,F1,TRTR,0.8583985687637595,0.00562686233459445,2,0.8543733539336618,0.8624237835938573
5. Bank Markting,GaussianCopula,AdaBoost,F1,TSTR,0.8231127959563713,0.0,2,0.8231127959563713,0.8231127959563713
5. Bank Markting,GaussianCopula,AdaBoost,Precision,TRTR,0.8655828746729869,0.009719826933052919,2,0.858629729351416,0.8725360199945578
5. Bank Markting,GaussianCopula,AdaBoost,Precision,TSTR,0.7735202499999999,0.0,2,0.7735202499999999,0.7735202499999999
5. Bank Markting,GaussianCopula,AdaBoost,Recall,TRTR,0.88835,0.004089621009335711,2,0.8854244613680967,0.8912755386319032
5. Bank Markting,GaussianCopula,AdaBoost,Recall,TSTR,0.8795,0.0,2,0.8795,0.8795
5. Bank Markting,GaussianCopula,Decision Tree,Accuracy,TRTR,0.8092499999999999,0.0098043357755638,2,0.8022364006943218,0.816263599305678
5. Bank Markting,GaussianCopula,Decision Tree,Accuracy,TSTR,0.7673,0.0171888206563323,2,0.7550038584376977,0.7795961415623023
5. Bank Markting,GaussianCopula,Decision Tree,F1,TRTR,0.8142119787070708,0.006796202249413293,2,0.8093502684934596,0.8190736889206821
5. Bank Markting,GaussianCopula,Decision Tree,F1,TSTR,0.780038494598575,0.01062506982240937,2,0.7724377775245062,0.7876392116726438
5. Bank Markting,GaussianCopula,Decision Tree,Precision,TRTR,0.8196875186765045,0.004599659970488308,2,0.8163971201514175,0.8229779172015914
5. Bank Markting,GaussianCopula,Decision Tree,Precision,TSTR,0.7945684779213508,0.005881248809786249,2,0.7903612859694344,0.7987756698732671
5. Bank Markting,GaussianCopula,Decision Tree,Recall,TRTR,0.8092499999999999,0.0098043357755638,2,0.8022364006943218,0.816263599305678
5. Bank Markting,GaussianCopula,Decision Tree,Recall,TSTR,0.7673,0.0171888206563323,2,0.7550038584376977,0.7795961415623023
5. Bank Markting,GaussianCopula,Extra Trees,Accuracy,TRTR,0.8702,0.004649970131325777,2,0.8668736117539165,0.8735263882460834
5. Bank Markting,GaussianCopula,Extra Trees,Accuracy,TSTR,0.8684000000000001,0.001329160135825125,2,0.8674491761176731,0.869350823882327
5. Bank Markting,GaussianCopula,Extra Trees,F1,TRTR,0.848671576185749,0.004736697976668008,2,0.8452831465765585,0.8520600057949395
5. Bank Markting,GaussianCopula,Extra Trees,F1,TSTR,0.8207040126484582,0.001717686973446438,2,0.8194752534096771,0.8219327718872392
5. Bank Markting,GaussianCopula,Extra Trees,Precision,TRTR,0.839245679011597,0.006500744468747612,2,0.8345953265618129,0.843896031461381
5. Bank Markting,GaussianCopula,Extra Trees,Precision,TSTR,0.7880243419683945,0.006839718199369003,2,0.7831315023194618,0.7929171816173273
5. Bank Markting,GaussianCopula,Extra Trees,Recall,TRTR,0.8702,0.004649970131325777,2,0.8668736117539165,0.8735263882460834
5. Bank Markting,GaussianCopula,Extra Trees,Recall,TSTR,0.8684000000000001,0.001329160135825125,2,0.8674491761176731,0.869350823882327
5. Bank Markting,GaussianCopula,Gradient Boosting,Accuracy,TRTR,0.88845,0.003585851828134196,2,0.8858848361308933,0.8910151638691066
5. Bank Markting,GaussianCopula,Gradient Boosting,Accuracy,TSTR,0.8686499999999999,0.008547416763755766,2,0.8625355463896868,0.8747644536103131
5. Bank Markting,GaussianCopula,Gradient Boosting,F1,TRTR,0.8594208345602962,0.004475481440538018,2,0.8562192680041847,0.8626224011164076
5. Bank Markting,GaussianCopula,Gradient Boosting,F1,TSTR,0.825973311819566,0.005685570461217376,2,0.8219060997256509,0.8300405239134812
5. Bank Markting,GaussianCopula,Gradient Boosting,Precision,TRTR,0.8656941994074098,0.008198547877988857,2,0.8598293115638144,0.8715590872510052
5. Bank Markting,GaussianCopula,Gradient Boosting,Precision,TSTR,0.8074782216134979,0.01413733560916208,2,0.797364980953209,0.8175914622737869
5. Bank Markting,GaussianCopula,Gradient Boosting,Recall,TRTR,0.88845,0.003585851828134196,2,0.8858848361308933,0.8910151638691066
5. Bank Markting,GaussianCopula,Gradient Boosting,Recall,TSTR,0.8686499999999999,0.008547416763755766,2,0.8625355463896868,0.8747644536103131
5. Bank Markting,GaussianCopula,KNN,Accuracy,TRTR,0.87965,0.0028484888781403,2,0.8776123138093914,0.8816876861906087
5. Bank Markting,GaussianCopula,KNN,Accuracy,TSTR,0.87105,0.002871797733515065,2,0.8689956396587283,0.8731043603412717
5. Bank Markting,GaussianCopula,KNN,F1,TRTR,0.8543641245182668,0.003754934150024889,2,0.851678006442515,0.8570502425940186
5. Bank Markting,GaussianCopula,KNN,F1,TSTR,0.8223793912640571,0.002969375066200749,2,0.8202552283039808,0.8245035542241335
5. Bank Markting,GaussianCopula,KNN,Precision,TRTR,0.8495950778035857,0.005141345396243073,2,0.8459171808683118,0.8532729747388595
5. Bank Markting,GaussianCopula,KNN,Precision,TSTR,0.7936764321367944,0.01098865078982057,2,0.785815624906802,0.8015372393667868
5. Bank Markting,GaussianCopula,KNN,Recall,TRTR,0.87965,0.0028484888781403,2,0.8776123138093914,0.8816876861906087
5. Bank Markting,GaussianCopula,KNN,Recall,TSTR,0.87105,0.002871797733515065,2,0.8689956396587283,0.8731043603412717
5. Bank Markting,GaussianCopula,Logistic Regression,Accuracy,TRTR,0.8885,0.002808716591058793,2,0.886490765189622,0.8905092348103779
5. Bank Markting,GaussianCopula,Logistic Regression,Accuracy,TSTR,0.8798499999999999,0.0005296749527356842,2,0.8794710933646314,0.8802289066353685
5. Bank Markting,GaussianCopula,Logistic Regression,F1,TRTR,0.8570293086283707,0.004497563139479316,2,0.8538119457764255,0.8602466714803159
5. Bank Markting,GaussianCopula,Logistic Regression,F1,TSTR,0.8246307752146885,0.0008306588014305984,2,0.8240365577045652,0.8252249927248119
5. Bank Markting,GaussianCopula,Logistic Regression,Precision,TRTR,0.8665626518928435,0.0070477939459592,2,0.8615209638216188,0.8716043399640683
5. Bank Markting,GaussianCopula,Logistic Regression,Precision,TSTR,0.8531535687278152,0.04121162282923746,2,0.8236725497299334,0.882634587725697
5. Bank Markting,GaussianCopula,Logistic Regression,Recall,TRTR,0.8885,0.002808716591058793,2,0.886490765189622,0.8905092348103779
5. Bank Markting,GaussianCopula,Logistic Regression,Recall,TSTR,0.8798499999999999,0.0005296749527356842,2,0.8794710933646314,0.8802289066353685
5. Bank Markting,GaussianCopula,MLP,Accuracy,TRTR,0.8848,0.005533734925185903,2,0.8808414045053594,0.8887585954946406
5. Bank Markting,GaussianCopula,MLP,Accuracy,TSTR,0.8379,0.02928196259360589,2,0.8169529458377718,0.8588470541622282
5. Bank Markting,GaussianCopula,MLP,F1,TRTR,0.8585601176030879,0.006864870876790614,2,0.8536492848126576,0.8634709503935183
5. Bank Markting,GaussianCopula,MLP,F1,TSTR,0.8143491791646854,0.01273989273658175,2,0.805235608914021,0.8234627494153498
5. Bank Markting,GaussianCopula,MLP,Precision,TRTR,0.8586749426518164,0.01071983163133027,2,0.851006437063312,0.8663434482403208
5. Bank Markting,GaussianCopula,MLP,Precision,TSTR,0.7984322011015355,0.01010858984352506,2,0.7912009515471662,0.8056634506559047
5. Bank Markting,GaussianCopula,MLP,Recall,TRTR,0.8848,0.005533734925185903,2,0.8808414045053594,0.8887585954946406
5. Bank Markting,GaussianCopula,MLP,Recall,TSTR,0.8379,0.02928196259360589,2,0.8169529458377718,0.8588470541622282
5. Bank Markting,GaussianCopula,Naive Bayes,Accuracy,TRTR,0.851,0.007760297817881898,2,0.8454486173634519,0.8565513826365481
5. Bank Markting,GaussianCopula,Naive Bayes,Accuracy,TSTR,0.7927500000000001,0.01217294358631287,2,0.7840420007393247,0.8014579992606754
5. Bank Markting,GaussianCopula,Naive Bayes,F1,TRTR,0.8419162664230189,0.006796072475634019,2,0.8370546490439768,0.846777883802061
5. Bank Markting,GaussianCopula,Naive Bayes,F1,TSTR,0.804347339601582,0.009383535902758039,2,0.7976347623909545,0.8110599168122095
5. Bank Markting,GaussianCopula,Naive Bayes,Precision,TRTR,0.8348001392634921,0.006770877552943807,2,0.8299565452463923,0.8396437332805918
5. Bank Markting,GaussianCopula,Naive Bayes,Precision,TSTR,0.8178325009661418,0.006436575084065964,2,0.8132280525288428,0.8224369494034408
5. Bank Markting,GaussianCopula,Naive Bayes,Recall,TRTR,0.851,0.007760297817881898,2,0.8454486173634519,0.8565513826365481
5. Bank Markting,GaussianCopula,Naive Bayes,Recall,TSTR,0.7927500000000001,0.01217294358631287,2,0.7840420007393247,0.8014579992606754
5. Bank Markting,GaussianCopula,Random Forest,Accuracy,TRTR,0.88315,0.005773743249496891,2,0.8790197128930688,0.8872802871069312
5. Bank Markting,GaussianCopula,Random Forest,Accuracy,TSTR,0.8773500000000001,0.001131616346451198,2,0.876540490431637,0.8781595095683632
5. Bank Markting,GaussianCopula,Random Forest,F1,TRTR,0.8574785823690189,0.006612011271808571,2,0.8527486344432579,0.8622085302947798
5. Bank Markting,GaussianCopula,Random Forest,F1,TSTR,0.8231675122510242,0.001142350323374958,2,0.8223503240581399,0.8239847004439086
5. Bank Markting,GaussianCopula,Random Forest,Precision,TRTR,0.8556515297390923,0.01063372871991347,2,0.8480446184628957,0.8632584410152889
5. Bank Markting,GaussianCopula,Random Forest,Precision,TSTR,0.7958726205660729,0.01813282884196222,2,0.7829011762288707,0.8088440649032751
5. Bank Markting,GaussianCopula,Random Forest,Recall,TRTR,0.88315,0.005773743249496891,2,0.8790197128930688,0.8872802871069312
5. Bank Markting,GaussianCopula,Random Forest,Recall,TSTR,0.8773500000000001,0.001131616346451198,2,0.876540490431637,0.8781595095683632
5. Bank Markting,GaussianCopula,SVM-RBF,Accuracy,TRTR,0.889,0.002972092416687829,2,0.8868738931644868,0.8911261068355132
5. Bank Markting,GaussianCopula,SVM-RBF,Accuracy,TSTR,0.8795,0.0,2,0.8795,0.8795
5. Bank Markting,GaussianCopula,SVM-RBF,F1,TRTR,0.8576796406102787,0.004301097168639152,2,0.8546028210473657,0.8607564601731916
5. Bank Markting,GaussianCopula,SVM-RBF,F1,TSTR,0.8231127959563713,0.0,2,0.8231127959563713,0.8231127959563713
5. Bank Markting,GaussianCopula,SVM-RBF,Precision,TRTR,0.8679631869258282,0.007339255341697087,2,0.8627129999323334,0.873213373919323
5. Bank Markting,GaussianCopula,SVM-RBF,Precision,TSTR,0.7735202499999999,0.0,2,0.7735202499999999,0.7735202499999999
5. Bank Markting,GaussianCopula,SVM-RBF,Recall,TRTR,0.889,0.002972092416687829,2,0.8868738931644868,0.8911261068355132
5. Bank Markting,GaussianCopula,SVM-RBF,Recall,TSTR,0.8795,0.0,2,0.8795,0.8795
5. Bank Markting,TVAE,AdaBoost,Accuracy,TRTR,0.88835,0.004089621009335711,2,0.8854244613680967,0.8912755386319032
5. Bank Markting,TVAE,AdaBoost,Accuracy,TSTR,0.8782500000000001,0.002288255036290997,2,0.8766130809571268,0.8798869190428734
5. Bank Markting,TVAE,AdaBoost,F1,TRTR,0.8583985687637595,0.00562686233459445,2,0.8543733539336618,0.8624237835938573
5. Bank Markting,TVAE,AdaBoost,F1,TSTR,0.8374762394404192,0.004632498781792863,2,0.8341623494448811,0.8407901294359572
5. Bank Markting,TVAE,AdaBoost,Precision,TRTR,0.8655828746729869,0.009719826933052919,2,0.858629729351416,0.8725360199945578
5. Bank Markting,TVAE,AdaBoost,Precision,TSTR,0.8357236626830277,0.00924164315912371,2,0.8291125894264686,0.8423347359395867
5. Bank Markting,TVAE,AdaBoost,Recall,TRTR,0.88835,0.004089621009335711,2,0.8854244613680967,0.8912755386319032
5. Bank Markting,TVAE,AdaBoost,Recall,TSTR,0.8782500000000001,0.002288255036290997,2,0.8766130809571268,0.8798869190428734
5. Bank Markting,TVAE,Decision Tree,Accuracy,TRTR,0.8092499999999999,0.0098043357755638,2,0.8022364006943218,0.816263599305678
5. Bank Markting,TVAE,Decision Tree,Accuracy,TSTR,0.8602000000000001,0.004613988392799545,2,0.8568993515390608,0.8635006484609393
5. Bank Markting,TVAE,Decision Tree,F1,TRTR,0.8142119787070708,0.006796202249413293,2,0.8093502684934596,0.8190736889206821
5. Bank Markting,TVAE,Decision Tree,F1,TSTR,0.8343635449028479,0.005011480623920219,2,0.8307785476292998,0.837948542176396
5. Bank Markting,TVAE,Decision Tree,Precision,TRTR,0.8196875186765045,0.004599659970488308,2,0.8163971201514175,0.8229779172015914
5. Bank Markting,TVAE,Decision Tree,Precision,TSTR,0.8197982612844411,0.00730636793999902,2,0.814571600520871,0.8250249220480113
5. Bank Markting,TVAE,Decision Tree,Recall,TRTR,0.8092499999999999,0.0098043357755638,2,0.8022364006943218,0.816263599305678
5. Bank Markting,TVAE,Decision Tree,Recall,TSTR,0.8602000000000001,0.004613988392799545,2,0.8568993515390608,0.8635006484609393
5. Bank Markting,TVAE,Extra Trees,Accuracy,TRTR,0.8702,0.004649970131325777,2,0.8668736117539165,0.8735263882460834
5. Bank Markting,TVAE,Extra Trees,Accuracy,TSTR,0.8713500000000002,0.003901922603025313,2,0.8685587327192941,0.8741412672807063
5. Bank Markting,TVAE,Extra Trees,F1,TRTR,0.848671576185749,0.004736697976668008,2,0.8452831465765585,0.8520600057949395
5. Bank Markting,TVAE,Extra Trees,F1,TSTR,0.8364202886706412,0.00448223619142224,2,0.8332138900568364,0.839626687284446
5. Bank Markting,TVAE,Extra Trees,Precision,TRTR,0.839245679011597,0.006500744468747612,2,0.8345953265618129,0.843896031461381
5. Bank Markting,TVAE,Extra Trees,Precision,TSTR,0.8250627305612731,0.008618363197183,2,0.8188975249298525,0.8312279361926938
5. Bank Markting,TVAE,Extra Trees,Recall,TRTR,0.8702,0.004649970131325777,2,0.8668736117539165,0.8735263882460834
5. Bank Markting,TVAE,Extra Trees,Recall,TSTR,0.8713500000000002,0.003901922603025313,2,0.8685587327192941,0.8741412672807063
5. Bank Markting,TVAE,Gradient Boosting,Accuracy,TRTR,0.88845,0.003585851828134196,2,0.8858848361308933,0.8910151638691066
5. Bank Markting,TVAE,Gradient Boosting,Accuracy,TSTR,0.87625,0.003653385036130484,2,0.8736365257841696,0.8788634742158303
5. Bank Markting,TVAE,Gradient Boosting,F1,TRTR,0.8594208345602962,0.004475481440538018,2,0.8562192680041847,0.8626224011164076
5. Bank Markting,TVAE,Gradient Boosting,F1,TSTR,0.840372704279617,0.005172165781790859,2,0.8366727597686963,0.8440726487905377
5. Bank Markting,TVAE,Gradient Boosting,Precision,TRTR,0.8656941994074098,0.008198547877988857,2,0.8598293115638144,0.8715590872510052
5. Bank Markting,TVAE,Gradient Boosting,Precision,TSTR,0.8350900274459845,0.00799128113492046,2,0.8293734092984248,0.8408066455935441
5. Bank Markting,TVAE,Gradient Boosting,Recall,TRTR,0.88845,0.003585851828134196,2,0.8858848361308933,0.8910151638691066
5. Bank Markting,TVAE,Gradient Boosting,Recall,TSTR,0.87625,0.003653385036130484,2,0.8736365257841696,0.8788634742158303
5. Bank Markting,TVAE,KNN,Accuracy,TRTR,0.87965,0.0028484888781403,2,0.8776123138093914,0.8816876861906087
5. Bank Markting,TVAE,KNN,Accuracy,TSTR,0.8696999999999999,0.01279366162510866,2,0.8605479658036004,0.8788520341963995
5. Bank Markting,TVAE,KNN,F1,TRTR,0.8543641245182668,0.003754934150024889,2,0.851678006442515,0.8570502425940186
5. Bank Markting,TVAE,KNN,F1,TSTR,0.8422398631849694,0.008504661434306364,2,0.8361559948948456,0.8483237314750931
5. Bank Markting,TVAE,KNN,Precision,TRTR,0.8495950778035857,0.005141345396243073,2,0.8459171808683118,0.8532729747388595
5. Bank Markting,TVAE,KNN,Precision,TSTR,0.8342360190939477,0.01064332922080736,2,0.8266222400331357,0.8418497981547598
5. Bank Markting,TVAE,KNN,Recall,TRTR,0.87965,0.0028484888781403,2,0.8776123138093914,0.8816876861906087
5. Bank Markting,TVAE,KNN,Recall,TSTR,0.8696999999999999,0.01279366162510866,2,0.8605479658036004,0.8788520341963995
5. Bank Markting,TVAE,Logistic Regression,Accuracy,TRTR,0.8885,0.002808716591058793,2,0.886490765189622,0.8905092348103779
5. Bank Markting,TVAE,Logistic Regression,Accuracy,TSTR,0.8346,0.005227066311251671,2,0.8308607820161872,0.8383392179838128
5. Bank Markting,TVAE,Logistic Regression,F1,TRTR,0.8570293086283707,0.004497563139479316,2,0.8538119457764255,0.8602466714803159
5. Bank Markting,TVAE,Logistic Regression,F1,TSTR,0.8252259008399048,0.005129599580512822,2,0.82155640635503,0.8288953953247795
5. Bank Markting,TVAE,Logistic Regression,Precision,TRTR,0.8665626518928435,0.0070477939459592,2,0.8615209638216188,0.8716043399640683
5. Bank Markting,TVAE,Logistic Regression,Precision,TSTR,0.8171875235370889,0.005753129846974138,2,0.8130719823700083,0.8213030647041695
5. Bank Markting,TVAE,Logistic Regression,Recall,TRTR,0.8885,0.002808716591058793,2,0.886490765189622,0.8905092348103779
5. Bank Markting,TVAE,Logistic Regression,Recall,TSTR,0.8346,0.005227066311251671,2,0.8308607820161872,0.8383392179838128
5. Bank Markting,TVAE,MLP,Accuracy,TRTR,0.8848,0.005533734925185903,2,0.8808414045053594,0.8887585954946406
5. Bank Markting,TVAE,MLP,Accuracy,TSTR,0.8495000000000001,0.004515405728048043,2,0.8462698733291016,0.8527301266708986
5. Bank Markting,TVAE,MLP,F1,TRTR,0.8585601176030879,0.006864870876790614,2,0.8536492848126576,0.8634709503935183
5. Bank Markting,TVAE,MLP,F1,TSTR,0.8269383697531663,0.005140635531274991,2,0.8232609806246997,0.8306157588816329
5. Bank Markting,TVAE,MLP,Precision,TRTR,0.8586749426518164,0.01071983163133027,2,0.851006437063312,0.8663434482403208
5. Bank Markting,TVAE,MLP,Precision,TSTR,0.8111820301573596,0.007236835645681,2,0.806005109800719,0.8163589505140001
5. Bank Markting,TVAE,MLP,Recall,TRTR,0.8848,0.005533734925185903,2,0.8808414045053594,0.8887585954946406
5. Bank Markting,TVAE,MLP,Recall,TSTR,0.8495000000000001,0.004515405728048043,2,0.8462698733291016,0.8527301266708986
5. Bank Markting,TVAE,Naive Bayes,Accuracy,TRTR,0.851,0.007760297817881898,2,0.8454486173634519,0.8565513826365481
5. Bank Markting,TVAE,Naive Bayes,Accuracy,TSTR,0.65925,0.01051520063738417,2,0.6517278786061942,0.6667721213938058
5. Bank Markting,TVAE,Naive Bayes,F1,TRTR,0.8419162664230189,0.006796072475634019,2,0.8370546490439768,0.846777883802061
5. Bank Markting,TVAE,Naive Bayes,F1,TSTR,0.7159678615795131,0.008388653854748664,2,0.709966980112573,0.7219687430464532
5. Bank Markting,TVAE,Naive Bayes,Precision,TRTR,0.8348001392634921,0.006770877552943807,2,0.8299565452463923,0.8396437332805918
5. Bank Markting,TVAE,Naive Bayes,Precision,TSTR,0.8181926969066705,0.0064541734517481,2,0.8135756593555159,0.8228097344578251
5. Bank Markting,TVAE,Naive Bayes,Recall,TRTR,0.851,0.007760297817881898,2,0.8454486173634519,0.8565513826365481
5. Bank Markting,TVAE,Naive Bayes,Recall,TSTR,0.65925,0.01051520063738417,2,0.6517278786061942,0.6667721213938058
5. Bank Markting,TVAE,Random Forest,Accuracy,TRTR,0.88315,0.005773743249496891,2,0.8790197128930688,0.8872802871069312
5. Bank Markting,TVAE,Random Forest,Accuracy,TSTR,0.8744999999999999,0.003214550253664294,2,0.8722004492763946,0.8767995507236053
5. Bank Markting,TVAE,Random Forest,F1,TRTR,0.8574785823690189,0.006612011271808571,2,0.8527486344432579,0.8622085302947798
5. Bank Markting,TVAE,Random Forest,F1,TSTR,0.834986840979707,0.00446100149346305,2,0.8317956327537339,0.8381780492056801
5. Bank Markting,TVAE,Random Forest,Precision,TRTR,0.8556515297390923,0.01063372871991347,2,0.8480446184628957,0.8632584410152889
5. Bank Markting,TVAE,Random Forest,Precision,TSTR,0.8260076970848186,0.01064487606133833,2,0.8183928114809502,0.8336225826886869
5. Bank Markting,TVAE,Random Forest,Recall,TRTR,0.88315,0.005773743249496891,2,0.8790197128930688,0.8872802871069312
5. Bank Markting,TVAE,Random Forest,Recall,TSTR,0.8744999999999999,0.003214550253664294,2,0.8722004492763946,0.8767995507236053
5. Bank Markting,TVAE,SVM-RBF,Accuracy,TRTR,0.889,0.002972092416687829,2,0.8868738931644868,0.8911261068355132
5. Bank Markting,TVAE,SVM-RBF,Accuracy,TSTR,0.87935,0.002906410539174097,2,0.8772708791491645,0.8814291208508355
5. Bank Markting,TVAE,SVM-RBF,F1,TRTR,0.8576796406102787,0.004301097168639152,2,0.8546028210473657,0.8607564601731916
5. Bank Markting,TVAE,SVM-RBF,F1,TSTR,0.8327184622803856,0.004554937029196498,2,0.8294600566202078,0.8359768679405634
5. Bank Markting,TVAE,SVM-RBF,Precision,TRTR,0.8679631869258282,0.007339255341697087,2,0.8627129999323334,0.873213373919323
5. Bank Markting,TVAE,SVM-RBF,Precision,TSTR,0.83640332373974,0.01729143961093626,2,0.8240337729995765,0.8487728744799036
5. Bank Markting,TVAE,SVM-RBF,Recall,TRTR,0.889,0.002972092416687829,2,0.8868738931644868,0.8911261068355132
5. Bank Markting,TVAE,SVM-RBF,Recall,TSTR,0.87935,0.002906410539174097,2,0.8772708791491645,0.8814291208508355
5. Bank Markting,TabDDPM,AdaBoost,Accuracy,TRTR,0.88835,0.004089621009335711,2,0.8854244613680967,0.8912755386319032
5. Bank Markting,TabDDPM,AdaBoost,Accuracy,TSTR,0.8795,0.0,2,0.8795,0.8795
5. Bank Markting,TabDDPM,AdaBoost,F1,TRTR,0.8583985687637595,0.00562686233459445,2,0.8543733539336618,0.8624237835938573
5. Bank Markting,TabDDPM,AdaBoost,F1,TSTR,0.8231127959563713,0.0,2,0.8231127959563713,0.8231127959563713
5. Bank Markting,TabDDPM,AdaBoost,Precision,TRTR,0.8655828746729869,0.009719826933052919,2,0.858629729351416,0.8725360199945578
5. Bank Markting,TabDDPM,AdaBoost,Precision,TSTR,0.7735202499999999,0.0,2,0.7735202499999999,0.7735202499999999
5. Bank Markting,TabDDPM,AdaBoost,Recall,TRTR,0.88835,0.004089621009335711,2,0.8854244613680967,0.8912755386319032
5. Bank Markting,TabDDPM,AdaBoost,Recall,TSTR,0.8795,0.0,2,0.8795,0.8795
5. Bank Markting,TabDDPM,Decision Tree,Accuracy,TRTR,0.8092499999999999,0.0098043357755638,2,0.8022364006943218,0.816263599305678
5. Bank Markting,TabDDPM,Decision Tree,Accuracy,TSTR,0.70895,0.08085290141155521,2,0.6511113186060495,0.7667886813939504
5. Bank Markting,TabDDPM,Decision Tree,F1,TRTR,0.8142119787070708,0.006796202249413293,2,0.8093502684934596,0.8190736889206821
5. Bank Markting,TabDDPM,Decision Tree,F1,TSTR,0.740338114709046,0.05349735460660852,2,0.7020684126391015,0.7786078167789905
5. Bank Markting,TabDDPM,Decision Tree,Precision,TRTR,0.8196875186765045,0.004599659970488308,2,0.8163971201514175,0.8229779172015914
5. Bank Markting,TabDDPM,Decision Tree,Precision,TSTR,0.7871888256769272,0.011166396229476,2,0.7792008670191694,0.795176784334685
5. Bank Markting,TabDDPM,Decision Tree,Recall,TRTR,0.8092499999999999,0.0098043357755638,2,0.8022364006943218,0.816263599305678
5. Bank Markting,TabDDPM,Decision Tree,Recall,TSTR,0.70895,0.08085290141155521,2,0.6511113186060495,0.7667886813939504
5. Bank Markting,TabDDPM,Extra Trees,Accuracy,TRTR,0.8702,0.004649970131325777,2,0.8668736117539165,0.8735263882460834
5. Bank Markting,TabDDPM,Extra Trees,Accuracy,TSTR,0.87645,0.001935774321097921,2,0.8750652304709676,0.8778347695290323
5. Bank Markting,TabDDPM,Extra Trees,F1,TRTR,0.848671576185749,0.004736697976668008,2,0.8452831465765585,0.8520600057949395
5. Bank Markting,TabDDPM,Extra Trees,F1,TSTR,0.8227886875323829,0.00121663643601212,2,0.8219183582558046,0.8236590168089611
5. Bank Markting,TabDDPM,Extra Trees,Precision,TRTR,0.839245679011597,0.006500744468747612,2,0.8345953265618129,0.843896031461381
5. Bank Markting,TabDDPM,Extra Trees,Precision,TSTR,0.7888950246823946,0.0126942084502537,2,0.77981413500145,0.7979759143633391
5. Bank Markting,TabDDPM,Extra Trees,Recall,TRTR,0.8702,0.004649970131325777,2,0.8668736117539165,0.8735263882460834
5. Bank Markting,TabDDPM,Extra Trees,Recall,TSTR,0.87645,0.001935774321097921,2,0.8750652304709676,0.8778347695290323
5. Bank Markting,TabDDPM,Gradient Boosting,Accuracy,TRTR,0.88845,0.003585851828134196,2,0.8858848361308933,0.8910151638691066
5. Bank Markting,TabDDPM,Gradient Boosting,Accuracy,TSTR,0.87585,0.005302253189813613,2,0.8720569965633681,0.8796430034366319
5. Bank Markting,TabDDPM,Gradient Boosting,F1,TRTR,0.8594208345602962,0.004475481440538018,2,0.8562192680041847,0.8626224011164076
5. Bank Markting,TabDDPM,Gradient Boosting,F1,TSTR,0.8225967980750598,0.002447695767682766,2,0.8208458220038896,0.8243477741462301
5. Bank Markting,TabDDPM,Gradient Boosting,Precision,TRTR,0.8656941994074098,0.008198547877988857,2,0.8598293115638144,0.8715590872510052
5. Bank Markting,TabDDPM,Gradient Boosting,Precision,TSTR,0.7857815166169531,0.02388689979311433,2,0.7686938578872973,0.8028691753466088
5. Bank Markting,TabDDPM,Gradient Boosting,Recall,TRTR,0.88845,0.003585851828134196,2,0.8858848361308933,0.8910151638691066
5. Bank Markting,TabDDPM,Gradient Boosting,Recall,TSTR,0.87585,0.005302253189813613,2,0.8720569965633681,0.8796430034366319
5. Bank Markting,TabDDPM,KNN,Accuracy,TRTR,0.87965,0.0028484888781403,2,0.8776123138093914,0.8816876861906087
5. Bank Markting,TabDDPM,KNN,Accuracy,TSTR,0.8726499999999999,0.005436757612155723,2,0.8687607778959596,0.8765392221040402
5. Bank Markting,TabDDPM,KNN,F1,TRTR,0.8543641245182668,0.003754934150024889,2,0.851678006442515,0.8570502425940186
5. Bank Markting,TabDDPM,KNN,F1,TSTR,0.821182335696389,0.002350575935011428,2,0.8195008349682286,0.8228638364245494
5. Bank Markting,TabDDPM,KNN,Precision,TRTR,0.8495950778035857,0.005141345396243073,2,0.8459171808683118,0.8532729747388595
5. Bank Markting,TabDDPM,KNN,Precision,TSTR,0.7872687640342623,0.01254934947692026,2,0.7782915002202861,0.7962460278482384
5. Bank Markting,TabDDPM,KNN,Recall,TRTR,0.87965,0.0028484888781403,2,0.8776123138093914,0.8816876861906087
5. Bank Markting,TabDDPM,KNN,Recall,TSTR,0.8726499999999999,0.005436757612155723,2,0.8687607778959596,0.8765392221040402
5. Bank Markting,TabDDPM,Logistic Regression,Accuracy,TRTR,0.8885,0.002808716591058793,2,0.886490765189622,0.8905092348103779
5. Bank Markting,TabDDPM,Logistic Regression,Accuracy,TSTR,0.8795,0.0,2,0.8795,0.8795
5. Bank Markting,TabDDPM,Logistic Regression,F1,TRTR,0.8570293086283707,0.004497563139479316,2,0.8538119457764255,0.8602466714803159
5. Bank Markting,TabDDPM,Logistic Regression,F1,TSTR,0.8231127959563713,0.0,2,0.8231127959563713,0.8231127959563713
5. Bank Markting,TabDDPM,Logistic Regression,Precision,TRTR,0.8665626518928435,0.0070477939459592,2,0.8615209638216188,0.8716043399640683
5. Bank Markting,TabDDPM,Logistic Regression,Precision,TSTR,0.7735202499999999,0.0,2,0.7735202499999999,0.7735202499999999
5. Bank Markting,TabDDPM,Logistic Regression,Recall,TRTR,0.8885,0.002808716591058793,2,0.886490765189622,0.8905092348103779
5. Bank Markting,TabDDPM,Logistic Regression,Recall,TSTR,0.8795,0.0,2,0.8795,0.8795
5. Bank Markting,TabDDPM,MLP,Accuracy,TRTR,0.8848,0.005533734925185903,2,0.8808414045053594,0.8887585954946406
5. Bank Markting,TabDDPM,MLP,Accuracy,TSTR,0.8526,0.05541550124087824,2,0.8129581384885324,0.8922418615114677
5. Bank Markting,TabDDPM,MLP,F1,TRTR,0.8585601176030879,0.006864870876790614,2,0.8536492848126576,0.8634709503935183
5. Bank Markting,TabDDPM,MLP,F1,TSTR,0.812062395328925,0.02401884515297823,2,0.7948803485748774,0.8292444420829725
5. Bank Markting,TabDDPM,MLP,Precision,TRTR,0.8586749426518164,0.01071983163133027,2,0.851006437063312,0.8663434482403208
5. Bank Markting,TabDDPM,MLP,Precision,TSTR,0.7908019762821754,0.03789929392607157,2,0.7636904546400781,0.8179134979242727
5. Bank Markting,TabDDPM,MLP,Recall,TRTR,0.8848,0.005533734925185903,2,0.8808414045053594,0.8887585954946406
5. Bank Markting,TabDDPM,MLP,Recall,TSTR,0.8526,0.05541550124087824,2,0.8129581384885324,0.8922418615114677
5. Bank Markting,TabDDPM,Naive Bayes,Accuracy,TRTR,0.851,0.007760297817881898,2,0.8454486173634519,0.8565513826365481
5. Bank Markting,TabDDPM,Naive Bayes,Accuracy,TSTR,0.8525500000000001,0.05086389791503508,2,0.8161641593609938,0.8889358406390064
5. Bank Markting,TabDDPM,Naive Bayes,F1,TRTR,0.8419162664230189,0.006796072475634019,2,0.8370546490439768,0.846777883802061
5. Bank Markting,TabDDPM,Naive Bayes,F1,TSTR,0.8106320015293941,0.02525512793310656,2,0.7925655713508273,0.8286984317079609
5. Bank Markting,TabDDPM,Naive Bayes,Precision,TRTR,0.8348001392634921,0.006770877552943807,2,0.8299565452463923,0.8396437332805918
5. Bank Markting,TabDDPM,Naive Bayes,Precision,TSTR,0.7760607575501026,0.00549053796131689,2,0.7721330633018835,0.7799884517983218
5. Bank Markting,TabDDPM,Naive Bayes,Recall,TRTR,0.851,0.007760297817881898,2,0.8454486173634519,0.8565513826365481
5. Bank Markting,TabDDPM,Naive Bayes,Recall,TSTR,0.8525500000000001,0.05086389791503508,2,0.8161641593609938,0.8889358406390064
5. Bank Markting,TabDDPM,Random Forest,Accuracy,TRTR,0.88315,0.005773743249496891,2,0.8790197128930688,0.8872802871069312
5. Bank Markting,TabDDPM,Random Forest,Accuracy,TSTR,0.8794000000000001,0.0002108185106778687,2,0.8792491895224764,0.8795508104775237
5. Bank Markting,TabDDPM,Random Forest,F1,TRTR,0.8574785823690189,0.006612011271808571,2,0.8527486344432579,0.8622085302947798
5. Bank Markting,TabDDPM,Random Forest,F1,TSTR,0.8230629882286415,0.0001050039098025113,2,0.8229878729566086,0.8231381035006745
5. Bank Markting,TabDDPM,Random Forest,Precision,TRTR,0.8556515297390923,0.01063372871991347,2,0.8480446184628957,0.8632584410152889
5. Bank Markting,TabDDPM,Random Forest,Precision,TSTR,0.7735096467233615,2.235366989194236e-05,2,0.7734936558712302,0.7735256375754929
5. Bank Markting,TabDDPM,Random Forest,Recall,TRTR,0.88315,0.005773743249496891,2,0.8790197128930688,0.8872802871069312
5. Bank Markting,TabDDPM,Random Forest,Recall,TSTR,0.8794000000000001,0.0002108185106778687,2,0.8792491895224764,0.8795508104775237
5. Bank Markting,TabDDPM,SVM-RBF,Accuracy,TRTR,0.8888999999999999,0.003573047252229748,2,0.8863439959726948,0.8914560040273051
5. Bank Markting,TabDDPM,SVM-RBF,Accuracy,TSTR,0.8795,0.0,2,0.8795,0.8795
5. Bank Markting,TabDDPM,SVM-RBF,F1,TRTR,0.859112529237415,0.005261957342429062,2,0.8553483517134923,0.8628767067613377
5. Bank Markting,TabDDPM,SVM-RBF,F1,TSTR,0.8231127959563713,0.0,2,0.8231127959563713,0.8231127959563713
5. Bank Markting,TabDDPM,SVM-RBF,Precision,TRTR,0.8668124876644564,0.008181657869239651,2,0.860959682205262,0.8726652931236508
5. Bank Markting,TabDDPM,SVM-RBF,Precision,TSTR,0.7735202499999999,0.0,2,0.7735202499999999,0.7735202499999999
5. Bank Markting,TabDDPM,SVM-RBF,Recall,TRTR,0.8888999999999999,0.003573047252229748,2,0.8863439959726948,0.8914560040273051
5. Bank Markting,TabDDPM,SVM-RBF,Recall,TSTR,0.8795,0.0,2,0.8795,0.8795
5. Bank Markting,WGAN_GP,AdaBoost,Accuracy,TRTR,0.88835,0.004089621009335711,2,0.8854244613680967,0.8912755386319032
5. Bank Markting,WGAN_GP,AdaBoost,Accuracy,TSTR,0.8797499999999999,0.0005892556509887979,2,0.8793284719006724,0.8801715280993274
5. Bank Markting,WGAN_GP,AdaBoost,F1,TRTR,0.8583985687637595,0.00562686233459445,2,0.8543733539336618,0.8624237835938573
5. Bank Markting,WGAN_GP,AdaBoost,F1,TSTR,0.824477587486571,0.001601354502022248,2,0.8233320474846139,0.8256231274885281
5. Bank Markting,WGAN_GP,AdaBoost,Precision,TRTR,0.8655828746729869,0.009719826933052919,2,0.858629729351416,0.8725360199945578
5. Bank Markting,WGAN_GP,AdaBoost,Precision,TSTR,0.8167590602215146,0.04061324974062,2,0.7877060915449329,0.8458120288980963
5. Bank Markting,WGAN_GP,AdaBoost,Recall,TRTR,0.88835,0.004089621009335711,2,0.8854244613680967,0.8912755386319032
5. Bank Markting,WGAN_GP,AdaBoost,Recall,TSTR,0.8797499999999999,0.0005892556509887979,2,0.8793284719006724,0.8801715280993274
5. Bank Markting,WGAN_GP,Decision Tree,Accuracy,TRTR,0.8092499999999999,0.0098043357755638,2,0.8022364006943218,0.816263599305678
5. Bank Markting,WGAN_GP,Decision Tree,Accuracy,TSTR,0.7436,0.04540056289420992,2,0.711122393797869,0.7760776062021311
5. Bank Markting,WGAN_GP,Decision Tree,F1,TRTR,0.8142119787070708,0.006796202249413293,2,0.8093502684934596,0.8190736889206821
5. Bank Markting,WGAN_GP,Decision Tree,F1,TSTR,0.763423503056287,0.02736440839470176,2,0.7438481845328518,0.7829988215797222
5. Bank Markting,WGAN_GP,Decision Tree,Precision,TRTR,0.8196875186765045,0.004599659970488308,2,0.8163971201514175,0.8229779172015914
5. Bank Markting,WGAN_GP,Decision Tree,Precision,TSTR,0.7888630883962836,0.006497077378472773,2,0.7842153592248525,0.7935108175677147
5. Bank Markting,WGAN_GP,Decision Tree,Recall,TRTR,0.8092499999999999,0.0098043357755638,2,0.8022364006943218,0.816263599305678
5. Bank Markting,WGAN_GP,Decision Tree,Recall,TSTR,0.7436,0.04540056289420992,2,0.711122393797869,0.7760776062021311
5. Bank Markting,WGAN_GP,Extra Trees,Accuracy,TRTR,0.8702,0.004649970131325777,2,0.8668736117539165,0.8735263882460834
5. Bank Markting,WGAN_GP,Extra Trees,Accuracy,TSTR,0.8773,0.001512907429054691,2,0.8762177312225047,0.8783822687774953
5. Bank Markting,WGAN_GP,Extra Trees,F1,TRTR,0.848671576185749,0.004736697976668008,2,0.8452831465765585,0.8520600057949395
5. Bank Markting,WGAN_GP,Extra Trees,F1,TSTR,0.822957156574933,0.001066959633357216,2,0.8221938996328001,0.8237204135170658
5. Bank Markting,WGAN_GP,Extra Trees,Precision,TRTR,0.839245679011597,0.006500744468747612,2,0.8345953265618129,0.843896031461381
5. Bank Markting,WGAN_GP,Extra Trees,Precision,TSTR,0.7944125346398423,0.01865407294579539,2,0.7810682147332573,0.8077568545464273
5. Bank Markting,WGAN_GP,Extra Trees,Recall,TRTR,0.8702,0.004649970131325777,2,0.8668736117539165,0.8735263882460834
5. Bank Markting,WGAN_GP,Extra Trees,Recall,TSTR,0.8773,0.001512907429054691,2,0.8762177312225047,0.8783822687774953
5. Bank Markting,WGAN_GP,Gradient Boosting,Accuracy,TRTR,0.88845,0.003585851828134196,2,0.8858848361308933,0.8910151638691066
5. Bank Markting,WGAN_GP,Gradient Boosting,Accuracy,TSTR,0.8791499999999999,0.00151015083867657,2,0.8780697031684686,0.8802302968315312
5. Bank Markting,WGAN_GP,Gradient Boosting,F1,TRTR,0.8594208345602962,0.004475481440538018,2,0.8562192680041847,0.8626224011164076
5. Bank Markting,WGAN_GP,Gradient Boosting,F1,TSTR,0.8253066247075587,0.001707099494079244,2,0.8240854392952599,0.8265278101198574
5. Bank Markting,WGAN_GP,Gradient Boosting,Precision,TRTR,0.8656941994074098,0.008198547877988857,2,0.8598293115638144,0.8715590872510052
5. Bank Markting,WGAN_GP,Gradient Boosting,Precision,TSTR,0.832982175343606,0.03257483783333178,2,0.8096795401380819,0.8562848105491301
5. Bank Markting,WGAN_GP,Gradient Boosting,Recall,TRTR,0.88845,0.003585851828134196,2,0.8858848361308933,0.8910151638691066
5. Bank Markting,WGAN_GP,Gradient Boosting,Recall,TSTR,0.8791499999999999,0.00151015083867657,2,0.8780697031684686,0.8802302968315312
5. Bank Markting,WGAN_GP,KNN,Accuracy,TRTR,0.87965,0.0028484888781403,2,0.8776123138093914,0.8816876861906087
5. Bank Markting,WGAN_GP,KNN,Accuracy,TSTR,0.8642000000000001,0.003284644408286659,2,0.8618503069388163,0.8665496930611839
5. Bank Markting,WGAN_GP,KNN,F1,TRTR,0.8543641245182668,0.003754934150024889,2,0.851678006442515,0.8570502425940186
5. Bank Markting,WGAN_GP,KNN,F1,TSTR,0.8180099174899021,0.00321192135310318,2,0.8157122473684684,0.8203075876113359
5. Bank Markting,WGAN_GP,KNN,Precision,TRTR,0.8495950778035857,0.005141345396243073,2,0.8459171808683118,0.8532729747388595
5. Bank Markting,WGAN_GP,KNN,Precision,TSTR,0.7831744050532194,0.008610717899979045,2,0.777014668537952,0.7893341415684869
5. Bank Markting,WGAN_GP,KNN,Recall,TRTR,0.87965,0.0028484888781403,2,0.8776123138093914,0.8816876861906087
5. Bank Markting,WGAN_GP,KNN,Recall,TSTR,0.8642000000000001,0.003284644408286659,2,0.8618503069388163,0.8665496930611839
5. Bank Markting,WGAN_GP,Logistic Regression,Accuracy,TRTR,0.8885,0.002808716591058793,2,0.886490765189622,0.8905092348103779
5. Bank Markting,WGAN_GP,Logistic Regression,Accuracy,TSTR,0.8795,0.0,2,0.8795,0.8795
5. Bank Markting,WGAN_GP,Logistic Regression,F1,TRTR,0.8570293086283707,0.004497563139479316,2,0.8538119457764255,0.8602466714803159
5. Bank Markting,WGAN_GP,Logistic Regression,F1,TSTR,0.8231127959563713,0.0,2,0.8231127959563713,0.8231127959563713
5. Bank Markting,WGAN_GP,Logistic Regression,Precision,TRTR,0.8665626518928435,0.0070477939459592,2,0.8615209638216188,0.8716043399640683
5. Bank Markting,WGAN_GP,Logistic Regression,Precision,TSTR,0.7735202499999999,0.0,2,0.7735202499999999,0.7735202499999999
5. Bank Markting,WGAN_GP,Logistic Regression,Recall,TRTR,0.8885,0.002808716591058793,2,0.886490765189622,0.8905092348103779
5. Bank Markting,WGAN_GP,Logistic Regression,Recall,TSTR,0.8795,0.0,2,0.8795,0.8795
5. Bank Markting,WGAN_GP,MLP,Accuracy,TRTR,0.8848,0.005533734925185903,2,0.8808414045053594,0.8887585954946406
5. Bank Markting,WGAN_GP,MLP,Accuracy,TSTR,0.8734,0.002685351208149686,2,0.8714790154682459,0.875320984531754
5. Bank Markting,WGAN_GP,MLP,F1,TRTR,0.8585601176030879,0.006864870876790614,2,0.8536492848126576,0.8634709503935183
5. Bank Markting,WGAN_GP,MLP,F1,TSTR,0.8215863922172677,0.001970409426419534,2,0.8201768462264539,0.8229959382080815
5. Bank Markting,WGAN_GP,MLP,Precision,TRTR,0.8586749426518164,0.01071983163133027,2,0.851006437063312,0.8663434482403208
5. Bank Markting,WGAN_GP,MLP,Precision,TSTR,0.7865845766457193,0.01158366720318951,2,0.7782981203152471,0.7948710329761915
5. Bank Markting,WGAN_GP,MLP,Recall,TRTR,0.8848,0.005533734925185903,2,0.8808414045053594,0.8887585954946406
5. Bank Markting,WGAN_GP,MLP,Recall,TSTR,0.8734,0.002685351208149686,2,0.8714790154682459,0.875320984531754
5. Bank Markting,WGAN_GP,Naive Bayes,Accuracy,TRTR,0.851,0.007760297817881898,2,0.8454486173634519,0.8565513826365481
5. Bank Markting,WGAN_GP,Naive Bayes,Accuracy,TSTR,0.8662000000000001,0.003735713526965847,2,0.863527631529691,0.8688723684703091
5. Bank Markting,WGAN_GP,Naive Bayes,F1,TRTR,0.8419162664230189,0.006796072475634019,2,0.8370546490439768,0.846777883802061
5. Bank Markting,WGAN_GP,Naive Bayes,F1,TSTR,0.8204211952229852,0.005087378640157693,2,0.8167819037793708,0.8240604866665996
5. Bank Markting,WGAN_GP,Naive Bayes,Precision,TRTR,0.8348001392634921,0.006770877552943807,2,0.8299565452463923,0.8396437332805918
5. Bank Markting,WGAN_GP,Naive Bayes,Precision,TSTR,0.7859089164446394,0.01432834999596667,2,0.7756590323236067,0.7961588005656722
5. Bank Markting,WGAN_GP,Naive Bayes,Recall,TRTR,0.851,0.007760297817881898,2,0.8454486173634519,0.8565513826365481
5. Bank Markting,WGAN_GP,Naive Bayes,Recall,TSTR,0.8662000000000001,0.003735713526965847,2,0.863527631529691,0.8688723684703091
5. Bank Markting,WGAN_GP,Random Forest,Accuracy,TRTR,0.88315,0.005773743249496891,2,0.8790197128930688,0.8872802871069312
5. Bank Markting,WGAN_GP,Random Forest,Accuracy,TSTR,0.87965,0.0004743416490252541,2,0.8793106764255719,0.8799893235744282
5. Bank Markting,WGAN_GP,Random Forest,F1,TRTR,0.8574785823690189,0.006612011271808571,2,0.8527486344432579,0.8622085302947798
5. Bank Markting,WGAN_GP,Random Forest,F1,TSTR,0.8240490884500501,0.001243561686361678,2,0.8231594980096888,0.8249386788904114
5. Bank Markting,WGAN_GP,Random Forest,Precision,TRTR,0.8556515297390923,0.01063372871991347,2,0.8480446184628957,0.8632584410152889
5. Bank Markting,WGAN_GP,Random Forest,Precision,TSTR,0.8210328708340293,0.05302332279315711,2,0.7831022706954954,0.8589634709725632
5. Bank Markting,WGAN_GP,Random Forest,Recall,TRTR,0.88315,0.005773743249496891,2,0.8790197128930688,0.8872802871069312
5. Bank Markting,WGAN_GP,Random Forest,Recall,TSTR,0.87965,0.0004743416490252541,2,0.8793106764255719,0.8799893235744282
5. Bank Markting,WGAN_GP,SVM-RBF,Accuracy,TRTR,0.889,0.002972092416687829,2,0.8868738931644868,0.8911261068355132
5. Bank Markting,WGAN_GP,SVM-RBF,Accuracy,TSTR,0.8795,0.0,2,0.8795,0.8795
5. Bank Markting,WGAN_GP,SVM-RBF,F1,TRTR,0.8576796406102787,0.004301097168639152,2,0.8546028210473657,0.8607564601731916
5. Bank Markting,WGAN_GP,SVM-RBF,F1,TSTR,0.8231127959563713,0.0,2,0.8231127959563713,0.8231127959563713
5. Bank Markting,WGAN_GP,SVM-RBF,Precision,TRTR,0.8679631869258282,0.007339255341697087,2,0.8627129999323334,0.873213373919323
5. Bank Markting,WGAN_GP,SVM-RBF,Precision,TSTR,0.7735202499999999,0.0,2,0.7735202499999999,0.7735202499999999
5. Bank Markting,WGAN_GP,SVM-RBF,Recall,TRTR,0.889,0.002972092416687829,2,0.8868738931644868,0.8911261068355132
5. Bank Markting,WGAN_GP,SVM-RBF,Recall,TSTR,0.8795,0.0,2,0.8795,0.8795
6. Wine dataset,CTABGAN,AdaBoost,Accuracy,TRTR,0.4595,0.03789239149662281,2,0.43239341605847703,0.486606583941523
6. Wine dataset,CTABGAN,AdaBoost,Accuracy,TSTR,0.419,0.03849963924794909,2,0.39145901718591986,0.4465409828140801
6. Wine dataset,CTABGAN,AdaBoost,F1,TRTR,0.424146743332422,0.03163318663811363,2,0.40151772481242937,0.4467757618524147
6. Wine dataset,CTABGAN,AdaBoost,F1,TSTR,0.3476035174458765,0.0326170006287216,2,0.32427072079349445,0.3709363140982585
6. Wine dataset,CTABGAN,AdaBoost,Precision,TRTR,0.4243662568348373,0.03566842911425866,2,0.39885059974219683,0.4498819139274778
6. Wine dataset,CTABGAN,AdaBoost,Precision,TSTR,0.3325560475591763,0.04261644935685957,2,0.30207007620304444,0.36304201891530813
6. Wine dataset,CTABGAN,AdaBoost,Recall,TRTR,0.4595,0.03789239149662281,2,0.43239341605847703,0.486606583941523
6. Wine dataset,CTABGAN,AdaBoost,Recall,TSTR,0.419,0.03849963924794909,2,0.39145901718591986,0.4465409828140801
6. Wine dataset,CTABGAN,Decision Tree,Accuracy,TRTR,0.446,0.05026595932305149,2,0.41004189886212616,0.48195810113787385
6. Wine dataset,CTABGAN,Decision Tree,Accuracy,TSTR,0.3215,0.02539138086481753,2,0.3033361003457726,0.33966389965422744
6. Wine dataset,CTABGAN,Decision Tree,F1,TRTR,0.4469044166072488,0.04840262260912238,2,0.41227926625586575,0.4815295669586318
6. Wine dataset,CTABGAN,Decision Tree,F1,TSTR,0.3242795087938206,0.02577104919040336,2,0.30584401078090034,0.3427150068067409
6. Wine dataset,CTABGAN,Decision Tree,Precision,TRTR,0.4513758064714676,0.04760534329861919,2,0.4173209953808546,0.48543061756208056
6. Wine dataset,CTABGAN,Decision Tree,Precision,TSTR,0.3318325332916161,0.02953087666072729,2,0.31070741673247493,0.3529576498507573
6. Wine dataset,CTABGAN,Decision Tree,Recall,TRTR,0.446,0.05026595932305149,2,0.41004189886212616,0.48195810113787385
6. Wine dataset,CTABGAN,Decision Tree,Recall,TSTR,0.3215,0.02539138086481753,2,0.3033361003457726,0.33966389965422744
6. Wine dataset,CTABGAN,Extra Trees,Accuracy,TRTR,0.5325,0.02395017977199988,2,0.5153670735004376,0.5496329264995623
6. Wine dataset,CTABGAN,Extra Trees,Accuracy,TSTR,0.434,0.02458545188611437,2,0.416412627206424,0.45158737279357597
6. Wine dataset,CTABGAN,Extra Trees,F1,TRTR,0.5076095129783865,0.02294901087352562,2,0.4911927795644085,0.5240262463923646
6. Wine dataset,CTABGAN,Extra Trees,F1,TSTR,0.3322112646376887,0.02581679757255759,2,0.3137430402036566,0.35067948907172075
6. Wine dataset,CTABGAN,Extra Trees,Precision,TRTR,0.5092605944759075,0.02638681476081419,2,0.490384604309724,0.528136584642091
6. Wine dataset,CTABGAN,Extra Trees,Precision,TSTR,0.3347544414867571,0.05202966452665709,2,0.2975346616513564,0.3719742213221578
6. Wine dataset,CTABGAN,Extra Trees,Recall,TRTR,0.5325,0.02395017977199988,2,0.5153670735004376,0.5496329264995623
6. Wine dataset,CTABGAN,Extra Trees,Recall,TSTR,0.434,0.02458545188611437,2,0.416412627206424,0.45158737279357597
6. Wine dataset,CTABGAN,Gradient Boosting,Accuracy,TRTR,0.5285,0.02934942740308384,2,0.5075046844204005,0.5494953155795994
6. Wine dataset,CTABGAN,Gradient Boosting,Accuracy,TSTR,0.4075,0.03181980515339463,2,0.38473748263631574,0.4302625173636842
6. Wine dataset,CTABGAN,Gradient Boosting,F1,TRTR,0.5114407431836887,0.0297095730982321,2,0.49018779489390296,0.5326936914734745
6. Wine dataset,CTABGAN,Gradient Boosting,F1,TSTR,0.3638597359740878,0.03288924562630759,2,0.34033218698256185,0.3873872849656137
6. Wine dataset,CTABGAN,Gradient Boosting,Precision,TRTR,0.5115083500684671,0.03963566060318449,2,0.4831547065325691,0.539861993604365
6. Wine dataset,CTABGAN,Gradient Boosting,Precision,TSTR,0.3582528822984542,0.03826016994320833,2,0.3308832055052926,0.3856225590916158
6. Wine dataset,CTABGAN,Gradient Boosting,Recall,TRTR,0.5285,0.02934942740308384,2,0.5075046844204005,0.5494953155795994
6. Wine dataset,CTABGAN,Gradient Boosting,Recall,TSTR,0.4075,0.03181980515339463,2,0.38473748263631574,0.4302625173636842
6. Wine dataset,CTABGAN,KNN,Accuracy,TRTR,0.4905,0.02660931332363833,2,0.4714648439503278,0.5095351560496723
6. Wine dataset,CTABGAN,KNN,Accuracy,TSTR,0.4015,0.02667187449147301,2,0.3824200903868706,0.42057990961312947
6. Wine dataset,CTABGAN,KNN,F1,TRTR,0.4727264463318853,0.02540733019568748,2,0.4545511372136742,0.49090175545009646
6. Wine dataset,CTABGAN,KNN,F1,TSTR,0.3635602656799276,0.0245434459903558,2,0.34600294209397475,0.38111758926588046
6. Wine dataset,CTABGAN,KNN,Precision,TRTR,0.4749014687612531,0.03498540312071637,2,0.44987441903006264,0.4999285184924436
6. Wine dataset,CTABGAN,KNN,Precision,TSTR,0.3448610641833366,0.02955698933209422,2,0.32371726774439935,0.3660048606222739
6. Wine dataset,CTABGAN,KNN,Recall,TRTR,0.4905,0.02660931332363833,2,0.4714648439503278,0.5095351560496723
6. Wine dataset,CTABGAN,KNN,Recall,TSTR,0.4015,0.02667187449147301,2,0.3824200903868706,0.42057990961312947
6. Wine dataset,CTABGAN,Logistic Regression,Accuracy,TRTR,0.5119999999999999,0.02888675205772439,2,0.4913356624239339,0.5326643375760659
6. Wine dataset,CTABGAN,Logistic Regression,Accuracy,TSTR,0.462,0.005868938953886325,2,0.45780161398851343,0.4661983860114866
6. Wine dataset,CTABGAN,Logistic Regression,F1,TRTR,0.4689260601100788,0.02691766313508905,2,0.4496703238933251,0.4881817963268325
6. Wine dataset,CTABGAN,Logistic Regression,F1,TSTR,0.3011077981188782,0.0123731645482762,2,0.29225656941033873,0.3099590268274177
6. Wine dataset,CTABGAN,Logistic Regression,Precision,TRTR,0.487483866843865,0.04678191837031947,2,0.4540180984622742,0.5209496352254559
6. Wine dataset,CTABGAN,Logistic Regression,Precision,TSTR,0.3139150918625245,0.1057388690869282,2,0.2382740616297934,0.3895561220952556
6. Wine dataset,CTABGAN,Logistic Regression,Recall,TRTR,0.5119999999999999,0.02888675205772439,2,0.4913356624239339,0.5326643375760659
6. Wine dataset,CTABGAN,Logistic Regression,Recall,TSTR,0.462,0.005868938953886325,2,0.45780161398851343,0.4661983860114866
6. Wine dataset,CTABGAN,MLP,Accuracy,TRTR,0.4745,0.02532565673164052,2,0.45638311655833086,0.4926168834416691
6. Wine dataset,CTABGAN,MLP,Accuracy,TSTR,0.348,0.0286937856222098,2,0.32747370229620326,0.3685262977037967
6. Wine dataset,CTABGAN,MLP,F1,TRTR,0.4715816518615708,0.02583861054469161,2,0.45309782336728255,0.49006548035585906
6. Wine dataset,CTABGAN,MLP,F1,TSTR,0.34164801936564,0.02771532562341787,2,0.3218216697792124,0.3614743689520676
6. Wine dataset,CTABGAN,MLP,Precision,TRTR,0.472599997358629,0.02756640214072062,2,0.45288018121401274,0.4923198135032453
6. Wine dataset,CTABGAN,MLP,Precision,TSTR,0.3386922868867673,0.02717771342755295,2,0.3192505218973952,0.35813405187613934
6. Wine dataset,CTABGAN,MLP,Recall,TRTR,0.4745,0.02532565673164052,2,0.45638311655833086,0.4926168834416691
6. Wine dataset,CTABGAN,MLP,Recall,TSTR,0.348,0.0286937856222098,2,0.32747370229620326,0.3685262977037967
6. Wine dataset,CTABGAN,Naive Bayes,Accuracy,TRTR,0.4115,0.05126456432620446,2,0.3748275398767661,0.44817246012323386
6. Wine dataset,CTABGAN,Naive Bayes,Accuracy,TSTR,0.408,0.03895866755649863,2,0.3801306481153548,0.43586935188464515
6. Wine dataset,CTABGAN,Naive Bayes,F1,TRTR,0.4140512503685829,0.0504610547885627,2,0.3779535863421286,0.45014891439503724
6. Wine dataset,CTABGAN,Naive Bayes,F1,TSTR,0.3511822277934308,0.03253362801026843,2,0.32790907231942956,0.374455383267432
6. Wine dataset,CTABGAN,Naive Bayes,Precision,TRTR,0.4372885137370445,0.05053409359669786,2,0.4011386008947856,0.47343842657930346
6. Wine dataset,CTABGAN,Naive Bayes,Precision,TSTR,0.3400078910745658,0.04050465445860116,2,0.31103260678293404,0.36898317536619757
6. Wine dataset,CTABGAN,Naive Bayes,Recall,TRTR,0.4115,0.05126456432620446,2,0.3748275398767661,0.44817246012323386
6. Wine dataset,CTABGAN,Naive Bayes,Recall,TSTR,0.408,0.03895866755649863,2,0.3801306481153548,0.43586935188464515
6. Wine dataset,CTABGAN,Random Forest,Accuracy,TRTR,0.535,0.02236067977499788,2,0.5190041333003615,0.5509958666996385
6. Wine dataset,CTABGAN,Random Forest,Accuracy,TSTR,0.4235,0.0282891812850386,2,0.4032631388029915,0.44373686119700845
6. Wine dataset,CTABGAN,Random Forest,F1,TRTR,0.5096032595467455,0.02043462656654578,2,0.4949852083110741,0.5242213107824167
6. Wine dataset,CTABGAN,Random Forest,F1,TSTR,0.3366470391856203,0.03045131516352807,2,0.314863480586963,0.35843059778427755
6. Wine dataset,CTABGAN,Random Forest,Precision,TRTR,0.5084864004161412,0.01714437887528287,2,0.496222050588827,0.5207507502434554
6. Wine dataset,CTABGAN,Random Forest,Precision,TSTR,0.3416522349048563,0.05591950068620933,2,0.30164983390955674,0.38165463590015586
6. Wine dataset,CTABGAN,Random Forest,Recall,TRTR,0.535,0.02236067977499788,2,0.5190041333003615,0.5509958666996385
6. Wine dataset,CTABGAN,Random Forest,Recall,TSTR,0.4235,0.0282891812850386,2,0.4032631388029915,0.44373686119700845
6. Wine dataset,CTABGAN,SVM-RBF,Accuracy,TRTR,0.5254999999999999,0.03312015163679728,2,0.5018072707992359,0.5491927292007638
6. Wine dataset,CTABGAN,SVM-RBF,Accuracy,TSTR,0.4600000000000001,0.007453559924999294,2,0.4546680444334539,0.4653319555665463
6. Wine dataset,CTABGAN,SVM-RBF,F1,TRTR,0.4764639254304625,0.03395646864249448,2,0.4521729310840776,0.5007549197768475
6. Wine dataset,CTABGAN,SVM-RBF,F1,TSTR,0.3024759608803617,0.01560320942388378,2,0.2913140972634041,0.3136378244973193
6. Wine dataset,CTABGAN,SVM-RBF,Precision,TRTR,0.5045453885552329,0.04261598254261716,2,0.47405975113789317,0.5350310259725726
6. Wine dataset,CTABGAN,SVM-RBF,Precision,TSTR,0.3214397979403633,0.09207656257925438,2,0.25557219301962614,0.3873074028611005
6. Wine dataset,CTABGAN,SVM-RBF,Recall,TRTR,0.5254999999999999,0.03312015163679728,2,0.5018072707992359,0.5491927292007638
6. Wine dataset,CTABGAN,SVM-RBF,Recall,TSTR,0.4600000000000001,0.007453559924999294,2,0.4546680444334539,0.4653319555665463
6. Wine dataset,CTGAN,AdaBoost,Accuracy,TRTR,0.4595,0.03789239149662281,2,0.43239341605847703,0.486606583941523
6. Wine dataset,CTGAN,AdaBoost,Accuracy,TSTR,0.292,0.03128720008068617,2,0.2696184853532422,0.3143815146467578
6. Wine dataset,CTGAN,AdaBoost,F1,TRTR,0.424146743332422,0.03163318663811363,2,0.40151772481242937,0.4467757618524147
6. Wine dataset,CTGAN,AdaBoost,F1,TSTR,0.259314004625839,0.03471563080432167,2,0.23447993838422593,0.28414807086745203
6. Wine dataset,CTGAN,AdaBoost,Precision,TRTR,0.4243662568348373,0.03566842911425866,2,0.39885059974219683,0.4498819139274778
6. Wine dataset,CTGAN,AdaBoost,Precision,TSTR,0.3404051756083843,0.05169466057763576,2,0.30342504316144936,0.3773853080553192
6. Wine dataset,CTGAN,AdaBoost,Recall,TRTR,0.4595,0.03789239149662281,2,0.43239341605847703,0.486606583941523
6. Wine dataset,CTGAN,AdaBoost,Recall,TSTR,0.292,0.03128720008068617,2,0.2696184853532422,0.3143815146467578
6. Wine dataset,CTGAN,Decision Tree,Accuracy,TRTR,0.446,0.05026595932305149,2,0.41004189886212616,0.48195810113787385
6. Wine dataset,CTGAN,Decision Tree,Accuracy,TSTR,0.2235,0.02799305469417568,2,0.20347497500481213,0.24352502499518788
6. Wine dataset,CTGAN,Decision Tree,F1,TRTR,0.4469044166072488,0.04840262260912238,2,0.41227926625586575,0.4815295669586318
6. Wine dataset,CTGAN,Decision Tree,F1,TSTR,0.247218939457317,0.03104692039510355,2,0.22500931054300943,0.26942856837162454
6. Wine dataset,CTGAN,Decision Tree,Precision,TRTR,0.4513758064714676,0.04760534329861919,2,0.4173209953808546,0.48543061756208056
6. Wine dataset,CTGAN,Decision Tree,Precision,TSTR,0.3398747188132211,0.04340054633112345,2,0.30882783827158505,0.3709215993548572
6. Wine dataset,CTGAN,Decision Tree,Recall,TRTR,0.446,0.05026595932305149,2,0.41004189886212616,0.48195810113787385
6. Wine dataset,CTGAN,Decision Tree,Recall,TSTR,0.2235,0.02799305469417568,2,0.20347497500481213,0.24352502499518788
6. Wine dataset,CTGAN,Extra Trees,Accuracy,TRTR,0.5325,0.02395017977199988,2,0.5153670735004376,0.5496329264995623
6. Wine dataset,CTGAN,Extra Trees,Accuracy,TSTR,0.2645,0.02510533365199072,2,0.24654072619490697,0.28245927380509306
6. Wine dataset,CTGAN,Extra Trees,F1,TRTR,0.5076095129783865,0.02294901087352562,2,0.4911927795644085,0.5240262463923646
6. Wine dataset,CTGAN,Extra Trees,F1,TSTR,0.256313996840268,0.02725904130422835,2,0.23681405339266687,0.27581394028786915
6. Wine dataset,CTGAN,Extra Trees,Precision,TRTR,0.5092605944759075,0.02638681476081419,2,0.490384604309724,0.528136584642091
6. Wine dataset,CTGAN,Extra Trees,Precision,TSTR,0.3226157055825299,0.035470583547884,2,0.29724157868211465,0.3479898324829451
6. Wine dataset,CTGAN,Extra Trees,Recall,TRTR,0.5325,0.02395017977199988,2,0.5153670735004376,0.5496329264995623
6. Wine dataset,CTGAN,Extra Trees,Recall,TSTR,0.2645,0.02510533365199072,2,0.24654072619490697,0.28245927380509306
6. Wine dataset,CTGAN,Gradient Boosting,Accuracy,TRTR,0.5285,0.02934942740308384,2,0.5075046844204005,0.5494953155795994
6. Wine dataset,CTGAN,Gradient Boosting,Accuracy,TSTR,0.238,0.01828782229912694,2,0.22491768002283197,0.251082319977168
6. Wine dataset,CTGAN,Gradient Boosting,F1,TRTR,0.5114407431836887,0.0297095730982321,2,0.49018779489390296,0.5326936914734745
6. Wine dataset,CTGAN,Gradient Boosting,F1,TSTR,0.2468883667085799,0.02516106539079944,2,0.22888922481924728,0.2648875085979125
6. Wine dataset,CTGAN,Gradient Boosting,Precision,TRTR,0.5115083500684671,0.03963566060318449,2,0.4831547065325691,0.539861993604365
6. Wine dataset,CTGAN,Gradient Boosting,Precision,TSTR,0.3282344842787487,0.02997909743991619,2,0.30678872988980727,0.3496802386676901
6. Wine dataset,CTGAN,Gradient Boosting,Recall,TRTR,0.5285,0.02934942740308384,2,0.5075046844204005,0.5494953155795994
6. Wine dataset,CTGAN,Gradient Boosting,Recall,TSTR,0.238,0.01828782229912694,2,0.22491768002283197,0.251082319977168
6. Wine dataset,CTGAN,KNN,Accuracy,TRTR,0.4905,0.02660931332363833,2,0.4714648439503278,0.5095351560496723
6. Wine dataset,CTGAN,KNN,Accuracy,TSTR,0.2165,0.02108843811718217,2,0.201414240156366,0.231585759843634
6. Wine dataset,CTGAN,KNN,F1,TRTR,0.4727264463318853,0.02540733019568748,2,0.4545511372136742,0.49090175545009646
6. Wine dataset,CTGAN,KNN,F1,TSTR,0.2192867235611573,0.02103110246849677,2,0.20424197916976972,0.2343314679525449
6. Wine dataset,CTGAN,KNN,Precision,TRTR,0.4749014687612531,0.03498540312071637,2,0.44987441903006264,0.4999285184924436
6. Wine dataset,CTGAN,KNN,Precision,TSTR,0.3206054791240566,0.03650106567542013,2,0.29449418971721086,0.3467167685309024
6. Wine dataset,CTGAN,KNN,Recall,TRTR,0.4905,0.02660931332363833,2,0.4714648439503278,0.5095351560496723
6. Wine dataset,CTGAN,KNN,Recall,TSTR,0.2165,0.02108843811718217,2,0.201414240156366,0.231585759843634
6. Wine dataset,CTGAN,Logistic Regression,Accuracy,TRTR,0.5119999999999999,0.02888675205772439,2,0.4913356624239339,0.5326643375760659
6. Wine dataset,CTGAN,Logistic Regression,Accuracy,TSTR,0.322,0.03591656999213595,2,0.29630683361671195,0.34769316638328807
6. Wine dataset,CTGAN,Logistic Regression,F1,TRTR,0.4689260601100788,0.02691766313508905,2,0.4496703238933251,0.4881817963268325
6. Wine dataset,CTGAN,Logistic Regression,F1,TSTR,0.3209218877753671,0.03903108741798198,2,0.2930007298426791,0.34884304570805513
6. Wine dataset,CTGAN,Logistic Regression,Precision,TRTR,0.487483866843865,0.04678191837031947,2,0.4540180984622742,0.5209496352254559
6. Wine dataset,CTGAN,Logistic Regression,Precision,TSTR,0.3450057070209226,0.03646468965481089,2,0.31892043945163207,0.3710909745902131
6. Wine dataset,CTGAN,Logistic Regression,Recall,TRTR,0.5119999999999999,0.02888675205772439,2,0.4913356624239339,0.5326643375760659
6. Wine dataset,CTGAN,Logistic Regression,Recall,TSTR,0.322,0.03591656999213595,2,0.29630683361671195,0.34769316638328807
6. Wine dataset,CTGAN,MLP,Accuracy,TRTR,0.4745,0.02532565673164052,2,0.45638311655833086,0.4926168834416691
6. Wine dataset,CTGAN,MLP,Accuracy,TSTR,0.1745,0.02929258533410043,2,0.1535453467869985,0.19545465321300148
6. Wine dataset,CTGAN,MLP,F1,TRTR,0.4715816518615708,0.02583861054469161,2,0.45309782336728255,0.49006548035585906
6. Wine dataset,CTGAN,MLP,F1,TSTR,0.1917266543142902,0.03182747488459357,2,0.16895865035542573,0.21449465827315467
6. Wine dataset,CTGAN,MLP,Precision,TRTR,0.472599997358629,0.02756640214072062,2,0.45288018121401274,0.4923198135032453
6. Wine dataset,CTGAN,MLP,Precision,TSTR,0.289449178429015,0.06079476485863779,2,0.24595922353945124,0.33293913331857883
6. Wine dataset,CTGAN,MLP,Recall,TRTR,0.4745,0.02532565673164052,2,0.45638311655833086,0.4926168834416691
6. Wine dataset,CTGAN,MLP,Recall,TSTR,0.1745,0.02929258533410043,2,0.1535453467869985,0.19545465321300148
6. Wine dataset,CTGAN,Naive Bayes,Accuracy,TRTR,0.4115,0.05126456432620446,2,0.3748275398767661,0.44817246012323386
6. Wine dataset,CTGAN,Naive Bayes,Accuracy,TSTR,0.2715,0.02867926079939998,2,0.2509840927285086,0.29201590727149146
6. Wine dataset,CTGAN,Naive Bayes,F1,TRTR,0.4140512503685829,0.0504610547885627,2,0.3779535863421286,0.45014891439503724
6. Wine dataset,CTGAN,Naive Bayes,F1,TSTR,0.2595516052508646,0.03258375250716567,2,0.23624259287184876,0.28286061762988046
6. Wine dataset,CTGAN,Naive Bayes,Precision,TRTR,0.4372885137370445,0.05053409359669786,2,0.4011386008947856,0.47343842657930346
6. Wine dataset,CTGAN,Naive Bayes,Precision,TSTR,0.3263019550344363,0.03541872799146172,2,0.30096492336442165,0.351638986704451
6. Wine dataset,CTGAN,Naive Bayes,Recall,TRTR,0.4115,0.05126456432620446,2,0.3748275398767661,0.44817246012323386
6. Wine dataset,CTGAN,Naive Bayes,Recall,TSTR,0.2715,0.02867926079939998,2,0.2509840927285086,0.29201590727149146
6. Wine dataset,CTGAN,Random Forest,Accuracy,TRTR,0.535,0.02236067977499788,2,0.5190041333003615,0.5509958666996385
6. Wine dataset,CTGAN,Random Forest,Accuracy,TSTR,0.2675,0.02840676758176552,2,0.24717902263357835,0.2878209773664217
6. Wine dataset,CTGAN,Random Forest,F1,TRTR,0.5096032595467455,0.02043462656654578,2,0.4949852083110741,0.5242213107824167
6. Wine dataset,CTGAN,Random Forest,F1,TSTR,0.2560434343241192,0.03084870568161611,2,0.23397559967397336,0.278111268974265
6. Wine dataset,CTGAN,Random Forest,Precision,TRTR,0.5084864004161412,0.01714437887528287,2,0.496222050588827,0.5207507502434554
6. Wine dataset,CTGAN,Random Forest,Precision,TSTR,0.3261221864274127,0.0403759160393676,2,0.2972389960530457,0.3550053768017797
6. Wine dataset,CTGAN,Random Forest,Recall,TRTR,0.535,0.02236067977499788,2,0.5190041333003615,0.5509958666996385
6. Wine dataset,CTGAN,Random Forest,Recall,TSTR,0.2675,0.02840676758176552,2,0.24717902263357835,0.2878209773664217
6. Wine dataset,CTGAN,SVM-RBF,Accuracy,TRTR,0.5254999999999999,0.03312015163679728,2,0.5018072707992359,0.5491927292007638
6. Wine dataset,CTGAN,SVM-RBF,Accuracy,TSTR,0.2615,0.02838720368992574,2,0.24119301779871394,0.2818069822012861
6. Wine dataset,CTGAN,SVM-RBF,F1,TRTR,0.4764639254304625,0.03395646864249448,2,0.4521729310840776,0.5007549197768475
6. Wine dataset,CTGAN,SVM-RBF,F1,TSTR,0.2505109775221756,0.03202200995100359,2,0.22760381156009785,0.27341814348425336
6. Wine dataset,CTGAN,SVM-RBF,Precision,TRTR,0.5045453885552329,0.04261598254261716,2,0.47405975113789317,0.5350310259725726
6. Wine dataset,CTGAN,SVM-RBF,Precision,TSTR,0.3137664717805542,0.04978474630219863,2,0.27815260970039896,0.3493803338607095
6. Wine dataset,CTGAN,SVM-RBF,Recall,TRTR,0.5254999999999999,0.03312015163679728,2,0.5018072707992359,0.5491927292007638
6. Wine dataset,CTGAN,SVM-RBF,Recall,TSTR,0.2615,0.02838720368992574,2,0.24119301779871394,0.2818069822012861
6. Wine dataset,CopulaGAN,AdaBoost,Accuracy,TRTR,0.4595,0.03789239149662281,2,0.43239341605847703,0.486606583941523
6. Wine dataset,CopulaGAN,AdaBoost,Accuracy,TSTR,0.3415,0.0344036496771943,2,0.31688911161221556,0.3661108883877845
6. Wine dataset,CopulaGAN,AdaBoost,F1,TRTR,0.424146743332422,0.03163318663811363,2,0.40151772481242937,0.4467757618524147
6. Wine dataset,CopulaGAN,AdaBoost,F1,TSTR,0.3273531284111479,0.02487714605745316,2,0.3095570901776682,0.3451491666446276
6. Wine dataset,CopulaGAN,AdaBoost,Precision,TRTR,0.4243662568348373,0.03566842911425866,2,0.39885059974219683,0.4498819139274778
6. Wine dataset,CopulaGAN,AdaBoost,Precision,TSTR,0.3198049894078159,0.01752995813548055,2,0.3072648127939134,0.3323451660217184
6. Wine dataset,CopulaGAN,AdaBoost,Recall,TRTR,0.4595,0.03789239149662281,2,0.43239341605847703,0.486606583941523
6. Wine dataset,CopulaGAN,AdaBoost,Recall,TSTR,0.3415,0.0344036496771943,2,0.31688911161221556,0.3661108883877845
6. Wine dataset,CopulaGAN,Decision Tree,Accuracy,TRTR,0.446,0.05026595932305149,2,0.41004189886212616,0.48195810113787385
6. Wine dataset,CopulaGAN,Decision Tree,Accuracy,TSTR,0.2165,0.03916134715648979,2,0.18848565986379817,0.24451434013620182
6. Wine dataset,CopulaGAN,Decision Tree,F1,TRTR,0.4469044166072488,0.04840262260912238,2,0.41227926625586575,0.4815295669586318
6. Wine dataset,CopulaGAN,Decision Tree,F1,TSTR,0.2463626652954646,0.04130636129214756,2,0.2168138744838774,0.2759114561070518
6. Wine dataset,CopulaGAN,Decision Tree,Precision,TRTR,0.4513758064714676,0.04760534329861919,2,0.4173209953808546,0.48543061756208056
6. Wine dataset,CopulaGAN,Decision Tree,Precision,TSTR,0.3112986541580594,0.04356183233860595,2,0.28013639655713146,0.34246091175898735
6. Wine dataset,CopulaGAN,Decision Tree,Recall,TRTR,0.446,0.05026595932305149,2,0.41004189886212616,0.48195810113787385
6. Wine dataset,CopulaGAN,Decision Tree,Recall,TSTR,0.2165,0.03916134715648979,2,0.18848565986379817,0.24451434013620182
6. Wine dataset,CopulaGAN,Extra Trees,Accuracy,TRTR,0.5325,0.02395017977199988,2,0.5153670735004376,0.5496329264995623
6. Wine dataset,CopulaGAN,Extra Trees,Accuracy,TSTR,0.351,0.03053231439347863,2,0.3291584980428178,0.37284150195718213
6. Wine dataset,CopulaGAN,Extra Trees,F1,TRTR,0.5076095129783865,0.02294901087352562,2,0.4911927795644085,0.5240262463923646
6. Wine dataset,CopulaGAN,Extra Trees,F1,TSTR,0.3405363050721898,0.02957321346386398,2,0.31938090258854734,0.36169170755583224
6. Wine dataset,CopulaGAN,Extra Trees,Precision,TRTR,0.5092605944759075,0.02638681476081419,2,0.490384604309724,0.528136584642091
6. Wine dataset,CopulaGAN,Extra Trees,Precision,TSTR,0.3377814693595489,0.0289214127242292,2,0.3170923370363325,0.3584706016827653
6. Wine dataset,CopulaGAN,Extra Trees,Recall,TRTR,0.5325,0.02395017977199988,2,0.5153670735004376,0.5496329264995623
6. Wine dataset,CopulaGAN,Extra Trees,Recall,TSTR,0.351,0.03053231439347863,2,0.3291584980428178,0.37284150195718213
6. Wine dataset,CopulaGAN,Gradient Boosting,Accuracy,TRTR,0.5285,0.02934942740308384,2,0.5075046844204005,0.5494953155795994
6. Wine dataset,CopulaGAN,Gradient Boosting,Accuracy,TSTR,0.2905,0.03601311489505516,2,0.26473776955367073,0.31626223044632923
6. Wine dataset,CopulaGAN,Gradient Boosting,F1,TRTR,0.5114407431836887,0.0297095730982321,2,0.49018779489390296,0.5326936914734745
6. Wine dataset,CopulaGAN,Gradient Boosting,F1,TSTR,0.303672282024332,0.03437402490983422,2,0.27908258591846685,0.32826197813019714
6. Wine dataset,CopulaGAN,Gradient Boosting,Precision,TRTR,0.5115083500684671,0.03963566060318449,2,0.4831547065325691,0.539861993604365
6. Wine dataset,CopulaGAN,Gradient Boosting,Precision,TSTR,0.3321287650397112,0.04070179120559023,2,0.30301245761469675,0.3612450724647257
6. Wine dataset,CopulaGAN,Gradient Boosting,Recall,TRTR,0.5285,0.02934942740308384,2,0.5075046844204005,0.5494953155795994
6. Wine dataset,CopulaGAN,Gradient Boosting,Recall,TSTR,0.2905,0.03601311489505516,2,0.26473776955367073,0.31626223044632923
6. Wine dataset,CopulaGAN,KNN,Accuracy,TRTR,0.4905,0.02660931332363833,2,0.4714648439503278,0.5095351560496723
6. Wine dataset,CopulaGAN,KNN,Accuracy,TSTR,0.2885000000000001,0.02483836638034885,2,0.2707317030763489,0.30626829692365126
6. Wine dataset,CopulaGAN,KNN,F1,TRTR,0.4727264463318853,0.02540733019568748,2,0.4545511372136742,0.49090175545009646
6. Wine dataset,CopulaGAN,KNN,F1,TSTR,0.3040459677601847,0.02141839409670013,2,0.2887241716279304,0.31936776389243904
6. Wine dataset,CopulaGAN,KNN,Precision,TRTR,0.4749014687612531,0.03498540312071637,2,0.44987441903006264,0.4999285184924436
6. Wine dataset,CopulaGAN,KNN,Precision,TSTR,0.3509516043338015,0.01790208676882685,2,0.33814522293211874,0.3637579857354843
6. Wine dataset,CopulaGAN,KNN,Recall,TRTR,0.4905,0.02660931332363833,2,0.4714648439503278,0.5095351560496723
6. Wine dataset,CopulaGAN,KNN,Recall,TSTR,0.2885000000000001,0.02483836638034885,2,0.2707317030763489,0.30626829692365126
6. Wine dataset,CopulaGAN,Logistic Regression,Accuracy,TRTR,0.5119999999999999,0.02888675205772439,2,0.4913356624239339,0.5326643375760659
6. Wine dataset,CopulaGAN,Logistic Regression,Accuracy,TSTR,0.3225,0.02058181505871412,2,0.30777665645997404,0.337223343540026
6. Wine dataset,CopulaGAN,Logistic Regression,F1,TRTR,0.4689260601100788,0.02691766313508905,2,0.4496703238933251,0.4881817963268325
6. Wine dataset,CopulaGAN,Logistic Regression,F1,TSTR,0.3205128666043128,0.02105353597977837,2,0.3054520742457043,0.33557365896292124
6. Wine dataset,CopulaGAN,Logistic Regression,Precision,TRTR,0.487483866843865,0.04678191837031947,2,0.4540180984622742,0.5209496352254559
6. Wine dataset,CopulaGAN,Logistic Regression,Precision,TSTR,0.322289344289549,0.02456895937559831,2,0.30471376952726775,0.3398649190518302
6. Wine dataset,CopulaGAN,Logistic Regression,Recall,TRTR,0.5119999999999999,0.02888675205772439,2,0.4913356624239339,0.5326643375760659
6. Wine dataset,CopulaGAN,Logistic Regression,Recall,TSTR,0.3225,0.02058181505871412,2,0.30777665645997404,0.337223343540026
6. Wine dataset,CopulaGAN,MLP,Accuracy,TRTR,0.4745,0.02532565673164052,2,0.45638311655833086,0.4926168834416691
6. Wine dataset,CopulaGAN,MLP,Accuracy,TSTR,0.2145,0.0394017766096911,2,0.1863136669940476,0.24268633300595238
6. Wine dataset,CopulaGAN,MLP,F1,TRTR,0.4715816518615708,0.02583861054469161,2,0.45309782336728255,0.49006548035585906
6. Wine dataset,CopulaGAN,MLP,F1,TSTR,0.237139973907436,0.03344704519317531,2,0.2132133991435939,0.26106654867127804
6. Wine dataset,CopulaGAN,MLP,Precision,TRTR,0.472599997358629,0.02756640214072062,2,0.45288018121401274,0.4923198135032453
6. Wine dataset,CopulaGAN,MLP,Precision,TSTR,0.3271012966601624,0.03808566779464081,2,0.2998564511840884,0.35434614213623644
6. Wine dataset,CopulaGAN,MLP,Recall,TRTR,0.4745,0.02532565673164052,2,0.45638311655833086,0.4926168834416691
6. Wine dataset,CopulaGAN,MLP,Recall,TSTR,0.2145,0.0394017766096911,2,0.1863136669940476,0.24268633300595238
6. Wine dataset,CopulaGAN,Naive Bayes,Accuracy,TRTR,0.4115,0.05126456432620446,2,0.3748275398767661,0.44817246012323386
6. Wine dataset,CopulaGAN,Naive Bayes,Accuracy,TSTR,0.237,0.02551687894533952,2,0.2187463244271829,0.2552536755728171
6. Wine dataset,CopulaGAN,Naive Bayes,F1,TRTR,0.4140512503685829,0.0504610547885627,2,0.3779535863421286,0.45014891439503724
6. Wine dataset,CopulaGAN,Naive Bayes,F1,TSTR,0.2701484097575874,0.02406523010942107,2,0.2529331812046145,0.28736363831056033
6. Wine dataset,CopulaGAN,Naive Bayes,Precision,TRTR,0.4372885137370445,0.05053409359669786,2,0.4011386008947856,0.47343842657930346
6. Wine dataset,CopulaGAN,Naive Bayes,Precision,TSTR,0.3382074142760392,0.03462683846832577,2,0.31343686624517964,0.3629779623068987
6. Wine dataset,CopulaGAN,Naive Bayes,Recall,TRTR,0.4115,0.05126456432620446,2,0.3748275398767661,0.44817246012323386
6. Wine dataset,CopulaGAN,Naive Bayes,Recall,TSTR,0.237,0.02551687894533952,2,0.2187463244271829,0.2552536755728171
6. Wine dataset,CopulaGAN,Random Forest,Accuracy,TRTR,0.535,0.02236067977499788,2,0.5190041333003615,0.5509958666996385
6. Wine dataset,CopulaGAN,Random Forest,Accuracy,TSTR,0.3345,0.03609016486523718,2,0.30868265132539485,0.3603173486746052
6. Wine dataset,CopulaGAN,Random Forest,F1,TRTR,0.5096032595467455,0.02043462656654578,2,0.4949852083110741,0.5242213107824167
6. Wine dataset,CopulaGAN,Random Forest,F1,TSTR,0.3273801373073508,0.02932490958965675,2,0.3064023607149062,0.3483579138997955
6. Wine dataset,CopulaGAN,Random Forest,Precision,TRTR,0.5084864004161412,0.01714437887528287,2,0.496222050588827,0.5207507502434554
6. Wine dataset,CopulaGAN,Random Forest,Precision,TSTR,0.3275284541429376,0.02817660658770101,2,0.3073721240331091,0.34768478425276605
6. Wine dataset,CopulaGAN,Random Forest,Recall,TRTR,0.535,0.02236067977499788,2,0.5190041333003615,0.5509958666996385
6. Wine dataset,CopulaGAN,Random Forest,Recall,TSTR,0.3345,0.03609016486523718,2,0.30868265132539485,0.3603173486746052
6. Wine dataset,CopulaGAN,SVM-RBF,Accuracy,TRTR,0.5254999999999999,0.03312015163679728,2,0.5018072707992359,0.5491927292007638
6. Wine dataset,CopulaGAN,SVM-RBF,Accuracy,TSTR,0.323,0.03513466158147029,2,0.297866177198132,0.348133822801868
6. Wine dataset,CopulaGAN,SVM-RBF,F1,TRTR,0.4764639254304625,0.03395646864249448,2,0.4521729310840776,0.5007549197768475
6. Wine dataset,CopulaGAN,SVM-RBF,F1,TSTR,0.3085893683169571,0.03407741693097238,2,0.284211852777142,0.3329668838567722
6. Wine dataset,CopulaGAN,SVM-RBF,Precision,TRTR,0.5045453885552329,0.04261598254261716,2,0.47405975113789317,0.5350310259725726
6. Wine dataset,CopulaGAN,SVM-RBF,Precision,TSTR,0.3305373846823084,0.03852394381091225,2,0.3029790154312656,0.35809575393335125
6. Wine dataset,CopulaGAN,SVM-RBF,Recall,TRTR,0.5254999999999999,0.03312015163679728,2,0.5018072707992359,0.5491927292007638
6. Wine dataset,CopulaGAN,SVM-RBF,Recall,TSTR,0.323,0.03513466158147029,2,0.297866177198132,0.348133822801868
6. Wine dataset,ForestDiffusion,Decision Tree,Accuracy,TRTR,0.446,0.05026595932305149,2,0.41004189886212616,0.48195810113787385
6. Wine dataset,ForestDiffusion,Decision Tree,Accuracy,TSTR,0.5425000000000001,0.04411160089288681,2,0.5109444616670721,0.5740555383329281
6. Wine dataset,ForestDiffusion,Decision Tree,F1,TRTR,0.4469044166072488,0.04840262260912238,2,0.41227926625586575,0.4815295669586318
6. Wine dataset,ForestDiffusion,Decision Tree,F1,TSTR,0.5459177699330785,0.04474629939943044,2,0.513908195640274,0.577927344225883
6. Wine dataset,ForestDiffusion,Decision Tree,Precision,TRTR,0.4513758064714676,0.04760534329861919,2,0.4173209953808546,0.48543061756208056
6. Wine dataset,ForestDiffusion,Decision Tree,Precision,TSTR,0.554878381490427,0.04670111120995324,2,0.5214704190690574,0.5882863439117966
6. Wine dataset,ForestDiffusion,Decision Tree,Recall,TRTR,0.446,0.05026595932305149,2,0.41004189886212616,0.48195810113787385
6. Wine dataset,ForestDiffusion,Decision Tree,Recall,TSTR,0.5425000000000001,0.04411160089288681,2,0.5109444616670721,0.5740555383329281
6. Wine dataset,ForestDiffusion,Extra Trees,Accuracy,TRTR,0.5445,0.03616705068920542,2,0.5186276505202465,0.5703723494797535
6. Wine dataset,ForestDiffusion,Extra Trees,Accuracy,TSTR,0.6725,0.06985103196565293,2,0.6225315818929579,0.7224684181070421
6. Wine dataset,ForestDiffusion,Extra Trees,F1,TRTR,0.5181499755979195,0.03479957323639234,2,0.4932558605578193,0.5430440906380198
6. Wine dataset,ForestDiffusion,Extra Trees,F1,TSTR,0.6653419528417233,0.07093086211899306,2,0.6146010707771948,0.7160828349062517
6. Wine dataset,ForestDiffusion,Extra Trees,Precision,TRTR,0.5235451992296836,0.03336084781808982,2,0.49968028635338696,0.5474101121059801
6. Wine dataset,ForestDiffusion,Extra Trees,Precision,TSTR,0.678366322986963,0.07781819019245965,2,0.6226985432212728,0.7340341027526531
6. Wine dataset,ForestDiffusion,Extra Trees,Recall,TRTR,0.5445,0.03616705068920542,2,0.5186276505202465,0.5703723494797535
6. Wine dataset,ForestDiffusion,Extra Trees,Recall,TSTR,0.6725,0.06985103196565293,2,0.6225315818929579,0.7224684181070421
6. Wine dataset,ForestDiffusion,GaussianNB,Accuracy,TRTR,0.4115,0.05126456432620446,2,0.3748275398767661,0.44817246012323386
6. Wine dataset,ForestDiffusion,GaussianNB,Accuracy,TSTR,0.413,0.03780064667289289,2,0.3859590463517209,0.44004095364827905
6. Wine dataset,ForestDiffusion,GaussianNB,F1,TRTR,0.4140512503685829,0.0504610547885627,2,0.3779535863421286,0.45014891439503724
6. Wine dataset,ForestDiffusion,GaussianNB,F1,TSTR,0.4114484594622169,0.04154088909614553,2,0.3817318975663935,0.44116502135804037
6. Wine dataset,ForestDiffusion,GaussianNB,Precision,TRTR,0.4372885137370445,0.05053409359669786,2,0.4011386008947856,0.47343842657930346
6. Wine dataset,ForestDiffusion,GaussianNB,Precision,TSTR,0.4497124824511278,0.05163852782134386,2,0.4127725049590585,0.48665245994319717
6. Wine dataset,ForestDiffusion,GaussianNB,Recall,TRTR,0.4115,0.05126456432620446,2,0.3748275398767661,0.44817246012323386
6. Wine dataset,ForestDiffusion,GaussianNB,Recall,TSTR,0.413,0.03780064667289289,2,0.3859590463517209,0.44004095364827905
6. Wine dataset,ForestDiffusion,Gradient Boosting,Accuracy,TRTR,0.5285,0.02934942740308384,2,0.5075046844204005,0.5494953155795994
6. Wine dataset,ForestDiffusion,Gradient Boosting,Accuracy,TSTR,0.611,0.05591660457025861,2,0.5709996707612464,0.6510003292387536
6. Wine dataset,ForestDiffusion,Gradient Boosting,F1,TRTR,0.5114407431836887,0.0297095730982321,2,0.49018779489390296,0.5326936914734745
6. Wine dataset,ForestDiffusion,Gradient Boosting,F1,TSTR,0.6083187096432446,0.05576093730293334,2,0.5684297380592085,0.6482076812272808
6. Wine dataset,ForestDiffusion,Gradient Boosting,Precision,TRTR,0.5115083500684671,0.03963566060318449,2,0.4831547065325691,0.539861993604365
6. Wine dataset,ForestDiffusion,Gradient Boosting,Precision,TSTR,0.6145263451997544,0.05703303718124594,2,0.5737273681826603,0.6553253222168484
6. Wine dataset,ForestDiffusion,Gradient Boosting,Recall,TRTR,0.5285,0.02934942740308384,2,0.5075046844204005,0.5494953155795994
6. Wine dataset,ForestDiffusion,Gradient Boosting,Recall,TSTR,0.611,0.05591660457025861,2,0.5709996707612464,0.6510003292387536
6. Wine dataset,ForestDiffusion,KNN,Accuracy,TRTR,0.4905,0.02660931332363833,2,0.4714648439503278,0.5095351560496723
6. Wine dataset,ForestDiffusion,KNN,Accuracy,TSTR,0.5880000000000001,0.0483735464897913,2,0.5533956494513799,0.6226043505486203
6. Wine dataset,ForestDiffusion,KNN,F1,TRTR,0.4727264463318853,0.02540733019568748,2,0.4545511372136742,0.49090175545009646
6. Wine dataset,ForestDiffusion,KNN,F1,TSTR,0.5808958959864344,0.04836955701709133,2,0.5462943993346614,0.6154973926382075
6. Wine dataset,ForestDiffusion,KNN,Precision,TRTR,0.4749014687612531,0.03498540312071637,2,0.44987441903006264,0.4999285184924436
6. Wine dataset,ForestDiffusion,KNN,Precision,TSTR,0.5792773836151615,0.04966895087886822,2,0.5437463565907674,0.6148084106395555
6. Wine dataset,ForestDiffusion,KNN,Recall,TRTR,0.4905,0.02660931332363833,2,0.4714648439503278,0.5095351560496723
6. Wine dataset,ForestDiffusion,KNN,Recall,TSTR,0.5880000000000001,0.0483735464897913,2,0.5533956494513799,0.6226043505486203
6. Wine dataset,ForestDiffusion,LogisticRegression,Accuracy,TRTR,0.516,0.0323006707876684,2,0.4928934920839856,0.5391065079160144
6. Wine dataset,ForestDiffusion,LogisticRegression,Accuracy,TSTR,0.5255,0.03897648863952045,2,0.49761789968054293,0.553382100319457
6. Wine dataset,ForestDiffusion,LogisticRegression,F1,TRTR,0.4856303810997205,0.03437761755218231,2,0.46103811497234093,0.5102226472271001
6. Wine dataset,ForestDiffusion,LogisticRegression,F1,TSTR,0.5152194810646797,0.04100818593193212,2,0.4858839920562182,0.5445549700731412
6. Wine dataset,ForestDiffusion,LogisticRegression,Precision,TRTR,0.4922643514563336,0.03879392900354631,2,0.46451284643322543,0.5200158564794418
6. Wine dataset,ForestDiffusion,LogisticRegression,Precision,TSTR,0.5172336040703198,0.04698546819517958,2,0.4836222249158026,0.550844983224837
6. Wine dataset,ForestDiffusion,LogisticRegression,Recall,TRTR,0.516,0.0323006707876684,2,0.4928934920839856,0.5391065079160144
6. Wine dataset,ForestDiffusion,LogisticRegression,Recall,TSTR,0.5255,0.03897648863952045,2,0.49761789968054293,0.553382100319457
6. Wine dataset,ForestDiffusion,MLP,Accuracy,TRTR,0.4934999999999999,0.02173706511928418,2,0.4779502403510017,0.5090497596489981
6. Wine dataset,ForestDiffusion,MLP,Accuracy,TSTR,0.599,0.07026932316294059,2,0.548732354396264,0.649267645603736
6. Wine dataset,ForestDiffusion,MLP,F1,TRTR,0.4886996112849813,0.02096175140602375,2,0.4737044776550714,0.5036947449148912
6. Wine dataset,ForestDiffusion,MLP,F1,TSTR,0.5983007536679279,0.06726053617208022,2,0.5501854646167518,0.646416042719104
6. Wine dataset,ForestDiffusion,MLP,Precision,TRTR,0.4870717277628683,0.02021725558543148,2,0.4726091743596985,0.501534281166038
6. Wine dataset,ForestDiffusion,MLP,Precision,TSTR,0.6020686262542246,0.0645031072800375,2,0.555925883003743,0.6482113695047063
6. Wine dataset,ForestDiffusion,MLP,Recall,TRTR,0.4934999999999999,0.02173706511928418,2,0.4779502403510017,0.5090497596489981
6. Wine dataset,ForestDiffusion,MLP,Recall,TSTR,0.599,0.07026932316294059,2,0.548732354396264,0.649267645603736
6. Wine dataset,ForestDiffusion,Random Forest,Accuracy,TRTR,0.5269999999999999,0.02057506581601463,2,0.5122814845773492,0.5417185154226506
6. Wine dataset,ForestDiffusion,Random Forest,Accuracy,TSTR,0.6525000000000001,0.06460349147771435,2,0.6062854462204582,0.698714553779542
6. Wine dataset,ForestDiffusion,Random Forest,F1,TRTR,0.502235986809161,0.01826493340225706,2,0.48917004056243935,0.5153019330558828
6. Wine dataset,ForestDiffusion,Random Forest,F1,TSTR,0.6452077070185454,0.06419161434893045,2,0.5992877923874977,0.691127621649593
6. Wine dataset,ForestDiffusion,Random Forest,Precision,TRTR,0.5017166937927628,0.01752852197902831,2,0.48917754454329654,0.5142558430422292
6. Wine dataset,ForestDiffusion,Random Forest,Precision,TSTR,0.6581760651686063,0.06828212973118146,2,0.6093299721098139,0.7070221582273987
6. Wine dataset,ForestDiffusion,Random Forest,Recall,TRTR,0.5269999999999999,0.02057506581601463,2,0.5122814845773492,0.5417185154226506
6. Wine dataset,ForestDiffusion,Random Forest,Recall,TSTR,0.6525000000000001,0.06460349147771435,2,0.6062854462204582,0.698714553779542
6. Wine dataset,ForestDiffusion,SVC-RBF,Accuracy,TRTR,0.5254999999999999,0.03312015163679728,2,0.5018072707992359,0.5491927292007638
6. Wine dataset,ForestDiffusion,SVC-RBF,Accuracy,TSTR,0.587,0.03343318378165289,2,0.5630833410926172,0.6109166589073828
6. Wine dataset,ForestDiffusion,SVC-RBF,F1,TRTR,0.4764639254304625,0.03395646864249448,2,0.4521729310840776,0.5007549197768475
6. Wine dataset,ForestDiffusion,SVC-RBF,F1,TSTR,0.5691774829638999,0.03475082649865461,2,0.5443182392392847,0.5940367266885151
6. Wine dataset,ForestDiffusion,SVC-RBF,Precision,TRTR,0.5045453885552329,0.04261598254261716,2,0.47405975113789317,0.5350310259725726
6. Wine dataset,ForestDiffusion,SVC-RBF,Precision,TSTR,0.5867483649223235,0.04534574616503181,2,0.5543099722459738,0.6191867575986733
6. Wine dataset,ForestDiffusion,SVC-RBF,Recall,TRTR,0.5254999999999999,0.03312015163679728,2,0.5018072707992359,0.5491927292007638
6. Wine dataset,ForestDiffusion,SVC-RBF,Recall,TSTR,0.587,0.03343318378165289,2,0.5630833410926172,0.6109166589073828
6. Wine dataset,GaussianCopula,AdaBoost,Accuracy,TRTR,0.4595,0.03789239149662281,2,0.43239341605847703,0.486606583941523
6. Wine dataset,GaussianCopula,AdaBoost,Accuracy,TSTR,0.402,0.04541169697580374,2,0.369514428955709,0.43448557104429103
6. Wine dataset,GaussianCopula,AdaBoost,F1,TRTR,0.424146743332422,0.03163318663811363,2,0.40151772481242937,0.4467757618524147
6. Wine dataset,GaussianCopula,AdaBoost,F1,TSTR,0.3212205518016241,0.03988649193625532,2,0.29268747433937564,0.3497536292638726
6. Wine dataset,GaussianCopula,AdaBoost,Precision,TRTR,0.4243662568348373,0.03566842911425866,2,0.39885059974219683,0.4498819139274778
6. Wine dataset,GaussianCopula,AdaBoost,Precision,TSTR,0.306376583323035,0.06753650340917677,2,0.25806387920297535,0.3546892874430947
6. Wine dataset,GaussianCopula,AdaBoost,Recall,TRTR,0.4595,0.03789239149662281,2,0.43239341605847703,0.486606583941523
6. Wine dataset,GaussianCopula,AdaBoost,Recall,TSTR,0.402,0.04541169697580374,2,0.369514428955709,0.43448557104429103
6. Wine dataset,GaussianCopula,Decision Tree,Accuracy,TRTR,0.446,0.05026595932305149,2,0.41004189886212616,0.48195810113787385
6. Wine dataset,GaussianCopula,Decision Tree,Accuracy,TSTR,0.326,0.03116265571338731,2,0.3037075790264914,0.3482924209735086
6. Wine dataset,GaussianCopula,Decision Tree,F1,TRTR,0.4469044166072488,0.04840262260912238,2,0.41227926625586575,0.4815295669586318
6. Wine dataset,GaussianCopula,Decision Tree,F1,TSTR,0.3264631526108441,0.03081581495386692,2,0.3044188465699366,0.34850745865175153
6. Wine dataset,GaussianCopula,Decision Tree,Precision,TRTR,0.4513758064714676,0.04760534329861919,2,0.4173209953808546,0.48543061756208056
6. Wine dataset,GaussianCopula,Decision Tree,Precision,TSTR,0.3293852683836228,0.03294527067643184,2,0.30581764148558216,0.35295289528166346
6. Wine dataset,GaussianCopula,Decision Tree,Recall,TRTR,0.446,0.05026595932305149,2,0.41004189886212616,0.48195810113787385
6. Wine dataset,GaussianCopula,Decision Tree,Recall,TSTR,0.326,0.03116265571338731,2,0.3037075790264914,0.3482924209735086
6. Wine dataset,GaussianCopula,Extra Trees,Accuracy,TRTR,0.5325,0.02395017977199988,2,0.5153670735004376,0.5496329264995623
6. Wine dataset,GaussianCopula,Extra Trees,Accuracy,TSTR,0.4269999999999999,0.02658320271650251,2,0.4079835223534618,0.44601647764653796
6. Wine dataset,GaussianCopula,Extra Trees,F1,TRTR,0.5076095129783865,0.02294901087352562,2,0.4911927795644085,0.5240262463923646
6. Wine dataset,GaussianCopula,Extra Trees,F1,TSTR,0.3510814665925189,0.0299104737156707,2,0.3296848026586311,0.37247813052640666
6. Wine dataset,GaussianCopula,Extra Trees,Precision,TRTR,0.5092605944759075,0.02638681476081419,2,0.490384604309724,0.528136584642091
6. Wine dataset,GaussianCopula,Extra Trees,Precision,TSTR,0.354004656718407,0.04628741356569668,2,0.32089263576384747,0.3871166776729665
6. Wine dataset,GaussianCopula,Extra Trees,Recall,TRTR,0.5325,0.02395017977199988,2,0.5153670735004376,0.5496329264995623
6. Wine dataset,GaussianCopula,Extra Trees,Recall,TSTR,0.4269999999999999,0.02658320271650251,2,0.4079835223534618,0.44601647764653796
6. Wine dataset,GaussianCopula,Gradient Boosting,Accuracy,TRTR,0.5285,0.02934942740308384,2,0.5075046844204005,0.5494953155795994
6. Wine dataset,GaussianCopula,Gradient Boosting,Accuracy,TSTR,0.415,0.01748014746950252,2,0.40249545578999674,0.4275045442100032
6. Wine dataset,GaussianCopula,Gradient Boosting,F1,TRTR,0.5114407431836887,0.0297095730982321,2,0.49018779489390296,0.5326936914734745
6. Wine dataset,GaussianCopula,Gradient Boosting,F1,TSTR,0.3630221890837043,0.0196592629911923,2,0.3489587995363139,0.3770855786310947
6. Wine dataset,GaussianCopula,Gradient Boosting,Precision,TRTR,0.5115083500684671,0.03963566060318449,2,0.4831547065325691,0.539861993604365
6. Wine dataset,GaussianCopula,Gradient Boosting,Precision,TSTR,0.3517824856889541,0.02643885520946676,2,0.33286926802843625,0.37069570334947194
6. Wine dataset,GaussianCopula,Gradient Boosting,Recall,TRTR,0.5285,0.02934942740308384,2,0.5075046844204005,0.5494953155795994
6. Wine dataset,GaussianCopula,Gradient Boosting,Recall,TSTR,0.415,0.01748014746950252,2,0.40249545578999674,0.4275045442100032
6. Wine dataset,GaussianCopula,KNN,Accuracy,TRTR,0.4905,0.02660931332363833,2,0.4714648439503278,0.5095351560496723
6. Wine dataset,GaussianCopula,KNN,Accuracy,TSTR,0.385,0.03965125751123439,2,0.35663519910821645,0.41336480089178357
6. Wine dataset,GaussianCopula,KNN,F1,TRTR,0.4727264463318853,0.02540733019568748,2,0.4545511372136742,0.49090175545009646
6. Wine dataset,GaussianCopula,KNN,F1,TSTR,0.3593236749263384,0.0387874205929432,2,0.3315768257397021,0.38707052411297466
6. Wine dataset,GaussianCopula,KNN,Precision,TRTR,0.4749014687612531,0.03498540312071637,2,0.44987441903006264,0.4999285184924436
6. Wine dataset,GaussianCopula,KNN,Precision,TSTR,0.3570448525877816,0.04763532523121711,2,0.3229685937146298,0.3911211114609334
6. Wine dataset,GaussianCopula,KNN,Recall,TRTR,0.4905,0.02660931332363833,2,0.4714648439503278,0.5095351560496723
6. Wine dataset,GaussianCopula,KNN,Recall,TSTR,0.385,0.03965125751123439,2,0.35663519910821645,0.41336480089178357
6. Wine dataset,GaussianCopula,Logistic Regression,Accuracy,TRTR,0.5119999999999999,0.02888675205772439,2,0.4913356624239339,0.5326643375760659
6. Wine dataset,GaussianCopula,Logistic Regression,Accuracy,TSTR,0.4465,0.01528434202414717,2,0.4355662403795385,0.4574337596204615
6. Wine dataset,GaussianCopula,Logistic Regression,F1,TRTR,0.4689260601100788,0.02691766313508905,2,0.4496703238933251,0.4881817963268325
6. Wine dataset,GaussianCopula,Logistic Regression,F1,TSTR,0.3170898704779475,0.01636566763662653,2,0.30538257711297684,0.3287971638429182
6. Wine dataset,GaussianCopula,Logistic Regression,Precision,TRTR,0.487483866843865,0.04678191837031947,2,0.4540180984622742,0.5209496352254559
6. Wine dataset,GaussianCopula,Logistic Regression,Precision,TSTR,0.2814315237681658,0.03998056058317506,2,0.2528311536497063,0.31003189388662533
6. Wine dataset,GaussianCopula,Logistic Regression,Recall,TRTR,0.5119999999999999,0.02888675205772439,2,0.4913356624239339,0.5326643375760659
6. Wine dataset,GaussianCopula,Logistic Regression,Recall,TSTR,0.4465,0.01528434202414717,2,0.4355662403795385,0.4574337596204615
6. Wine dataset,GaussianCopula,MLP,Accuracy,TRTR,0.4745,0.02532565673164052,2,0.45638311655833086,0.4926168834416691
6. Wine dataset,GaussianCopula,MLP,Accuracy,TSTR,0.3445,0.03427422095718912,2,0.3199816993409044,0.3690183006590955
6. Wine dataset,GaussianCopula,MLP,F1,TRTR,0.4715816518615708,0.02583861054469161,2,0.45309782336728255,0.49006548035585906
6. Wine dataset,GaussianCopula,MLP,F1,TSTR,0.3409888639483044,0.03158140154753906,2,0.3183968902504815,0.3635808376461273
6. Wine dataset,GaussianCopula,MLP,Precision,TRTR,0.472599997358629,0.02756640214072062,2,0.45288018121401274,0.4923198135032453
6. Wine dataset,GaussianCopula,MLP,Precision,TSTR,0.3402002391629605,0.03207097550409921,2,0.31725804535432023,0.36314243297160076
6. Wine dataset,GaussianCopula,MLP,Recall,TRTR,0.4745,0.02532565673164052,2,0.45638311655833086,0.4926168834416691
6. Wine dataset,GaussianCopula,MLP,Recall,TSTR,0.3445,0.03427422095718912,2,0.3199816993409044,0.3690183006590955
6. Wine dataset,GaussianCopula,Naive Bayes,Accuracy,TRTR,0.4115,0.05126456432620446,2,0.3748275398767661,0.44817246012323386
6. Wine dataset,GaussianCopula,Naive Bayes,Accuracy,TSTR,0.4065,0.02656752403468064,2,0.38749473820678,0.42550526179321996
6. Wine dataset,GaussianCopula,Naive Bayes,F1,TRTR,0.4140512503685829,0.0504610547885627,2,0.3779535863421286,0.45014891439503724
6. Wine dataset,GaussianCopula,Naive Bayes,F1,TSTR,0.3435129544941885,0.03100326323773791,2,0.32133455602889827,0.36569135295947874
6. Wine dataset,GaussianCopula,Naive Bayes,Precision,TRTR,0.4372885137370445,0.05053409359669786,2,0.4011386008947856,0.47343842657930346
6. Wine dataset,GaussianCopula,Naive Bayes,Precision,TSTR,0.3325481391009368,0.04302447918430777,2,0.30177028078989065,0.3633259974119829
6. Wine dataset,GaussianCopula,Naive Bayes,Recall,TRTR,0.4115,0.05126456432620446,2,0.3748275398767661,0.44817246012323386
6. Wine dataset,GaussianCopula,Naive Bayes,Recall,TSTR,0.4065,0.02656752403468064,2,0.38749473820678,0.42550526179321996
6. Wine dataset,GaussianCopula,Random Forest,Accuracy,TRTR,0.535,0.02236067977499788,2,0.5190041333003615,0.5509958666996385
6. Wine dataset,GaussianCopula,Random Forest,Accuracy,TSTR,0.425,0.0209496751499609,2,0.41001350520326313,0.43998649479673685
6. Wine dataset,GaussianCopula,Random Forest,F1,TRTR,0.5096032595467455,0.02043462656654578,2,0.4949852083110741,0.5242213107824167
6. Wine dataset,GaussianCopula,Random Forest,F1,TSTR,0.3504758292611798,0.02481788924930481,2,0.33272218079463584,0.3682294777277238
6. Wine dataset,GaussianCopula,Random Forest,Precision,TRTR,0.5084864004161412,0.01714437887528287,2,0.496222050588827,0.5207507502434554
6. Wine dataset,GaussianCopula,Random Forest,Precision,TSTR,0.3421337848316235,0.04923638961517802,2,0.3069121934944733,0.3773553761687737
6. Wine dataset,GaussianCopula,Random Forest,Recall,TRTR,0.535,0.02236067977499788,2,0.5190041333003615,0.5509958666996385
6. Wine dataset,GaussianCopula,Random Forest,Recall,TSTR,0.425,0.0209496751499609,2,0.41001350520326313,0.43998649479673685
6. Wine dataset,GaussianCopula,SVM-RBF,Accuracy,TRTR,0.5254999999999999,0.03312015163679728,2,0.5018072707992359,0.5491927292007638
6. Wine dataset,GaussianCopula,SVM-RBF,Accuracy,TSTR,0.444,0.01100504934614613,2,0.4361274619494919,0.4518725380505081
6. Wine dataset,GaussianCopula,SVM-RBF,F1,TRTR,0.4764639254304625,0.03395646864249448,2,0.4521729310840776,0.5007549197768475
6. Wine dataset,GaussianCopula,SVM-RBF,F1,TSTR,0.2969046156160378,0.01042854451523149,2,0.2894444842776601,0.3043647469544155
6. Wine dataset,GaussianCopula,SVM-RBF,Precision,TRTR,0.5045453885552329,0.04261598254261716,2,0.47405975113789317,0.5350310259725726
6. Wine dataset,GaussianCopula,SVM-RBF,Precision,TSTR,0.2603180559973985,0.0547283804603587,2,0.22116773108152357,0.29946838091327344
6. Wine dataset,GaussianCopula,SVM-RBF,Recall,TRTR,0.5254999999999999,0.03312015163679728,2,0.5018072707992359,0.5491927292007638
6. Wine dataset,GaussianCopula,SVM-RBF,Recall,TSTR,0.444,0.01100504934614613,2,0.4361274619494919,0.4518725380505081
6. Wine dataset,TVAE,AdaBoost,Accuracy,TRTR,0.4595,0.03789239149662281,2,0.43239341605847703,0.486606583941523
6. Wine dataset,TVAE,AdaBoost,Accuracy,TSTR,0.4855,0.0334539484465835,2,0.4615684869461586,0.5094315130538414
6. Wine dataset,TVAE,AdaBoost,F1,TRTR,0.424146743332422,0.03163318663811363,2,0.40151772481242937,0.4467757618524147
6. Wine dataset,TVAE,AdaBoost,F1,TSTR,0.4387651568389225,0.04142869966151842,2,0.40912885042993846,0.4684014632479065
6. Wine dataset,TVAE,AdaBoost,Precision,TRTR,0.4243662568348373,0.03566842911425866,2,0.39885059974219683,0.4498819139274778
6. Wine dataset,TVAE,AdaBoost,Precision,TSTR,0.4296345679921447,0.06203363104856749,2,0.3852583816180193,0.47401075436627016
6. Wine dataset,TVAE,AdaBoost,Recall,TRTR,0.4595,0.03789239149662281,2,0.43239341605847703,0.486606583941523
6. Wine dataset,TVAE,AdaBoost,Recall,TSTR,0.4855,0.0334539484465835,2,0.4615684869461586,0.5094315130538414
6. Wine dataset,TVAE,Decision Tree,Accuracy,TRTR,0.446,0.05026595932305149,2,0.41004189886212616,0.48195810113787385
6. Wine dataset,TVAE,Decision Tree,Accuracy,TSTR,0.4585,0.03464502529624964,2,0.4337164418961871,0.48328355810381296
6. Wine dataset,TVAE,Decision Tree,F1,TRTR,0.4469044166072488,0.04840262260912238,2,0.41227926625586575,0.4815295669586318
6. Wine dataset,TVAE,Decision Tree,F1,TSTR,0.4248512177378179,0.03153786087348476,2,0.40229039116187115,0.4474120443137647
6. Wine dataset,TVAE,Decision Tree,Precision,TRTR,0.4513758064714676,0.04760534329861919,2,0.4173209953808546,0.48543061756208056
6. Wine dataset,TVAE,Decision Tree,Precision,TSTR,0.4179618846037099,0.03516518592660506,2,0.392806226000749,0.44311754320667085
6. Wine dataset,TVAE,Decision Tree,Recall,TRTR,0.446,0.05026595932305149,2,0.41004189886212616,0.48195810113787385
6. Wine dataset,TVAE,Decision Tree,Recall,TSTR,0.4585,0.03464502529624964,2,0.4337164418961871,0.48328355810381296
6. Wine dataset,TVAE,Extra Trees,Accuracy,TRTR,0.5325,0.02395017977199988,2,0.5153670735004376,0.5496329264995623
6. Wine dataset,TVAE,Extra Trees,Accuracy,TSTR,0.5065,0.02249073883475895,2,0.49041109465377497,0.5225889053462249
6. Wine dataset,TVAE,Extra Trees,F1,TRTR,0.5076095129783865,0.02294901087352562,2,0.4911927795644085,0.5240262463923646
6. Wine dataset,TVAE,Extra Trees,F1,TSTR,0.4404703541933913,0.02702616733581081,2,0.4211369987473226,0.45980370963946005
6. Wine dataset,TVAE,Extra Trees,Precision,TRTR,0.5092605944759075,0.02638681476081419,2,0.490384604309724,0.528136584642091
6. Wine dataset,TVAE,Extra Trees,Precision,TSTR,0.4888572959014913,0.03927961662964703,2,0.46075835088089884,0.5169562409220837
6. Wine dataset,TVAE,Extra Trees,Recall,TRTR,0.5325,0.02395017977199988,2,0.5153670735004376,0.5496329264995623
6. Wine dataset,TVAE,Extra Trees,Recall,TSTR,0.5065,0.02249073883475895,2,0.49041109465377497,0.5225889053462249
6. Wine dataset,TVAE,Gradient Boosting,Accuracy,TRTR,0.5285,0.02934942740308384,2,0.5075046844204005,0.5494953155795994
6. Wine dataset,TVAE,Gradient Boosting,Accuracy,TSTR,0.4949999999999999,0.02808716591058787,2,0.4749076518962206,0.5150923481037792
6. Wine dataset,TVAE,Gradient Boosting,F1,TRTR,0.5114407431836887,0.0297095730982321,2,0.49018779489390296,0.5326936914734745
6. Wine dataset,TVAE,Gradient Boosting,F1,TSTR,0.4454899570460046,0.02937967742821912,2,0.4244730019020183,0.46650691218999085
6. Wine dataset,TVAE,Gradient Boosting,Precision,TRTR,0.5115083500684671,0.03963566060318449,2,0.4831547065325691,0.539861993604365
6. Wine dataset,TVAE,Gradient Boosting,Precision,TSTR,0.462092088539108,0.03747254264251245,2,0.43528584637484413,0.48889833070337185
6. Wine dataset,TVAE,Gradient Boosting,Recall,TRTR,0.5285,0.02934942740308384,2,0.5075046844204005,0.5494953155795994
6. Wine dataset,TVAE,Gradient Boosting,Recall,TSTR,0.4949999999999999,0.02808716591058787,2,0.4749076518962206,0.5150923481037792
6. Wine dataset,TVAE,KNN,Accuracy,TRTR,0.4905,0.02660931332363833,2,0.4714648439503278,0.5095351560496723
6. Wine dataset,TVAE,KNN,Accuracy,TSTR,0.4865,0.03018921809005476,2,0.4649039343528912,0.5080960656471087
6. Wine dataset,TVAE,KNN,F1,TRTR,0.4727264463318853,0.02540733019568748,2,0.4545511372136742,0.49090175545009646
6. Wine dataset,TVAE,KNN,F1,TSTR,0.4236466497009961,0.03458618340003264,2,0.3989051845540034,0.44838811484798874
6. Wine dataset,TVAE,KNN,Precision,TRTR,0.4749014687612531,0.03498540312071637,2,0.44987441903006264,0.4999285184924436
6. Wine dataset,TVAE,KNN,Precision,TSTR,0.4716695194125005,0.04153007959385238,2,0.4419606901687928,0.5013783486562082
6. Wine dataset,TVAE,KNN,Recall,TRTR,0.4905,0.02660931332363833,2,0.4714648439503278,0.5095351560496723
6. Wine dataset,TVAE,KNN,Recall,TSTR,0.4865,0.03018921809005476,2,0.4649039343528912,0.5080960656471087
6. Wine dataset,TVAE,Logistic Regression,Accuracy,TRTR,0.5119999999999999,0.02888675205772439,2,0.4913356624239339,0.5326643375760659
6. Wine dataset,TVAE,Logistic Regression,Accuracy,TSTR,0.4989999999999999,0.01926424436906654,2,0.48521918975194117,0.5127808102480587
6. Wine dataset,TVAE,Logistic Regression,F1,TRTR,0.4689260601100788,0.02691766313508905,2,0.4496703238933251,0.4881817963268325
6. Wine dataset,TVAE,Logistic Regression,F1,TSTR,0.406833725306517,0.02037530871496928,2,0.39225810750561935,0.4214093431074147
6. Wine dataset,TVAE,Logistic Regression,Precision,TRTR,0.487483866843865,0.04678191837031947,2,0.4540180984622742,0.5209496352254559
6. Wine dataset,TVAE,Logistic Regression,Precision,TSTR,0.4222184821640678,0.06501289885173335,2,0.3757110559921589,0.4687259083359767
6. Wine dataset,TVAE,Logistic Regression,Recall,TRTR,0.5119999999999999,0.02888675205772439,2,0.4913356624239339,0.5326643375760659
6. Wine dataset,TVAE,Logistic Regression,Recall,TSTR,0.4989999999999999,0.01926424436906654,2,0.48521918975194117,0.5127808102480587
6. Wine dataset,TVAE,MLP,Accuracy,TRTR,0.4745,0.02532565673164052,2,0.45638311655833086,0.4926168834416691
6. Wine dataset,TVAE,MLP,Accuracy,TSTR,0.504,0.02118699810942762,2,0.48884373458525904,0.5191562654147409
6. Wine dataset,TVAE,MLP,F1,TRTR,0.4715816518615708,0.02583861054469161,2,0.45309782336728255,0.49006548035585906
6. Wine dataset,TVAE,MLP,F1,TSTR,0.461695535054395,0.02493723704566233,2,0.44385651031751217,0.4795345597912778
6. Wine dataset,TVAE,MLP,Precision,TRTR,0.472599997358629,0.02756640214072062,2,0.45288018121401274,0.4923198135032453
6. Wine dataset,TVAE,MLP,Precision,TSTR,0.4730501824260688,0.02535253046526918,2,0.4549140746734587,0.4911862901786789
6. Wine dataset,TVAE,MLP,Recall,TRTR,0.4745,0.02532565673164052,2,0.45638311655833086,0.4926168834416691
6. Wine dataset,TVAE,MLP,Recall,TSTR,0.504,0.02118699810942762,2,0.48884373458525904,0.5191562654147409
6. Wine dataset,TVAE,Naive Bayes,Accuracy,TRTR,0.4115,0.05126456432620446,2,0.3748275398767661,0.44817246012323386
6. Wine dataset,TVAE,Naive Bayes,Accuracy,TSTR,0.4705,0.04474930167052889,2,0.43848827801183154,0.5025117219881684
6. Wine dataset,TVAE,Naive Bayes,F1,TRTR,0.4140512503685829,0.0504610547885627,2,0.3779535863421286,0.45014891439503724
6. Wine dataset,TVAE,Naive Bayes,F1,TSTR,0.4488113851673641,0.04251997261367935,2,0.4183944291157335,0.47922834121899466
6. Wine dataset,TVAE,Naive Bayes,Precision,TRTR,0.4372885137370445,0.05053409359669786,2,0.4011386008947856,0.47343842657930346
6. Wine dataset,TVAE,Naive Bayes,Precision,TSTR,0.432994705542419,0.04271528985494668,2,0.4024380279533892,0.4635513831314488
6. Wine dataset,TVAE,Naive Bayes,Recall,TRTR,0.4115,0.05126456432620446,2,0.3748275398767661,0.44817246012323386
6. Wine dataset,TVAE,Naive Bayes,Recall,TSTR,0.4705,0.04474930167052889,2,0.43848827801183154,0.5025117219881684
6. Wine dataset,TVAE,Random Forest,Accuracy,TRTR,0.535,0.02236067977499788,2,0.5190041333003615,0.5509958666996385
6. Wine dataset,TVAE,Random Forest,Accuracy,TSTR,0.5055000000000001,0.01499073788117925,2,0.49477627213083747,0.5162237278691626
6. Wine dataset,TVAE,Random Forest,F1,TRTR,0.5096032595467455,0.02043462656654578,2,0.4949852083110741,0.5242213107824167
6. Wine dataset,TVAE,Random Forest,F1,TSTR,0.4509691596203961,0.01409862325288763,2,0.4408836121115151,0.46105470712927704
6. Wine dataset,TVAE,Random Forest,Precision,TRTR,0.5084864004161412,0.01714437887528287,2,0.496222050588827,0.5207507502434554
6. Wine dataset,TVAE,Random Forest,Precision,TSTR,0.4755330291806416,0.02705495744127126,2,0.45617907853380757,0.49488697982747565
6. Wine dataset,TVAE,Random Forest,Recall,TRTR,0.535,0.02236067977499788,2,0.5190041333003615,0.5509958666996385
6. Wine dataset,TVAE,Random Forest,Recall,TSTR,0.5055000000000001,0.01499073788117925,2,0.49477627213083747,0.5162237278691626
6. Wine dataset,TVAE,SVM-RBF,Accuracy,TRTR,0.5254999999999999,0.03312015163679728,2,0.5018072707992359,0.5491927292007638
6. Wine dataset,TVAE,SVM-RBF,Accuracy,TSTR,0.493,0.0207096327560121,2,0.4781852211875044,0.5078147788124956
6. Wine dataset,TVAE,SVM-RBF,F1,TRTR,0.4764639254304625,0.03395646864249448,2,0.4521729310840776,0.5007549197768475
6. Wine dataset,TVAE,SVM-RBF,F1,TSTR,0.3984998317017142,0.02793525649662519,2,0.37851615304629777,0.41848351035713066
6. Wine dataset,TVAE,SVM-RBF,Precision,TRTR,0.5045453885552329,0.04261598254261716,2,0.47405975113789317,0.5350310259725726
6. Wine dataset,TVAE,SVM-RBF,Precision,TSTR,0.4828646462027549,0.09594457294731518,2,0.4142300333527909,0.5514992590527188
6. Wine dataset,TVAE,SVM-RBF,Recall,TRTR,0.5254999999999999,0.03312015163679728,2,0.5018072707992359,0.5491927292007638
6. Wine dataset,TVAE,SVM-RBF,Recall,TSTR,0.493,0.0207096327560121,2,0.4781852211875044,0.5078147788124956
6. Wine dataset,TabDDPM,Decision Tree,Accuracy,TRTR,0.446,0.05026595932305149,2,0.41004189886212616,0.48195810113787385
6. Wine dataset,TabDDPM,Decision Tree,Accuracy,TSTR,0.3125000000000001,0.03529636430757895,2,0.28725050203629315,0.33774949796370707
6. Wine dataset,TabDDPM,Decision Tree,F1,TRTR,0.4469044166072488,0.04840262260912238,2,0.41227926625586575,0.4815295669586318
6. Wine dataset,TabDDPM,Decision Tree,F1,TSTR,0.3106182148359271,0.03565701503871525,2,0.28511072288105205,0.33612570679080217
6. Wine dataset,TabDDPM,Decision Tree,Precision,TRTR,0.4513758064714676,0.04760534329861919,2,0.4173209953808546,0.48543061756208056
6. Wine dataset,TabDDPM,Decision Tree,Precision,TSTR,0.3109582762287878,0.03760940451383384,2,0.2840541289797077,0.3378624234778679
6. Wine dataset,TabDDPM,Decision Tree,Recall,TRTR,0.446,0.05026595932305149,2,0.41004189886212616,0.48195810113787385
6. Wine dataset,TabDDPM,Decision Tree,Recall,TSTR,0.3125000000000001,0.03529636430757895,2,0.28725050203629315,0.33774949796370707
6. Wine dataset,TabDDPM,Extra Trees,Accuracy,TRTR,0.5445,0.03616705068920542,2,0.5186276505202465,0.5703723494797535
6. Wine dataset,TabDDPM,Extra Trees,Accuracy,TSTR,0.4425000000000001,0.03002313922441971,2,0.4210227400163621,0.46397725998363815
6. Wine dataset,TabDDPM,Extra Trees,F1,TRTR,0.5181499755979195,0.03479957323639234,2,0.4932558605578193,0.5430440906380198
6. Wine dataset,TabDDPM,Extra Trees,F1,TSTR,0.3757464868811154,0.02790099759433887,2,0.355787315568041,0.3957056581941898
6. Wine dataset,TabDDPM,Extra Trees,Precision,TRTR,0.5235451992296836,0.03336084781808982,2,0.49968028635338696,0.5474101121059801
6. Wine dataset,TabDDPM,Extra Trees,Precision,TSTR,0.3408183809947106,0.03477639410422089,2,0.315940847306884,0.36569591468253726
6. Wine dataset,TabDDPM,Extra Trees,Recall,TRTR,0.5445,0.03616705068920542,2,0.5186276505202465,0.5703723494797535
6. Wine dataset,TabDDPM,Extra Trees,Recall,TSTR,0.4425000000000001,0.03002313922441971,2,0.4210227400163621,0.46397725998363815
6. Wine dataset,TabDDPM,GaussianNB,Accuracy,TRTR,0.4115,0.05126456432620446,2,0.3748275398767661,0.44817246012323386
6. Wine dataset,TabDDPM,GaussianNB,Accuracy,TSTR,0.259,0.04427188724235732,2,0.2273297997200426,0.2906702002799574
6. Wine dataset,TabDDPM,GaussianNB,F1,TRTR,0.4140512503685829,0.0504610547885627,2,0.3779535863421286,0.45014891439503724
6. Wine dataset,TabDDPM,GaussianNB,F1,TSTR,0.2461474194614722,0.05013565057948681,2,0.210282535583218,0.28201230333972643
6. Wine dataset,TabDDPM,GaussianNB,Precision,TRTR,0.4372885137370445,0.05053409359669786,2,0.4011386008947856,0.47343842657930346
6. Wine dataset,TabDDPM,GaussianNB,Precision,TSTR,0.3157446307156334,0.05087482514026993,2,0.2793509732105921,0.3521382882206747
6. Wine dataset,TabDDPM,GaussianNB,Recall,TRTR,0.4115,0.05126456432620446,2,0.3748275398767661,0.44817246012323386
6. Wine dataset,TabDDPM,GaussianNB,Recall,TSTR,0.259,0.04427188724235732,2,0.2273297997200426,0.2906702002799574
6. Wine dataset,TabDDPM,Gradient Boosting,Accuracy,TRTR,0.5285,0.02934942740308384,2,0.5075046844204005,0.5494953155795994
6. Wine dataset,TabDDPM,Gradient Boosting,Accuracy,TSTR,0.4025,0.03259601202601325,2,0.37918221768951244,0.4258177823104876
6. Wine dataset,TabDDPM,Gradient Boosting,F1,TRTR,0.5114407431836887,0.0297095730982321,2,0.49018779489390296,0.5326936914734745
6. Wine dataset,TabDDPM,Gradient Boosting,F1,TSTR,0.3624521967094488,0.02633920860816299,2,0.34361026193333183,0.38129413148556573
6. Wine dataset,TabDDPM,Gradient Boosting,Precision,TRTR,0.5115083500684671,0.03963566060318449,2,0.4831547065325691,0.539861993604365
6. Wine dataset,TabDDPM,Gradient Boosting,Precision,TSTR,0.3505414786705796,0.0341799753040595,2,0.32609059729030976,0.37499236005084946
6. Wine dataset,TabDDPM,Gradient Boosting,Recall,TRTR,0.5285,0.02934942740308384,2,0.5075046844204005,0.5494953155795994
6. Wine dataset,TabDDPM,Gradient Boosting,Recall,TSTR,0.4025,0.03259601202601325,2,0.37918221768951244,0.4258177823104876
6. Wine dataset,TabDDPM,KNN,Accuracy,TRTR,0.4905,0.02660931332363833,2,0.4714648439503278,0.5095351560496723
6. Wine dataset,TabDDPM,KNN,Accuracy,TSTR,0.398,0.03326659986633241,2,0.37420250804686833,0.4217974919531317
6. Wine dataset,TabDDPM,KNN,F1,TRTR,0.4727264463318853,0.02540733019568748,2,0.4545511372136742,0.49090175545009646
6. Wine dataset,TabDDPM,KNN,F1,TSTR,0.3644564245160883,0.02961987341077687,2,0.34326764351718864,0.38564520551498793
6. Wine dataset,TabDDPM,KNN,Precision,TRTR,0.4749014687612531,0.03498540312071637,2,0.44987441903006264,0.4999285184924436
6. Wine dataset,TabDDPM,KNN,Precision,TSTR,0.3653369670487315,0.05268964630438894,2,0.32764506469080384,0.4030288694066591
6. Wine dataset,TabDDPM,KNN,Recall,TRTR,0.4905,0.02660931332363833,2,0.4714648439503278,0.5095351560496723
6. Wine dataset,TabDDPM,KNN,Recall,TSTR,0.398,0.03326659986633241,2,0.37420250804686833,0.4217974919531317
6. Wine dataset,TabDDPM,LogisticRegression,Accuracy,TRTR,0.516,0.0323006707876684,2,0.4928934920839856,0.5391065079160144
6. Wine dataset,TabDDPM,LogisticRegression,Accuracy,TSTR,0.4695,0.02153163047962487,2,0.4540971994392113,0.48490280056078866
6. Wine dataset,TabDDPM,LogisticRegression,F1,TRTR,0.4856303810997205,0.03437761755218231,2,0.46103811497234093,0.5102226472271001
6. Wine dataset,TabDDPM,LogisticRegression,F1,TSTR,0.350756371822399,0.03672417292236467,2,0.32448548110567543,0.37702726253912255
6. Wine dataset,TabDDPM,LogisticRegression,Precision,TRTR,0.4922643514563336,0.03879392900354631,2,0.46451284643322543,0.5200158564794418
6. Wine dataset,TabDDPM,LogisticRegression,Precision,TSTR,0.363893064676129,0.04008317502850868,2,0.3352192886055459,0.39256684074671205
6. Wine dataset,TabDDPM,LogisticRegression,Recall,TRTR,0.516,0.0323006707876684,2,0.4928934920839856,0.5391065079160144
6. Wine dataset,TabDDPM,LogisticRegression,Recall,TSTR,0.4695,0.02153163047962487,2,0.4540971994392113,0.48490280056078866
6. Wine dataset,TabDDPM,MLP,Accuracy,TRTR,0.4934999999999999,0.02173706511928418,2,0.4779502403510017,0.5090497596489981
6. Wine dataset,TabDDPM,MLP,Accuracy,TSTR,0.388,0.03409138046812159,2,0.36361249554745323,0.4123875044525468
6. Wine dataset,TabDDPM,MLP,F1,TRTR,0.4886996112849813,0.02096175140602375,2,0.4737044776550714,0.5036947449148912
6. Wine dataset,TabDDPM,MLP,F1,TSTR,0.3682913639637224,0.02801533116234942,2,0.3482504033431854,0.3883323245842594
6. Wine dataset,TabDDPM,MLP,Precision,TRTR,0.4870717277628683,0.02021725558543148,2,0.4726091743596985,0.501534281166038
6. Wine dataset,TabDDPM,MLP,Precision,TSTR,0.3551383914659169,0.02610207257808575,2,0.3364660935865744,0.3738106893452594
6. Wine dataset,TabDDPM,MLP,Recall,TRTR,0.4934999999999999,0.02173706511928418,2,0.4779502403510017,0.5090497596489981
6. Wine dataset,TabDDPM,MLP,Recall,TSTR,0.388,0.03409138046812159,2,0.36361249554745323,0.4123875044525468
6. Wine dataset,TabDDPM,Random Forest,Accuracy,TRTR,0.5269999999999999,0.02057506581601463,2,0.5122814845773492,0.5417185154226506
6. Wine dataset,TabDDPM,Random Forest,Accuracy,TSTR,0.437,0.0216281709300111,2,0.4215281385613203,0.4524718614386797
6. Wine dataset,TabDDPM,Random Forest,F1,TRTR,0.502235986809161,0.01826493340225706,2,0.48917004056243935,0.5153019330558828
6. Wine dataset,TabDDPM,Random Forest,F1,TSTR,0.3663925343872023,0.02247249813694112,2,0.3503166776501314,0.3824683911242732
6. Wine dataset,TabDDPM,Random Forest,Precision,TRTR,0.5017166937927628,0.01752852197902831,2,0.48917754454329654,0.5142558430422292
6. Wine dataset,TabDDPM,Random Forest,Precision,TSTR,0.3261509257042055,0.0204915208342129,2,0.31149217476124735,0.34080967664716366
6. Wine dataset,TabDDPM,Random Forest,Recall,TRTR,0.5269999999999999,0.02057506581601463,2,0.5122814845773492,0.5417185154226506
6. Wine dataset,TabDDPM,Random Forest,Recall,TSTR,0.437,0.0216281709300111,2,0.4215281385613203,0.4524718614386797
6. Wine dataset,TabDDPM,SVC-RBF,Accuracy,TRTR,0.5254999999999999,0.03312015163679728,2,0.5018072707992359,0.5491927292007638
6. Wine dataset,TabDDPM,SVC-RBF,Accuracy,TSTR,0.4600000000000001,0.003333333333333337,2,0.45761547698003896,0.4623845230199612
6. Wine dataset,TabDDPM,SVC-RBF,F1,TRTR,0.4764639254304625,0.03395646864249448,2,0.4521729310840776,0.5007549197768475
6. Wine dataset,TabDDPM,SVC-RBF,F1,TSTR,0.293839022853827,0.01092730804564972,2,0.2860220975795095,0.3016559481281445
6. Wine dataset,TabDDPM,SVC-RBF,Precision,TRTR,0.5045453885552329,0.04261598254261716,2,0.47405975113789317,0.5350310259725726
6. Wine dataset,TabDDPM,SVC-RBF,Precision,TSTR,0.2591519757931032,0.1057427559595797,2,0.18350816505917814,0.33479578652702824
6. Wine dataset,TabDDPM,SVC-RBF,Recall,TRTR,0.5254999999999999,0.03312015163679728,2,0.5018072707992359,0.5491927292007638
6. Wine dataset,TabDDPM,SVC-RBF,Recall,TSTR,0.4600000000000001,0.003333333333333337,2,0.45761547698003896,0.4623845230199612
6. Wine dataset,WGAN_GP,AdaBoost,Accuracy,TRTR,0.4595,0.03789239149662281,2,0.43239341605847703,0.486606583941523
6. Wine dataset,WGAN_GP,AdaBoost,Accuracy,TSTR,0.409,0.04306326095924975,2,0.3781943988784226,0.43980560112157735
6. Wine dataset,WGAN_GP,AdaBoost,F1,TRTR,0.424146743332422,0.03163318663811363,2,0.40151772481242937,0.4467757618524147
6. Wine dataset,WGAN_GP,AdaBoost,F1,TSTR,0.3971469482092719,0.04658859533926709,2,0.36381947479303095,0.4304744216255128
6. Wine dataset,WGAN_GP,AdaBoost,Precision,TRTR,0.4243662568348373,0.03566842911425866,2,0.39885059974219683,0.4498819139274778
6. Wine dataset,WGAN_GP,AdaBoost,Precision,TSTR,0.4161164098985861,0.05082979638603448,2,0.37975496402385517,0.45247785577331706
6. Wine dataset,WGAN_GP,AdaBoost,Recall,TRTR,0.4595,0.03789239149662281,2,0.43239341605847703,0.486606583941523
6. Wine dataset,WGAN_GP,AdaBoost,Recall,TSTR,0.409,0.04306326095924975,2,0.3781943988784226,0.43980560112157735
6. Wine dataset,WGAN_GP,Decision Tree,Accuracy,TRTR,0.446,0.05026595932305149,2,0.41004189886212616,0.48195810113787385
6. Wine dataset,WGAN_GP,Decision Tree,Accuracy,TSTR,0.3555,0.03554730807123251,2,0.33007098768194876,0.3809290123180512
6. Wine dataset,WGAN_GP,Decision Tree,F1,TRTR,0.4469044166072488,0.04840262260912238,2,0.41227926625586575,0.4815295669586318
6. Wine dataset,WGAN_GP,Decision Tree,F1,TSTR,0.3656817129730287,0.0367630013337913,2,0.33938304608404257,0.39198037986201484
6. Wine dataset,WGAN_GP,Decision Tree,Precision,TRTR,0.4513758064714676,0.04760534329861919,2,0.4173209953808546,0.48543061756208056
6. Wine dataset,WGAN_GP,Decision Tree,Precision,TSTR,0.3915284718226034,0.04679554024822586,2,0.35805295893657973,0.4250039847086271
6. Wine dataset,WGAN_GP,Decision Tree,Recall,TRTR,0.446,0.05026595932305149,2,0.41004189886212616,0.48195810113787385
6. Wine dataset,WGAN_GP,Decision Tree,Recall,TSTR,0.3555,0.03554730807123251,2,0.33007098768194876,0.3809290123180512
6. Wine dataset,WGAN_GP,Extra Trees,Accuracy,TRTR,0.5325,0.02395017977199988,2,0.5153670735004376,0.5496329264995623
6. Wine dataset,WGAN_GP,Extra Trees,Accuracy,TSTR,0.48,0.0298142396999972,2,0.45867217773381525,0.5013278222661847
6. Wine dataset,WGAN_GP,Extra Trees,F1,TRTR,0.5076095129783865,0.02294901087352562,2,0.4911927795644085,0.5240262463923646
6. Wine dataset,WGAN_GP,Extra Trees,F1,TSTR,0.4555849066459391,0.0308518818241944,2,0.4335147999202655,0.4776550133716127
6. Wine dataset,WGAN_GP,Extra Trees,Precision,TRTR,0.5092605944759075,0.02638681476081419,2,0.490384604309724,0.528136584642091
6. Wine dataset,WGAN_GP,Extra Trees,Precision,TSTR,0.4586412155811023,0.03342575487414458,2,0.43472987099400956,0.4825525601681951
6. Wine dataset,WGAN_GP,Extra Trees,Recall,TRTR,0.5325,0.02395017977199988,2,0.5153670735004376,0.5496329264995623
6. Wine dataset,WGAN_GP,Extra Trees,Recall,TSTR,0.48,0.0298142396999972,2,0.45867217773381525,0.5013278222661847
6. Wine dataset,WGAN_GP,Gradient Boosting,Accuracy,TRTR,0.5285,0.02934942740308384,2,0.5075046844204005,0.5494953155795994
6. Wine dataset,WGAN_GP,Gradient Boosting,Accuracy,TSTR,0.4305,0.03593589972282437,2,0.4047930059603731,0.4562069940396269
6. Wine dataset,WGAN_GP,Gradient Boosting,F1,TRTR,0.5114407431836887,0.0297095730982321,2,0.49018779489390296,0.5326936914734745
6. Wine dataset,WGAN_GP,Gradient Boosting,F1,TSTR,0.4241650326112381,0.0354916460061368,2,0.3987758385358547,0.44955422668662154
6. Wine dataset,WGAN_GP,Gradient Boosting,Precision,TRTR,0.5115083500684671,0.03963566060318449,2,0.4831547065325691,0.539861993604365
6. Wine dataset,WGAN_GP,Gradient Boosting,Precision,TSTR,0.4274769013390814,0.03428361913785128,2,0.40295187762654544,0.45200192505161735
6. Wine dataset,WGAN_GP,Gradient Boosting,Recall,TRTR,0.5285,0.02934942740308384,2,0.5075046844204005,0.5494953155795994
6. Wine dataset,WGAN_GP,Gradient Boosting,Recall,TSTR,0.4305,0.03593589972282437,2,0.4047930059603731,0.4562069940396269
6. Wine dataset,WGAN_GP,KNN,Accuracy,TRTR,0.4905,0.02660931332363833,2,0.4714648439503278,0.5095351560496723
6. Wine dataset,WGAN_GP,KNN,Accuracy,TSTR,0.413,0.02428991560298224,2,0.3956240411275327,0.43037595887246727
6. Wine dataset,WGAN_GP,KNN,F1,TRTR,0.4727264463318853,0.02540733019568748,2,0.4545511372136742,0.49090175545009646
6. Wine dataset,WGAN_GP,KNN,F1,TSTR,0.4112710071653599,0.02363067246565685,2,0.3943666424239038,0.42817537190681604
6. Wine dataset,WGAN_GP,KNN,Precision,TRTR,0.4749014687612531,0.03498540312071637,2,0.44987441903006264,0.4999285184924436
6. Wine dataset,WGAN_GP,KNN,Precision,TSTR,0.4128142480988166,0.02336550296429316,2,0.3960995741914185,0.42952892200621473
6. Wine dataset,WGAN_GP,KNN,Recall,TRTR,0.4905,0.02660931332363833,2,0.4714648439503278,0.5095351560496723
6. Wine dataset,WGAN_GP,KNN,Recall,TSTR,0.413,0.02428991560298224,2,0.3956240411275327,0.43037595887246727
6. Wine dataset,WGAN_GP,Logistic Regression,Accuracy,TRTR,0.5119999999999999,0.02888675205772439,2,0.4913356624239339,0.5326643375760659
6. Wine dataset,WGAN_GP,Logistic Regression,Accuracy,TSTR,0.4555000000000001,0.0491285162722335,2,0.4203555766036974,0.4906444233963029
6. Wine dataset,WGAN_GP,Logistic Regression,F1,TRTR,0.4689260601100788,0.02691766313508905,2,0.4496703238933251,0.4881817963268325
6. Wine dataset,WGAN_GP,Logistic Regression,F1,TSTR,0.442150102560849,0.04857487405979039,2,0.4074017309446641,0.47689847417703396
6. Wine dataset,WGAN_GP,Logistic Regression,Precision,TRTR,0.487483866843865,0.04678191837031947,2,0.4540180984622742,0.5209496352254559
6. Wine dataset,WGAN_GP,Logistic Regression,Precision,TSTR,0.4314409328822474,0.04747172146515408,2,0.3974817090929945,0.46540015667150025
6. Wine dataset,WGAN_GP,Logistic Regression,Recall,TRTR,0.5119999999999999,0.02888675205772439,2,0.4913356624239339,0.5326643375760659
6. Wine dataset,WGAN_GP,Logistic Regression,Recall,TSTR,0.4555000000000001,0.0491285162722335,2,0.4203555766036974,0.4906444233963029
6. Wine dataset,WGAN_GP,MLP,Accuracy,TRTR,0.4745,0.02532565673164052,2,0.45638311655833086,0.4926168834416691
6. Wine dataset,WGAN_GP,MLP,Accuracy,TSTR,0.3724999999999999,0.03199392303408744,2,0.349612926207906,0.39538707379209376
6. Wine dataset,WGAN_GP,MLP,F1,TRTR,0.4715816518615708,0.02583861054469161,2,0.45309782336728255,0.49006548035585906
6. Wine dataset,WGAN_GP,MLP,F1,TSTR,0.3818449522572839,0.03227224565696171,2,0.3587587784548241,0.40493112605974363
6. Wine dataset,WGAN_GP,MLP,Precision,TRTR,0.472599997358629,0.02756640214072062,2,0.45288018121401274,0.4923198135032453
6. Wine dataset,WGAN_GP,MLP,Precision,TSTR,0.4017966880292042,0.02904407172291523,2,0.3810198107441961,0.4225735653142123
6. Wine dataset,WGAN_GP,MLP,Recall,TRTR,0.4745,0.02532565673164052,2,0.45638311655833086,0.4926168834416691
6. Wine dataset,WGAN_GP,MLP,Recall,TSTR,0.3724999999999999,0.03199392303408744,2,0.349612926207906,0.39538707379209376
6. Wine dataset,WGAN_GP,Naive Bayes,Accuracy,TRTR,0.4115,0.05126456432620446,2,0.3748275398767661,0.44817246012323386
6. Wine dataset,WGAN_GP,Naive Bayes,Accuracy,TSTR,0.3789999999999999,0.03016620625799671,2,0.3574203960258733,0.4005796039741265
6. Wine dataset,WGAN_GP,Naive Bayes,F1,TRTR,0.4140512503685829,0.0504610547885627,2,0.3779535863421286,0.45014891439503724
6. Wine dataset,WGAN_GP,Naive Bayes,F1,TSTR,0.3879852401406336,0.03278829060339488,2,0.3645299100219425,0.41144057025932473
6. Wine dataset,WGAN_GP,Naive Bayes,Precision,TRTR,0.4372885137370445,0.05053409359669786,2,0.4011386008947856,0.47343842657930346
6. Wine dataset,WGAN_GP,Naive Bayes,Precision,TSTR,0.4143994867875474,0.03672618885325486,2,0.38812715396073955,0.44067181961435525
6. Wine dataset,WGAN_GP,Naive Bayes,Recall,TRTR,0.4115,0.05126456432620446,2,0.3748275398767661,0.44817246012323386
6. Wine dataset,WGAN_GP,Naive Bayes,Recall,TSTR,0.3789999999999999,0.03016620625799671,2,0.3574203960258733,0.4005796039741265
6. Wine dataset,WGAN_GP,Random Forest,Accuracy,TRTR,0.535,0.02236067977499788,2,0.5190041333003615,0.5509958666996385
6. Wine dataset,WGAN_GP,Random Forest,Accuracy,TSTR,0.4635,0.03000462927246024,2,0.44203598123832566,0.4849640187616744
6. Wine dataset,WGAN_GP,Random Forest,F1,TRTR,0.5096032595467455,0.02043462656654578,2,0.4949852083110741,0.5242213107824167
6. Wine dataset,WGAN_GP,Random Forest,F1,TSTR,0.4427600973479976,0.02652371718865284,2,0.42378617308461314,0.46173402161138205
6. Wine dataset,WGAN_GP,Random Forest,Precision,TRTR,0.5084864004161412,0.01714437887528287,2,0.496222050588827,0.5207507502434554
6. Wine dataset,WGAN_GP,Random Forest,Precision,TSTR,0.4427293296690332,0.02859429934628825,2,0.422274200159768,0.4631844591782984
6. Wine dataset,WGAN_GP,Random Forest,Recall,TRTR,0.535,0.02236067977499788,2,0.5190041333003615,0.5509958666996385
6. Wine dataset,WGAN_GP,Random Forest,Recall,TSTR,0.4635,0.03000462927246024,2,0.44203598123832566,0.4849640187616744
6. Wine dataset,WGAN_GP,SVM-RBF,Accuracy,TRTR,0.5254999999999999,0.03312015163679728,2,0.5018072707992359,0.5491927292007638
6. Wine dataset,WGAN_GP,SVM-RBF,Accuracy,TSTR,0.4765,0.02667187449147302,2,0.4574200903868705,0.4955799096131295
6. Wine dataset,WGAN_GP,SVM-RBF,F1,TRTR,0.4764639254304625,0.03395646864249448,2,0.4521729310840776,0.5007549197768475
6. Wine dataset,WGAN_GP,SVM-RBF,F1,TSTR,0.4535978757478338,0.0274477728689874,2,0.43396292187200425,0.4732328296236633
6. Wine dataset,WGAN_GP,SVM-RBF,Precision,TRTR,0.5045453885552329,0.04261598254261716,2,0.47405975113789317,0.5350310259725726
6. Wine dataset,WGAN_GP,SVM-RBF,Precision,TSTR,0.4427302877040827,0.02741062566539753,2,0.4231219073368793,0.46233866807128604
6. Wine dataset,WGAN_GP,SVM-RBF,Recall,TRTR,0.5254999999999999,0.03312015163679728,2,0.5018072707992359,0.5491927292007638
6. Wine dataset,WGAN_GP,SVM-RBF,Recall,TSTR,0.4765,0.02667187449147302,2,0.4574200903868705,0.4955799096131295
7. CDC diabetes dataset,CTABGAN,AdaBoost,Accuracy,TRTR,0.8631213392433116,0.0006492744915581773,2,0.8626568762518934,0.8635858022347298
7. CDC diabetes dataset,CTABGAN,AdaBoost,Accuracy,TSTR,0.8519451480132976,0.003585783899637594,2,0.84938003273731,0.8545102632892851
7. CDC diabetes dataset,CTABGAN,AdaBoost,F1,TRTR,0.2907324908296564,0.01155213366104772,2,0.28246859223632553,0.2989963894229873
7. CDC diabetes dataset,CTABGAN,AdaBoost,F1,TSTR,0.3444000719421254,0.01192889807263891,2,0.33586665232503216,0.35293349155921866
7. CDC diabetes dataset,CTABGAN,AdaBoost,Precision,TRTR,0.5229396461150038,0.006564777307101441,2,0.5182434873320932,0.5276358048979143
7. CDC diabetes dataset,CTABGAN,AdaBoost,Precision,TSTR,0.4509247118861115,0.01802837800761446,2,0.4380279871745962,0.4638214365976268
7. CDC diabetes dataset,CTABGAN,AdaBoost,Recall,TRTR,0.2015338730293992,0.01144868243932203,2,0.19334397898196276,0.20972376707683565
7. CDC diabetes dataset,CTABGAN,AdaBoost,Recall,TSTR,0.2795199545519103,0.01869016537177591,2,0.2661498156791463,0.2928900934246743
7. CDC diabetes dataset,CTABGAN,Decision Tree,Accuracy,TRTR,0.8577034193446256,0.001100478021426305,2,0.8569161847921098,0.8584906538971413
7. CDC diabetes dataset,CTABGAN,Decision Tree,Accuracy,TSTR,0.731575510527149,0.01638897487056955,2,0.7198515441714177,0.7432994768828802
7. CDC diabetes dataset,CTABGAN,Decision Tree,F1,TRTR,0.2518109924417331,0.00902185699517897,2,0.2453571447353926,0.2582648401480736
7. CDC diabetes dataset,CTABGAN,Decision Tree,F1,TSTR,0.2801066873160095,0.01214631167113155,2,0.2714177393797788,0.2887956352522402
7. CDC diabetes dataset,CTABGAN,Decision Tree,Precision,TRTR,0.4710247118621849,0.01001864628250197,2,0.4638578040553427,0.4781916196690271
7. CDC diabetes dataset,CTABGAN,Decision Tree,Precision,TSTR,0.2243170971897475,0.01268732931332033,2,0.2152411285469155,0.2333930658325795
7. CDC diabetes dataset,CTABGAN,Decision Tree,Recall,TRTR,0.171964209629314,0.008237907025316163,2,0.16607116594786422,0.17785725331076377
7. CDC diabetes dataset,CTABGAN,Decision Tree,Recall,TSTR,0.3746058798466126,0.02433496152375183,2,0.3571976970636362,0.392014062629589
7. CDC diabetes dataset,CTABGAN,Extra Trees,Accuracy,TRTR,0.8513356814943801,0.0009037427725112313,2,0.8506891828608272,0.851982180127933
7. CDC diabetes dataset,CTABGAN,Extra Trees,Accuracy,TSTR,0.8454844071552952,0.001631010637238348,2,0.8443176524322062,0.8466511618783841
7. CDC diabetes dataset,CTABGAN,Extra Trees,F1,TRTR,0.2488266547845204,0.00511286061119995,2,0.24516913463694276,0.25248417493209807
7. CDC diabetes dataset,CTABGAN,Extra Trees,F1,TSTR,0.2911834269407884,0.007630431112899756,2,0.2857249453485073,0.29664190853306954
7. CDC diabetes dataset,CTABGAN,Extra Trees,Precision,TRTR,0.4203678342656352,0.006991258369007768,2,0.4153665893098167,0.42536907922145367
7. CDC diabetes dataset,CTABGAN,Extra Trees,Precision,TSTR,0.4036549895327542,0.008312888317723609,2,0.3977083074659608,0.4096016715995476
7. CDC diabetes dataset,CTABGAN,Extra Trees,Recall,TRTR,0.1767504615821616,0.00462847729159016,2,0.17343944838741238,0.1800614747769108
7. CDC diabetes dataset,CTABGAN,Extra Trees,Recall,TSTR,0.2278937650901861,0.009027312737663929,2,0.22143601458078171,0.2343515155995905
7. CDC diabetes dataset,CTABGAN,Gradient Boosting,Accuracy,TRTR,0.8653850720278614,0.0004897208981754782,2,0.8650347468013447,0.8657353972543781
7. CDC diabetes dataset,CTABGAN,Gradient Boosting,Accuracy,TSTR,0.8551092290644293,0.001775443216791339,2,0.8538391534981075,0.8563793046307512
7. CDC diabetes dataset,CTABGAN,Gradient Boosting,F1,TRTR,0.1722933021134507,0.004133046767167164,2,0.1693366985657849,0.1752499056611165
7. CDC diabetes dataset,CTABGAN,Gradient Boosting,F1,TSTR,0.270544901973886,0.01302610069514399,2,0.2612265908835152,0.27986321306425677
7. CDC diabetes dataset,CTABGAN,Gradient Boosting,Precision,TRTR,0.6012194836101217,0.01161315896115709,2,0.5929119301469176,0.6095270370733258
7. CDC diabetes dataset,CTABGAN,Gradient Boosting,Precision,TSTR,0.4538869392525803,0.01326896920176941,2,0.4443948904987479,0.46337898800641264
7. CDC diabetes dataset,CTABGAN,Gradient Boosting,Recall,TRTR,0.1005681011219997,0.002743294672201886,2,0.09860566633307906,0.10253053591092033
7. CDC diabetes dataset,CTABGAN,Gradient Boosting,Recall,TSTR,0.1931543814799034,0.01417964354295058,2,0.18301087554700074,0.20329788741280608
7. CDC diabetes dataset,CTABGAN,KNN,Accuracy,TRTR,0.8472356340034827,0.0009003569645068221,2,0.8465915574310681,0.8478797105758973
7. CDC diabetes dataset,CTABGAN,KNN,Accuracy,TSTR,0.8337719645401298,0.002520267560738362,2,0.8319690737356172,0.8355748553446424
7. CDC diabetes dataset,CTABGAN,KNN,F1,TRTR,0.27593851911582,0.00365737843248717,2,0.27332218819632753,0.2785548500353125
7. CDC diabetes dataset,CTABGAN,KNN,F1,TSTR,0.296911719594793,0.006750484748641392,2,0.2920827137110834,0.3017407254785026
7. CDC diabetes dataset,CTABGAN,KNN,Precision,TRTR,0.4063018806174388,0.004777451994244748,2,0.4028842973403281,0.40971946389454955
7. CDC diabetes dataset,CTABGAN,KNN,Precision,TSTR,0.361692044294028,0.009218416943276108,2,0.35509758607137554,0.3682865025166805
7. CDC diabetes dataset,CTABGAN,KNN,Recall,TRTR,0.2089475926714955,0.004061923022297965,2,0.20604186798590163,0.2118533173570894
7. CDC diabetes dataset,CTABGAN,KNN,Recall,TSTR,0.251967050134924,0.008115213173614397,2,0.24616177634761138,0.2577723239222366
7. CDC diabetes dataset,CTABGAN,Logistic Regression,Accuracy,TRTR,0.8635467785341143,0.0007481700690606898,2,0.863011569908358,0.8640819871598706
7. CDC diabetes dataset,CTABGAN,Logistic Regression,Accuracy,TSTR,0.8547827291435809,0.001335822200739526,2,0.8538271395071093,0.8557383187800525
7. CDC diabetes dataset,CTABGAN,Logistic Regression,F1,TRTR,0.2388691165223189,0.004564487931064464,2,0.23560387855853152,0.2421343544861063
7. CDC diabetes dataset,CTABGAN,Logistic Regression,F1,TSTR,0.3301548929728479,0.007302505538643909,2,0.3249309952047609,0.3353787907409349
7. CDC diabetes dataset,CTABGAN,Logistic Regression,Precision,TRTR,0.5359686608772588,0.00934558839892455,2,0.5292832296755636,0.542654092078954
7. CDC diabetes dataset,CTABGAN,Logistic Regression,Precision,TSTR,0.4621845679301691,0.007530990558640748,2,0.45679722182511245,0.46757191403522574
7. CDC diabetes dataset,CTABGAN,Logistic Regression,Recall,TRTR,0.1536855560289732,0.003128072545874311,2,0.1514478677308495,0.15592324432709692
7. CDC diabetes dataset,CTABGAN,Logistic Regression,Recall,TSTR,0.2569663400085215,0.009204520259764428,2,0.2503818228743894,0.2635508571426535
7. CDC diabetes dataset,CTABGAN,MLP,Accuracy,TRTR,0.8644649358872882,0.001292019377334109,2,0.8635406809030415,0.865389190871535
7. CDC diabetes dataset,CTABGAN,MLP,Accuracy,TSTR,0.8301883805603925,0.002240546640463739,2,0.8285855900479477,0.8317911710728372
7. CDC diabetes dataset,CTABGAN,MLP,F1,TRTR,0.2639376061713777,0.0296521977876718,2,0.24272570170623448,0.2851495106365209
7. CDC diabetes dataset,CTABGAN,MLP,F1,TSTR,0.3353498617800124,0.01180148669380134,2,0.3269075867726721,0.3437921367873527
7. CDC diabetes dataset,CTABGAN,MLP,Precision,TRTR,0.5445815044621426,0.01990884968502404,2,0.5303395713496769,0.5588234375746083
7. CDC diabetes dataset,CTABGAN,MLP,Precision,TSTR,0.3688460353831474,0.007621423457656728,2,0.36339399747925116,0.3742980732870437
7. CDC diabetes dataset,CTABGAN,MLP,Recall,TRTR,0.1754864365857122,0.02609605447626427,2,0.1568184437970686,0.19415442937435579
7. CDC diabetes dataset,CTABGAN,MLP,Recall,TSTR,0.3077687828433461,0.01686325192982109,2,0.29570553911792735,0.3198320265687648
7. CDC diabetes dataset,CTABGAN,Naive Bayes,Accuracy,TRTR,0.7729420611049548,0.001604092504916999,2,0.7717945624537182,0.7740895597561913
7. CDC diabetes dataset,CTABGAN,Naive Bayes,Accuracy,TSTR,0.7850977520975146,0.007344714265515927,2,0.7798436600251667,0.7903518441698626
7. CDC diabetes dataset,CTABGAN,Naive Bayes,F1,TRTR,0.4111314934218446,0.002269244542275589,2,0.40950817366715137,0.4127548131765378
7. CDC diabetes dataset,CTABGAN,Naive Bayes,F1,TSTR,0.4149424316930795,0.005852714516157016,2,0.41075565194516833,0.41912921144099063
7. CDC diabetes dataset,CTABGAN,Naive Bayes,Precision,TRTR,0.32188092350958,0.001866083751005921,2,0.32054600761114527,0.3232158394080147
7. CDC diabetes dataset,CTABGAN,Naive Bayes,Precision,TSTR,0.3346309128117338,0.005908269505921993,2,0.3304043914182322,0.3388574342052354
7. CDC diabetes dataset,CTABGAN,Naive Bayes,Recall,TRTR,0.5689106660985656,0.005812999479801975,2,0.5647522967761825,0.5730690354209486
7. CDC diabetes dataset,CTABGAN,Naive Bayes,Recall,TSTR,0.5473086209345264,0.02737016933343622,2,0.5277291812837825,0.5668880605852702
7. CDC diabetes dataset,CTABGAN,Random Forest,Accuracy,TRTR,0.8585760645876208,0.0008837008421368494,2,0.8579439030873705,0.8592082260878712
7. CDC diabetes dataset,CTABGAN,Random Forest,Accuracy,TSTR,0.8526772993509578,0.001649754584792398,2,0.8514971360155407,0.853857462686375
7. CDC diabetes dataset,CTABGAN,Random Forest,F1,TRTR,0.2542904020111528,0.004123268112439032,2,0.25134079369167805,0.2572400103306276
7. CDC diabetes dataset,CTABGAN,Random Forest,F1,TSTR,0.2742278302708908,0.01398351530809236,2,0.26422462602525326,0.28423103451652837
7. CDC diabetes dataset,CTABGAN,Random Forest,Precision,TRTR,0.4792228106524696,0.0086336230115462,2,0.47304668880746015,0.485398932497479
7. CDC diabetes dataset,CTABGAN,Random Forest,Precision,TSTR,0.4375743862114106,0.01082771848422909,2,0.4298287030176197,0.44532006940520147
7. CDC diabetes dataset,CTABGAN,Random Forest,Recall,TRTR,0.1730720068172134,0.003012275509749968,2,0.17091715472857422,0.1752268589058526
7. CDC diabetes dataset,CTABGAN,Random Forest,Recall,TSTR,0.2000710126402499,0.01467129396831326,2,0.18957580118023193,0.21056622410026787
7. CDC diabetes dataset,CTABGAN,SVM-RBF,Accuracy,TRTR,0.863590311856894,0.0003809564049741432,2,0.8633177920617153,0.8638628316520728
7. CDC diabetes dataset,CTABGAN,SVM-RBF,Accuracy,TSTR,0.8568723286370113,0.001481831693442191,2,0.8558122901015951,0.8579323671724276
7. CDC diabetes dataset,CTABGAN,SVM-RBF,F1,TRTR,0.121804936464582,0.00369981836688605,2,0.11915824584492757,0.12445162708423643
7. CDC diabetes dataset,CTABGAN,SVM-RBF,F1,TSTR,0.3062916948355779,0.00776377868861982,2,0.3007378221341086,0.3118455675370472
7. CDC diabetes dataset,CTABGAN,SVM-RBF,Precision,TRTR,0.5910960430943095,0.01145382697210849,2,0.5829024688698162,0.5992896173188028
7. CDC diabetes dataset,CTABGAN,SVM-RBF,Precision,TSTR,0.4720073305515706,0.01003936950398419,2,0.4648255982451268,0.47918906285801444
7. CDC diabetes dataset,CTABGAN,SVM-RBF,Recall,TRTR,0.06790228660701605,0.002191473549437678,2,0.06633460086913504,0.06946997234489707
7. CDC diabetes dataset,CTABGAN,SVM-RBF,Recall,TSTR,0.2268995881266866,0.009133937188994318,2,0.22036556307967578,0.2334336131736974
7. CDC diabetes dataset,CTGAN,AdaBoost,Accuracy,TRTR,0.8631213392433116,0.0006492744915581773,2,0.8626568762518934,0.8635858022347298
7. CDC diabetes dataset,CTGAN,AdaBoost,Accuracy,TSTR,0.8604915307899319,0.0004569927994031272,2,0.860164617834892,0.8608184437449719
7. CDC diabetes dataset,CTGAN,AdaBoost,F1,TRTR,0.2907324908296564,0.01155213366104772,2,0.28246859223632553,0.2989963894229873
7. CDC diabetes dataset,CTGAN,AdaBoost,F1,TSTR,0.09241211477721326,0.03101768836295391,2,0.07022339719898,0.1146008323554465
7. CDC diabetes dataset,CTGAN,AdaBoost,Precision,TRTR,0.5229396461150038,0.006564777307101441,2,0.5182434873320932,0.5276358048979143
7. CDC diabetes dataset,CTGAN,AdaBoost,Precision,TSTR,0.4962434274082413,0.01528515845922908,2,0.4853090837453057,0.5071777710711769
7. CDC diabetes dataset,CTGAN,AdaBoost,Recall,TRTR,0.2015338730293992,0.01144868243932203,2,0.19334397898196276,0.20972376707683565
7. CDC diabetes dataset,CTGAN,AdaBoost,Recall,TSTR,0.05162618946172418,0.01877230931161812,2,0.03819728835430894,0.06505509056913943
7. CDC diabetes dataset,CTGAN,Decision Tree,Accuracy,TRTR,0.8577034193446256,0.001100478021426305,2,0.8569161847921098,0.8584906538971413
7. CDC diabetes dataset,CTGAN,Decision Tree,Accuracy,TSTR,0.8023151812569257,0.01064427540217694,2,0.7947007253387366,0.8099296371751148
7. CDC diabetes dataset,CTGAN,Decision Tree,F1,TRTR,0.2518109924417331,0.00902185699517897,2,0.2453571447353926,0.2582648401480736
7. CDC diabetes dataset,CTGAN,Decision Tree,F1,TSTR,0.2459377930849541,0.02190110691396354,2,0.2302706850052613,0.2616049011646469
7. CDC diabetes dataset,CTGAN,Decision Tree,Precision,TRTR,0.4710247118621849,0.01001864628250197,2,0.4638578040553427,0.4781916196690271
7. CDC diabetes dataset,CTGAN,Decision Tree,Precision,TSTR,0.2637194244304539,0.01795064055783217,2,0.25087830974049424,0.2765605391204135
7. CDC diabetes dataset,CTGAN,Decision Tree,Recall,TRTR,0.171964209629314,0.008237907025316163,2,0.16607116594786422,0.17785725331076377
7. CDC diabetes dataset,CTGAN,Decision Tree,Recall,TSTR,0.2325948018747337,0.03316769562348725,2,0.20886806175475284,0.2563215419947145
7. CDC diabetes dataset,CTGAN,Extra Trees,Accuracy,TRTR,0.8513356814943801,0.0009037427725112313,2,0.8506891828608272,0.851982180127933
7. CDC diabetes dataset,CTGAN,Extra Trees,Accuracy,TSTR,0.8534787082475859,0.001218656747241858,2,0.8526069337274171,0.8543504827677546
7. CDC diabetes dataset,CTGAN,Extra Trees,F1,TRTR,0.2488266547845204,0.00511286061119995,2,0.24516913463694276,0.25248417493209807
7. CDC diabetes dataset,CTGAN,Extra Trees,F1,TSTR,0.1071397664239901,0.01418450600287225,2,0.09699278209680237,0.11728675075117784
7. CDC diabetes dataset,CTGAN,Extra Trees,Precision,TRTR,0.4203678342656352,0.006991258369007768,2,0.4153665893098167,0.42536907922145367
7. CDC diabetes dataset,CTGAN,Extra Trees,Precision,TSTR,0.3541021870466073,0.02707214570286325,2,0.3347359406581415,0.3734684334350731
7. CDC diabetes dataset,CTGAN,Extra Trees,Recall,TRTR,0.1767504615821616,0.00462847729159016,2,0.17343944838741238,0.1800614747769108
7. CDC diabetes dataset,CTGAN,Extra Trees,Recall,TSTR,0.06322965487856838,0.009249717375026318,2,0.05661280567590296,0.0698465040812338
7. CDC diabetes dataset,CTGAN,Gradient Boosting,Accuracy,TRTR,0.8653850720278614,0.0004897208981754782,2,0.8650347468013447,0.8657353972543781
7. CDC diabetes dataset,CTGAN,Gradient Boosting,Accuracy,TSTR,0.8590292069020105,0.001006946171972498,2,0.8583088810039314,0.8597495328000895
7. CDC diabetes dataset,CTGAN,Gradient Boosting,F1,TRTR,0.1722933021134507,0.004133046767167164,2,0.1693366985657849,0.1752499056611165
7. CDC diabetes dataset,CTGAN,Gradient Boosting,F1,TSTR,0.05476201565751014,0.01738633989963378,2,0.04232457734044649,0.06719945397457379
7. CDC diabetes dataset,CTGAN,Gradient Boosting,Precision,TRTR,0.6012194836101217,0.01161315896115709,2,0.5929119301469176,0.6095270370733258
7. CDC diabetes dataset,CTGAN,Gradient Boosting,Precision,TSTR,0.4148328472037122,0.04462394099275365,2,0.3829108028421297,0.44675489156529474
7. CDC diabetes dataset,CTGAN,Gradient Boosting,Recall,TRTR,0.1005681011219997,0.002743294672201886,2,0.09860566633307906,0.10253053591092033
7. CDC diabetes dataset,CTGAN,Gradient Boosting,Recall,TSTR,0.02949865075983525,0.009889702763768824,2,0.02242398358960125,0.03657331793006925
7. CDC diabetes dataset,CTGAN,KNN,Accuracy,TRTR,0.8472356340034827,0.0009003569645068221,2,0.8465915574310681,0.8478797105758973
7. CDC diabetes dataset,CTGAN,KNN,Accuracy,TSTR,0.8518303783441507,0.001322577740871313,2,0.8508842632235118,0.8527764934647895
7. CDC diabetes dataset,CTGAN,KNN,F1,TRTR,0.27593851911582,0.00365737843248717,2,0.27332218819632753,0.2785548500353125
7. CDC diabetes dataset,CTGAN,KNN,F1,TSTR,0.1622784803838829,0.01276744689143952,2,0.15314519907825228,0.17141176168951353
7. CDC diabetes dataset,CTGAN,KNN,Precision,TRTR,0.4063018806174388,0.004777451994244748,2,0.4028842973403281,0.40971946389454955
7. CDC diabetes dataset,CTGAN,KNN,Precision,TSTR,0.3827534869253837,0.01028800197594188,2,0.37539389366307196,0.3901130801876954
7. CDC diabetes dataset,CTGAN,KNN,Recall,TRTR,0.2089475926714955,0.004061923022297965,2,0.20604186798590163,0.2118533173570894
7. CDC diabetes dataset,CTGAN,KNN,Recall,TSTR,0.1032097713392984,0.01032789441967396,2,0.0958216407418662,0.11059790193673061
7. CDC diabetes dataset,CTGAN,Logistic Regression,Accuracy,TRTR,0.8635467785341143,0.0007481700690606898,2,0.863011569908358,0.8640819871598706
7. CDC diabetes dataset,CTGAN,Logistic Regression,Accuracy,TSTR,0.8609901852145005,0.000501769919784129,2,0.8606312406371658,0.8613491297918353
7. CDC diabetes dataset,CTGAN,Logistic Regression,F1,TRTR,0.2388691165223189,0.004564487931064464,2,0.23560387855853152,0.2421343544861063
7. CDC diabetes dataset,CTGAN,Logistic Regression,F1,TSTR,0.09847032972443145,0.01241570973139212,2,0.08958866602533347,0.10735199342352944
7. CDC diabetes dataset,CTGAN,Logistic Regression,Precision,TRTR,0.5359686608772588,0.00934558839892455,2,0.5292832296755636,0.542654092078954
7. CDC diabetes dataset,CTGAN,Logistic Regression,Precision,TSTR,0.5102252803012575,0.01706980457822144,2,0.4980142777123554,0.5224362828901595
7. CDC diabetes dataset,CTGAN,Logistic Regression,Recall,TRTR,0.1536855560289732,0.003128072545874311,2,0.1514478677308495,0.15592324432709692
7. CDC diabetes dataset,CTGAN,Logistic Regression,Recall,TSTR,0.05458031529612271,0.007519041551931992,2,0.04920151699553487,0.059959113596710543
7. CDC diabetes dataset,CTGAN,MLP,Accuracy,TRTR,0.8644649358872882,0.001292019377334109,2,0.8635406809030415,0.865389190871535
7. CDC diabetes dataset,CTGAN,MLP,Accuracy,TSTR,0.8517116511002059,0.002381073323293165,2,0.8500083338547235,0.8534149683456882
7. CDC diabetes dataset,CTGAN,MLP,F1,TRTR,0.2639376061713777,0.0296521977876718,2,0.24272570170623448,0.2851495106365209
7. CDC diabetes dataset,CTGAN,MLP,F1,TSTR,0.1685711359349811,0.01324159875837086,2,0.1590986668168539,0.17804360505310832
7. CDC diabetes dataset,CTGAN,MLP,Precision,TRTR,0.5445815044621426,0.01990884968502404,2,0.5303395713496769,0.5588234375746083
7. CDC diabetes dataset,CTGAN,MLP,Precision,TSTR,0.3867858838041706,0.01592975961880065,2,0.37539042025012737,0.39818134735821387
7. CDC diabetes dataset,CTGAN,MLP,Recall,TRTR,0.1754864365857122,0.02609605447626427,2,0.1568184437970686,0.19415442937435579
7. CDC diabetes dataset,CTGAN,MLP,Recall,TSTR,0.1081664536287459,0.01156912514484226,2,0.09989040006013963,0.11644250719735216
7. CDC diabetes dataset,CTGAN,Naive Bayes,Accuracy,TRTR,0.7729420611049548,0.001604092504916999,2,0.7717945624537182,0.7740895597561913
7. CDC diabetes dataset,CTGAN,Naive Bayes,Accuracy,TSTR,0.8148903751780908,0.005749281911694315,2,0.8107775866580864,0.8190031636980952
7. CDC diabetes dataset,CTGAN,Naive Bayes,F1,TRTR,0.4111314934218446,0.002269244542275589,2,0.40950817366715137,0.4127548131765378
7. CDC diabetes dataset,CTGAN,Naive Bayes,F1,TSTR,0.3983454914465528,0.009957330269113811,2,0.3912224464733355,0.4054685364197701
7. CDC diabetes dataset,CTGAN,Naive Bayes,Precision,TRTR,0.32188092350958,0.001866083751005921,2,0.32054600761114527,0.3232158394080147
7. CDC diabetes dataset,CTGAN,Naive Bayes,Precision,TSTR,0.3645972363045153,0.007150799211037344,2,0.35948186270556376,0.3697126099034668
7. CDC diabetes dataset,CTGAN,Naive Bayes,Recall,TRTR,0.5689106660985656,0.005812999479801975,2,0.5647522967761825,0.5730690354209486
7. CDC diabetes dataset,CTGAN,Naive Bayes,Recall,TSTR,0.4404772049424798,0.02846869734702603,2,0.4201119256907928,0.46084248419416685
7. CDC diabetes dataset,CTGAN,Random Forest,Accuracy,TRTR,0.8585760645876208,0.0008837008421368494,2,0.8579439030873705,0.8592082260878712
7. CDC diabetes dataset,CTGAN,Random Forest,Accuracy,TSTR,0.8592369795789139,0.0004422224609427623,2,0.8589206326874953,0.8595533264703324
7. CDC diabetes dataset,CTGAN,Random Forest,F1,TRTR,0.2542904020111528,0.004123268112439032,2,0.25134079369167805,0.2572400103306276
7. CDC diabetes dataset,CTGAN,Random Forest,F1,TSTR,0.05429227625286769,0.01252045342209625,2,0.045335683431265796,0.06324886907446958
7. CDC diabetes dataset,CTGAN,Random Forest,Precision,TRTR,0.4792228106524696,0.0086336230115462,2,0.47304668880746015,0.485398932497479
7. CDC diabetes dataset,CTGAN,Random Forest,Precision,TSTR,0.4227504161527008,0.02329814848360567,2,0.40608392473821175,0.4394169075671899
7. CDC diabetes dataset,CTGAN,Random Forest,Recall,TRTR,0.1730720068172134,0.003012275509749968,2,0.17091715472857422,0.1752268589058526
7. CDC diabetes dataset,CTGAN,Random Forest,Recall,TSTR,0.02910097997443545,0.007082904828883541,2,0.02403417509063545,0.034167784858235455
7. CDC diabetes dataset,CTGAN,SVM-RBF,Accuracy,TRTR,0.863590311856894,0.0003809564049741432,2,0.8633177920617153,0.8638628316520728
7. CDC diabetes dataset,CTGAN,SVM-RBF,Accuracy,TSTR,0.8612414912141839,0.0002474750348748959,2,0.8610644582389264,0.8614185241894414
7. CDC diabetes dataset,CTGAN,SVM-RBF,F1,TRTR,0.121804936464582,0.00369981836688605,2,0.11915824584492757,0.12445162708423643
7. CDC diabetes dataset,CTGAN,SVM-RBF,F1,TSTR,0.04716814273535962,0.01619218638009155,2,0.03558495038531079,0.058751335085408446
7. CDC diabetes dataset,CTGAN,SVM-RBF,Precision,TRTR,0.5910960430943095,0.01145382697210849,2,0.5829024688698162,0.5992896173188028
7. CDC diabetes dataset,CTGAN,SVM-RBF,Precision,TSTR,0.5483683683943041,0.020215663907136,2,0.5339069536091952,0.5628297831794131
7. CDC diabetes dataset,CTGAN,SVM-RBF,Recall,TRTR,0.06790228660701605,0.002191473549437678,2,0.06633460086913504,0.06946997234489707
7. CDC diabetes dataset,CTGAN,SVM-RBF,Recall,TSTR,0.0247976139752876,0.008934327145043419,2,0.0184063813517217,0.0311888465988535
7. CDC diabetes dataset,CopulaGAN,AdaBoost,Accuracy,TRTR,0.8631213392433116,0.0006492744915581773,2,0.8626568762518934,0.8635858022347298
7. CDC diabetes dataset,CopulaGAN,AdaBoost,Accuracy,TSTR,0.8429792623080576,0.004675400210178547,2,0.8396346824794471,0.8463238421366682
7. CDC diabetes dataset,CopulaGAN,AdaBoost,F1,TRTR,0.2907324908296564,0.01155213366104772,2,0.28246859223632553,0.2989963894229873
7. CDC diabetes dataset,CopulaGAN,AdaBoost,F1,TSTR,0.3524822325203134,0.01017023495488865,2,0.3452068847098098,0.359757580330817
7. CDC diabetes dataset,CopulaGAN,AdaBoost,Precision,TRTR,0.5229396461150038,0.006564777307101441,2,0.5182434873320932,0.5276358048979143
7. CDC diabetes dataset,CopulaGAN,AdaBoost,Precision,TSTR,0.4154827117382706,0.01503548092233846,2,0.40472697662561985,0.4262384468509214
7. CDC diabetes dataset,CopulaGAN,AdaBoost,Recall,TRTR,0.2015338730293992,0.01144868243932203,2,0.19334397898196276,0.20972376707683565
7. CDC diabetes dataset,CopulaGAN,AdaBoost,Recall,TSTR,0.3071296690810964,0.01947417273302633,2,0.2931986851281162,0.3210606530340766
7. CDC diabetes dataset,CopulaGAN,Decision Tree,Accuracy,TRTR,0.8577034193446256,0.001100478021426305,2,0.8569161847921098,0.8584906538971413
7. CDC diabetes dataset,CopulaGAN,Decision Tree,Accuracy,TSTR,0.7312094348583188,0.01885498909388976,2,0.71772138819767,0.7446974815189676
7. CDC diabetes dataset,CopulaGAN,Decision Tree,F1,TRTR,0.2518109924417331,0.00902185699517897,2,0.2453571447353926,0.2582648401480736
7. CDC diabetes dataset,CopulaGAN,Decision Tree,F1,TSTR,0.2863322421773836,0.01262900835750068,2,0.27729799383306103,0.2953664905217062
7. CDC diabetes dataset,CopulaGAN,Decision Tree,Precision,TRTR,0.4710247118621849,0.01001864628250197,2,0.4638578040553427,0.4781916196690271
7. CDC diabetes dataset,CopulaGAN,Decision Tree,Precision,TSTR,0.2281155466673444,0.0138186467240212,2,0.2182302823019027,0.2380008110327861
7. CDC diabetes dataset,CopulaGAN,Decision Tree,Recall,TRTR,0.171964209629314,0.008237907025316163,2,0.16607116594786422,0.17785725331076377
7. CDC diabetes dataset,CopulaGAN,Decision Tree,Recall,TSTR,0.3867916489135066,0.02833112093419404,2,0.3665247858988401,0.4070585119281731
7. CDC diabetes dataset,CopulaGAN,Extra Trees,Accuracy,TRTR,0.8513356814943801,0.0009037427725112313,2,0.8506891828608272,0.851982180127933
7. CDC diabetes dataset,CopulaGAN,Extra Trees,Accuracy,TSTR,0.8277425993351274,0.002875986243167014,2,0.8256852427145505,0.8297999559557043
7. CDC diabetes dataset,CopulaGAN,Extra Trees,F1,TRTR,0.2488266547845204,0.00511286061119995,2,0.24516913463694276,0.25248417493209807
7. CDC diabetes dataset,CopulaGAN,Extra Trees,F1,TSTR,0.3142767612836293,0.01485622312185916,2,0.3036492594765037,0.32490426309075493
7. CDC diabetes dataset,CopulaGAN,Extra Trees,Precision,TRTR,0.4203678342656352,0.006991258369007768,2,0.4153665893098167,0.42536907922145367
7. CDC diabetes dataset,CopulaGAN,Extra Trees,Precision,TSTR,0.3530080046243428,0.007103515526000056,2,0.34792645573602327,0.3580895535126623
7. CDC diabetes dataset,CopulaGAN,Extra Trees,Recall,TRTR,0.1767504615821616,0.00462847729159016,2,0.17343944838741238,0.1800614747769108
7. CDC diabetes dataset,CopulaGAN,Extra Trees,Recall,TSTR,0.2838943331913081,0.0216559866412597,2,0.2684025735914917,0.29938609279112444
7. CDC diabetes dataset,CopulaGAN,Gradient Boosting,Accuracy,TRTR,0.8653850720278614,0.0004897208981754782,2,0.8650347468013447,0.8657353972543781
7. CDC diabetes dataset,CopulaGAN,Gradient Boosting,Accuracy,TSTR,0.8372942061104954,0.007241919883901134,2,0.8321136487089325,0.8424747635120584
7. CDC diabetes dataset,CopulaGAN,Gradient Boosting,F1,TRTR,0.1722933021134507,0.004133046767167164,2,0.1693366985657849,0.1752499056611165
7. CDC diabetes dataset,CopulaGAN,Gradient Boosting,F1,TSTR,0.2962672113429082,0.02475414689625723,2,0.27855916140882075,0.3139752612769956
7. CDC diabetes dataset,CopulaGAN,Gradient Boosting,Precision,TRTR,0.6012194836101217,0.01161315896115709,2,0.5929119301469176,0.6095270370733258
7. CDC diabetes dataset,CopulaGAN,Gradient Boosting,Precision,TSTR,0.3761612336842882,0.02556154501352057,2,0.3578756059311345,0.39444686143744195
7. CDC diabetes dataset,CopulaGAN,Gradient Boosting,Recall,TRTR,0.1005681011219997,0.002743294672201886,2,0.09860566633307906,0.10253053591092033
7. CDC diabetes dataset,CopulaGAN,Gradient Boosting,Recall,TSTR,0.2472802158784264,0.03303438720737779,2,0.22364883885453585,0.270911592902317
7. CDC diabetes dataset,CopulaGAN,KNN,Accuracy,TRTR,0.8472356340034827,0.0009003569645068221,2,0.8465915574310681,0.8478797105758973
7. CDC diabetes dataset,CopulaGAN,KNN,Accuracy,TSTR,0.8164140414753838,0.003124254655047447,2,0.8141790843318294,0.8186489986189381
7. CDC diabetes dataset,CopulaGAN,KNN,F1,TRTR,0.27593851911582,0.00365737843248717,2,0.27332218819632753,0.2785548500353125
7. CDC diabetes dataset,CopulaGAN,KNN,F1,TSTR,0.2926609505913353,0.01498306270600534,2,0.281942713211738,0.30337918797093255
7. CDC diabetes dataset,CopulaGAN,KNN,Precision,TRTR,0.4063018806174388,0.004777451994244748,2,0.4028842973403281,0.40971946389454955
7. CDC diabetes dataset,CopulaGAN,KNN,Precision,TSTR,0.315969166998164,0.009021994481246541,2,0.3095152209402156,0.32242311305611243
7. CDC diabetes dataset,CopulaGAN,KNN,Recall,TRTR,0.2089475926714955,0.004061923022297965,2,0.20604186798590163,0.2118533173570894
7. CDC diabetes dataset,CopulaGAN,KNN,Recall,TSTR,0.2731004118733135,0.02125273909274164,2,0.25789711819215244,0.2883037055544746
7. CDC diabetes dataset,CopulaGAN,Logistic Regression,Accuracy,TRTR,0.8635467785341143,0.0007481700690606898,2,0.863011569908358,0.8640819871598706
7. CDC diabetes dataset,CopulaGAN,Logistic Regression,Accuracy,TSTR,0.8433473167642868,0.004437315035916815,2,0.8401730528092978,0.8465215807192757
7. CDC diabetes dataset,CopulaGAN,Logistic Regression,F1,TRTR,0.2388691165223189,0.004564487931064464,2,0.23560387855853152,0.2421343544861063
7. CDC diabetes dataset,CopulaGAN,Logistic Regression,F1,TSTR,0.3510937933613846,0.0175638874160175,2,0.33852934520233474,0.3636582415204344
7. CDC diabetes dataset,CopulaGAN,Logistic Regression,Precision,TRTR,0.5359686608772588,0.00934558839892455,2,0.5292832296755636,0.542654092078954
7. CDC diabetes dataset,CopulaGAN,Logistic Regression,Precision,TSTR,0.416523045271022,0.01439720722523843,2,0.4062239036555025,0.42682218688654155
7. CDC diabetes dataset,CopulaGAN,Logistic Regression,Recall,TRTR,0.1536855560289732,0.003128072545874311,2,0.1514478677308495,0.15592324432709692
7. CDC diabetes dataset,CopulaGAN,Logistic Regression,Recall,TSTR,0.3051839227382474,0.02950407621468782,2,0.2840779780632641,0.3262898674132307
7. CDC diabetes dataset,CopulaGAN,MLP,Accuracy,TRTR,0.8644649358872882,0.001292019377334109,2,0.8635406809030415,0.865389190871535
7. CDC diabetes dataset,CopulaGAN,MLP,Accuracy,TSTR,0.8175122684818744,0.005110743202540411,2,0.8138562630372042,0.8211682739265447
7. CDC diabetes dataset,CopulaGAN,MLP,F1,TRTR,0.2639376061713777,0.0296521977876718,2,0.24272570170623448,0.2851495106365209
7. CDC diabetes dataset,CopulaGAN,MLP,F1,TSTR,0.3455663821883136,0.01192122480373462,2,0.33703845169712254,0.35409431267950464
7. CDC diabetes dataset,CopulaGAN,MLP,Precision,TRTR,0.5445815044621426,0.01990884968502404,2,0.5303395713496769,0.5588234375746083
7. CDC diabetes dataset,CopulaGAN,MLP,Precision,TSTR,0.3457786259932536,0.01041884382089102,2,0.33832543411356525,0.35323181787294194
7. CDC diabetes dataset,CopulaGAN,MLP,Recall,TRTR,0.1754864365857122,0.02609605447626427,2,0.1568184437970686,0.19415442937435579
7. CDC diabetes dataset,CopulaGAN,MLP,Recall,TSTR,0.3462150262746769,0.02180076952692113,2,0.3306196952377337,0.36181035731162003
7. CDC diabetes dataset,CopulaGAN,Naive Bayes,Accuracy,TRTR,0.7729420611049548,0.001604092504916999,2,0.7717945624537182,0.7740895597561913
7. CDC diabetes dataset,CopulaGAN,Naive Bayes,Accuracy,TSTR,0.7750652999841696,0.003405297644027692,2,0.7726292967975685,0.7775013031707707
7. CDC diabetes dataset,CopulaGAN,Naive Bayes,F1,TRTR,0.4111314934218446,0.002269244542275589,2,0.40950817366715137,0.4127548131765378
7. CDC diabetes dataset,CopulaGAN,Naive Bayes,F1,TSTR,0.4283695172397984,0.003192111356330401,2,0.4260860183363636,0.43065301614323315
7. CDC diabetes dataset,CopulaGAN,Naive Bayes,Precision,TRTR,0.32188092350958,0.001866083751005921,2,0.32054600761114527,0.3232158394080147
7. CDC diabetes dataset,CopulaGAN,Naive Bayes,Precision,TSTR,0.3316507886116558,0.003314252770638134,2,0.32927991500398884,0.3340216622193228
7. CDC diabetes dataset,CopulaGAN,Naive Bayes,Recall,TRTR,0.5689106660985656,0.005812999479801975,2,0.5647522967761825,0.5730690354209486
7. CDC diabetes dataset,CopulaGAN,Naive Bayes,Recall,TSTR,0.6049424797613975,0.01107126917136316,2,0.597022570901607,0.6128623886211879
7. CDC diabetes dataset,CopulaGAN,Random Forest,Accuracy,TRTR,0.8585760645876208,0.0008837008421368494,2,0.8579439030873705,0.8592082260878712
7. CDC diabetes dataset,CopulaGAN,Random Forest,Accuracy,TSTR,0.8383983694791832,0.003151979757947421,2,0.8361435789918,0.8406531599665664
7. CDC diabetes dataset,CopulaGAN,Random Forest,F1,TRTR,0.2542904020111528,0.004123268112439032,2,0.25134079369167805,0.2572400103306276
7. CDC diabetes dataset,CopulaGAN,Random Forest,F1,TSTR,0.3058427072307716,0.019669133967305,2,0.29177225641245014,0.3199131580490931
7. CDC diabetes dataset,CopulaGAN,Random Forest,Precision,TRTR,0.4792228106524696,0.0086336230115462,2,0.47304668880746015,0.485398932497479
7. CDC diabetes dataset,CopulaGAN,Random Forest,Precision,TSTR,0.3810155404715869,0.01331747824192016,2,0.3714887904408799,0.39054229050229394
7. CDC diabetes dataset,CopulaGAN,Random Forest,Recall,TRTR,0.1730720068172134,0.003012275509749968,2,0.17091715472857422,0.1752268589058526
7. CDC diabetes dataset,CopulaGAN,Random Forest,Recall,TSTR,0.2561852009657719,0.02370510426504031,2,0.23922759092260168,0.27314281100894217
7. CDC diabetes dataset,CopulaGAN,SVM-RBF,Accuracy,TRTR,0.863590311856894,0.0003809564049741432,2,0.8633177920617153,0.8638628316520728
7. CDC diabetes dataset,CopulaGAN,SVM-RBF,Accuracy,TSTR,0.8479321671679594,0.00339840763981591,2,0.8455010927934535,0.8503632415424652
7. CDC diabetes dataset,CopulaGAN,SVM-RBF,F1,TRTR,0.121804936464582,0.00369981836688605,2,0.11915824584492757,0.12445162708423643
7. CDC diabetes dataset,CopulaGAN,SVM-RBF,F1,TSTR,0.324772079705793,0.01740263175495049,2,0.3123229868975172,0.33722117251406886
7. CDC diabetes dataset,CopulaGAN,SVM-RBF,Precision,TRTR,0.5910960430943095,0.01145382697210849,2,0.5829024688698162,0.5992896173188028
7. CDC diabetes dataset,CopulaGAN,SVM-RBF,Precision,TSTR,0.4270486871699116,0.01415536953886714,2,0.41692254581346605,0.4371748285263572
7. CDC diabetes dataset,CopulaGAN,SVM-RBF,Recall,TRTR,0.06790228660701605,0.002191473549437678,2,0.06633460086913504,0.06946997234489707
7. CDC diabetes dataset,CopulaGAN,SVM-RBF,Recall,TSTR,0.2632722624627183,0.02464096049651428,2,0.24564518120135093,0.28089934372408565
7. CDC diabetes dataset,ForestDiffusion,AdaBoost,Accuracy,TRTR,0.8631213392433116,0.0006492744915581773,2,0.8626568762518934,0.8635858022347298
7. CDC diabetes dataset,ForestDiffusion,AdaBoost,Accuracy,TSTR,0.852685214500554,0.004990014161301725,2,0.8491155734092872,0.8562548555918208
7. CDC diabetes dataset,ForestDiffusion,AdaBoost,F1,TRTR,0.2907324908296564,0.01155213366104772,2,0.28246859223632553,0.2989963894229873
7. CDC diabetes dataset,ForestDiffusion,AdaBoost,F1,TSTR,0.3054179008255341,0.04469072687172702,2,0.2734480807242055,0.3373877209268627
7. CDC diabetes dataset,ForestDiffusion,AdaBoost,Precision,TRTR,0.5229396461150038,0.006564777307101441,2,0.5182434873320932,0.5276358048979143
7. CDC diabetes dataset,ForestDiffusion,AdaBoost,Precision,TSTR,0.4471802147018231,0.03475350145014876,2,0.4223190574321834,0.47204137197146284
7. CDC diabetes dataset,ForestDiffusion,AdaBoost,Recall,TRTR,0.2015338730293992,0.01144868243932203,2,0.19334397898196276,0.20972376707683565
7. CDC diabetes dataset,ForestDiffusion,AdaBoost,Recall,TSTR,0.2357619656298821,0.05021098864555093,2,0.1998431881457851,0.2716807431139791
7. CDC diabetes dataset,ForestDiffusion,Decision Tree,Accuracy,TRTR,0.8577034193446256,0.001100478021426305,2,0.8569161847921098,0.8584906538971413
7. CDC diabetes dataset,ForestDiffusion,Decision Tree,Accuracy,TSTR,0.7933453379768878,0.008179284861907412,2,0.7874942300648764,0.7991964458888992
7. CDC diabetes dataset,ForestDiffusion,Decision Tree,F1,TRTR,0.2518109924417331,0.00902185699517897,2,0.2453571447353926,0.2582648401480736
7. CDC diabetes dataset,ForestDiffusion,Decision Tree,F1,TSTR,0.3083582846944011,0.01201275374419538,2,0.29976487834355364,0.3169516910452485
7. CDC diabetes dataset,ForestDiffusion,Decision Tree,Precision,TRTR,0.4710247118621849,0.01001864628250197,2,0.4638578040553427,0.4781916196690271
7. CDC diabetes dataset,ForestDiffusion,Decision Tree,Precision,TSTR,0.2895576392844975,0.008417614778537561,2,0.28353604042072117,0.29557923814827386
7. CDC diabetes dataset,ForestDiffusion,Decision Tree,Recall,TRTR,0.171964209629314,0.008237907025316163,2,0.16607116594786422,0.17785725331076377
7. CDC diabetes dataset,ForestDiffusion,Decision Tree,Recall,TSTR,0.3313733844624343,0.02846916497887783,2,0.31100777068707264,0.351738998237796
7. CDC diabetes dataset,ForestDiffusion,Extra Trees,Accuracy,TRTR,0.8513356814943801,0.0009037427725112313,2,0.8506891828608272,0.851982180127933
7. CDC diabetes dataset,ForestDiffusion,Extra Trees,Accuracy,TSTR,0.8530750356181732,0.001212077950855918,2,0.8522079672854322,0.8539421039509142
7. CDC diabetes dataset,ForestDiffusion,Extra Trees,F1,TRTR,0.2488266547845204,0.00511286061119995,2,0.24516913463694276,0.25248417493209807
7. CDC diabetes dataset,ForestDiffusion,Extra Trees,F1,TSTR,0.1982972877374191,0.01733491557879429,2,0.18589663616340374,0.21069793931143443
7. CDC diabetes dataset,ForestDiffusion,Extra Trees,Precision,TRTR,0.4203678342656352,0.006991258369007768,2,0.4153665893098167,0.42536907922145367
7. CDC diabetes dataset,ForestDiffusion,Extra Trees,Precision,TSTR,0.4129480942886304,0.01702310751314772,2,0.40077049676771814,0.4251256918095426
7. CDC diabetes dataset,ForestDiffusion,Extra Trees,Recall,TRTR,0.1767504615821616,0.00462847729159016,2,0.17343944838741238,0.1800614747769108
7. CDC diabetes dataset,ForestDiffusion,Extra Trees,Recall,TSTR,0.1306632580599347,0.01363324333261546,2,0.12091062329092875,0.14041589282894065
7. CDC diabetes dataset,ForestDiffusion,Gradient Boosting,Accuracy,TRTR,0.8653850720278614,0.0004897208981754782,2,0.8650347468013447,0.8657353972543781
7. CDC diabetes dataset,ForestDiffusion,Gradient Boosting,Accuracy,TSTR,0.8594328795314231,0.001759943124097367,2,0.8581738920634534,0.8606918669993928
7. CDC diabetes dataset,ForestDiffusion,Gradient Boosting,F1,TRTR,0.1722933021134507,0.004133046767167164,2,0.1693366985657849,0.1752499056611165
7. CDC diabetes dataset,ForestDiffusion,Gradient Boosting,F1,TSTR,0.2332054266594181,0.02311148836982272,2,0.2166724638463962,0.24973838947243998
7. CDC diabetes dataset,ForestDiffusion,Gradient Boosting,Precision,TRTR,0.6012194836101217,0.01161315896115709,2,0.5929119301469176,0.6095270370733258
7. CDC diabetes dataset,ForestDiffusion,Gradient Boosting,Precision,TSTR,0.4856082623037368,0.01937159125545948,2,0.47175066071916055,0.4994658638883131
7. CDC diabetes dataset,ForestDiffusion,Gradient Boosting,Recall,TRTR,0.1005681011219997,0.002743294672201886,2,0.09860566633307906,0.10253053591092033
7. CDC diabetes dataset,ForestDiffusion,Gradient Boosting,Recall,TSTR,0.1538985939497231,0.01868074662662275,2,0.14053519284135013,0.16726199505809608
7. CDC diabetes dataset,ForestDiffusion,KNN,Accuracy,TRTR,0.8472158461294919,0.0009310588989812209,2,0.8465498067162237,0.84788188554276
7. CDC diabetes dataset,ForestDiffusion,KNN,Accuracy,TSTR,0.8443703498496122,0.002155324629646412,2,0.8428285234911479,0.8459121762080766
7. CDC diabetes dataset,ForestDiffusion,KNN,F1,TRTR,0.2760073032098657,0.003654438442907095,2,0.27339307543222285,0.2786215309875086
7. CDC diabetes dataset,ForestDiffusion,KNN,F1,TSTR,0.231243963132944,0.0137006705544126,2,0.22144309383517385,0.24104483243071417
7. CDC diabetes dataset,ForestDiffusion,KNN,Precision,TRTR,0.4062323582339051,0.00489709142841155,2,0.40272919006133456,0.4097355264064756
7. CDC diabetes dataset,ForestDiffusion,KNN,Precision,TSTR,0.3707827247491188,0.01709342485110321,2,0.35855482523488935,0.3830106242633482
7. CDC diabetes dataset,ForestDiffusion,KNN,Recall,TRTR,0.2090470103678455,0.004094394489595194,2,0.20611805699387298,0.21197596374181804
7. CDC diabetes dataset,ForestDiffusion,KNN,Recall,TSTR,0.168115324527766,0.01152280256385812,2,0.15987240813736994,0.17635824091816207
7. CDC diabetes dataset,ForestDiffusion,Logistic Regression,Accuracy,TRTR,0.8635467785341143,0.0007481700690606898,2,0.863011569908358,0.8640819871598706
7. CDC diabetes dataset,ForestDiffusion,Logistic Regression,Accuracy,TSTR,0.856987098306158,0.001738656117874269,2,0.8557433386450978,0.8582308579672183
7. CDC diabetes dataset,ForestDiffusion,Logistic Regression,F1,TRTR,0.2388691165223189,0.004564487931064464,2,0.23560387855853152,0.2421343544861063
7. CDC diabetes dataset,ForestDiffusion,Logistic Regression,F1,TSTR,0.2715592523047302,0.01050519745940829,2,0.2640442867533713,0.2790742178560891
7. CDC diabetes dataset,ForestDiffusion,Logistic Regression,Precision,TRTR,0.5359686608772588,0.00934558839892455,2,0.5292832296755636,0.542654092078954
7. CDC diabetes dataset,ForestDiffusion,Logistic Regression,Precision,TSTR,0.4680979723508488,0.01428075603395597,2,0.45788213489922375,0.4783138098024739
7. CDC diabetes dataset,ForestDiffusion,Logistic Regression,Recall,TRTR,0.1536855560289732,0.003128072545874311,2,0.1514478677308495,0.15592324432709692
7. CDC diabetes dataset,ForestDiffusion,Logistic Regression,Recall,TSTR,0.1914642806419543,0.01030959740478241,2,0.18408923894048373,0.19883932234342488
7. CDC diabetes dataset,ForestDiffusion,MLP,Accuracy,TRTR,0.8644649358872882,0.001292019377334109,2,0.8635406809030415,0.865389190871535
7. CDC diabetes dataset,ForestDiffusion,MLP,Accuracy,TSTR,0.8458979737217034,0.002917769493011457,2,0.8438107271647955,0.8479852202786112
7. CDC diabetes dataset,ForestDiffusion,MLP,F1,TRTR,0.2639376061713777,0.0296521977876718,2,0.24272570170623448,0.2851495106365209
7. CDC diabetes dataset,ForestDiffusion,MLP,F1,TSTR,0.2957141512829655,0.01191860841862675,2,0.28718809244093013,0.3042402101250009
7. CDC diabetes dataset,ForestDiffusion,MLP,Precision,TRTR,0.5445815044621426,0.01990884968502404,2,0.5303395713496769,0.5588234375746083
7. CDC diabetes dataset,ForestDiffusion,MLP,Precision,TSTR,0.4073866373875522,0.01658665615007694,2,0.3955212583633407,0.41925201641176374
7. CDC diabetes dataset,ForestDiffusion,MLP,Recall,TRTR,0.1754864365857122,0.02609605447626427,2,0.1568184437970686,0.19415442937435579
7. CDC diabetes dataset,ForestDiffusion,MLP,Recall,TSTR,0.2322965487856838,0.01168656640890678,2,0.22393648279778097,0.2406566147735866
7. CDC diabetes dataset,ForestDiffusion,Naive Bayes,Accuracy,TRTR,0.7729420611049548,0.001604092504916999,2,0.7717945624537182,0.7740895597561913
7. CDC diabetes dataset,ForestDiffusion,Naive Bayes,Accuracy,TSTR,0.2876800696533165,0.01325794881831392,2,0.2781959044068957,0.2971642348997373
7. CDC diabetes dataset,ForestDiffusion,Naive Bayes,F1,TRTR,0.4111314934218446,0.002269244542275589,2,0.40950817366715137,0.4127548131765378
7. CDC diabetes dataset,ForestDiffusion,Naive Bayes,F1,TSTR,0.2721032847164263,0.003645391628123934,2,0.26949552864021575,0.27471104079263686
7. CDC diabetes dataset,ForestDiffusion,Naive Bayes,Precision,TRTR,0.32188092350958,0.001866083751005921,2,0.32054600761114527,0.3232158394080147
7. CDC diabetes dataset,ForestDiffusion,Naive Bayes,Precision,TSTR,0.1586495092299866,0.002465782440245203,2,0.15688559473269242,0.1604134237272808
7. CDC diabetes dataset,ForestDiffusion,Naive Bayes,Recall,TRTR,0.5689106660985656,0.005812999479801975,2,0.5647522967761825,0.5730690354209486
7. CDC diabetes dataset,ForestDiffusion,Naive Bayes,Recall,TSTR,0.9553756568669224,0.005611274864304836,2,0.9513615926413431,0.9593897210925016
7. CDC diabetes dataset,ForestDiffusion,Random Forest,Accuracy,TRTR,0.8585760645876208,0.0008837008421368494,2,0.8579439030873705,0.8592082260878712
7. CDC diabetes dataset,ForestDiffusion,Random Forest,Accuracy,TSTR,0.8582060313439925,0.0009257278421097861,2,0.8575438055390736,0.8588682571489115
7. CDC diabetes dataset,ForestDiffusion,Random Forest,F1,TRTR,0.2542904020111528,0.004123268112439032,2,0.25134079369167805,0.2572400103306276
7. CDC diabetes dataset,ForestDiffusion,Random Forest,F1,TSTR,0.2026390078200694,0.01406088839275979,2,0.1925804542039774,0.21269756143616142
7. CDC diabetes dataset,ForestDiffusion,Random Forest,Precision,TRTR,0.4792228106524696,0.0086336230115462,2,0.47304668880746015,0.485398932497479
7. CDC diabetes dataset,ForestDiffusion,Random Forest,Precision,TSTR,0.4680956246527622,0.01129415337352562,2,0.4600162740397192,0.47617497526580527
7. CDC diabetes dataset,ForestDiffusion,Random Forest,Recall,TRTR,0.1730720068172134,0.003012275509749968,2,0.17091715472857422,0.1752268589058526
7. CDC diabetes dataset,ForestDiffusion,Random Forest,Recall,TSTR,0.1295128532878853,0.01107295433695692,2,0.12159173893324964,0.13743396764252097
7. CDC diabetes dataset,ForestDiffusion,SVM-RBF,Accuracy,TRTR,0.863590311856894,0.0003809564049741432,2,0.8633177920617153,0.8638628316520728
7. CDC diabetes dataset,ForestDiffusion,SVM-RBF,Accuracy,TSTR,0.8604875732151337,0.001281887740118282,2,0.8595705659675383,0.861404580462729
7. CDC diabetes dataset,ForestDiffusion,SVM-RBF,F1,TRTR,0.121804936464582,0.00369981836688605,2,0.11915824584492757,0.12445162708423643
7. CDC diabetes dataset,ForestDiffusion,SVM-RBF,F1,TSTR,0.1989911005639252,0.01500809222967246,2,0.18825495814171905,0.20972724298613132
7. CDC diabetes dataset,ForestDiffusion,SVM-RBF,Precision,TRTR,0.5910960430943095,0.01145382697210849,2,0.5829024688698162,0.5992896173188028
7. CDC diabetes dataset,ForestDiffusion,SVM-RBF,Precision,TSTR,0.4982550661193003,0.0187804029255209,2,0.48482037518928534,0.5116897570493153
7. CDC diabetes dataset,ForestDiffusion,SVM-RBF,Recall,TRTR,0.06790228660701605,0.002191473549437678,2,0.06633460086913504,0.06946997234489707
7. CDC diabetes dataset,ForestDiffusion,SVM-RBF,Recall,TSTR,0.1246129811106377,0.01208270422522765,2,0.11596953520010661,0.1332564270211688
7. CDC diabetes dataset,GaussianCopula,AdaBoost,Accuracy,TRTR,0.8631213392433116,0.0006492744915581773,2,0.8626568762518934,0.8635858022347298
7. CDC diabetes dataset,GaussianCopula,AdaBoost,Accuracy,TSTR,0.8606735792306475,0.0,2,0.8606735792306475,0.8606735792306475
7. CDC diabetes dataset,GaussianCopula,AdaBoost,F1,TRTR,0.2907324908296564,0.01155213366104772,2,0.28246859223632553,0.2989963894229873
7. CDC diabetes dataset,GaussianCopula,AdaBoost,F1,TSTR,0.0,0.0,2,0.0,0.0
7. CDC diabetes dataset,GaussianCopula,AdaBoost,Precision,TRTR,0.5229396461150038,0.006564777307101441,2,0.5182434873320932,0.5276358048979143
7. CDC diabetes dataset,GaussianCopula,AdaBoost,Precision,TSTR,0.0,0.0,2,0.0,0.0
7. CDC diabetes dataset,GaussianCopula,AdaBoost,Recall,TRTR,0.2015338730293992,0.01144868243932203,2,0.19334397898196276,0.20972376707683565
7. CDC diabetes dataset,GaussianCopula,AdaBoost,Recall,TSTR,0.0,0.0,2,0.0,0.0
7. CDC diabetes dataset,GaussianCopula,Decision Tree,Accuracy,TRTR,0.8577034193446256,0.001100478021426305,2,0.8569161847921098,0.8584906538971413
7. CDC diabetes dataset,GaussianCopula,Decision Tree,Accuracy,TSTR,0.754713471584613,0.01295988161819737,2,0.7454425307682442,0.7639844124009818
7. CDC diabetes dataset,GaussianCopula,Decision Tree,F1,TRTR,0.2518109924417331,0.00902185699517897,2,0.2453571447353926,0.2582648401480736
7. CDC diabetes dataset,GaussianCopula,Decision Tree,F1,TSTR,0.2156761510292763,0.02762803884933522,2,0.1959122426394902,0.23544005941906238
7. CDC diabetes dataset,GaussianCopula,Decision Tree,Precision,TRTR,0.4710247118621849,0.01001864628250197,2,0.4638578040553427,0.4781916196690271
7. CDC diabetes dataset,GaussianCopula,Decision Tree,Precision,TSTR,0.1946478944702036,0.0177233577453771,2,0.18196936810974615,0.20732642083066102
7. CDC diabetes dataset,GaussianCopula,Decision Tree,Recall,TRTR,0.171964209629314,0.008237907025316163,2,0.16607116594786422,0.17785725331076377
7. CDC diabetes dataset,GaussianCopula,Decision Tree,Recall,TSTR,0.2443402925720778,0.04682382877925451,2,0.2108445432900225,0.2778360418541331
7. CDC diabetes dataset,GaussianCopula,Extra Trees,Accuracy,TRTR,0.8513356814943801,0.0009037427725112313,2,0.8506891828608272,0.851982180127933
7. CDC diabetes dataset,GaussianCopula,Extra Trees,Accuracy,TSTR,0.8554792623080576,0.001360889364709098,2,0.8545057407027269,0.8564527839133883
7. CDC diabetes dataset,GaussianCopula,Extra Trees,F1,TRTR,0.2488266547845204,0.00511286061119995,2,0.24516913463694276,0.25248417493209807
7. CDC diabetes dataset,GaussianCopula,Extra Trees,F1,TSTR,0.0181760645400995,0.003927142250608919,2,0.015366756210327816,0.02098537286987118
7. CDC diabetes dataset,GaussianCopula,Extra Trees,Precision,TRTR,0.4203678342656352,0.006991258369007768,2,0.4153665893098167,0.42536907922145367
7. CDC diabetes dataset,GaussianCopula,Extra Trees,Precision,TSTR,0.1726093915630013,0.03270176935559081,2,0.14921595501644155,0.19600282810956107
7. CDC diabetes dataset,GaussianCopula,Extra Trees,Recall,TRTR,0.1767504615821616,0.00462847729159016,2,0.17343944838741238,0.1800614747769108
7. CDC diabetes dataset,GaussianCopula,Extra Trees,Recall,TSTR,0.009615111489845191,0.002121888110859017,2,0.008097204176007641,0.011133018803682742
7. CDC diabetes dataset,GaussianCopula,Gradient Boosting,Accuracy,TRTR,0.8653850720278614,0.0004897208981754782,2,0.8650347468013447,0.8657353972543781
7. CDC diabetes dataset,GaussianCopula,Gradient Boosting,Accuracy,TSTR,0.856868371062213,0.00611276894078939,2,0.8524955595857083,0.8612411825387177
7. CDC diabetes dataset,GaussianCopula,Gradient Boosting,F1,TRTR,0.1722933021134507,0.004133046767167164,2,0.1693366985657849,0.1752499056611165
7. CDC diabetes dataset,GaussianCopula,Gradient Boosting,F1,TSTR,0.03215975427372231,0.01688322669212334,2,0.0200822214641452,0.044237287083299416
7. CDC diabetes dataset,GaussianCopula,Gradient Boosting,Precision,TRTR,0.6012194836101217,0.01161315896115709,2,0.5929119301469176,0.6095270370733258
7. CDC diabetes dataset,GaussianCopula,Gradient Boosting,Precision,TSTR,0.339231393850461,0.07781930750895272,2,0.2835628148047014,0.39489997289622064
7. CDC diabetes dataset,GaussianCopula,Gradient Boosting,Recall,TRTR,0.1005681011219997,0.002743294672201886,2,0.09860566633307906,0.10253053591092033
7. CDC diabetes dataset,GaussianCopula,Gradient Boosting,Recall,TSTR,0.01758272972589121,0.01065015371822589,2,0.009964068713720922,0.025201390738061498
7. CDC diabetes dataset,GaussianCopula,KNN,Accuracy,TRTR,0.8472356340034827,0.0009003569645068221,2,0.8465915574310681,0.8478797105758973
7. CDC diabetes dataset,GaussianCopula,KNN,Accuracy,TSTR,0.8477382460028495,0.004403796135796818,2,0.8445879600245425,0.8508885319811565
7. CDC diabetes dataset,GaussianCopula,KNN,F1,TRTR,0.27593851911582,0.00365737843248717,2,0.27332218819632753,0.2785548500353125
7. CDC diabetes dataset,GaussianCopula,KNN,F1,TSTR,0.03841544092935727,0.003619553228674169,2,0.03582616853063281,0.04100471332808173
7. CDC diabetes dataset,GaussianCopula,KNN,Precision,TRTR,0.4063018806174388,0.004777451994244748,2,0.4028842973403281,0.40971946389454955
7. CDC diabetes dataset,GaussianCopula,KNN,Precision,TSTR,0.1681627662286492,0.03530907285242404,2,0.14290417711962225,0.19342135533767615
7. CDC diabetes dataset,GaussianCopula,KNN,Recall,TRTR,0.2089475926714955,0.004061923022297965,2,0.20604186798590163,0.2118533173570894
7. CDC diabetes dataset,GaussianCopula,KNN,Recall,TSTR,0.02185769066893907,0.002439736378186531,2,0.020112408402012356,0.023602972935865784
7. CDC diabetes dataset,GaussianCopula,Logistic Regression,Accuracy,TRTR,0.8635467785341143,0.0007481700690606898,2,0.863011569908358,0.8640819871598706
7. CDC diabetes dataset,GaussianCopula,Logistic Regression,Accuracy,TSTR,0.8585661706506252,0.003773659633953558,2,0.8558666571706272,0.8612656841306233
7. CDC diabetes dataset,GaussianCopula,Logistic Regression,F1,TRTR,0.2388691165223189,0.004564487931064464,2,0.23560387855853152,0.2421343544861063
7. CDC diabetes dataset,GaussianCopula,Logistic Regression,F1,TSTR,0.04114211910424202,0.04503041302000146,2,0.008929302170876723,0.07335493603760732
7. CDC diabetes dataset,GaussianCopula,Logistic Regression,Precision,TRTR,0.5359686608772588,0.00934558839892455,2,0.5292832296755636,0.542654092078954
7. CDC diabetes dataset,GaussianCopula,Logistic Regression,Precision,TSTR,0.3990421337288239,0.1553006749579983,2,0.2879467233929694,0.5101375440646785
7. CDC diabetes dataset,GaussianCopula,Logistic Regression,Recall,TRTR,0.1536855560289732,0.003128072545874311,2,0.1514478677308495,0.15592324432709692
7. CDC diabetes dataset,GaussianCopula,Logistic Regression,Recall,TSTR,0.02361880414713819,0.02719263435978542,2,0.004166365365849866,0.04307124292842651
7. CDC diabetes dataset,GaussianCopula,MLP,Accuracy,TRTR,0.8644649358872882,0.001292019377334109,2,0.8635406809030415,0.865389190871535
7. CDC diabetes dataset,GaussianCopula,MLP,Accuracy,TSTR,0.849345021370904,0.003224698025874451,2,0.8470382113683677,0.8516518313734402
7. CDC diabetes dataset,GaussianCopula,MLP,F1,TRTR,0.2639376061713777,0.0296521977876718,2,0.24272570170623448,0.2851495106365209
7. CDC diabetes dataset,GaussianCopula,MLP,F1,TSTR,0.1168930223996313,0.02934421313999446,2,0.09590143687914247,0.13788460792012014
7. CDC diabetes dataset,GaussianCopula,MLP,Precision,TRTR,0.5445815044621426,0.01990884968502404,2,0.5303395713496769,0.5588234375746083
7. CDC diabetes dataset,GaussianCopula,MLP,Precision,TSTR,0.3192040466374936,0.03146021338939903,2,0.2966987657255201,0.34170932754946703
7. CDC diabetes dataset,GaussianCopula,MLP,Recall,TRTR,0.1754864365857122,0.02609605447626427,2,0.1568184437970686,0.19415442937435579
7. CDC diabetes dataset,GaussianCopula,MLP,Recall,TSTR,0.07253231075131372,0.02198283881624302,2,0.056806735190885735,0.08825788631174171
7. CDC diabetes dataset,GaussianCopula,Naive Bayes,Accuracy,TRTR,0.7729420611049548,0.001604092504916999,2,0.7717945624537182,0.7740895597561913
7. CDC diabetes dataset,GaussianCopula,Naive Bayes,Accuracy,TSTR,0.7992282729143582,0.01101323027968817,2,0.7913498825765434,0.807106663252173
7. CDC diabetes dataset,GaussianCopula,Naive Bayes,F1,TRTR,0.4111314934218446,0.002269244542275589,2,0.40950817366715137,0.4127548131765378
7. CDC diabetes dataset,GaussianCopula,Naive Bayes,F1,TSTR,0.2205869440230993,0.03695771176495945,2,0.19414898968250904,0.24702489836368957
7. CDC diabetes dataset,GaussianCopula,Naive Bayes,Precision,TRTR,0.32188092350958,0.001866083751005921,2,0.32054600761114527,0.3232158394080147
7. CDC diabetes dataset,GaussianCopula,Naive Bayes,Precision,TSTR,0.2403250498953172,0.02200987192038266,2,0.2245801360171526,0.2560699637734818
7. CDC diabetes dataset,GaussianCopula,Naive Bayes,Recall,TRTR,0.5689106660985656,0.005812999479801975,2,0.5647522967761825,0.5730690354209486
7. CDC diabetes dataset,GaussianCopula,Naive Bayes,Recall,TSTR,0.2077119727311461,0.05524952269258118,2,0.16818884512044865,0.24723510034184357
7. CDC diabetes dataset,GaussianCopula,Random Forest,Accuracy,TRTR,0.8585760645876208,0.0008837008421368494,2,0.8579439030873705,0.8592082260878712
7. CDC diabetes dataset,GaussianCopula,Random Forest,Accuracy,TSTR,0.8599889187905653,0.0003788951605161351,2,0.8597178735208445,0.860259964060286
7. CDC diabetes dataset,GaussianCopula,Random Forest,F1,TRTR,0.2542904020111528,0.004123268112439032,2,0.25134079369167805,0.2572400103306276
7. CDC diabetes dataset,GaussianCopula,Random Forest,F1,TSTR,0.00409909710657573,0.002721253009257282,2,0.0021524299734619816,0.006045764239689479
7. CDC diabetes dataset,GaussianCopula,Random Forest,Precision,TRTR,0.4792228106524696,0.0086336230115462,2,0.47304668880746015,0.485398932497479
7. CDC diabetes dataset,GaussianCopula,Random Forest,Precision,TSTR,0.2195638935820044,0.07976499384194657,2,0.16250345438105052,0.2766243327829583
7. CDC diabetes dataset,GaussianCopula,Random Forest,Recall,TRTR,0.1730720068172134,0.003012275509749968,2,0.17091715472857422,0.1752268589058526
7. CDC diabetes dataset,GaussianCopula,Random Forest,Recall,TSTR,0.002073569095298963,0.001384582599852741,2,0.0010830983705830146,0.0030640398200149116
7. CDC diabetes dataset,GaussianCopula,SVM-RBF,Accuracy,TRTR,0.863590311856894,0.0003809564049741432,2,0.8633177920617153,0.8638628316520728
7. CDC diabetes dataset,GaussianCopula,SVM-RBF,Accuracy,TSTR,0.8607052398290327,5.68018841792253e-05,2,0.8606646062089119,0.8607458734491534
7. CDC diabetes dataset,GaussianCopula,SVM-RBF,F1,TRTR,0.121804936464582,0.00369981836688605,2,0.11915824584492757,0.12445162708423643
7. CDC diabetes dataset,GaussianCopula,SVM-RBF,F1,TSTR,0.003513580034796013,0.007356485992532824,2,-0.00174893302376883,0.008776093093360856
7. CDC diabetes dataset,GaussianCopula,SVM-RBF,Precision,TRTR,0.5910960430943095,0.01145382697210849,2,0.5829024688698162,0.5992896173188028
7. CDC diabetes dataset,GaussianCopula,SVM-RBF,Precision,TSTR,0.2843043884220354,0.2897694154104989,2,0.07701583596393094,0.49159294088013994
7. CDC diabetes dataset,GaussianCopula,SVM-RBF,Recall,TRTR,0.06790228660701605,0.002191473549437678,2,0.06633460086913504,0.06946997234489707
7. CDC diabetes dataset,GaussianCopula,SVM-RBF,Recall,TSTR,0.001789518534299105,0.003768998808070262,2,-0.0009066607917157788,0.004485697860313989
7. CDC diabetes dataset,TVAE,AdaBoost,Accuracy,TRTR,0.8631213392433116,0.0006492744915581773,2,0.8626568762518934,0.8635858022347298
7. CDC diabetes dataset,TVAE,AdaBoost,Accuracy,TSTR,0.8496774576539498,0.003929495627550374,2,0.8468664658197306,0.8524884494881689
7. CDC diabetes dataset,TVAE,AdaBoost,F1,TRTR,0.2907324908296564,0.01155213366104772,2,0.28246859223632553,0.2989963894229873
7. CDC diabetes dataset,TVAE,AdaBoost,F1,TSTR,0.3227473316784624,0.008731404493521971,2,0.31650126117504385,0.328993402181881
7. CDC diabetes dataset,TVAE,AdaBoost,Precision,TRTR,0.5229396461150038,0.006564777307101441,2,0.5182434873320932,0.5276358048979143
7. CDC diabetes dataset,TVAE,AdaBoost,Precision,TSTR,0.4348719773862622,0.01753334137042652,2,0.4223293805518765,0.4474145742206479
7. CDC diabetes dataset,TVAE,AdaBoost,Recall,TRTR,0.2015338730293992,0.01144868243932203,2,0.19334397898196276,0.20972376707683565
7. CDC diabetes dataset,TVAE,AdaBoost,Recall,TSTR,0.2573072006817213,0.01412463371552337,2,0.24720304640876592,0.2674113549546767
7. CDC diabetes dataset,TVAE,Decision Tree,Accuracy,TRTR,0.8577034193446256,0.001100478021426305,2,0.8569161847921098,0.8584906538971413
7. CDC diabetes dataset,TVAE,Decision Tree,Accuracy,TSTR,0.8129254392908024,0.01026928130063118,2,0.805579237992859,0.8202716405887458
7. CDC diabetes dataset,TVAE,Decision Tree,F1,TRTR,0.2518109924417331,0.00902185699517897,2,0.2453571447353926,0.2582648401480736
7. CDC diabetes dataset,TVAE,Decision Tree,F1,TSTR,0.3135988777259744,0.01210414122347162,2,0.3049400967107058,0.32225765874124296
7. CDC diabetes dataset,TVAE,Decision Tree,Precision,TRTR,0.4710247118621849,0.01001864628250197,2,0.4638578040553427,0.4781916196690271
7. CDC diabetes dataset,TVAE,Decision Tree,Precision,TSTR,0.3226507854758036,0.01856572676469969,2,0.3093696646199831,0.3359319063316241
7. CDC diabetes dataset,TVAE,Decision Tree,Recall,TRTR,0.171964209629314,0.008237907025316163,2,0.16607116594786422,0.17785725331076377
7. CDC diabetes dataset,TVAE,Decision Tree,Recall,TSTR,0.3070018463286465,0.02383141886603606,2,0.2899538762633268,0.32404981639396624
7. CDC diabetes dataset,TVAE,Extra Trees,Accuracy,TRTR,0.8513356814943801,0.0009037427725112313,2,0.8506891828608272,0.851982180127933
7. CDC diabetes dataset,TVAE,Extra Trees,Accuracy,TSTR,0.855635586512585,0.001879352225427646,2,0.8542911789193408,0.8569799941058291
7. CDC diabetes dataset,TVAE,Extra Trees,F1,TRTR,0.2488266547845204,0.00511286061119995,2,0.24516913463694276,0.25248417493209807
7. CDC diabetes dataset,TVAE,Extra Trees,F1,TSTR,0.2304394200293251,0.01898268625527141,2,0.21686002432240675,0.24401881573624346
7. CDC diabetes dataset,TVAE,Extra Trees,Precision,TRTR,0.4203678342656352,0.006991258369007768,2,0.4153665893098167,0.42536907922145367
7. CDC diabetes dataset,TVAE,Extra Trees,Precision,TSTR,0.4493080681683271,0.01377487234461293,2,0.4394541181075004,0.45916201822915376
7. CDC diabetes dataset,TVAE,Extra Trees,Recall,TRTR,0.1767504615821616,0.00462847729159016,2,0.17343944838741238,0.1800614747769108
7. CDC diabetes dataset,TVAE,Extra Trees,Recall,TSTR,0.1557023150120722,0.01830992317810021,2,0.14260418501850225,0.16880044500564217
7. CDC diabetes dataset,TVAE,Gradient Boosting,Accuracy,TRTR,0.8653850720278614,0.0004897208981754782,2,0.8650347468013447,0.8657353972543781
7. CDC diabetes dataset,TVAE,Gradient Boosting,Accuracy,TSTR,0.850678724077885,0.003088511885476318,2,0.8484693357713825,0.8528881123843876
7. CDC diabetes dataset,TVAE,Gradient Boosting,F1,TRTR,0.1722933021134507,0.004133046767167164,2,0.1693366985657849,0.1752499056611165
7. CDC diabetes dataset,TVAE,Gradient Boosting,F1,TSTR,0.2959785659080526,0.0156234200061247,2,0.2848022445115149,0.3071548873045903
7. CDC diabetes dataset,TVAE,Gradient Boosting,Precision,TRTR,0.6012194836101217,0.01161315896115709,2,0.5929119301469176,0.6095270370733258
7. CDC diabetes dataset,TVAE,Gradient Boosting,Precision,TSTR,0.4325839349779151,0.01647117474926242,2,0.42080116637128945,0.4443667035845407
7. CDC diabetes dataset,TVAE,Gradient Boosting,Recall,TRTR,0.1005681011219997,0.002743294672201886,2,0.09860566633307906,0.10253053591092033
7. CDC diabetes dataset,TVAE,Gradient Boosting,Recall,TSTR,0.2258059934668371,0.01953469320409679,2,0.21183171577692297,0.23978027115675124
7. CDC diabetes dataset,TVAE,KNN,Accuracy,TRTR,0.8472356340034827,0.0009003569645068221,2,0.8465915574310681,0.8478797105758973
7. CDC diabetes dataset,TVAE,KNN,Accuracy,TSTR,0.8348088491372486,0.007462880395066079,2,0.8294702261080731,0.8401474721664242
7. CDC diabetes dataset,TVAE,KNN,F1,TRTR,0.27593851911582,0.00365737843248717,2,0.27332218819632753,0.2785548500353125
7. CDC diabetes dataset,TVAE,KNN,F1,TSTR,0.2969133009525143,0.01621039926046175,2,0.2853170798927147,0.30850952201231385
7. CDC diabetes dataset,TVAE,KNN,Precision,TRTR,0.4063018806174388,0.004777451994244748,2,0.4028842973403281,0.40971946389454955
7. CDC diabetes dataset,TVAE,KNN,Precision,TSTR,0.3685197336602522,0.02199839074860034,2,0.35278303291761093,0.3842564344028935
7. CDC diabetes dataset,TVAE,KNN,Recall,TRTR,0.2089475926714955,0.004061923022297965,2,0.20604186798590163,0.2118533173570894
7. CDC diabetes dataset,TVAE,KNN,Recall,TSTR,0.2514841641812243,0.02781368861519266,2,0.231587449949337,0.27138087841311165
7. CDC diabetes dataset,TVAE,Logistic Regression,Accuracy,TRTR,0.8635467785341143,0.0007481700690606898,2,0.863011569908358,0.8640819871598706
7. CDC diabetes dataset,TVAE,Logistic Regression,Accuracy,TSTR,0.8275744024062055,0.003838215616228882,2,0.8248287083584639,0.8303200964539471
7. CDC diabetes dataset,TVAE,Logistic Regression,F1,TRTR,0.2388691165223189,0.004564487931064464,2,0.23560387855853152,0.2421343544861063
7. CDC diabetes dataset,TVAE,Logistic Regression,F1,TSTR,0.346750804977435,0.01121179814747054,2,0.33873036774409465,0.35477124221077533
7. CDC diabetes dataset,TVAE,Logistic Regression,Precision,TRTR,0.5359686608772588,0.00934558839892455,2,0.5292832296755636,0.542654092078954
7. CDC diabetes dataset,TVAE,Logistic Regression,Precision,TSTR,0.3676468316519367,0.00868279866751417,2,0.36143553166182407,0.3738581316420493
7. CDC diabetes dataset,TVAE,Logistic Regression,Recall,TRTR,0.1536855560289732,0.003128072545874311,2,0.1514478677308495,0.15592324432709692
7. CDC diabetes dataset,TVAE,Logistic Regression,Recall,TSTR,0.3289021445817356,0.02094743375572383,2,0.3139172531818453,0.3438870359816259
7. CDC diabetes dataset,TVAE,MLP,Accuracy,TRTR,0.8644649358872882,0.001292019377334109,2,0.8635406809030415,0.865389190871535
7. CDC diabetes dataset,TVAE,MLP,Accuracy,TSTR,0.8257539179990502,0.005634751649812295,2,0.8217230594928278,0.8297847765052726
7. CDC diabetes dataset,TVAE,MLP,F1,TRTR,0.2639376061713777,0.0296521977876718,2,0.24272570170623448,0.2851495106365209
7. CDC diabetes dataset,TVAE,MLP,F1,TSTR,0.3579422660787067,0.01233778021277293,2,0.3491163497989333,0.36676818235848013
7. CDC diabetes dataset,TVAE,MLP,Precision,TRTR,0.5445815044621426,0.01990884968502404,2,0.5303395713496769,0.5588234375746083
7. CDC diabetes dataset,TVAE,MLP,Precision,TSTR,0.3687665466837133,0.008949045588382606,2,0.3623647851200593,0.37516830824736724
7. CDC diabetes dataset,TVAE,MLP,Recall,TRTR,0.1754864365857122,0.02609605447626427,2,0.1568184437970686,0.19415442937435579
7. CDC diabetes dataset,TVAE,MLP,Recall,TSTR,0.3494532026700752,0.02857711346915013,2,0.32901036719670623,0.36989603814344413
7. CDC diabetes dataset,TVAE,Naive Bayes,Accuracy,TRTR,0.7729420611049548,0.001604092504916999,2,0.7717945624537182,0.7740895597561913
7. CDC diabetes dataset,TVAE,Naive Bayes,Accuracy,TSTR,0.7603114611366154,0.003154232424814796,2,0.7580550591884317,0.7625678630847991
7. CDC diabetes dataset,TVAE,Naive Bayes,F1,TRTR,0.4111314934218446,0.002269244542275589,2,0.40950817366715137,0.4127548131765378
7. CDC diabetes dataset,TVAE,Naive Bayes,F1,TSTR,0.3823075202404102,0.00662984880531671,2,0.3775648121118684,0.38705022836895203
7. CDC diabetes dataset,TVAE,Naive Bayes,Precision,TRTR,0.32188092350958,0.001866083751005921,2,0.32054600761114527,0.3232158394080147
7. CDC diabetes dataset,TVAE,Naive Bayes,Precision,TSTR,0.2982669440332201,0.002944683210957536,2,0.2961604445623137,0.30037344350412654
7. CDC diabetes dataset,TVAE,Naive Bayes,Recall,TRTR,0.5689106660985656,0.005812999479801975,2,0.5647522967761825,0.5730690354209486
7. CDC diabetes dataset,TVAE,Naive Bayes,Recall,TSTR,0.5326374094588837,0.01903722138814827,2,0.5190190016680429,0.5462558172497245
7. CDC diabetes dataset,TVAE,Random Forest,Accuracy,TRTR,0.8585760645876208,0.0008837008421368494,2,0.8579439030873705,0.8592082260878712
7. CDC diabetes dataset,TVAE,Random Forest,Accuracy,TSTR,0.8584929555168592,0.002179107672663258,2,0.8569341157943274,0.860051795239391
7. CDC diabetes dataset,TVAE,Random Forest,F1,TRTR,0.2542904020111528,0.004123268112439032,2,0.25134079369167805,0.2572400103306276
7. CDC diabetes dataset,TVAE,Random Forest,F1,TSTR,0.2648944279984031,0.01612773619192449,2,0.25335734053555187,0.2764315154612544
7. CDC diabetes dataset,TVAE,Random Forest,Precision,TRTR,0.4792228106524696,0.0086336230115462,2,0.47304668880746015,0.485398932497479
7. CDC diabetes dataset,TVAE,Random Forest,Precision,TSTR,0.4815135841552727,0.01922889578468804,2,0.467758060761166,0.49526910754937936
7. CDC diabetes dataset,TVAE,Random Forest,Recall,TRTR,0.1730720068172134,0.003012275509749968,2,0.17091715472857422,0.1752268589058526
7. CDC diabetes dataset,TVAE,Random Forest,Recall,TSTR,0.1834824598778583,0.01728447663684136,2,0.1711178901492997,0.1958470296064169
7. CDC diabetes dataset,TVAE,SVM-RBF,Accuracy,TRTR,0.863590311856894,0.0003809564049741432,2,0.8633177920617153,0.8638628316520728
7. CDC diabetes dataset,TVAE,SVM-RBF,Accuracy,TSTR,0.817722019946177,0.00749411070386982,2,0.8123610560999226,0.8230829837924314
7. CDC diabetes dataset,TVAE,SVM-RBF,F1,TRTR,0.121804936464582,0.00369981836688605,2,0.11915824584492757,0.12445162708423643
7. CDC diabetes dataset,TVAE,SVM-RBF,F1,TSTR,0.3411766188009231,0.01687886479482204,2,0.32910220630470366,0.3532510312971425
7. CDC diabetes dataset,TVAE,SVM-RBF,Precision,TRTR,0.5910960430943095,0.01145382697210849,2,0.5829024688698162,0.5992896173188028
7. CDC diabetes dataset,TVAE,SVM-RBF,Precision,TSTR,0.3445968743439439,0.01829069956232109,2,0.33151249609667965,0.3576812525912082
7. CDC diabetes dataset,TVAE,SVM-RBF,Recall,TRTR,0.06790228660701605,0.002191473549437678,2,0.06633460086913504,0.06946997234489707
7. CDC diabetes dataset,TVAE,SVM-RBF,Recall,TSTR,0.3392273824740804,0.02737540505294946,2,0.31964419741522493,0.3588105675329359
7. CDC diabetes dataset,TabDDPM,AdaBoost,Accuracy,TRTR,0.8631213392433116,0.0006492744915581773,2,0.8626568762518934,0.8635858022347298
7. CDC diabetes dataset,TabDDPM,AdaBoost,Accuracy,TSTR,0.8605687034984962,0.0001207060313439867,2,0.8604823556053799,0.8606550513916126
7. CDC diabetes dataset,TabDDPM,AdaBoost,F1,TRTR,0.2907324908296564,0.01155213366104772,2,0.28246859223632553,0.2989963894229873
7. CDC diabetes dataset,TabDDPM,AdaBoost,F1,TSTR,0.0003115709756448731,0.0004643040521165739,2,-2.05721345150882e-05,0.0006437140858048345
7. CDC diabetes dataset,TabDDPM,AdaBoost,Precision,TRTR,0.5229396461150038,0.006564777307101441,2,0.5182434873320932,0.5276358048979143
7. CDC diabetes dataset,TabDDPM,AdaBoost,Precision,TSTR,0.08583333333333334,0.1153527199505933,2,0.0033149684921374573,0.16835169817452922
7. CDC diabetes dataset,TabDDPM,AdaBoost,Recall,TRTR,0.2015338730293992,0.01144868243932203,2,0.19334397898196276,0.20972376707683565
7. CDC diabetes dataset,TabDDPM,AdaBoost,Recall,TSTR,0.0001562278085499219,0.0002329387795321222,2,-1.0406556060877135e-05,0.00032286217316072094
7. CDC diabetes dataset,TabDDPM,Decision Tree,Accuracy,TRTR,0.8577034193446256,0.001100478021426305,2,0.8569161847921098,0.8584906538971413
7. CDC diabetes dataset,TabDDPM,Decision Tree,Accuracy,TSTR,0.7278692417286687,0.02918620347758178,2,0.7069906895113997,0.7487477939459378
7. CDC diabetes dataset,TabDDPM,Decision Tree,F1,TRTR,0.2518109924417331,0.00902185699517897,2,0.2453571447353926,0.2582648401480736
7. CDC diabetes dataset,TabDDPM,Decision Tree,F1,TSTR,0.1496721451029945,0.02576138707150587,2,0.13124355895355405,0.16810073125243497
7. CDC diabetes dataset,TabDDPM,Decision Tree,Precision,TRTR,0.4710247118621849,0.01001864628250197,2,0.4638578040553427,0.4781916196690271
7. CDC diabetes dataset,TabDDPM,Decision Tree,Precision,TSTR,0.1333702775690188,0.018098328120112,2,0.12042351356145373,0.1463170415765839
7. CDC diabetes dataset,TabDDPM,Decision Tree,Recall,TRTR,0.171964209629314,0.008237907025316163,2,0.16607116594786422,0.17785725331076377
7. CDC diabetes dataset,TabDDPM,Decision Tree,Recall,TSTR,0.1745916773185627,0.0448853839259956,2,0.14248260794916373,0.20670074668796168
7. CDC diabetes dataset,TabDDPM,Extra Trees,Accuracy,TRTR,0.8513356814943801,0.0009037427725112313,2,0.8506891828608272,0.851982180127933
7. CDC diabetes dataset,TabDDPM,Extra Trees,Accuracy,TSTR,0.8518679753047333,0.001281820538095891,2,0.8509510161305688,0.8527849344788979
7. CDC diabetes dataset,TabDDPM,Extra Trees,F1,TRTR,0.2488266547845204,0.00511286061119995,2,0.24516913463694276,0.25248417493209807
7. CDC diabetes dataset,TabDDPM,Extra Trees,F1,TSTR,0.01348859401639657,0.003660832807467163,2,0.010869791985906251,0.016107396046886886
7. CDC diabetes dataset,TabDDPM,Extra Trees,Precision,TRTR,0.4203678342656352,0.006991258369007768,2,0.4153665893098167,0.42536907922145367
7. CDC diabetes dataset,TabDDPM,Extra Trees,Precision,TSTR,0.0927921871297462,0.01738189120774628,2,0.0803579312151469,0.1052264430443455
7. CDC diabetes dataset,TabDDPM,Extra Trees,Recall,TRTR,0.1767504615821616,0.00462847729159016,2,0.17343944838741238,0.1800614747769108
7. CDC diabetes dataset,TabDDPM,Extra Trees,Recall,TSTR,0.007285896889646357,0.002043437308587493,2,0.005824109898994067,0.008747683880298646
7. CDC diabetes dataset,TabDDPM,Gradient Boosting,Accuracy,TRTR,0.8653850720278614,0.0004897208981754782,2,0.8650347468013447,0.8657353972543781
7. CDC diabetes dataset,TabDDPM,Gradient Boosting,Accuracy,TSTR,0.8555406047174292,0.00377696765177999,2,0.8528387248240338,0.8582424846108246
7. CDC diabetes dataset,TabDDPM,Gradient Boosting,F1,TRTR,0.1722933021134507,0.004133046767167164,2,0.1693366985657849,0.1752499056611165
7. CDC diabetes dataset,TabDDPM,Gradient Boosting,F1,TSTR,0.009733384613800168,0.006780845959806028,2,0.004882659628009792,0.014584109599590545
7. CDC diabetes dataset,TabDDPM,Gradient Boosting,Precision,TRTR,0.6012194836101217,0.01161315896115709,2,0.5929119301469176,0.6095270370733258
7. CDC diabetes dataset,TabDDPM,Gradient Boosting,Precision,TSTR,0.1303637540525382,0.0703114812688721,2,0.08006595035658072,0.18066155774849568
7. CDC diabetes dataset,TabDDPM,Gradient Boosting,Recall,TRTR,0.1005681011219997,0.002743294672201886,2,0.09860566633307906,0.10253053591092033
7. CDC diabetes dataset,TabDDPM,Gradient Boosting,Recall,TSTR,0.005169720210197415,0.003746991905084153,2,0.0024892836742130596,0.00785015674618177
7. CDC diabetes dataset,TabDDPM,KNN,Accuracy,TRTR,0.8472158461294919,0.0009310588989812209,2,0.8465498067162237,0.84788188554276
7. CDC diabetes dataset,TabDDPM,KNN,Accuracy,TSTR,0.8458029919265474,0.001758857064936351,2,0.8445447813784988,0.847061202474596
7. CDC diabetes dataset,TabDDPM,KNN,F1,TRTR,0.2760073032098657,0.003654438442907095,2,0.27339307543222285,0.2786215309875086
7. CDC diabetes dataset,TabDDPM,KNN,F1,TSTR,0.02865520606143544,0.004073347901818477,2,0.025741308509376476,0.0315691036134944
7. CDC diabetes dataset,TabDDPM,KNN,Precision,TRTR,0.4062323582339051,0.00489709142841155,2,0.40272919006133456,0.4097355264064756
7. CDC diabetes dataset,TabDDPM,KNN,Precision,TSTR,0.1172782293793152,0.01220490747916881,2,0.10854736452714306,0.12600909423148735
7. CDC diabetes dataset,TabDDPM,KNN,Recall,TRTR,0.2090470103678455,0.004094394489595194,2,0.20611805699387298,0.21197596374181804
7. CDC diabetes dataset,TabDDPM,KNN,Recall,TSTR,0.01634710978554182,0.002488848681350422,2,0.014566694693377824,0.01812752487770582
7. CDC diabetes dataset,TabDDPM,Logistic Regression,Accuracy,TRTR,0.8635467785341143,0.0007481700690606898,2,0.863011569908358,0.8640819871598706
7. CDC diabetes dataset,TabDDPM,Logistic Regression,Accuracy,TSTR,0.8601393066328953,0.0005102049190908339,2,0.8597743280205544,0.8605042852452361
7. CDC diabetes dataset,TabDDPM,Logistic Regression,F1,TRTR,0.2388691165223189,0.004564487931064464,2,0.23560387855853152,0.2421343544861063
7. CDC diabetes dataset,TabDDPM,Logistic Regression,F1,TSTR,0.001013054635224362,0.001075337642532265,2,0.00024380442636968535,0.0017823048440790386
7. CDC diabetes dataset,TabDDPM,Logistic Regression,Precision,TRTR,0.5359686608772588,0.00934558839892455,2,0.5292832296755636,0.542654092078954
7. CDC diabetes dataset,TabDDPM,Logistic Regression,Precision,TSTR,0.08009597637504615,0.05699063662778444,2,0.03932733088668851,0.12086462186340378
7. CDC diabetes dataset,TabDDPM,Logistic Regression,Recall,TRTR,0.1536855560289732,0.003128072545874311,2,0.1514478677308495,0.15592324432709692
7. CDC diabetes dataset,TabDDPM,Logistic Regression,Recall,TSTR,0.0005112910097997443,0.0005434207206280071,2,0.00012255124444133906,0.0009000307751581496
7. CDC diabetes dataset,TabDDPM,MLP,Accuracy,TRTR,0.8644649358872882,0.001292019377334109,2,0.8635406809030415,0.865389190871535
7. CDC diabetes dataset,TabDDPM,MLP,Accuracy,TSTR,0.8481953458920373,0.00515717857077356,2,0.8445061225860193,0.8518845691980552
7. CDC diabetes dataset,TabDDPM,MLP,F1,TRTR,0.2639376061713777,0.0296521977876718,2,0.24272570170623448,0.2851495106365209
7. CDC diabetes dataset,TabDDPM,MLP,F1,TSTR,0.03961698089772425,0.01568461328391349,2,0.02839688446732028,0.05083707732812823
7. CDC diabetes dataset,TabDDPM,MLP,Precision,TRTR,0.5445815044621426,0.01990884968502404,2,0.5303395713496769,0.5588234375746083
7. CDC diabetes dataset,TabDDPM,MLP,Precision,TSTR,0.1702923936811873,0.02442399879718625,2,0.15282051746976918,0.1877642698926054
7. CDC diabetes dataset,TabDDPM,MLP,Recall,TRTR,0.1754864365857122,0.02609605447626427,2,0.1568184437970686,0.19415442937435579
7. CDC diabetes dataset,TabDDPM,MLP,Recall,TSTR,0.02289447521658855,0.01039500870734086,2,0.01545833394998334,0.03033061648319376
7. CDC diabetes dataset,TabDDPM,Naive Bayes,Accuracy,TRTR,0.7729420611049548,0.001604092504916999,2,0.7717945624537182,0.7740895597561913
7. CDC diabetes dataset,TabDDPM,Naive Bayes,Accuracy,TSTR,0.8468933037834414,0.02330599669903018,2,0.8302211980938488,0.8635654094730341
7. CDC diabetes dataset,TabDDPM,Naive Bayes,F1,TRTR,0.4111314934218446,0.002269244542275589,2,0.40950817366715137,0.4127548131765378
7. CDC diabetes dataset,TabDDPM,Naive Bayes,F1,TSTR,0.003204708991913499,0.004453870499127896,2,1.8601971984623464e-05,0.006390816011842375
7. CDC diabetes dataset,TabDDPM,Naive Bayes,Precision,TRTR,0.32188092350958,0.001866083751005921,2,0.32054600761114527,0.3232158394080147
7. CDC diabetes dataset,TabDDPM,Naive Bayes,Precision,TSTR,0.2309094898784584,0.3871458237319818,2,-0.04603794875275932,0.5078569285096761
7. CDC diabetes dataset,TabDDPM,Naive Bayes,Recall,TRTR,0.5689106660985656,0.005812999479801975,2,0.5647522967761825,0.5730690354209486
7. CDC diabetes dataset,TabDDPM,Naive Bayes,Recall,TSTR,0.002130379207498935,0.003106427635731815,2,-9.182525467485046e-05,0.00435258366967272
7. CDC diabetes dataset,TabDDPM,Random Forest,Accuracy,TRTR,0.8585760645876208,0.0008837008421368494,2,0.8579439030873705,0.8592082260878712
7. CDC diabetes dataset,TabDDPM,Random Forest,Accuracy,TSTR,0.8585087858160518,0.000923277687889107,2,0.8578483127458754,0.8591692588862283
7. CDC diabetes dataset,TabDDPM,Random Forest,F1,TRTR,0.2542904020111528,0.004123268112439032,2,0.25134079369167805,0.2572400103306276
7. CDC diabetes dataset,TabDDPM,Random Forest,F1,TSTR,0.00294689508052617,0.001366092119697046,2,0.001969651648484638,0.0039241385125677024
7. CDC diabetes dataset,TabDDPM,Random Forest,Precision,TRTR,0.4792228106524696,0.0086336230115462,2,0.47304668880746015,0.485398932497479
7. CDC diabetes dataset,TabDDPM,Random Forest,Precision,TSTR,0.08194104491453391,0.01995972588599695,2,0.06766271716035176,0.09621937266871607
7. CDC diabetes dataset,TabDDPM,Random Forest,Recall,TRTR,0.1730720068172134,0.003012275509749968,2,0.17091715472857422,0.1752268589058526
7. CDC diabetes dataset,TabDDPM,Random Forest,Recall,TSTR,0.001505467973299247,0.0007106942765628066,2,0.0009970679145136561,0.002013868032084838
7. CDC diabetes dataset,TabDDPM,SVM-RBF,Accuracy,TRTR,0.863590311856894,0.0003809564049741432,2,0.8633177920617153,0.8638628316520728
7. CDC diabetes dataset,TabDDPM,SVM-RBF,Accuracy,TSTR,0.8606735792306475,0.0,2,0.8606735792306475,0.8606735792306475
7. CDC diabetes dataset,TabDDPM,SVM-RBF,F1,TRTR,0.121804936464582,0.00369981836688605,2,0.11915824584492757,0.12445162708423643
7. CDC diabetes dataset,TabDDPM,SVM-RBF,F1,TSTR,0.0,0.0,2,0.0,0.0
7. CDC diabetes dataset,TabDDPM,SVM-RBF,Precision,TRTR,0.5910960430943095,0.01145382697210849,2,0.5829024688698162,0.5992896173188028
7. CDC diabetes dataset,TabDDPM,SVM-RBF,Precision,TSTR,0.0,0.0,2,0.0,0.0
7. CDC diabetes dataset,TabDDPM,SVM-RBF,Recall,TRTR,0.06790228660701605,0.002191473549437678,2,0.06633460086913504,0.06946997234489707
7. CDC diabetes dataset,TabDDPM,SVM-RBF,Recall,TSTR,0.0,0.0,2,0.0,0.0
7. CDC diabetes dataset,WGAN_GP,AdaBoost,Accuracy,TRTR,0.8631213392433116,0.0006492744915581773,2,0.8626568762518934,0.8635858022347298
7. CDC diabetes dataset,WGAN_GP,AdaBoost,Accuracy,TSTR,0.8584870191546621,0.006817985135965122,2,0.8536097264027236,0.8633643119066006
7. CDC diabetes dataset,WGAN_GP,AdaBoost,F1,TRTR,0.2907324908296564,0.01155213366104772,2,0.28246859223632553,0.2989963894229873
7. CDC diabetes dataset,WGAN_GP,AdaBoost,F1,TSTR,0.1525913013714487,0.08400255627378027,2,0.09249949262032581,0.21268311012257157
7. CDC diabetes dataset,WGAN_GP,AdaBoost,Precision,TRTR,0.5229396461150038,0.006564777307101441,2,0.5182434873320932,0.5276358048979143
7. CDC diabetes dataset,WGAN_GP,AdaBoost,Precision,TSTR,0.4904872281895329,0.0498422984138844,2,0.454832195808829,0.5261422605702368
7. CDC diabetes dataset,WGAN_GP,AdaBoost,Recall,TRTR,0.2015338730293992,0.01144868243932203,2,0.19334397898196276,0.20972376707683565
7. CDC diabetes dataset,WGAN_GP,AdaBoost,Recall,TSTR,0.09937508876580033,0.06723711533496661,2,0.05127655397219744,0.14747362355940322
7. CDC diabetes dataset,WGAN_GP,Decision Tree,Accuracy,TRTR,0.8577034193446256,0.001100478021426305,2,0.8569161847921098,0.8584906538971413
7. CDC diabetes dataset,WGAN_GP,Decision Tree,Accuracy,TSTR,0.8317536013930663,0.01668309835502503,2,0.8198192317715164,0.8436879710146162
7. CDC diabetes dataset,WGAN_GP,Decision Tree,F1,TRTR,0.2518109924417331,0.00902185699517897,2,0.2453571447353926,0.2582648401480736
7. CDC diabetes dataset,WGAN_GP,Decision Tree,F1,TSTR,0.2346334587359337,0.05392674937847453,2,0.1960565861505395,0.2732103313213279
7. CDC diabetes dataset,WGAN_GP,Decision Tree,Precision,TRTR,0.4710247118621849,0.01001864628250197,2,0.4638578040553427,0.4781916196690271
7. CDC diabetes dataset,WGAN_GP,Decision Tree,Precision,TSTR,0.3292128820259189,0.02991980989985073,2,0.3078095393882024,0.35061622466363546
7. CDC diabetes dataset,WGAN_GP,Decision Tree,Recall,TRTR,0.171964209629314,0.008237907025316163,2,0.16607116594786422,0.17785725331076377
7. CDC diabetes dataset,WGAN_GP,Decision Tree,Recall,TSTR,0.1930691663116035,0.07551630408469603,2,0.13904805666990072,0.2470902759533063
7. CDC diabetes dataset,WGAN_GP,Extra Trees,Accuracy,TRTR,0.8513356814943801,0.0009037427725112313,2,0.8506891828608272,0.851982180127933
7. CDC diabetes dataset,WGAN_GP,Extra Trees,Accuracy,TSTR,0.8605766186480924,0.0009465328426352781,2,0.8598995098423685,0.8612537274538163
7. CDC diabetes dataset,WGAN_GP,Extra Trees,F1,TRTR,0.2488266547845204,0.00511286061119995,2,0.24516913463694276,0.25248417493209807
7. CDC diabetes dataset,WGAN_GP,Extra Trees,F1,TSTR,0.1403172539544623,0.02230094724093618,2,0.12436411733557698,0.1562703905733476
7. CDC diabetes dataset,WGAN_GP,Extra Trees,Precision,TRTR,0.4203678342656352,0.006991258369007768,2,0.4153665893098167,0.42536907922145367
7. CDC diabetes dataset,WGAN_GP,Extra Trees,Precision,TSTR,0.4987500103814438,0.02106662094615116,2,0.48367985760177595,0.5138201631611117
7. CDC diabetes dataset,WGAN_GP,Extra Trees,Recall,TRTR,0.1767504615821616,0.00462847729159016,2,0.17343944838741238,0.1800614747769108
7. CDC diabetes dataset,WGAN_GP,Extra Trees,Recall,TSTR,0.08204800454480898,0.01498027425641524,2,0.07133176190188299,0.09276424718773497
7. CDC diabetes dataset,WGAN_GP,Gradient Boosting,Accuracy,TRTR,0.8653850720278614,0.0004897208981754782,2,0.8650347468013447,0.8657353972543781
7. CDC diabetes dataset,WGAN_GP,Gradient Boosting,Accuracy,TSTR,0.861605588095615,0.0008838979956732374,2,0.8609732855602209,0.8622378906310092
7. CDC diabetes dataset,WGAN_GP,Gradient Boosting,F1,TRTR,0.1722933021134507,0.004133046767167164,2,0.1693366985657849,0.1752499056611165
7. CDC diabetes dataset,WGAN_GP,Gradient Boosting,F1,TSTR,0.124296267983248,0.03999918881168657,2,0.09568257203287647,0.15290996393361952
7. CDC diabetes dataset,WGAN_GP,Gradient Boosting,Precision,TRTR,0.6012194836101217,0.01161315896115709,2,0.5929119301469176,0.6095270370733258
7. CDC diabetes dataset,WGAN_GP,Gradient Boosting,Precision,TSTR,0.5299647649423495,0.03021345590958229,2,0.5083513606036555,0.5515781692810434
7. CDC diabetes dataset,WGAN_GP,Gradient Boosting,Recall,TRTR,0.1005681011219997,0.002743294672201886,2,0.09860566633307906,0.10253053591092033
7. CDC diabetes dataset,WGAN_GP,Gradient Boosting,Recall,TSTR,0.07156653884391422,0.024728591729853,2,0.05387676997459773,0.0892563077132307
7. CDC diabetes dataset,WGAN_GP,KNN,Accuracy,TRTR,0.8472356340034827,0.0009003569645068221,2,0.8465915574310681,0.8478797105758973
7. CDC diabetes dataset,WGAN_GP,KNN,Accuracy,TSTR,0.8482863701123952,0.002493240713321491,2,0.8465028131498293,0.850069927074961
7. CDC diabetes dataset,WGAN_GP,KNN,F1,TRTR,0.27593851911582,0.00365737843248717,2,0.27332218819632753,0.2785548500353125
7. CDC diabetes dataset,WGAN_GP,KNN,F1,TSTR,0.2218989513715518,0.01429940078998324,2,0.21166977626494216,0.23212812647816145
7. CDC diabetes dataset,WGAN_GP,KNN,Precision,TRTR,0.4063018806174388,0.004777451994244748,2,0.4028842973403281,0.40971946389454955
7. CDC diabetes dataset,WGAN_GP,KNN,Precision,TSTR,0.3892442961939923,0.01742322796843556,2,0.3767804697421627,0.4017081226458219
7. CDC diabetes dataset,WGAN_GP,KNN,Recall,TRTR,0.2089475926714955,0.004061923022297965,2,0.20604186798590163,0.2118533173570894
7. CDC diabetes dataset,WGAN_GP,KNN,Recall,TSTR,0.1554892770913223,0.0129538890715299,2,0.1462226230845965,0.1647559310980481
7. CDC diabetes dataset,WGAN_GP,Logistic Regression,Accuracy,TRTR,0.8635467785341143,0.0007481700690606898,2,0.863011569908358,0.8640819871598706
7. CDC diabetes dataset,WGAN_GP,Logistic Regression,Accuracy,TSTR,0.8597613582396706,0.001479054565792338,2,0.8587033063416974,0.8608194101376437
7. CDC diabetes dataset,WGAN_GP,Logistic Regression,F1,TRTR,0.2388691165223189,0.004564487931064464,2,0.23560387855853152,0.2421343544861063
7. CDC diabetes dataset,WGAN_GP,Logistic Regression,F1,TSTR,0.236812983521654,0.01333914215246022,2,0.2272707360629314,0.2463552309803766
7. CDC diabetes dataset,WGAN_GP,Logistic Regression,Precision,TRTR,0.5359686608772588,0.00934558839892455,2,0.5292832296755636,0.542654092078954
7. CDC diabetes dataset,WGAN_GP,Logistic Regression,Precision,TSTR,0.4909807063143353,0.01524838879593044,2,0.48007266608397126,0.5018887465446994
7. CDC diabetes dataset,WGAN_GP,Logistic Regression,Recall,TRTR,0.1536855560289732,0.003128072545874311,2,0.1514478677308495,0.15592324432709692
7. CDC diabetes dataset,WGAN_GP,Logistic Regression,Recall,TSTR,0.1564408464706718,0.01284543878806553,2,0.14725177312317864,0.16562991981816497
7. CDC diabetes dataset,WGAN_GP,MLP,Accuracy,TRTR,0.8644649358872882,0.001292019377334109,2,0.8635406809030415,0.865389190871535
7. CDC diabetes dataset,WGAN_GP,MLP,Accuracy,TSTR,0.8549825866708881,0.001575447846904139,2,0.8538555791735808,0.8561095941681954
7. CDC diabetes dataset,WGAN_GP,MLP,F1,TRTR,0.2639376061713777,0.0296521977876718,2,0.24272570170623448,0.2851495106365209
7. CDC diabetes dataset,WGAN_GP,MLP,F1,TSTR,0.2635767702719859,0.009947253126551089,2,0.2564609340522935,0.2706926064916783
7. CDC diabetes dataset,WGAN_GP,MLP,Precision,TRTR,0.5445815044621426,0.01990884968502404,2,0.5303395713496769,0.5588234375746083
7. CDC diabetes dataset,WGAN_GP,MLP,Precision,TSTR,0.4512286370477487,0.01088736159477002,2,0.4434402877429377,0.45901698635255966
7. CDC diabetes dataset,WGAN_GP,MLP,Recall,TRTR,0.1754864365857122,0.02609605447626427,2,0.1568184437970686,0.19415442937435579
7. CDC diabetes dataset,WGAN_GP,MLP,Recall,TSTR,0.1864507882403068,0.01075438081728282,2,0.17875756765303502,0.1941440088275786
7. CDC diabetes dataset,WGAN_GP,Naive Bayes,Accuracy,TRTR,0.7729420611049548,0.001604092504916999,2,0.7717945624537182,0.7740895597561913
7. CDC diabetes dataset,WGAN_GP,Naive Bayes,Accuracy,TSTR,0.7432879531423143,0.004152472980693374,2,0.7403174529186454,0.7462584533659833
7. CDC diabetes dataset,WGAN_GP,Naive Bayes,F1,TRTR,0.4111314934218446,0.002269244542275589,2,0.40950817366715137,0.4127548131765378
7. CDC diabetes dataset,WGAN_GP,Naive Bayes,F1,TSTR,0.4074470760145692,0.004574371837228111,2,0.4041747675302495,0.4107193844988889
7. CDC diabetes dataset,WGAN_GP,Naive Bayes,Precision,TRTR,0.32188092350958,0.001866083751005921,2,0.32054600761114527,0.3232158394080147
7. CDC diabetes dataset,WGAN_GP,Naive Bayes,Precision,TSTR,0.3003432670653622,0.003826103514245192,2,0.29760623749342063,0.30308029663730374
7. CDC diabetes dataset,WGAN_GP,Naive Bayes,Recall,TRTR,0.5689106660985656,0.005812999479801975,2,0.5647522967761825,0.5730690354209486
7. CDC diabetes dataset,WGAN_GP,Naive Bayes,Recall,TSTR,0.6334895611418834,0.01250616266749133,2,0.6245431913102799,0.6424359309734868
7. CDC diabetes dataset,WGAN_GP,Random Forest,Accuracy,TRTR,0.8585760645876208,0.0008837008421368494,2,0.8579439030873705,0.8592082260878712
7. CDC diabetes dataset,WGAN_GP,Random Forest,Accuracy,TSTR,0.8621517334177616,0.00047027330283188,2,0.8618153201628789,0.8624881466726444
7. CDC diabetes dataset,WGAN_GP,Random Forest,F1,TRTR,0.2542904020111528,0.004123268112439032,2,0.25134079369167805,0.2572400103306276
7. CDC diabetes dataset,WGAN_GP,Random Forest,F1,TSTR,0.09734529199450069,0.03638008904205065,2,0.07132054405779903,0.12337003993120235
7. CDC diabetes dataset,WGAN_GP,Random Forest,Precision,TRTR,0.4792228106524696,0.0086336230115462,2,0.47304668880746015,0.485398932497479
7. CDC diabetes dataset,WGAN_GP,Random Forest,Precision,TSTR,0.5652268272225973,0.03093601176180515,2,0.5430965375650535,0.5873571168801411
7. CDC diabetes dataset,WGAN_GP,Random Forest,Recall,TRTR,0.1730720068172134,0.003012275509749968,2,0.17091715472857422,0.1752268589058526
7. CDC diabetes dataset,WGAN_GP,Random Forest,Recall,TSTR,0.05423945462292288,0.02248161497175762,2,0.03815707609510521,0.07032183315074056
7. CDC diabetes dataset,WGAN_GP,SVM-RBF,Accuracy,TRTR,0.863590311856894,0.0003809564049741432,2,0.8633177920617153,0.8638628316520728
7. CDC diabetes dataset,WGAN_GP,SVM-RBF,Accuracy,TSTR,0.8611267215450372,0.001038946301823747,2,0.8603835041330765,0.8618699389569979
7. CDC diabetes dataset,WGAN_GP,SVM-RBF,F1,TRTR,0.121804936464582,0.00369981836688605,2,0.11915824584492757,0.12445162708423643
7. CDC diabetes dataset,WGAN_GP,SVM-RBF,F1,TSTR,0.1730730595116136,0.02492392261871268,2,0.1552435593419985,0.19090255968122868
7. CDC diabetes dataset,WGAN_GP,SVM-RBF,Precision,TRTR,0.5910960430943095,0.01145382697210849,2,0.5829024688698162,0.5992896173188028
7. CDC diabetes dataset,WGAN_GP,SVM-RBF,Precision,TSTR,0.5106998693228124,0.01815835928834088,2,0.49771016160448023,0.5236895770411446
7. CDC diabetes dataset,WGAN_GP,SVM-RBF,Recall,TRTR,0.06790228660701605,0.002191473549437678,2,0.06633460086913504,0.06946997234489707
7. CDC diabetes dataset,WGAN_GP,SVM-RBF,Recall,TSTR,0.1049424797613975,0.01885724048470422,2,0.09145282255278143,0.11843213697001358
8. Mushroom dataset,CTABGAN,AdaBoost,Accuracy,TRTR,0.6530214749458965,0.00911056123636879,2,0.6465041720480303,0.6595387778437626
8. Mushroom dataset,CTABGAN,AdaBoost,Accuracy,TSTR,0.5572914932578659,0.0126539348298571,2,0.5482394135894012,0.5663435729263305
8. Mushroom dataset,CTABGAN,AdaBoost,F1,TRTR,0.6586554205410092,0.01000642657450882,2,0.6514972541866692,0.6658135868953493
8. Mushroom dataset,CTABGAN,AdaBoost,F1,TSTR,0.7019831020483078,0.01332057079977538,2,0.6924541397349819,0.7115120643616337
8. Mushroom dataset,CTABGAN,AdaBoost,Precision,TRTR,0.7262195138345482,0.02162521657245883,2,0.7107497658159463,0.7416892618531501
8. Mushroom dataset,CTABGAN,AdaBoost,Precision,TSTR,0.560348623395936,0.007696090297827085,2,0.5548431720522756,0.5658540747395965
8. Mushroom dataset,CTABGAN,AdaBoost,Recall,TRTR,0.6036898155092245,0.02328275950044984,2,0.5870343327101121,0.620345298308337
8. Mushroom dataset,CTABGAN,AdaBoost,Recall,TSTR,0.9410379481025947,0.04531364791316147,2,0.9086225171323905,0.9734533790727988
8. Mushroom dataset,CTABGAN,Decision Tree,Accuracy,TRTR,0.9430830697519561,0.003054622010995107,2,0.9408979248012067,0.9452682147027055
8. Mushroom dataset,CTABGAN,Decision Tree,Accuracy,TSTR,0.5099633760612619,0.03616914316283894,2,0.4840895297160441,0.5358372224064797
8. Mushroom dataset,CTABGAN,Decision Tree,F1,TRTR,0.9486269064274188,0.002733229331666377,2,0.9466716719493613,0.9505821409054762
8. Mushroom dataset,CTABGAN,Decision Tree,F1,TSTR,0.5684888803996545,0.06366104950028353,2,0.5229485089971612,0.6140292518021478
8. Mushroom dataset,CTABGAN,Decision Tree,Precision,TRTR,0.9503557108620792,0.004797011192999022,2,0.9469241357770639,0.9537872859470944
8. Mushroom dataset,CTABGAN,Decision Tree,Precision,TSTR,0.5529248105507187,0.02883975915678716,2,0.5322940896708706,0.5735555314305669
8. Mushroom dataset,CTABGAN,Decision Tree,Recall,TRTR,0.9469326533673316,0.004340358980694475,2,0.9438277475960233,0.9500375591386399
8. Mushroom dataset,CTABGAN,Decision Tree,Recall,TSTR,0.5928903554822259,0.1063789237780041,2,0.5167914577060234,0.6689892532584284
8. Mushroom dataset,CTABGAN,Extra Trees,Accuracy,TRTR,0.999983352755119,3.329448976194804e-05,2,0.9999595353119364,1.0000071701983015
8. Mushroom dataset,CTABGAN,Extra Trees,Accuracy,TSTR,0.5379806891959381,0.0103561418600684,2,0.5305723515969433,0.545389026794933
8. Mushroom dataset,CTABGAN,Extra Trees,F1,TRTR,0.9999849996249907,3.000075001873271e-05,2,0.9999635383812799,1.0000064608687014
8. Mushroom dataset,CTABGAN,Extra Trees,F1,TSTR,0.6415147053034511,0.01122906548477385,2,0.6334819157611228,0.6495474948457794
8. Mushroom dataset,CTABGAN,Extra Trees,Precision,TRTR,1.0,0.0,2,1.0,1.0
8. Mushroom dataset,CTABGAN,Extra Trees,Precision,TSTR,0.5631982213911898,0.006210063491570435,2,0.5587558095858688,0.5676406331965108
8. Mushroom dataset,CTABGAN,Extra Trees,Recall,TRTR,0.9999700014999249,5.999700014998055e-05,2,0.999927082231529,1.0000129207683208
8. Mushroom dataset,CTABGAN,Extra Trees,Recall,TSTR,0.7452977351132443,0.02083529728497845,2,0.7303930613121148,0.7602024089143737
8. Mushroom dataset,CTABGAN,Gradient Boosting,Accuracy,TRTR,0.8177376394206759,0.009463270545125387,2,0.8109680234829844,0.8245072553583674
8. Mushroom dataset,CTABGAN,Gradient Boosting,Accuracy,TSTR,0.5483768936241051,0.01491925677574574,2,0.537704300257362,0.5590494869908482
8. Mushroom dataset,CTABGAN,Gradient Boosting,F1,TRTR,0.8351441635674031,0.009911515687219402,2,0.8280538923717389,0.8422344347630673
8. Mushroom dataset,CTABGAN,Gradient Boosting,F1,TSTR,0.6924349854617781,0.0136072396092447,2,0.6827009526358668,0.7021690182876893
8. Mushroom dataset,CTABGAN,Gradient Boosting,Precision,TRTR,0.8380774142407716,0.007023800154772467,2,0.8330528902937732,0.8431019381877701
8. Mushroom dataset,CTABGAN,Gradient Boosting,Precision,TSTR,0.5564468513501388,0.007682327133072874,2,0.5509512455814335,0.5619424571188442
8. Mushroom dataset,CTABGAN,Gradient Boosting,Recall,TRTR,0.8324883755812209,0.01907263019534354,2,0.8188446378556201,0.8461321133068217
8. Mushroom dataset,CTABGAN,Gradient Boosting,Recall,TSTR,0.9168741562921854,0.0317937967679482,2,0.8941302442066439,0.9396180683777269
8. Mushroom dataset,CTABGAN,KNN,Accuracy,TRTR,0.9993757283169635,0.0001870501502766885,2,0.9992419207001969,0.9995095359337302
8. Mushroom dataset,CTABGAN,KNN,Accuracy,TSTR,0.5353421008823039,0.01070038490697255,2,0.5276875066423677,0.5429966951222401
8. Mushroom dataset,CTABGAN,KNN,F1,TRTR,0.999437537679781,0.0001685162263673175,2,0.999316988433478,0.999558086926084
8. Mushroom dataset,CTABGAN,KNN,F1,TSTR,0.6040735538814609,0.01405691654101111,2,0.5940178415569468,0.614129266205975
8. Mushroom dataset,CTABGAN,KNN,Precision,TRTR,0.9994300667201221,0.0002203628791389911,2,0.9992724286127066,0.9995877048275377
8. Mushroom dataset,CTABGAN,KNN,Precision,TSTR,0.5729320735293169,0.008494118928680384,2,0.566855746893399,0.5790084001652347
8. Mushroom dataset,CTABGAN,KNN,Recall,TRTR,0.9994450277486123,0.0001649917504124697,2,0.9993269997605236,0.999563055736701
8. Mushroom dataset,CTABGAN,KNN,Recall,TSTR,0.6394180290985451,0.02770422793828814,2,0.6195996183178155,0.6592364398792746
8. Mushroom dataset,CTABGAN,Logistic Regression,Accuracy,TRTR,0.6532711836191111,0.003432765231763527,2,0.6508155313039323,0.6557268359342898
8. Mushroom dataset,CTABGAN,Logistic Regression,Accuracy,TSTR,0.5837439653737306,0.008306328796969605,2,0.5778019757054086,0.5896859550420527
8. Mushroom dataset,CTABGAN,Logistic Regression,F1,TRTR,0.7102051701755642,0.002525563014958159,2,0.7083984912313052,0.7120118491198232
8. Mushroom dataset,CTABGAN,Logistic Regression,F1,TSTR,0.7157021320624016,0.006593884150590422,2,0.7109851514979897,0.7204191126268136
8. Mushroom dataset,CTABGAN,Logistic Regression,Precision,TRTR,0.6622882541511838,0.003196371629185143,2,0.6600017076321409,0.6645748006702266
8. Mushroom dataset,CTABGAN,Logistic Regression,Precision,TSTR,0.5762652765633081,0.00473641943143524,2,0.5728770462133735,0.5796535069132426
8. Mushroom dataset,CTABGAN,Logistic Regression,Recall,TRTR,0.7656067196640167,0.002835651757146686,2,0.7635782165965639,0.7676352227314696
8. Mushroom dataset,CTABGAN,Logistic Regression,Recall,TSTR,0.9443227838608068,0.01609508291941835,2,0.9328090551419459,0.9558365125796677
8. Mushroom dataset,CTABGAN,MLP,Accuracy,TRTR,0.9998002330614282,0.0001498252039287662,2,0.9996930545671067,0.9999074115557497
8. Mushroom dataset,CTABGAN,MLP,Accuracy,TSTR,0.5294822706842017,0.01079068968530469,2,0.5217630762974419,0.5372014650709616
8. Mushroom dataset,CTABGAN,MLP,F1,TRTR,0.9998200033725814,0.0001350057549300141,2,0.999723426073444,0.9999165806717187
8. Mushroom dataset,CTABGAN,MLP,F1,TSTR,0.6001515117231162,0.01167490525378964,2,0.5917997876230582,0.6085032358231742
8. Mushroom dataset,CTABGAN,MLP,Precision,TRTR,0.999835012740364,0.0001414792911934868,2,0.9997338045523544,0.9999362209283736
8. Mushroom dataset,CTABGAN,MLP,Precision,TSTR,0.567867845247364,0.008673965922454013,2,0.561662863822429,0.574072826672299
8. Mushroom dataset,CTABGAN,MLP,Recall,TRTR,0.9998050097495124,0.0001781062259942747,2,0.9996776002307478,0.9999324192682769
8. Mushroom dataset,CTABGAN,MLP,Recall,TSTR,0.6365981700914953,0.01965849570512758,2,0.6225353294274902,0.6506610107555004
8. Mushroom dataset,CTABGAN,Naive Bayes,Accuracy,TRTR,0.6093557516231064,0.002206246746399765,2,0.607777497776755,0.6109340054694578
8. Mushroom dataset,CTABGAN,Naive Bayes,Accuracy,TSTR,0.5852172465456966,0.008408325472368545,2,0.5792022928512401,0.5912322002401531
8. Mushroom dataset,CTABGAN,Naive Bayes,F1,TRTR,0.5471586204572338,0.003948342675541275,2,0.5443341462570769,0.5499830946573908
8. Mushroom dataset,CTABGAN,Naive Bayes,F1,TSTR,0.7090515601932112,0.01025528782441334,2,0.701715369225119,0.7163877511613035
8. Mushroom dataset,CTABGAN,Naive Bayes,Precision,TRTR,0.7669376693867336,0.002744162729666706,2,0.7649746136269107,0.7689007251465565
8. Mushroom dataset,CTABGAN,Naive Bayes,Precision,TSTR,0.580654557969962,0.007344265114102169,2,0.5754007872011798,0.5859083287387442
8. Mushroom dataset,CTABGAN,Naive Bayes,Recall,TRTR,0.4253037348132593,0.004574279456311722,2,0.42203149241426613,0.42857597721225243
8. Mushroom dataset,CTABGAN,Naive Bayes,Recall,TSTR,0.9119544022798859,0.03976776142255755,2,0.8835062595105626,0.9404025450492092
8. Mushroom dataset,CTABGAN,Random Forest,Accuracy,TRTR,0.9998917929082738,3.814362988976479e-05,2,0.9998645065992127,0.9999190792173349
8. Mushroom dataset,CTABGAN,Random Forest,Accuracy,TSTR,0.5413434326618944,0.01548784593639103,2,0.5302640951124137,0.5524227702113752
8. Mushroom dataset,CTABGAN,Random Forest,F1,TRTR,0.9999025054365672,3.436305920243479e-05,2,0.9998779235848558,0.9999270872882786
8. Mushroom dataset,CTABGAN,Random Forest,F1,TSTR,0.6477158409952097,0.01318527108983074,2,0.6382836662637709,0.6571480157266486
8. Mushroom dataset,CTABGAN,Random Forest,Precision,TRTR,0.9999100179950515,9.947206977344203e-05,2,0.9998388599629862,0.9999811760271169
8. Mushroom dataset,CTABGAN,Random Forest,Precision,TSTR,0.5646707699316579,0.01184179449104982,2,0.5561996604631907,0.5731418794001251
8. Mushroom dataset,CTABGAN,Random Forest,Recall,TRTR,0.9998950052497374,6.873519866439068e-05,2,0.9998458350506884,0.9999441754487864
8. Mushroom dataset,CTABGAN,Random Forest,Recall,TSTR,0.7604169791510424,0.0318020924651673,2,0.7376671326812053,0.7831668256208796
8. Mushroom dataset,CTABGAN,SVM-RBF,Accuracy,TRTR,0.652688530048277,0.003540466283100108,2,0.6501558330422424,0.6552212270543115
8. Mushroom dataset,CTABGAN,SVM-RBF,Accuracy,TSTR,0.5837023472615284,0.007862823487773094,2,0.5780776221789825,0.5893270723440742
8. Mushroom dataset,CTABGAN,SVM-RBF,F1,TRTR,0.7111657290688942,0.002515858645437491,2,0.70936599221239,0.7129654659253983
8. Mushroom dataset,CTABGAN,SVM-RBF,F1,TSTR,0.7162014873579946,0.00620926508693567,2,0.7117596466969429,0.7206433280190463
8. Mushroom dataset,CTABGAN,SVM-RBF,Precision,TRTR,0.660338278612806,0.003326244875037613,2,0.6579588263704396,0.6627177308551725
8. Mushroom dataset,CTABGAN,SVM-RBF,Precision,TSTR,0.5760164223863615,0.00449391676569353,2,0.5728016679930859,0.5792311767796372
8. Mushroom dataset,CTABGAN,SVM-RBF,Recall,TRTR,0.7704814759262038,0.002684656261806534,2,0.7685609885291156,0.7724019633232919
8. Mushroom dataset,CTABGAN,SVM-RBF,Recall,TSTR,0.9467226638668066,0.01536567567700291,2,0.9357307216560855,0.9577146060775277
8. Mushroom dataset,CTGAN,AdaBoost,Accuracy,TRTR,0.6530214749458965,0.00911056123636879,2,0.6465041720480303,0.6595387778437626
8. Mushroom dataset,CTGAN,AdaBoost,Accuracy,TSTR,0.5610038288663226,0.02333853637156441,2,0.544308445697264,0.5776992120353812
8. Mushroom dataset,CTGAN,AdaBoost,F1,TRTR,0.6586554205410092,0.01000642657450882,2,0.6514972541866692,0.6658135868953493
8. Mushroom dataset,CTGAN,AdaBoost,F1,TSTR,0.5852740439567824,0.02772538205712655,2,0.5654405004310518,0.605107587482513
8. Mushroom dataset,CTGAN,AdaBoost,Precision,TRTR,0.7262195138345482,0.02162521657245883,2,0.7107497658159463,0.7416892618531501
8. Mushroom dataset,CTGAN,AdaBoost,Precision,TSTR,0.6162737597357916,0.02767880282747612,2,0.5964735369836669,0.6360739824879162
8. Mushroom dataset,CTGAN,AdaBoost,Recall,TRTR,0.6036898155092245,0.02328275950044984,2,0.5870343327101121,0.620345298308337
8. Mushroom dataset,CTGAN,AdaBoost,Recall,TSTR,0.5603569821508925,0.05310537166708807,2,0.5223676877837635,0.5983462765180214
8. Mushroom dataset,CTGAN,Decision Tree,Accuracy,TRTR,0.9430830697519561,0.003054622010995107,2,0.9408979248012067,0.9452682147027055
8. Mushroom dataset,CTGAN,Decision Tree,Accuracy,TSTR,0.5327950724155153,0.02746041131158687,2,0.5131510775424912,0.5524390672885393
8. Mushroom dataset,CTGAN,Decision Tree,F1,TRTR,0.9486269064274188,0.002733229331666377,2,0.9466716719493613,0.9505821409054762
8. Mushroom dataset,CTGAN,Decision Tree,F1,TSTR,0.568184891946037,0.04262160243926748,2,0.5376952342968175,0.5986745495952566
8. Mushroom dataset,CTGAN,Decision Tree,Precision,TRTR,0.9503557108620792,0.004797011192999022,2,0.9469241357770639,0.9537872859470944
8. Mushroom dataset,CTGAN,Decision Tree,Precision,TSTR,0.5820049922204459,0.02215235072434856,2,0.5661581551459073,0.5978518292949845
8. Mushroom dataset,CTGAN,Decision Tree,Recall,TRTR,0.9469326533673316,0.004340358980694475,2,0.9438277475960233,0.9500375591386399
8. Mushroom dataset,CTGAN,Decision Tree,Recall,TSTR,0.5584370781460927,0.0692517973186782,2,0.5088973266820714,0.6079768296101139
8. Mushroom dataset,CTGAN,Extra Trees,Accuracy,TRTR,0.999983352755119,3.329448976194804e-05,2,0.9999595353119364,1.0000071701983015
8. Mushroom dataset,CTGAN,Extra Trees,Accuracy,TSTR,0.5475944731146996,0.01791938081175807,2,0.5347757202999734,0.5604132259294257
8. Mushroom dataset,CTGAN,Extra Trees,F1,TRTR,0.9999849996249907,3.000075001873271e-05,2,0.9999635383812799,1.0000064608687014
8. Mushroom dataset,CTGAN,Extra Trees,F1,TSTR,0.5760815266021424,0.02386115287197774,2,0.5590122861103296,0.5931507670939552
8. Mushroom dataset,CTGAN,Extra Trees,Precision,TRTR,1.0,0.0,2,1.0,1.0
8. Mushroom dataset,CTGAN,Extra Trees,Precision,TSTR,0.5995620578015465,0.01518085796580589,2,0.5887023262168791,0.6104217893862138
8. Mushroom dataset,CTGAN,Extra Trees,Recall,TRTR,0.9999700014999249,5.999700014998055e-05,2,0.999927082231529,1.0000129207683208
8. Mushroom dataset,CTGAN,Extra Trees,Recall,TSTR,0.5549272536373182,0.03375611462570669,2,0.530779583920485,0.5790749233541514
8. Mushroom dataset,CTGAN,Gradient Boosting,Accuracy,TRTR,0.8177376394206759,0.009463270545125387,2,0.8109680234829844,0.8245072553583674
8. Mushroom dataset,CTGAN,Gradient Boosting,Accuracy,TSTR,0.5635508573331114,0.01652054540663991,2,0.5517327710857776,0.5753689435804452
8. Mushroom dataset,CTGAN,Gradient Boosting,F1,TRTR,0.8351441635674031,0.009911515687219402,2,0.8280538923717389,0.8422344347630673
8. Mushroom dataset,CTGAN,Gradient Boosting,F1,TSTR,0.6165143642116927,0.02135967258695158,2,0.6012345749169671,0.6317941535064183
8. Mushroom dataset,CTGAN,Gradient Boosting,Precision,TRTR,0.8380774142407716,0.007023800154772467,2,0.8330528902937732,0.8431019381877701
8. Mushroom dataset,CTGAN,Gradient Boosting,Precision,TSTR,0.6017372641286849,0.01572434021226366,2,0.5904887487657319,0.6129857794916379
8. Mushroom dataset,CTGAN,Gradient Boosting,Recall,TRTR,0.8324883755812209,0.01907263019534354,2,0.8188446378556201,0.8461321133068217
8. Mushroom dataset,CTGAN,Gradient Boosting,Recall,TSTR,0.6337783110844459,0.04303034666717832,2,0.6029962554290076,0.6645603667398843
8. Mushroom dataset,CTGAN,KNN,Accuracy,TRTR,0.9993757283169635,0.0001870501502766885,2,0.9992419207001969,0.9995095359337302
8. Mushroom dataset,CTGAN,KNN,Accuracy,TSTR,0.4929332445480273,0.01249255942265013,2,0.4839966058915648,0.5018698832044898
8. Mushroom dataset,CTGAN,KNN,F1,TRTR,0.999437537679781,0.0001685162263673175,2,0.999316988433478,0.999558086926084
8. Mushroom dataset,CTGAN,KNN,F1,TSTR,0.4851080740167791,0.01698037211260896,2,0.4729610475597724,0.49725510047378574
8. Mushroom dataset,CTGAN,KNN,Precision,TRTR,0.9994300667201221,0.0002203628791389911,2,0.9992724286127066,0.9995877048275377
8. Mushroom dataset,CTGAN,KNN,Precision,TSTR,0.5558627259934086,0.01516009181935729,2,0.545017849615014,0.5667076023718032
8. Mushroom dataset,CTGAN,KNN,Recall,TRTR,0.9994450277486123,0.0001649917504124697,2,0.9993269997605236,0.999563055736701
8. Mushroom dataset,CTGAN,KNN,Recall,TSTR,0.4309284535773211,0.02373002712121285,2,0.4139530147968709,0.44790389235777134
8. Mushroom dataset,CTGAN,Logistic Regression,Accuracy,TRTR,0.6532711836191111,0.003432765231763527,2,0.6508155313039323,0.6557268359342898
8. Mushroom dataset,CTGAN,Logistic Regression,Accuracy,TSTR,0.5579240885633427,0.01263883619990623,2,0.5488828098040844,0.566965367322601
8. Mushroom dataset,CTGAN,Logistic Regression,F1,TRTR,0.7102051701755642,0.002525563014958159,2,0.7083984912313052,0.7120118491198232
8. Mushroom dataset,CTGAN,Logistic Regression,F1,TSTR,0.6029153489609798,0.008947952078123494,2,0.5965143696474414,0.6093163282745181
8. Mushroom dataset,CTGAN,Logistic Regression,Precision,TRTR,0.6622882541511838,0.003196371629185143,2,0.6600017076321409,0.6645748006702266
8. Mushroom dataset,CTGAN,Logistic Regression,Precision,TSTR,0.6016916842142102,0.01519280882203648,2,0.5908234035020058,0.6125599649264145
8. Mushroom dataset,CTGAN,Logistic Regression,Recall,TRTR,0.7656067196640167,0.002835651757146686,2,0.7635782165965639,0.7676352227314696
8. Mushroom dataset,CTGAN,Logistic Regression,Recall,TSTR,0.6049797510124495,0.02112746463511145,2,0.5898660732796981,0.6200934287452009
8. Mushroom dataset,CTGAN,MLP,Accuracy,TRTR,0.9998002330614282,0.0001498252039287662,2,0.9996930545671067,0.9999074115557497
8. Mushroom dataset,CTGAN,MLP,Accuracy,TSTR,0.518012318961212,0.01971884250899525,2,0.5039063087943059,0.5321183291281182
8. Mushroom dataset,CTGAN,MLP,F1,TRTR,0.9998200033725814,0.0001350057549300141,2,0.999723426073444,0.9999165806717187
8. Mushroom dataset,CTGAN,MLP,F1,TSTR,0.5201856790580831,0.02011701273547059,2,0.5057948350699089,0.5345765230462574
8. Mushroom dataset,CTGAN,MLP,Precision,TRTR,0.999835012740364,0.0001414792911934868,2,0.9997338045523544,0.9999362209283736
8. Mushroom dataset,CTGAN,MLP,Precision,TSTR,0.5815312717482077,0.02354529083611761,2,0.564687985345087,0.5983745581513285
8. Mushroom dataset,CTGAN,MLP,Recall,TRTR,0.9998050097495124,0.0001781062259942747,2,0.9996776002307478,0.9999324192682769
8. Mushroom dataset,CTGAN,MLP,Recall,TSTR,0.4710814459277036,0.02396428164758531,2,0.45393843155405383,0.4882244603013534
8. Mushroom dataset,CTGAN,Naive Bayes,Accuracy,TRTR,0.6093557516231064,0.002206246746399765,2,0.607777497776755,0.6109340054694578
8. Mushroom dataset,CTGAN,Naive Bayes,Accuracy,TSTR,0.5532378891293491,0.01102282709517512,2,0.5453526336433002,0.561123144615398
8. Mushroom dataset,CTGAN,Naive Bayes,F1,TRTR,0.5471586204572338,0.003948342675541275,2,0.5443341462570769,0.5499830946573908
8. Mushroom dataset,CTGAN,Naive Bayes,F1,TSTR,0.5621506755864341,0.02321998353513002,2,0.5455401000076432,0.5787612511652249
8. Mushroom dataset,CTGAN,Naive Bayes,Precision,TRTR,0.7669376693867336,0.002744162729666706,2,0.7649746136269107,0.7689007251465565
8. Mushroom dataset,CTGAN,Naive Bayes,Precision,TSTR,0.6185242585065107,0.02486599762350282,2,0.6007361953822483,0.6363123216307731
8. Mushroom dataset,CTGAN,Naive Bayes,Recall,TRTR,0.4253037348132593,0.004574279456311722,2,0.42203149241426613,0.42857597721225243
8. Mushroom dataset,CTGAN,Naive Bayes,Recall,TSTR,0.5195590220488976,0.05170585236507935,2,0.48257088347952454,0.5565471606182706
8. Mushroom dataset,CTGAN,Random Forest,Accuracy,TRTR,0.9998917929082738,3.814362988976479e-05,2,0.9998645065992127,0.9999190792173349
8. Mushroom dataset,CTGAN,Random Forest,Accuracy,TSTR,0.5432911603129682,0.01761107976033547,2,0.5306929527845008,0.5558893678414356
8. Mushroom dataset,CTGAN,Random Forest,F1,TRTR,0.9999025054365672,3.436305920243479e-05,2,0.9998779235848558,0.9999270872882786
8. Mushroom dataset,CTGAN,Random Forest,F1,TSTR,0.5748216316688086,0.01635878328577746,2,0.5631192630717611,0.5865240002658562
8. Mushroom dataset,CTGAN,Random Forest,Precision,TRTR,0.9999100179950515,9.947206977344203e-05,2,0.9998388599629862,0.9999811760271169
8. Mushroom dataset,CTGAN,Random Forest,Precision,TSTR,0.5950798244380691,0.01929846096640843,2,0.5812745371108023,0.6088851117653358
8. Mushroom dataset,CTGAN,Random Forest,Recall,TRTR,0.9998950052497374,6.873519866439068e-05,2,0.9998458350506884,0.9999441754487864
8. Mushroom dataset,CTGAN,Random Forest,Recall,TSTR,0.5566371681415929,0.02456055173284603,2,0.5390676078446176,0.5742067284385682
8. Mushroom dataset,CTGAN,SVM-RBF,Accuracy,TRTR,0.652688530048277,0.003540466283100108,2,0.6501558330422424,0.6552212270543115
8. Mushroom dataset,CTGAN,SVM-RBF,Accuracy,TSTR,0.5578075578491759,0.01289383925033474,2,0.5485838608967454,0.5670312548016064
8. Mushroom dataset,CTGAN,SVM-RBF,F1,TRTR,0.7111657290688942,0.002515858645437491,2,0.70936599221239,0.7129654659253983
8. Mushroom dataset,CTGAN,SVM-RBF,F1,TSTR,0.6032127658070934,0.00921090804121057,2,0.5966236791293899,0.6098018524847969
8. Mushroom dataset,CTGAN,SVM-RBF,Precision,TRTR,0.660338278612806,0.003326244875037613,2,0.6579588263704396,0.6627177308551725
8. Mushroom dataset,CTGAN,SVM-RBF,Precision,TSTR,0.6013888965202371,0.01537976386083006,2,0.5903868762299224,0.6123909168105518
8. Mushroom dataset,CTGAN,SVM-RBF,Recall,TRTR,0.7704814759262038,0.002684656261806534,2,0.7685609885291156,0.7724019633232919
8. Mushroom dataset,CTGAN,SVM-RBF,Recall,TSTR,0.6058947052647368,0.02138056152246889,2,0.5905999729257301,0.6211894376037435
8. Mushroom dataset,CopulaGAN,AdaBoost,Accuracy,TRTR,0.6530214749458965,0.00911056123636879,2,0.6465041720480303,0.6595387778437626
8. Mushroom dataset,CopulaGAN,AdaBoost,Accuracy,TSTR,0.5658814716164475,0.006043001484273743,2,0.5615585687717746,0.5702043744611205
8. Mushroom dataset,CopulaGAN,AdaBoost,F1,TRTR,0.6586554205410092,0.01000642657450882,2,0.6514972541866692,0.6658135868953493
8. Mushroom dataset,CopulaGAN,AdaBoost,F1,TSTR,0.7054272208130199,0.007452101553669144,2,0.7000963085024763,0.7107581331235635
8. Mushroom dataset,CopulaGAN,AdaBoost,Precision,TRTR,0.7262195138345482,0.02162521657245883,2,0.7107497658159463,0.7416892618531501
8. Mushroom dataset,CopulaGAN,AdaBoost,Precision,TSTR,0.5658458775850261,0.00479103405184462,2,0.5624185782892138,0.5692731768808384
8. Mushroom dataset,CopulaGAN,AdaBoost,Recall,TRTR,0.6036898155092245,0.02328275950044984,2,0.5870343327101121,0.620345298308337
8. Mushroom dataset,CopulaGAN,AdaBoost,Recall,TSTR,0.9374381280935953,0.03347955247840662,2,0.913488299018768,0.9613879571684225
8. Mushroom dataset,CopulaGAN,Decision Tree,Accuracy,TRTR,0.9430830697519561,0.003054622010995107,2,0.9408979248012067,0.9452682147027055
8. Mushroom dataset,CopulaGAN,Decision Tree,Accuracy,TSTR,0.5234226735475278,0.03195859578285498,2,0.5005608713485726,0.546284475746483
8. Mushroom dataset,CopulaGAN,Decision Tree,F1,TRTR,0.9486269064274188,0.002733229331666377,2,0.9466716719493613,0.9505821409054762
8. Mushroom dataset,CopulaGAN,Decision Tree,F1,TSTR,0.6118598231836925,0.02966383212907069,2,0.5906395960120829,0.633080050355302
8. Mushroom dataset,CopulaGAN,Decision Tree,Precision,TRTR,0.9503557108620792,0.004797011192999022,2,0.9469241357770639,0.9537872859470944
8. Mushroom dataset,CopulaGAN,Decision Tree,Precision,TSTR,0.5580066335682452,0.02331938781583857,2,0.5413249484507647,0.5746883186857257
8. Mushroom dataset,CopulaGAN,Decision Tree,Recall,TRTR,0.9469326533673316,0.004340358980694475,2,0.9438277475960233,0.9500375591386399
8. Mushroom dataset,CopulaGAN,Decision Tree,Recall,TSTR,0.6779511024448778,0.04324106891973638,2,0.6470183051708266,0.708883899718929
8. Mushroom dataset,CopulaGAN,Extra Trees,Accuracy,TRTR,0.999983352755119,3.329448976194804e-05,2,0.9999595353119364,1.0000071701983015
8. Mushroom dataset,CopulaGAN,Extra Trees,Accuracy,TSTR,0.5564757782586982,0.01158827917179895,2,0.548186022724631,0.5647655337927654
8. Mushroom dataset,CopulaGAN,Extra Trees,F1,TRTR,0.9999849996249907,3.000075001873271e-05,2,0.9999635383812799,1.0000064608687014
8. Mushroom dataset,CopulaGAN,Extra Trees,F1,TSTR,0.6800171253454887,0.008499579486332209,2,0.6739368924619442,0.6860973582290333
8. Mushroom dataset,CopulaGAN,Extra Trees,Precision,TRTR,1.0,0.0,2,1.0,1.0
8. Mushroom dataset,CopulaGAN,Extra Trees,Precision,TSTR,0.5670720916541128,0.007427762747439609,2,0.561758590276689,0.5723855930315366
8. Mushroom dataset,CopulaGAN,Extra Trees,Recall,TRTR,0.9999700014999249,5.999700014998055e-05,2,0.999927082231529,1.0000129207683208
8. Mushroom dataset,CopulaGAN,Extra Trees,Recall,TSTR,0.8493625318734063,0.01688092792813279,2,0.8372866435005251,0.8614384202462875
8. Mushroom dataset,CopulaGAN,Gradient Boosting,Accuracy,TRTR,0.8177376394206759,0.009463270545125387,2,0.8109680234829844,0.8245072553583674
8. Mushroom dataset,CopulaGAN,Gradient Boosting,Accuracy,TSTR,0.5640835691693025,0.006177950477654592,2,0.5596641296302582,0.5685030087083467
8. Mushroom dataset,CopulaGAN,Gradient Boosting,F1,TRTR,0.8351441635674031,0.009911515687219402,2,0.8280538923717389,0.8422344347630673
8. Mushroom dataset,CopulaGAN,Gradient Boosting,F1,TSTR,0.7064806499324027,0.005363690101291519,2,0.7026436971768625,0.7103176026879429
8. Mushroom dataset,CopulaGAN,Gradient Boosting,Precision,TRTR,0.8380774142407716,0.007023800154772467,2,0.8330528902937732,0.8431019381877701
8. Mushroom dataset,CopulaGAN,Gradient Boosting,Precision,TSTR,0.5639986847334606,0.003733193701920972,2,0.5613281188373993,0.5666692506295219
8. Mushroom dataset,CopulaGAN,Gradient Boosting,Recall,TRTR,0.8324883755812209,0.01907263019534354,2,0.8188446378556201,0.8461321133068217
8. Mushroom dataset,CopulaGAN,Gradient Boosting,Recall,TSTR,0.9455677216139191,0.01833831766465476,2,0.9324492794283004,0.9586861637995379
8. Mushroom dataset,CopulaGAN,KNN,Accuracy,TRTR,0.9993757283169635,0.0001870501502766885,2,0.9992419207001969,0.9995095359337302
8. Mushroom dataset,CopulaGAN,KNN,Accuracy,TSTR,0.5636340935575163,0.009603689379772073,2,0.5567640280367294,0.5705041590783031
8. Mushroom dataset,CopulaGAN,KNN,F1,TRTR,0.999437537679781,0.0001685162263673175,2,0.999316988433478,0.999558086926084
8. Mushroom dataset,CopulaGAN,KNN,F1,TSTR,0.6662669957911382,0.009359501314161892,2,0.6595716118894456,0.6729623796928309
8. Mushroom dataset,CopulaGAN,KNN,Precision,TRTR,0.9994300667201221,0.0002203628791389911,2,0.9992724286127066,0.9995877048275377
8. Mushroom dataset,CopulaGAN,KNN,Precision,TSTR,0.5787659725550133,0.0063767313122318,2,0.5742043337731761,0.5833276113368504
8. Mushroom dataset,CopulaGAN,KNN,Recall,TRTR,0.9994450277486123,0.0001649917504124697,2,0.9993269997605236,0.999563055736701
8. Mushroom dataset,CopulaGAN,KNN,Recall,TSTR,0.7852257387130643,0.02023381039913529,2,0.7707513427095842,0.7997001347165444
8. Mushroom dataset,CopulaGAN,Logistic Regression,Accuracy,TRTR,0.6532711836191111,0.003432765231763527,2,0.6508155313039323,0.6557268359342898
8. Mushroom dataset,CopulaGAN,Logistic Regression,Accuracy,TSTR,0.5467204927584485,0.00788946376228619,2,0.5410767103715522,0.5523642751453447
8. Mushroom dataset,CopulaGAN,Logistic Regression,F1,TRTR,0.7102051701755642,0.002525563014958159,2,0.7083984912313052,0.7120118491198232
8. Mushroom dataset,CopulaGAN,Logistic Regression,F1,TSTR,0.6882905859040489,0.005898789461017772,2,0.6840708461261386,0.6925103256819592
8. Mushroom dataset,CopulaGAN,Logistic Regression,Precision,TRTR,0.6622882541511838,0.003196371629185143,2,0.6600017076321409,0.6645748006702266
8. Mushroom dataset,CopulaGAN,Logistic Regression,Precision,TSTR,0.5565751628134027,0.004996882753768498,2,0.5530006082270804,0.560149717399725
8. Mushroom dataset,CopulaGAN,Logistic Regression,Recall,TRTR,0.7656067196640167,0.002835651757146686,2,0.7635782165965639,0.7676352227314696
8. Mushroom dataset,CopulaGAN,Logistic Regression,Recall,TSTR,0.9019799010049498,0.01801037719817063,2,0.8890960532967835,0.9148637487131162
8. Mushroom dataset,CopulaGAN,MLP,Accuracy,TRTR,0.9998002330614282,0.0001498252039287662,2,0.9996930545671067,0.9999074115557497
8. Mushroom dataset,CopulaGAN,MLP,Accuracy,TSTR,0.5513484268353588,0.01633452107363115,2,0.5396634143793246,0.5630334392913929
8. Mushroom dataset,CopulaGAN,MLP,F1,TRTR,0.9998200033725814,0.0001350057549300141,2,0.999723426073444,0.9999165806717187
8. Mushroom dataset,CopulaGAN,MLP,F1,TSTR,0.6461456328584388,0.01881412751712368,2,0.6326868168089191,0.6596044489079586
8. Mushroom dataset,CopulaGAN,MLP,Precision,TRTR,0.999835012740364,0.0001414792911934868,2,0.9997338045523544,0.9999362209283736
8. Mushroom dataset,CopulaGAN,MLP,Precision,TSTR,0.5742175556943734,0.01010411067529348,2,0.5669895103439316,0.5814456010448151
8. Mushroom dataset,CopulaGAN,MLP,Recall,TRTR,0.9998050097495124,0.0001781062259942747,2,0.9996776002307478,0.9999324192682769
8. Mushroom dataset,CopulaGAN,MLP,Recall,TSTR,0.7391780410979452,0.0343615402812965,2,0.7145972759573231,0.7637588062385672
8. Mushroom dataset,CopulaGAN,Naive Bayes,Accuracy,TRTR,0.6093557516231064,0.002206246746399765,2,0.607777497776755,0.6109340054694578
8. Mushroom dataset,CopulaGAN,Naive Bayes,Accuracy,TSTR,0.5450391210254704,0.00973425847596451,2,0.5380756520000136,0.5520025900509271
8. Mushroom dataset,CopulaGAN,Naive Bayes,F1,TRTR,0.5471586204572338,0.003948342675541275,2,0.5443341462570769,0.5499830946573908
8. Mushroom dataset,CopulaGAN,Naive Bayes,F1,TSTR,0.6493128670904976,0.01433879528672734,2,0.6390555108585841,0.6595702233224111
8. Mushroom dataset,CopulaGAN,Naive Bayes,Precision,TRTR,0.7669376693867336,0.002744162729666706,2,0.7649746136269107,0.7689007251465565
8. Mushroom dataset,CopulaGAN,Naive Bayes,Precision,TSTR,0.5672793865264216,0.006289173134854579,2,0.5627803830914471,0.5717783899613962
8. Mushroom dataset,CopulaGAN,Naive Bayes,Recall,TRTR,0.4253037348132593,0.004574279456311722,2,0.42203149241426613,0.42857597721225243
8. Mushroom dataset,CopulaGAN,Naive Bayes,Recall,TSTR,0.760161991900405,0.03664657827782319,2,0.7339466090485219,0.7863773747522881
8. Mushroom dataset,CopulaGAN,Random Forest,Accuracy,TRTR,0.9998917929082738,3.814362988976479e-05,2,0.9998645065992127,0.9999190792173349
8. Mushroom dataset,CopulaGAN,Random Forest,Accuracy,TSTR,0.5576327617779258,0.01106272990693034,2,0.5497189615399194,0.5655465620159321
8. Mushroom dataset,CopulaGAN,Random Forest,F1,TRTR,0.9999025054365672,3.436305920243479e-05,2,0.9998779235848558,0.9999270872882786
8. Mushroom dataset,CopulaGAN,Random Forest,F1,TSTR,0.6819009628755491,0.01064568963323413,2,0.6742854952774067,0.6895164304736916
8. Mushroom dataset,CopulaGAN,Random Forest,Precision,TRTR,0.9999100179950515,9.947206977344203e-05,2,0.9998388599629862,0.9999811760271169
8. Mushroom dataset,CopulaGAN,Random Forest,Precision,TSTR,0.567313166115152,0.006398150983585902,2,0.5627362046234877,0.5718901276068163
8. Mushroom dataset,CopulaGAN,Random Forest,Recall,TRTR,0.9998950052497374,6.873519866439068e-05,2,0.9998458350506884,0.9999441754487864
8. Mushroom dataset,CopulaGAN,Random Forest,Recall,TSTR,0.8549122543872807,0.02581179184935698,2,0.8364476108319097,0.8733768979426517
8. Mushroom dataset,CopulaGAN,SVM-RBF,Accuracy,TRTR,0.652688530048277,0.003540466283100108,2,0.6501558330422424,0.6552212270543115
8. Mushroom dataset,CopulaGAN,SVM-RBF,Accuracy,TSTR,0.5477609455635093,0.006741599799608036,2,0.5429382955894501,0.5525835955375685
8. Mushroom dataset,CopulaGAN,SVM-RBF,F1,TRTR,0.7111657290688942,0.002515858645437491,2,0.70936599221239,0.7129654659253983
8. Mushroom dataset,CopulaGAN,SVM-RBF,F1,TSTR,0.6921348917025708,0.005459017715970776,2,0.6882297456795384,0.6960400377256032
8. Mushroom dataset,CopulaGAN,SVM-RBF,Precision,TRTR,0.660338278612806,0.003326244875037613,2,0.6579588263704396,0.6627177308551725
8. Mushroom dataset,CopulaGAN,SVM-RBF,Precision,TSTR,0.5562251538910632,0.004306044465888895,2,0.5531447952448967,0.5593055125372297
8. Mushroom dataset,CopulaGAN,SVM-RBF,Recall,TRTR,0.7704814759262038,0.002684656261806534,2,0.7685609885291156,0.7724019633232919
8. Mushroom dataset,CopulaGAN,SVM-RBF,Recall,TSTR,0.9162741862906856,0.01905917820538132,2,0.9026400715390036,0.9299083010423675
8. Mushroom dataset,ForestDiffusion,AdaBoost,Accuracy,TRTR,0.6530214749458965,0.00911056123636879,2,0.6465041720480303,0.6595387778437626
8. Mushroom dataset,ForestDiffusion,AdaBoost,Accuracy,TSTR,0.6569668719826869,0.0109464844492528,2,0.6491362287356199,0.6647975152297538
8. Mushroom dataset,ForestDiffusion,AdaBoost,F1,TRTR,0.6586554205410092,0.01000642657450882,2,0.6514972541866692,0.6658135868953493
8. Mushroom dataset,ForestDiffusion,AdaBoost,F1,TSTR,0.7054501163275078,0.005909802092955805,2,0.7012224985872875,0.709677734067728
8. Mushroom dataset,ForestDiffusion,AdaBoost,Precision,TRTR,0.7262195138345482,0.02162521657245883,2,0.7107497658159463,0.7416892618531501
8. Mushroom dataset,ForestDiffusion,AdaBoost,Precision,TSTR,0.6749553590245572,0.02014059479190419,2,0.6605476454494557,0.6893630725996587
8. Mushroom dataset,ForestDiffusion,AdaBoost,Recall,TRTR,0.6036898155092245,0.02328275950044984,2,0.5870343327101121,0.620345298308337
8. Mushroom dataset,ForestDiffusion,AdaBoost,Recall,TSTR,0.7405129743512825,0.02783700788809631,2,0.7205995785164809,0.760426370186084
8. Mushroom dataset,ForestDiffusion,Decision Tree,Accuracy,TRTR,0.9430830697519561,0.003054622010995107,2,0.9408979248012067,0.9452682147027055
8. Mushroom dataset,ForestDiffusion,Decision Tree,Accuracy,TSTR,0.7802896620609289,0.02365755075624813,2,0.763366069748677,0.7972132543731807
8. Mushroom dataset,ForestDiffusion,Decision Tree,F1,TRTR,0.9486269064274188,0.002733229331666377,2,0.9466716719493613,0.9505821409054762
8. Mushroom dataset,ForestDiffusion,Decision Tree,F1,TSTR,0.8034912472240883,0.02117157621373452,2,0.7883460139689348,0.8186364804792418
8. Mushroom dataset,ForestDiffusion,Decision Tree,Precision,TRTR,0.9503557108620792,0.004797011192999022,2,0.9469241357770639,0.9537872859470944
8. Mushroom dataset,ForestDiffusion,Decision Tree,Precision,TSTR,0.7978041374525189,0.022863200634055,2,0.7814487889859506,0.8141594859190872
8. Mushroom dataset,ForestDiffusion,Decision Tree,Recall,TRTR,0.9469326533673316,0.004340358980694475,2,0.9438277475960233,0.9500375591386399
8. Mushroom dataset,ForestDiffusion,Decision Tree,Recall,TSTR,0.8095845207739613,0.02531687241731768,2,0.7914739212522073,0.8276951202957152
8. Mushroom dataset,ForestDiffusion,Extra Trees,Accuracy,TRTR,0.999983352755119,3.329448976194804e-05,2,0.9999595353119364,1.0000071701983015
8. Mushroom dataset,ForestDiffusion,Extra Trees,Accuracy,TSTR,0.9139836857000165,0.005142112712232631,2,0.9103052398599505,0.9176621315400826
8. Mushroom dataset,ForestDiffusion,Extra Trees,F1,TRTR,0.9999849996249907,3.000075001873271e-05,2,0.9999635383812799,1.0000064608687014
8. Mushroom dataset,ForestDiffusion,Extra Trees,F1,TSTR,0.9233865186622043,0.00481176833110665,2,0.9199443869565312,0.9268286503678774
8. Mushroom dataset,ForestDiffusion,Extra Trees,Precision,TRTR,1.0,0.0,2,1.0,1.0
8. Mushroom dataset,ForestDiffusion,Extra Trees,Precision,TSTR,0.9127879296386381,0.004335323832998748,2,0.9096866257950066,0.9158892334822696
8. Mushroom dataset,ForestDiffusion,Extra Trees,Recall,TRTR,0.9999700014999249,5.999700014998055e-05,2,0.999927082231529,1.0000129207683208
8. Mushroom dataset,ForestDiffusion,Extra Trees,Recall,TSTR,0.9342882855857206,0.008863643065170833,2,0.9279476173068351,0.9406289538646062
8. Mushroom dataset,ForestDiffusion,Gradient Boosting,Accuracy,TRTR,0.8177376394206759,0.009463270545125387,2,0.8109680234829844,0.8245072553583674
8. Mushroom dataset,ForestDiffusion,Gradient Boosting,Accuracy,TSTR,0.7879473947061761,0.01187750298864832,2,0.7794507409173494,0.7964440484950028
8. Mushroom dataset,ForestDiffusion,Gradient Boosting,F1,TRTR,0.8351441635674031,0.009911515687219402,2,0.8280538923717389,0.8422344347630673
8. Mushroom dataset,ForestDiffusion,Gradient Boosting,F1,TSTR,0.8152343871639589,0.0126440930466092,2,0.8061893478831079,0.8242794264448099
8. Mushroom dataset,ForestDiffusion,Gradient Boosting,Precision,TRTR,0.8380774142407716,0.007023800154772467,2,0.8330528902937732,0.8431019381877701
8. Mushroom dataset,ForestDiffusion,Gradient Boosting,Precision,TSTR,0.7887885942352234,0.006890938677445141,2,0.7838591136635709,0.793718074806876
8. Mushroom dataset,ForestDiffusion,Gradient Boosting,Recall,TRTR,0.8324883755812209,0.01907263019534354,2,0.8188446378556201,0.8461321133068217
8. Mushroom dataset,ForestDiffusion,Gradient Boosting,Recall,TSTR,0.8438878056097195,0.02446228235832,2,0.8263885429884585,0.8613870682309805
8. Mushroom dataset,ForestDiffusion,KNN,Accuracy,TRTR,0.9993757283169635,0.0001870501502766885,2,0.9992419207001969,0.9995095359337302
8. Mushroom dataset,ForestDiffusion,KNN,Accuracy,TSTR,0.8545446978525055,0.006035774246015561,2,0.8502269650626317,0.8588624306423793
8. Mushroom dataset,ForestDiffusion,KNN,F1,TRTR,0.999437537679781,0.0001685162263673175,2,0.999316988433478,0.999558086926084
8. Mushroom dataset,ForestDiffusion,KNN,F1,TSTR,0.8658002442902049,0.005834059766358549,2,0.8616268093463916,0.8699736792340181
8. Mushroom dataset,ForestDiffusion,KNN,Precision,TRTR,0.9994300667201221,0.0002203628791389911,2,0.9992724286127066,0.9995877048275377
8. Mushroom dataset,ForestDiffusion,KNN,Precision,TSTR,0.8870320336820333,0.006014897645580653,2,0.8827292351124542,0.8913348322516125
8. Mushroom dataset,ForestDiffusion,KNN,Recall,TRTR,0.9994450277486123,0.0001649917504124697,2,0.9993269997605236,0.999563055736701
8. Mushroom dataset,ForestDiffusion,KNN,Recall,TSTR,0.8456127193640318,0.00864666110925219,2,0.8394272706257875,0.8517981681022762
8. Mushroom dataset,ForestDiffusion,Logistic Regression,Accuracy,TRTR,0.6532711836191111,0.003432765231763527,2,0.6508155313039323,0.6557268359342898
8. Mushroom dataset,ForestDiffusion,Logistic Regression,Accuracy,TSTR,0.6629432328949559,0.00567524574843845,2,0.6588834066556295,0.6670030591342824
8. Mushroom dataset,ForestDiffusion,Logistic Regression,F1,TRTR,0.7102051701755642,0.002525563014958159,2,0.7083984912313052,0.7120118491198232
8. Mushroom dataset,ForestDiffusion,Logistic Regression,F1,TSTR,0.6987984491408717,0.005611616993817419,2,0.6947841401705829,0.7028127581111606
8. Mushroom dataset,ForestDiffusion,Logistic Regression,Precision,TRTR,0.6622882541511838,0.003196371629185143,2,0.6600017076321409,0.6645748006702266
8. Mushroom dataset,ForestDiffusion,Logistic Regression,Precision,TSTR,0.6931200354970773,0.005281692239706439,2,0.6893417404780984,0.6968983305160563
8. Mushroom dataset,ForestDiffusion,Logistic Regression,Recall,TRTR,0.7656067196640167,0.002835651757146686,2,0.7635782165965639,0.7676352227314696
8. Mushroom dataset,ForestDiffusion,Logistic Regression,Recall,TSTR,0.7046197690115493,0.00835231995919257,2,0.6986448792477167,0.710594658775382
8. Mushroom dataset,ForestDiffusion,MLP,Accuracy,TRTR,0.9998002330614282,0.0001498252039287662,2,0.9996930545671067,0.9999074115557497
8. Mushroom dataset,ForestDiffusion,MLP,Accuracy,TSTR,0.8373064757782587,0.007921202748569733,2,0.8316399886883354,0.8429729628681819
8. Mushroom dataset,ForestDiffusion,MLP,F1,TRTR,0.9998200033725814,0.0001350057549300141,2,0.999723426073444,0.9999165806717187
8. Mushroom dataset,ForestDiffusion,MLP,F1,TSTR,0.8574179044210599,0.006791646007118555,2,0.8525594535468395,0.8622763552952804
8. Mushroom dataset,ForestDiffusion,MLP,Precision,TRTR,0.999835012740364,0.0001414792911934868,2,0.9997338045523544,0.9999362209283736
8. Mushroom dataset,ForestDiffusion,MLP,Precision,TSTR,0.8347593528327172,0.01018178979785542,2,0.8274757391854997,0.8420429664799347
8. Mushroom dataset,ForestDiffusion,MLP,Recall,TRTR,0.9998050097495124,0.0001781062259942747,2,0.9996776002307478,0.9999324192682769
8. Mushroom dataset,ForestDiffusion,MLP,Recall,TSTR,0.8815059247037649,0.01113081803728929,2,0.8735434171514904,0.8894684322560393
8. Mushroom dataset,ForestDiffusion,Naive Bayes,Accuracy,TRTR,0.6093557516231064,0.002206246746399765,2,0.607777497776755,0.6109340054694578
8. Mushroom dataset,ForestDiffusion,Naive Bayes,Accuracy,TSTR,0.5940069918428501,0.004325593662813265,2,0.5909126485436572,0.597101335142043
8. Mushroom dataset,ForestDiffusion,Naive Bayes,F1,TRTR,0.5471586204572338,0.003948342675541275,2,0.5443341462570769,0.5499830946573908
8. Mushroom dataset,ForestDiffusion,Naive Bayes,F1,TSTR,0.5258634247519973,0.00787705473555553,2,0.5202285192480696,0.5314983302559251
8. Mushroom dataset,ForestDiffusion,Naive Bayes,Precision,TRTR,0.7669376693867336,0.002744162729666706,2,0.7649746136269107,0.7689007251465565
8. Mushroom dataset,ForestDiffusion,Naive Bayes,Precision,TSTR,0.7471363260614226,0.007472677631446342,2,0.7417906945115428,0.7524819576113023
8. Mushroom dataset,ForestDiffusion,Naive Bayes,Recall,TRTR,0.4253037348132593,0.004574279456311722,2,0.42203149241426613,0.42857597721225243
8. Mushroom dataset,ForestDiffusion,Naive Bayes,Recall,TSTR,0.4058047097645117,0.009362764476637342,2,0.3991069915370069,0.41250242799201653
8. Mushroom dataset,ForestDiffusion,Random Forest,Accuracy,TRTR,0.9998917929082738,3.814362988976479e-05,2,0.9998645065992127,0.9999190792173349
8. Mushroom dataset,ForestDiffusion,Random Forest,Accuracy,TSTR,0.8865656733810553,0.005322147880907117,2,0.8827584381397572,0.8903729086223534
8. Mushroom dataset,ForestDiffusion,Random Forest,F1,TRTR,0.9999025054365672,3.436305920243479e-05,2,0.9998779235848558,0.9999270872882786
8. Mushroom dataset,ForestDiffusion,Random Forest,F1,TSTR,0.902003909679925,0.004685498851967715,2,0.8986521057181696,0.9053557136416805
8. Mushroom dataset,ForestDiffusion,Random Forest,Precision,TRTR,0.9999100179950515,9.947206977344203e-05,2,0.9998388599629862,0.9999811760271169
8. Mushroom dataset,ForestDiffusion,Random Forest,Precision,TSTR,0.8663325184399048,0.006056613095878596,2,0.8619998784348686,0.870665158444941
8. Mushroom dataset,ForestDiffusion,Random Forest,Recall,TRTR,0.9998950052497374,6.873519866439068e-05,2,0.9998458350506884,0.9999441754487864
8. Mushroom dataset,ForestDiffusion,Random Forest,Recall,TSTR,0.9408129593520325,0.008526173248019027,2,0.934713702437409,0.9469122162666559
8. Mushroom dataset,ForestDiffusion,SVM-RBF,Accuracy,TRTR,0.652688530048277,0.003540466283100108,2,0.6501558330422424,0.6552212270543115
8. Mushroom dataset,ForestDiffusion,SVM-RBF,Accuracy,TSTR,0.6626602297319792,0.005627384388638883,2,0.6586346414469154,0.6666858180170431
8. Mushroom dataset,ForestDiffusion,SVM-RBF,F1,TRTR,0.7111657290688942,0.002515858645437491,2,0.70936599221239,0.7129654659253983
8. Mushroom dataset,ForestDiffusion,SVM-RBF,F1,TSTR,0.6988185941478678,0.005350444122233014,2,0.6949911169949238,0.7026460713008119
8. Mushroom dataset,ForestDiffusion,SVM-RBF,Precision,TRTR,0.660338278612806,0.003326244875037613,2,0.6579588263704396,0.6627177308551725
8. Mushroom dataset,ForestDiffusion,SVM-RBF,Precision,TSTR,0.6925340588965098,0.005459372229371497,2,0.6886286592698679,0.6964394585231516
8. Mushroom dataset,ForestDiffusion,SVM-RBF,Recall,TRTR,0.7704814759262038,0.002684656261806534,2,0.7685609885291156,0.7724019633232919
8. Mushroom dataset,ForestDiffusion,SVM-RBF,Recall,TSTR,0.7052647367631618,0.007750128605416733,2,0.6997206287429791,0.7108088447833445
8. Mushroom dataset,GaussianCopula,AdaBoost,Accuracy,TRTR,0.6530214749458965,0.00911056123636879,2,0.6465041720480303,0.6595387778437626
8. Mushroom dataset,GaussianCopula,AdaBoost,Accuracy,TSTR,0.5836357582820042,0.009376020348600559,2,0.5769285573749456,0.5903429591890628
8. Mushroom dataset,GaussianCopula,AdaBoost,F1,TRTR,0.6586554205410092,0.01000642657450882,2,0.6514972541866692,0.6658135868953493
8. Mushroom dataset,GaussianCopula,AdaBoost,F1,TSTR,0.6438494508268608,0.01347873746988599,2,0.6342073428937741,0.6534915587599476
8. Mushroom dataset,GaussianCopula,AdaBoost,Precision,TRTR,0.7262195138345482,0.02162521657245883,2,0.7107497658159463,0.7416892618531501
8. Mushroom dataset,GaussianCopula,AdaBoost,Precision,TSTR,0.612921835917633,0.009165951166029859,2,0.6063649094510617,0.6194787623842044
8. Mushroom dataset,GaussianCopula,AdaBoost,Recall,TRTR,0.6036898155092245,0.02328275950044984,2,0.5870343327101121,0.620345298308337
8. Mushroom dataset,GaussianCopula,AdaBoost,Recall,TSTR,0.6790910454477276,0.03156878939177367,2,0.6565080939426309,0.7016739969528243
8. Mushroom dataset,GaussianCopula,Decision Tree,Accuracy,TRTR,0.9430830697519561,0.003054622010995107,2,0.9408979248012067,0.9452682147027055
8. Mushroom dataset,GaussianCopula,Decision Tree,Accuracy,TSTR,0.5393873813883802,0.02418844681205261,2,0.5220840089162466,0.5566907538605137
8. Mushroom dataset,GaussianCopula,Decision Tree,F1,TRTR,0.9486269064274188,0.002733229331666377,2,0.9466716719493613,0.9505821409054762
8. Mushroom dataset,GaussianCopula,Decision Tree,F1,TSTR,0.5810708918678696,0.02592114735024444,2,0.5625280200997309,0.5996137636360084
8. Mushroom dataset,GaussianCopula,Decision Tree,Precision,TRTR,0.9503557108620792,0.004797011192999022,2,0.9469241357770639,0.9537872859470944
8. Mushroom dataset,GaussianCopula,Decision Tree,Precision,TSTR,0.5870065416644352,0.0234823480968189,2,0.5702082817845536,0.6038048015443168
8. Mushroom dataset,GaussianCopula,Decision Tree,Recall,TRTR,0.9469326533673316,0.004340358980694475,2,0.9438277475960233,0.9500375591386399
8. Mushroom dataset,GaussianCopula,Decision Tree,Recall,TSTR,0.5768711564421779,0.04165580961900132,2,0.5470723853566898,0.606669927527666
8. Mushroom dataset,GaussianCopula,Extra Trees,Accuracy,TRTR,0.999983352755119,3.329448976194804e-05,2,0.9999595353119364,1.0000071701983015
8. Mushroom dataset,GaussianCopula,Extra Trees,Accuracy,TSTR,0.5888130514399867,0.0178575749284664,2,0.5760385118907041,0.6015875909892694
8. Mushroom dataset,GaussianCopula,Extra Trees,F1,TRTR,0.9999849996249907,3.000075001873271e-05,2,0.9999635383812799,1.0000064608687014
8. Mushroom dataset,GaussianCopula,Extra Trees,F1,TSTR,0.6395562062608107,0.0183335979440471,2,0.6264411403599229,0.6526712721616984
8. Mushroom dataset,GaussianCopula,Extra Trees,Precision,TRTR,1.0,0.0,2,1.0,1.0
8. Mushroom dataset,GaussianCopula,Extra Trees,Precision,TSTR,0.622506674095409,0.01429460783745448,2,0.6122809276604909,0.6327324205303272
8. Mushroom dataset,GaussianCopula,Extra Trees,Recall,TRTR,0.9999700014999249,5.999700014998055e-05,2,0.999927082231529,1.0000129207683208
8. Mushroom dataset,GaussianCopula,Extra Trees,Recall,TSTR,0.6578221088945553,0.02556200073895396,2,0.6395361551350656,0.676108062654045
8. Mushroom dataset,GaussianCopula,Gradient Boosting,Accuracy,TRTR,0.8177376394206759,0.009463270545125387,2,0.8109680234829844,0.8245072553583674
8. Mushroom dataset,GaussianCopula,Gradient Boosting,Accuracy,TSTR,0.5854919260862327,0.01520065071375097,2,0.5746180356226344,0.596365816549831
8. Mushroom dataset,GaussianCopula,Gradient Boosting,F1,TRTR,0.8351441635674031,0.009911515687219402,2,0.8280538923717389,0.8422344347630673
8. Mushroom dataset,GaussianCopula,Gradient Boosting,F1,TSTR,0.6610101093010528,0.01636798488295455,2,0.6493011582779185,0.672719060324187
8. Mushroom dataset,GaussianCopula,Gradient Boosting,Precision,TRTR,0.8380774142407716,0.007023800154772467,2,0.8330528902937732,0.8431019381877701
8. Mushroom dataset,GaussianCopula,Gradient Boosting,Precision,TSTR,0.6050453837842082,0.01094411247094296,2,0.5972164373482061,0.6128743302202104
8. Mushroom dataset,GaussianCopula,Gradient Boosting,Recall,TRTR,0.8324883755812209,0.01907263019534354,2,0.8188446378556201,0.8461321133068217
8. Mushroom dataset,GaussianCopula,Gradient Boosting,Recall,TSTR,0.7290385480725964,0.03066532384372371,2,0.7071018968866197,0.750975199258573
8. Mushroom dataset,GaussianCopula,KNN,Accuracy,TRTR,0.9993757283169635,0.0001870501502766885,2,0.9992419207001969,0.9995095359337302
8. Mushroom dataset,GaussianCopula,KNN,Accuracy,TSTR,0.5445480273014816,0.01196349826027345,2,0.5359898562012154,0.5531061984017477
8. Mushroom dataset,GaussianCopula,KNN,F1,TRTR,0.999437537679781,0.0001685162263673175,2,0.999316988433478,0.999558086926084
8. Mushroom dataset,GaussianCopula,KNN,F1,TSTR,0.5944676971368936,0.01223488087375706,2,0.5857153906099068,0.6032200036638804
8. Mushroom dataset,GaussianCopula,KNN,Precision,TRTR,0.9994300667201221,0.0002203628791389911,2,0.9992724286127066,0.9995877048275377
8. Mushroom dataset,GaussianCopula,KNN,Precision,TSTR,0.587666608002218,0.01147819071977115,2,0.5794556050025784,0.5958776110018577
8. Mushroom dataset,GaussianCopula,KNN,Recall,TRTR,0.9994450277486123,0.0001649917504124697,2,0.9993269997605236,0.999563055736701
8. Mushroom dataset,GaussianCopula,KNN,Recall,TSTR,0.6018299085045749,0.02020184614140405,2,0.5873783783536075,0.6162814386555422
8. Mushroom dataset,GaussianCopula,Logistic Regression,Accuracy,TRTR,0.6532711836191111,0.003432765231763527,2,0.6508155313039323,0.6557268359342898
8. Mushroom dataset,GaussianCopula,Logistic Regression,Accuracy,TSTR,0.5705094056933577,0.009975051497526855,2,0.5633736837170126,0.5776451276697029
8. Mushroom dataset,GaussianCopula,Logistic Regression,F1,TRTR,0.7102051701755642,0.002525563014958159,2,0.7083984912313052,0.7120118491198232
8. Mushroom dataset,GaussianCopula,Logistic Regression,F1,TSTR,0.653111212954159,0.01159674547892956,2,0.6448154009888176,0.6614070249195003
8. Mushroom dataset,GaussianCopula,Logistic Regression,Precision,TRTR,0.6622882541511838,0.003196371629185143,2,0.6600017076321409,0.6645748006702266
8. Mushroom dataset,GaussianCopula,Logistic Regression,Precision,TSTR,0.5917304458378261,0.006637323570583384,2,0.5869823905843301,0.596478501091322
8. Mushroom dataset,GaussianCopula,Logistic Regression,Recall,TRTR,0.7656067196640167,0.002835651757146686,2,0.7635782165965639,0.7676352227314696
8. Mushroom dataset,GaussianCopula,Logistic Regression,Recall,TSTR,0.7290535473226339,0.02340846220963282,2,0.712308142222406,0.7457989524228619
8. Mushroom dataset,GaussianCopula,MLP,Accuracy,TRTR,0.9998002330614282,0.0001498252039287662,2,0.9996930545671067,0.9999074115557497
8. Mushroom dataset,GaussianCopula,MLP,Accuracy,TSTR,0.5755618445147327,0.01069543702736046,2,0.5679107897746469,0.5832128992548185
8. Mushroom dataset,GaussianCopula,MLP,F1,TRTR,0.9998200033725814,0.0001350057549300141,2,0.999723426073444,0.9999165806717187
8. Mushroom dataset,GaussianCopula,MLP,F1,TSTR,0.62862648769675,0.01572355225912568,2,0.6173785360015159,0.6398744393919841
8. Mushroom dataset,GaussianCopula,MLP,Precision,TRTR,0.999835012740364,0.0001414792911934868,2,0.9997338045523544,0.9999362209283736
8. Mushroom dataset,GaussianCopula,MLP,Precision,TSTR,0.6107780873589091,0.007149942844600607,2,0.6056633263676022,0.6158928483502161
8. Mushroom dataset,GaussianCopula,MLP,Recall,TRTR,0.9998050097495124,0.0001781062259942747,2,0.9996776002307478,0.9999324192682769
8. Mushroom dataset,GaussianCopula,MLP,Recall,TSTR,0.6482225888705566,0.0306199357381688,2,0.6263184063793383,0.6701267713617749
8. Mushroom dataset,GaussianCopula,Naive Bayes,Accuracy,TRTR,0.6093557516231064,0.002206246746399765,2,0.607777497776755,0.6109340054694578
8. Mushroom dataset,GaussianCopula,Naive Bayes,Accuracy,TSTR,0.6021807890794073,0.0192568835557357,2,0.5884052444399984,0.6159563337188162
8. Mushroom dataset,GaussianCopula,Naive Bayes,F1,TRTR,0.5471586204572338,0.003948342675541275,2,0.5443341462570769,0.5499830946573908
8. Mushroom dataset,GaussianCopula,Naive Bayes,F1,TSTR,0.6587741070041178,0.01711584055477272,2,0.6465301722614658,0.6710180417467697
8. Mushroom dataset,GaussianCopula,Naive Bayes,Precision,TRTR,0.7669376693867336,0.002744162729666706,2,0.7649746136269107,0.7689007251465565
8. Mushroom dataset,GaussianCopula,Naive Bayes,Precision,TSTR,0.6314661564865841,0.03120650363017937,2,0.6091423686029851,0.6537899443701831
8. Mushroom dataset,GaussianCopula,Naive Bayes,Recall,TRTR,0.4253037348132593,0.004574279456311722,2,0.42203149241426613,0.42857597721225243
8. Mushroom dataset,GaussianCopula,Naive Bayes,Recall,TSTR,0.6940902954852258,0.05348734456154031,2,0.65582775417015,0.7323528368003016
8. Mushroom dataset,GaussianCopula,Random Forest,Accuracy,TRTR,0.9998917929082738,3.814362988976479e-05,2,0.9998645065992127,0.9999190792173349
8. Mushroom dataset,GaussianCopula,Random Forest,Accuracy,TSTR,0.5762527051772931,0.02247475011627274,2,0.5601752374712552,0.592330172883331
8. Mushroom dataset,GaussianCopula,Random Forest,F1,TRTR,0.9999025054365672,3.436305920243479e-05,2,0.9998779235848558,0.9999270872882786
8. Mushroom dataset,GaussianCopula,Random Forest,F1,TSTR,0.6291839119035896,0.02239815511939433,2,0.6131612369575328,0.6452065868496464
8. Mushroom dataset,GaussianCopula,Random Forest,Precision,TRTR,0.9999100179950515,9.947206977344203e-05,2,0.9998388599629862,0.9999811760271169
8. Mushroom dataset,GaussianCopula,Random Forest,Precision,TSTR,0.6117444432381911,0.02014499517080223,2,0.597333581821656,0.6261553046547262
8. Mushroom dataset,GaussianCopula,Random Forest,Recall,TRTR,0.9998950052497374,6.873519866439068e-05,2,0.9998458350506884,0.9999441754487864
8. Mushroom dataset,GaussianCopula,Random Forest,Recall,TSTR,0.6486575671216439,0.03558195173547793,2,0.6232037722191259,0.6741113620241619
8. Mushroom dataset,GaussianCopula,SVM-RBF,Accuracy,TRTR,0.652688530048277,0.003540466283100108,2,0.6501558330422424,0.6552212270543115
8. Mushroom dataset,GaussianCopula,SVM-RBF,Accuracy,TSTR,0.5699600466122857,0.01048665770333428,2,0.5624583436034697,0.5774617496211017
8. Mushroom dataset,GaussianCopula,SVM-RBF,F1,TRTR,0.7111657290688942,0.002515858645437491,2,0.70936599221239,0.7129654659253983
8. Mushroom dataset,GaussianCopula,SVM-RBF,F1,TSTR,0.6537525334465686,0.01200897050816991,2,0.645161833459739,0.6623432334333982
8. Mushroom dataset,GaussianCopula,SVM-RBF,Precision,TRTR,0.660338278612806,0.003326244875037613,2,0.6579588263704396,0.6627177308551725
8. Mushroom dataset,GaussianCopula,SVM-RBF,Precision,TSTR,0.5907970720441358,0.006837900327013692,2,0.5859055328227466,0.595688611265525
8. Mushroom dataset,GaussianCopula,SVM-RBF,Recall,TRTR,0.7704814759262038,0.002684656261806534,2,0.7685609885291156,0.7724019633232919
8. Mushroom dataset,GaussianCopula,SVM-RBF,Recall,TSTR,0.732068396580171,0.02378864505645263,2,0.7150510250549322,0.7490857681054097
8. Mushroom dataset,TVAE,AdaBoost,Accuracy,TRTR,0.6530214749458965,0.00911056123636879,2,0.6465041720480303,0.6595387778437626
8. Mushroom dataset,TVAE,AdaBoost,Accuracy,TSTR,0.6089312468786415,0.004452484514453629,2,0.605746131332421,0.6121163624248621
8. Mushroom dataset,TVAE,AdaBoost,F1,TRTR,0.6586554205410092,0.01000642657450882,2,0.6514972541866692,0.6658135868953493
8. Mushroom dataset,TVAE,AdaBoost,F1,TSTR,0.6579251356347994,0.005698434427805095,2,0.6538487212135473,0.6620015500560514
8. Mushroom dataset,TVAE,AdaBoost,Precision,TRTR,0.7262195138345482,0.02162521657245883,2,0.7107497658159463,0.7416892618531501
8. Mushroom dataset,TVAE,AdaBoost,Precision,TSTR,0.6393311266263315,0.005439579383139315,2,0.635439885948931,0.6432223673037321
8. Mushroom dataset,TVAE,AdaBoost,Recall,TRTR,0.6036898155092245,0.02328275950044984,2,0.5870343327101121,0.620345298308337
8. Mushroom dataset,TVAE,AdaBoost,Recall,TSTR,0.6778611069446527,0.0137488480042976,2,0.6680257735753944,0.6876964403139111
8. Mushroom dataset,TVAE,Decision Tree,Accuracy,TRTR,0.9430830697519561,0.003054622010995107,2,0.9408979248012067,0.9452682147027055
8. Mushroom dataset,TVAE,Decision Tree,Accuracy,TSTR,0.5821458298651574,0.01160340733183154,2,0.573845252297336,0.5904464074329788
8. Mushroom dataset,TVAE,Decision Tree,F1,TRTR,0.9486269064274188,0.002733229331666377,2,0.9466716719493613,0.9505821409054762
8. Mushroom dataset,TVAE,Decision Tree,F1,TSTR,0.6143338426205494,0.009199383997543034,2,0.6077529997470683,0.6209146854940304
8. Mushroom dataset,TVAE,Decision Tree,Precision,TRTR,0.9503557108620792,0.004797011192999022,2,0.9469241357770639,0.9537872859470944
8. Mushroom dataset,TVAE,Decision Tree,Precision,TSTR,0.6300652067842142,0.01430405571495483,2,0.6198327017448793,0.6402977118235491
8. Mushroom dataset,TVAE,Decision Tree,Recall,TRTR,0.9469326533673316,0.004340358980694475,2,0.9438277475960233,0.9500375591386399
8. Mushroom dataset,TVAE,Decision Tree,Recall,TSTR,0.5997750112494376,0.01506734953235786,2,0.5889964787065252,0.6105535437923499
8. Mushroom dataset,TVAE,Extra Trees,Accuracy,TRTR,0.999983352755119,3.329448976194804e-05,2,0.9999595353119364,1.0000071701983015
8. Mushroom dataset,TVAE,Extra Trees,Accuracy,TSTR,0.6247128350258032,0.006276701237646473,2,0.6202227534486272,0.6292029166029792
8. Mushroom dataset,TVAE,Extra Trees,F1,TRTR,0.9999849996249907,3.000075001873271e-05,2,0.9999635383812799,1.0000064608687014
8. Mushroom dataset,TVAE,Extra Trees,F1,TSTR,0.6693256794674678,0.007719429004665895,2,0.6638035326186933,0.6748478263162423
8. Mushroom dataset,TVAE,Extra Trees,Precision,TRTR,1.0,0.0,2,1.0,1.0
8. Mushroom dataset,TVAE,Extra Trees,Precision,TSTR,0.6548570450616498,0.005453704998550935,2,0.6509556995277133,0.6587583905955863
8. Mushroom dataset,TVAE,Extra Trees,Recall,TRTR,0.9999700014999249,5.999700014998055e-05,2,0.999927082231529,1.0000129207683208
8. Mushroom dataset,TVAE,Extra Trees,Recall,TSTR,0.684640767961602,0.01511746574831875,2,0.6738263844375,0.695455151485704
8. Mushroom dataset,TVAE,Gradient Boosting,Accuracy,TRTR,0.8177376394206759,0.009463270545125387,2,0.8109680234829844,0.8245072553583674
8. Mushroom dataset,TVAE,Gradient Boosting,Accuracy,TSTR,0.5960878974529716,0.006326193997146319,2,0.591562410888491,0.6006133840174522
8. Mushroom dataset,TVAE,Gradient Boosting,F1,TRTR,0.8351441635674031,0.009911515687219402,2,0.8280538923717389,0.8422344347630673
8. Mushroom dataset,TVAE,Gradient Boosting,F1,TSTR,0.6446936482565284,0.008040700272548355,2,0.6389416777875786,0.6504456187254782
8. Mushroom dataset,TVAE,Gradient Boosting,Precision,TRTR,0.8380774142407716,0.007023800154772467,2,0.8330528902937732,0.8431019381877701
8. Mushroom dataset,TVAE,Gradient Boosting,Precision,TSTR,0.6298040124794175,0.00631010446940237,2,0.6252900356697226,0.6343179892891124
8. Mushroom dataset,TVAE,Gradient Boosting,Recall,TRTR,0.8324883755812209,0.01907263019534354,2,0.8188446378556201,0.8461321133068217
8. Mushroom dataset,TVAE,Gradient Boosting,Recall,TSTR,0.6605819709014551,0.01669537812504069,2,0.6486388168616206,0.6725251249412896
8. Mushroom dataset,TVAE,KNN,Accuracy,TRTR,0.9993757283169635,0.0001870501502766885,2,0.9992419207001969,0.9995095359337302
8. Mushroom dataset,TVAE,KNN,Accuracy,TSTR,0.6008323622440486,0.00661915893216344,2,0.5960973011900911,0.6055674232980061
8. Mushroom dataset,TVAE,KNN,F1,TRTR,0.999437537679781,0.0001685162263673175,2,0.999316988433478,0.999558086926084
8. Mushroom dataset,TVAE,KNN,F1,TSTR,0.6442189868589289,0.01018643359310747,2,0.6369320512407078,0.6515059224771499
8. Mushroom dataset,TVAE,KNN,Precision,TRTR,0.9994300667201221,0.0002203628791389911,2,0.9992724286127066,0.9995877048275377
8. Mushroom dataset,TVAE,KNN,Precision,TSTR,0.6378988751042305,0.01280477873248795,2,0.6287388882082926,0.6470588620001684
8. Mushroom dataset,TVAE,KNN,Recall,TRTR,0.9994450277486123,0.0001649917504124697,2,0.9993269997605236,0.999563055736701
8. Mushroom dataset,TVAE,KNN,Recall,TSTR,0.6520323983800809,0.03027118082054798,2,0.6303777001276801,0.6736870966324816
8. Mushroom dataset,TVAE,Logistic Regression,Accuracy,TRTR,0.6532711836191111,0.003432765231763527,2,0.6508155313039323,0.6557268359342898
8. Mushroom dataset,TVAE,Logistic Regression,Accuracy,TSTR,0.6100133177959047,0.00784207604568492,2,0.6044034345393383,0.6156232010524711
8. Mushroom dataset,TVAE,Logistic Regression,F1,TRTR,0.7102051701755642,0.002525563014958159,2,0.7083984912313052,0.7120118491198232
8. Mushroom dataset,TVAE,Logistic Regression,F1,TSTR,0.6561028035631795,0.004329155141736782,2,0.6530059125354432,0.6591996945909159
8. Mushroom dataset,TVAE,Logistic Regression,Precision,TRTR,0.6622882541511838,0.003196371629185143,2,0.6600017076321409,0.6645748006702266
8. Mushroom dataset,TVAE,Logistic Regression,Precision,TSTR,0.6427332181179617,0.01068482337411416,2,0.6350897559280235,0.6503766803078999
8. Mushroom dataset,TVAE,Logistic Regression,Recall,TRTR,0.7656067196640167,0.002835651757146686,2,0.7635782165965639,0.7676352227314696
8. Mushroom dataset,TVAE,Logistic Regression,Recall,TSTR,0.6703914804259787,0.01209487478375372,2,0.6617393282223563,0.6790436326296012
8. Mushroom dataset,TVAE,MLP,Accuracy,TRTR,0.9998002330614282,0.0001498252039287662,2,0.9996930545671067,0.9999074115557497
8. Mushroom dataset,TVAE,MLP,Accuracy,TSTR,0.6079157649409023,0.006682085688881362,2,0.6031356887969551,0.6126958410848494
8. Mushroom dataset,TVAE,MLP,F1,TRTR,0.9998200033725814,0.0001350057549300141,2,0.999723426073444,0.9999165806717187
8. Mushroom dataset,TVAE,MLP,F1,TSTR,0.6410924074522057,0.00779993222244019,2,0.6355126720706422,0.6466721428337693
8. Mushroom dataset,TVAE,MLP,Precision,TRTR,0.999835012740364,0.0001414792911934868,2,0.9997338045523544,0.9999362209283736
8. Mushroom dataset,TVAE,MLP,Precision,TSTR,0.6516623550800821,0.009014988956208522,2,0.6452134204728497,0.6581112896873145
8. Mushroom dataset,TVAE,MLP,Recall,TRTR,0.9998050097495124,0.0001781062259942747,2,0.9996776002307478,0.9999324192682769
8. Mushroom dataset,TVAE,MLP,Recall,TSTR,0.6312734363281836,0.01734513300277564,2,0.6188654756493617,0.6436813970070054
8. Mushroom dataset,TVAE,Naive Bayes,Accuracy,TRTR,0.6093557516231064,0.002206246746399765,2,0.607777497776755,0.6109340054694578
8. Mushroom dataset,TVAE,Naive Bayes,Accuracy,TSTR,0.5786582320625937,0.01264051075755939,2,0.5696157553969536,0.5877007087282338
8. Mushroom dataset,TVAE,Naive Bayes,F1,TRTR,0.5471586204572338,0.003948342675541275,2,0.5443341462570769,0.5499830946573908
8. Mushroom dataset,TVAE,Naive Bayes,F1,TSTR,0.5713979739163741,0.006498499110508371,2,0.5667492276991128,0.5760467201336354
8. Mushroom dataset,TVAE,Naive Bayes,Precision,TRTR,0.7669376693867336,0.002744162729666706,2,0.7649746136269107,0.7689007251465565
8. Mushroom dataset,TVAE,Naive Bayes,Precision,TSTR,0.6574631754082448,0.02420224053218598,2,0.6401499355031547,0.674776415313335
8. Mushroom dataset,TVAE,Naive Bayes,Recall,TRTR,0.4253037348132593,0.004574279456311722,2,0.42203149241426613,0.42857597721225243
8. Mushroom dataset,TVAE,Naive Bayes,Recall,TSTR,0.5061496925153742,0.01542930063460538,2,0.495112235751839,0.5171871492789094
8. Mushroom dataset,TVAE,Random Forest,Accuracy,TRTR,0.9998917929082738,3.814362988976479e-05,2,0.9998645065992127,0.9999190792173349
8. Mushroom dataset,TVAE,Random Forest,Accuracy,TSTR,0.6162726818711504,0.004638797427089249,2,0.6129542860962012,0.6195910776460996
8. Mushroom dataset,TVAE,Random Forest,F1,TRTR,0.9999025054365672,3.436305920243479e-05,2,0.9998779235848558,0.9999270872882786
8. Mushroom dataset,TVAE,Random Forest,F1,TSTR,0.6542632917214106,0.006155104632616172,2,0.6498601951153878,0.6586663883274334
8. Mushroom dataset,TVAE,Random Forest,Precision,TRTR,0.9999100179950515,9.947206977344203e-05,2,0.9998388599629862,0.9999811760271169
8. Mushroom dataset,TVAE,Random Forest,Precision,TSTR,0.654294489141197,0.005493201202747776,2,0.650364889724828,0.6582240885575661
8. Mushroom dataset,TVAE,Random Forest,Recall,TRTR,0.9998950052497374,6.873519866439068e-05,2,0.9998458350506884,0.9999441754487864
8. Mushroom dataset,TVAE,Random Forest,Recall,TSTR,0.6544322783860806,0.01333372587579918,2,0.6448939054982723,0.663970651273889
8. Mushroom dataset,TVAE,SVM-RBF,Accuracy,TRTR,0.652688530048277,0.003540466283100108,2,0.6501558330422424,0.6552212270543115
8. Mushroom dataset,TVAE,SVM-RBF,Accuracy,TSTR,0.608631596470784,0.007033480663064667,2,0.6036001475053253,0.6136630454362427
8. Mushroom dataset,TVAE,SVM-RBF,F1,TRTR,0.7111657290688942,0.002515858645437491,2,0.70936599221239,0.7129654659253983
8. Mushroom dataset,TVAE,SVM-RBF,F1,TSTR,0.6576065321044247,0.004794218668630648,2,0.6541769546710015,0.6610361095378479
8. Mushroom dataset,TVAE,SVM-RBF,Precision,TRTR,0.660338278612806,0.003326244875037613,2,0.6579588263704396,0.6627177308551725
8. Mushroom dataset,TVAE,SVM-RBF,Precision,TSTR,0.6392796438959043,0.009112821784223577,2,0.632760723899519,0.6457985638922896
8. Mushroom dataset,TVAE,SVM-RBF,Recall,TRTR,0.7704814759262038,0.002684656261806534,2,0.7685609885291156,0.7724019633232919
8. Mushroom dataset,TVAE,SVM-RBF,Recall,TSTR,0.6773061346932653,0.0121610900177257,2,0.6686066149647394,0.6860056544217912
8. Mushroom dataset,TabDDPM,AdaBoost,Accuracy,TRTR,0.6530214749458965,0.00911056123636879,2,0.6465041720480303,0.6595387778437626
8. Mushroom dataset,TabDDPM,AdaBoost,Accuracy,TSTR,0.4825703346096221,0.01330375279247198,2,0.4730534031739656,0.49208726604527864
8. Mushroom dataset,TabDDPM,AdaBoost,F1,TRTR,0.6586554205410092,0.01000642657450882,2,0.6514972541866692,0.6658135868953493
8. Mushroom dataset,TabDDPM,AdaBoost,F1,TSTR,0.5632326588237714,0.03500931331399579,2,0.5381885047706949,0.5882768128768479
8. Mushroom dataset,TabDDPM,AdaBoost,Precision,TRTR,0.7262195138345482,0.02162521657245883,2,0.7107497658159463,0.7416892618531501
8. Mushroom dataset,TabDDPM,AdaBoost,Precision,TSTR,0.5292177139210736,0.009308951685638384,2,0.5225584910452404,0.5358769367969068
8. Mushroom dataset,TabDDPM,AdaBoost,Recall,TRTR,0.6036898155092245,0.02328275950044984,2,0.5870343327101121,0.620345298308337
8. Mushroom dataset,TabDDPM,AdaBoost,Recall,TSTR,0.6064196790160492,0.07512839714970289,2,0.5526760612791746,0.6601632967529238
8. Mushroom dataset,TabDDPM,Decision Tree,Accuracy,TRTR,0.9430830697519561,0.003054622010995107,2,0.9408979248012067,0.9452682147027055
8. Mushroom dataset,TabDDPM,Decision Tree,Accuracy,TSTR,0.4905859830198102,0.03061241057693206,2,0.46868718370465134,0.5124847823349691
8. Mushroom dataset,TabDDPM,Decision Tree,F1,TRTR,0.9486269064274188,0.002733229331666377,2,0.9466716719493613,0.9505821409054762
8. Mushroom dataset,TabDDPM,Decision Tree,F1,TSTR,0.537626157168307,0.04062901712061393,2,0.5085619091875573,0.5666904051490567
8. Mushroom dataset,TabDDPM,Decision Tree,Precision,TRTR,0.9503557108620792,0.004797011192999022,2,0.9469241357770639,0.9537872859470944
8. Mushroom dataset,TabDDPM,Decision Tree,Precision,TSTR,0.5409967231367535,0.02728335831242973,2,0.5214793843494026,0.5605140619241045
8. Mushroom dataset,TabDDPM,Decision Tree,Recall,TRTR,0.9469326533673316,0.004340358980694475,2,0.9438277475960233,0.9500375591386399
8. Mushroom dataset,TabDDPM,Decision Tree,Recall,TSTR,0.5367181640917955,0.05949013622880233,2,0.49416148430233464,0.5792748438812564
8. Mushroom dataset,TabDDPM,Extra Trees,Accuracy,TRTR,0.999983352755119,3.329448976194804e-05,2,0.9999595353119364,1.0000071701983015
8. Mushroom dataset,TabDDPM,Extra Trees,Accuracy,TSTR,0.4556517396370901,0.01505916985844268,2,0.44487905848040166,0.46642442079377855
8. Mushroom dataset,TabDDPM,Extra Trees,F1,TRTR,0.9999849996249907,3.000075001873271e-05,2,0.9999635383812799,1.0000064608687014
8. Mushroom dataset,TabDDPM,Extra Trees,F1,TSTR,0.5251324138567903,0.02965203013303199,2,0.5039206293245515,0.5463441983890291
8. Mushroom dataset,TabDDPM,Extra Trees,Precision,TRTR,1.0,0.0,2,1.0,1.0
8. Mushroom dataset,TabDDPM,Extra Trees,Precision,TSTR,0.508293849138358,0.01220628429477217,2,0.49956199937163565,0.5170256989050802
8. Mushroom dataset,TabDDPM,Extra Trees,Recall,TRTR,0.9999700014999249,5.999700014998055e-05,2,0.999927082231529,1.0000129207683208
8. Mushroom dataset,TabDDPM,Extra Trees,Recall,TSTR,0.5448927553622319,0.05282670278344706,2,0.5071028087054996,0.5826827020189642
8. Mushroom dataset,TabDDPM,Gradient Boosting,Accuracy,TRTR,0.8177376394206759,0.009463270545125387,2,0.8109680234829844,0.8245072553583674
8. Mushroom dataset,TabDDPM,Gradient Boosting,Accuracy,TSTR,0.4827201598135508,0.018763379920189,2,0.4692976464079607,0.49614267321914096
8. Mushroom dataset,TabDDPM,Gradient Boosting,F1,TRTR,0.8351441635674031,0.009911515687219402,2,0.8280538923717389,0.8422344347630673
8. Mushroom dataset,TabDDPM,Gradient Boosting,F1,TSTR,0.5697167428891527,0.03232527873997269,2,0.5465926315045152,0.5928408542737903
8. Mushroom dataset,TabDDPM,Gradient Boosting,Precision,TRTR,0.8380774142407716,0.007023800154772467,2,0.8330528902937732,0.8431019381877701
8. Mushroom dataset,TabDDPM,Gradient Boosting,Precision,TSTR,0.5283304352657389,0.01280385704440608,2,0.5191711077057355,0.5374897628257422
8. Mushroom dataset,TabDDPM,Gradient Boosting,Recall,TRTR,0.8324883755812209,0.01907263019534354,2,0.8188446378556201,0.8461321133068217
8. Mushroom dataset,TabDDPM,Gradient Boosting,Recall,TSTR,0.6208339583020848,0.06568566855493009,2,0.5738452616768543,0.6678226549273152
8. Mushroom dataset,TabDDPM,KNN,Accuracy,TRTR,0.9993757283169635,0.0001870501502766885,2,0.9992419207001969,0.9995095359337302
8. Mushroom dataset,TabDDPM,KNN,Accuracy,TSTR,0.4854752788413517,0.01105508989160575,2,0.47756694394106963,0.4933836137416338
8. Mushroom dataset,TabDDPM,KNN,F1,TRTR,0.999437537679781,0.0001685162263673175,2,0.999316988433478,0.999558086926084
8. Mushroom dataset,TabDDPM,KNN,F1,TSTR,0.5406892133463262,0.01837093492391009,2,0.5275474381790448,0.5538309885136077
8. Mushroom dataset,TabDDPM,KNN,Precision,TRTR,0.9994300667201221,0.0002203628791389911,2,0.9992724286127066,0.9995877048275377
8. Mushroom dataset,TabDDPM,KNN,Precision,TSTR,0.5355723318112794,0.009172088815241492,2,0.5290110147349579,0.5421336488876008
8. Mushroom dataset,TabDDPM,KNN,Recall,TRTR,0.9994450277486123,0.0001649917504124697,2,0.9993269997605236,0.999563055736701
8. Mushroom dataset,TabDDPM,KNN,Recall,TSTR,0.5466776661166942,0.03266208874412134,2,0.523312615369583,0.5700427168638055
8. Mushroom dataset,TabDDPM,Logistic Regression,Accuracy,TRTR,0.6532711836191111,0.003432765231763527,2,0.6508155313039323,0.6557268359342898
8. Mushroom dataset,TabDDPM,Logistic Regression,Accuracy,TSTR,0.5085983019810223,0.01367199263763621,2,0.4988179476290675,0.5183786563329771
8. Mushroom dataset,TabDDPM,Logistic Regression,F1,TRTR,0.7102051701755642,0.002525563014958159,2,0.7083984912313052,0.7120118491198232
8. Mushroom dataset,TabDDPM,Logistic Regression,F1,TSTR,0.5999205800676521,0.02213500022359702,2,0.5840861547936486,0.6157550053416557
8. Mushroom dataset,TabDDPM,Logistic Regression,Precision,TRTR,0.6622882541511838,0.003196371629185143,2,0.6600017076321409,0.6645748006702266
8. Mushroom dataset,TabDDPM,Logistic Regression,Precision,TSTR,0.5469010613505055,0.009478453950554485,2,0.540120583858884,0.5536815388421271
8. Mushroom dataset,TabDDPM,Logistic Regression,Recall,TRTR,0.7656067196640167,0.002835651757146686,2,0.7635782165965639,0.7676352227314696
8. Mushroom dataset,TabDDPM,Logistic Regression,Recall,TSTR,0.6659217039148043,0.04799516502372499,2,0.6315880311610326,0.7002553766685761
8. Mushroom dataset,TabDDPM,MLP,Accuracy,TRTR,0.9998002330614282,0.0001498252039287662,2,0.9996930545671067,0.9999074115557497
8. Mushroom dataset,TabDDPM,MLP,Accuracy,TSTR,0.4774346595638422,0.01317277090397607,2,0.46801142692668063,0.48685789220100373
8. Mushroom dataset,TabDDPM,MLP,F1,TRTR,0.9998200033725814,0.0001350057549300141,2,0.999723426073444,0.9999165806717187
8. Mushroom dataset,TabDDPM,MLP,F1,TSTR,0.532965592982555,0.02309132836844926,2,0.5164470517657404,0.5494841341993696
8. Mushroom dataset,TabDDPM,MLP,Precision,TRTR,0.999835012740364,0.0001414792911934868,2,0.9997338045523544,0.9999362209283736
8. Mushroom dataset,TabDDPM,MLP,Precision,TSTR,0.5283299879552034,0.01015192567167587,2,0.5210677378168898,0.535592238093517
8. Mushroom dataset,TabDDPM,MLP,Recall,TRTR,0.9998050097495124,0.0001781062259942747,2,0.9996776002307478,0.9999324192682769
8. Mushroom dataset,TabDDPM,MLP,Recall,TSTR,0.5387730613469327,0.04045400898828645,2,0.5098340066422477,0.5677121160516178
8. Mushroom dataset,TabDDPM,Naive Bayes,Accuracy,TRTR,0.6093557516231064,0.002206246746399765,2,0.607777497776755,0.6109340054694578
8. Mushroom dataset,TabDDPM,Naive Bayes,Accuracy,TSTR,0.5128849675378724,0.0129711738548142,2,0.5036059487420557,0.5221639863336891
8. Mushroom dataset,TabDDPM,Naive Bayes,F1,TRTR,0.5471586204572338,0.003948342675541275,2,0.5443341462570769,0.5499830946573908
8. Mushroom dataset,TabDDPM,Naive Bayes,F1,TSTR,0.6408896636018478,0.02136845704392922,2,0.6256035902851579,0.6561757369185378
8. Mushroom dataset,TabDDPM,Naive Bayes,Precision,TRTR,0.7669376693867336,0.002744162729666706,2,0.7649746136269107,0.7689007251465565
8. Mushroom dataset,TabDDPM,Naive Bayes,Precision,TSTR,0.5421369235868775,0.007397371420856608,2,0.5368451628548069,0.5474286843189481
8. Mushroom dataset,TabDDPM,Naive Bayes,Recall,TRTR,0.4253037348132593,0.004574279456311722,2,0.42203149241426613,0.42857597721225243
8. Mushroom dataset,TabDDPM,Naive Bayes,Recall,TSTR,0.7862906854657268,0.06096997914441964,2,0.7426753898268011,0.8299059811046524
8. Mushroom dataset,TabDDPM,Random Forest,Accuracy,TRTR,0.9998917929082738,3.814362988976479e-05,2,0.9998645065992127,0.9999190792173349
8. Mushroom dataset,TabDDPM,Random Forest,Accuracy,TSTR,0.4495172298984518,0.02139291607747043,2,0.4342136596432043,0.46482080015369925
8. Mushroom dataset,TabDDPM,Random Forest,F1,TRTR,0.9999025054365672,3.436305920243479e-05,2,0.9998779235848558,0.9999270872882786
8. Mushroom dataset,TabDDPM,Random Forest,F1,TSTR,0.5120664063038667,0.03596609091386745,2,0.4863378147872271,0.5377949978205062
8. Mushroom dataset,TabDDPM,Random Forest,Precision,TRTR,0.9999100179950515,9.947206977344203e-05,2,0.9998388599629862,0.9999811760271169
8. Mushroom dataset,TabDDPM,Random Forest,Precision,TSTR,0.5027788184560051,0.01709804903862116,2,0.4905476109973002,0.5150100259147101
8. Mushroom dataset,TabDDPM,Random Forest,Recall,TRTR,0.9998950052497374,6.873519866439068e-05,2,0.9998458350506884,0.9999441754487864
8. Mushroom dataset,TabDDPM,Random Forest,Recall,TSTR,0.523638818059097,0.06097158979582164,2,0.48002237022956773,0.5672552658886262
8. Mushroom dataset,TabDDPM,SVM-RBF,Accuracy,TRTR,0.652688530048277,0.003540466283100108,2,0.6501558330422424,0.6552212270543115
8. Mushroom dataset,TabDDPM,SVM-RBF,Accuracy,TSTR,0.5084984185117364,0.01407019435272617,2,0.49843320781291556,0.5185636292105572
8. Mushroom dataset,TabDDPM,SVM-RBF,F1,TRTR,0.7111657290688942,0.002515858645437491,2,0.70936599221239,0.7129654659253983
8. Mushroom dataset,TabDDPM,SVM-RBF,F1,TSTR,0.5991782477315457,0.02241384616919643,2,0.5831443480846508,0.6152121473784407
8. Mushroom dataset,TabDDPM,SVM-RBF,Precision,TRTR,0.660338278612806,0.003326244875037613,2,0.6579588263704396,0.6627177308551725
8. Mushroom dataset,TabDDPM,SVM-RBF,Precision,TSTR,0.5469659598092009,0.00985408369532533,2,0.5399167729855628,0.554015146632839
8. Mushroom dataset,TabDDPM,SVM-RBF,Recall,TRTR,0.7704814759262038,0.002684656261806534,2,0.7685609885291156,0.7724019633232919
8. Mushroom dataset,TabDDPM,SVM-RBF,Recall,TSTR,0.6640167991600421,0.04816324349956423,2,0.6295628903078307,0.6984707080122534
8. Mushroom dataset,WGAN_GP,AdaBoost,Accuracy,TRTR,0.6530214749458965,0.00911056123636879,2,0.6465041720480303,0.6595387778437626
8. Mushroom dataset,WGAN_GP,AdaBoost,Accuracy,TSTR,0.661661395039121,0.01286158856582996,2,0.6524607688365739,0.6708620212416682
8. Mushroom dataset,WGAN_GP,AdaBoost,F1,TRTR,0.6586554205410092,0.01000642657450882,2,0.6514972541866692,0.6658135868953493
8. Mushroom dataset,WGAN_GP,AdaBoost,F1,TSTR,0.7186660168218497,0.009470380710432163,2,0.7118913145783033,0.7254407190653961
8. Mushroom dataset,WGAN_GP,AdaBoost,Precision,TRTR,0.7262195138345482,0.02162521657245883,2,0.7107497658159463,0.7416892618531501
8. Mushroom dataset,WGAN_GP,AdaBoost,Precision,TSTR,0.6677573247817434,0.0157099384346699,2,0.6565191118298507,0.6789955377336362
8. Mushroom dataset,WGAN_GP,AdaBoost,Recall,TRTR,0.6036898155092245,0.02328275950044984,2,0.5870343327101121,0.620345298308337
8. Mushroom dataset,WGAN_GP,AdaBoost,Recall,TSTR,0.7788660566971652,0.02308472294017011,2,0.7623522407190871,0.7953798726752433
8. Mushroom dataset,WGAN_GP,Decision Tree,Accuracy,TRTR,0.9430830697519561,0.003054622010995107,2,0.9408979248012067,0.9452682147027055
8. Mushroom dataset,WGAN_GP,Decision Tree,Accuracy,TSTR,0.6167887464624604,0.01823631214670124,2,0.6037432746285586,0.6298342182963622
8. Mushroom dataset,WGAN_GP,Decision Tree,F1,TRTR,0.9486269064274188,0.002733229331666377,2,0.9466716719493613,0.9505821409054762
8. Mushroom dataset,WGAN_GP,Decision Tree,F1,TSTR,0.6529291993223665,0.02638657889060569,2,0.6340533778875656,0.6718050207571674
8. Mushroom dataset,WGAN_GP,Decision Tree,Precision,TRTR,0.9503557108620792,0.004797011192999022,2,0.9469241357770639,0.9537872859470944
8. Mushroom dataset,WGAN_GP,Decision Tree,Precision,TSTR,0.6556482034522862,0.01330172890593402,2,0.6461327198178416,0.6651636870867309
8. Mushroom dataset,WGAN_GP,Decision Tree,Recall,TRTR,0.9469326533673316,0.004340358980694475,2,0.9438277475960233,0.9500375591386399
8. Mushroom dataset,WGAN_GP,Decision Tree,Recall,TSTR,0.6519274036298185,0.04805560279645481,2,0.617550496297942,0.686304310961695
8. Mushroom dataset,WGAN_GP,Extra Trees,Accuracy,TRTR,0.999983352755119,3.329448976194804e-05,2,0.9999595353119364,1.0000071701983015
8. Mushroom dataset,WGAN_GP,Extra Trees,Accuracy,TSTR,0.6977942400532712,0.009379067959934003,2,0.6910848590163984,0.704503621090144
8. Mushroom dataset,WGAN_GP,Extra Trees,F1,TRTR,0.9999849996249907,3.000075001873271e-05,2,0.9999635383812799,1.0000064608687014
8. Mushroom dataset,WGAN_GP,Extra Trees,F1,TSTR,0.7481929854676885,0.007753991216450693,2,0.7426461143020276,0.7537398566333494
8. Mushroom dataset,WGAN_GP,Extra Trees,Precision,TRTR,1.0,0.0,2,1.0,1.0
8. Mushroom dataset,WGAN_GP,Extra Trees,Precision,TSTR,0.6958866827293754,0.008003272229701526,2,0.6901614866693537,0.701611878789397
8. Mushroom dataset,WGAN_GP,Extra Trees,Recall,TRTR,0.9999700014999249,5.999700014998055e-05,2,0.999927082231529,1.0000129207683208
8. Mushroom dataset,WGAN_GP,Extra Trees,Recall,TSTR,0.8090595470226489,0.009941459474909563,2,0.8019478553316691,0.8161712387136287
8. Mushroom dataset,WGAN_GP,Gradient Boosting,Accuracy,TRTR,0.8177376394206759,0.009463270545125387,2,0.8109680234829844,0.8245072553583674
8. Mushroom dataset,WGAN_GP,Gradient Boosting,Accuracy,TSTR,0.6841601464957549,0.01114061749778954,2,0.6761906288317365,0.6921296641597732
8. Mushroom dataset,WGAN_GP,Gradient Boosting,F1,TRTR,0.8351441635674031,0.009911515687219402,2,0.8280538923717389,0.8422344347630673
8. Mushroom dataset,WGAN_GP,Gradient Boosting,F1,TSTR,0.7456213402658332,0.008933858013403432,2,0.7392304432388257,0.7520122372928406
8. Mushroom dataset,WGAN_GP,Gradient Boosting,Precision,TRTR,0.8380774142407716,0.007023800154772467,2,0.8330528902937732,0.8431019381877701
8. Mushroom dataset,WGAN_GP,Gradient Boosting,Precision,TSTR,0.6741925716192184,0.009579703013277962,2,0.6673396649113528,0.6810454783270841
8. Mushroom dataset,WGAN_GP,Gradient Boosting,Recall,TRTR,0.8324883755812209,0.01907263019534354,2,0.8188446378556201,0.8461321133068217
8. Mushroom dataset,WGAN_GP,Gradient Boosting,Recall,TSTR,0.8341982900854956,0.01515046024982678,2,0.8233603037168802,0.8450362764541111
8. Mushroom dataset,WGAN_GP,KNN,Accuracy,TRTR,0.9993757283169635,0.0001870501502766885,2,0.9992419207001969,0.9995095359337302
8. Mushroom dataset,WGAN_GP,KNN,Accuracy,TSTR,0.678733144664558,0.007630455867887208,2,0.6732746453636257,0.6841916439654904
8. Mushroom dataset,WGAN_GP,KNN,F1,TRTR,0.999437537679781,0.0001685162263673175,2,0.999316988433478,0.999558086926084
8. Mushroom dataset,WGAN_GP,KNN,F1,TSTR,0.7274942512773158,0.006365404202174484,2,0.7229407154218831,0.7320477871327485
8. Mushroom dataset,WGAN_GP,KNN,Precision,TRTR,0.9994300667201221,0.0002203628791389911,2,0.9992724286127066,0.9995877048275377
8. Mushroom dataset,WGAN_GP,KNN,Precision,TSTR,0.6872544711274788,0.006535775487995791,2,0.6825790589961518,0.6919298832588059
8. Mushroom dataset,WGAN_GP,KNN,Recall,TRTR,0.9994450277486123,0.0001649917504124697,2,0.9993269997605236,0.999563055736701
8. Mushroom dataset,WGAN_GP,KNN,Recall,TSTR,0.7727613619319034,0.007305420107720163,2,0.7675353792066997,0.7779873446571071
8. Mushroom dataset,WGAN_GP,Logistic Regression,Accuracy,TRTR,0.6532711836191111,0.003432765231763527,2,0.6508155313039323,0.6557268359342898
8. Mushroom dataset,WGAN_GP,Logistic Regression,Accuracy,TSTR,0.6309222573664058,0.006095307499623616,2,0.6265619370524276,0.6352825776803841
8. Mushroom dataset,WGAN_GP,Logistic Regression,F1,TRTR,0.7102051701755642,0.002525563014958159,2,0.7083984912313052,0.7120118491198232
8. Mushroom dataset,WGAN_GP,Logistic Regression,F1,TSTR,0.6853648762826213,0.007067531285070305,2,0.6803090689695577,0.690420683595685
8. Mushroom dataset,WGAN_GP,Logistic Regression,Precision,TRTR,0.6622882541511838,0.003196371629185143,2,0.6600017076321409,0.6645748006702266
8. Mushroom dataset,WGAN_GP,Logistic Regression,Precision,TSTR,0.6502979004959352,0.004138260392668358,2,0.6473375673452618,0.6532582336466085
8. Mushroom dataset,WGAN_GP,Logistic Regression,Recall,TRTR,0.7656067196640167,0.002835651757146686,2,0.7635782165965639,0.7676352227314696
8. Mushroom dataset,WGAN_GP,Logistic Regression,Recall,TSTR,0.7245237738113094,0.0126763098224683,2,0.7154556880373588,0.73359185958526
8. Mushroom dataset,WGAN_GP,MLP,Accuracy,TRTR,0.9998002330614282,0.0001498252039287662,2,0.9996930545671067,0.9999074115557497
8. Mushroom dataset,WGAN_GP,MLP,Accuracy,TSTR,0.7105626768769768,0.0113747135435117,2,0.7024256969899866,0.7186996567639671
8. Mushroom dataset,WGAN_GP,MLP,F1,TRTR,0.9998200033725814,0.0001350057549300141,2,0.999723426073444,0.9999165806717187
8. Mushroom dataset,WGAN_GP,MLP,F1,TSTR,0.7567736807782725,0.008128758161720772,2,0.7509587174901764,0.7625886440663685
8. Mushroom dataset,WGAN_GP,MLP,Precision,TRTR,0.999835012740364,0.0001414792911934868,2,0.9997338045523544,0.9999362209283736
8. Mushroom dataset,WGAN_GP,MLP,Precision,TSTR,0.7092908035127825,0.0119772335008588,2,0.7007228068133082,0.7178588002122568
8. Mushroom dataset,WGAN_GP,MLP,Recall,TRTR,0.9998050097495124,0.0001781062259942747,2,0.9996776002307478,0.9999324192682769
8. Mushroom dataset,WGAN_GP,MLP,Recall,TSTR,0.8112494375281237,0.00962063636690411,2,0.8043672488630563,0.8181316261931911
8. Mushroom dataset,WGAN_GP,Naive Bayes,Accuracy,TRTR,0.6093557516231064,0.002206246746399765,2,0.607777497776755,0.6109340054694578
8. Mushroom dataset,WGAN_GP,Naive Bayes,Accuracy,TSTR,0.6315382054270019,0.006299948522068798,2,0.627031493744369,0.6360449171096348
8. Mushroom dataset,WGAN_GP,Naive Bayes,F1,TRTR,0.5471586204572338,0.003948342675541275,2,0.5443341462570769,0.5499830946573908
8. Mushroom dataset,WGAN_GP,Naive Bayes,F1,TSTR,0.6333724341937998,0.009721742730076616,2,0.6264179183935976,0.6403269499940021
8. Mushroom dataset,WGAN_GP,Naive Bayes,Precision,TRTR,0.7669376693867336,0.002744162729666706,2,0.7649746136269107,0.7689007251465565
8. Mushroom dataset,WGAN_GP,Naive Bayes,Precision,TSTR,0.7072403940411494,0.009172094391323356,2,0.7006790729759392,0.7138017151063595
8. Mushroom dataset,WGAN_GP,Naive Bayes,Recall,TRTR,0.4253037348132593,0.004574279456311722,2,0.42203149241426613,0.42857597721225243
8. Mushroom dataset,WGAN_GP,Naive Bayes,Recall,TSTR,0.5738413079346033,0.01742649508557863,2,0.5613751443279628,0.5863074715412439
8. Mushroom dataset,WGAN_GP,Random Forest,Accuracy,TRTR,0.9998917929082738,3.814362988976479e-05,2,0.9998645065992127,0.9999190792173349
8. Mushroom dataset,WGAN_GP,Random Forest,Accuracy,TSTR,0.6969535541867821,0.01033154358573321,2,0.6895628131332083,0.7043442952403558
8. Mushroom dataset,WGAN_GP,Random Forest,F1,TRTR,0.9999025054365672,3.436305920243479e-05,2,0.9998779235848558,0.9999270872882786
8. Mushroom dataset,WGAN_GP,Random Forest,F1,TSTR,0.7480211962325126,0.008379050915437133,2,0.7420271842945267,0.7540152081704985
8. Mushroom dataset,WGAN_GP,Random Forest,Precision,TRTR,0.9999100179950515,9.947206977344203e-05,2,0.9998388599629862,0.9999811760271169
8. Mushroom dataset,WGAN_GP,Random Forest,Precision,TSTR,0.6945013312872933,0.00892408547456936,2,0.6881174251134299,0.7008852374611567
8. Mushroom dataset,WGAN_GP,Random Forest,Recall,TRTR,0.9998950052497374,6.873519866439068e-05,2,0.9998458350506884,0.9999441754487864
8. Mushroom dataset,WGAN_GP,Random Forest,Recall,TSTR,0.8105594720263987,0.01076962864819004,2,0.8028553437979861,0.8182636002548113
8. Mushroom dataset,WGAN_GP,SVM-RBF,Accuracy,TRTR,0.652688530048277,0.003540466283100108,2,0.6501558330422424,0.6552212270543115
8. Mushroom dataset,WGAN_GP,SVM-RBF,Accuracy,TSTR,0.629573830531047,0.006539004096288202,2,0.6248961087924811,0.6342515522696128
8. Mushroom dataset,WGAN_GP,SVM-RBF,F1,TRTR,0.7111657290688942,0.002515858645437491,2,0.70936599221239,0.7129654659253983
8. Mushroom dataset,WGAN_GP,SVM-RBF,F1,TSTR,0.6852391542801071,0.00744543107188284,2,0.6799130137447755,0.6905652948154386
8. Mushroom dataset,WGAN_GP,SVM-RBF,Precision,TRTR,0.660338278612806,0.003326244875037613,2,0.6579588263704396,0.6627177308551725
8. Mushroom dataset,WGAN_GP,SVM-RBF,Precision,TSTR,0.6482915773169938,0.00457715555363305,2,0.6450172774819195,0.6515658771520682
8. Mushroom dataset,WGAN_GP,SVM-RBF,Recall,TRTR,0.7704814759262038,0.002684656261806534,2,0.7685609885291156,0.7724019633232919
8. Mushroom dataset,WGAN_GP,SVM-RBF,Recall,TSTR,0.7267586620668967,0.013306634356799,2,0.7172396692842988,0.7362776548494945
9. MAGIC Gamma Telescope,CTABGAN,AdaBoost,Accuracy,TRTR,0.8260778128286015,0.00731093303712669,2,0.8208478863912746,0.8313077392659284
9. MAGIC Gamma Telescope,CTABGAN,AdaBoost,Accuracy,TSTR,0.801235541535226,0.01112422324595313,2,0.7932777516124774,0.8091933314579747
9. MAGIC Gamma Telescope,CTABGAN,AdaBoost,F1,TRTR,0.8699241910016173,0.006231966710716953,2,0.8654661105772166,0.8743822714260181
9. MAGIC Gamma Telescope,CTABGAN,AdaBoost,F1,TSTR,0.8535952323539988,0.009458104782901133,2,0.8468293117799891,0.8603611529280085
9. MAGIC Gamma Telescope,CTABGAN,AdaBoost,Precision,TRTR,0.844196252736338,0.006283089655621249,2,0.8397016011602455,0.8486909043124305
9. MAGIC Gamma Telescope,CTABGAN,AdaBoost,Precision,TSTR,0.8167695094081342,0.01155180737200086,2,0.8085058442279264,0.825033174588342
9. MAGIC Gamma Telescope,CTABGAN,AdaBoost,Recall,TRTR,0.8974452554744525,0.01387128074400012,2,0.887522338999329,0.9073681719495761
9. MAGIC Gamma Telescope,CTABGAN,AdaBoost,Recall,TSTR,0.8944444444444445,0.02256212745234045,2,0.8783044707576236,0.9105844181312653
9. MAGIC Gamma Telescope,CTABGAN,Decision Tree,Accuracy,TRTR,0.8164300736067298,0.004641993322208204,2,0.8131093916261364,0.8197507555873232
9. MAGIC Gamma Telescope,CTABGAN,Decision Tree,Accuracy,TSTR,0.7580441640378549,0.009805291733094433,2,0.7510298808813555,0.7650584471943543
9. MAGIC Gamma Telescope,CTABGAN,Decision Tree,F1,TRTR,0.8581382514957591,0.00344369841102666,2,0.85567477805529,0.8606017249362281
9. MAGIC Gamma Telescope,CTABGAN,Decision Tree,F1,TSTR,0.818318501175126,0.008200919354488766,2,0.812451916879439,0.8241850854708129
9. MAGIC Gamma Telescope,CTABGAN,Decision Tree,Precision,TRTR,0.8598576043732354,0.005149009989582374,2,0.8561742245181847,0.8635409842282862
9. MAGIC Gamma Telescope,CTABGAN,Decision Tree,Precision,TSTR,0.7971897071281001,0.008707100900745054,2,0.7909610223676149,0.8034183918885853
9. MAGIC Gamma Telescope,CTABGAN,Decision Tree,Recall,TRTR,0.856447688564477,0.00404296628730398,2,0.853555524710176,0.8593398524187779
9. MAGIC Gamma Telescope,CTABGAN,Decision Tree,Recall,TSTR,0.8408353609083535,0.01615482405668359,2,0.8292788959543783,0.8523918258623288
9. MAGIC Gamma Telescope,CTABGAN,Extra Trees,Accuracy,TRTR,0.8783385909568875,0.006236215325787138,2,0.8738774712563553,0.8827997106574197
9. MAGIC Gamma Telescope,CTABGAN,Extra Trees,Accuracy,TSTR,0.810646687697161,0.00709394490136061,2,0.8055719852212719,0.81572139017305
9. MAGIC Gamma Telescope,CTABGAN,Extra Trees,F1,TRTR,0.9100367094597669,0.0045668141679108,2,0.9067698074063865,0.9133036115131473
9. MAGIC Gamma Telescope,CTABGAN,Extra Trees,F1,TSTR,0.865564807786025,0.004296153426654206,2,0.8624915247630824,0.8686380908089675
9. MAGIC Gamma Telescope,CTABGAN,Extra Trees,Precision,TRTR,0.8740033995477805,0.005442529582357535,2,0.8701100484249952,0.8778967506705658
9. MAGIC Gamma Telescope,CTABGAN,Extra Trees,Precision,TSTR,0.8020162230200256,0.008318047555639646,2,0.7960658502567594,0.8079665957832919
9. MAGIC Gamma Telescope,CTABGAN,Extra Trees,Recall,TRTR,0.9491889699918896,0.005324614293634103,2,0.9453799703852143,0.952997969598565
9. MAGIC Gamma Telescope,CTABGAN,Extra Trees,Recall,TSTR,0.9401459854014599,0.005039492743846233,2,0.9365409494644713,0.9437510213384485
9. MAGIC Gamma Telescope,CTABGAN,Gradient Boosting,Accuracy,TRTR,0.871503680336488,0.004754880333623303,2,0.8681022438526824,0.8749051168202935
9. MAGIC Gamma Telescope,CTABGAN,Gradient Boosting,Accuracy,TSTR,0.8167981072555206,0.007521755886322857,2,0.8114173672370811,0.8221788472739601
9. MAGIC Gamma Telescope,CTABGAN,Gradient Boosting,F1,TRTR,0.9054465661830223,0.003412111773194277,2,0.9030056884620636,0.907887443903981
9. MAGIC Gamma Telescope,CTABGAN,Gradient Boosting,F1,TSTR,0.8678040461832364,0.004928104433377469,2,0.8642786926433881,0.8713293997230847
9. MAGIC Gamma Telescope,CTABGAN,Gradient Boosting,Precision,TRTR,0.8657018185292289,0.004330281185649937,2,0.8626041219782028,0.868799515080255
9. MAGIC Gamma Telescope,CTABGAN,Gradient Boosting,Precision,TSTR,0.8154512022438899,0.00869222561330264,2,0.8092331586230052,0.8216692458647746
9. MAGIC Gamma Telescope,CTABGAN,Gradient Boosting,Recall,TRTR,0.9490267639902676,0.003464959015009567,2,0.946548081629914,0.9515054463506213
9. MAGIC Gamma Telescope,CTABGAN,Gradient Boosting,Recall,TSTR,0.9274533657745335,0.007255092951995699,2,0.9222633849277361,0.932643346621331
9. MAGIC Gamma Telescope,CTABGAN,KNN,Accuracy,TRTR,0.8379074658254468,0.004507779858963618,2,0.834682794372662,0.8411321372782317
9. MAGIC Gamma Telescope,CTABGAN,KNN,Accuracy,TSTR,0.7672975814931651,0.008753430071197627,2,0.7610357548406479,0.7735594081456822
9. MAGIC Gamma Telescope,CTABGAN,KNN,F1,TRTR,0.8826241418730596,0.003241646753472893,2,0.8803052074811881,0.8849430762649311
9. MAGIC Gamma Telescope,CTABGAN,KNN,F1,TSTR,0.8357066887868895,0.005672697728860666,2,0.8316486852909646,0.8397646922828144
9. MAGIC Gamma Telescope,CTABGAN,KNN,Precision,TRTR,0.8317775568030321,0.003706352435629412,2,0.829126191992178,0.8344289216138863
9. MAGIC Gamma Telescope,CTABGAN,KNN,Precision,TSTR,0.7706257367400392,0.00793070749139533,2,0.7649524503666961,0.7762990231133823
9. MAGIC Gamma Telescope,CTABGAN,KNN,Recall,TRTR,0.9401054339010544,0.004264853562763534,2,0.9370545414519025,0.9431563263502063
9. MAGIC Gamma Telescope,CTABGAN,KNN,Recall,TSTR,0.9128548256285484,0.00599682520212099,2,0.9085649553062062,0.9171446959508905
9. MAGIC Gamma Telescope,CTABGAN,Logistic Regression,Accuracy,TRTR,0.7909043112513143,0.007487454045746446,2,0.7855481092914193,0.7962605132112094
9. MAGIC Gamma Telescope,CTABGAN,Logistic Regression,Accuracy,TSTR,0.7834384858044163,0.007031076415732552,2,0.7784087567338903,0.7884682148749423
9. MAGIC Gamma Telescope,CTABGAN,Logistic Regression,F1,TRTR,0.847668432927583,0.005352137470117738,2,0.8438397444265353,0.8514971214286307
9. MAGIC Gamma Telescope,CTABGAN,Logistic Regression,F1,TSTR,0.8443653068918863,0.004813306545244618,2,0.8409220748141066,0.8478085389696659
9. MAGIC Gamma Telescope,CTABGAN,Logistic Regression,Precision,TRTR,0.8031686059393005,0.005911464695158415,2,0.7989397988451127,0.8073974130334883
9. MAGIC Gamma Telescope,CTABGAN,Logistic Regression,Precision,TSTR,0.7905056354230212,0.00665324757634952,2,0.7857461888220294,0.795265082024013
9. MAGIC Gamma Telescope,CTABGAN,Logistic Regression,Recall,TRTR,0.8974047039740471,0.005825883210403216,2,0.8932371181860037,0.9015722897620906
9. MAGIC Gamma Telescope,CTABGAN,Logistic Regression,Recall,TSTR,0.9061638280616382,0.00689900091423737,2,0.9012285801132186,0.9110990760100578
9. MAGIC Gamma Telescope,CTABGAN,MLP,Accuracy,TRTR,0.8779968454258673,0.004971791311697523,2,0.8744402401759117,0.8815534506758229
9. MAGIC Gamma Telescope,CTABGAN,MLP,Accuracy,TSTR,0.7944006309148265,0.008774444468386426,2,0.788123771468155,0.8006774903614979
9. MAGIC Gamma Telescope,CTABGAN,MLP,F1,TRTR,0.9088758267099898,0.003784765367811874,2,0.90616836866658,0.9115832847533996
9. MAGIC Gamma Telescope,CTABGAN,MLP,F1,TSTR,0.845569826589705,0.006510966732753847,2,0.8409121615727693,0.8502274916066408
9. MAGIC Gamma Telescope,CTABGAN,MLP,Precision,TRTR,0.8810318248036328,0.005641547066277761,2,0.8769961051493128,0.8850675444579529
9. MAGIC Gamma Telescope,CTABGAN,MLP,Precision,TSTR,0.8241256556465208,0.009149092556082403,2,0.8175807891030008,0.8306705221900409
9. MAGIC Gamma Telescope,CTABGAN,MLP,Recall,TRTR,0.9386050283860504,0.007525991405317288,2,0.9332212584598478,0.943988798312253
9. MAGIC Gamma Telescope,CTABGAN,MLP,Recall,TSTR,0.8682887266828873,0.01031443973668563,2,0.8609102209858487,0.8756672323799258
9. MAGIC Gamma Telescope,CTABGAN,Naive Bayes,Accuracy,TRTR,0.7257360672975814,0.007967555111302515,2,0.7200364217248685,0.7314357128702944
9. MAGIC Gamma Telescope,CTABGAN,Naive Bayes,Accuracy,TSTR,0.7477655099894848,0.006370463099922532,2,0.7432083552166113,0.7523226647623582
9. MAGIC Gamma Telescope,CTABGAN,Naive Bayes,F1,TRTR,0.8124779522382916,0.005291160531600865,2,0.8086928840113179,0.8162630204652652
9. MAGIC Gamma Telescope,CTABGAN,Naive Bayes,F1,TSTR,0.8284487520997544,0.003269779921681264,2,0.8261096924517177,0.8307878117477911
9. MAGIC Gamma Telescope,CTABGAN,Naive Bayes,Precision,TRTR,0.7296703206701984,0.005506255371201605,2,0.725731382864274,0.7336092584761229
9. MAGIC Gamma Telescope,CTABGAN,Naive Bayes,Precision,TSTR,0.7410276138245995,0.007216790492789986,2,0.7358650329065112,0.7461901947426878
9. MAGIC Gamma Telescope,CTABGAN,Naive Bayes,Recall,TRTR,0.9165044606650445,0.006059566620638582,2,0.9121697078356743,0.9208392134944148
9. MAGIC Gamma Telescope,CTABGAN,Naive Bayes,Recall,TSTR,0.9393755068937552,0.00620384945442475,2,0.9349375403428204,0.9438134734446899
9. MAGIC Gamma Telescope,CTABGAN,Random Forest,Accuracy,TRTR,0.8803364879074657,0.005614590567492112,2,0.8763200517707131,0.8843529240442182
9. MAGIC Gamma Telescope,CTABGAN,Random Forest,Accuracy,TSTR,0.8210042060988434,0.004815033151008083,2,0.817559738881707,0.8244486733159798
9. MAGIC Gamma Telescope,CTABGAN,Random Forest,F1,TRTR,0.9106488531768038,0.004226566446990545,2,0.9076253496803305,0.9136723566732771
9. MAGIC Gamma Telescope,CTABGAN,Random Forest,F1,TSTR,0.8718774870539564,0.003154807395848433,2,0.8696206737962732,0.8741343003116396
9. MAGIC Gamma Telescope,CTABGAN,Random Forest,Precision,TRTR,0.8824888616470818,0.004138632657633974,2,0.8795282621940945,0.8854494611000692
9. MAGIC Gamma Telescope,CTABGAN,Random Forest,Precision,TSTR,0.8134521780248871,0.006723781066362931,2,0.8086422748047107,0.8182620812450635
9. MAGIC Gamma Telescope,CTABGAN,Random Forest,Recall,TRTR,0.9406731549067315,0.005103853790693737,2,0.937022077850404,0.944324231963059
9. MAGIC Gamma Telescope,CTABGAN,Random Forest,Recall,TSTR,0.939456609894566,0.007789794403949006,2,0.9338841266714718,0.9450290931176603
9. MAGIC Gamma Telescope,CTABGAN,SVM-RBF,Accuracy,TRTR,0.8693743427970556,0.005055868700125186,2,0.8657575922066507,0.8729910933874605
9. MAGIC Gamma Telescope,CTABGAN,SVM-RBF,Accuracy,TSTR,0.8023133543638276,0.008073491414555033,2,0.796537926524988,0.8080887822026671
9. MAGIC Gamma Telescope,CTABGAN,SVM-RBF,F1,TRTR,0.9047102520659258,0.003518066264087735,2,0.9021935790681861,0.9072269250636655
9. MAGIC Gamma Telescope,CTABGAN,SVM-RBF,F1,TSTR,0.8619705731221596,0.005252340019984258,2,0.8582132754162649,0.8657278708280544
9. MAGIC Gamma Telescope,CTABGAN,SVM-RBF,Precision,TRTR,0.8582660571793437,0.00511304564749768,2,0.8546084046647726,0.8619237096939147
9. MAGIC Gamma Telescope,CTABGAN,SVM-RBF,Precision,TSTR,0.7874947891059823,0.007375404382178611,2,0.7822187426467341,0.7927708355652304
9. MAGIC Gamma Telescope,CTABGAN,SVM-RBF,Recall,TRTR,0.9564882400648825,0.003445923249418777,2,0.9540231750709051,0.95895330505886
9. MAGIC Gamma Telescope,CTABGAN,SVM-RBF,Recall,TSTR,0.9520681265206813,0.006265961366332082,2,0.9475857277846195,0.9565505252567431
9. MAGIC Gamma Telescope,CTGAN,AdaBoost,Accuracy,TRTR,0.8260778128286015,0.00731093303712669,2,0.8208478863912746,0.8313077392659284
9. MAGIC Gamma Telescope,CTGAN,AdaBoost,Accuracy,TSTR,0.7273133543638276,0.007351325369948065,2,0.722054532992268,0.7325721757353872
9. MAGIC Gamma Telescope,CTGAN,AdaBoost,F1,TRTR,0.8699241910016173,0.006231966710716953,2,0.8654661105772166,0.8743822714260181
9. MAGIC Gamma Telescope,CTGAN,AdaBoost,F1,TSTR,0.780597758746944,0.006686842651191611,2,0.7758142796771568,0.7853812378167313
9. MAGIC Gamma Telescope,CTGAN,AdaBoost,Precision,TRTR,0.844196252736338,0.006283089655621249,2,0.8397016011602455,0.8486909043124305
9. MAGIC Gamma Telescope,CTGAN,AdaBoost,Precision,TSTR,0.8159279811774856,0.01029226396632971,2,0.8085653390709167,0.8232906232840544
9. MAGIC Gamma Telescope,CTGAN,AdaBoost,Recall,TRTR,0.8974452554744525,0.01387128074400012,2,0.887522338999329,0.9073681719495761
9. MAGIC Gamma Telescope,CTGAN,AdaBoost,Recall,TSTR,0.7484590429845904,0.01382687239358146,2,0.7385678943296224,0.7583501916395584
9. MAGIC Gamma Telescope,CTGAN,Decision Tree,Accuracy,TRTR,0.8164300736067298,0.004641993322208204,2,0.8131093916261364,0.8197507555873232
9. MAGIC Gamma Telescope,CTGAN,Decision Tree,Accuracy,TSTR,0.6712407991587803,0.01019843454741809,2,0.6639452785750147,0.6785363197425459
9. MAGIC Gamma Telescope,CTGAN,Decision Tree,F1,TRTR,0.8581382514957591,0.00344369841102666,2,0.85567477805529,0.8606017249362281
9. MAGIC Gamma Telescope,CTGAN,Decision Tree,F1,TSTR,0.7349241603088513,0.01102080295928396,2,0.7270403528023908,0.7428079678153119
9. MAGIC Gamma Telescope,CTGAN,Decision Tree,Precision,TRTR,0.8598576043732354,0.005149009989582374,2,0.8561742245181847,0.8635409842282862
9. MAGIC Gamma Telescope,CTGAN,Decision Tree,Precision,TSTR,0.7697527379255017,0.009288195315118932,2,0.7631083632626628,0.7763971125883405
9. MAGIC Gamma Telescope,CTGAN,Decision Tree,Recall,TRTR,0.856447688564477,0.00404296628730398,2,0.853555524710176,0.8593398524187779
9. MAGIC Gamma Telescope,CTGAN,Decision Tree,Recall,TSTR,0.7035279805352799,0.02097767174308732,2,0.6885214581823059,0.7185345028882538
9. MAGIC Gamma Telescope,CTGAN,Extra Trees,Accuracy,TRTR,0.8783385909568875,0.006236215325787138,2,0.8738774712563553,0.8827997106574197
9. MAGIC Gamma Telescope,CTGAN,Extra Trees,Accuracy,TSTR,0.7466351209253418,0.008172011409421016,2,0.7407892161277969,0.7524810257228867
9. MAGIC Gamma Telescope,CTGAN,Extra Trees,F1,TRTR,0.9100367094597669,0.0045668141679108,2,0.9067698074063865,0.9133036115131473
9. MAGIC Gamma Telescope,CTGAN,Extra Trees,F1,TSTR,0.797546144370793,0.007579204815964227,2,0.7921243078637928,0.8029679808777931
9. MAGIC Gamma Telescope,CTGAN,Extra Trees,Precision,TRTR,0.8740033995477805,0.005442529582357535,2,0.8701100484249952,0.8778967506705658
9. MAGIC Gamma Telescope,CTGAN,Extra Trees,Precision,TSTR,0.8272095624602336,0.005511584977664695,2,0.8232668120835196,0.8311523128369476
9. MAGIC Gamma Telescope,CTGAN,Extra Trees,Recall,TRTR,0.9491889699918896,0.005324614293634103,2,0.9453799703852143,0.952997969598565
9. MAGIC Gamma Telescope,CTGAN,Extra Trees,Recall,TSTR,0.7700324412003244,0.01239105490836818,2,0.7611684144991425,0.7788964679015064
9. MAGIC Gamma Telescope,CTGAN,Gradient Boosting,Accuracy,TRTR,0.871503680336488,0.004754880333623303,2,0.8681022438526824,0.8749051168202935
9. MAGIC Gamma Telescope,CTGAN,Gradient Boosting,Accuracy,TSTR,0.7284174553101999,0.01027085205494365,2,0.7210701303623114,0.7357647802580883
9. MAGIC Gamma Telescope,CTGAN,Gradient Boosting,F1,TRTR,0.9054465661830223,0.003412111773194277,2,0.9030056884620636,0.907887443903981
9. MAGIC Gamma Telescope,CTGAN,Gradient Boosting,F1,TSTR,0.7814784642536513,0.009892738729878241,2,0.7744016252840946,0.788555303223208
9. MAGIC Gamma Telescope,CTGAN,Gradient Boosting,Precision,TRTR,0.8657018185292289,0.004330281185649937,2,0.8626041219782028,0.868799515080255
9. MAGIC Gamma Telescope,CTGAN,Gradient Boosting,Precision,TSTR,0.8166127706929178,0.008236584658279669,2,0.8107206729758598,0.8225048684099758
9. MAGIC Gamma Telescope,CTGAN,Gradient Boosting,Recall,TRTR,0.9490267639902676,0.003464959015009567,2,0.946548081629914,0.9515054463506213
9. MAGIC Gamma Telescope,CTGAN,Gradient Boosting,Recall,TSTR,0.7494728304947282,0.01719192325890418,2,0.7371744694642496,0.7617711915252069
9. MAGIC Gamma Telescope,CTGAN,KNN,Accuracy,TRTR,0.8379074658254468,0.004507779858963618,2,0.834682794372662,0.8411321372782317
9. MAGIC Gamma Telescope,CTGAN,KNN,Accuracy,TSTR,0.7134332281808622,0.009213188350463444,2,0.7068425102681869,0.7200239460935375
9. MAGIC Gamma Telescope,CTGAN,KNN,F1,TRTR,0.8826241418730596,0.003241646753472893,2,0.8803052074811881,0.8849430762649311
9. MAGIC Gamma Telescope,CTGAN,KNN,F1,TSTR,0.7719074794434553,0.009821194984820005,2,0.7648818197860062,0.7789331391009043
9. MAGIC Gamma Telescope,CTGAN,KNN,Precision,TRTR,0.8317775568030321,0.003706352435629412,2,0.829126191992178,0.8344289216138863
9. MAGIC Gamma Telescope,CTGAN,KNN,Precision,TSTR,0.7971085522755483,0.002778058546285876,2,0.7951212489092228,0.7990958556418739
9. MAGIC Gamma Telescope,CTGAN,KNN,Recall,TRTR,0.9401054339010544,0.004264853562763534,2,0.9370545414519025,0.9431563263502063
9. MAGIC Gamma Telescope,CTGAN,KNN,Recall,TSTR,0.7484590429845903,0.01804067845583401,2,0.7355535190624944,0.7613645669066862
9. MAGIC Gamma Telescope,CTGAN,Logistic Regression,Accuracy,TRTR,0.7909043112513143,0.007487454045746446,2,0.7855481092914193,0.7962605132112094
9. MAGIC Gamma Telescope,CTGAN,Logistic Regression,Accuracy,TSTR,0.7496845425867509,0.007806110390312292,2,0.7441003876101336,0.7552686975633681
9. MAGIC Gamma Telescope,CTGAN,Logistic Regression,F1,TRTR,0.847668432927583,0.005352137470117738,2,0.8438397444265353,0.8514971214286307
9. MAGIC Gamma Telescope,CTGAN,Logistic Regression,F1,TSTR,0.8096520144986942,0.006717780404387259,2,0.8048464038935026,0.8144576251038858
9. MAGIC Gamma Telescope,CTGAN,Logistic Regression,Precision,TRTR,0.8031686059393005,0.005911464695158415,2,0.7989397988451127,0.8073974130334883
9. MAGIC Gamma Telescope,CTGAN,Logistic Regression,Precision,TSTR,0.7983249648899101,0.004757054287587634,2,0.7949219732531229,0.8017279565266974
9. MAGIC Gamma Telescope,CTGAN,Logistic Regression,Recall,TRTR,0.8974047039740471,0.005825883210403216,2,0.8932371181860037,0.9015722897620906
9. MAGIC Gamma Telescope,CTGAN,Logistic Regression,Recall,TSTR,0.8213706407137064,0.01110141299813693,2,0.8134291682592604,0.8293121131681523
9. MAGIC Gamma Telescope,CTGAN,MLP,Accuracy,TRTR,0.8779968454258673,0.004971791311697523,2,0.8744402401759117,0.8815534506758229
9. MAGIC Gamma Telescope,CTGAN,MLP,Accuracy,TSTR,0.7351209253417456,0.01281836225807341,2,0.7259512213769724,0.7442906293065187
9. MAGIC Gamma Telescope,CTGAN,MLP,F1,TRTR,0.9088758267099898,0.003784765367811874,2,0.90616836866658,0.9115832847533996
9. MAGIC Gamma Telescope,CTGAN,MLP,F1,TSTR,0.7915432466387056,0.01119898328429505,2,0.7835319766062371,0.799554516671174
9. MAGIC Gamma Telescope,CTGAN,MLP,Precision,TRTR,0.8810318248036328,0.005641547066277761,2,0.8769961051493128,0.8850675444579529
9. MAGIC Gamma Telescope,CTGAN,MLP,Precision,TSTR,0.8078938068496461,0.01105552570100805,2,0.7999851601900984,0.8158024535091938
9. MAGIC Gamma Telescope,CTGAN,MLP,Recall,TRTR,0.9386050283860504,0.007525991405317288,2,0.9332212584598478,0.943988798312253
9. MAGIC Gamma Telescope,CTGAN,MLP,Recall,TSTR,0.7761151662611517,0.01852671087213731,2,0.762861955693519,0.7893683768287845
9. MAGIC Gamma Telescope,CTGAN,Naive Bayes,Accuracy,TRTR,0.7257360672975814,0.007967555111302515,2,0.7200364217248685,0.7314357128702944
9. MAGIC Gamma Telescope,CTGAN,Naive Bayes,Accuracy,TSTR,0.7475026288117771,0.00867527801447479,2,0.7412967087727538,0.7537085488508004
9. MAGIC Gamma Telescope,CTGAN,Naive Bayes,F1,TRTR,0.8124779522382916,0.005291160531600865,2,0.8086928840113179,0.8162630204652652
9. MAGIC Gamma Telescope,CTGAN,Naive Bayes,F1,TSTR,0.8215458184413584,0.005461174116501524,2,0.8176391298223143,0.8254525070604025
9. MAGIC Gamma Telescope,CTGAN,Naive Bayes,Precision,TRTR,0.7296703206701984,0.005506255371201605,2,0.725731382864274,0.7336092584761229
9. MAGIC Gamma Telescope,CTGAN,Naive Bayes,Precision,TSTR,0.7582761084893289,0.008733785696266583,2,0.7520283345760824,0.7645238824025754
9. MAGIC Gamma Telescope,CTGAN,Naive Bayes,Recall,TRTR,0.9165044606650445,0.006059566620638582,2,0.9121697078356743,0.9208392134944148
9. MAGIC Gamma Telescope,CTGAN,Naive Bayes,Recall,TSTR,0.8964720194647201,0.008596631160187631,2,0.8903223599960454,0.9026216789333948
9. MAGIC Gamma Telescope,CTGAN,Random Forest,Accuracy,TRTR,0.8803364879074657,0.005614590567492112,2,0.8763200517707131,0.8843529240442182
9. MAGIC Gamma Telescope,CTGAN,Random Forest,Accuracy,TSTR,0.7317034700315458,0.01189559840838278,2,0.7231938715592453,0.7402130685038463
9. MAGIC Gamma Telescope,CTGAN,Random Forest,F1,TRTR,0.9106488531768038,0.004226566446990545,2,0.9076253496803305,0.9136723566732771
9. MAGIC Gamma Telescope,CTGAN,Random Forest,F1,TSTR,0.7847567280687919,0.01103010349689029,2,0.7768662673585254,0.7926471887790585
9. MAGIC Gamma Telescope,CTGAN,Random Forest,Precision,TRTR,0.8824888616470818,0.004138632657633974,2,0.8795282621940945,0.8854494611000692
9. MAGIC Gamma Telescope,CTGAN,Random Forest,Precision,TSTR,0.8173082628493047,0.006758904788402198,2,0.8124732336320035,0.8221432920666059
9. MAGIC Gamma Telescope,CTGAN,Random Forest,Recall,TRTR,0.9406731549067315,0.005103853790693737,2,0.937022077850404,0.944324231963059
9. MAGIC Gamma Telescope,CTGAN,Random Forest,Recall,TSTR,0.7548256285482563,0.01664707005380459,2,0.7429170320207955,0.7667342250757171
9. MAGIC Gamma Telescope,CTGAN,SVM-RBF,Accuracy,TRTR,0.8693743427970556,0.005055868700125186,2,0.8657575922066507,0.8729910933874605
9. MAGIC Gamma Telescope,CTGAN,SVM-RBF,Accuracy,TSTR,0.755783385909569,0.008541818135002814,2,0.7496729373169982,0.7618938345021397
9. MAGIC Gamma Telescope,CTGAN,SVM-RBF,F1,TRTR,0.9047102520659258,0.003518066264087735,2,0.9021935790681861,0.9072269250636655
9. MAGIC Gamma Telescope,CTGAN,SVM-RBF,F1,TSTR,0.8078911746002634,0.007653516328808931,2,0.8024161788393553,0.8133661703611714
9. MAGIC Gamma Telescope,CTGAN,SVM-RBF,Precision,TRTR,0.8582660571793437,0.00511304564749768,2,0.8546084046647726,0.8619237096939147
9. MAGIC Gamma Telescope,CTGAN,SVM-RBF,Precision,TSTR,0.8241497580555945,0.005043508882479695,2,0.8205418491460992,0.8277576669650899
9. MAGIC Gamma Telescope,CTGAN,SVM-RBF,Recall,TRTR,0.9564882400648825,0.003445923249418777,2,0.9540231750709051,0.95895330505886
9. MAGIC Gamma Telescope,CTGAN,SVM-RBF,Recall,TSTR,0.7923357664233576,0.01214441273758784,2,0.7836481769023513,0.8010233559443638
9. MAGIC Gamma Telescope,CopulaGAN,AdaBoost,Accuracy,TRTR,0.8260778128286015,0.00731093303712669,2,0.8208478863912746,0.8313077392659284
9. MAGIC Gamma Telescope,CopulaGAN,AdaBoost,Accuracy,TSTR,0.7417192429022083,0.01467256168739851,2,0.7312231245705878,0.7522153612338287
9. MAGIC Gamma Telescope,CopulaGAN,AdaBoost,F1,TRTR,0.8699241910016173,0.006231966710716953,2,0.8654661105772166,0.8743822714260181
9. MAGIC Gamma Telescope,CopulaGAN,AdaBoost,F1,TSTR,0.7975230870621071,0.01237540395018762,2,0.788670256381945,0.8063759177422691
9. MAGIC Gamma Telescope,CopulaGAN,AdaBoost,Precision,TRTR,0.844196252736338,0.006283089655621249,2,0.8397016011602455,0.8486909043124305
9. MAGIC Gamma Telescope,CopulaGAN,AdaBoost,Precision,TSTR,0.8106562403617914,0.0107809610388508,2,0.8029440054294582,0.8183684752941246
9. MAGIC Gamma Telescope,CopulaGAN,AdaBoost,Recall,TRTR,0.8974452554744525,0.01387128074400012,2,0.887522338999329,0.9073681719495761
9. MAGIC Gamma Telescope,CopulaGAN,AdaBoost,Recall,TSTR,0.7849553933495539,0.01737673195106933,2,0.7725248281448482,0.7973859585542595
9. MAGIC Gamma Telescope,CopulaGAN,Decision Tree,Accuracy,TRTR,0.8164300736067298,0.004641993322208204,2,0.8131093916261364,0.8197507555873232
9. MAGIC Gamma Telescope,CopulaGAN,Decision Tree,Accuracy,TSTR,0.6478180862250263,0.02378168199076846,2,0.6308056957769116,0.6648304766731411
9. MAGIC Gamma Telescope,CopulaGAN,Decision Tree,F1,TRTR,0.8581382514957591,0.00344369841102666,2,0.85567477805529,0.8606017249362281
9. MAGIC Gamma Telescope,CopulaGAN,Decision Tree,F1,TSTR,0.7193673780466902,0.02208555812692814,2,0.7035683215179852,0.7351664345753951
9. MAGIC Gamma Telescope,CopulaGAN,Decision Tree,Precision,TRTR,0.8598576043732354,0.005149009989582374,2,0.8561742245181847,0.8635409842282862
9. MAGIC Gamma Telescope,CopulaGAN,Decision Tree,Precision,TSTR,0.7433849035630992,0.01591278671772657,2,0.7320015816910539,0.7547682254351444
9. MAGIC Gamma Telescope,CopulaGAN,Decision Tree,Recall,TRTR,0.856447688564477,0.00404296628730398,2,0.853555524710176,0.8593398524187779
9. MAGIC Gamma Telescope,CopulaGAN,Decision Tree,Recall,TSTR,0.697161394971614,0.0298904996708436,2,0.6757790196086338,0.7185437703345942
9. MAGIC Gamma Telescope,CopulaGAN,Extra Trees,Accuracy,TRTR,0.8783385909568875,0.006236215325787138,2,0.8738774712563553,0.8827997106574197
9. MAGIC Gamma Telescope,CopulaGAN,Extra Trees,Accuracy,TSTR,0.7678233438485804,0.006668897051829109,2,0.7630527022872292,0.7725939854099316
9. MAGIC Gamma Telescope,CopulaGAN,Extra Trees,F1,TRTR,0.9100367094597669,0.0045668141679108,2,0.9067698074063865,0.9133036115131473
9. MAGIC Gamma Telescope,CopulaGAN,Extra Trees,F1,TSTR,0.8274325981773076,0.005408896042424148,2,0.8235633070395865,0.8313018893150288
9. MAGIC Gamma Telescope,CopulaGAN,Extra Trees,Precision,TRTR,0.8740033995477805,0.005442529582357535,2,0.8701100484249952,0.8778967506705658
9. MAGIC Gamma Telescope,CopulaGAN,Extra Trees,Precision,TSTR,0.7984223456768434,0.006387414686005098,2,0.7938530644697983,0.8029916268838886
9. MAGIC Gamma Telescope,CopulaGAN,Extra Trees,Recall,TRTR,0.9491889699918896,0.005324614293634103,2,0.9453799703852143,0.952997969598565
9. MAGIC Gamma Telescope,CopulaGAN,Extra Trees,Recall,TSTR,0.8587591240875913,0.01115284222913871,2,0.8507808613775785,0.866737386797604
9. MAGIC Gamma Telescope,CopulaGAN,Gradient Boosting,Accuracy,TRTR,0.871503680336488,0.004754880333623303,2,0.8681022438526824,0.8749051168202935
9. MAGIC Gamma Telescope,CopulaGAN,Gradient Boosting,Accuracy,TSTR,0.7505520504731861,0.00832254573487599,2,0.7445984599063388,0.7565056410400334
9. MAGIC Gamma Telescope,CopulaGAN,Gradient Boosting,F1,TRTR,0.9054465661830223,0.003412111773194277,2,0.9030056884620636,0.907887443903981
9. MAGIC Gamma Telescope,CopulaGAN,Gradient Boosting,F1,TSTR,0.8141401970148945,0.006626914623471671,2,0.8093995878735989,0.8188808061561901
9. MAGIC Gamma Telescope,CopulaGAN,Gradient Boosting,Precision,TRTR,0.8657018185292289,0.004330281185649937,2,0.8626041219782028,0.868799515080255
9. MAGIC Gamma Telescope,CopulaGAN,Gradient Boosting,Precision,TSTR,0.7874524482831571,0.008766721239189819,2,0.781181113701828,0.7937237828644862
9. MAGIC Gamma Telescope,CopulaGAN,Gradient Boosting,Recall,TRTR,0.9490267639902676,0.003464959015009567,2,0.946548081629914,0.9515054463506213
9. MAGIC Gamma Telescope,CopulaGAN,Gradient Boosting,Recall,TSTR,0.8429440389294405,0.01442522376989725,2,0.8326248554852174,0.8532632223736636
9. MAGIC Gamma Telescope,CopulaGAN,KNN,Accuracy,TRTR,0.8379074658254468,0.004507779858963618,2,0.834682794372662,0.8411321372782317
9. MAGIC Gamma Telescope,CopulaGAN,KNN,Accuracy,TSTR,0.7261041009463722,0.01107441369140219,2,0.7181819426324558,0.7340262592602886
9. MAGIC Gamma Telescope,CopulaGAN,KNN,F1,TRTR,0.8826241418730596,0.003241646753472893,2,0.8803052074811881,0.8849430762649311
9. MAGIC Gamma Telescope,CopulaGAN,KNN,F1,TSTR,0.7968330327956378,0.009910126326412944,2,0.7897437554888214,0.8039223101024542
9. MAGIC Gamma Telescope,CopulaGAN,KNN,Precision,TRTR,0.8317775568030321,0.003706352435629412,2,0.829126191992178,0.8344289216138863
9. MAGIC Gamma Telescope,CopulaGAN,KNN,Precision,TSTR,0.7672681902794855,0.006494699428923865,2,0.7626221621906862,0.7719142183682847
9. MAGIC Gamma Telescope,CopulaGAN,KNN,Recall,TRTR,0.9401054339010544,0.004264853562763534,2,0.9370545414519025,0.9431563263502063
9. MAGIC Gamma Telescope,CopulaGAN,KNN,Recall,TSTR,0.8289943227899432,0.01868720322520718,2,0.8156263029091837,0.8423623426707028
9. MAGIC Gamma Telescope,CopulaGAN,Logistic Regression,Accuracy,TRTR,0.7909043112513143,0.007487454045746446,2,0.7855481092914193,0.7962605132112094
9. MAGIC Gamma Telescope,CopulaGAN,Logistic Regression,Accuracy,TSTR,0.7718980021030494,0.007251947870013245,2,0.766710271112368,0.7770857330937307
9. MAGIC Gamma Telescope,CopulaGAN,Logistic Regression,F1,TRTR,0.847668432927583,0.005352137470117738,2,0.8438397444265353,0.8514971214286307
9. MAGIC Gamma Telescope,CopulaGAN,Logistic Regression,F1,TSTR,0.8278121697775427,0.006018176046224315,2,0.8235070259814226,0.8321173135736628
9. MAGIC Gamma Telescope,CopulaGAN,Logistic Regression,Precision,TRTR,0.8031686059393005,0.005911464695158415,2,0.7989397988451127,0.8073974130334883
9. MAGIC Gamma Telescope,CopulaGAN,Logistic Regression,Precision,TSTR,0.810493193536107,0.00475523568357742,2,0.8070915028502578,0.8138948842219563
9. MAGIC Gamma Telescope,CopulaGAN,Logistic Regression,Recall,TRTR,0.8974047039740471,0.005825883210403216,2,0.8932371181860037,0.9015722897620906
9. MAGIC Gamma Telescope,CopulaGAN,Logistic Regression,Recall,TSTR,0.8459448499594483,0.01002114467325076,2,0.8387761549115301,0.8531135450073665
9. MAGIC Gamma Telescope,CopulaGAN,MLP,Accuracy,TRTR,0.8779968454258673,0.004971791311697523,2,0.8744402401759117,0.8815534506758229
9. MAGIC Gamma Telescope,CopulaGAN,MLP,Accuracy,TSTR,0.7211619348054679,0.01246292465742716,2,0.7122464955829649,0.7300773740279708
9. MAGIC Gamma Telescope,CopulaGAN,MLP,F1,TRTR,0.9088758267099898,0.003784765367811874,2,0.90616836866658,0.9115832847533996
9. MAGIC Gamma Telescope,CopulaGAN,MLP,F1,TSTR,0.7899396299983656,0.01234374897719085,2,0.7811094439217456,0.7987698160749857
9. MAGIC Gamma Telescope,CopulaGAN,MLP,Precision,TRTR,0.8810318248036328,0.005641547066277761,2,0.8769961051493128,0.8850675444579529
9. MAGIC Gamma Telescope,CopulaGAN,MLP,Precision,TSTR,0.7716089387631142,0.007011376188819135,2,0.7665933023859602,0.7766245751402682
9. MAGIC Gamma Telescope,CopulaGAN,MLP,Recall,TRTR,0.9386050283860504,0.007525991405317288,2,0.9332212584598478,0.943988798312253
9. MAGIC Gamma Telescope,CopulaGAN,MLP,Recall,TSTR,0.8096512570965126,0.02577123624490045,2,0.791215625272866,0.8280868889201592
9. MAGIC Gamma Telescope,CopulaGAN,Naive Bayes,Accuracy,TRTR,0.7257360672975814,0.007967555111302515,2,0.7200364217248685,0.7314357128702944
9. MAGIC Gamma Telescope,CopulaGAN,Naive Bayes,Accuracy,TSTR,0.7243953732912723,0.007572803261672293,2,0.718978116180344,0.7298126304022007
9. MAGIC Gamma Telescope,CopulaGAN,Naive Bayes,F1,TRTR,0.8124779522382916,0.005291160531600865,2,0.8086928840113179,0.8162630204652652
9. MAGIC Gamma Telescope,CopulaGAN,Naive Bayes,F1,TSTR,0.8069918173462549,0.004922897517072772,2,0.803470188609944,0.8105134460825658
9. MAGIC Gamma Telescope,CopulaGAN,Naive Bayes,Precision,TRTR,0.7296703206701984,0.005506255371201605,2,0.725731382864274,0.7336092584761229
9. MAGIC Gamma Telescope,CopulaGAN,Naive Bayes,Precision,TSTR,0.7390820971562972,0.007290708881210575,2,0.7338666382085728,0.7442975561040217
9. MAGIC Gamma Telescope,CopulaGAN,Naive Bayes,Recall,TRTR,0.9165044606650445,0.006059566620638582,2,0.9121697078356743,0.9208392134944148
9. MAGIC Gamma Telescope,CopulaGAN,Naive Bayes,Recall,TSTR,0.8887672343876722,0.009054978425992507,2,0.8822896930370631,0.8952447757382814
9. MAGIC Gamma Telescope,CopulaGAN,Random Forest,Accuracy,TRTR,0.8803364879074657,0.005614590567492112,2,0.8763200517707131,0.8843529240442182
9. MAGIC Gamma Telescope,CopulaGAN,Random Forest,Accuracy,TSTR,0.7588853838065195,0.008174547962050424,2,0.7530376644685338,0.7647331031445052
9. MAGIC Gamma Telescope,CopulaGAN,Random Forest,F1,TRTR,0.9106488531768038,0.004226566446990545,2,0.9076253496803305,0.9136723566732771
9. MAGIC Gamma Telescope,CopulaGAN,Random Forest,F1,TSTR,0.8184922136766015,0.006857130685589484,2,0.8135869178854005,0.8233975094678025
9. MAGIC Gamma Telescope,CopulaGAN,Random Forest,Precision,TRTR,0.8824888616470818,0.004138632657633974,2,0.8795282621940945,0.8854494611000692
9. MAGIC Gamma Telescope,CopulaGAN,Random Forest,Precision,TSTR,0.7992787909348581,0.006899344543915198,2,0.7943432971685754,0.8042142847011408
9. MAGIC Gamma Telescope,CopulaGAN,Random Forest,Recall,TRTR,0.9406731549067315,0.005103853790693737,2,0.937022077850404,0.944324231963059
9. MAGIC Gamma Telescope,CopulaGAN,Random Forest,Recall,TSTR,0.8388077858880779,0.01332689138981339,2,0.8292743020970184,0.8483412696791375
9. MAGIC Gamma Telescope,CopulaGAN,SVM-RBF,Accuracy,TRTR,0.8693743427970556,0.005055868700125186,2,0.8657575922066507,0.8729910933874605
9. MAGIC Gamma Telescope,CopulaGAN,SVM-RBF,Accuracy,TSTR,0.7812039957939012,0.005574134872474592,2,0.777216499917966,0.7851914916698364
9. MAGIC Gamma Telescope,CopulaGAN,SVM-RBF,F1,TRTR,0.9047102520659258,0.003518066264087735,2,0.9021935790681861,0.9072269250636655
9. MAGIC Gamma Telescope,CopulaGAN,SVM-RBF,F1,TSTR,0.8362157089790101,0.005695115111586396,2,0.8321416690535383,0.8402897489044819
9. MAGIC Gamma Telescope,CopulaGAN,SVM-RBF,Precision,TRTR,0.8582660571793437,0.00511304564749768,2,0.8546084046647726,0.8619237096939147
9. MAGIC Gamma Telescope,CopulaGAN,SVM-RBF,Precision,TSTR,0.8121830388156492,0.005541249254930272,2,0.8082190678933321,0.8161470097379664
9. MAGIC Gamma Telescope,CopulaGAN,SVM-RBF,Recall,TRTR,0.9564882400648825,0.003445923249418777,2,0.9540231750709051,0.95895330505886
9. MAGIC Gamma Telescope,CopulaGAN,SVM-RBF,Recall,TSTR,0.861962692619627,0.01579031895331558,2,0.8506669789086141,0.8732584063306399
9. MAGIC Gamma Telescope,ForestDiffusion,AdaBoost,Accuracy,TRTR,0.8260778128286015,0.00731093303712669,2,0.8208478863912746,0.8313077392659284
9. MAGIC Gamma Telescope,ForestDiffusion,AdaBoost,Accuracy,TSTR,0.8166666666666668,0.006136121972874754,2,0.812277149437384,0.8210561838959495
9. MAGIC Gamma Telescope,ForestDiffusion,AdaBoost,F1,TRTR,0.8699241910016173,0.006231966710716953,2,0.8654661105772166,0.8743822714260181
9. MAGIC Gamma Telescope,ForestDiffusion,AdaBoost,F1,TSTR,0.8607865433091154,0.005404205277505184,2,0.8569206077424735,0.8646524788757574
9. MAGIC Gamma Telescope,ForestDiffusion,AdaBoost,Precision,TRTR,0.844196252736338,0.006283089655621249,2,0.8397016011602455,0.8486909043124305
9. MAGIC Gamma Telescope,ForestDiffusion,AdaBoost,Precision,TSTR,0.8475936918193409,0.006521760809011215,2,0.8429283051854106,0.8522590784532711
9. MAGIC Gamma Telescope,ForestDiffusion,AdaBoost,Recall,TRTR,0.8974452554744525,0.01387128074400012,2,0.887522338999329,0.9073681719495761
9. MAGIC Gamma Telescope,ForestDiffusion,AdaBoost,Recall,TSTR,0.8745742092457421,0.01310641807679548,2,0.8651984425617361,0.8839499759297482
9. MAGIC Gamma Telescope,ForestDiffusion,Decision Tree,Accuracy,TRTR,0.8164300736067298,0.004641993322208204,2,0.8131093916261364,0.8197507555873232
9. MAGIC Gamma Telescope,ForestDiffusion,Decision Tree,Accuracy,TSTR,0.7875920084121976,0.01162814707922179,2,0.7792737330952281,0.7959102837291671
9. MAGIC Gamma Telescope,ForestDiffusion,Decision Tree,F1,TRTR,0.8581382514957591,0.00344369841102666,2,0.85567477805529,0.8606017249362281
9. MAGIC Gamma Telescope,ForestDiffusion,Decision Tree,F1,TSTR,0.8347869198220129,0.01018455201802572,2,0.8275013302015207,0.8420725094425051
9. MAGIC Gamma Telescope,ForestDiffusion,Decision Tree,Precision,TRTR,0.8598576043732354,0.005149009989582374,2,0.8561742245181847,0.8635409842282862
9. MAGIC Gamma Telescope,ForestDiffusion,Decision Tree,Precision,TSTR,0.8416994492312397,0.009499200737625805,2,0.8349041303822096,0.8484947680802699
9. MAGIC Gamma Telescope,ForestDiffusion,Decision Tree,Recall,TRTR,0.856447688564477,0.00404296628730398,2,0.853555524710176,0.8593398524187779
9. MAGIC Gamma Telescope,ForestDiffusion,Decision Tree,Recall,TSTR,0.8282643957826439,0.01861861542510931,2,0.814945440658351,0.8415833509069368
9. MAGIC Gamma Telescope,ForestDiffusion,Extra Trees,Accuracy,TRTR,0.8783385909568875,0.006236215325787138,2,0.8738774712563553,0.8827997106574197
9. MAGIC Gamma Telescope,ForestDiffusion,Extra Trees,Accuracy,TSTR,0.8530757097791799,0.004862164871229767,2,0.8495975265604918,0.856553892997868
9. MAGIC Gamma Telescope,ForestDiffusion,Extra Trees,F1,TRTR,0.9100367094597669,0.0045668141679108,2,0.9067698074063865,0.9133036115131473
9. MAGIC Gamma Telescope,ForestDiffusion,Extra Trees,F1,TSTR,0.8918571229543945,0.003496451814146732,2,0.8893559120026892,0.8943583339060998
9. MAGIC Gamma Telescope,ForestDiffusion,Extra Trees,Precision,TRTR,0.8740033995477805,0.005442529582357535,2,0.8701100484249952,0.8778967506705658
9. MAGIC Gamma Telescope,ForestDiffusion,Extra Trees,Precision,TSTR,0.8529259708173104,0.00507511530227694,2,0.8492954520371394,0.8565564895974813
9. MAGIC Gamma Telescope,ForestDiffusion,Extra Trees,Recall,TRTR,0.9491889699918896,0.005324614293634103,2,0.9453799703852143,0.952997969598565
9. MAGIC Gamma Telescope,ForestDiffusion,Extra Trees,Recall,TSTR,0.9345498783454989,0.005416927649471715,2,0.93067484174221,0.9384249149487877
9. MAGIC Gamma Telescope,ForestDiffusion,Gradient Boosting,Accuracy,TRTR,0.871503680336488,0.004754880333623303,2,0.8681022438526824,0.8749051168202935
9. MAGIC Gamma Telescope,ForestDiffusion,Gradient Boosting,Accuracy,TSTR,0.8492639327024186,0.008238043493988417,2,0.8433707913971616,0.8551570740076756
9. MAGIC Gamma Telescope,ForestDiffusion,Gradient Boosting,F1,TRTR,0.9054465661830223,0.003412111773194277,2,0.9030056884620636,0.907887443903981
9. MAGIC Gamma Telescope,ForestDiffusion,Gradient Boosting,F1,TSTR,0.8867625486960373,0.006095869608256755,2,0.8824018262737664,0.8911232711183082
9. MAGIC Gamma Telescope,ForestDiffusion,Gradient Boosting,Precision,TRTR,0.8657018185292289,0.004330281185649937,2,0.8626041219782028,0.868799515080255
9. MAGIC Gamma Telescope,ForestDiffusion,Gradient Boosting,Precision,TSTR,0.8643581939924762,0.007845151158177936,2,0.8587461109329512,0.8699702770520011
9. MAGIC Gamma Telescope,ForestDiffusion,Gradient Boosting,Recall,TRTR,0.9490267639902676,0.003464959015009567,2,0.946548081629914,0.9515054463506213
9. MAGIC Gamma Telescope,ForestDiffusion,Gradient Boosting,Recall,TSTR,0.9104217356042174,0.008035850504221885,2,0.9046732344505324,0.9161702367579023
9. MAGIC Gamma Telescope,ForestDiffusion,KNN,Accuracy,TRTR,0.8379074658254468,0.004507779858963618,2,0.834682794372662,0.8411321372782317
9. MAGIC Gamma Telescope,ForestDiffusion,KNN,Accuracy,TSTR,0.8024185068349107,0.006320310840242182,2,0.7978972288273505,0.8069397848424709
9. MAGIC Gamma Telescope,ForestDiffusion,KNN,F1,TRTR,0.8826241418730596,0.003241646753472893,2,0.8803052074811881,0.8849430762649311
9. MAGIC Gamma Telescope,ForestDiffusion,KNN,F1,TSTR,0.8590595810501849,0.004519212473208617,2,0.8558267311978465,0.8622924309025233
9. MAGIC Gamma Telescope,ForestDiffusion,KNN,Precision,TRTR,0.8317775568030321,0.003706352435629412,2,0.829126191992178,0.8344289216138863
9. MAGIC Gamma Telescope,ForestDiffusion,KNN,Precision,TSTR,0.7990298165517997,0.004934819170046351,2,0.7954996595787034,0.802559973524896
9. MAGIC Gamma Telescope,ForestDiffusion,KNN,Recall,TRTR,0.9401054339010544,0.004264853562763534,2,0.9370545414519025,0.9431563263502063
9. MAGIC Gamma Telescope,ForestDiffusion,KNN,Recall,TSTR,0.9288726682887267,0.006476063188216411,2,0.9242399717634192,0.9335053648140342
9. MAGIC Gamma Telescope,ForestDiffusion,Logistic Regression,Accuracy,TRTR,0.7909043112513143,0.007487454045746446,2,0.7855481092914193,0.7962605132112094
9. MAGIC Gamma Telescope,ForestDiffusion,Logistic Regression,Accuracy,TSTR,0.7915352260778128,0.005994613170868242,2,0.7872469381473035,0.7958235140083221
9. MAGIC Gamma Telescope,ForestDiffusion,Logistic Regression,F1,TRTR,0.847668432927583,0.005352137470117738,2,0.8438397444265353,0.8514971214286307
9. MAGIC Gamma Telescope,ForestDiffusion,Logistic Regression,F1,TSTR,0.847454271820213,0.004278638814315836,2,0.8443935179961625,0.8505150256442636
9. MAGIC Gamma Telescope,ForestDiffusion,Logistic Regression,Precision,TRTR,0.8031686059393005,0.005911464695158415,2,0.7989397988451127,0.8073974130334883
9. MAGIC Gamma Telescope,ForestDiffusion,Logistic Regression,Precision,TSTR,0.8061729961164706,0.00544287130695596,2,0.8022794005386339,0.8100665916943074
9. MAGIC Gamma Telescope,ForestDiffusion,Logistic Regression,Recall,TRTR,0.8974047039740471,0.005825883210403216,2,0.8932371181860037,0.9015722897620906
9. MAGIC Gamma Telescope,ForestDiffusion,Logistic Regression,Recall,TSTR,0.893227899432279,0.005926765139495842,2,0.8889881470595696,0.8974676518049883
9. MAGIC Gamma Telescope,ForestDiffusion,MLP,Accuracy,TRTR,0.8779968454258673,0.004971791311697523,2,0.8744402401759117,0.8815534506758229
9. MAGIC Gamma Telescope,ForestDiffusion,MLP,Accuracy,TSTR,0.8297844374342798,0.007066811306944826,2,0.8247291451625403,0.8348397297060193
9. MAGIC Gamma Telescope,ForestDiffusion,MLP,F1,TRTR,0.9088758267099898,0.003784765367811874,2,0.90616836866658,0.9115832847533996
9. MAGIC Gamma Telescope,ForestDiffusion,MLP,F1,TSTR,0.8682121154393864,0.005947474210637258,2,0.8639575486896195,0.8724666821891532
9. MAGIC Gamma Telescope,ForestDiffusion,MLP,Precision,TRTR,0.8810318248036328,0.005641547066277761,2,0.8769961051493128,0.8850675444579529
9. MAGIC Gamma Telescope,ForestDiffusion,MLP,Precision,TSTR,0.8714657335045478,0.006189235560015006,2,0.8670382211039025,0.8758932459051931
9. MAGIC Gamma Telescope,ForestDiffusion,MLP,Recall,TRTR,0.9386050283860504,0.007525991405317288,2,0.9332212584598478,0.943988798312253
9. MAGIC Gamma Telescope,ForestDiffusion,MLP,Recall,TSTR,0.8650851581508515,0.01097897705593904,2,0.857231271093198,0.8729390452085051
9. MAGIC Gamma Telescope,ForestDiffusion,Naive Bayes,Accuracy,TRTR,0.7257360672975814,0.007967555111302515,2,0.7200364217248685,0.7314357128702944
9. MAGIC Gamma Telescope,ForestDiffusion,Naive Bayes,Accuracy,TSTR,0.7210042060988433,0.007762832660711549,2,0.7154510101449715,0.7265574020527151
9. MAGIC Gamma Telescope,ForestDiffusion,Naive Bayes,F1,TRTR,0.8124779522382916,0.005291160531600865,2,0.8086928840113179,0.8162630204652652
9. MAGIC Gamma Telescope,ForestDiffusion,Naive Bayes,F1,TSTR,0.8063818889332707,0.005688144242918554,2,0.8023128356668411,0.8104509421997003
9. MAGIC Gamma Telescope,ForestDiffusion,Naive Bayes,Precision,TRTR,0.7296703206701984,0.005506255371201605,2,0.725731382864274,0.7336092584761229
9. MAGIC Gamma Telescope,ForestDiffusion,Naive Bayes,Precision,TSTR,0.7329025811343167,0.004769338641053909,2,0.7294908018004418,0.7363143604681917
9. MAGIC Gamma Telescope,ForestDiffusion,Naive Bayes,Recall,TRTR,0.9165044606650445,0.006059566620638582,2,0.9121697078356743,0.9208392134944148
9. MAGIC Gamma Telescope,ForestDiffusion,Naive Bayes,Recall,TSTR,0.8962692619626924,0.008747852529598608,2,0.8900114252430765,0.9025270986823083
9. MAGIC Gamma Telescope,ForestDiffusion,Random Forest,Accuracy,TRTR,0.8803364879074657,0.005614590567492112,2,0.8763200517707131,0.8843529240442182
9. MAGIC Gamma Telescope,ForestDiffusion,Random Forest,Accuracy,TSTR,0.8539957939011567,0.007233007331008701,2,0.8488216121558553,0.859169975646458
9. MAGIC Gamma Telescope,ForestDiffusion,Random Forest,F1,TRTR,0.9106488531768038,0.004226566446990545,2,0.9076253496803305,0.9136723566732771
9. MAGIC Gamma Telescope,ForestDiffusion,Random Forest,F1,TSTR,0.8910388168120834,0.004971060248935706,2,0.8874827345329231,0.8945948990912437
9. MAGIC Gamma Telescope,ForestDiffusion,Random Forest,Precision,TRTR,0.8824888616470818,0.004138632657633974,2,0.8795282621940945,0.8854494611000692
9. MAGIC Gamma Telescope,ForestDiffusion,Random Forest,Precision,TSTR,0.8632656957757453,0.008574106817530592,2,0.8571321492511431,0.8693992423003475
9. MAGIC Gamma Telescope,ForestDiffusion,Random Forest,Recall,TRTR,0.9406731549067315,0.005103853790693737,2,0.937022077850404,0.944324231963059
9. MAGIC Gamma Telescope,ForestDiffusion,Random Forest,Recall,TSTR,0.9207218167072183,0.004809243824550042,2,0.9172814909247446,0.924162142489692
9. MAGIC Gamma Telescope,ForestDiffusion,SVM-RBF,Accuracy,TRTR,0.7892481598317562,0.007559879483598006,2,0.7838401478347248,0.7946561718287877
9. MAGIC Gamma Telescope,ForestDiffusion,SVM-RBF,Accuracy,TSTR,0.7897476340694006,0.005352457031598057,2,0.7859187169678411,0.7935765511709602
9. MAGIC Gamma Telescope,ForestDiffusion,SVM-RBF,F1,TRTR,0.8468995374296856,0.00536983820772426,2,0.84305818658375,0.8507408882756212
9. MAGIC Gamma Telescope,ForestDiffusion,SVM-RBF,F1,TSTR,0.8465934566857571,0.003818037736510907,2,0.84386219702362,0.8493247163478943
9. MAGIC Gamma Telescope,ForestDiffusion,SVM-RBF,Precision,TRTR,0.8004011372707828,0.005956092075380326,2,0.796140405671957,0.8046618688696086
9. MAGIC Gamma Telescope,ForestDiffusion,SVM-RBF,Precision,TSTR,0.8032487161281008,0.005282173652248106,2,0.7994700767273355,0.8070273555288661
9. MAGIC Gamma Telescope,ForestDiffusion,SVM-RBF,Recall,TRTR,0.8991484184914841,0.005671558999560336,2,0.8950912295934282,0.9032056073895399
9. MAGIC Gamma Telescope,ForestDiffusion,SVM-RBF,Recall,TSTR,0.8949310624493109,0.006238739939927192,2,0.8904681367486187,0.899393988150003
9. MAGIC Gamma Telescope,GaussianCopula,AdaBoost,Accuracy,TRTR,0.8260778128286015,0.00731093303712669,2,0.8208478863912746,0.8313077392659284
9. MAGIC Gamma Telescope,GaussianCopula,AdaBoost,Accuracy,TSTR,0.7570452155625657,0.01159469910274645,2,0.7487508674865592,0.7653395636385721
9. MAGIC Gamma Telescope,GaussianCopula,AdaBoost,F1,TRTR,0.8699241910016173,0.006231966710716953,2,0.8654661105772166,0.8743822714260181
9. MAGIC Gamma Telescope,GaussianCopula,AdaBoost,F1,TSTR,0.8309428194927125,0.007964621307952573,2,0.8252452726364867,0.8366403663489383
9. MAGIC Gamma Telescope,GaussianCopula,AdaBoost,Precision,TRTR,0.844196252736338,0.006283089655621249,2,0.8397016011602455,0.8486909043124305
9. MAGIC Gamma Telescope,GaussianCopula,AdaBoost,Precision,TSTR,0.7570660441763539,0.01055792131082335,2,0.749513362253775,0.7646187260989329
9. MAGIC Gamma Telescope,GaussianCopula,AdaBoost,Recall,TRTR,0.8974452554744525,0.01387128074400012,2,0.887522338999329,0.9073681719495761
9. MAGIC Gamma Telescope,GaussianCopula,AdaBoost,Recall,TSTR,0.9210867802108679,0.01547792922156303,2,0.9100145366518241,0.9321590237699117
9. MAGIC Gamma Telescope,GaussianCopula,Decision Tree,Accuracy,TRTR,0.8164300736067298,0.004641993322208204,2,0.8131093916261364,0.8197507555873232
9. MAGIC Gamma Telescope,GaussianCopula,Decision Tree,Accuracy,TSTR,0.6734752891692954,0.02061580166239039,2,0.6587276330776186,0.6882229452609723
9. MAGIC Gamma Telescope,GaussianCopula,Decision Tree,F1,TRTR,0.8581382514957591,0.00344369841102666,2,0.85567477805529,0.8606017249362281
9. MAGIC Gamma Telescope,GaussianCopula,Decision Tree,F1,TSTR,0.7578881538198529,0.01966398657151633,2,0.7438213852266566,0.7719549224130491
9. MAGIC Gamma Telescope,GaussianCopula,Decision Tree,Precision,TRTR,0.8598576043732354,0.005149009989582374,2,0.8561742245181847,0.8635409842282862
9. MAGIC Gamma Telescope,GaussianCopula,Decision Tree,Precision,TSTR,0.7289076220890962,0.008792748634489424,2,0.7226176686307947,0.7351975755473977
9. MAGIC Gamma Telescope,GaussianCopula,Decision Tree,Recall,TRTR,0.856447688564477,0.00404296628730398,2,0.853555524710176,0.8593398524187779
9. MAGIC Gamma Telescope,GaussianCopula,Decision Tree,Recall,TSTR,0.7898215733982157,0.0343244198218776,2,0.7652673626345925,0.8143757841618389
9. MAGIC Gamma Telescope,GaussianCopula,Extra Trees,Accuracy,TRTR,0.8783385909568875,0.006236215325787138,2,0.8738774712563553,0.8827997106574197
9. MAGIC Gamma Telescope,GaussianCopula,Extra Trees,Accuracy,TSTR,0.7595425867507887,0.01106854635274036,2,0.7516246256781038,0.7674605478234735
9. MAGIC Gamma Telescope,GaussianCopula,Extra Trees,F1,TRTR,0.9100367094597669,0.0045668141679108,2,0.9067698074063865,0.9133036115131473
9. MAGIC Gamma Telescope,GaussianCopula,Extra Trees,F1,TSTR,0.8356137173274609,0.007076384277853174,2,0.8305515769648714,0.8406758576900505
9. MAGIC Gamma Telescope,GaussianCopula,Extra Trees,Precision,TRTR,0.8740033995477805,0.005442529582357535,2,0.8701100484249952,0.8778967506705658
9. MAGIC Gamma Telescope,GaussianCopula,Extra Trees,Precision,TSTR,0.7504762997838395,0.008777169954906896,2,0.7441974906415635,0.7567551089261154
9. MAGIC Gamma Telescope,GaussianCopula,Extra Trees,Recall,TRTR,0.9491889699918896,0.005324614293634103,2,0.9453799703852143,0.952997969598565
9. MAGIC Gamma Telescope,GaussianCopula,Extra Trees,Recall,TSTR,0.9426196269261963,0.008110806959018613,2,0.936817505154924,0.9484217486974685
9. MAGIC Gamma Telescope,GaussianCopula,Gradient Boosting,Accuracy,TRTR,0.871503680336488,0.004754880333623303,2,0.8681022438526824,0.8749051168202935
9. MAGIC Gamma Telescope,GaussianCopula,Gradient Boosting,Accuracy,TSTR,0.7552576235541536,0.01112332243247771,2,0.7473004780345457,0.7632147690737615
9. MAGIC Gamma Telescope,GaussianCopula,Gradient Boosting,F1,TRTR,0.9054465661830223,0.003412111773194277,2,0.9030056884620636,0.907887443903981
9. MAGIC Gamma Telescope,GaussianCopula,Gradient Boosting,F1,TSTR,0.8314598547767081,0.007321693474261728,2,0.8262222307863653,0.836697478767051
9. MAGIC Gamma Telescope,GaussianCopula,Gradient Boosting,Precision,TRTR,0.8657018185292289,0.004330281185649937,2,0.8626041219782028,0.868799515080255
9. MAGIC Gamma Telescope,GaussianCopula,Gradient Boosting,Precision,TSTR,0.7511648730519415,0.01003267045079458,2,0.7439879329594604,0.7583418131444225
9. MAGIC Gamma Telescope,GaussianCopula,Gradient Boosting,Recall,TRTR,0.9490267639902676,0.003464959015009567,2,0.946548081629914,0.9515054463506213
9. MAGIC Gamma Telescope,GaussianCopula,Gradient Boosting,Recall,TSTR,0.9312246553122467,0.01366675808832399,2,0.9214480455312921,0.9410012650932014
9. MAGIC Gamma Telescope,GaussianCopula,KNN,Accuracy,TRTR,0.8379074658254468,0.004507779858963618,2,0.834682794372662,0.8411321372782317
9. MAGIC Gamma Telescope,GaussianCopula,KNN,Accuracy,TSTR,0.7175604626708727,0.009372147194598186,2,0.7108560324512776,0.7242648928904678
9. MAGIC Gamma Telescope,GaussianCopula,KNN,F1,TRTR,0.8826241418730596,0.003241646753472893,2,0.8803052074811881,0.8849430762649311
9. MAGIC Gamma Telescope,GaussianCopula,KNN,F1,TSTR,0.8025861441021556,0.006433972188655474,2,0.7979835576640639,0.8071887305402472
9. MAGIC Gamma Telescope,GaussianCopula,KNN,Precision,TRTR,0.8317775568030321,0.003706352435629412,2,0.829126191992178,0.8344289216138863
9. MAGIC Gamma Telescope,GaussianCopula,KNN,Precision,TSTR,0.7338320014402393,0.007406683474066318,2,0.7285335792665962,0.7391304236138824
9. MAGIC Gamma Telescope,GaussianCopula,KNN,Recall,TRTR,0.9401054339010544,0.004264853562763534,2,0.9370545414519025,0.9431563263502063
9. MAGIC Gamma Telescope,GaussianCopula,KNN,Recall,TSTR,0.8856447688564476,0.009764410594312876,2,0.8786597303049002,0.892629807407995
9. MAGIC Gamma Telescope,GaussianCopula,Logistic Regression,Accuracy,TRTR,0.7909043112513143,0.007487454045746446,2,0.7855481092914193,0.7962605132112094
9. MAGIC Gamma Telescope,GaussianCopula,Logistic Regression,Accuracy,TSTR,0.7710304942166142,0.00901417986744327,2,0.7645821383966176,0.7774788500366108
9. MAGIC Gamma Telescope,GaussianCopula,Logistic Regression,F1,TRTR,0.847668432927583,0.005352137470117738,2,0.8438397444265353,0.8514971214286307
9. MAGIC Gamma Telescope,GaussianCopula,Logistic Regression,F1,TSTR,0.8418662498932814,0.005561470741020401,2,0.8378878133912404,0.8458446863953224
9. MAGIC Gamma Telescope,GaussianCopula,Logistic Regression,Precision,TRTR,0.8031686059393005,0.005911464695158415,2,0.7989397988451127,0.8073974130334883
9. MAGIC Gamma Telescope,GaussianCopula,Logistic Regression,Precision,TSTR,0.7623102156939302,0.008082205237811299,2,0.7565285543614467,0.7680918770264137
9. MAGIC Gamma Telescope,GaussianCopula,Logistic Regression,Recall,TRTR,0.8974047039740471,0.005825883210403216,2,0.8932371181860037,0.9015722897620906
9. MAGIC Gamma Telescope,GaussianCopula,Logistic Regression,Recall,TSTR,0.9400243309002432,0.004720201614808552,2,0.9366477020774325,0.9434009597230538
9. MAGIC Gamma Telescope,GaussianCopula,MLP,Accuracy,TRTR,0.8779968454258673,0.004971791311697523,2,0.8744402401759117,0.8815534506758229
9. MAGIC Gamma Telescope,GaussianCopula,MLP,Accuracy,TSTR,0.7223974763406941,0.02002043403223949,2,0.7080757205948476,0.7367192320865406
9. MAGIC Gamma Telescope,GaussianCopula,MLP,F1,TRTR,0.9088758267099898,0.003784765367811874,2,0.90616836866658,0.9115832847533996
9. MAGIC Gamma Telescope,GaussianCopula,MLP,F1,TSTR,0.7999138163049115,0.01546149861103756,2,0.7888533264965767,0.8109743061132464
9. MAGIC Gamma Telescope,GaussianCopula,MLP,Precision,TRTR,0.8810318248036328,0.005641547066277761,2,0.8769961051493128,0.8850675444579529
9. MAGIC Gamma Telescope,GaussianCopula,MLP,Precision,TSTR,0.750498015434333,0.01205520783970365,2,0.7418742392530763,0.7591217916155898
9. MAGIC Gamma Telescope,GaussianCopula,MLP,Recall,TRTR,0.9386050283860504,0.007525991405317288,2,0.9332212584598478,0.943988798312253
9. MAGIC Gamma Telescope,GaussianCopula,MLP,Recall,TSTR,0.856447688564477,0.02238868866445536,2,0.840431785512336,0.8724635916166179
9. MAGIC Gamma Telescope,GaussianCopula,Naive Bayes,Accuracy,TRTR,0.7257360672975814,0.007967555111302515,2,0.7200364217248685,0.7314357128702944
9. MAGIC Gamma Telescope,GaussianCopula,Naive Bayes,Accuracy,TSTR,0.7251840168243955,0.01391592744486611,2,0.7152291620234779,0.7351388716253131
9. MAGIC Gamma Telescope,GaussianCopula,Naive Bayes,F1,TRTR,0.8124779522382916,0.005291160531600865,2,0.8086928840113179,0.8162630204652652
9. MAGIC Gamma Telescope,GaussianCopula,Naive Bayes,F1,TSTR,0.809369970161803,0.009093819495149164,2,0.8028646435841367,0.8158752967394693
9. MAGIC Gamma Telescope,GaussianCopula,Naive Bayes,Precision,TRTR,0.7296703206701984,0.005506255371201605,2,0.725731382864274,0.7336092584761229
9. MAGIC Gamma Telescope,GaussianCopula,Naive Bayes,Precision,TSTR,0.7354917620438133,0.01033936803336351,2,0.7280954237175916,0.7428881003700349
9. MAGIC Gamma Telescope,GaussianCopula,Naive Bayes,Recall,TRTR,0.9165044606650445,0.006059566620638582,2,0.9121697078356743,0.9208392134944148
9. MAGIC Gamma Telescope,GaussianCopula,Naive Bayes,Recall,TSTR,0.8997972424979725,0.008767849578490665,2,0.8935251007513323,0.9060693842446128
9. MAGIC Gamma Telescope,GaussianCopula,Random Forest,Accuracy,TRTR,0.8803364879074657,0.005614590567492112,2,0.8763200517707131,0.8843529240442182
9. MAGIC Gamma Telescope,GaussianCopula,Random Forest,Accuracy,TSTR,0.7548107255520506,0.01574614367183315,2,0.7435466129337202,0.7660748381703811
9. MAGIC Gamma Telescope,GaussianCopula,Random Forest,F1,TRTR,0.9106488531768038,0.004226566446990545,2,0.9076253496803305,0.9136723566732771
9. MAGIC Gamma Telescope,GaussianCopula,Random Forest,F1,TSTR,0.8332420115963192,0.00991654508182119,2,0.8261481425884937,0.8403358806041447
9. MAGIC Gamma Telescope,GaussianCopula,Random Forest,Precision,TRTR,0.8824888616470818,0.004138632657633974,2,0.8795282621940945,0.8854494611000692
9. MAGIC Gamma Telescope,GaussianCopula,Random Forest,Precision,TSTR,0.7454207324938126,0.01219553749839978,2,0.7366965705220925,0.7541448944655327
9. MAGIC Gamma Telescope,GaussianCopula,Random Forest,Recall,TRTR,0.9406731549067315,0.005103853790693737,2,0.937022077850404,0.944324231963059
9. MAGIC Gamma Telescope,GaussianCopula,Random Forest,Recall,TSTR,0.9446472019464721,0.01012692027746647,2,0.9374028395895931,0.9518915643033511
9. MAGIC Gamma Telescope,GaussianCopula,SVM-RBF,Accuracy,TRTR,0.8693743427970556,0.005055868700125186,2,0.8657575922066507,0.8729910933874605
9. MAGIC Gamma Telescope,GaussianCopula,SVM-RBF,Accuracy,TSTR,0.7424815983175604,0.01481036253454471,2,0.7318869031982829,0.753076293436838
9. MAGIC Gamma Telescope,GaussianCopula,SVM-RBF,F1,TRTR,0.9047102520659258,0.003518066264087735,2,0.9021935790681861,0.9072269250636655
9. MAGIC Gamma Telescope,GaussianCopula,SVM-RBF,F1,TSTR,0.8307921062469502,0.008205092686411373,2,0.8249225365294515,0.836661675964449
9. MAGIC Gamma Telescope,GaussianCopula,SVM-RBF,Precision,TRTR,0.8582660571793437,0.00511304564749768,2,0.8546084046647726,0.8619237096939147
9. MAGIC Gamma Telescope,GaussianCopula,SVM-RBF,Precision,TSTR,0.7240085655675405,0.01225021617574832,2,0.7152452888263688,0.7327718423087121
9. MAGIC Gamma Telescope,GaussianCopula,SVM-RBF,Recall,TRTR,0.9564882400648825,0.003445923249418777,2,0.9540231750709051,0.95895330505886
9. MAGIC Gamma Telescope,GaussianCopula,SVM-RBF,Recall,TSTR,0.9746958637469587,0.004387065153705926,2,0.9715575463922344,0.9778341811016831
9. MAGIC Gamma Telescope,TVAE,AdaBoost,Accuracy,TRTR,0.8260778128286015,0.00731093303712669,2,0.8208478863912746,0.8313077392659284
9. MAGIC Gamma Telescope,TVAE,AdaBoost,Accuracy,TSTR,0.7883806519453207,0.008829051326890984,2,0.7820647291053037,0.7946965747853377
9. MAGIC Gamma Telescope,TVAE,AdaBoost,F1,TRTR,0.8699241910016173,0.006231966710716953,2,0.8654661105772166,0.8743822714260181
9. MAGIC Gamma Telescope,TVAE,AdaBoost,F1,TSTR,0.8367996195452128,0.007752523077286176,2,0.8312537986230422,0.8423454404673834
9. MAGIC Gamma Telescope,TVAE,AdaBoost,Precision,TRTR,0.844196252736338,0.006283089655621249,2,0.8397016011602455,0.8486909043124305
9. MAGIC Gamma Telescope,TVAE,AdaBoost,Precision,TSTR,0.8365003183733745,0.004250681404026905,2,0.8334595640758476,0.8395410726709013
9. MAGIC Gamma Telescope,TVAE,AdaBoost,Recall,TRTR,0.8974452554744525,0.01387128074400012,2,0.887522338999329,0.9073681719495761
9. MAGIC Gamma Telescope,TVAE,AdaBoost,Recall,TSTR,0.8371857258718572,0.01321661677837165,2,0.8277311277856477,0.8466403239580668
9. MAGIC Gamma Telescope,TVAE,Decision Tree,Accuracy,TRTR,0.8164300736067298,0.004641993322208204,2,0.8131093916261364,0.8197507555873232
9. MAGIC Gamma Telescope,TVAE,Decision Tree,Accuracy,TSTR,0.6873817034700316,0.01209241987784873,2,0.6787313074003019,0.6960320995397613
9. MAGIC Gamma Telescope,TVAE,Decision Tree,F1,TRTR,0.8581382514957591,0.00344369841102666,2,0.85567477805529,0.8606017249362281
9. MAGIC Gamma Telescope,TVAE,Decision Tree,F1,TSTR,0.7357052391612807,0.01337141915952013,2,0.7261399021226532,0.7452705761999082
9. MAGIC Gamma Telescope,TVAE,Decision Tree,Precision,TRTR,0.8598576043732354,0.005149009989582374,2,0.8561742245181847,0.8635409842282862
9. MAGIC Gamma Telescope,TVAE,Decision Tree,Precision,TSTR,0.8140251017891977,0.01653703162696385,2,0.8021952220103016,0.8258549815680939
9. MAGIC Gamma Telescope,TVAE,Decision Tree,Recall,TRTR,0.856447688564477,0.00404296628730398,2,0.853555524710176,0.8593398524187779
9. MAGIC Gamma Telescope,TVAE,Decision Tree,Recall,TSTR,0.6718978102189781,0.02513568323614602,2,0.6539168256292657,0.6898787948086905
9. MAGIC Gamma Telescope,TVAE,Extra Trees,Accuracy,TRTR,0.8783385909568875,0.006236215325787138,2,0.8738774712563553,0.8827997106574197
9. MAGIC Gamma Telescope,TVAE,Extra Trees,Accuracy,TSTR,0.7845425867507887,0.009388355111361296,2,0.7778265620860054,0.791258611415572
9. MAGIC Gamma Telescope,TVAE,Extra Trees,F1,TRTR,0.9100367094597669,0.0045668141679108,2,0.9067698074063865,0.9133036115131473
9. MAGIC Gamma Telescope,TVAE,Extra Trees,F1,TSTR,0.8299750283211031,0.008330881499150209,2,0.8240154747077155,0.8359345819344908
9. MAGIC Gamma Telescope,TVAE,Extra Trees,Precision,TRTR,0.8740033995477805,0.005442529582357535,2,0.8701100484249952,0.8778967506705658
9. MAGIC Gamma Telescope,TVAE,Extra Trees,Precision,TSTR,0.8494673067602614,0.006606833288435504,2,0.8447410629406654,0.8541935505798574
9. MAGIC Gamma Telescope,TVAE,Extra Trees,Recall,TRTR,0.9491889699918896,0.005324614293634103,2,0.9453799703852143,0.952997969598565
9. MAGIC Gamma Telescope,TVAE,Extra Trees,Recall,TSTR,0.8114760746147608,0.01367307358219831,2,0.8016949470016485,0.8212572022278731
9. MAGIC Gamma Telescope,TVAE,Gradient Boosting,Accuracy,TRTR,0.871503680336488,0.004754880333623303,2,0.8681022438526824,0.8749051168202935
9. MAGIC Gamma Telescope,TVAE,Gradient Boosting,Accuracy,TSTR,0.7679284963196634,0.008224274511728072,2,0.7620452047509548,0.773811787888372
9. MAGIC Gamma Telescope,TVAE,Gradient Boosting,F1,TRTR,0.9054465661830223,0.003412111773194277,2,0.9030056884620636,0.907887443903981
9. MAGIC Gamma Telescope,TVAE,Gradient Boosting,F1,TSTR,0.8121211168792923,0.007574180930020186,2,0.8067028742437972,0.8175393595147875
9. MAGIC Gamma Telescope,TVAE,Gradient Boosting,Precision,TRTR,0.8657018185292289,0.004330281185649937,2,0.8626041219782028,0.868799515080255
9. MAGIC Gamma Telescope,TVAE,Gradient Boosting,Precision,TSTR,0.8544227638681612,0.006719297894986186,2,0.84961606771559,0.8592294600207324
9. MAGIC Gamma Telescope,TVAE,Gradient Boosting,Recall,TRTR,0.9490267639902676,0.003464959015009567,2,0.946548081629914,0.9515054463506213
9. MAGIC Gamma Telescope,TVAE,Gradient Boosting,Recall,TSTR,0.7739253852392538,0.01248597752969522,2,0.7649934549853711,0.7828573154931365
9. MAGIC Gamma Telescope,TVAE,KNN,Accuracy,TRTR,0.8379074658254468,0.004507779858963618,2,0.834682794372662,0.8411321372782317
9. MAGIC Gamma Telescope,TVAE,KNN,Accuracy,TSTR,0.7689537329127234,0.007179544374392018,2,0.7638177962626523,0.7740896695627945
9. MAGIC Gamma Telescope,TVAE,KNN,F1,TRTR,0.8826241418730596,0.003241646753472893,2,0.8803052074811881,0.8849430762649311
9. MAGIC Gamma Telescope,TVAE,KNN,F1,TSTR,0.8263147796937164,0.006035184176852898,2,0.821997469013893,0.8306320903735397
9. MAGIC Gamma Telescope,TVAE,KNN,Precision,TRTR,0.8317775568030321,0.003706352435629412,2,0.829126191992178,0.8344289216138863
9. MAGIC Gamma Telescope,TVAE,KNN,Precision,TSTR,0.8058686702777692,0.006764651664254169,2,0.8010295299931395,0.8107078105623989
9. MAGIC Gamma Telescope,TVAE,KNN,Recall,TRTR,0.9401054339010544,0.004264853562763534,2,0.9370545414519025,0.9431563263502063
9. MAGIC Gamma Telescope,TVAE,KNN,Recall,TSTR,0.8479724249797241,0.01218901475522435,2,0.8392529290973806,0.8566919208620677
9. MAGIC Gamma Telescope,TVAE,Logistic Regression,Accuracy,TRTR,0.7909043112513143,0.007487454045746446,2,0.7855481092914193,0.7962605132112094
9. MAGIC Gamma Telescope,TVAE,Logistic Regression,Accuracy,TSTR,0.753496319663512,0.008164608629745787,2,0.7476557104955314,0.7593369288314927
9. MAGIC Gamma Telescope,TVAE,Logistic Regression,F1,TRTR,0.847668432927583,0.005352137470117738,2,0.8438397444265353,0.8514971214286307
9. MAGIC Gamma Telescope,TVAE,Logistic Regression,F1,TSTR,0.8055229864916837,0.006706472181039106,2,0.8007254653021587,0.8103205076812088
9. MAGIC Gamma Telescope,TVAE,Logistic Regression,Precision,TRTR,0.8031686059393005,0.005911464695158415,2,0.7989397988451127,0.8073974130334883
9. MAGIC Gamma Telescope,TVAE,Logistic Regression,Precision,TSTR,0.8244646977434698,0.00940309635119933,2,0.8177381278309656,0.831191267655974
9. MAGIC Gamma Telescope,TVAE,Logistic Regression,Recall,TRTR,0.8974047039740471,0.005825883210403216,2,0.8932371181860037,0.9015722897620906
9. MAGIC Gamma Telescope,TVAE,Logistic Regression,Recall,TSTR,0.7875912408759125,0.01149947891306803,2,0.7793650092201819,0.795817472531643
9. MAGIC Gamma Telescope,TVAE,MLP,Accuracy,TRTR,0.8779968454258673,0.004971791311697523,2,0.8744402401759117,0.8815534506758229
9. MAGIC Gamma Telescope,TVAE,MLP,Accuracy,TSTR,0.7312302839116719,0.01186535097467208,2,0.7227423231499648,0.739718244673379
9. MAGIC Gamma Telescope,TVAE,MLP,F1,TRTR,0.9088758267099898,0.003784765367811874,2,0.90616836866658,0.9115832847533996
9. MAGIC Gamma Telescope,TVAE,MLP,F1,TSTR,0.7681397725975989,0.01330639274139502,2,0.7586209526562488,0.777658592538949
9. MAGIC Gamma Telescope,TVAE,MLP,Precision,TRTR,0.8810318248036328,0.005641547066277761,2,0.8769961051493128,0.8850675444579529
9. MAGIC Gamma Telescope,TVAE,MLP,Precision,TSTR,0.8708646639494535,0.008372534297656165,2,0.864875313719001,0.876854014179906
9. MAGIC Gamma Telescope,TVAE,MLP,Recall,TRTR,0.9386050283860504,0.007525991405317288,2,0.9332212584598478,0.943988798312253
9. MAGIC Gamma Telescope,TVAE,MLP,Recall,TSTR,0.6874695863746958,0.02177585365607323,2,0.6718920790780324,0.7030470936713592
9. MAGIC Gamma Telescope,TVAE,Naive Bayes,Accuracy,TRTR,0.7257360672975814,0.007967555111302515,2,0.7200364217248685,0.7314357128702944
9. MAGIC Gamma Telescope,TVAE,Naive Bayes,Accuracy,TSTR,0.7063091482649841,0.006578125458774496,2,0.7016034407895921,0.7110148557403762
9. MAGIC Gamma Telescope,TVAE,Naive Bayes,F1,TRTR,0.8124779522382916,0.005291160531600865,2,0.8086928840113179,0.8162630204652652
9. MAGIC Gamma Telescope,TVAE,Naive Bayes,F1,TSTR,0.7605286413713236,0.006532615888692454,2,0.7558554894811783,0.7652017932614689
9. MAGIC Gamma Telescope,TVAE,Naive Bayes,Precision,TRTR,0.7296703206701984,0.005506255371201605,2,0.725731382864274,0.7336092584761229
9. MAGIC Gamma Telescope,TVAE,Naive Bayes,Precision,TSTR,0.8065804609434336,0.005271066120660395,2,0.802809767392098,0.8103511544947692
9. MAGIC Gamma Telescope,TVAE,Naive Bayes,Recall,TRTR,0.9165044606650445,0.006059566620638582,2,0.9121697078356743,0.9208392134944148
9. MAGIC Gamma Telescope,TVAE,Naive Bayes,Recall,TSTR,0.7195458231954581,0.01103447979582155,2,0.7116522318695284,0.7274394145213878
9. MAGIC Gamma Telescope,TVAE,Random Forest,Accuracy,TRTR,0.8803364879074657,0.005614590567492112,2,0.8763200517707131,0.8843529240442182
9. MAGIC Gamma Telescope,TVAE,Random Forest,Accuracy,TSTR,0.777944269190326,0.007721773824268265,2,0.7724204449586557,0.7834680934219963
9. MAGIC Gamma Telescope,TVAE,Random Forest,F1,TRTR,0.9106488531768038,0.004226566446990545,2,0.9076253496803305,0.9136723566732771
9. MAGIC Gamma Telescope,TVAE,Random Forest,F1,TSTR,0.822750400125878,0.007536096838660285,2,0.8173594012081454,0.8281413990436105
9. MAGIC Gamma Telescope,TVAE,Random Forest,Precision,TRTR,0.8824888616470818,0.004138632657633974,2,0.8795282621940945,0.8854494611000692
9. MAGIC Gamma Telescope,TVAE,Random Forest,Precision,TSTR,0.8523777595944007,0.007257773680350447,2,0.8471858610700616,0.8575696581187398
9. MAGIC Gamma Telescope,TVAE,Random Forest,Recall,TRTR,0.9406731549067315,0.005103853790693737,2,0.937022077850404,0.944324231963059
9. MAGIC Gamma Telescope,TVAE,Random Forest,Recall,TSTR,0.7953365774533658,0.01528210611131701,2,0.7844044173085886,0.8062687375981431
9. MAGIC Gamma Telescope,TVAE,SVM-RBF,Accuracy,TRTR,0.8693743427970556,0.005055868700125186,2,0.8657575922066507,0.8729910933874605
9. MAGIC Gamma Telescope,TVAE,SVM-RBF,Accuracy,TSTR,0.7870662460567822,0.008520757195271981,2,0.7809708635528946,0.7931616285606699
9. MAGIC Gamma Telescope,TVAE,SVM-RBF,F1,TRTR,0.9047102520659258,0.003518066264087735,2,0.9021935790681861,0.9072269250636655
9. MAGIC Gamma Telescope,TVAE,SVM-RBF,F1,TSTR,0.831815720816014,0.008347733435201992,2,0.8258441120537925,0.8377873295782354
9. MAGIC Gamma Telescope,TVAE,SVM-RBF,Precision,TRTR,0.8582660571793437,0.00511304564749768,2,0.8546084046647726,0.8619237096939147
9. MAGIC Gamma Telescope,TVAE,SVM-RBF,Precision,TSTR,0.8520751402201736,0.006973071831410682,2,0.8470869051296213,0.857063375310726
9. MAGIC Gamma Telescope,TVAE,SVM-RBF,Recall,TRTR,0.9564882400648825,0.003445923249418777,2,0.9540231750709051,0.95895330505886
9. MAGIC Gamma Telescope,TVAE,SVM-RBF,Recall,TSTR,0.8127737226277372,0.01771228078099782,2,0.8001031202502459,0.8254443250052285
9. MAGIC Gamma Telescope,TabDDPM,AdaBoost,Accuracy,TRTR,0.8260778128286015,0.00731093303712669,2,0.8208478863912746,0.8313077392659284
9. MAGIC Gamma Telescope,TabDDPM,AdaBoost,Accuracy,TSTR,0.6452944269190326,0.005906408310205905,2,0.6410692369447399,0.6495196168933253
9. MAGIC Gamma Telescope,TabDDPM,AdaBoost,F1,TRTR,0.8699241910016173,0.006231966710716953,2,0.8654661105772166,0.8743822714260181
9. MAGIC Gamma Telescope,TabDDPM,AdaBoost,F1,TSTR,0.7820984572517805,0.004544786967065663,2,0.7788473125086443,0.7853496019949168
9. MAGIC Gamma Telescope,TabDDPM,AdaBoost,Precision,TRTR,0.844196252736338,0.006283089655621249,2,0.8397016011602455,0.8486909043124305
9. MAGIC Gamma Telescope,TabDDPM,AdaBoost,Precision,TSTR,0.6498527472746318,0.003895600075272372,2,0.647066002857817,0.6526394916914466
9. MAGIC Gamma Telescope,TabDDPM,AdaBoost,Recall,TRTR,0.8974452554744525,0.01387128074400012,2,0.887522338999329,0.9073681719495761
9. MAGIC Gamma Telescope,TabDDPM,AdaBoost,Recall,TSTR,0.9821167883211679,0.01484589266800504,2,0.9714966764755488,0.992736900166787
9. MAGIC Gamma Telescope,TabDDPM,Decision Tree,Accuracy,TRTR,0.8164300736067298,0.004641993322208204,2,0.8131093916261364,0.8197507555873232
9. MAGIC Gamma Telescope,TabDDPM,Decision Tree,Accuracy,TSTR,0.5559674027339643,0.01407357408562904,2,0.545899774319871,0.5660350311480575
9. MAGIC Gamma Telescope,TabDDPM,Decision Tree,F1,TRTR,0.8581382514957591,0.00344369841102666,2,0.85567477805529,0.8606017249362281
9. MAGIC Gamma Telescope,TabDDPM,Decision Tree,F1,TSTR,0.6603305628827781,0.01126578902247099,2,0.6522715029041459,0.6683896228614103
9. MAGIC Gamma Telescope,TabDDPM,Decision Tree,Precision,TRTR,0.8598576043732354,0.005149009989582374,2,0.8561742245181847,0.8635409842282862
9. MAGIC Gamma Telescope,TabDDPM,Decision Tree,Precision,TSTR,0.6549430158726766,0.01058806418293841,2,0.6473687710383638,0.6625172607069894
9. MAGIC Gamma Telescope,TabDDPM,Decision Tree,Recall,TRTR,0.856447688564477,0.00404296628730398,2,0.853555524710176,0.8593398524187779
9. MAGIC Gamma Telescope,TabDDPM,Decision Tree,Recall,TSTR,0.6658556366585564,0.01322749913244128,2,0.6563932538052097,0.6753180195119031
9. MAGIC Gamma Telescope,TabDDPM,Extra Trees,Accuracy,TRTR,0.8783385909568875,0.006236215325787138,2,0.8738774712563553,0.8827997106574197
9. MAGIC Gamma Telescope,TabDDPM,Extra Trees,Accuracy,TSTR,0.6383280757097791,0.0109225784870775,2,0.6305145337578486,0.6461416176617096
9. MAGIC Gamma Telescope,TabDDPM,Extra Trees,F1,TRTR,0.9100367094597669,0.0045668141679108,2,0.9067698074063865,0.9133036115131473
9. MAGIC Gamma Telescope,TabDDPM,Extra Trees,F1,TSTR,0.7683501460435098,0.006850936582404506,2,0.7634492812467986,0.7732510108402211
9. MAGIC Gamma Telescope,TabDDPM,Extra Trees,Precision,TRTR,0.8740033995477805,0.005442529582357535,2,0.8701100484249952,0.8778967506705658
9. MAGIC Gamma Telescope,TabDDPM,Extra Trees,Precision,TSTR,0.6569913439502555,0.006793804218780486,2,0.6521313491844182,0.6618513387160928
9. MAGIC Gamma Telescope,TabDDPM,Extra Trees,Recall,TRTR,0.9491889699918896,0.005324614293634103,2,0.9453799703852143,0.952997969598565
9. MAGIC Gamma Telescope,TabDDPM,Extra Trees,Recall,TSTR,0.9252635847526356,0.0112760153608929,2,0.9171972092921903,0.9333299602130809
9. MAGIC Gamma Telescope,TabDDPM,Gradient Boosting,Accuracy,TRTR,0.871503680336488,0.004754880333623303,2,0.8681022438526824,0.8749051168202935
9. MAGIC Gamma Telescope,TabDDPM,Gradient Boosting,Accuracy,TSTR,0.6281808622502629,0.00843860864519413,2,0.6221442452789904,0.6342174792215355
9. MAGIC Gamma Telescope,TabDDPM,Gradient Boosting,F1,TRTR,0.9054465661830223,0.003412111773194277,2,0.9030056884620636,0.907887443903981
9. MAGIC Gamma Telescope,TabDDPM,Gradient Boosting,F1,TSTR,0.7578194488136557,0.005639916438486107,2,0.7537848956401875,0.7618540019871239
9. MAGIC Gamma Telescope,TabDDPM,Gradient Boosting,Precision,TRTR,0.8657018185292289,0.004330281185649937,2,0.8626041219782028,0.868799515080255
9. MAGIC Gamma Telescope,TabDDPM,Gradient Boosting,Precision,TSTR,0.6558601421759096,0.005674490808419633,2,0.6518008559881393,0.6599194283636799
9. MAGIC Gamma Telescope,TabDDPM,Gradient Boosting,Recall,TRTR,0.9490267639902676,0.003464959015009567,2,0.946548081629914,0.9515054463506213
9. MAGIC Gamma Telescope,TabDDPM,Gradient Boosting,Recall,TSTR,0.8974452554744528,0.01186774144616095,2,0.8889555846724575,0.905934926276448
9. MAGIC Gamma Telescope,TabDDPM,KNN,Accuracy,TRTR,0.8379074658254468,0.004507779858963618,2,0.834682794372662,0.8411321372782317
9. MAGIC Gamma Telescope,TabDDPM,KNN,Accuracy,TSTR,0.6043638275499473,0.01003297302396089,2,0.5971866710096622,0.6115409840902325
9. MAGIC Gamma Telescope,TabDDPM,KNN,F1,TRTR,0.8826241418730596,0.003241646753472893,2,0.8803052074811881,0.8849430762649311
9. MAGIC Gamma Telescope,TabDDPM,KNN,F1,TSTR,0.724332197313248,0.007641871099014639,2,0.7188655320478953,0.7297988625786008
9. MAGIC Gamma Telescope,TabDDPM,KNN,Precision,TRTR,0.8317775568030321,0.003706352435629412,2,0.829126191992178,0.8344289216138863
9. MAGIC Gamma Telescope,TabDDPM,KNN,Precision,TSTR,0.660512122828971,0.006529411639070338,2,0.6558412631209214,0.6651829825370206
9. MAGIC Gamma Telescope,TabDDPM,KNN,Recall,TRTR,0.9401054339010544,0.004264853562763534,2,0.9370545414519025,0.9431563263502063
9. MAGIC Gamma Telescope,TabDDPM,KNN,Recall,TSTR,0.8019059205190592,0.01278401727314183,2,0.7927607854764429,0.8110510555616754
9. MAGIC Gamma Telescope,TabDDPM,Logistic Regression,Accuracy,TRTR,0.7909043112513143,0.007487454045746446,2,0.7855481092914193,0.7962605132112094
9. MAGIC Gamma Telescope,TabDDPM,Logistic Regression,Accuracy,TSTR,0.6484752891692954,0.0005613605810741979,2,0.6480737160008744,0.6488768623377165
9. MAGIC Gamma Telescope,TabDDPM,Logistic Regression,F1,TRTR,0.847668432927583,0.005352137470117738,2,0.8438397444265353,0.8514971214286307
9. MAGIC Gamma Telescope,TabDDPM,Logistic Regression,F1,TSTR,0.7866897105966408,0.0002824016647629441,2,0.78648769261549,0.7868917285777917
9. MAGIC Gamma Telescope,TabDDPM,Logistic Regression,Precision,TRTR,0.8031686059393005,0.005911464695158415,2,0.7989397988451127,0.8073974130334883
9. MAGIC Gamma Telescope,TabDDPM,Logistic Regression,Precision,TSTR,0.6484171357248467,0.0003542776151876643,2,0.6481637007861851,0.6486705706635083
9. MAGIC Gamma Telescope,TabDDPM,Logistic Regression,Recall,TRTR,0.8974047039740471,0.005825883210403216,2,0.8932371181860037,0.9015722897620906
9. MAGIC Gamma Telescope,TabDDPM,Logistic Regression,Recall,TSTR,0.999918896999189,0.0002433090024331008,2,0.9997448442240093,1.0000929497743687
9. MAGIC Gamma Telescope,TabDDPM,MLP,Accuracy,TRTR,0.8779968454258673,0.004971791311697523,2,0.8744402401759117,0.8815534506758229
9. MAGIC Gamma Telescope,TabDDPM,MLP,Accuracy,TSTR,0.6310988433228182,0.01057099444446813,2,0.6235368094438035,0.6386608772018328
9. MAGIC Gamma Telescope,TabDDPM,MLP,F1,TRTR,0.9088758267099898,0.003784765367811874,2,0.90616836866658,0.9115832847533996
9. MAGIC Gamma Telescope,TabDDPM,MLP,F1,TSTR,0.7517808777331801,0.008808504610388224,2,0.7454796531287088,0.7580821023376515
9. MAGIC Gamma Telescope,TabDDPM,MLP,Precision,TRTR,0.8810318248036328,0.005641547066277761,2,0.8769961051493128,0.8850675444579529
9. MAGIC Gamma Telescope,TabDDPM,MLP,Precision,TSTR,0.6666927638610544,0.0070720508501763,2,0.66163372344588,0.6717518042762287
9. MAGIC Gamma Telescope,TabDDPM,MLP,Recall,TRTR,0.9386050283860504,0.007525991405317288,2,0.9332212584598478,0.943988798312253
9. MAGIC Gamma Telescope,TabDDPM,MLP,Recall,TSTR,0.8621654501216545,0.02189289091961426,2,0.846504219410259,0.8778266808330499
9. MAGIC Gamma Telescope,TabDDPM,Naive Bayes,Accuracy,TRTR,0.7257360672975814,0.007967555111302515,2,0.7200364217248685,0.7314357128702944
9. MAGIC Gamma Telescope,TabDDPM,Naive Bayes,Accuracy,TSTR,0.6585699263932703,0.01199487378174651,2,0.6499893105970395,0.6671505421895011
9. MAGIC Gamma Telescope,TabDDPM,Naive Bayes,F1,TRTR,0.8124779522382916,0.005291160531600865,2,0.8086928840113179,0.8162630204652652
9. MAGIC Gamma Telescope,TabDDPM,Naive Bayes,F1,TSTR,0.7909556912350302,0.006560204671752298,2,0.7862628035183952,0.7956485789516652
9. MAGIC Gamma Telescope,TabDDPM,Naive Bayes,Precision,TRTR,0.7296703206701984,0.005506255371201605,2,0.725731382864274,0.7336092584761229
9. MAGIC Gamma Telescope,TabDDPM,Naive Bayes,Precision,TSTR,0.6558487825071249,0.007518028486105992,2,0.6504707089101719,0.6612268561040778
9. MAGIC Gamma Telescope,TabDDPM,Naive Bayes,Recall,TRTR,0.9165044606650445,0.006059566620638582,2,0.9121697078356743,0.9208392134944148
9. MAGIC Gamma Telescope,TabDDPM,Naive Bayes,Recall,TSTR,0.9962692619626925,0.008536644668052942,2,0.9901625142454323,1.0023760096799528
9. MAGIC Gamma Telescope,TabDDPM,Random Forest,Accuracy,TRTR,0.8803364879074657,0.005614590567492112,2,0.8763200517707131,0.8843529240442182
9. MAGIC Gamma Telescope,TabDDPM,Random Forest,Accuracy,TSTR,0.6348580441640378,0.007403734637461534,2,0.6295617314610246,0.640154356867051
9. MAGIC Gamma Telescope,TabDDPM,Random Forest,F1,TRTR,0.9106488531768038,0.004226566446990545,2,0.9076253496803305,0.9136723566732771
9. MAGIC Gamma Telescope,TabDDPM,Random Forest,F1,TSTR,0.7667000074249125,0.005034609332349129,2,0.7630984648700632,0.7703015499797619
9. MAGIC Gamma Telescope,TabDDPM,Random Forest,Precision,TRTR,0.8824888616470818,0.004138632657633974,2,0.8795282621940945,0.8854494611000692
9. MAGIC Gamma Telescope,TabDDPM,Random Forest,Precision,TSTR,0.6544041973465721,0.004338417108145803,2,0.651300680707202,0.6575077139859421
9. MAGIC Gamma Telescope,TabDDPM,Random Forest,Recall,TRTR,0.9406731549067315,0.005103853790693737,2,0.937022077850404,0.944324231963059
9. MAGIC Gamma Telescope,TabDDPM,Random Forest,Recall,TSTR,0.9255879967558801,0.009997815966181945,2,0.9184359900596714,0.9327400034520889
9. MAGIC Gamma Telescope,TabDDPM,SVM-RBF,Accuracy,TRTR,0.7892481598317562,0.007559879483598006,2,0.7838401478347248,0.7946561718287877
9. MAGIC Gamma Telescope,TabDDPM,SVM-RBF,Accuracy,TSTR,0.6484490010515247,0.0004854412542749546,2,0.6481017372978275,0.6487962648052219
9. MAGIC Gamma Telescope,TabDDPM,SVM-RBF,F1,TRTR,0.8468995374296856,0.00536983820772426,2,0.84305818658375,0.8507408882756212
9. MAGIC Gamma Telescope,TabDDPM,SVM-RBF,F1,TSTR,0.7866703474864103,0.0002290005449719912,2,0.7865065303650894,0.7868341646077311
9. MAGIC Gamma Telescope,TabDDPM,SVM-RBF,Precision,TRTR,0.8004011372707828,0.005956092075380326,2,0.796140405671957,0.8046618688696086
9. MAGIC Gamma Telescope,TabDDPM,SVM-RBF,Precision,TSTR,0.6484079012701597,0.00032713558483582,2,0.6481738825703528,0.6486419199699666
9. MAGIC Gamma Telescope,TabDDPM,SVM-RBF,Recall,TRTR,0.8991484184914841,0.005671558999560336,2,0.8950912295934282,0.9032056073895399
9. MAGIC Gamma Telescope,TabDDPM,SVM-RBF,Recall,TSTR,0.9998783454987834,0.0002596562951108327,2,0.9996925985748926,1.0000640924226742
9. MAGIC Gamma Telescope,WGAN_GP,AdaBoost,Accuracy,TRTR,0.8260778128286015,0.00731093303712669,2,0.8208478863912746,0.8313077392659284
9. MAGIC Gamma Telescope,WGAN_GP,AdaBoost,Accuracy,TSTR,0.8142218717139853,0.006795414884167244,2,0.8093607247475403,0.8190830186804303
9. MAGIC Gamma Telescope,WGAN_GP,AdaBoost,F1,TRTR,0.8699241910016173,0.006231966710716953,2,0.8654661105772166,0.8743822714260181
9. MAGIC Gamma Telescope,WGAN_GP,AdaBoost,F1,TSTR,0.8610001540110378,0.004912333070342645,2,0.8574860826246533,0.8645142253974223
9. MAGIC Gamma Telescope,WGAN_GP,AdaBoost,Precision,TRTR,0.844196252736338,0.006283089655621249,2,0.8397016011602455,0.8486909043124305
9. MAGIC Gamma Telescope,WGAN_GP,AdaBoost,Precision,TSTR,0.8361621769190197,0.01005988703257459,2,0.8289657672568049,0.8433585865812345
9. MAGIC Gamma Telescope,WGAN_GP,AdaBoost,Recall,TRTR,0.8974452554744525,0.01387128074400012,2,0.887522338999329,0.9073681719495761
9. MAGIC Gamma Telescope,WGAN_GP,AdaBoost,Recall,TSTR,0.8875912408759123,0.01180292503018602,2,0.8791479369447062,0.8960345448071185
9. MAGIC Gamma Telescope,WGAN_GP,Decision Tree,Accuracy,TRTR,0.8164300736067298,0.004641993322208204,2,0.8131093916261364,0.8197507555873232
9. MAGIC Gamma Telescope,WGAN_GP,Decision Tree,Accuracy,TSTR,0.7396161934805467,0.01763587906519608,2,0.7270002455980835,0.75223214136301
9. MAGIC Gamma Telescope,WGAN_GP,Decision Tree,F1,TRTR,0.8581382514957591,0.00344369841102666,2,0.85567477805529,0.8606017249362281
9. MAGIC Gamma Telescope,WGAN_GP,Decision Tree,F1,TSTR,0.7918980100624019,0.01785309980238766,2,0.7791266718254648,0.804669348299339
9. MAGIC Gamma Telescope,WGAN_GP,Decision Tree,Precision,TRTR,0.8598576043732354,0.005149009989582374,2,0.8561742245181847,0.8635409842282862
9. MAGIC Gamma Telescope,WGAN_GP,Decision Tree,Precision,TSTR,0.8205963138333869,0.007103892377209638,2,0.8155144953619521,0.8256781323048218
9. MAGIC Gamma Telescope,WGAN_GP,Decision Tree,Recall,TRTR,0.856447688564477,0.00404296628730398,2,0.853555524710176,0.8593398524187779
9. MAGIC Gamma Telescope,WGAN_GP,Decision Tree,Recall,TSTR,0.7658150851581509,0.03254355810782703,2,0.742534826120284,0.7890953441960178
9. MAGIC Gamma Telescope,WGAN_GP,Extra Trees,Accuracy,TRTR,0.8783385909568875,0.006236215325787138,2,0.8738774712563553,0.8827997106574197
9. MAGIC Gamma Telescope,WGAN_GP,Extra Trees,Accuracy,TSTR,0.8402996845425867,0.006160905176266021,2,0.8358924384776055,0.844706930607568
9. MAGIC Gamma Telescope,WGAN_GP,Extra Trees,F1,TRTR,0.9100367094597669,0.0045668141679108,2,0.9067698074063865,0.9133036115131473
9. MAGIC Gamma Telescope,WGAN_GP,Extra Trees,F1,TSTR,0.8813124173994475,0.004486710257729298,2,0.8781028182314121,0.884522016567483
9. MAGIC Gamma Telescope,WGAN_GP,Extra Trees,Precision,TRTR,0.8740033995477805,0.005442529582357535,2,0.8701100484249952,0.8778967506705658
9. MAGIC Gamma Telescope,WGAN_GP,Extra Trees,Precision,TSTR,0.8504198900189269,0.007418236987875412,2,0.8451132029593921,0.8557265770784618
9. MAGIC Gamma Telescope,WGAN_GP,Extra Trees,Recall,TRTR,0.9491889699918896,0.005324614293634103,2,0.9453799703852143,0.952997969598565
9. MAGIC Gamma Telescope,WGAN_GP,Extra Trees,Recall,TSTR,0.9146390916463909,0.0084930952473818,2,0.9085634973079596,0.9207146859848222
9. MAGIC Gamma Telescope,WGAN_GP,Gradient Boosting,Accuracy,TRTR,0.871503680336488,0.004754880333623303,2,0.8681022438526824,0.8749051168202935
9. MAGIC Gamma Telescope,WGAN_GP,Gradient Boosting,Accuracy,TSTR,0.8238958990536277,0.005084491682557439,2,0.8202586728150699,0.8275331252921855
9. MAGIC Gamma Telescope,WGAN_GP,Gradient Boosting,F1,TRTR,0.9054465661830223,0.003412111773194277,2,0.9030056884620636,0.907887443903981
9. MAGIC Gamma Telescope,WGAN_GP,Gradient Boosting,F1,TSTR,0.8670602251234035,0.003912162235502267,2,0.8642616328508902,0.8698588173959169
9. MAGIC Gamma Telescope,WGAN_GP,Gradient Boosting,Precision,TRTR,0.8657018185292289,0.004330281185649937,2,0.8626041219782028,0.868799515080255
9. MAGIC Gamma Telescope,WGAN_GP,Gradient Boosting,Precision,TSTR,0.8491376711002665,0.00892523622887385,2,0.8427529417263643,0.8555224004741687
9. MAGIC Gamma Telescope,WGAN_GP,Gradient Boosting,Recall,TRTR,0.9490267639902676,0.003464959015009567,2,0.946548081629914,0.9515054463506213
9. MAGIC Gamma Telescope,WGAN_GP,Gradient Boosting,Recall,TSTR,0.8859691808596917,0.0114176780345672,2,0.8778014660273127,0.8941368956920707
9. MAGIC Gamma Telescope,WGAN_GP,KNN,Accuracy,TRTR,0.8379074658254468,0.004507779858963618,2,0.834682794372662,0.8411321372782317
9. MAGIC Gamma Telescope,WGAN_GP,KNN,Accuracy,TSTR,0.8009200841219769,0.00507578558772894,2,0.7972890858484789,0.8045510823954749
9. MAGIC Gamma Telescope,WGAN_GP,KNN,F1,TRTR,0.8826241418730596,0.003241646753472893,2,0.8803052074811881,0.8849430762649311
9. MAGIC Gamma Telescope,WGAN_GP,KNN,F1,TSTR,0.8558535144859644,0.003308514949537763,2,0.8534867454682469,0.8582202835036818
9. MAGIC Gamma Telescope,WGAN_GP,KNN,Precision,TRTR,0.8317775568030321,0.003706352435629412,2,0.829126191992178,0.8344289216138863
9. MAGIC Gamma Telescope,WGAN_GP,KNN,Precision,TSTR,0.8065745876173654,0.00665133421575951,2,0.8018165097520853,0.8113326654826456
9. MAGIC Gamma Telescope,WGAN_GP,KNN,Recall,TRTR,0.9401054339010544,0.004264853562763534,2,0.9370545414519025,0.9431563263502063
9. MAGIC Gamma Telescope,WGAN_GP,KNN,Recall,TSTR,0.9116382806163829,0.006854163300157187,2,0.9067351075648435,0.9165414536679222
9. MAGIC Gamma Telescope,WGAN_GP,Logistic Regression,Accuracy,TRTR,0.7909043112513143,0.007487454045746446,2,0.7855481092914193,0.7962605132112094
9. MAGIC Gamma Telescope,WGAN_GP,Logistic Regression,Accuracy,TSTR,0.7879863301787592,0.006237821933858366,2,0.783524061180048,0.7924485991774703
9. MAGIC Gamma Telescope,WGAN_GP,Logistic Regression,F1,TRTR,0.847668432927583,0.005352137470117738,2,0.8438397444265353,0.8514971214286307
9. MAGIC Gamma Telescope,WGAN_GP,Logistic Regression,F1,TSTR,0.843667330610792,0.005104429894470709,2,0.840015841434649,0.847318819786935
9. MAGIC Gamma Telescope,WGAN_GP,Logistic Regression,Precision,TRTR,0.8031686059393005,0.005911464695158415,2,0.7989397988451127,0.8073974130334883
9. MAGIC Gamma Telescope,WGAN_GP,Logistic Regression,Precision,TSTR,0.8080913193022601,0.004914473926136851,2,0.8045757164398984,0.8116069221646217
9. MAGIC Gamma Telescope,WGAN_GP,Logistic Regression,Recall,TRTR,0.8974047039740471,0.005825883210403216,2,0.8932371181860037,0.9015722897620906
9. MAGIC Gamma Telescope,WGAN_GP,Logistic Regression,Recall,TSTR,0.8826034063260341,0.01007971965278705,2,0.8753928092619865,0.8898140033900817
9. MAGIC Gamma Telescope,WGAN_GP,MLP,Accuracy,TRTR,0.8779968454258673,0.004971791311697523,2,0.8744402401759117,0.8815534506758229
9. MAGIC Gamma Telescope,WGAN_GP,MLP,Accuracy,TSTR,0.8070977917981071,0.006852884237840432,2,0.8021955337326293,0.812000049863585
9. MAGIC Gamma Telescope,WGAN_GP,MLP,F1,TRTR,0.9088758267099898,0.003784765367811874,2,0.90616836866658,0.9115832847533996
9. MAGIC Gamma Telescope,WGAN_GP,MLP,F1,TSTR,0.8512450012236139,0.005205558895259284,2,0.8475211687183611,0.8549688337288667
9. MAGIC Gamma Telescope,WGAN_GP,MLP,Precision,TRTR,0.8810318248036328,0.005641547066277761,2,0.8769961051493128,0.8850675444579529
9. MAGIC Gamma Telescope,WGAN_GP,MLP,Precision,TSTR,0.8511934272853882,0.00877299647798513,2,0.8449176036686501,0.8574692509021262
9. MAGIC Gamma Telescope,WGAN_GP,MLP,Recall,TRTR,0.9386050283860504,0.007525991405317288,2,0.9332212584598478,0.943988798312253
9. MAGIC Gamma Telescope,WGAN_GP,MLP,Recall,TSTR,0.851419302514193,0.00902979118229802,2,0.8449597790323035,0.8578788259960825
9. MAGIC Gamma Telescope,WGAN_GP,Naive Bayes,Accuracy,TRTR,0.7257360672975814,0.007967555111302515,2,0.7200364217248685,0.7314357128702944
9. MAGIC Gamma Telescope,WGAN_GP,Naive Bayes,Accuracy,TSTR,0.7251840168243953,0.007698604439629246,2,0.719676766972034,0.7306912666767565
9. MAGIC Gamma Telescope,WGAN_GP,Naive Bayes,F1,TRTR,0.8124779522382916,0.005291160531600865,2,0.8086928840113179,0.8162630204652652
9. MAGIC Gamma Telescope,WGAN_GP,Naive Bayes,F1,TSTR,0.8078502247552333,0.005066251222411685,2,0.8042260469558092,0.8114744025546573
9. MAGIC Gamma Telescope,WGAN_GP,Naive Bayes,Precision,TRTR,0.7296703206701984,0.005506255371201605,2,0.725731382864274,0.7336092584761229
9. MAGIC Gamma Telescope,WGAN_GP,Naive Bayes,Precision,TSTR,0.7388659581540775,0.006746059043325123,2,0.7340401182292298,0.7436917980789253
9. MAGIC Gamma Telescope,WGAN_GP,Naive Bayes,Recall,TRTR,0.9165044606650445,0.006059566620638582,2,0.9121697078356743,0.9208392134944148
9. MAGIC Gamma Telescope,WGAN_GP,Naive Bayes,Recall,TSTR,0.8911192214111923,0.007621632655803933,2,0.8856670338559567,0.8965714089664278
9. MAGIC Gamma Telescope,WGAN_GP,Random Forest,Accuracy,TRTR,0.8803364879074657,0.005614590567492112,2,0.8763200517707131,0.8843529240442182
9. MAGIC Gamma Telescope,WGAN_GP,Random Forest,Accuracy,TSTR,0.8331493165089381,0.007503910869719318,2,0.8277813420463634,0.8385172909715127
9. MAGIC Gamma Telescope,WGAN_GP,Random Forest,F1,TRTR,0.9106488531768038,0.004226566446990545,2,0.9076253496803305,0.9136723566732771
9. MAGIC Gamma Telescope,WGAN_GP,Random Forest,F1,TSTR,0.8749196874529848,0.005578826637541241,2,0.8709288352905079,0.8789105396154616
9. MAGIC Gamma Telescope,WGAN_GP,Random Forest,Precision,TRTR,0.8824888616470818,0.004138632657633974,2,0.8795282621940945,0.8854494611000692
9. MAGIC Gamma Telescope,WGAN_GP,Random Forest,Precision,TSTR,0.8511988076482142,0.009850160487660093,2,0.8441524273182731,0.8582451879781553
9. MAGIC Gamma Telescope,WGAN_GP,Random Forest,Recall,TRTR,0.9406731549067315,0.005103853790693737,2,0.937022077850404,0.944324231963059
9. MAGIC Gamma Telescope,WGAN_GP,Random Forest,Recall,TSTR,0.9002027575020277,0.01152326379658764,2,0.8919595111656133,0.9084460038384421
9. MAGIC Gamma Telescope,WGAN_GP,SVM-RBF,Accuracy,TRTR,0.8693743427970556,0.005055868700125186,2,0.8657575922066507,0.8729910933874605
9. MAGIC Gamma Telescope,WGAN_GP,SVM-RBF,Accuracy,TSTR,0.8422450052576236,0.004632157316573207,2,0.8389313595315885,0.8455586509836587
9. MAGIC Gamma Telescope,WGAN_GP,SVM-RBF,F1,TRTR,0.9047102520659258,0.003518066264087735,2,0.9021935790681861,0.9072269250636655
9. MAGIC Gamma Telescope,WGAN_GP,SVM-RBF,F1,TSTR,0.8831010555917909,0.003469029963939733,2,0.8806194610500061,0.8855826501335756
9. MAGIC Gamma Telescope,WGAN_GP,SVM-RBF,Precision,TRTR,0.8582660571793437,0.00511304564749768,2,0.8546084046647726,0.8619237096939147
9. MAGIC Gamma Telescope,WGAN_GP,SVM-RBF,Precision,TSTR,0.8498012422134,0.006384737736596729,2,0.8452338759806012,0.8543686084461989
9. MAGIC Gamma Telescope,WGAN_GP,SVM-RBF,Recall,TRTR,0.9564882400648825,0.003445923249418777,2,0.9540231750709051,0.95895330505886
9. MAGIC Gamma Telescope,WGAN_GP,SVM-RBF,Recall,TSTR,0.9192214111922141,0.008443675442061005,2,0.9131811696528116,0.9252616527316166
